datetime,count
2011-01-20 00:00:00,13.32832580190558
2011-01-20 01:00:00,5.828779067774555
2011-01-20 02:00:00,4.172301983102784
2011-01-20 03:00:00,3.180481394724988
2011-01-20 04:00:00,2.4337822871964483
2011-01-20 05:00:00,6.054816140192244
2011-01-20 06:00:00,34.851681215513956
2011-01-20 07:00:00,90.63159955957589
2011-01-20 08:00:00,187.01673668470593
2011-01-20 09:00:00,107.49913065889461
2011-01-20 10:00:00,37.32293366103079
2011-01-20 11:00:00,53.339375870831525
2011-01-20 12:00:00,73.72481126130774
2011-01-20 13:00:00,61.432794887557804
2011-01-20 14:00:00,68.31766071801157
2011-01-20 15:00:00,81.02401918964974
2011-01-20 16:00:00,90.68267894360292
2011-01-20 17:00:00,176.67803260333773
2011-01-20 18:00:00,160.131169876091
2011-01-20 19:00:00,98.04103710817779
2011-01-20 20:00:00,69.07469750288153
2011-01-20 21:00:00,49.139031970407345
2011-01-20 22:00:00,38.15655356693483
2011-01-20 23:00:00,21.676296573451516
2011-01-21 00:00:00,16.13535508069524
2011-01-21 01:00:00,5.497965049472278
2011-01-21 02:00:00,5.329601012722575
2011-01-21 03:00:00,3.065220094713049
2011-01-21 04:00:00,2.007995444068444
2011-01-21 05:00:00,4.122006582605385
2011-01-21 06:00:00,30.164944786909995
2011-01-21 07:00:00,86.28515729467055
2011-01-21 08:00:00,168.4225336678931
2011-01-21 09:00:00,96.60182898343075
2011-01-21 10:00:00,21.24373482937342
2011-01-21 11:00:00,25.67120689302891
2011-01-21 12:00:00,27.30007185094037
2011-01-21 13:00:00,28.210495652196
2011-01-21 14:00:00,27.936100776535003
2011-01-21 15:00:00,25.672919370912314
2011-01-21 16:00:00,51.80702097738167
2011-01-21 17:00:00,123.34056056427606
2011-01-21 18:00:00,117.64441982774646
2011-01-21 19:00:00,93.7636522210984
2011-01-21 20:00:00,58.5607355505164
2011-01-21 21:00:00,40.90064461853674
2011-01-21 22:00:00,31.803470854035627
2011-01-21 23:00:00,19.33418796023738
2011-01-22 00:00:00,21.767315685273392
2011-01-22 01:00:00,16.162072472810152
2011-01-22 02:00:00,12.4436959219327
2011-01-22 03:00:00,7.45694905271165
2011-01-22 04:00:00,2.231740457401265
2011-01-22 06:00:00,4.185653297263616
2011-01-22 07:00:00,9.05556766431862
2011-01-22 08:00:00,21.41345978687555
2011-01-22 09:00:00,28.94978437673333
2011-01-22 10:00:00,42.961565986811856
2011-01-22 11:00:00,47.46835973271595
2011-01-22 12:00:00,54.153634675428876
2011-01-22 13:00:00,63.991979981043336
2011-01-22 14:00:00,58.894821623606596
2011-01-22 15:00:00,60.873571671090545
2011-01-22 16:00:00,55.65073051081976
2011-01-22 17:00:00,60.73296790037291
2011-01-22 18:00:00,45.40667462988644
2011-01-22 19:00:00,38.151221974624335
2011-01-22 20:00:00,38.35885468625338
2011-01-22 21:00:00,36.56271681946764
2011-01-22 22:00:00,28.81901905387902
2011-01-22 23:00:00,17.65140031200332
2011-01-23 00:00:00,23.125552533332975
2011-01-23 01:00:00,17.469135213045067
2011-01-23 02:00:00,12.920420685072617
2011-01-23 03:00:00,9.97717599466952
2011-01-23 05:00:00,1.9623057284618572
2011-01-23 06:00:00,2.3292222058927763
2011-01-23 07:00:00,8.028633948710178
2011-01-23 08:00:00,18.230988916548807
2011-01-23 09:00:00,25.517166692250207
2011-01-23 10:00:00,48.783236845394335
2011-01-23 11:00:00,52.289742015040694
2011-01-23 12:00:00,60.554393083782784
2011-01-23 13:00:00,58.50220786550624
2011-01-23 14:00:00,62.902673754487225
2011-01-23 15:00:00,62.23374566125651
2011-01-23 16:00:00,62.668210404859046
2011-01-23 17:00:00,58.6021302623041
2011-01-23 18:00:00,51.78432944282452
2011-01-23 19:00:00,40.173478501570926
2011-01-23 20:00:00,36.13706876947644
2011-01-23 21:00:00,27.00446462390135
2011-01-23 22:00:00,19.230946361081998
2011-01-23 23:00:00,15.398394178134398
2011-01-24 00:00:00,10.67190712464261
2011-01-24 01:00:00,4.537540775177952
2011-01-24 03:00:00,2.7021726410895015
2011-01-24 04:00:00,2.4481029890288135
2011-01-24 05:00:00,5.013252979927854
2011-01-24 06:00:00,26.71602380451893
2011-01-24 07:00:00,70.98521529285738
2011-01-24 08:00:00,148.01608086873784
2011-01-24 09:00:00,95.24073555417087
2011-01-24 10:00:00,24.247937454999693
2011-01-24 11:00:00,23.74809844842827
2011-01-24 12:00:00,22.226046109583784
2011-01-24 13:00:00,23.29775353112415
2011-01-24 14:00:00,23.016459600849913
2011-01-24 15:00:00,27.273612498141784
2011-01-24 16:00:00,51.411090054790435
2011-01-24 17:00:00,115.99832327583061
2011-01-24 18:00:00,113.98789365647515
2011-01-24 19:00:00,91.8928961998912
2011-01-24 20:00:00,62.33782409818958
2011-01-24 21:00:00,36.82047304468318
2011-01-24 22:00:00,25.893991332090835
2011-01-24 23:00:00,17.680942755082878
2011-01-25 00:00:00,10.569787459117311
2011-01-25 01:00:00,4.969097305388955
2011-01-25 02:00:00,2.7299419921034733
2011-01-25 04:00:00,2.130680450497076
2011-01-25 05:00:00,5.294559447819827
2011-01-25 06:00:00,31.035384456506385
2011-01-25 07:00:00,69.57892858784183
2011-01-25 08:00:00,145.3074102779669
2011-01-25 09:00:00,100.9846550028855
2011-01-25 10:00:00,34.84147128441094
2011-01-25 11:00:00,44.419916953647686
2011-01-25 12:00:00,53.37343606838776
2011-01-25 13:00:00,57.44250965886054
2011-01-25 14:00:00,69.84777026210618
2011-01-25 15:00:00,76.5112748527822
2011-01-25 16:00:00,99.76818385636344
2011-01-25 17:00:00,174.91927563331657
2011-01-25 18:00:00,171.09879578674713
2011-01-25 19:00:00,115.74670196526243
2011-01-25 20:00:00,77.96546192460428
2011-01-25 21:00:00,48.321414399038915
2011-01-25 22:00:00,33.111963340231746
2011-01-25 23:00:00,18.402150980643658
2011-01-26 00:00:00,13.200079732356333
2011-01-26 01:00:00,5.590039152052477
2011-01-26 02:00:00,3.2454916859907996
2011-01-26 05:00:00,3.998535979816106
2011-01-26 06:00:00,23.032224195908213
2011-01-26 07:00:00,62.03651494569835
2011-01-26 08:00:00,110.74584212018465
2011-01-26 09:00:00,67.36050538637568
2011-01-26 10:00:00,24.65637733214883
2011-01-26 11:00:00,18.925491452090064
2011-01-26 12:00:00,18.84032445285557
2011-01-26 13:00:00,20.29609319718402
2011-01-26 14:00:00,20.290061205255483
2011-01-26 15:00:00,18.630516761661067
2011-01-26 16:00:00,38.89734060656408
2011-01-26 17:00:00,85.8710315039289
2011-01-27 16:00:00,68.82227167724893
2011-01-27 17:00:00,144.34283173505656
2011-01-27 18:00:00,132.07346665144482
2011-01-27 19:00:00,102.7662960340269
2011-01-27 20:00:00,73.17008911039926
2011-01-27 21:00:00,44.8221549913723
2011-01-27 22:00:00,36.58857496171129
2011-01-27 23:00:00,20.725451228786707
2011-01-28 00:00:00,14.736372275621438
2011-01-28 01:00:00,7.072380293349276
2011-01-28 02:00:00,3.425522421856613
2011-01-28 03:00:00,2.434087388645049
2011-01-28 05:00:00,6.444102248687157
2011-01-28 06:00:00,28.486736118224297
2011-01-28 07:00:00,69.53824322895645
2011-01-28 08:00:00,135.23567637099325
2011-01-28 09:00:00,60.70034502607983
2011-01-28 10:00:00,28.293134743071455
2011-01-28 11:00:00,28.778974959491585
2011-01-28 12:00:00,29.875964771077257
2011-01-28 13:00:00,30.641792045499795
2011-01-28 14:00:00,39.178375710069325
2011-01-28 15:00:00,38.45136022102022
2011-01-28 16:00:00,68.22783783468057
2011-01-28 17:00:00,140.29069815262457
2011-01-28 18:00:00,135.71892194879
2011-01-28 19:00:00,103.18382488209043
2011-01-28 20:00:00,75.29785692522465
2011-01-28 21:00:00,45.92137425910388
2011-01-28 22:00:00,36.755497725711734
2011-01-28 23:00:00,22.093595708927186
2011-01-29 00:00:00,24.433297644220314
2011-01-29 01:00:00,19.94265680434504
2011-01-29 02:00:00,15.398885837343228
2011-01-29 03:00:00,9.808512646064997
2011-01-29 04:00:00,3.0548819865561114
2011-01-29 06:00:00,4.431977538955399
2011-01-29 07:00:00,9.67679796988725
2011-01-29 08:00:00,26.62744363202757
2011-01-29 09:00:00,39.46373991523427
2011-01-29 10:00:00,58.858911078631394
2011-01-29 11:00:00,57.28900405876276
2011-01-29 12:00:00,66.21722264198063
2011-01-29 13:00:00,78.24643790676407
2011-01-29 14:00:00,73.32515650514549
2011-01-29 15:00:00,69.84111896448944
2011-01-29 16:00:00,84.48014196165283
2011-01-29 17:00:00,79.95845156508692
2011-01-29 18:00:00,72.85847489313556
2011-01-29 19:00:00,54.913102918644924
2011-01-29 20:00:00,50.94719947478237
2011-01-29 21:00:00,38.09685013131753
2011-01-29 22:00:00,28.790371230856948
2011-01-29 23:00:00,19.813086657419362
2011-01-30 00:00:00,25.404066054982952
2011-01-30 01:00:00,23.83914555000055
2011-01-30 02:00:00,15.937218135923429
2011-01-30 03:00:00,10.555936509907884
2011-01-30 04:00:00,3.5638716113640414
2011-01-30 05:00:00,2.600258249941629
2011-01-30 07:00:00,7.413872060157164
2011-01-30 08:00:00,18.570049790348897
2011-01-30 09:00:00,30.729278723395517
2011-01-30 10:00:00,55.826104387179775
2011-01-30 11:00:00,60.46389339792139
2011-01-30 12:00:00,92.90355008180617
2011-01-30 13:00:00,81.98685531409603
2011-01-30 14:00:00,86.50760770222293
2011-01-30 15:00:00,100.38101297095675
2011-01-30 16:00:00,100.31751972258502
2011-01-30 17:00:00,82.29395325549618
2011-01-30 18:00:00,71.93061791001014
2011-01-30 19:00:00,55.514089313405776
2011-01-30 20:00:00,49.9567489457437
2011-01-30 21:00:00,29.62233035493024
2011-01-30 22:00:00,19.515278131348822
2011-01-30 23:00:00,15.674442852875377
2011-01-31 00:00:00,13.942280053442826
2011-01-31 01:00:00,3.99208000890016
2011-01-31 02:00:00,3.136939789304871
2011-01-31 03:00:00,2.43865105912795
2011-01-31 04:00:00,1.9929774468507495
2011-01-31 05:00:00,3.110279416462127
2011-01-31 06:00:00,29.938104115333736
2011-01-31 07:00:00,67.09276390934232
2011-01-31 08:00:00,128.36546341287254
2011-01-31 09:00:00,71.6584803189627
2011-01-31 10:00:00,22.05635556074101
2011-01-31 11:00:00,21.864087623153633
2011-01-31 12:00:00,29.194547372870506
2011-01-31 13:00:00,33.097042824655546
2011-01-31 14:00:00,27.433862158821622
2011-01-31 15:00:00,25.11277683749432
2011-01-31 16:00:00,52.959728071595954
2011-01-31 17:00:00,120.12955712154091
2011-01-31 18:00:00,118.64167347114349
2011-01-31 19:00:00,125.29526229828396
2011-01-31 20:00:00,70.70061449110666
2011-01-31 21:00:00,41.137945356013695
2011-01-31 22:00:00,28.379809714851504
2011-01-31 23:00:00,17.11926129494064
2011-02-20 00:00:00,30.93052842032669
2011-02-20 01:00:00,23.187653362524898
2011-02-20 02:00:00,12.825581238431937
2011-02-20 03:00:00,8.294396283217127
2011-02-20 04:00:00,1.7787017633203328
2011-02-20 06:00:00,3.5513957136915852
2011-02-20 07:00:00,9.382264979339396
2011-02-20 08:00:00,22.394284418498845
2011-02-20 09:00:00,40.04162410697711
2011-02-20 10:00:00,87.81639317865972
2011-02-20 11:00:00,99.0474117583075
2011-02-20 12:00:00,109.63830273119511
2011-02-20 13:00:00,136.5515659283365
2011-02-20 14:00:00,116.50782486560492
2011-02-20 15:00:00,120.7198545006678
2011-02-20 16:00:00,125.09590494766475
2011-02-20 17:00:00,111.10870124405628
2011-02-20 18:00:00,99.09216613228423
2011-02-20 19:00:00,85.68162856945929
2011-02-20 20:00:00,66.82441915819784
2011-02-20 21:00:00,51.405042611860345
2011-02-20 22:00:00,43.39973353670579
2011-02-20 23:00:00,33.496901285822936
2011-02-21 00:00:00,18.949781691195334
2011-02-21 01:00:00,10.387372200744302
2011-02-21 02:00:00,9.507386237671199
2011-02-21 03:00:00,4.317404123749341
2011-02-21 04:00:00,3.4331260571269056
2011-02-21 05:00:00,4.7195683414286265
2011-02-21 06:00:00,15.43958830235994
2011-02-21 07:00:00,47.835686947703344
2011-02-21 08:00:00,77.62742993366679
2011-02-21 09:00:00,78.5030152123569
2011-02-21 10:00:00,77.1146523579084
2011-02-21 11:00:00,83.86292115480715
2011-02-21 12:00:00,88.87959507672811
2011-02-21 13:00:00,42.17041828671321
2011-02-21 14:00:00,84.69210589409245
2011-02-21 15:00:00,69.11133428843313
2011-02-21 16:00:00,59.72225489940917
2011-02-21 17:00:00,95.71928586482377
2011-02-21 18:00:00,69.99808166790439
2011-02-21 19:00:00,58.01026611313183
2011-02-21 20:00:00,43.14291027225147
2011-02-21 21:00:00,32.24813784811231
2011-02-21 22:00:00,20.279455712699523
2011-02-21 23:00:00,12.448715097309769
2011-02-22 06:00:00,30.077262516175043
2011-02-22 07:00:00,77.18067543349625
2011-02-22 08:00:00,161.8612619447754
2011-02-22 09:00:00,90.37079578261185
2011-02-22 10:00:00,26.03884744292684
2011-02-22 11:00:00,31.577425812980863
2011-02-22 12:00:00,30.600282618934383
2011-02-22 13:00:00,37.373050057003034
2011-02-22 14:00:00,38.32994023665819
2011-02-22 15:00:00,52.42465509417565
2011-02-22 16:00:00,66.23774674093293
2011-02-22 17:00:00,143.68189003342374
2011-02-22 18:00:00,141.35835501344886
2011-02-22 19:00:00,101.08317213003723
2011-02-22 20:00:00,78.26218688744208
2011-02-22 21:00:00,56.94417276091914
2011-02-22 22:00:00,32.69832385291194
2011-02-22 23:00:00,19.44208179891448
2011-02-23 00:00:00,12.710063058224252
2011-02-23 01:00:00,6.168673802298221
2011-02-23 02:00:00,2.5625306241193533
2011-02-23 03:00:00,1.7908578397813524
2011-02-23 05:00:00,5.985103430481286
2011-02-23 06:00:00,30.67594624164857
2011-02-23 07:00:00,75.81416161177843
2011-02-23 08:00:00,172.76327800314908
2011-02-23 09:00:00,111.33822818540838
2011-02-23 10:00:00,35.814658671227576
2011-02-23 11:00:00,50.59401943149702
2011-02-23 12:00:00,58.8148529175827
2011-02-23 13:00:00,69.03261959880199
2011-02-23 14:00:00,81.69782732366389
2011-02-23 15:00:00,78.75943491001472
2011-02-23 16:00:00,107.1346226057326
2011-02-23 17:00:00,187.93714614824796
2011-02-23 18:00:00,183.08734477933479
2011-02-23 19:00:00,142.02860919561834
2011-02-23 20:00:00,80.39238999826699
2011-02-23 21:00:00,62.98192342670058
2011-02-23 22:00:00,47.170662108897645
2011-02-23 23:00:00,27.740740392998294
2011-02-24 00:00:00,13.035954545937496
2011-02-24 01:00:00,6.4435873160702295
2011-02-24 02:00:00,2.9817437941136204
2011-02-24 03:00:00,2.1895834440494055
2011-02-24 05:00:00,6.627782337803963
2011-02-24 06:00:00,34.693419335741204
2011-02-24 07:00:00,91.98448202906033
2011-02-24 08:00:00,213.62468273987042
2011-02-24 09:00:00,107.59014862064126
2011-02-24 10:00:00,39.88709461942223
2011-02-24 11:00:00,60.67702838643432
2011-02-24 12:00:00,80.15741830817393
2011-02-24 13:00:00,84.13609094450983
2011-02-24 14:00:00,84.65649818486564
2011-02-24 15:00:00,22.973260161857073
2011-02-24 16:00:00,39.7391867341812
2011-02-24 17:00:00,70.5500190498397
2011-02-24 18:00:00,115.63553604032845
2011-02-24 19:00:00,63.95370971495584
2011-02-24 20:00:00,62.991703682877365
2011-02-24 21:00:00,54.27360911487786
2011-02-24 22:00:00,32.07420530859283
2011-02-24 23:00:00,33.36488845099414
2011-02-25 00:00:00,14.200061899867224
2011-02-25 01:00:00,9.153201491611634
2011-02-25 02:00:00,6.604187458161612
2011-02-25 03:00:00,2.8987053683373736
2011-02-25 05:00:00,7.223533170876408
2011-02-25 06:00:00,25.901734084536706
2011-02-25 07:00:00,48.71909647716489
2011-02-25 08:00:00,66.9159495557604
2011-02-25 09:00:00,51.84860831187886
2011-02-25 10:00:00,36.24222838262043
2011-02-25 11:00:00,112.11347054619281
2011-02-25 12:00:00,55.233193753107045
2011-02-25 13:00:00,52.636694434046746
2011-02-25 14:00:00,53.75865770752799
2011-02-25 15:00:00,178.9253775670875
2011-02-25 16:00:00,96.02325555663458
2011-02-25 17:00:00,172.37245776929421
2011-02-25 18:00:00,157.01076046792048
2011-02-25 19:00:00,115.03957505532061
2011-02-25 20:00:00,69.9793015311221
2011-02-25 21:00:00,52.91468963556535
2011-02-25 22:00:00,40.939393479778104
2011-02-25 23:00:00,25.692271030337068
2011-02-26 00:00:00,29.99892871876269
2011-02-26 01:00:00,21.58459490383709
2011-02-26 02:00:00,12.935998723466813
2011-02-26 03:00:00,11.74827008070428
2011-02-26 04:00:00,3.0652015265221113
2011-02-26 05:00:00,2.5946197166801652
2011-02-26 06:00:00,5.35631702269357
2011-02-26 07:00:00,9.39090289845974
2011-02-26 08:00:00,26.660889764849514
2011-02-26 09:00:00,48.0432769575163
2011-02-26 10:00:00,91.92230094583479
2011-02-26 11:00:00,108.72486645263045
2011-02-26 12:00:00,115.29000729385602
2011-02-26 13:00:00,122.82785946241316
2011-02-26 14:00:00,117.85830146603973
2011-02-26 15:00:00,116.30382653241026
2011-02-26 16:00:00,114.2403763676402
2011-02-26 17:00:00,120.81637389537771
2011-02-26 18:00:00,102.15718114319859
2011-02-26 19:00:00,77.18734062132557
2011-02-26 20:00:00,59.49120636589846
2011-02-26 21:00:00,45.06314871276085
2011-02-26 22:00:00,44.637856938013
2011-02-26 23:00:00,37.96946426194293
2011-02-27 00:00:00,32.58995700516056
2011-02-27 01:00:00,29.893088689527005
2011-02-27 02:00:00,19.72619987774711
2011-02-27 03:00:00,12.507080365908546
2011-02-27 04:00:00,3.111478754275857
2011-02-27 06:00:00,4.202284253908957
2011-02-27 07:00:00,9.590294872744039
2011-02-27 08:00:00,24.63509346615024
2011-02-27 09:00:00,39.73346036686635
2011-02-27 10:00:00,76.491017849329
2011-02-27 11:00:00,106.58456637705739
2011-02-27 12:00:00,112.69742414073207
2011-02-27 13:00:00,127.18737352629563
2011-02-27 14:00:00,137.39182895158075
2011-02-27 15:00:00,202.20470865389836
2011-02-27 16:00:00,220.53970139139074
2011-02-27 17:00:00,127.27775987516927
2011-02-27 18:00:00,109.46022697571865
2011-02-27 19:00:00,99.04034471609137
2011-02-27 20:00:00,69.0060850264126
2011-02-27 21:00:00,67.61961323441083
2011-02-27 22:00:00,63.156532804070295
2011-02-27 23:00:00,38.733873648701845
2011-02-28 00:00:00,18.145721305864054
2011-02-28 01:00:00,3.9901573975394635
2011-02-28 03:00:00,2.8834092781111704
2011-02-28 05:00:00,7.301717794835027
2011-02-28 06:00:00,37.072666340638264
2011-02-28 07:00:00,71.99148142710203
2011-02-28 08:00:00,146.50997409844626
2011-02-28 09:00:00,96.43776558815696
2011-02-28 10:00:00,80.07769338820563
2011-02-28 11:00:00,86.97518426144231
2011-02-28 12:00:00,109.19018255230155
2011-02-28 13:00:00,42.954889712154696
2011-02-28 14:00:00,33.20688557809079
2011-02-28 15:00:00,33.9768763064649
2011-02-28 16:00:00,38.9272013123298
2011-02-28 17:00:00,43.8764636159256
2011-02-28 18:00:00,68.9209646370039
2011-02-28 19:00:00,50.00293346596652
2011-02-28 20:00:00,51.64627551978661
2011-02-28 21:00:00,73.81360718964068
2011-02-28 22:00:00,34.69024765210593
2011-02-28 23:00:00,26.427621440035363
2011-03-20 00:00:00,37.313807760737845
2011-03-20 01:00:00,34.35502977880581
2011-03-20 02:00:00,19.811616328624435
2011-03-20 03:00:00,11.863207040959182
2011-03-20 04:00:00,1.9305659242458757
2011-03-20 05:00:00,2.157021009149109
2011-03-20 06:00:00,5.27722117257623
2011-03-20 07:00:00,16.191107026012048
2011-03-20 08:00:00,37.126419796377164
2011-03-20 09:00:00,61.45911235770885
2011-03-20 10:00:00,115.54953780102835
2011-03-20 11:00:00,123.85241437685144
2011-03-20 12:00:00,131.38392557929038
2011-03-20 13:00:00,124.77304290565898
2011-03-20 14:00:00,124.28935674565419
2011-03-20 15:00:00,120.10211968937216
2011-03-20 16:00:00,126.88963992509122
2011-03-20 17:00:00,126.02498595549919
2011-03-20 18:00:00,128.24444412117333
2011-03-20 19:00:00,100.62485258446213
2011-03-20 20:00:00,83.36397945221671
2011-03-20 21:00:00,49.85889813799423
2011-03-20 22:00:00,47.702838660300145
2011-03-20 23:00:00,33.88112806345326
2011-03-21 00:00:00,8.711270508973193
2011-03-21 01:00:00,4.575753308132731
2011-03-21 02:00:00,3.9290751783865296
2011-03-21 03:00:00,2.901030329386057
2011-03-21 05:00:00,7.176669922935528
2011-03-21 06:00:00,29.565335097980494
2011-03-21 07:00:00,64.14706141969245
2011-03-21 08:00:00,229.20877937899118
2011-03-21 09:00:00,105.71881565937586
2011-03-21 10:00:00,76.25532849399285
2011-03-21 11:00:00,84.46352558107793
2011-03-21 12:00:00,93.7590399735555
2011-03-21 13:00:00,118.663099960667
2011-03-21 14:00:00,123.30907179551811
2011-03-21 15:00:00,130.53456282768389
2011-03-21 16:00:00,172.37018965909283
2011-03-21 17:00:00,275.6948276741075
2011-03-21 18:00:00,266.10145871800535
2011-03-21 19:00:00,233.4600253178865
2011-03-21 20:00:00,157.77309283514475
2011-03-21 21:00:00,89.0489579867725
2011-03-21 22:00:00,81.70426476041331
2011-03-21 23:00:00,49.74651506070309
2011-03-22 00:00:00,26.19283329168858
2011-03-22 01:00:00,5.57074808364527
2011-03-22 02:00:00,6.974620693396684
2011-03-22 03:00:00,4.3723178867999115
2011-03-22 04:00:00,4.286943639397489
2011-03-22 05:00:00,10.662728344992257
2011-03-22 06:00:00,49.29936321132407
2011-03-22 07:00:00,86.48105632414801
2011-03-22 08:00:00,145.15026252522003
2011-03-22 09:00:00,110.23319434494138
2011-03-22 10:00:00,89.29511942743656
2011-03-22 11:00:00,98.09166673563146
2011-03-22 12:00:00,117.5257410582604
2011-03-22 13:00:00,123.15248335456694
2011-03-22 14:00:00,124.36937801270626
2011-03-22 15:00:00,126.72729318132974
2011-03-22 16:00:00,179.87087348933747
2011-03-22 17:00:00,320.1946967893946
2011-03-22 18:00:00,294.8298183640557
2011-03-22 19:00:00,175.10504108871706
2011-03-22 20:00:00,128.88447110604275
2011-03-22 21:00:00,99.29850748310409
2011-03-22 22:00:00,77.90475658364429
2011-03-22 23:00:00,39.28869679560229
2011-03-23 00:00:00,13.195551332521289
2011-03-23 01:00:00,6.021097519831622
2011-03-23 02:00:00,4.595475239898867
2011-03-23 03:00:00,3.3247400306184494
2011-03-23 05:00:00,7.785976853568079
2011-03-23 06:00:00,46.80828871756529
2011-03-23 07:00:00,104.40114391633833
2011-03-23 08:00:00,206.05640866403337
2011-03-23 09:00:00,126.31924424580849
2011-03-23 10:00:00,57.222433910741124
2011-03-23 11:00:00,60.10227836563979
2011-03-23 12:00:00,54.70752749999824
2011-03-23 13:00:00,51.734041492054644
2011-03-23 14:00:00,70.68589840812923
2011-03-23 15:00:00,80.27756210898002
2011-03-23 16:00:00,125.95463837200683
2011-03-23 17:00:00,169.16122175700008
2011-03-23 18:00:00,94.48178892946999
2011-03-23 19:00:00,85.44385831172609
2011-03-23 20:00:00,43.69418445397915
2011-03-23 21:00:00,37.58989011016219
2011-03-23 22:00:00,35.63702990731256
2011-03-23 23:00:00,27.113505929949486
2011-03-24 00:00:00,14.250220095127245
2011-03-24 01:00:00,4.890573007144411
2011-03-24 02:00:00,4.279373132456169
2011-03-24 03:00:00,2.8366196016699257
2011-03-24 04:00:00,2.299910466292847
2011-03-24 05:00:00,8.189684923139612
2011-03-24 06:00:00,43.06032706118096
2011-03-24 07:00:00,61.295312121898064
2011-03-24 08:00:00,94.13460126576936
2011-03-24 09:00:00,121.67473380031143
2011-03-24 10:00:00,36.95148361013115
2011-03-24 11:00:00,44.13006934263779
2011-03-24 12:00:00,59.930853354987434
2011-03-24 13:00:00,82.37387081338639
2011-03-24 14:00:00,78.76131250228039
2011-03-24 15:00:00,68.86110701633334
2011-03-24 16:00:00,97.45475957959775
2011-03-24 17:00:00,190.95921003325338
2011-03-24 18:00:00,175.39222263071537
2011-03-24 19:00:00,122.07474769745451
2011-03-24 20:00:00,83.30197281672594
2011-03-24 21:00:00,58.82896158087497
2011-03-24 22:00:00,48.70594713214329
2011-03-24 23:00:00,28.854854605126746
2011-03-25 00:00:00,16.02815627380774
2011-03-25 01:00:00,6.223319183979868
2011-03-25 02:00:00,3.4114509889948277
2011-03-25 03:00:00,2.8774948844778367
2011-03-25 04:00:00,2.216894458247982
2011-03-25 05:00:00,7.857685221138556
2011-03-25 06:00:00,32.24241961915609
2011-03-25 07:00:00,106.49416523811092
2011-03-25 08:00:00,229.7900821839132
2011-03-25 09:00:00,134.808419015627
2011-03-25 10:00:00,68.67199353682277
2011-03-25 11:00:00,64.80206675294022
2011-03-25 12:00:00,87.41539667204816
2011-03-25 13:00:00,93.85475892028163
2011-03-25 14:00:00,89.9767326115619
2011-03-25 15:00:00,86.0206353410918
2011-03-25 16:00:00,115.57191776351445
2011-03-25 17:00:00,193.8926843610609
2011-03-25 18:00:00,197.99848774659205
2011-03-25 19:00:00,149.60088589546234
2011-03-25 20:00:00,89.1228075209321
2011-03-25 21:00:00,65.64712448947743
2011-03-25 22:00:00,47.1854498489752
2011-03-25 23:00:00,31.332020003544727
2011-03-26 00:00:00,31.69266719191676
2011-03-26 01:00:00,24.401872518824074
2011-03-26 02:00:00,16.486828619648225
2011-03-26 03:00:00,9.522051274701345
2011-03-26 04:00:00,2.4495874035227625
2011-03-26 05:00:00,2.3316856038981797
2011-03-26 06:00:00,9.827363985128468
2011-03-26 07:00:00,18.427217602708495
2011-03-26 08:00:00,44.776303018792845
2011-03-26 09:00:00,61.29274647093589
2011-03-26 10:00:00,100.6219991512696
2011-03-26 11:00:00,105.34056978492352
2011-03-26 12:00:00,116.49455194452827
2011-03-26 13:00:00,131.00922403608894
2011-03-26 14:00:00,135.77937532657614
2011-03-26 15:00:00,138.81724241860204
2011-03-26 16:00:00,142.25792611131115
2011-03-26 17:00:00,120.74068374970972
2011-03-26 18:00:00,109.52650672575555
2011-03-26 19:00:00,69.20582761312748
2011-03-26 20:00:00,60.96445732629468
2011-03-26 21:00:00,51.19395805417454
2011-03-26 22:00:00,46.518697849839654
2011-03-26 23:00:00,31.872667990036085
2011-03-27 00:00:00,34.59010970986354
2011-03-27 01:00:00,25.67093782995309
2011-03-27 02:00:00,18.992972106326956
2011-03-27 03:00:00,10.514212820031936
2011-03-27 04:00:00,3.5673250587330645
2011-03-27 06:00:00,7.5925541964012755
2011-03-27 07:00:00,17.84933231875018
2011-03-27 08:00:00,37.827013055168266
2011-03-27 09:00:00,51.104587283765724
2011-03-27 10:00:00,82.2954189817999
2011-03-27 11:00:00,96.56079951052325
2011-03-27 12:00:00,107.83265423418807
2011-03-27 13:00:00,118.57419352880657
2011-03-27 14:00:00,131.47566353825007
2011-03-27 15:00:00,129.39996171993215
2011-03-27 16:00:00,152.77656063367084
2011-03-27 17:00:00,123.4867425376817
2011-03-27 18:00:00,97.75599400364582
2011-03-27 19:00:00,71.3042776186985
2011-03-27 20:00:00,56.607454029618104
2011-03-27 21:00:00,41.12918704870766
2011-03-27 22:00:00,40.060498105927344
2011-03-27 23:00:00,30.445336775524293
2011-03-28 00:00:00,13.024855149593556
2011-03-28 01:00:00,4.795825091750526
2011-03-28 02:00:00,3.3426527672675777
2011-03-28 03:00:00,2.3635441555005787
2011-03-28 05:00:00,5.578831361709918
2011-03-28 06:00:00,35.60806731358474
2011-03-28 07:00:00,103.57314090750495
2011-03-28 08:00:00,203.5106335171032
2011-03-28 09:00:00,122.32272126251718
2011-03-28 10:00:00,57.90625897964762
2011-03-28 11:00:00,48.27745271967779
2011-03-28 12:00:00,64.58830809532083
2011-03-28 13:00:00,65.5928455523588
2011-03-28 14:00:00,73.56843562070671
2011-03-28 15:00:00,66.63115453711418
2011-03-28 16:00:00,110.54846923432022
2011-03-28 17:00:00,217.36101429073108
2011-03-28 18:00:00,208.9249791886677
2011-03-28 19:00:00,153.21855964093652
2011-03-28 20:00:00,99.37603448953922
2011-03-28 21:00:00,74.56749952279345
2011-03-28 22:00:00,52.67530117148374
2011-03-28 23:00:00,26.32724998618928
2011-03-29 00:00:00,12.741310921306246
2011-03-29 01:00:00,3.2296670082548
2011-03-29 02:00:00,3.8640603913103604
2011-03-29 03:00:00,3.0350531069056808
2011-03-29 04:00:00,1.8887418409229135
2011-03-29 05:00:00,6.775638947346735
2011-03-29 06:00:00,38.50534187559167
2011-03-29 07:00:00,111.57699952833858
2011-03-29 08:00:00,227.72300732737062
2011-03-29 09:00:00,130.84291960317321
2011-03-29 10:00:00,53.533965949827504
2011-03-29 11:00:00,64.46618660170655
2011-03-29 12:00:00,84.06245775394993
2011-03-29 13:00:00,73.86146512202158
2011-03-29 14:00:00,83.77454278415765
2011-03-29 15:00:00,98.71317907260388
2011-03-29 16:00:00,119.64097256086598
2011-03-29 17:00:00,184.1782489504783
2011-03-29 18:00:00,195.17216304822125
2011-03-29 19:00:00,155.8892635459699
2011-03-29 20:00:00,106.89595422668802
2011-03-29 21:00:00,85.2224325715032
2011-03-29 22:00:00,66.87456942811903
2011-03-29 23:00:00,26.900933065223956
2011-03-30 00:00:00,16.980319336916043
2011-03-30 01:00:00,7.841808218989903
2011-03-30 02:00:00,5.194037152956136
2011-03-30 03:00:00,3.8758771245594033
2011-03-30 04:00:00,3.490659179336955
2011-03-30 05:00:00,8.53303714029978
2011-03-30 06:00:00,47.64389684922619
2011-03-30 07:00:00,109.6174304811576
2011-03-30 08:00:00,216.6411816617442
2011-03-30 09:00:00,138.6046041869779
2011-03-30 10:00:00,73.10006973472363
2011-03-30 11:00:00,72.00077695168953
2011-03-30 12:00:00,84.68742732477804
2011-03-30 13:00:00,85.52194513738328
2011-03-30 14:00:00,78.56585908729654
2011-03-30 15:00:00,28.512293625984785
2011-03-30 16:00:00,45.79337993062813
2011-03-30 17:00:00,94.41130756857225
2011-03-30 18:00:00,127.6220224261694
2011-03-30 19:00:00,91.49241728355875
2011-03-30 20:00:00,53.892805171485634
2011-03-30 21:00:00,54.321628152692824
2011-03-30 22:00:00,29.539790956536482
2011-03-30 23:00:00,20.459440263675035
2011-03-31 00:00:00,7.445973323162611
2011-03-31 01:00:00,5.119702609937863
2011-03-31 02:00:00,3.773826365028054
2011-03-31 03:00:00,2.9467976860148566
2011-03-31 04:00:00,2.557398501852437
2011-03-31 05:00:00,7.336839850861055
2011-03-31 06:00:00,28.456155156427343
2011-03-31 07:00:00,61.520486181991934
2011-03-31 08:00:00,182.45889101707775
2011-03-31 09:00:00,62.03092507117429
2011-03-31 10:00:00,30.95493490169048
2011-03-31 11:00:00,33.9538193634023
2011-03-31 12:00:00,36.80708650694909
2011-03-31 13:00:00,39.60627423535635
2011-03-31 14:00:00,39.05620426793065
2011-03-31 15:00:00,25.35248831713123
2011-03-31 16:00:00,76.0046371661203
2011-03-31 17:00:00,161.58098584350583
2011-03-31 18:00:00,158.97348038977853
2011-03-31 19:00:00,122.0086212626882
2011-03-31 20:00:00,51.21970330702927
2011-03-31 21:00:00,57.49029797884382
2011-03-31 22:00:00,31.89730287866284
2011-03-31 23:00:00,28.94931406898048
2011-04-20 00:00:00,25.64060779821414
2011-04-20 01:00:00,7.001607840155388
2011-04-20 02:00:00,7.028864176658969
2011-04-20 03:00:00,4.093711968487742
2011-04-20 04:00:00,3.9647399305162576
2011-04-20 05:00:00,13.302929088002966
2011-04-20 06:00:00,53.49533588895942
2011-04-20 07:00:00,107.81722318198418
2011-04-20 08:00:00,265.45029195926537
2011-04-20 09:00:00,151.7009847728512
2011-04-20 10:00:00,110.62246222828593
2011-04-20 11:00:00,115.57046312108287
2011-04-20 12:00:00,143.9483984490704
2011-04-20 13:00:00,148.3795786978764
2011-04-20 14:00:00,147.8511113961124
2011-04-20 15:00:00,147.97605529656792
2011-04-20 16:00:00,188.96046207244655
2011-04-20 17:00:00,345.5612271574915
2011-04-20 18:00:00,354.4517303179441
2011-04-20 19:00:00,275.39763048124087
2011-04-20 20:00:00,173.7821885149487
2011-04-20 21:00:00,143.001514968546
2011-04-20 22:00:00,120.16491890420859
2011-04-20 23:00:00,80.31270294464402
2011-04-21 00:00:00,28.418988226119346
2011-04-21 01:00:00,14.422049085030038
2011-04-21 02:00:00,10.395010151179743
2011-04-21 03:00:00,4.636524485034199
2011-04-21 04:00:00,4.252667677995858
2011-04-21 05:00:00,7.951244505240289
2011-04-21 06:00:00,49.836405324008375
2011-04-21 07:00:00,99.76612908184565
2011-04-21 08:00:00,146.17445589407544
2011-04-21 09:00:00,124.90746651557978
2011-04-21 10:00:00,101.87498229158737
2011-04-21 11:00:00,118.26772904185808
2011-04-21 12:00:00,136.98687403597785
2011-04-21 13:00:00,131.82804447322263
2011-04-21 14:00:00,132.79533816561505
2011-04-21 15:00:00,135.09798296189206
2011-04-21 16:00:00,188.87579287243122
2011-04-21 17:00:00,340.0608076588711
2011-04-21 18:00:00,316.4940729828102
2011-04-21 19:00:00,215.28941373356267
2011-04-21 20:00:00,170.87824045269784
2011-04-21 21:00:00,111.33127742394302
2011-04-21 22:00:00,95.07859980522149
2011-04-21 23:00:00,47.44536884939174
2011-04-22 00:00:00,26.222310233069418
2011-04-22 01:00:00,10.572993958561113
2011-04-22 02:00:00,9.465443444978892
2011-04-22 03:00:00,4.790765033349082
2011-04-22 04:00:00,4.14074210836218
2011-04-22 05:00:00,9.87242053979396
2011-04-22 06:00:00,50.855535324763785
2011-04-22 07:00:00,115.82713429820635
2011-04-22 08:00:00,172.7283504045522
2011-04-22 09:00:00,68.76807198378253
2011-04-22 10:00:00,85.53055400817799
2011-04-22 11:00:00,61.82630966520002
2011-04-22 12:00:00,71.18650147940107
2011-04-22 13:00:00,54.4500732806739
2011-04-22 14:00:00,25.591488148271104
2011-04-22 15:00:00,57.302540104742135
2011-04-22 16:00:00,81.91156499042543
2011-04-22 17:00:00,79.76105268254047
2011-04-22 18:00:00,79.35229691675389
2011-04-22 19:00:00,59.330112743608055
2011-04-22 20:00:00,53.85167136542454
2011-04-22 21:00:00,42.35790300753402
2011-04-22 22:00:00,35.63572015816869
2011-04-22 23:00:00,34.255259991212625
2011-04-23 00:00:00,29.007079897894638
2011-04-23 01:00:00,26.503768156690594
2011-04-23 02:00:00,20.973466152272092
2011-04-23 03:00:00,15.284791542416208
2011-04-23 04:00:00,4.53187573163269
2011-04-23 05:00:00,4.643453255345188
2011-04-23 06:00:00,10.890546063503296
2011-04-23 07:00:00,37.534837174508205
2011-04-23 08:00:00,37.82849528536644
2011-04-23 09:00:00,55.33746996642487
2011-04-23 10:00:00,87.30088689116619
2011-04-23 11:00:00,100.21196054456917
2011-04-23 12:00:00,117.52933170203063
2011-04-23 13:00:00,126.61808782447135
2011-04-23 14:00:00,197.72903653087383
2011-04-23 15:00:00,215.75285333471064
2011-04-23 16:00:00,223.37471577730298
2011-04-23 17:00:00,267.59541227217994
2011-04-23 18:00:00,242.70572839086805
2011-04-23 19:00:00,146.85386746400803
2011-04-23 20:00:00,105.23964524825489
2011-04-23 21:00:00,111.24186821233263
2011-04-23 22:00:00,97.16717717727184
2011-04-23 23:00:00,70.2376800174458
2011-04-24 00:00:00,39.992549204091574
2011-04-24 01:00:00,30.123317308888268
2011-04-24 02:00:00,28.759778116839385
2011-04-24 03:00:00,19.486744670206875
2011-04-24 04:00:00,6.274891183876566
2011-04-24 05:00:00,6.696337727214355
2011-04-24 06:00:00,9.768420392425881
2011-04-24 07:00:00,41.21069445964402
2011-04-24 08:00:00,67.1340362847638
2011-04-24 09:00:00,94.10458566882254
2011-04-24 10:00:00,197.63899933592657
2011-04-24 11:00:00,276.93259577286426
2011-04-24 12:00:00,287.5846273199801
2011-04-24 13:00:00,299.21859702602734
2011-04-24 14:00:00,305.64325015096824
2011-04-24 15:00:00,297.69927590588344
2011-04-24 16:00:00,288.0900423703349
2011-04-24 17:00:00,306.38654054113897
2011-04-24 18:00:00,283.7074190755807
2011-04-24 19:00:00,139.75562595831892
2011-04-24 20:00:00,104.70418789859062
2011-04-24 21:00:00,52.301667590396384
2011-04-24 22:00:00,30.239855349827373
2011-04-24 23:00:00,35.12562356606161
2011-04-25 00:00:00,18.7387282593282
2011-04-25 01:00:00,7.695123438056592
2011-04-25 02:00:00,5.778564049056085
2011-04-25 03:00:00,3.9760654699463394
2011-04-25 04:00:00,4.16554351820793
2011-04-25 05:00:00,12.938353588193802
2011-04-25 06:00:00,55.31573042705889
2011-04-25 07:00:00,108.78811412878817
2011-04-25 08:00:00,200.42618228043548
2011-04-25 09:00:00,125.20737493181316
2011-04-25 10:00:00,98.54029193410543
2011-04-25 11:00:00,105.40416259714813
2011-04-25 12:00:00,127.71248383708395
2011-04-25 13:00:00,145.3994397927119
2011-04-25 14:00:00,157.00569755235085
2011-04-25 15:00:00,158.93676260013342
2011-04-25 16:00:00,190.1449571786198
2011-04-25 17:00:00,374.5440679903173
2011-04-25 18:00:00,376.743797331523
2011-04-25 19:00:00,287.7183028114567
2011-04-25 20:00:00,170.49241093175823
2011-04-25 21:00:00,151.95434057469302
2011-04-25 22:00:00,102.55286101767415
2011-04-25 23:00:00,52.65770588236478
2011-04-26 00:00:00,26.498735127231768
2011-04-26 01:00:00,10.286327110970408
2011-04-26 02:00:00,5.76644211136767
2011-04-26 03:00:00,3.97951116800895
2011-04-26 04:00:00,3.8202464056507868
2011-04-26 05:00:00,9.568706868005759
2011-04-26 06:00:00,54.054113216903374
2011-04-26 07:00:00,143.67687749522946
2011-04-26 08:00:00,206.54564036867464
2011-04-26 09:00:00,133.31105832397367
2011-04-26 10:00:00,97.83517525663586
2011-04-26 11:00:00,111.56929068448126
2011-04-26 12:00:00,131.36969456336965
2011-04-26 13:00:00,145.4460974730882
2011-04-26 14:00:00,144.98025618524758
2011-04-26 15:00:00,141.17912770538908
2011-04-26 16:00:00,186.83343426604154
2011-04-26 17:00:00,382.59199163553194
2011-04-26 18:00:00,377.16838303329143
2011-04-26 19:00:00,253.71612683732366
2011-04-26 20:00:00,159.14172561428754
2011-04-26 21:00:00,140.21636866973353
2011-04-26 22:00:00,105.81524408242093
2011-04-26 23:00:00,49.414011046407865
2011-04-27 00:00:00,24.479255572966554
2011-04-27 01:00:00,11.007548579821957
2011-04-27 02:00:00,5.33864191720808
2011-04-27 03:00:00,3.2986410924547367
2011-04-27 04:00:00,4.003954756206397
2011-04-27 05:00:00,8.975200934671129
2011-04-27 06:00:00,54.870678256000964
2011-04-27 07:00:00,148.60976285837842
2011-04-27 08:00:00,205.7715618171597
2011-04-27 09:00:00,100.61455657529476
2011-04-27 10:00:00,78.24085931804447
2011-04-27 11:00:00,95.10631216072792
2011-04-27 12:00:00,111.79598332681871
2011-04-27 13:00:00,112.31018437452978
2011-04-27 14:00:00,123.18206148872464
2011-04-27 15:00:00,132.62443489779528
2011-04-27 16:00:00,173.8455559485282
2011-04-27 17:00:00,164.88085196673296
2011-04-27 18:00:00,158.6700453538765
2011-04-27 19:00:00,221.3811905273189
2011-04-27 20:00:00,115.07907926650397
2011-04-27 21:00:00,112.37099705357602
2011-04-27 22:00:00,97.5871786926507
2011-04-27 23:00:00,63.94715512564813
2011-04-28 00:00:00,29.643561316290516
2011-04-28 01:00:00,11.82856640032845
2011-04-28 02:00:00,6.574702135532491
2011-04-28 03:00:00,4.714270784502839
2011-04-28 04:00:00,3.664665012407351
2011-04-28 05:00:00,8.800798330492789
2011-04-28 06:00:00,54.38070640488437
2011-04-28 07:00:00,150.6944768558629
2011-04-28 08:00:00,216.9880921208693
2011-04-28 09:00:00,91.87734363716821
2011-04-28 10:00:00,86.63064245452345
2011-04-28 11:00:00,81.53864289299511
2011-04-28 12:00:00,107.56855245317388
2011-04-28 13:00:00,88.30423444118341
2011-04-28 14:00:00,89.32345759008527
2011-04-28 15:00:00,133.66745263463997
2011-04-28 16:00:00,171.91628833346064
2011-04-28 17:00:00,361.6455760514957
2011-04-28 18:00:00,355.36763983991295
2011-04-28 19:00:00,267.03342895554266
2011-04-28 20:00:00,168.3695450064632
2011-04-28 21:00:00,136.04160032070087
2011-04-28 22:00:00,99.30431275675008
2011-04-28 23:00:00,59.66935979092653
2011-04-29 00:00:00,34.02295818158759
2011-04-29 01:00:00,16.930293431010277
2011-04-29 02:00:00,10.455963184182737
2011-04-29 03:00:00,5.375096518524799
2011-04-29 04:00:00,4.313850395493294
2011-04-29 05:00:00,11.17411977708531
2011-04-29 06:00:00,56.3164775124254
2011-04-29 07:00:00,195.89713713025787
2011-04-29 08:00:00,294.31289112220765
2011-04-29 09:00:00,171.79926489336248
2011-04-29 10:00:00,152.72748831178288
2011-04-29 11:00:00,157.5363838430994
2011-04-29 12:00:00,183.5851573175126
2011-04-29 13:00:00,186.2267842986683
2011-04-29 14:00:00,189.45855380604934
2011-04-29 15:00:00,180.87350845811835
2011-04-29 16:00:00,234.64687752128552
2011-04-29 17:00:00,319.40884415892003
2011-04-29 18:00:00,322.9088948456088
2011-04-29 19:00:00,210.9075815185921
2011-04-29 20:00:00,148.4257931017195
2011-04-29 21:00:00,117.52871242857387
2011-04-29 22:00:00,98.26594483648606
2011-04-29 23:00:00,50.158953810232134
2011-04-30 00:00:00,36.57299229834185
2011-04-30 01:00:00,33.66518315177384
2011-04-30 02:00:00,28.04311361466476
2011-04-30 03:00:00,15.00551679239744
2011-04-30 04:00:00,3.6950111864723176
2011-04-30 05:00:00,4.040310204455914
2011-04-30 06:00:00,17.21574884404616
2011-04-30 07:00:00,34.88617214348975
2011-04-30 08:00:00,82.56252235958985
2011-04-30 09:00:00,132.4376177659333
2011-04-30 10:00:00,205.89936627360441
2011-04-30 11:00:00,242.35827595065817
2011-04-30 12:00:00,265.70903224921665
2011-04-30 13:00:00,268.18612437372127
2011-04-30 14:00:00,263.92158558937984
2011-04-30 15:00:00,283.42872216396046
2011-04-30 16:00:00,270.81112334362035
2011-04-30 17:00:00,304.90377339643203
2011-04-30 18:00:00,282.2525100497828
2011-04-30 19:00:00,227.11294607652633
2011-04-30 20:00:00,134.38796271442584
2011-04-30 21:00:00,107.2484836136146
2011-04-30 22:00:00,89.97406434995656
2011-04-30 23:00:00,54.41887413671897
2011-05-20 00:00:00,27.151139736080662
2011-05-20 01:00:00,14.510289542915178
2011-05-20 02:00:00,11.84242893351096
2011-05-20 03:00:00,5.253104718615242
2011-05-20 04:00:00,5.754754086746445
2011-05-20 05:00:00,17.06455785984806
2011-05-20 06:00:00,85.30021823437679
2011-05-20 07:00:00,255.6393889523364
2011-05-20 08:00:00,392.69616629567207
2011-05-20 09:00:00,202.3684327061817
2011-05-20 10:00:00,153.96069738872723
2011-05-20 11:00:00,164.27212767913082
2011-05-20 12:00:00,223.99606847193388
2011-05-20 13:00:00,208.0289606135925
2011-05-20 14:00:00,230.50979651238012
2011-05-20 15:00:00,223.15654851881612
2011-05-20 16:00:00,359.498382341589
2011-05-20 17:00:00,435.34312486785757
2011-05-20 18:00:00,470.7385671191479
2011-05-20 19:00:00,312.4082379530356
2011-05-20 20:00:00,217.3991413861614
2011-05-20 21:00:00,175.96549023080667
2011-05-20 22:00:00,128.1839158480582
2011-05-20 23:00:00,105.66365797205391
2011-05-21 00:00:00,93.83373241994052
2011-05-21 01:00:00,73.47311554927094
2011-05-21 02:00:00,65.48077289677713
2011-05-21 03:00:00,27.908636679035894
2011-05-21 04:00:00,5.668100556312993
2011-05-21 05:00:00,7.326235901384942
2011-05-21 06:00:00,22.47196567359275
2011-05-21 07:00:00,53.65599792568953
2011-05-21 08:00:00,112.8827815789076
2011-05-21 09:00:00,189.89259146806307
2011-05-21 10:00:00,269.62610136191125
2011-05-21 11:00:00,374.22778908640123
2011-05-21 12:00:00,377.2927995404659
2011-05-21 13:00:00,380.915906040556
2011-05-21 14:00:00,373.38553403789126
2011-05-21 15:00:00,387.77303582321485
2011-05-21 16:00:00,402.3322924265124
2011-05-21 17:00:00,399.438971499294
2011-05-21 18:00:00,357.8459142808043
2011-05-21 19:00:00,333.98922580964
2011-05-21 20:00:00,223.2392810867475
2011-05-21 21:00:00,179.5501052549089
2011-05-21 22:00:00,126.50140051145526
2011-05-21 23:00:00,95.77438797129784
2011-05-22 00:00:00,103.97308618310356
2011-05-22 01:00:00,65.59225948112969
2011-05-22 02:00:00,64.36698136731606
2011-05-22 03:00:00,29.265180412688576
2011-05-22 04:00:00,9.084753201951035
2011-05-22 05:00:00,9.08059464503259
2011-05-22 06:00:00,10.762263698343766
2011-05-22 07:00:00,54.9583635871431
2011-05-22 08:00:00,92.9377625037747
2011-05-22 09:00:00,167.03337734010557
2011-05-22 10:00:00,246.91958109562813
2011-05-22 11:00:00,376.56982659685724
2011-05-22 12:00:00,377.65638875435366
2011-05-22 13:00:00,383.15861771003387
2011-05-22 14:00:00,273.3828978411484
2011-05-22 15:00:00,366.7095542160233
2011-05-22 16:00:00,382.5281767303338
2011-05-22 17:00:00,370.5835619292442
2011-05-22 18:00:00,336.7295848249843
2011-05-22 19:00:00,313.7344280099044
2011-05-22 20:00:00,226.54553215243982
2011-05-22 21:00:00,165.29263267753404
2011-05-22 22:00:00,120.1225190983739
2011-05-22 23:00:00,70.09618549489424
2011-05-23 00:00:00,26.796304388760696
2011-05-23 01:00:00,11.933087276229745
2011-05-23 02:00:00,5.987319086665379
2011-05-23 03:00:00,3.9376931559067576
2011-05-23 04:00:00,4.75626153326498
2011-05-23 05:00:00,15.478976915539606
2011-05-23 06:00:00,96.0445799920945
2011-05-23 07:00:00,172.08897968919604
2011-05-23 08:00:00,370.7191587496584
2011-05-23 09:00:00,192.64940458341582
2011-05-23 10:00:00,123.48711778898983
2011-05-23 11:00:00,148.3607688088493
2011-05-23 12:00:00,190.40503647330735
2011-05-23 13:00:00,176.3486968842143
2011-05-23 14:00:00,165.43865197096602
2011-05-23 15:00:00,169.946698943597
2011-05-23 16:00:00,288.19356850551196
2011-05-23 17:00:00,423.6077076016709
2011-05-23 18:00:00,488.72648033872787
2011-05-23 19:00:00,379.04089522035656
2011-05-23 20:00:00,182.37956809532102
2011-05-23 21:00:00,131.9820582570143
2011-05-23 22:00:00,105.55427300962836
2011-05-23 23:00:00,63.162622947018484
2011-05-24 00:00:00,20.682810554565744
2011-05-24 01:00:00,9.86505282026949
2011-05-24 02:00:00,6.891149574471637
2011-05-24 03:00:00,4.60662338747058
2011-05-24 04:00:00,5.207025128176211
2011-05-24 05:00:00,15.295405568258742
2011-05-24 06:00:00,103.40885550044416
2011-05-24 07:00:00,130.8102346725798
2011-05-24 08:00:00,232.07313691009722
2011-05-24 09:00:00,212.79827001956926
2011-05-24 10:00:00,116.44436240884524
2011-05-24 11:00:00,154.40934538026312
2011-05-24 12:00:00,180.38968629491217
2011-05-24 13:00:00,181.65091530789704
2011-05-24 14:00:00,170.43790339455484
2011-05-24 15:00:00,168.66986803985552
2011-05-24 16:00:00,301.35719866401763
2011-05-24 17:00:00,427.8766320077374
2011-05-24 18:00:00,510.4803146386818
2011-05-24 19:00:00,378.5979779757091
2011-05-24 20:00:00,264.74101792000886
2011-05-24 21:00:00,184.03765959370048
2011-05-24 22:00:00,59.97036792936475
2011-05-24 23:00:00,86.04134996625372
2011-05-25 00:00:00,24.563507335340418
2011-05-25 01:00:00,12.016900393633499
2011-05-25 02:00:00,7.516267652638881
2011-05-25 03:00:00,4.56517597294183
2011-05-25 04:00:00,4.895146832985834
2011-05-25 05:00:00,20.167814979980395
2011-05-25 06:00:00,100.17891050422959
2011-05-25 07:00:00,283.39742981943255
2011-05-25 08:00:00,399.9233551514885
2011-05-25 09:00:00,214.4219909885025
2011-05-25 10:00:00,119.09950072531157
2011-05-25 11:00:00,157.51409876023956
2011-05-25 12:00:00,178.8302174988068
2011-05-25 13:00:00,172.781016157447
2011-05-25 14:00:00,162.08751221242233
2011-05-25 15:00:00,166.4048731554044
2011-05-25 16:00:00,288.2966771614566
2011-05-25 17:00:00,557.4505543903183
2011-05-25 18:00:00,540.8770444365366
2011-05-25 19:00:00,386.7674754394875
2011-05-25 20:00:00,280.7285066944223
2011-05-25 21:00:00,196.96778869610807
2011-05-25 22:00:00,148.46577894874406
2011-05-25 23:00:00,92.60774158180362
2011-05-26 00:00:00,42.40784377811027
2011-05-26 01:00:00,17.351786709426058
2011-05-26 02:00:00,11.391239265489471
2011-05-26 03:00:00,4.742986627500994
2011-05-26 04:00:00,5.361687275235628
2011-05-26 05:00:00,19.352466982485264
2011-05-26 06:00:00,96.83476837262516
2011-05-26 07:00:00,169.3966229154072
2011-05-26 08:00:00,426.2265215782181
2011-05-26 09:00:00,214.40036981311945
2011-05-26 10:00:00,121.27104735303809
2011-05-26 11:00:00,156.93264820270488
2011-05-26 12:00:00,181.9860260081394
2011-05-26 13:00:00,169.9659038772634
2011-05-26 14:00:00,163.38941992668617
2011-05-26 15:00:00,173.11531648497578
2011-05-26 16:00:00,290.89161718314193
2011-05-26 17:00:00,520.0941197515175
2011-05-26 18:00:00,514.5753192670049
2011-05-26 19:00:00,358.3195178884192
2011-05-26 20:00:00,273.42164161856795
2011-05-26 21:00:00,194.26076246453732
2011-05-26 22:00:00,157.4525874374843
2011-05-26 23:00:00,118.36582172446116
2011-05-27 00:00:00,53.236502093500576
2011-05-27 01:00:00,25.938699436278263
2011-05-27 02:00:00,14.65483353419603
2011-05-27 03:00:00,5.598381612125077
2011-05-27 04:00:00,5.530699985915487
2011-05-27 05:00:00,23.589355881782698
2011-05-27 06:00:00,99.42748356886754
2011-05-27 07:00:00,264.47693169927425
2011-05-27 08:00:00,403.02740281358865
2011-05-27 09:00:00,207.31998265992496
2011-05-27 10:00:00,154.95501938418482
2011-05-27 11:00:00,162.0673472445734
2011-05-27 12:00:00,215.69168249283348
2011-05-27 13:00:00,223.09199577940228
2011-05-27 14:00:00,220.27742646211271
2011-05-27 15:00:00,220.45153006105477
2011-05-27 16:00:00,339.74089732992354
2011-05-27 17:00:00,519.1704786616639
2011-05-27 18:00:00,447.62568957771504
2011-05-27 19:00:00,288.3019749056609
2011-05-27 20:00:00,222.69419516940582
2011-05-27 21:00:00,145.09343951167781
2011-05-27 22:00:00,135.13707156952313
2011-05-27 23:00:00,98.16870337683403
2011-05-28 00:00:00,100.33527568621557
2011-05-28 01:00:00,84.87200529543661
2011-05-28 02:00:00,59.918764328015655
2011-05-28 03:00:00,27.403897842370192
2011-05-28 04:00:00,5.153194100133172
2011-05-28 05:00:00,6.812107032334124
2011-05-28 06:00:00,23.862550690800106
2011-05-28 07:00:00,55.63062174376357
2011-05-28 08:00:00,114.07192367294931
2011-05-28 09:00:00,184.25063427048963
2011-05-28 10:00:00,264.150581853452
2011-05-28 11:00:00,365.12970193205956
2011-05-28 12:00:00,377.7202727656233
2011-05-28 13:00:00,385.2441411797536
2011-05-28 14:00:00,367.559446621529
2011-05-28 15:00:00,386.0769602707642
2011-05-28 16:00:00,402.2966632743668
2011-05-28 17:00:00,386.5458213850421
2011-05-28 18:00:00,348.1214092219702
2011-05-28 19:00:00,305.18869930726737
2011-05-28 20:00:00,255.22944250551407
2011-05-28 21:00:00,183.584991896913
2011-05-28 22:00:00,160.72633674111216
2011-05-28 23:00:00,135.20001908741054
2011-05-29 00:00:00,104.48189471906682
2011-05-29 01:00:00,86.37879027683381
2011-05-29 02:00:00,64.51355463855765
2011-05-29 03:00:00,27.439605465137404
2011-05-29 04:00:00,8.503547147606481
2011-05-29 05:00:00,8.719167382249775
2011-05-29 06:00:00,13.232524725233015
2011-05-29 07:00:00,45.10927103008761
2011-05-29 08:00:00,71.0877862051505
2011-05-29 09:00:00,67.9203722740462
2011-05-29 10:00:00,199.773317700669
2011-05-29 11:00:00,229.84708336249489
2011-05-29 12:00:00,362.47979009572555
2011-05-29 13:00:00,373.020356185913
2011-05-29 14:00:00,362.22415593996084
2011-05-29 15:00:00,365.84559826475515
2011-05-29 16:00:00,344.969262507422
2011-05-29 17:00:00,360.0555038673418
2011-05-29 18:00:00,272.3353259266714
2011-05-29 19:00:00,269.7699710462997
2011-05-29 20:00:00,208.94269099586865
2011-05-29 21:00:00,156.629101804896
2011-05-29 22:00:00,122.18288311821809
2011-05-29 23:00:00,95.27366424670639
2011-05-30 00:00:00,35.343139574509046
2011-05-30 01:00:00,56.26945239402517
2011-05-30 02:00:00,35.79169089466296
2011-05-30 03:00:00,13.198718163676496
2011-05-30 04:00:00,6.913637422423337
2011-05-30 05:00:00,7.838855443254769
2011-05-30 06:00:00,20.483217395809795
2011-05-30 07:00:00,83.69253844392276
2011-05-30 08:00:00,118.82242248640324
2011-05-30 09:00:00,207.1641240806166
2011-05-30 10:00:00,264.93715117244096
2011-05-30 11:00:00,360.61123622693265
2011-05-30 12:00:00,371.38286342449067
2011-05-30 13:00:00,366.3998784360749
2011-05-30 14:00:00,358.379484653051
2011-05-30 15:00:00,349.9162661087802
2011-05-30 16:00:00,342.1031741928226
2011-05-30 17:00:00,484.08208141606457
2011-05-30 18:00:00,452.7663562073008
2011-05-30 19:00:00,313.3290315923719
2011-05-30 20:00:00,299.91091208491963
2011-05-30 21:00:00,295.91875736880667
2011-05-30 22:00:00,184.00944169588234
2011-05-30 23:00:00,85.51262683800942
2011-05-31 00:00:00,39.2308200626645
2011-05-31 01:00:00,16.096702697503044
2011-05-31 02:00:00,7.5614728428188025
2011-05-31 03:00:00,4.341463579984454
2011-05-31 04:00:00,5.250322046668888
2011-05-31 05:00:00,19.50291839563137
2011-05-31 06:00:00,110.46369725458055
2011-05-31 07:00:00,288.24434129918086
2011-05-31 08:00:00,409.56984470473094
2011-05-31 09:00:00,188.20721825876797
2011-05-31 10:00:00,121.0982081589231
2011-05-31 11:00:00,142.16062121608144
2011-05-31 12:00:00,154.96133591321788
2011-05-31 13:00:00,153.28954096969045
2011-05-31 14:00:00,147.80566117117087
2011-05-31 15:00:00,153.12101899236794
2011-05-31 16:00:00,237.51311652234614
2011-05-31 17:00:00,505.29296146608084
2011-05-31 18:00:00,505.5449286182438
2011-05-31 19:00:00,378.56461181784243
2011-05-31 20:00:00,263.0891499514984
2011-05-31 21:00:00,196.3246214474043
2011-05-31 22:00:00,151.3758382242827
2011-05-31 23:00:00,80.24710012895844
2011-06-20 00:00:00,33.12806804232693
2011-06-20 01:00:00,12.629153808044238
2011-06-20 02:00:00,7.411770821175602
2011-06-20 03:00:00,3.570234216564389
2011-06-20 04:00:00,4.278709634041022
2011-06-20 05:00:00,13.315329859301155
2011-06-20 06:00:00,84.02889653949728
2011-06-20 07:00:00,138.53714826822656
2011-06-20 08:00:00,236.9516376915501
2011-06-20 09:00:00,208.15956633490737
2011-06-20 10:00:00,122.09481615390513
2011-06-20 11:00:00,128.5607443797544
2011-06-20 12:00:00,176.39216917720256
2011-06-20 13:00:00,180.39783797818538
2011-06-20 14:00:00,177.0720844718624
2011-06-20 15:00:00,179.63349719062012
2011-06-20 16:00:00,304.32767604268923
2011-06-20 17:00:00,483.40020473466063
2011-06-20 18:00:00,534.6116302796919
2011-06-20 19:00:00,389.2647603494273
2011-06-20 20:00:00,271.87347664906156
2011-06-20 21:00:00,190.9499544652158
2011-06-20 22:00:00,119.32185870309108
2011-06-20 23:00:00,82.86381368635534
2011-06-21 00:00:00,34.29936942937694
2011-06-21 01:00:00,10.4873150646239
2011-06-21 02:00:00,5.983619371526513
2011-06-21 03:00:00,4.299517962160922
2011-06-21 04:00:00,5.438323548622227
2011-06-21 05:00:00,20.855270610089775
2011-06-21 06:00:00,107.10771494684481
2011-06-21 07:00:00,162.07658638285847
2011-06-21 08:00:00,344.79868800561405
2011-06-21 09:00:00,197.28112875374532
2011-06-21 10:00:00,123.13041574012169
2011-06-21 11:00:00,126.46284123592469
2011-06-21 12:00:00,165.16011096963882
2011-06-21 13:00:00,168.44580058388712
2011-06-21 14:00:00,161.18900073525805
2011-06-21 15:00:00,168.05373749472923
2011-06-21 16:00:00,292.85499970150346
2011-06-21 17:00:00,556.6436795554166
2011-06-21 18:00:00,513.2569551015133
2011-06-21 19:00:00,359.28879112828474
2011-06-21 20:00:00,227.52840994881365
2011-06-21 21:00:00,201.67322961080532
2011-06-21 22:00:00,156.71827521457303
2011-06-21 23:00:00,84.98935261525008
2011-06-22 00:00:00,36.7061121998146
2011-06-22 01:00:00,18.52075561927449
2011-06-22 02:00:00,7.080070058760059
2011-06-22 03:00:00,4.674903879958624
2011-06-22 04:00:00,5.306244365694324
2011-06-22 05:00:00,20.040944730806956
2011-06-22 06:00:00,108.75793552845639
2011-06-22 07:00:00,308.29548778269117
2011-06-22 08:00:00,410.7697937739106
2011-06-22 09:00:00,198.78862888710424
2011-06-22 10:00:00,121.36347757442681
2011-06-22 11:00:00,147.90299486670096
2011-06-22 12:00:00,171.03025186639655
2011-06-22 13:00:00,157.1093840992276
2011-06-22 14:00:00,161.3765810086069
2011-06-22 15:00:00,156.14151939948553
2011-06-22 16:00:00,264.8657281025565
2011-06-22 17:00:00,537.7260556860456
2011-06-22 18:00:00,521.9987181116343
2011-06-22 19:00:00,371.68623683564374
2011-06-22 20:00:00,263.50182220279623
2011-06-22 21:00:00,192.4687727773279
2011-06-22 22:00:00,160.67029117546352
2011-06-22 23:00:00,94.80685993779466
2011-06-23 00:00:00,47.198099387831206
2011-06-23 01:00:00,19.186383998794362
2011-06-23 02:00:00,8.780303110205562
2011-06-23 03:00:00,4.748273734324376
2011-06-23 04:00:00,5.585865981647616
2011-06-23 05:00:00,21.92119500205521
2011-06-23 06:00:00,118.11885758970146
2011-06-23 07:00:00,315.96564318205134
2011-06-23 08:00:00,400.6424324733781
2011-06-23 09:00:00,212.14897727906214
2011-06-23 10:00:00,121.08459016275114
2011-06-23 11:00:00,122.82690298028979
2011-06-23 12:00:00,169.18234991101016
2011-06-23 13:00:00,172.18689835762382
2011-06-23 14:00:00,164.8820594460215
2011-06-23 15:00:00,166.47622457012628
2011-06-23 16:00:00,288.9521193996499
2011-06-23 17:00:00,536.2678922110671
2011-06-23 18:00:00,518.703372163682
2011-06-23 19:00:00,355.2144099932299
2011-06-23 20:00:00,272.37684124729725
2011-06-23 21:00:00,196.9448277443076
2011-06-23 22:00:00,154.7411375662761
2011-06-23 23:00:00,117.37200623924593
2011-06-24 00:00:00,49.275247522900585
2011-06-24 01:00:00,24.6583913052309
2011-06-24 02:00:00,11.840245139242489
2011-06-24 03:00:00,5.36967309225638
2011-06-24 04:00:00,5.692997799236185
2011-06-24 05:00:00,20.76128127304154
2011-06-24 06:00:00,97.62993682051166
2011-06-24 07:00:00,262.3845796858109
2011-06-24 08:00:00,403.3216458359297
2011-06-24 09:00:00,217.65707600010853
2011-06-24 10:00:00,147.4228695419665
2011-06-24 11:00:00,155.60052195955024
2011-06-24 12:00:00,217.51347160059882
2011-06-24 13:00:00,218.43183360699413
2011-06-24 14:00:00,223.03903344856909
2011-06-24 15:00:00,203.05934260893565
2011-06-24 16:00:00,342.54438820121504
2011-06-24 17:00:00,550.0457811997552
2011-06-24 18:00:00,493.02373817551035
2011-06-24 19:00:00,359.1576396765329
2011-06-24 20:00:00,276.34936914166747
2011-06-24 21:00:00,229.52084529869603
2011-06-24 22:00:00,196.11497014242863
2011-06-24 23:00:00,147.76824717180398
2011-06-25 00:00:00,114.36006592454602
2011-06-25 01:00:00,80.56137679608608
2011-06-25 02:00:00,74.62749624124554
2011-06-25 03:00:00,31.88328665686373
2011-06-25 04:00:00,7.630726732526091
2011-06-25 05:00:00,9.613041097427192
2011-06-25 06:00:00,29.558041000359278
2011-06-25 07:00:00,65.48242202964379
2011-06-25 08:00:00,136.36047616632987
2011-06-25 09:00:00,205.2124303097427
2011-06-25 10:00:00,292.091883040399
2011-06-25 11:00:00,376.4783446689405
2011-06-25 12:00:00,399.04668129430627
2011-06-25 13:00:00,400.84667173349646
2011-06-25 14:00:00,400.0719739128912
2011-06-25 15:00:00,382.8330330160676
2011-06-25 16:00:00,398.4510477437866
2011-06-25 17:00:00,430.1346420680833
2011-06-25 18:00:00,384.4529288976133
2011-06-25 19:00:00,349.98734085714574
2011-06-25 20:00:00,274.45075098623835
2011-06-25 21:00:00,228.07988726939666
2011-06-25 22:00:00,193.92872201531168
2011-06-25 23:00:00,134.36578827333412
2011-06-26 00:00:00,94.98058312937464
2011-06-26 01:00:00,88.87115956846158
2011-06-26 02:00:00,79.36099237832829
2011-06-26 03:00:00,33.338157794514075
2011-06-26 04:00:00,11.776655380196344
2011-06-26 05:00:00,12.655866466341234
2011-06-26 06:00:00,25.66036411618402
2011-06-26 07:00:00,50.55059997903753
2011-06-26 08:00:00,110.32622412144518
2011-06-26 09:00:00,177.92398921235213
2011-06-26 10:00:00,294.19364187591594
2011-06-26 11:00:00,385.1094916109079
2011-06-26 12:00:00,393.88643721808137
2011-06-26 13:00:00,382.6177161301441
2011-06-26 14:00:00,381.6897484362663
2011-06-26 15:00:00,378.2850340611139
2011-06-26 16:00:00,388.5416095375705
2011-06-26 17:00:00,406.8597331672839
2011-06-26 18:00:00,377.6881378008165
2011-06-26 19:00:00,346.37484272403964
2011-06-26 20:00:00,240.63951685101011
2011-06-26 21:00:00,205.3049217128182
2011-06-26 22:00:00,186.3110390443053
2011-06-26 23:00:00,86.54557270282525
2011-06-27 00:00:00,33.083597515324556
2011-06-27 01:00:00,10.779857475511006
2011-06-27 02:00:00,6.174999518967997
2011-06-27 03:00:00,4.107042769765941
2011-06-27 04:00:00,5.169897166374515
2011-06-27 05:00:00,21.06894259701918
2011-06-27 06:00:00,109.86487758264462
2011-06-27 07:00:00,315.0038665304996
2011-06-27 08:00:00,389.76049935428205
2011-06-27 09:00:00,204.48547057643754
2011-06-27 10:00:00,117.25602601324472
2011-06-27 11:00:00,156.37492692023278
2011-06-27 12:00:00,168.45078180923412
2011-06-27 13:00:00,169.8609928904275
2011-06-27 14:00:00,164.6554491561005
2011-06-27 15:00:00,166.9460351402326
2011-06-27 16:00:00,293.9096130150924
2011-06-27 17:00:00,559.4024734165896
2011-06-27 18:00:00,493.72409265424636
2011-06-27 19:00:00,393.0773347455788
2011-06-27 20:00:00,273.8786718826055
2011-06-27 21:00:00,184.8643628796338
2011-06-27 22:00:00,125.15309777267191
2011-06-27 23:00:00,91.20056173411771
2011-06-28 00:00:00,35.705024563208646
2011-06-28 01:00:00,16.95577631818853
2011-06-28 02:00:00,9.566338299436499
2011-06-28 03:00:00,4.545065221776702
2011-06-28 04:00:00,4.60517843562752
2011-06-28 05:00:00,19.536821739297565
2011-06-28 06:00:00,109.87200015424406
2011-06-28 07:00:00,300.6890537591434
2011-06-28 08:00:00,427.72215257848694
2011-06-28 09:00:00,204.9342121707786
2011-06-28 10:00:00,117.98628837434896
2011-06-28 11:00:00,142.8182420826329
2011-06-28 12:00:00,167.10747416390222
2011-06-28 13:00:00,168.79368885561956
2011-06-28 14:00:00,152.71444688648583
2011-06-28 15:00:00,152.77707911808125
2011-06-28 16:00:00,250.11197207516855
2011-06-28 17:00:00,403.72958619555897
2011-06-28 18:00:00,384.7245496054492
2011-06-28 19:00:00,331.94740607258086
2011-06-28 20:00:00,270.72209621846196
2011-06-28 21:00:00,199.00674742395077
2011-06-28 22:00:00,156.06286087592667
2011-06-28 23:00:00,95.09506155577148
2011-06-29 00:00:00,39.90011290099847
2011-06-29 01:00:00,18.17378145550591
2011-06-29 02:00:00,8.865145000364194
2011-06-29 03:00:00,5.057842569061645
2011-06-29 04:00:00,5.195308895153356
2011-06-29 05:00:00,21.831517784940218
2011-06-29 06:00:00,113.84199928012059
2011-06-29 07:00:00,320.1142949167771
2011-06-29 08:00:00,427.91743270284434
2011-06-29 09:00:00,206.48356795929135
2011-06-29 10:00:00,117.2052861946641
2011-06-29 11:00:00,159.16863897305308
2011-06-29 12:00:00,186.15331397932175
2011-06-29 13:00:00,185.60766437772654
2011-06-29 14:00:00,164.79734152180558
2011-06-29 15:00:00,167.6249485971316
2011-06-29 16:00:00,296.0838742814982
2011-06-29 17:00:00,564.6432580774255
2011-06-29 18:00:00,554.2461688311121
2011-06-29 19:00:00,378.2460116399494
2011-06-29 20:00:00,285.18803099796673
2011-06-29 21:00:00,227.5888057459811
2011-06-29 22:00:00,164.8179105554835
2011-06-29 23:00:00,101.37868224037513
2011-06-30 00:00:00,45.75661343614472
2011-06-30 01:00:00,19.35903055537432
2011-06-30 02:00:00,8.301562815825703
2011-06-30 03:00:00,5.535916941520348
2011-06-30 04:00:00,5.16017643610291
2011-06-30 05:00:00,23.4532321170703
2011-06-30 06:00:00,112.60357903465751
2011-06-30 07:00:00,326.60037544049976
2011-06-30 08:00:00,426.49586809210666
2011-06-30 09:00:00,210.35902199125897
2011-06-30 10:00:00,120.36164764978696
2011-06-30 11:00:00,159.32215398542573
2011-06-30 12:00:00,180.927756381155
2011-06-30 13:00:00,181.80140742351296
2011-06-30 14:00:00,165.61342066025003
2011-06-30 15:00:00,174.17150241576067
2011-06-30 16:00:00,293.8083159489953
2011-06-30 17:00:00,577.9013064912215
2011-06-30 18:00:00,550.7954080421998
2011-06-30 19:00:00,380.5208164687133
2011-06-30 20:00:00,287.52668004250967
2011-06-30 21:00:00,225.19230297108948
2011-06-30 22:00:00,165.879190123854
2011-06-30 23:00:00,126.76472001662067
2011-07-20 00:00:00,40.905785784954546
2011-07-20 01:00:00,16.402697464038933
2011-07-20 02:00:00,7.83484345697203
2011-07-20 03:00:00,5.177289387381128
2011-07-20 04:00:00,5.723239364482016
2011-07-20 05:00:00,21.276938641527863
2011-07-20 06:00:00,115.10001393515091
2011-07-20 07:00:00,287.7388769930912
2011-07-20 08:00:00,409.61323458397953
2011-07-20 09:00:00,203.9258451135015
2011-07-20 10:00:00,113.79439521241822
2011-07-20 11:00:00,140.4200088300193
2011-07-20 12:00:00,159.72021788006518
2011-07-20 13:00:00,156.14945890993798
2011-07-20 14:00:00,156.9199525129407
2011-07-20 15:00:00,157.09616878778488
2011-07-20 16:00:00,249.11019429337932
2011-07-20 17:00:00,487.5962280460778
2011-07-20 18:00:00,488.00754555629345
2011-07-20 19:00:00,380.64608576136624
2011-07-20 20:00:00,265.5394154390611
2011-07-20 21:00:00,207.0633672076611
2011-07-20 22:00:00,157.82210973527788
2011-07-20 23:00:00,94.50096007004464
2011-07-21 00:00:00,49.362786155627475
2011-07-21 01:00:00,16.958225161465258
2011-07-21 02:00:00,7.3949648502512595
2011-07-21 03:00:00,4.152083923887242
2011-07-21 04:00:00,4.824585164443219
2011-07-21 05:00:00,21.10678123889865
2011-07-21 06:00:00,115.4766683457039
2011-07-21 07:00:00,292.1070266587262
2011-07-21 08:00:00,425.12844593193984
2011-07-21 09:00:00,200.59367608035012
2011-07-21 10:00:00,120.31154028582812
2011-07-21 11:00:00,134.8860506489635
2011-07-21 12:00:00,146.0191704147393
2011-07-21 13:00:00,145.42687794445223
2011-07-21 14:00:00,142.23228283257785
2011-07-21 15:00:00,143.3505839773673
2011-07-21 16:00:00,242.95112750964066
2011-07-21 17:00:00,453.9039371195901
2011-07-21 18:00:00,456.83253752943085
2011-07-21 19:00:00,358.10907466564606
2011-07-21 20:00:00,261.8245106894386
2011-07-21 21:00:00,201.05511276323386
2011-07-21 22:00:00,165.25773267178545
2011-07-21 23:00:00,115.79662580175628
2011-07-22 00:00:00,60.60718073692425
2011-07-22 01:00:00,28.087806033802746
2011-07-22 02:00:00,18.536587877707802
2011-07-22 03:00:00,4.381711557099862
2011-07-22 04:00:00,4.879670183218323
2011-07-22 05:00:00,20.677127422519153
2011-07-22 06:00:00,102.06226242017291
2011-07-22 07:00:00,275.3653490602329
2011-07-22 08:00:00,396.20583275487115
2011-07-22 09:00:00,210.69957231662357
2011-07-22 10:00:00,142.94546982043306
2011-07-22 11:00:00,155.42087548011256
2011-07-22 12:00:00,204.6631421940878
2011-07-22 13:00:00,203.11393941412507
2011-07-22 14:00:00,196.7930758210809
2011-07-22 15:00:00,189.4938492580446
2011-07-22 16:00:00,305.3217627274829
2011-07-22 17:00:00,486.940139603613
2011-07-22 18:00:00,459.27889440154826
2011-07-22 19:00:00,346.9593168028352
2011-07-22 20:00:00,261.49197618949836
2011-07-22 21:00:00,203.37216557094106
2011-07-22 22:00:00,189.76029409999254
2011-07-22 23:00:00,142.86440579078803
2011-07-23 00:00:00,99.58147409560027
2011-07-23 01:00:00,79.48426169990246
2011-07-23 02:00:00,75.0709586959311
2011-07-23 03:00:00,29.546619127275854
2011-07-23 04:00:00,10.320496649733666
2011-07-23 05:00:00,10.579655548934781
2011-07-23 06:00:00,32.470659378613796
2011-07-23 07:00:00,67.62982110669023
2011-07-23 08:00:00,145.4797632428362
2011-07-23 09:00:00,209.01782755268664
2011-07-23 10:00:00,281.8105495009024
2011-07-23 11:00:00,337.06879347403896
2011-07-23 12:00:00,363.9696370899784
2011-07-23 13:00:00,350.99540350949115
2011-07-23 14:00:00,352.78323161521007
2011-07-23 15:00:00,352.6424130296441
2011-07-23 16:00:00,383.84558630311153
2011-07-23 17:00:00,425.7065471365144
2011-07-23 18:00:00,390.22319012025366
2011-07-23 19:00:00,334.79070568936066
2011-07-23 20:00:00,261.4347144693279
2011-07-23 21:00:00,220.30688818512263
2011-07-23 22:00:00,190.3623343700832
2011-07-23 23:00:00,140.95895175735257
2011-07-24 00:00:00,101.18397809700053
2011-07-24 01:00:00,80.13012989700945
2011-07-24 02:00:00,82.46568918631924
2011-07-24 03:00:00,32.7188295036005
2011-07-24 04:00:00,11.122279154828771
2011-07-24 05:00:00,11.875788253957966
2011-07-24 06:00:00,24.672925201047086
2011-07-24 07:00:00,57.57893721435886
2011-07-24 08:00:00,127.50696451589488
2011-07-24 09:00:00,188.17072120614426
2011-07-24 10:00:00,272.2774580366856
2011-07-24 11:00:00,340.03931453809724
2011-07-24 12:00:00,367.4767918153766
2011-07-24 13:00:00,359.74634849860354
2011-07-24 14:00:00,350.0639238813179
2011-07-24 15:00:00,344.5884965676977
2011-07-24 16:00:00,368.90794540173175
2011-07-24 17:00:00,414.7342187724978
2011-07-24 18:00:00,386.212754539762
2011-07-24 19:00:00,354.62723888001557
2011-07-24 20:00:00,252.06932789455718
2011-07-24 21:00:00,211.05554532955813
2011-07-24 22:00:00,156.50865687178322
2011-07-24 23:00:00,82.33026010618855
2011-07-25 00:00:00,42.47300753271886
2011-07-25 01:00:00,16.060256973116495
2011-07-25 02:00:00,6.970412573685309
2011-07-25 03:00:00,4.20363255751547
2011-07-25 04:00:00,4.5152344272403315
2011-07-25 05:00:00,20.164794020828133
2011-07-25 06:00:00,114.51380566904365
2011-07-25 07:00:00,304.47687262970123
2011-07-25 08:00:00,398.0002020815721
2011-07-25 09:00:00,188.61622605424807
2011-07-25 10:00:00,117.77783796290566
2011-07-25 11:00:00,134.60067683609012
2011-07-25 12:00:00,160.66840287490865
2011-07-25 13:00:00,155.71526959123943
2011-07-25 14:00:00,130.90101405161357
2011-07-25 15:00:00,135.57504852824817
2011-07-25 16:00:00,249.5355680565073
2011-07-25 17:00:00,488.62015487790654
2011-07-25 18:00:00,485.92894691143874
2011-07-25 19:00:00,386.3180310637635
2011-07-25 20:00:00,260.7685464646327
2011-07-25 21:00:00,150.59850929181277
2011-07-25 22:00:00,120.77907342547081
2011-07-25 23:00:00,74.70423218949043
2011-07-26 00:00:00,45.872788867973526
2011-07-26 01:00:00,18.843175405465047
2011-07-26 02:00:00,8.783345450215053
2011-07-26 03:00:00,5.361434872518277
2011-07-26 04:00:00,5.4258961351025645
2011-07-26 05:00:00,20.260903834746088
2011-07-26 06:00:00,110.97434077421906
2011-07-26 07:00:00,313.2872011446424
2011-07-26 08:00:00,405.10916030654874
2011-07-26 09:00:00,199.40963948000982
2011-07-26 10:00:00,123.08967695647154
2011-07-26 11:00:00,155.27868021091996
2011-07-26 12:00:00,180.02599853398613
2011-07-26 13:00:00,184.07892556832132
2011-07-26 14:00:00,169.3682067330409
2011-07-26 15:00:00,176.47451847860717
2011-07-26 16:00:00,284.2002295240776
2011-07-26 17:00:00,563.1062988522808
2011-07-26 18:00:00,552.7135316536948
2011-07-26 19:00:00,374.9599683269913
2011-07-26 20:00:00,274.55490451367456
2011-07-26 21:00:00,231.41575725707787
2011-07-26 22:00:00,158.22878748598168
2011-07-26 23:00:00,85.54782158754074
2011-07-27 00:00:00,45.88214514623786
2011-07-27 01:00:00,17.648663338475004
2011-07-27 02:00:00,10.21812078306518
2011-07-27 03:00:00,4.476511588505885
2011-07-27 04:00:00,4.723702135977484
2011-07-27 05:00:00,23.465851172686868
2011-07-27 06:00:00,116.84378087779386
2011-07-27 07:00:00,308.1793794898807
2011-07-27 08:00:00,418.01607056799116
2011-07-27 09:00:00,200.00809855060828
2011-07-27 10:00:00,115.68149792678354
2011-07-27 11:00:00,160.60419517456245
2011-07-27 12:00:00,193.29756283369727
2011-07-27 13:00:00,187.00671379635972
2011-07-27 14:00:00,167.63260352389068
2011-07-27 15:00:00,172.40003428410847
2011-07-27 16:00:00,286.1008422121704
2011-07-27 17:00:00,566.9985162984121
2011-07-27 18:00:00,559.8523155533553
2011-07-27 19:00:00,391.39339115154144
2011-07-27 20:00:00,285.08034054125443
2011-07-27 21:00:00,228.9131012238951
2011-07-27 22:00:00,161.52508736093324
2011-07-27 23:00:00,94.09223533454656
2011-07-28 00:00:00,51.08199699666274
2011-07-28 01:00:00,18.736841465829908
2011-07-28 02:00:00,8.78205266291627
2011-07-28 03:00:00,4.702285208583903
2011-07-28 04:00:00,5.373048511227716
2011-07-28 05:00:00,21.406370848197632
2011-07-28 06:00:00,115.6879660690677
2011-07-28 07:00:00,312.76436191084326
2011-07-28 08:00:00,399.21606595886686
2011-07-28 09:00:00,195.23346914112403
2011-07-28 10:00:00,117.04955681133289
2011-07-28 11:00:00,135.1006586888807
2011-07-28 12:00:00,152.96912149628602
2011-07-28 13:00:00,148.09693859435274
2011-07-28 14:00:00,151.34813122581645
2011-07-28 15:00:00,147.22216028618757
2011-07-28 16:00:00,245.65430987025445
2011-07-28 17:00:00,506.68764080696656
2011-07-28 18:00:00,475.2348663338487
2011-07-28 19:00:00,367.64026829031434
2011-07-28 20:00:00,260.3360468942018
2011-07-28 21:00:00,200.56996615424646
2011-07-28 22:00:00,155.03776843801856
2011-07-28 23:00:00,115.45112814179913
2011-07-29 00:00:00,51.74748338789637
2011-07-29 01:00:00,28.21163298269198
2011-07-29 02:00:00,18.44092744403046
2011-07-29 03:00:00,4.382751885023414
2011-07-29 04:00:00,5.108953352680047
2011-07-29 05:00:00,20.096952587751286
2011-07-29 06:00:00,99.08864340201413
2011-07-29 07:00:00,274.2450885914608
2011-07-29 08:00:00,406.80664441117506
2011-07-29 09:00:00,216.39318063464037
2011-07-29 10:00:00,149.22248885473675
2011-07-29 11:00:00,154.37337696635893
2011-07-29 12:00:00,202.03901829570947
2011-07-29 13:00:00,206.06905664029955
2011-07-29 14:00:00,201.8410600733663
2011-07-29 15:00:00,197.42564860081984
2011-07-29 16:00:00,315.4325848133209
2011-07-29 17:00:00,489.2270002415929
2011-07-29 18:00:00,464.1742951294527
2011-07-29 19:00:00,350.773927780347
2011-07-29 20:00:00,264.90794776747896
2011-07-29 21:00:00,236.7605203242481
2011-07-29 22:00:00,188.5455065488015
2011-07-29 23:00:00,139.85018986039626
2011-07-30 00:00:00,121.7444389883343
2011-07-30 01:00:00,79.48875360722232
2011-07-30 02:00:00,76.20292126054977
2011-07-30 03:00:00,31.416819452622246
2011-07-30 04:00:00,9.223039145677497
2011-07-30 05:00:00,9.309889102519694
2011-07-30 06:00:00,27.73936358823047
2011-07-30 07:00:00,57.168487768804354
2011-07-30 08:00:00,139.65445254489174
2011-07-30 09:00:00,225.87001760393431
2011-07-30 10:00:00,285.2231083348191
2011-07-30 11:00:00,350.25184106789135
2011-07-30 12:00:00,381.61391143472304
2011-07-30 13:00:00,371.57261355547126
2011-07-30 14:00:00,354.56070556138184
2011-07-30 15:00:00,348.8324238531936
2011-07-30 16:00:00,376.8036005731751
2011-07-30 17:00:00,418.17214410794503
2011-07-30 18:00:00,367.72481904066944
2011-07-30 19:00:00,354.6227809490947
2011-07-30 20:00:00,248.67285698098405
2011-07-30 21:00:00,234.5035027073519
2011-07-30 22:00:00,187.0202609274011
2011-07-30 23:00:00,141.6245337666252
2011-07-31 00:00:00,101.35303423140489
2011-07-31 01:00:00,79.35399082277924
2011-07-31 02:00:00,83.87742101927071
2011-07-31 03:00:00,31.778600336517282
2011-07-31 04:00:00,11.288136054977254
2011-07-31 05:00:00,12.849843783697175
2011-07-31 06:00:00,25.998153481131844
2011-07-31 07:00:00,60.49374367262263
2011-07-31 08:00:00,122.99912987351041
2011-07-31 09:00:00,187.31370282098436
2011-07-31 10:00:00,280.2655528422362
2011-07-31 11:00:00,345.45874074731717
2011-07-31 12:00:00,372.76594648249727
2011-07-31 13:00:00,367.6710670959109
2011-07-31 14:00:00,357.35211059136515
2011-07-31 15:00:00,350.27797689214884
2011-07-31 16:00:00,363.2211646956389
2011-07-31 17:00:00,389.5550727822205
2011-07-31 18:00:00,385.6333374209087
2011-07-31 19:00:00,335.02937054381334
2011-07-31 20:00:00,254.3246957791149
2011-07-31 21:00:00,204.6715283990069
2011-07-31 22:00:00,151.63352020399145
2011-07-31 23:00:00,83.13839192646935
2011-08-20 00:00:00,103.5819443306631
2011-08-20 01:00:00,84.55372118584143
2011-08-20 02:00:00,67.47644121967764
2011-08-20 03:00:00,31.76418349806594
2011-08-20 04:00:00,8.236106402501019
2011-08-20 05:00:00,10.31151301990289
2011-08-20 06:00:00,24.29590453576821
2011-08-20 07:00:00,55.53126103214985
2011-08-20 08:00:00,113.11325543576153
2011-08-20 09:00:00,202.5904020165393
2011-08-20 10:00:00,280.2484744342828
2011-08-20 11:00:00,371.8650503591101
2011-08-20 12:00:00,372.677292795534
2011-08-20 13:00:00,369.6771183953414
2011-08-20 14:00:00,377.5305980389671
2011-08-20 15:00:00,370.48020189430474
2011-08-20 16:00:00,376.10404258242846
2011-08-20 17:00:00,404.3892108805634
2011-08-20 18:00:00,372.76956179032896
2011-08-20 19:00:00,337.361961050016
2011-08-20 20:00:00,253.06630205796537
2011-08-20 21:00:00,196.30853698855742
2011-08-20 22:00:00,154.4478088587795
2011-08-20 23:00:00,127.88939932802944
2011-08-21 00:00:00,119.05633900345673
2011-08-21 01:00:00,78.55959795289607
2011-08-21 02:00:00,82.93166629307203
2011-08-21 03:00:00,38.45505244610551
2011-08-21 04:00:00,6.295699875002002
2011-08-21 05:00:00,7.806720614098401
2011-08-21 06:00:00,11.0853230917909
2011-08-21 07:00:00,51.91842966996393
2011-08-21 08:00:00,101.21362678193307
2011-08-21 09:00:00,189.85249040426163
2011-08-21 10:00:00,277.84731140905666
2011-08-21 11:00:00,334.69938626211
2011-08-21 12:00:00,361.82678859075145
2011-08-21 13:00:00,380.10240481136816
2011-08-21 14:00:00,200.98082473995197
2011-08-21 15:00:00,213.55861221348655
2011-08-21 16:00:00,281.4189313782612
2011-08-21 17:00:00,245.07488871017122
2011-08-21 18:00:00,236.4588163760385
2011-08-21 19:00:00,329.83299638799895
2011-08-21 20:00:00,207.6438363684196
2011-08-21 21:00:00,173.45781960419646
2011-08-21 22:00:00,149.36554642347227
2011-08-21 23:00:00,83.00217872225386
2011-08-22 00:00:00,38.998335084838516
2011-08-22 01:00:00,18.339246289535765
2011-08-22 02:00:00,8.96060473127575
2011-08-22 03:00:00,4.281923140819879
2011-08-22 04:00:00,5.755840324784893
2011-08-22 05:00:00,23.391883064052585
2011-08-22 06:00:00,110.69534025217473
2011-08-22 07:00:00,306.7135476199401
2011-08-22 08:00:00,380.96795892205216
2011-08-22 09:00:00,198.75638511642254
2011-08-22 10:00:00,120.7855937313593
2011-08-22 11:00:00,157.24240818013237
2011-08-22 12:00:00,194.20470427968442
2011-08-22 13:00:00,189.7551691700366
2011-08-22 14:00:00,181.9138424130519
2011-08-22 15:00:00,181.5086135527887
2011-08-22 16:00:00,303.3192229325163
2011-08-22 17:00:00,576.5668732354751
2011-08-22 18:00:00,553.4563350595785
2011-08-22 19:00:00,393.6416120205463
2011-08-22 20:00:00,289.46784760640696
2011-08-22 21:00:00,220.29797810478038
2011-08-22 22:00:00,131.2630141327701
2011-08-22 23:00:00,92.3179246498359
2011-08-23 00:00:00,32.278242670424454
2011-08-23 01:00:00,14.966999269163123
2011-08-23 02:00:00,8.931664500749465
2011-08-23 03:00:00,3.3654498022822965
2011-08-23 04:00:00,4.689604846731063
2011-08-23 05:00:00,22.506704986764518
2011-08-23 06:00:00,111.05347691185949
2011-08-23 07:00:00,318.445600767642
2011-08-23 08:00:00,421.4133819315614
2011-08-23 09:00:00,210.08913901497496
2011-08-23 10:00:00,114.89441732424443
2011-08-23 11:00:00,161.01574598483802
2011-08-23 12:00:00,204.90490410480723
2011-08-23 13:00:00,192.27459423093063
2011-08-23 14:00:00,177.73813794542008
2011-08-23 15:00:00,182.12531445324194
2011-08-23 16:00:00,306.3278950510339
2011-08-23 17:00:00,585.731818416795
2011-08-23 18:00:00,565.0103333669215
2011-08-23 19:00:00,383.7541913054151
2011-08-23 20:00:00,283.6713248536605
2011-08-23 21:00:00,187.5710362424855
2011-08-23 22:00:00,149.45302332234854
2011-08-23 23:00:00,86.65425643397316
2011-08-24 00:00:00,34.91536179678381
2011-08-24 01:00:00,16.68701743901501
2011-08-24 02:00:00,7.738354896936925
2011-08-24 03:00:00,4.683862815283945
2011-08-24 04:00:00,5.4677641765920715
2011-08-24 05:00:00,21.446122675669663
2011-08-24 06:00:00,106.95741961110846
2011-08-24 07:00:00,323.3923859903523
2011-08-24 08:00:00,398.4153554843941
2011-08-24 09:00:00,211.4230561068269
2011-08-24 10:00:00,117.51767190427856
2011-08-24 11:00:00,149.22091720608006
2011-08-24 12:00:00,182.44407680496474
2011-08-24 13:00:00,185.0861733612569
2011-08-24 14:00:00,176.48626361334794
2011-08-24 15:00:00,179.29755584474412
2011-08-24 16:00:00,289.47067488253157
2011-08-24 17:00:00,574.2713218033675
2011-08-24 18:00:00,545.9521349984312
2011-08-24 19:00:00,365.96045808869644
2011-08-24 20:00:00,267.4939811881728
2011-08-24 21:00:00,193.57657316352982
2011-08-24 22:00:00,152.03026943450246
2011-08-24 23:00:00,102.57444862853458
2011-08-25 00:00:00,47.10826082836509
2011-08-25 01:00:00,20.282713952768304
2011-08-25 02:00:00,7.310410767478906
2011-08-25 03:00:00,5.1185274174056845
2011-08-25 04:00:00,5.73011106364316
2011-08-25 05:00:00,23.38237416779932
2011-08-25 06:00:00,97.82341924265765
2011-08-25 07:00:00,291.9087031953637
2011-08-25 08:00:00,398.79385561554955
2011-08-25 09:00:00,221.1762715875882
2011-08-25 10:00:00,121.52566532685654
2011-08-25 11:00:00,71.58280900006409
2011-08-25 12:00:00,78.71819362133118
2011-08-25 13:00:00,136.97193311450448
2011-08-25 14:00:00,150.33736528854644
2011-08-25 15:00:00,161.66763086380135
2011-08-25 16:00:00,232.44129428767485
2011-08-25 17:00:00,306.9595619112399
2011-08-25 18:00:00,301.00325952220834
2011-08-25 19:00:00,322.25588836479386
2011-08-25 20:00:00,203.96206712510062
2011-08-25 21:00:00,184.30863457822426
2011-08-25 22:00:00,133.01041989143724
2011-08-25 23:00:00,120.09392571400514
2011-08-26 00:00:00,46.549218866739224
2011-08-26 01:00:00,23.50054948989979
2011-08-26 02:00:00,12.47133751151688
2011-08-26 03:00:00,5.176583387978275
2011-08-26 04:00:00,6.175236108462242
2011-08-26 05:00:00,20.118042811623575
2011-08-26 06:00:00,92.13529347352954
2011-08-26 07:00:00,259.9882314594163
2011-08-26 08:00:00,392.07036731400984
2011-08-26 09:00:00,208.40512636268528
2011-08-26 10:00:00,155.18111156930448
2011-08-26 11:00:00,155.2707064116176
2011-08-26 12:00:00,221.2368562144078
2011-08-26 13:00:00,224.04683148176082
2011-08-26 14:00:00,214.52279813850788
2011-08-26 15:00:00,214.8489920006333
2011-08-26 16:00:00,321.870769152941
2011-08-26 17:00:00,459.46593553663575
2011-08-26 18:00:00,412.91460562179543
2011-08-26 19:00:00,315.9070817951161
2011-08-26 20:00:00,204.1566441215507
2011-08-26 21:00:00,173.52621040449378
2011-08-26 22:00:00,152.4153552805267
2011-08-26 23:00:00,116.91689475306364
2011-08-27 00:00:00,104.09398818024442
2011-08-27 01:00:00,77.5708391832319
2011-08-27 02:00:00,74.72878824388307
2011-08-27 03:00:00,36.5814529223007
2011-08-27 04:00:00,6.671787054128365
2011-08-27 05:00:00,8.543229354931169
2011-08-27 06:00:00,17.91052535158822
2011-08-27 07:00:00,58.401408987883144
2011-08-27 08:00:00,114.28436356876799
2011-08-27 09:00:00,157.92282017571281
2011-08-27 10:00:00,231.70601413713848
2011-08-27 11:00:00,130.832297398244
2011-08-27 12:00:00,159.59832107319934
2011-08-27 13:00:00,176.53076408165134
2011-08-27 14:00:00,111.85775058858101
2011-08-27 15:00:00,113.16936361634717
2011-08-27 16:00:00,113.35455743677652
2011-08-27 17:00:00,96.5980305892203
2011-08-28 07:00:00,73.97881403291952
2011-08-28 08:00:00,120.77702602152283
2011-08-28 09:00:00,187.9772622231077
2011-08-28 10:00:00,274.4076027527711
2011-08-28 11:00:00,361.3885287280837
2011-08-28 12:00:00,398.1290189663981
2011-08-28 13:00:00,419.11273829169687
2011-08-28 14:00:00,376.9229197300794
2011-08-28 15:00:00,371.9453760784836
2011-08-28 16:00:00,364.5058319529693
2011-08-28 17:00:00,420.7926750356317
2011-08-28 18:00:00,389.46428963958806
2011-08-28 19:00:00,350.32961651492246
2011-08-28 20:00:00,242.80401704772805
2011-08-28 21:00:00,196.05106852499642
2011-08-28 22:00:00,135.194117497486
2011-08-28 23:00:00,75.94277453334557
2011-08-29 00:00:00,33.98005465398084
2011-08-29 01:00:00,13.555042557757945
2011-08-29 02:00:00,9.483018044735521
2011-08-29 03:00:00,5.0533969685761395
2011-08-29 04:00:00,4.985490108545454
2011-08-29 05:00:00,21.272028969901953
2011-08-29 06:00:00,109.24445133757528
2011-08-29 07:00:00,317.68794693765506
2011-08-29 08:00:00,390.0583962664474
2011-08-29 09:00:00,198.30781308274456
2011-08-29 10:00:00,121.4153291161743
2011-08-29 11:00:00,153.45195526386513
2011-08-29 12:00:00,198.0553256544045
2011-08-29 13:00:00,204.33622680810396
2011-08-29 14:00:00,178.66506544996545
2011-08-29 15:00:00,181.5216602820014
2011-08-29 16:00:00,308.15968397756257
2011-08-29 17:00:00,536.7805858513227
2011-08-29 18:00:00,528.8262617367399
2011-08-29 19:00:00,392.6620859734864
2011-08-29 20:00:00,281.2619049328862
2011-08-29 21:00:00,225.81506178712482
2011-08-29 22:00:00,137.77370284194677
2011-08-29 23:00:00,78.67387427612493
2011-08-30 00:00:00,34.38907576965987
2011-08-30 01:00:00,13.746883842047382
2011-08-30 02:00:00,8.425962282309827
2011-08-30 03:00:00,4.290369691556529
2011-08-30 04:00:00,5.160944809188037
2011-08-30 05:00:00,19.970816167778796
2011-08-30 06:00:00,109.69471324226083
2011-08-30 07:00:00,327.0087697391366
2011-08-30 08:00:00,413.77961854113875
2011-08-30 09:00:00,204.64976319696865
2011-08-30 10:00:00,120.2849426948893
2011-08-30 11:00:00,159.41967143928633
2011-08-30 12:00:00,201.35981529414818
2011-08-30 13:00:00,195.90500669481668
2011-08-30 14:00:00,178.81594013044884
2011-08-30 15:00:00,183.67967051310518
2011-08-30 16:00:00,309.86980781845864
2011-08-30 17:00:00,581.3840048416342
2011-08-30 18:00:00,553.1416119895822
2011-08-30 19:00:00,380.0086381079284
2011-08-30 20:00:00,277.51649019938117
2011-08-30 21:00:00,184.9642844944069
2011-08-30 22:00:00,149.7595203221033
2011-08-30 23:00:00,89.0679604915625
2011-08-31 00:00:00,30.16585868945129
2011-08-31 01:00:00,16.396873395345644
2011-08-31 02:00:00,7.619881814766111
2011-08-31 03:00:00,4.576577722023889
2011-08-31 04:00:00,5.251201035174134
2011-08-31 05:00:00,20.96399561073914
2011-08-31 06:00:00,106.6700919960882
2011-08-31 07:00:00,307.6514570266268
2011-08-31 08:00:00,403.56538842260113
2011-08-31 09:00:00,213.15663658980336
2011-08-31 10:00:00,119.65702526066427
2011-08-31 11:00:00,151.32282065853238
2011-08-31 12:00:00,183.1290535761017
2011-08-31 13:00:00,196.99462261232338
2011-08-31 14:00:00,174.50124642713445
2011-08-31 15:00:00,176.5897081636122
2011-08-31 16:00:00,294.5204806290915
2011-08-31 17:00:00,577.1930796159008
2011-08-31 18:00:00,542.5034488327274
2011-08-31 19:00:00,366.16119958264136
2011-08-31 20:00:00,278.819965691441
2011-08-31 21:00:00,195.5929545017786
2011-08-31 22:00:00,140.04658087816662
2011-08-31 23:00:00,74.80003347744848
2011-09-20 00:00:00,33.19935902852208
2011-09-20 01:00:00,10.325763217787951
2011-09-20 02:00:00,5.3720234850533
2011-09-20 03:00:00,4.243339934685511
2011-09-20 04:00:00,4.91992058059835
2011-09-20 05:00:00,22.235444098862246
2011-09-20 06:00:00,103.11106615895022
2011-09-20 07:00:00,253.282697298955
2011-09-20 08:00:00,159.02050135236712
2011-09-20 09:00:00,140.81870192202138
2011-09-20 10:00:00,113.79991956395695
2011-09-20 11:00:00,110.85470420909527
2011-09-20 12:00:00,93.27394883283489
2011-09-20 13:00:00,91.92297680733012
2011-09-20 14:00:00,143.58492380395603
2011-09-20 15:00:00,163.70461115729475
2011-09-20 16:00:00,264.40484592433256
2011-09-20 17:00:00,326.08651566964716
2011-09-20 18:00:00,321.78771263245477
2011-09-20 19:00:00,226.65703491335154
2011-09-20 20:00:00,111.74667999158001
2011-09-20 21:00:00,90.17424637859982
2011-09-20 22:00:00,100.63027638045892
2011-09-20 23:00:00,64.05899308237893
2011-09-21 00:00:00,25.548512539264213
2011-09-21 01:00:00,9.159533779559645
2011-09-21 02:00:00,7.152735310678141
2011-09-21 03:00:00,4.606310045823532
2011-09-21 04:00:00,4.912003442311592
2011-09-21 05:00:00,12.72915701349504
2011-09-21 06:00:00,100.41615206666233
2011-09-21 07:00:00,157.5075195927435
2011-09-21 08:00:00,188.62605065640912
2011-09-21 09:00:00,110.46918526134708
2011-09-21 10:00:00,102.57350484151998
2011-09-21 11:00:00,116.91601318599271
2011-09-21 12:00:00,159.70148634573104
2011-09-21 13:00:00,168.85582152741637
2011-09-21 14:00:00,163.67906829441634
2011-09-21 15:00:00,167.0703190294784
2011-09-21 16:00:00,296.0021801337403
2011-09-21 17:00:00,385.8573974211664
2011-09-21 18:00:00,306.34399400981084
2011-09-21 19:00:00,134.82227944770761
2011-09-21 20:00:00,119.68345222877907
2011-09-21 21:00:00,87.2284063885736
2011-09-21 22:00:00,100.71521249707456
2011-09-21 23:00:00,61.649012066139115
2011-09-22 00:00:00,23.356935276171384
2011-09-22 01:00:00,8.975559127437144
2011-09-22 02:00:00,8.887990397242618
2011-09-22 03:00:00,4.8875048908870085
2011-09-22 04:00:00,5.172316782877139
2011-09-22 05:00:00,15.60263610929635
2011-09-22 06:00:00,101.61491712088619
2011-09-22 07:00:00,182.15494968813977
2011-09-22 08:00:00,209.05165097959195
2011-09-22 09:00:00,129.40832880743375
2011-09-22 10:00:00,130.12514352745785
2011-09-22 11:00:00,134.11918453864413
2011-09-22 12:00:00,138.1591196455415
2011-09-22 13:00:00,143.45206940913073
2011-09-22 14:00:00,138.0544347192357
2011-09-22 15:00:00,138.00063863650473
2011-09-22 16:00:00,296.67550438363867
2011-09-22 17:00:00,449.73013863936796
2011-09-22 18:00:00,300.3822061230288
2011-09-22 19:00:00,209.2576421153082
2011-09-22 20:00:00,114.85664893022464
2011-09-22 21:00:00,127.52197220524236
2011-09-22 22:00:00,102.73693410358663
2011-09-22 23:00:00,75.63979251208926
2011-09-23 00:00:00,24.125389366454023
2011-09-23 01:00:00,12.310099622848496
2011-09-23 02:00:00,11.043749763997127
2011-09-23 03:00:00,4.9572377676752915
2011-09-23 04:00:00,4.384367799898036
2011-09-23 05:00:00,14.915814457070852
2011-09-23 06:00:00,87.73781510641271
2011-09-23 07:00:00,155.2800352518988
2011-09-23 08:00:00,187.67542803611462
2011-09-23 09:00:00,126.67142669301869
2011-09-23 10:00:00,116.73170887091472
2011-09-23 11:00:00,121.58411241251824
2011-09-23 12:00:00,132.93590890374094
2011-09-23 13:00:00,132.9161560313376
2011-09-23 14:00:00,132.6624237374293
2011-09-23 15:00:00,129.96973216180567
2011-09-23 16:00:00,131.46699832614405
2011-09-23 17:00:00,128.95934633001377
2011-09-23 18:00:00,131.33641314369143
2011-09-23 19:00:00,160.95470021277362
2011-09-23 20:00:00,124.72042719703454
2011-09-23 21:00:00,104.96384313758153
2011-09-23 22:00:00,121.6289241539271
2011-09-23 23:00:00,84.80864713343831
2011-09-24 00:00:00,77.2032234812805
2011-09-24 01:00:00,71.63846276256962
2011-09-24 02:00:00,62.29143053941138
2011-09-24 03:00:00,30.04947028659964
2011-09-24 04:00:00,7.47407880203851
2011-09-24 05:00:00,9.143562062189622
2011-09-24 06:00:00,13.8150191015217
2011-09-24 07:00:00,68.21004259104393
2011-09-24 08:00:00,101.20050627100973
2011-09-24 09:00:00,132.48466478465852
2011-09-24 10:00:00,164.22963616047178
2011-09-24 11:00:00,245.71260409108893
2011-09-24 12:00:00,250.8973931782291
2011-09-24 13:00:00,320.20390193245163
2011-09-24 14:00:00,352.7748091736047
2011-09-24 15:00:00,355.4985675281146
2011-09-24 16:00:00,307.89092940925275
2011-09-24 17:00:00,300.3353061505329
2011-09-24 18:00:00,268.50418900599885
2011-09-24 19:00:00,181.08144069104821
2011-09-24 20:00:00,156.30718336848352
2011-09-24 21:00:00,129.77100130203092
2011-09-24 22:00:00,121.43596729851473
2011-09-24 23:00:00,82.44401700935839
2011-09-25 00:00:00,93.7326187645289
2011-09-25 01:00:00,82.42014588594348
2011-09-25 02:00:00,58.888152964629604
2011-09-25 03:00:00,33.4368623337477
2011-09-25 04:00:00,5.702792063002313
2011-09-25 05:00:00,10.84888557341366
2011-09-25 06:00:00,13.948571079656755
2011-09-25 07:00:00,50.84406802893493
2011-09-25 08:00:00,78.98378195730848
2011-09-25 09:00:00,157.28505175774873
2011-09-25 10:00:00,212.65976885598616
2011-09-25 11:00:00,304.9258693373575
2011-09-25 12:00:00,315.78082982852754
2011-09-25 13:00:00,366.67749464505255
2011-09-25 14:00:00,315.32296010816134
2011-09-25 15:00:00,316.6249436239956
2011-09-25 16:00:00,364.0911774091468
2011-09-25 17:00:00,289.08647714583157
2011-09-25 18:00:00,278.9304275372804
2011-09-25 19:00:00,209.04075552390287
2011-09-25 20:00:00,158.20712380901398
2011-09-25 21:00:00,100.68947549006052
2011-09-25 22:00:00,125.36219604124072
2011-09-25 23:00:00,79.83035114066854
2011-09-26 00:00:00,24.896422112318067
2011-09-26 01:00:00,8.993810441608879
2011-09-26 02:00:00,5.718847310283024
2011-09-26 03:00:00,3.992494308967181
2011-09-26 04:00:00,4.801089354712242
2011-09-26 05:00:00,20.796693138725054
2011-09-26 06:00:00,102.84469376826567
2011-09-26 07:00:00,170.34739161954047
2011-09-26 08:00:00,207.2261085281202
2011-09-26 09:00:00,183.13371099737333
2011-09-26 10:00:00,128.61623952375598
2011-09-26 11:00:00,130.00327591232758
2011-09-26 12:00:00,138.10723183556797
2011-09-26 13:00:00,160.3058179717828
2011-09-26 14:00:00,175.27366753881756
2011-09-26 15:00:00,172.9290925138088
2011-09-26 16:00:00,301.4466545406021
2011-09-26 17:00:00,574.3214958130244
2011-09-26 18:00:00,312.7262506866166
2011-09-26 19:00:00,267.24252636522914
2011-09-26 20:00:00,153.48369736315342
2011-09-26 21:00:00,132.86349270569568
2011-09-26 22:00:00,108.41615847633389
2011-09-26 23:00:00,65.85099438889556
2011-09-27 00:00:00,26.597470296329
2011-09-27 01:00:00,8.579651449221428
2011-09-27 02:00:00,6.69462212426437
2011-09-27 03:00:00,4.311989849622819
2011-09-27 04:00:00,4.100514721387006
2011-09-27 05:00:00,9.932000891710675
2011-09-27 06:00:00,106.25779119945689
2011-09-27 07:00:00,177.86947843347025
2011-09-27 08:00:00,293.81370045630786
2011-09-27 09:00:00,161.65246865166836
2011-09-27 10:00:00,112.91532171379579
2011-09-27 11:00:00,111.28790613052925
2011-09-27 12:00:00,129.56557762787673
2011-09-27 13:00:00,161.02775520083145
2011-09-27 14:00:00,132.12919622212135
2011-09-27 15:00:00,133.69475374364265
2011-09-27 16:00:00,255.18951919612854
2011-09-27 17:00:00,182.39423260769695
2011-09-27 18:00:00,209.31103320865847
2011-09-27 19:00:00,200.2456697363727
2011-09-27 20:00:00,207.7309435695252
2011-09-27 21:00:00,143.28320081151455
2011-09-27 22:00:00,118.90609031189236
2011-09-27 23:00:00,60.201644893032615
2011-09-28 00:00:00,28.478286398114452
2011-09-28 01:00:00,10.803100515114384
2011-09-28 02:00:00,6.189369001808165
2011-09-28 03:00:00,4.7033208264154425
2011-09-28 04:00:00,6.129766009091314
2011-09-28 05:00:00,15.505182169282305
2011-09-28 06:00:00,63.5253134009796
2011-09-28 07:00:00,128.86611261171015
2011-09-28 08:00:00,186.1355747639874
2011-09-28 09:00:00,165.73669864138617
2011-09-28 10:00:00,70.85811416122431
2011-09-28 11:00:00,119.72800938399746
2011-09-28 12:00:00,129.8375376619032
2011-09-28 13:00:00,164.52772605247657
2011-09-28 14:00:00,165.18733762332272
2011-09-28 15:00:00,173.4970549324757
2011-09-28 16:00:00,299.12955780677015
2011-09-28 17:00:00,578.5635563940176
2011-09-28 18:00:00,285.2385985118772
2011-09-28 19:00:00,247.26924184192353
2011-09-28 20:00:00,98.77786212730379
2011-09-28 21:00:00,101.08033894630213
2011-09-28 22:00:00,117.79953656836729
2011-09-28 23:00:00,62.19883693842368
2011-09-29 00:00:00,23.508942049165913
2011-09-29 01:00:00,8.78529986272212
2011-09-29 02:00:00,8.503425626246395
2011-09-29 03:00:00,4.633939454427212
2011-09-29 04:00:00,5.538086436722931
2011-09-29 05:00:00,21.464531560635535
2011-09-29 06:00:00,108.00512485878582
2011-09-29 07:00:00,259.99190490601893
2011-09-29 08:00:00,430.96663063398535
2011-09-29 09:00:00,213.44981412273557
2011-09-29 10:00:00,124.47643099387979
2011-09-29 11:00:00,150.9760277645469
2011-09-29 12:00:00,192.91802572440878
2011-09-29 13:00:00,192.28590965196634
2011-09-29 14:00:00,186.3070865281069
2011-09-29 15:00:00,183.6583049852515
2011-09-29 16:00:00,297.87702397969593
2011-09-29 17:00:00,560.423990252853
2011-09-29 18:00:00,532.5519633861772
2011-09-29 19:00:00,345.452589630459
2011-09-29 20:00:00,260.4248796405441
2011-09-29 21:00:00,180.5604726952554
2011-09-29 22:00:00,126.56809119375978
2011-09-29 23:00:00,93.14004401599365
2011-09-30 00:00:00,47.116656319668905
2011-09-30 01:00:00,25.37293925862805
2011-09-30 02:00:00,12.310586712191503
2011-09-30 03:00:00,4.9328092017115255
2011-09-30 04:00:00,5.255597760537942
2011-09-30 05:00:00,20.917684719762036
2011-09-30 06:00:00,89.99701782284987
2011-09-30 07:00:00,264.93845092832004
2011-09-30 08:00:00,423.05072759259446
2011-09-30 09:00:00,209.21633371827815
2011-09-30 10:00:00,160.64703226027206
2011-09-30 11:00:00,168.35149338971917
2011-09-30 12:00:00,216.63701992612022
2011-09-30 13:00:00,200.7997752164232
2011-09-30 14:00:00,206.5377677327165
2011-09-30 15:00:00,209.63498172064067
2011-09-30 16:00:00,361.6693657965781
2011-09-30 17:00:00,500.4239808148799
2011-09-30 18:00:00,472.512025676606
2011-09-30 19:00:00,291.46323856586554
2011-09-30 20:00:00,198.6923633482171
2011-09-30 21:00:00,163.47216991625723
2011-09-30 22:00:00,122.90553083541865
2011-09-30 23:00:00,99.78876437318097
2011-10-20 00:00:00,22.51276290985431
2011-10-20 01:00:00,12.287252127306543
2011-10-20 02:00:00,6.707236758467926
2011-10-20 03:00:00,3.988105899907203
2011-10-20 04:00:00,4.650109625447591
2011-10-20 05:00:00,23.678183415326266
2011-10-20 06:00:00,80.07038358932809
2011-10-20 07:00:00,280.20641606564755
2011-10-20 08:00:00,359.16054930311645
2011-10-20 09:00:00,214.1729697023078
2011-10-20 10:00:00,122.61141626168843
2011-10-20 11:00:00,133.60754088956665
2011-10-20 12:00:00,168.4122793643363
2011-10-20 13:00:00,171.20802783762565
2011-10-20 14:00:00,147.27057422700426
2011-10-20 15:00:00,148.0990636010677
2011-10-20 16:00:00,240.7702551714159
2011-10-20 17:00:00,424.02530665368135
2011-10-20 18:00:00,387.7152727261288
2011-10-20 19:00:00,261.19863620792785
2011-10-20 20:00:00,177.69003377595558
2011-10-20 21:00:00,134.679519444183
2011-10-20 22:00:00,115.3766417654135
2011-10-20 23:00:00,78.34601399895479
2011-10-21 00:00:00,46.83706497069944
2011-10-21 01:00:00,24.528879616679514
2011-10-21 02:00:00,12.758821886458893
2011-10-21 03:00:00,5.155789827139357
2011-10-21 04:00:00,4.900998624203908
2011-10-21 05:00:00,21.85943634675094
2011-10-21 06:00:00,87.45597525552535
2011-10-21 07:00:00,257.88913731219566
2011-10-21 08:00:00,366.1586969904522
2011-10-21 09:00:00,197.7346650537918
2011-10-21 10:00:00,155.14960314234364
2011-10-21 11:00:00,163.50367146076326
2011-10-21 12:00:00,195.4508004972873
2011-10-21 13:00:00,187.16317449609636
2011-10-21 14:00:00,196.69336715675826
2011-10-21 15:00:00,199.69914869816807
2011-10-21 16:00:00,304.9976222357251
2011-10-21 17:00:00,419.25326502950355
2011-10-21 18:00:00,367.88516275188044
2011-10-21 19:00:00,240.05688805638363
2011-10-21 20:00:00,178.84560491495535
2011-10-21 21:00:00,143.58473506954374
2011-10-21 22:00:00,117.07887718315216
2011-10-21 23:00:00,81.55879222233622
2011-10-22 00:00:00,88.2539436800325
2011-10-22 01:00:00,68.66728797540671
2011-10-22 02:00:00,66.28394759427549
2011-10-22 03:00:00,29.115098387221245
2011-10-22 04:00:00,5.582892363115969
2011-10-22 05:00:00,6.488305440767935
2011-10-22 06:00:00,16.526440684934197
2011-10-22 07:00:00,50.62112667334022
2011-10-22 08:00:00,96.9699674976677
2011-10-22 09:00:00,163.2303461365355
2011-10-22 10:00:00,237.88328147514744
2011-10-22 11:00:00,281.2196184424583
2011-10-22 12:00:00,319.5234154506621
2011-10-22 13:00:00,348.90100842529125
2011-10-22 14:00:00,339.7479396663866
2011-10-22 15:00:00,330.17517413768667
2011-10-22 16:00:00,313.8295549190171
2011-10-22 17:00:00,289.0526992630483
2011-10-22 18:00:00,260.19610989048954
2011-10-22 19:00:00,237.0922625952142
2011-10-22 20:00:00,166.31697403284028
2011-10-22 21:00:00,127.68930573094369
2011-10-22 22:00:00,111.11105167336305
2011-10-22 23:00:00,72.20369288608066
2011-10-23 00:00:00,78.0197741793848
2011-10-23 01:00:00,63.481335589253526
2011-10-23 02:00:00,61.26223834523141
2011-10-23 03:00:00,36.67518111764646
2011-10-23 04:00:00,6.64760123177847
2011-10-23 05:00:00,6.997925024202827
2011-10-23 06:00:00,12.839204050288505
2011-10-23 07:00:00,43.05547153202886
2011-10-23 08:00:00,87.99980459945924
2011-10-23 09:00:00,144.1305486611111
2011-10-23 10:00:00,245.27582072515867
2011-10-23 11:00:00,290.0670666280132
2011-10-23 12:00:00,336.22115059432036
2011-10-23 13:00:00,353.08532445269685
2011-10-23 14:00:00,350.9451596842888
2011-10-23 15:00:00,356.69443020591063
2011-10-23 16:00:00,334.00612967887264
2011-10-23 17:00:00,282.4478457022979
2011-10-23 18:00:00,260.6058911503789
2011-10-23 19:00:00,213.9078756519741
2011-10-23 20:00:00,157.37587556268164
2011-10-23 21:00:00,117.94300542447077
2011-10-23 22:00:00,88.61967010202272
2011-10-23 23:00:00,68.17593397896648
2011-10-24 00:00:00,31.213755487389953
2011-10-24 01:00:00,8.549111113059249
2011-10-24 02:00:00,5.521425719693429
2011-10-24 03:00:00,5.5224598031909
2011-10-24 04:00:00,5.553856845616371
2011-10-24 05:00:00,20.3416590793145
2011-10-24 06:00:00,92.1446665285649
2011-10-24 07:00:00,222.87932005277423
2011-10-24 08:00:00,337.6141010633478
2011-10-24 09:00:00,191.67420000712136
2011-10-24 10:00:00,117.41039233351493
2011-10-24 11:00:00,130.8975320762859
2011-10-24 12:00:00,173.43554648859978
2011-10-24 13:00:00,174.1418953284869
2011-10-24 14:00:00,174.13154607783514
2011-10-24 15:00:00,181.505755097522
2011-10-24 16:00:00,290.2720403048424
2011-10-24 17:00:00,494.0424903641468
2011-10-24 18:00:00,518.2326594257908
2011-10-24 19:00:00,234.18020309340395
2011-10-24 20:00:00,186.60359067856672
2011-10-24 21:00:00,136.31742000677994
2011-10-24 22:00:00,118.40588903075741
2011-10-24 23:00:00,65.7539317276641
2011-10-25 00:00:00,37.77657389013489
2011-10-25 01:00:00,11.28577911982099
2011-10-25 02:00:00,5.64769743702094
2011-10-25 03:00:00,5.063645073129925
2011-10-25 04:00:00,5.795586924051609
2011-10-25 05:00:00,20.741504321911265
2011-10-25 06:00:00,93.97490112210895
2011-10-25 07:00:00,276.8782471891203
2011-10-25 08:00:00,403.42342770958555
2011-10-25 09:00:00,206.48563954632016
2011-10-25 10:00:00,119.75857373213691
2011-10-25 11:00:00,135.54677535210763
2011-10-25 12:00:00,190.83556791814163
2011-10-25 13:00:00,191.8316916888038
2011-10-25 14:00:00,166.16006659630415
2011-10-25 15:00:00,176.97068683811284
2011-10-25 16:00:00,305.16655730171783
2011-10-25 17:00:00,572.3563099233008
2011-10-25 18:00:00,472.6036759573889
2011-10-25 19:00:00,298.1029124293272
2011-10-25 20:00:00,206.34965594301042
2011-10-25 21:00:00,151.61405021787996
2011-10-25 22:00:00,131.1367989550312
2011-10-25 23:00:00,68.24898628856562
2011-10-26 00:00:00,38.81675428429845
2011-10-26 01:00:00,13.518745113021408
2011-10-26 02:00:00,6.825994977067468
2011-10-26 03:00:00,4.400428822527813
2011-10-26 04:00:00,4.226736007719118
2011-10-26 05:00:00,23.416674720046807
2011-10-26 06:00:00,102.03654473982553
2011-10-26 07:00:00,295.92903323813283
2011-10-26 08:00:00,372.0846740011518
2011-10-26 09:00:00,210.165903148122
2011-10-26 10:00:00,120.82482400310863
2011-10-26 11:00:00,134.8670085647088
2011-10-26 12:00:00,177.39156943221008
2011-10-26 13:00:00,159.49682480375304
2011-10-26 14:00:00,148.08670368781537
2011-10-26 15:00:00,155.74505187115778
2011-10-26 16:00:00,271.23587969897295
2011-10-26 17:00:00,429.454741219344
2011-10-26 18:00:00,421.74261987793415
2011-10-26 19:00:00,242.86276772449466
2011-10-26 20:00:00,157.90920325651237
2011-10-26 21:00:00,157.78871921081287
2011-10-26 22:00:00,114.96538268919247
2011-10-26 23:00:00,64.0185144041576
2011-10-27 00:00:00,28.387315499163723
2011-10-27 01:00:00,7.709057765175008
2011-10-27 02:00:00,7.657212488831967
2011-10-27 03:00:00,3.937764128515295
2011-10-27 04:00:00,4.625817328557684
2011-10-27 05:00:00,13.273054479185618
2011-10-27 06:00:00,47.99290991153312
2011-10-27 07:00:00,198.18174032375904
2011-10-27 08:00:00,160.00826365841652
2011-10-27 09:00:00,207.74590205498848
2011-10-27 10:00:00,102.09184770403544
2011-10-27 11:00:00,96.12700245904603
2011-10-27 12:00:00,95.00367480445709
2011-10-27 13:00:00,146.38447902850683
2011-10-27 14:00:00,124.56729702180533
2011-10-27 15:00:00,143.90556730258706
2011-10-27 16:00:00,293.9032545002302
2011-10-27 17:00:00,367.38713060350193
2011-10-27 18:00:00,374.25452894195297
2011-10-27 19:00:00,236.7200416453634
2011-10-27 20:00:00,166.1802665460115
2011-10-27 21:00:00,91.01825033685267
2011-10-27 22:00:00,62.00449631720281
2011-10-27 23:00:00,57.651647261370016
2011-10-28 00:00:00,45.5931507746885
2011-10-28 01:00:00,19.855068718379258
2011-10-28 02:00:00,11.559933069048565
2011-10-28 03:00:00,3.1775847873054626
2011-10-28 04:00:00,3.2084946369137635
2011-10-28 05:00:00,20.944773959251258
2011-10-28 06:00:00,83.74685882127345
2011-10-28 07:00:00,196.1267250986951
2011-10-28 08:00:00,275.1158751849897
2011-10-28 09:00:00,174.79129777259024
2011-10-28 10:00:00,124.93327478900783
2011-10-28 11:00:00,156.42168675185297
2011-10-28 12:00:00,168.34469314276492
2011-10-28 13:00:00,174.57871485945583
2011-10-28 14:00:00,162.76606072042927
2011-10-28 15:00:00,169.11598813731524
2011-10-28 16:00:00,224.1677172917918
2011-10-28 17:00:00,328.1398750335564
2011-10-28 18:00:00,309.37076149743433
2011-10-28 19:00:00,205.8083092532113
2011-10-28 20:00:00,131.08832263393566
2011-10-28 21:00:00,79.76053173289006
2011-10-28 22:00:00,55.114130181427484
2011-10-28 23:00:00,47.08417969680255
2011-10-29 00:00:00,46.61089970747475
2011-10-29 01:00:00,34.61566779921064
2011-10-29 02:00:00,38.359555949603745
2011-10-29 03:00:00,14.460361337918519
2011-10-29 04:00:00,3.4071111526947857
2011-10-29 05:00:00,3.341880443803037
2011-10-29 06:00:00,11.437891294346864
2011-10-29 07:00:00,33.34093240542574
2011-10-29 08:00:00,71.4021907633148
2011-10-29 09:00:00,86.27114510087277
2011-10-29 10:00:00,94.85523696997484
2011-10-29 11:00:00,97.7753312706669
2011-10-29 12:00:00,96.68288337511046
2011-10-29 13:00:00,98.03403657091435
2011-10-29 14:00:00,99.81457949236
2011-10-29 15:00:00,88.29136647021457
2011-10-29 16:00:00,89.16830551486264
2011-10-29 17:00:00,86.92945564358497
2011-10-29 18:00:00,81.1857345134793
2011-10-29 19:00:00,98.2800025832354
2011-10-29 20:00:00,82.3710258148182
2011-10-29 21:00:00,57.89283742188498
2011-10-29 22:00:00,57.647133824714
2011-10-29 23:00:00,47.87726731066912
2011-10-30 00:00:00,54.05355347748762
2011-10-30 01:00:00,41.96514136121579
2011-10-30 02:00:00,38.59465353330283
2011-10-30 03:00:00,15.58353336265301
2011-10-30 04:00:00,3.7472296837521237
2011-10-30 05:00:00,3.042002627041277
2011-10-30 06:00:00,12.056139468877015
2011-10-30 07:00:00,28.886344401970028
2011-10-30 08:00:00,72.04790948483418
2011-10-30 09:00:00,111.07562041125506
2011-10-30 10:00:00,177.55198600996977
2011-10-30 11:00:00,244.18381190307662
2011-10-30 12:00:00,277.3686341760703
2011-10-30 13:00:00,304.9106169620693
2011-10-30 14:00:00,333.3181941898887
2011-10-30 15:00:00,332.9455613196572
2011-10-30 16:00:00,292.7417550091761
2011-10-30 17:00:00,246.08384952605525
2011-10-30 18:00:00,201.13929147431875
2011-10-30 19:00:00,294.69407650286394
2011-10-30 20:00:00,100.19111774204876
2011-10-30 21:00:00,86.0732421122576
2011-10-30 22:00:00,64.50859553748585
2011-10-30 23:00:00,46.423454393322864
2011-10-31 00:00:00,18.488215581143205
2011-10-31 01:00:00,7.268138576998705
2011-10-31 02:00:00,3.7564555522489975
2011-10-31 03:00:00,3.6044788760599213
2011-10-31 04:00:00,4.113150499595825
2011-10-31 05:00:00,20.96042313946296
2011-10-31 06:00:00,89.089170146544
2011-10-31 07:00:00,219.20296008026904
2011-10-31 08:00:00,284.30322946217984
2011-10-31 09:00:00,156.41551954485192
2011-10-31 10:00:00,109.92433393301289
2011-10-31 11:00:00,134.97707946561212
2011-10-31 12:00:00,162.17729965866135
2011-10-31 13:00:00,155.16209864644836
2011-10-31 14:00:00,149.8224399963735
2011-10-31 15:00:00,169.5331362114412
2011-10-31 16:00:00,262.62721793814524
2011-10-31 17:00:00,446.73098134359867
2011-10-31 18:00:00,386.69213227715017
2011-10-31 19:00:00,274.8230446038748
2011-10-31 20:00:00,195.67643511152025
2011-10-31 21:00:00,128.09517325099145
2011-10-31 22:00:00,97.05797210417084
2011-10-31 23:00:00,55.73087053090998
2011-11-20 00:00:00,81.35825065792781
2011-11-20 01:00:00,67.05859894231507
2011-11-20 02:00:00,67.16021049162282
2011-11-20 03:00:00,29.967675638581195
2011-11-20 04:00:00,3.652494382196085
2011-11-20 05:00:00,4.746394481548032
2011-11-20 06:00:00,15.679957089383894
2011-11-20 07:00:00,52.54165997653023
2011-11-20 08:00:00,89.44696991298187
2011-11-20 09:00:00,151.47095067936073
2011-11-20 10:00:00,242.4939896092139
2011-11-20 11:00:00,324.7635250584194
2011-11-20 12:00:00,335.4151625565238
2011-11-20 13:00:00,346.07787791575504
2011-11-20 14:00:00,344.63348900156063
2011-11-20 15:00:00,343.7394287600572
2011-11-20 16:00:00,318.1868255983702
2011-11-20 17:00:00,274.3042800583523
2011-11-20 18:00:00,275.1858033834283
2011-11-20 19:00:00,230.0399446969003
2011-11-20 20:00:00,170.76963242975106
2011-11-20 21:00:00,128.4014749293465
2011-11-20 22:00:00,54.001320178725294
2011-11-20 23:00:00,46.96842626542461
2011-11-21 00:00:00,26.473565605367
2011-11-21 01:00:00,6.794033954216599
2011-11-21 02:00:00,5.930927068374328
2011-11-21 03:00:00,3.822700169180667
2011-11-21 04:00:00,4.312837020721242
2011-11-21 05:00:00,10.976300521701956
2011-11-21 06:00:00,79.30569165535798
2011-11-21 07:00:00,190.25586060047914
2011-11-21 08:00:00,262.4874741993663
2011-11-21 09:00:00,150.2663473520107
2011-11-21 10:00:00,111.5433174589151
2011-11-21 11:00:00,119.6047395527091
2011-11-21 12:00:00,161.05065093081282
2011-11-21 13:00:00,159.67674274795513
2011-11-21 14:00:00,133.06331502781578
2011-11-21 15:00:00,77.89869569589847
2011-11-21 16:00:00,97.09474253843422
2011-11-21 17:00:00,96.83715734969748
2011-11-21 18:00:00,161.08216644343418
2011-11-21 19:00:00,100.13585462023028
2011-11-21 20:00:00,111.466451136
2011-11-21 21:00:00,95.96280706379272
2011-11-21 22:00:00,66.83648940953283
2011-11-21 23:00:00,49.90212926272429
2011-11-22 00:00:00,19.854241585382038
2011-11-22 01:00:00,7.112402914808782
2011-11-22 02:00:00,5.980427989653096
2011-11-22 03:00:00,4.189003589057318
2011-11-22 04:00:00,4.43106055631012
2011-11-22 05:00:00,11.029986132891015
2011-11-22 06:00:00,79.40951515516036
2011-11-22 07:00:00,129.80178654925865
2011-11-22 08:00:00,147.1622059060147
2011-11-22 09:00:00,126.45670736284094
2011-11-22 10:00:00,87.35195629369835
2011-11-22 11:00:00,83.45595218192813
2011-11-22 12:00:00,81.44401472300487
2011-11-22 13:00:00,75.56865853021051
2011-11-22 14:00:00,74.83350810887671
2011-11-22 15:00:00,81.47678062593415
2011-11-22 16:00:00,96.05722803662485
2011-11-22 17:00:00,103.05155248101536
2011-11-22 18:00:00,112.47851670747833
2011-11-22 19:00:00,133.2630397537613
2011-11-22 20:00:00,142.6892876026045
2011-11-22 21:00:00,108.50181254869021
2011-11-22 22:00:00,114.50895591349077
2011-11-22 23:00:00,68.82558128504628
2011-11-23 00:00:00,23.050478757630245
2011-11-23 01:00:00,8.331498769528007
2011-11-23 02:00:00,4.929861044679543
2011-11-23 03:00:00,3.0743997323818055
2011-11-23 04:00:00,4.318390247298285
2011-11-23 05:00:00,16.275688740517378
2011-11-23 06:00:00,77.64100446805672
2011-11-23 07:00:00,183.48858374792854
2011-11-23 08:00:00,238.92099132453163
2011-11-23 09:00:00,142.2055048722068
2011-11-23 10:00:00,93.57210811153463
2011-11-23 11:00:00,127.79249417580404
2011-11-23 12:00:00,167.6335976558186
2011-11-23 13:00:00,150.4126860213206
2011-11-23 14:00:00,153.29754759886703
2011-11-23 15:00:00,144.98432166715753
2011-11-23 16:00:00,204.09808160606684
2011-11-23 17:00:00,238.04051249298254
2011-11-23 18:00:00,337.46681266900436
2011-11-23 19:00:00,240.98947861160875
2011-11-23 20:00:00,153.80518185322197
2011-11-23 21:00:00,75.76997323678744
2011-11-23 22:00:00,62.98556605762919
2011-11-23 23:00:00,62.1774083045499
2011-11-24 00:00:00,42.103582279750995
2011-11-24 01:00:00,21.04724373648394
2011-11-24 02:00:00,17.94819557766577
2011-11-24 03:00:00,7.635445071453977
2011-11-24 04:00:00,5.13145928257754
2011-11-24 05:00:00,8.297307048837489
2011-11-24 06:00:00,42.896983590502956
2011-11-24 07:00:00,131.16505513240347
2011-11-24 08:00:00,223.35590348267894
2011-11-24 09:00:00,181.87789734666092
2011-11-24 10:00:00,210.4419659322357
2011-11-24 11:00:00,260.6435949739685
2011-11-24 12:00:00,278.15079189733274
2011-11-24 13:00:00,290.90476950404616
2011-11-24 14:00:00,309.237679965471
2011-11-24 15:00:00,302.82679242978344
2011-11-24 16:00:00,294.96311729301436
2011-11-24 17:00:00,370.3983027821598
2011-11-24 18:00:00,314.93386252482884
2011-11-24 19:00:00,225.52106565579473
2011-11-24 20:00:00,150.19709320133757
2011-11-24 21:00:00,116.9791916205738
2011-11-24 22:00:00,98.66588002624574
2011-11-24 23:00:00,67.68345182633631
2011-11-25 00:00:00,44.77050200187133
2011-11-25 01:00:00,19.403483598848002
2011-11-25 02:00:00,10.230618439474082
2011-11-25 03:00:00,3.9732599845533922
2011-11-25 04:00:00,3.698599828325349
2011-11-25 05:00:00,20.789596864817256
2011-11-25 06:00:00,78.40722936586431
2011-11-25 07:00:00,256.99012248791433
2011-11-25 08:00:00,295.5068050432012
2011-11-25 09:00:00,198.68346362504266
2011-11-25 10:00:00,143.111116061566
2011-11-25 11:00:00,159.41544662724817
2011-11-25 12:00:00,199.3153393800474
2011-11-25 13:00:00,199.39561560554057
2011-11-25 14:00:00,200.0259737376498
2011-11-25 15:00:00,204.1242235502952
2011-11-25 16:00:00,306.7409464129214
2011-11-25 17:00:00,447.9631172509721
2011-11-25 18:00:00,420.1059998050332
2011-11-25 19:00:00,252.16768114863225
2011-11-25 20:00:00,185.64456685641898
2011-11-25 21:00:00,134.6442150636667
2011-11-25 22:00:00,102.58555886164858
2011-11-25 23:00:00,69.90223703552485
2011-11-26 00:00:00,71.43639313243682
2011-11-26 01:00:00,55.56879895772186
2011-11-26 02:00:00,53.73316982683274
2011-11-26 03:00:00,24.60498545762468
2011-11-26 04:00:00,6.006029351171131
2011-11-26 05:00:00,5.654013788188366
2011-11-26 06:00:00,15.763562476806717
2011-11-26 07:00:00,34.72448829156757
2011-11-26 08:00:00,108.9119509729482
2011-11-26 09:00:00,144.8323726708761
2011-11-26 10:00:00,195.00816233125045
2011-11-26 11:00:00,288.78371580947464
2011-11-26 12:00:00,320.72032007882785
2011-11-26 13:00:00,333.553021901275
2011-11-26 14:00:00,338.06301765666524
2011-11-26 15:00:00,348.7120267183681
2011-11-26 16:00:00,295.3276400579866
2011-11-26 17:00:00,279.61701496912474
2011-11-26 18:00:00,234.91231956668904
2011-11-26 19:00:00,204.00492467112613
2011-11-26 20:00:00,159.98583636949428
2011-11-26 21:00:00,113.24978755063125
2011-11-26 22:00:00,104.26542848315181
2011-11-26 23:00:00,70.14808189947827
2011-11-27 00:00:00,79.83834695352019
2011-11-27 01:00:00,67.58605581405028
2011-11-27 02:00:00,60.77404301566864
2011-11-27 03:00:00,36.86062257895057
2011-11-27 04:00:00,5.72173799796766
2011-11-27 05:00:00,5.093944869242124
2011-11-27 06:00:00,15.535328218546265
2011-11-27 07:00:00,54.24611130974999
2011-11-27 08:00:00,87.76191755987128
2011-11-27 09:00:00,149.66484262909648
2011-11-27 10:00:00,242.54732175755095
2011-11-27 11:00:00,317.8257066051349
2011-11-27 12:00:00,353.49592790217054
2011-11-27 13:00:00,351.90773766772656
2011-11-27 14:00:00,416.06528628871484
2011-11-27 15:00:00,416.5473688547516
2011-11-27 16:00:00,388.6795848341856
2011-11-27 17:00:00,301.63121773228767
2011-11-27 18:00:00,248.91915669608883
2011-11-27 19:00:00,221.28499082432683
2011-11-27 20:00:00,155.75744393257855
2011-11-27 21:00:00,124.02698062778593
2011-11-27 22:00:00,107.93022855611989
2011-11-27 23:00:00,72.10290299731315
2011-11-28 00:00:00,39.75521514995022
2011-11-28 01:00:00,12.482310408515627
2011-11-28 03:00:00,4.817613063990524
2011-11-28 04:00:00,5.830401595476464
2011-11-28 05:00:00,20.088388719481223
2011-11-28 06:00:00,86.78068001430685
2011-11-28 07:00:00,276.1678370413978
2011-11-28 08:00:00,268.46477631547356
2011-11-28 09:00:00,190.6727795005249
2011-11-28 10:00:00,119.57367242196534
2011-11-28 11:00:00,130.0541388813961
2011-11-28 12:00:00,193.23203697919976
2011-11-28 13:00:00,184.5733656873249
2011-11-28 14:00:00,182.8634208271612
2011-11-28 15:00:00,188.686160266297
2011-11-28 16:00:00,298.4050792338822
2011-11-28 17:00:00,542.2701450385904
2011-11-28 18:00:00,506.0820891496586
2011-11-28 19:00:00,322.1195884741897
2011-11-28 20:00:00,223.86114328298316
2011-11-28 21:00:00,176.47362225004633
2011-11-28 22:00:00,119.58390088853568
2011-11-28 23:00:00,64.01132188211879
2011-11-29 00:00:00,28.036490969227543
2011-11-29 01:00:00,10.837007244602216
2011-11-29 02:00:00,6.304001747042673
2011-11-29 03:00:00,4.516610504175276
2011-11-29 04:00:00,4.302791162106166
2011-11-29 05:00:00,21.597841669398733
2011-11-29 06:00:00,95.08678716195799
2011-11-29 07:00:00,303.8600347444132
2011-11-29 08:00:00,439.39856562138345
2011-11-29 09:00:00,206.16131477796318
2011-11-29 10:00:00,103.67070451684404
2011-11-29 11:00:00,93.68119688056692
2011-11-29 12:00:00,88.99722287062514
2011-11-29 13:00:00,102.13616133330467
2011-11-29 14:00:00,83.60135992371671
2011-11-29 15:00:00,84.089810261636
2011-11-29 16:00:00,112.00734682743723
2011-11-29 17:00:00,198.18964325967642
2011-11-29 18:00:00,240.52821150795117
2011-11-29 19:00:00,202.26156956752496
2011-11-29 20:00:00,158.50614642009796
2011-11-29 21:00:00,127.95064578125739
2011-11-29 22:00:00,99.7622237405578
2011-11-29 23:00:00,49.41440961963861
2011-11-30 00:00:00,25.024628590150648
2011-11-30 01:00:00,11.976556868896143
2011-11-30 02:00:00,5.373674282371782
2011-11-30 03:00:00,3.5152928637149086
2011-11-30 04:00:00,4.038182490231846
2011-11-30 05:00:00,20.863327352204685
2011-11-30 06:00:00,81.36901503507217
2011-11-30 07:00:00,240.0557616843686
2011-11-30 08:00:00,325.240489464148
2011-11-30 09:00:00,203.55752589875073
2011-11-30 10:00:00,112.92579858001292
2011-11-30 11:00:00,129.32426992575395
2011-11-30 12:00:00,133.8441519041747
2011-11-30 13:00:00,142.32642154624205
2011-11-30 14:00:00,140.71437321438594
2011-11-30 15:00:00,139.13402844742066
2011-11-30 16:00:00,210.09757444063519
2011-11-30 17:00:00,312.84249856941534
2011-11-30 18:00:00,329.4215779658117
2011-11-30 19:00:00,217.52475738612193
2011-11-30 20:00:00,159.17606569441347
2011-11-30 21:00:00,96.26883344870168
2011-11-30 22:00:00,91.77746385949428
2011-11-30 23:00:00,56.464244253239535
2011-12-20 00:00:00,27.465077294414165
2011-12-20 01:00:00,12.20145221365079
2011-12-20 02:00:00,5.50633766074654
2011-12-20 03:00:00,4.116113965955904
2011-12-20 04:00:00,4.347339947575751
2011-12-20 05:00:00,21.39911470807524
2011-12-20 06:00:00,84.1579134945255
2011-12-20 07:00:00,266.48632218425627
2011-12-20 08:00:00,392.34518854458133
2011-12-20 09:00:00,230.60385840185717
2011-12-20 10:00:00,119.72506856475576
2011-12-20 11:00:00,133.1087545489159
2011-12-20 12:00:00,158.03502241954072
2011-12-20 13:00:00,155.07931271763573
2011-12-20 14:00:00,150.68331938702474
2011-12-20 15:00:00,147.53575973172013
2011-12-20 16:00:00,253.0546664922058
2011-12-20 17:00:00,377.54179527890614
2011-12-20 18:00:00,366.4758449989555
2011-12-20 19:00:00,263.56702197129425
2011-12-20 20:00:00,184.83080132601754
2011-12-20 21:00:00,139.00524792392835
2011-12-20 22:00:00,105.40478428454053
2011-12-20 23:00:00,65.20186949937994
2011-12-21 00:00:00,26.85942985612021
2011-12-21 01:00:00,12.11114829251311
2011-12-21 02:00:00,6.10119190526274
2011-12-21 03:00:00,4.190353640794471
2011-12-21 04:00:00,4.277374171476861
2011-12-21 05:00:00,18.96590890387368
2011-12-21 06:00:00,71.76031716777048
2011-12-21 07:00:00,190.05382812137827
2011-12-21 08:00:00,111.11372720501443
2011-12-21 09:00:00,166.61791027742652
2011-12-21 10:00:00,106.22490712723973
2011-12-21 11:00:00,106.53243195398753
2011-12-21 12:00:00,69.01876210218573
2011-12-21 13:00:00,55.882715569146114
2011-12-21 14:00:00,137.71306123636546
2011-12-21 15:00:00,143.24456890489958
2011-12-21 16:00:00,67.4659094190864
2011-12-21 17:00:00,71.44171716634747
2011-12-21 18:00:00,122.33195357016945
2011-12-21 19:00:00,121.27720215433109
2011-12-21 20:00:00,111.20722391521278
2011-12-21 21:00:00,121.95998998898102
2011-12-21 22:00:00,107.06643358364512
2011-12-21 23:00:00,65.75052337891614
2011-12-22 00:00:00,37.84388511134637
2011-12-22 01:00:00,8.020607234930031
2011-12-22 02:00:00,8.824789242129924
2011-12-22 03:00:00,4.772574424958083
2011-12-22 04:00:00,5.251007423510106
2011-12-22 05:00:00,18.541949369866245
2011-12-22 06:00:00,75.95420407518432
2011-12-22 07:00:00,199.14986412901175
2011-12-22 08:00:00,285.0225930887147
2011-12-22 09:00:00,168.6992108386172
2011-12-22 10:00:00,100.47688624722291
2011-12-22 11:00:00,108.00381336155044
2011-12-22 12:00:00,150.5928789917545
2011-12-22 13:00:00,143.61098426390066
2011-12-22 14:00:00,141.31045915923843
2011-12-22 15:00:00,144.02457626608387
2011-12-22 16:00:00,225.30252198384042
2011-12-22 17:00:00,319.01925531593577
2011-12-22 18:00:00,319.46216863744064
2011-12-22 19:00:00,238.44631558255156
2011-12-22 20:00:00,115.32591022906782
2011-12-22 21:00:00,90.92283303025059
2011-12-22 22:00:00,56.36545602648643
2011-12-22 23:00:00,50.33369403684951
2011-12-23 00:00:00,35.24132673362533
2011-12-23 01:00:00,20.851045552558382
2011-12-23 02:00:00,9.14036972275778
2011-12-23 03:00:00,4.021170154710408
2011-12-23 04:00:00,3.6986948567309725
2011-12-23 05:00:00,16.763797122182336
2011-12-23 06:00:00,75.12833409049992
2011-12-23 07:00:00,205.26923747352424
2011-12-23 08:00:00,307.3570149745897
2011-12-23 09:00:00,179.3893811531485
2011-12-23 10:00:00,135.20693307146342
2011-12-23 11:00:00,145.21938846763462
2011-12-23 12:00:00,159.66865724117315
2011-12-23 13:00:00,161.93984670355957
2011-12-23 14:00:00,160.8017147610035
2011-12-23 15:00:00,159.25558160473642
2011-12-23 16:00:00,207.32098502232742
2011-12-23 17:00:00,309.5240950276259
2011-12-23 18:00:00,289.3934927826499
2011-12-23 19:00:00,181.78663485625157
2011-12-23 20:00:00,116.71741341411528
2011-12-23 21:00:00,97.93385019259802
2011-12-23 22:00:00,75.45681524694203
2011-12-23 23:00:00,59.029030183081815
2011-12-24 00:00:00,66.29347258408194
2011-12-24 01:00:00,60.46751902868882
2011-12-24 02:00:00,53.7190705317653
2011-12-24 03:00:00,24.234186461778698
2011-12-24 04:00:00,5.309062618846962
2011-12-24 05:00:00,5.115881715902484
2011-12-24 06:00:00,10.536199682862858
2011-12-24 07:00:00,27.814134493533363
2011-12-24 08:00:00,67.54128635285991
2011-12-24 09:00:00,108.47579318793197
2011-12-24 10:00:00,140.15491531495533
2011-12-24 11:00:00,176.5086479840857
2011-12-24 12:00:00,199.45992596455957
2011-12-24 13:00:00,198.21444569937384
2011-12-24 14:00:00,196.3082900639085
2011-12-24 15:00:00,185.42247976068177
2011-12-24 16:00:00,183.5371158473846
2011-12-24 17:00:00,132.0169125339959
2011-12-24 18:00:00,150.25881551303297
2011-12-24 19:00:00,129.9332500509856
2011-12-24 20:00:00,90.98503143763317
2011-12-24 21:00:00,71.41802211960486
2011-12-24 22:00:00,70.61375359164055
2011-12-24 23:00:00,49.253541894289505
2011-12-25 00:00:00,55.887872798645994
2011-12-25 01:00:00,53.18260285059418
2011-12-25 02:00:00,44.31315234873472
2011-12-25 03:00:00,20.482844343453575
2011-12-25 05:00:00,4.546477051792598
2011-12-25 06:00:00,7.011810481930567
2011-12-25 07:00:00,21.53603042690314
2011-12-25 08:00:00,58.91090298188567
2011-12-25 09:00:00,76.59951713977304
2011-12-25 10:00:00,111.02968346246769
2011-12-25 11:00:00,135.67750268201166
2011-12-25 12:00:00,141.00068093707756
2011-12-25 13:00:00,169.92064049947462
2011-12-25 14:00:00,192.78301692973346
2011-12-25 15:00:00,197.6341118270508
2011-12-25 16:00:00,205.98522798823274
2011-12-25 17:00:00,191.6707808724534
2011-12-25 18:00:00,144.08297525710603
2011-12-25 19:00:00,145.4650681470794
2011-12-25 20:00:00,108.29900742237395
2011-12-25 21:00:00,69.30678615265619
2011-12-25 22:00:00,59.735563900081644
2011-12-25 23:00:00,40.42846418356106
2011-12-26 00:00:00,27.29099242057432
2011-12-26 01:00:00,23.680897140439335
2011-12-26 02:00:00,20.00547204192501
2011-12-26 04:00:00,4.7570459769617175
2011-12-26 05:00:00,6.896661176361011
2011-12-26 06:00:00,27.218050848353634
2011-12-26 07:00:00,106.84951512952284
2011-12-26 08:00:00,155.57567330519512
2011-12-26 09:00:00,146.74875663944863
2011-12-26 10:00:00,146.01454629930237
2011-12-26 11:00:00,134.03426100138387
2011-12-26 12:00:00,167.54007681600865
2011-12-26 13:00:00,204.4259453474815
2011-12-26 14:00:00,204.55129545546512
2011-12-26 15:00:00,207.67574293607817
2011-12-26 16:00:00,193.3564599143964
2011-12-26 17:00:00,224.00987453270557
2011-12-26 18:00:00,217.89171098258197
2011-12-26 19:00:00,146.12693802819211
2011-12-26 20:00:00,113.46185952096945
2011-12-26 21:00:00,77.64027171688471
2011-12-26 22:00:00,66.65853337928976
2011-12-26 23:00:00,42.10796958457436
2011-12-27 00:00:00,18.958383097893982
2011-12-27 01:00:00,9.150511606338496
2011-12-27 02:00:00,4.472747186761524
2011-12-27 03:00:00,3.174902678682836
2011-12-27 04:00:00,3.6314887651800998
2011-12-27 05:00:00,16.98250763044219
2011-12-27 06:00:00,67.98664234100376
2011-12-27 07:00:00,173.68008884488353
2011-12-27 08:00:00,269.7102620640573
2011-12-27 09:00:00,124.7747461590584
2011-12-27 10:00:00,95.69694797869946
2011-12-27 11:00:00,80.30271487435903
2011-12-27 12:00:00,74.56982560040451
2011-12-27 13:00:00,62.734295325346686
2011-12-27 14:00:00,61.552261325341654
2011-12-27 15:00:00,63.65212624149587
2011-12-27 16:00:00,91.40960116770026
2011-12-27 17:00:00,102.4692873442568
2011-12-27 18:00:00,197.94742082261095
2011-12-27 19:00:00,167.18530439470118
2011-12-27 20:00:00,121.26466421366358
2011-12-27 21:00:00,98.3147058005727
2011-12-27 22:00:00,70.28489827797037
2011-12-27 23:00:00,42.98127513383094
2011-12-28 00:00:00,24.455926937962175
2011-12-28 01:00:00,11.60644476895127
2011-12-28 02:00:00,5.2737226388002405
2011-12-28 03:00:00,2.655889679967481
2011-12-28 05:00:00,17.266294039130145
2011-12-28 06:00:00,72.35303794498243
2011-12-28 07:00:00,186.36802702403384
2011-12-28 08:00:00,286.79325861699147
2011-12-28 09:00:00,178.77669808606868
2011-12-28 10:00:00,96.37540622220187
2011-12-28 11:00:00,107.41027446189543
2011-12-28 12:00:00,109.66125765125908
2011-12-28 13:00:00,112.13369073125988
2011-12-28 14:00:00,101.92490356576847
2011-12-28 15:00:00,105.06056853435169
2011-12-28 16:00:00,130.45221998449475
2011-12-28 17:00:00,236.6863825002576
2011-12-28 18:00:00,192.06362389595935
2011-12-28 19:00:00,145.55377605065675
2011-12-28 20:00:00,114.09718639156509
2011-12-28 21:00:00,83.95463371526017
2011-12-28 22:00:00,64.50489655735454
2011-12-28 23:00:00,40.41328387398545
2011-12-29 00:00:00,21.407288346872434
2011-12-29 01:00:00,10.681691145309793
2011-12-29 02:00:00,6.348880253983343
2011-12-29 03:00:00,2.829133341258234
2011-12-29 04:00:00,3.2390940308528084
2011-12-29 05:00:00,17.87790637097534
2011-12-29 06:00:00,65.53346060991561
2011-12-29 07:00:00,152.21597575733776
2011-12-29 08:00:00,227.09035107429182
2011-12-29 09:00:00,167.91038935292028
2011-12-29 10:00:00,73.88010190410353
2011-12-29 11:00:00,88.85861247642788
2011-12-29 12:00:00,100.91861087797344
2011-12-29 13:00:00,103.52061644501376
2011-12-29 14:00:00,113.55328806490876
2011-12-29 15:00:00,111.65387640981301
2011-12-29 16:00:00,138.87609990419983
2011-12-29 17:00:00,247.11123570660087
2011-12-29 18:00:00,240.5158568303501
2011-12-29 19:00:00,173.968596470768
2011-12-29 20:00:00,121.03422074542492
2011-12-29 21:00:00,94.90145071047675
2011-12-29 22:00:00,76.06047553349981
2011-12-29 23:00:00,56.20408427200306
2011-12-30 00:00:00,31.11317454520723
2011-12-30 01:00:00,13.29985163095953
2011-12-30 02:00:00,10.873757886646054
2011-12-30 03:00:00,3.8966836168004413
2011-12-30 04:00:00,3.187012342899615
2011-12-30 05:00:00,17.202988774245856
2011-12-30 06:00:00,66.13148547108544
2011-12-30 07:00:00,171.7115374853854
2011-12-30 08:00:00,236.88741057805464
2011-12-30 09:00:00,187.50515222383606
2011-12-30 10:00:00,91.98612338365663
2011-12-30 11:00:00,118.10174428150208
2011-12-30 12:00:00,132.0046615628844
2011-12-30 13:00:00,146.15370539335723
2011-12-30 14:00:00,156.55601266502282
2011-12-30 15:00:00,171.69533554415818
2011-12-30 16:00:00,235.1108162203328
2011-12-30 17:00:00,308.41946831632305
2011-12-30 18:00:00,286.5804867099132
2011-12-30 19:00:00,170.55589119103462
2011-12-30 20:00:00,140.34841165487117
2011-12-30 21:00:00,112.95923115027357
2011-12-30 22:00:00,85.5519287173682
2011-12-30 23:00:00,65.13328812352705
2011-12-31 00:00:00,69.66239280925714
2011-12-31 01:00:00,65.07656113967501
2011-12-31 02:00:00,59.37355974367468
2011-12-31 03:00:00,23.168848762954422
2011-12-31 04:00:00,3.573871562611061
2011-12-31 05:00:00,4.534407869071118
2011-12-31 06:00:00,12.433488645215693
2011-12-31 07:00:00,43.949673580523786
2011-12-31 08:00:00,90.58296192818477
2011-12-31 09:00:00,139.2775215710566
2011-12-31 10:00:00,182.01134211663737
2011-12-31 11:00:00,236.20771941919728
2011-12-31 12:00:00,341.51496527255307
2011-12-31 13:00:00,323.15454807895
2011-12-31 14:00:00,293.4227050892928
2011-12-31 15:00:00,285.5274496027169
2011-12-31 16:00:00,258.932340878646
2011-12-31 17:00:00,247.73186603809228
2011-12-31 18:00:00,223.70549621243993
2011-12-31 19:00:00,211.0512947468725
2011-12-31 20:00:00,142.7518407919853
2011-12-31 21:00:00,117.89614804485386
2011-12-31 22:00:00,97.64529189919364
2011-12-31 23:00:00,64.88692952864595
2012-01-20 00:00:00,22.114415235806142
2012-01-20 01:00:00,10.42025845681151
2012-01-20 02:00:00,8.036624811986465
2012-01-20 03:00:00,3.8182579678635884
2012-01-20 04:00:00,2.8404924423506723
2012-01-20 05:00:00,20.352673423776082
2012-01-20 06:00:00,78.09562665395806
2012-01-20 07:00:00,200.38034840117905
2012-01-20 08:00:00,378.4766777494652
2012-01-20 09:00:00,214.722109857551
2012-01-20 10:00:00,123.01220561710873
2012-01-20 11:00:00,124.39792045103736
2012-01-20 12:00:00,137.91140742876422
2012-01-20 13:00:00,143.47437975788955
2012-01-20 14:00:00,141.3677697040549
2012-01-20 15:00:00,140.05627224421576
2012-01-20 16:00:00,186.62803823123093
2012-01-20 17:00:00,264.71668770395473
2012-01-20 18:00:00,258.74414465345865
2012-01-20 19:00:00,210.86694985109625
2012-01-20 20:00:00,175.4604777405674
2012-01-20 21:00:00,89.87142651599041
2012-01-20 22:00:00,63.992590296460236
2012-01-20 23:00:00,51.73701074733704
2012-01-21 00:00:00,33.68395818365605
2012-01-21 01:00:00,33.39839204025867
2012-01-21 02:00:00,28.017416157203826
2012-01-21 03:00:00,15.630390012207581
2012-01-21 04:00:00,4.649869872716307
2012-01-21 05:00:00,3.5952753750505906
2012-01-21 06:00:00,5.321661217645309
2012-01-21 07:00:00,24.817030997371496
2012-01-21 08:00:00,70.03842931409783
2012-01-21 09:00:00,116.44015451873264
2012-01-21 10:00:00,120.0557074675799
2012-01-21 11:00:00,175.84661575803062
2012-01-21 12:00:00,195.63445244280473
2012-01-21 13:00:00,193.0692325694854
2012-01-21 14:00:00,122.7533568797699
2012-01-21 15:00:00,121.4680566233377
2012-01-21 16:00:00,169.04584787538508
2012-01-21 17:00:00,141.39010778635728
2012-01-21 18:00:00,135.68868088061032
2012-01-21 19:00:00,106.09193877208837
2012-01-21 20:00:00,101.1966690388185
2012-01-21 21:00:00,67.03958914152476
2012-01-21 22:00:00,56.48600682346714
2012-01-21 23:00:00,46.388550558853325
2012-01-22 00:00:00,51.23494399593189
2012-01-22 01:00:00,46.066731258796196
2012-01-22 02:00:00,36.46250956715419
2012-01-22 03:00:00,18.82674938824583
2012-01-22 04:00:00,4.03484043872809
2012-01-22 05:00:00,3.5269255069337877
2012-01-22 06:00:00,3.0278833080900305
2012-01-22 07:00:00,22.571144506921392
2012-01-22 08:00:00,57.98458388534425
2012-01-22 09:00:00,110.80153607532438
2012-01-22 10:00:00,133.07824709189808
2012-01-22 11:00:00,126.26637451687515
2012-01-22 12:00:00,146.69647676573442
2012-01-22 13:00:00,169.52542706463765
2012-01-22 14:00:00,162.21437540224505
2012-01-22 15:00:00,142.79747798916426
2012-01-22 16:00:00,140.02499102647914
2012-01-22 17:00:00,132.62126141115002
2012-01-22 18:00:00,123.9423797474861
2012-01-22 19:00:00,111.38466671959509
2012-01-22 20:00:00,86.42595874465522
2012-01-22 21:00:00,56.91695863480187
2012-01-22 22:00:00,51.085576131278046
2012-01-22 23:00:00,39.191850548354125
2012-01-23 00:00:00,17.50509722935844
2012-01-23 01:00:00,6.5736195932485
2012-01-23 02:00:00,3.8735385733934664
2012-01-23 03:00:00,2.8379116505011486
2012-01-23 04:00:00,2.7990141726522997
2012-01-23 05:00:00,21.48593559871223
2012-01-23 06:00:00,78.32127542363665
2012-01-23 07:00:00,112.2635692419079
2012-01-23 08:00:00,147.81634043909403
2012-01-23 09:00:00,215.6529344546304
2012-01-23 10:00:00,102.49377516366481
2012-01-23 11:00:00,100.77973664163166
2012-01-23 12:00:00,101.19585795123055
2012-01-23 13:00:00,60.25568478991637
2012-01-23 14:00:00,55.749830355407084
2012-01-23 15:00:00,109.21007245282394
2012-01-23 16:00:00,123.83222866180448
2012-01-23 17:00:00,150.24934615507902
2012-01-23 18:00:00,154.9452809448382
2012-01-23 19:00:00,145.94039467995484
2012-01-23 20:00:00,126.9574793734544
2012-01-23 21:00:00,84.15804220503945
2012-01-23 22:00:00,73.8987154105688
2012-01-23 23:00:00,49.066921804338456
2012-01-24 00:00:00,15.915709043239971
2012-01-24 01:00:00,5.167429434401518
2012-01-24 02:00:00,4.8361842499985395
2012-01-24 03:00:00,3.1250440184472983
2012-01-24 04:00:00,2.9539818443954626
2012-01-24 05:00:00,21.628235185322502
2012-01-24 06:00:00,83.58789032196363
2012-01-24 07:00:00,202.94102241790242
2012-01-24 08:00:00,320.04021544282136
2012-01-24 09:00:00,188.24002554814965
2012-01-24 10:00:00,90.58676618598113
2012-01-24 11:00:00,94.53567713191559
2012-01-24 12:00:00,102.05327415199196
2012-01-24 13:00:00,101.23218921438732
2012-01-24 14:00:00,121.75021851326993
2012-01-24 15:00:00,126.77407997588531
2012-01-24 16:00:00,224.7162835359639
2012-01-24 17:00:00,433.1388708261362
2012-01-24 18:00:00,395.6621911334492
2012-01-24 19:00:00,279.35936502398386
2012-01-24 20:00:00,164.42343411223817
2012-01-24 21:00:00,129.8086113353847
2012-01-24 22:00:00,101.16433486296324
2012-01-24 23:00:00,57.85070713628646
2012-01-25 00:00:00,17.806370187854753
2012-01-25 01:00:00,6.627409370384824
2012-01-25 02:00:00,4.561774027456909
2012-01-25 03:00:00,2.899975990383996
2012-01-25 04:00:00,2.633437063677174
2012-01-25 05:00:00,21.872041456761636
2012-01-25 06:00:00,78.56845939556186
2012-01-25 07:00:00,212.85936566039825
2012-01-25 08:00:00,392.2668356135494
2012-01-25 09:00:00,211.66764294621441
2012-01-25 10:00:00,114.79939157036108
2012-01-25 11:00:00,118.17309687071375
2012-01-25 12:00:00,128.58554375652722
2012-01-25 13:00:00,130.05980625250544
2012-01-25 14:00:00,126.00661734489297
2012-01-25 15:00:00,140.36113742442075
2012-01-25 16:00:00,200.56496440503105
2012-01-25 17:00:00,342.5405190301361
2012-01-25 18:00:00,298.0406736836355
2012-01-25 19:00:00,236.35123898615052
2012-01-25 20:00:00,177.44351592983762
2012-01-25 21:00:00,116.58947051073466
2012-01-25 22:00:00,97.34039279010152
2012-01-25 23:00:00,56.157929694626446
2012-01-26 00:00:00,21.81505249930132
2012-01-26 01:00:00,6.697610450331712
2012-01-26 02:00:00,5.033672120130936
2012-01-26 03:00:00,2.896619620916197
2012-01-26 04:00:00,3.4454109264151005
2012-01-26 05:00:00,22.367974944068294
2012-01-26 06:00:00,82.19077652256956
2012-01-26 07:00:00,223.78790834861957
2012-01-26 08:00:00,414.63901874502614
2012-01-26 09:00:00,208.47764208640936
2012-01-26 10:00:00,118.32910967812836
2012-01-26 11:00:00,111.5239784547097
2012-01-26 12:00:00,116.53869316931744
2012-01-26 13:00:00,136.26111977814733
2012-01-26 14:00:00,138.00347197407544
2012-01-26 15:00:00,141.82272075143726
2012-01-26 16:00:00,221.7531417292643
2012-01-26 17:00:00,428.4317112916149
2012-01-26 18:00:00,420.0696144894665
2012-01-26 19:00:00,271.08101764621625
2012-01-26 20:00:00,197.08407913715044
2012-01-26 21:00:00,141.99133325067447
2012-01-26 22:00:00,111.10780887840195
2012-01-26 23:00:00,89.4226323253249
2012-01-27 00:00:00,38.311055030032136
2012-01-27 01:00:00,12.253545035964699
2012-01-27 02:00:00,9.347139428455428
2012-01-27 03:00:00,4.091447445684449
2012-01-27 04:00:00,3.2241560225839905
2012-01-27 05:00:00,21.74965879343077
2012-01-27 06:00:00,95.88914004737836
2012-01-27 07:00:00,264.84193546968567
2012-01-27 08:00:00,143.09364590797293
2012-01-27 09:00:00,136.69633483599569
2012-01-27 10:00:00,114.97951428959169
2012-01-27 11:00:00,180.18405888290778
2012-01-27 12:00:00,206.33945398797425
2012-01-27 13:00:00,209.6756288176823
2012-01-27 14:00:00,204.14824296489874
2012-01-27 15:00:00,212.25844726852674
2012-01-27 16:00:00,281.7536335188115
2012-01-27 17:00:00,430.01186581406364
2012-01-27 18:00:00,379.2410374702397
2012-01-27 19:00:00,249.71786684733695
2012-01-27 20:00:00,181.25370720935658
2012-01-27 21:00:00,117.73458889596999
2012-01-27 22:00:00,96.98121274979181
2012-01-27 23:00:00,67.27812943679695
2012-01-28 00:00:00,60.85140895386735
2012-01-28 01:00:00,52.75879998615751
2012-01-28 02:00:00,39.63490352830442
2012-01-28 03:00:00,19.546739281740386
2012-01-28 04:00:00,4.522931870748808
2012-01-28 05:00:00,2.8261700927308846
2012-01-28 06:00:00,6.2852918012082615
2012-01-28 07:00:00,32.120998945499686
2012-01-28 08:00:00,92.34194059501999
2012-01-28 09:00:00,121.79448429717903
2012-01-28 10:00:00,179.90459741441475
2012-01-28 11:00:00,212.1175555398558
2012-01-28 12:00:00,210.13929568128424
2012-01-28 13:00:00,227.9009164661144
2012-01-28 14:00:00,302.33989155789584
2012-01-28 15:00:00,327.83444751911
2012-01-28 16:00:00,360.5062309029994
2012-01-28 17:00:00,316.8043854785334
2012-01-28 18:00:00,287.9435794362129
2012-01-28 19:00:00,207.16357041160995
2012-01-28 20:00:00,150.9010967278796
2012-01-28 21:00:00,115.97227146486792
2012-01-28 22:00:00,98.54041255114704
2012-01-28 23:00:00,73.67035968539453
2012-01-29 00:00:00,68.94547356598473
2012-01-29 01:00:00,60.513382421018
2012-01-29 02:00:00,44.95506065156198
2012-01-29 03:00:00,20.29050430434069
2012-01-29 04:00:00,5.004691144174391
2012-01-29 05:00:00,3.383663996094853
2012-01-29 06:00:00,3.1860969005842783
2012-01-29 07:00:00,25.84572802655954
2012-01-29 08:00:00,67.89129529235778
2012-01-29 09:00:00,100.28520396697441
2012-01-29 10:00:00,160.27863967278918
2012-01-29 11:00:00,206.6167497214248
2012-01-29 12:00:00,243.92216711261239
2012-01-29 13:00:00,245.90965837726787
2012-01-29 14:00:00,244.2188205643747
2012-01-29 15:00:00,306.75299501987666
2012-01-29 16:00:00,281.9941952561901
2012-01-29 17:00:00,246.39236273199975
2012-01-29 18:00:00,205.25964373321412
2012-01-29 19:00:00,153.36966987946116
2012-01-29 20:00:00,103.05829870202271
2012-01-29 21:00:00,82.77958784143618
2012-01-29 22:00:00,72.86319636245796
2012-01-29 23:00:00,48.07429653910803
2012-01-30 00:00:00,20.013525800749093
2012-01-30 01:00:00,5.321255198864474
2012-01-30 02:00:00,4.035369266534427
2012-01-30 03:00:00,2.4880778675676978
2012-01-30 04:00:00,2.297504427335741
2012-01-30 05:00:00,20.992886765968585
2012-01-30 06:00:00,76.65306317784939
2012-01-30 07:00:00,209.3363000277548
2012-01-30 08:00:00,371.9614763862546
2012-01-30 09:00:00,200.33724222375372
2012-01-30 10:00:00,109.6443303619516
2012-01-30 11:00:00,111.06763187891481
2012-01-30 12:00:00,125.16605696559589
2012-01-30 13:00:00,116.59921814395756
2012-01-30 14:00:00,124.55908116320705
2012-01-30 15:00:00,127.0273773410811
2012-01-30 16:00:00,210.22285920076826
2012-01-30 17:00:00,373.15024633930364
2012-01-30 18:00:00,365.0208663930334
2012-01-30 19:00:00,218.6193104477261
2012-01-30 20:00:00,172.2198973982604
2012-01-30 21:00:00,118.84660529104139
2012-01-30 22:00:00,80.69297532364143
2012-01-30 23:00:00,51.61994779331286
2012-01-31 00:00:00,18.087676201512764
2012-01-31 01:00:00,6.170268045570596
2012-01-31 02:00:00,4.273148410561491
2012-01-31 03:00:00,2.737174485106464
2012-01-31 04:00:00,2.1971683221154623
2012-01-31 05:00:00,21.46284348491072
2012-01-31 06:00:00,83.25489020250495
2012-01-31 07:00:00,220.5096801044041
2012-01-31 08:00:00,431.8903899673926
2012-01-31 09:00:00,210.6852010664247
2012-01-31 10:00:00,112.64641715888338
2012-01-31 11:00:00,126.80964432205333
2012-01-31 12:00:00,143.3464279172652
2012-01-31 13:00:00,170.76069392822558
2012-01-31 14:00:00,180.41207751213423
2012-01-31 15:00:00,192.1300126659246
2012-01-31 16:00:00,315.8353271660617
2012-01-31 17:00:00,491.8967350498644
2012-01-31 18:00:00,490.37994709179384
2012-01-31 19:00:00,349.7842891990531
2012-01-31 20:00:00,186.52746831978723
2012-01-31 21:00:00,161.5093804112305
2012-01-31 22:00:00,114.72877959263786
2012-01-31 23:00:00,68.31986890802685
2012-02-20 00:00:00,24.725575560013777
2012-02-20 01:00:00,15.958631855582471
2012-02-20 02:00:00,12.497010479816868
2012-02-20 03:00:00,4.151569825756411
2012-02-20 05:00:00,4.997439416127287
2012-02-20 06:00:00,14.833009474066872
2012-02-20 07:00:00,33.38600409298882
2012-02-20 08:00:00,88.44999909914311
2012-02-20 09:00:00,116.3685254738641
2012-02-20 10:00:00,160.63602399952237
2012-02-20 11:00:00,183.11227697448936
2012-02-20 12:00:00,213.04528872669533
2012-02-20 13:00:00,218.22435223901107
2012-02-20 14:00:00,230.4493922262156
2012-02-20 15:00:00,218.3308228919194
2012-02-20 16:00:00,297.9926187708955
2012-02-20 17:00:00,363.5827924783813
2012-02-20 18:00:00,258.97048128051654
2012-02-20 19:00:00,190.34878310933902
2012-02-20 20:00:00,149.26604307136049
2012-02-20 21:00:00,91.04075978344738
2012-02-20 22:00:00,72.58322735381284
2012-02-20 23:00:00,50.218192406727525
2012-02-21 00:00:00,20.071756705003658
2012-02-21 01:00:00,6.451149518914577
2012-02-21 02:00:00,3.9511874951712986
2012-02-21 04:00:00,2.2955224057578603
2012-02-21 05:00:00,22.030336940035102
2012-02-21 06:00:00,78.79079342765523
2012-02-21 07:00:00,259.75879786765825
2012-02-21 08:00:00,413.46588365848913
2012-02-21 09:00:00,239.9813604131312
2012-02-21 10:00:00,110.12678590801667
2012-02-21 11:00:00,113.85300085021963
2012-02-21 12:00:00,134.98219077138893
2012-02-21 13:00:00,153.00616239921507
2012-02-21 14:00:00,147.63423487624593
2012-02-21 15:00:00,153.21471921562159
2012-02-21 16:00:00,231.77090517816146
2012-02-21 17:00:00,418.4085171351756
2012-02-21 18:00:00,415.65645091187275
2012-02-21 19:00:00,273.6638428042126
2012-02-21 20:00:00,192.36917417929573
2012-02-21 21:00:00,159.23335028894394
2012-02-21 22:00:00,108.64320410172077
2012-02-21 23:00:00,55.09391275461679
2012-02-22 00:00:00,23.48431771009486
2012-02-22 01:00:00,7.089705927935274
2012-02-22 02:00:00,5.251069303994316
2012-02-22 03:00:00,3.249728798270841
2012-02-22 04:00:00,2.5730898762539383
2012-02-22 05:00:00,22.614002388838877
2012-02-22 06:00:00,84.433567145364
2012-02-22 07:00:00,267.7047238329511
2012-02-22 08:00:00,439.2078250721612
2012-02-22 09:00:00,227.8474143455446
2012-02-22 10:00:00,118.35573933654896
2012-02-22 11:00:00,136.59163525071656
2012-02-22 12:00:00,152.7126778001991
2012-02-22 13:00:00,162.47998726602438
2012-02-22 14:00:00,163.90017492357183
2012-02-22 15:00:00,190.29426767221605
2012-02-22 16:00:00,318.0152730528116
2012-02-22 17:00:00,499.1395036894764
2012-02-22 18:00:00,442.11485612125136
2012-02-22 19:00:00,297.4863935129348
2012-02-22 20:00:00,203.45367584276377
2012-02-22 21:00:00,165.2425880150726
2012-02-22 22:00:00,118.31888513506442
2012-02-22 23:00:00,80.2363976283957
2012-02-23 00:00:00,29.811026130251655
2012-02-23 01:00:00,7.792052682663124
2012-02-23 02:00:00,9.238906735389284
2012-02-23 03:00:00,3.909223054113825
2012-02-23 04:00:00,3.641386735456317
2012-02-23 05:00:00,24.456035132050662
2012-02-23 06:00:00,88.00033928155584
2012-02-23 07:00:00,247.67805405391812
2012-02-23 08:00:00,364.8124452521495
2012-02-23 09:00:00,214.38304959822145
2012-02-23 10:00:00,154.20547440101717
2012-02-23 11:00:00,175.87637878351
2012-02-23 12:00:00,199.60803694740005
2012-02-23 13:00:00,200.22367488961515
2012-02-23 14:00:00,205.38322781862067
2012-02-23 15:00:00,210.37452434447107
2012-02-23 16:00:00,315.87637215267404
2012-02-23 17:00:00,510.0078310661297
2012-02-23 18:00:00,503.1644452213542
2012-02-23 19:00:00,348.5397109460436
2012-02-23 20:00:00,215.2356882538839
2012-02-23 21:00:00,155.3166185663693
2012-02-23 22:00:00,126.45644316367255
2012-02-23 23:00:00,94.57931956821898
2012-02-24 00:00:00,40.21481113981392
2012-02-24 01:00:00,14.358091382475571
2012-02-24 02:00:00,7.560978591084117
2012-02-24 03:00:00,4.7479044102767
2012-02-24 04:00:00,3.485238179603935
2012-02-24 05:00:00,24.35401269140153
2012-02-24 06:00:00,86.26957105721485
2012-02-24 07:00:00,288.5566689110052
2012-02-24 08:00:00,393.0528648953751
2012-02-24 09:00:00,124.40594105901127
2012-02-24 10:00:00,76.78084113500972
2012-02-24 11:00:00,139.19604180295448
2012-02-24 12:00:00,177.50006167386886
2012-02-24 13:00:00,177.00073961567148
2012-02-24 14:00:00,196.3927520616178
2012-02-24 15:00:00,112.33884435382318
2012-02-24 16:00:00,159.74738104649472
2012-02-24 17:00:00,208.66038824658364
2012-02-24 18:00:00,322.053010985863
2012-02-24 19:00:00,253.50160121938467
2012-02-24 20:00:00,175.07164366372592
2012-02-24 21:00:00,135.38628550903638
2012-02-24 22:00:00,120.81997981883892
2012-02-24 23:00:00,85.4079010813865
2012-02-25 00:00:00,68.4149369212471
2012-02-25 01:00:00,64.38906079318137
2012-02-25 02:00:00,43.85233173751221
2012-02-25 03:00:00,16.32870084786261
2012-02-25 04:00:00,4.268607900488712
2012-02-25 05:00:00,3.6113137692892527
2012-02-25 06:00:00,7.265926675007329
2012-02-25 07:00:00,32.04823125173323
2012-02-25 08:00:00,78.13657662208503
2012-02-25 09:00:00,105.12809648716734
2012-02-25 10:00:00,179.0790510027552
2012-02-25 11:00:00,200.03097003482574
2012-02-25 12:00:00,244.94588636637113
2012-02-25 13:00:00,280.5743621516557
2012-02-25 14:00:00,236.9809476190549
2012-02-25 15:00:00,264.93647942790574
2012-02-25 16:00:00,227.2131370515856
2012-02-25 17:00:00,171.91929746715644
2012-02-25 18:00:00,160.56296400051582
2012-02-25 19:00:00,124.87677967411915
2012-02-25 20:00:00,103.4330016262201
2012-02-25 21:00:00,71.74903736190372
2012-02-25 22:00:00,60.403615124226285
2012-02-25 23:00:00,52.762236308158755
2012-02-26 00:00:00,61.82128405964387
2012-02-26 01:00:00,54.54026149013959
2012-02-26 02:00:00,40.64506556987696
2012-02-26 03:00:00,20.409829747929926
2012-02-26 04:00:00,3.827432849720373
2012-02-26 05:00:00,2.819697987631637
2012-02-26 06:00:00,4.474784136960153
2012-02-26 07:00:00,22.94447312966333
2012-02-26 08:00:00,66.69239476594622
2012-02-26 09:00:00,102.92068019015116
2012-02-26 10:00:00,179.29634262429016
2012-02-26 11:00:00,207.61057151055172
2012-02-26 12:00:00,243.15070516626872
2012-02-26 13:00:00,281.34868137050296
2012-02-26 14:00:00,278.087242918753
2012-02-26 15:00:00,308.7494989893098
2012-02-26 16:00:00,306.4090842198054
2012-02-26 17:00:00,270.54186138640927
2012-02-26 18:00:00,212.79981274266785
2012-02-26 19:00:00,172.41579860043794
2012-02-26 20:00:00,117.84618138360348
2012-02-26 21:00:00,82.34046043218541
2012-02-26 22:00:00,73.27359545445609
2012-02-26 23:00:00,44.497585086032004
2012-02-27 00:00:00,17.759290900678046
2012-02-27 01:00:00,6.530702102472411
2012-02-27 02:00:00,4.249718075929998
2012-02-27 03:00:00,2.6250236529997357
2012-02-27 04:00:00,2.235213663703583
2012-02-27 05:00:00,22.025068988436708
2012-02-27 06:00:00,83.78470876051531
2012-02-27 07:00:00,244.72273664968446
2012-02-27 08:00:00,415.8980908150236
2012-02-27 09:00:00,221.78077482723458
2012-02-27 10:00:00,133.2049267056277
2012-02-27 11:00:00,145.85990633122032
2012-02-27 12:00:00,154.43920834706023
2012-02-27 13:00:00,159.1033955277943
2012-02-27 14:00:00,176.78409334436213
2012-02-27 15:00:00,189.003771028821
2012-02-27 16:00:00,318.100768183241
2012-02-27 17:00:00,507.15725746801155
2012-02-27 18:00:00,484.26240651045435
2012-02-27 19:00:00,354.9855155812108
2012-02-27 20:00:00,216.13850100474656
2012-02-27 21:00:00,161.89447386888304
2012-02-27 22:00:00,115.38500704525593
2012-02-27 23:00:00,69.34472476511824
2012-02-28 00:00:00,27.181524801508306
2012-02-28 01:00:00,7.914308872995789
2012-02-28 02:00:00,7.691807447442473
2012-02-28 03:00:00,3.4681317359722015
2012-02-28 04:00:00,2.2445461156282125
2012-02-28 05:00:00,20.890483613635077
2012-02-28 06:00:00,82.92476704243381
2012-02-28 07:00:00,252.38924233576302
2012-02-28 08:00:00,409.5982842781089
2012-02-28 09:00:00,227.12366454175708
2012-02-28 10:00:00,123.18953091863992
2012-02-28 11:00:00,128.8431424995049
2012-02-28 12:00:00,144.3534261352597
2012-02-28 13:00:00,151.77577961991125
2012-02-28 14:00:00,154.13160816475562
2012-02-28 15:00:00,158.59832250237645
2012-02-28 16:00:00,258.8433245836912
2012-02-28 17:00:00,459.51554125647823
2012-02-28 18:00:00,456.13454576617545
2012-02-28 19:00:00,283.53838480705565
2012-02-28 20:00:00,187.37626710279193
2012-02-28 21:00:00,146.36967374764137
2012-02-28 22:00:00,108.74585074918883
2012-02-28 23:00:00,57.893444578012335
2012-02-29 00:00:00,23.410114301918853
2012-02-29 01:00:00,7.007162094494677
2012-02-29 02:00:00,4.839227552429286
2012-02-29 03:00:00,2.3232200852171294
2012-02-29 05:00:00,22.926242210685807
2012-02-29 06:00:00,82.97016425120279
2012-02-29 07:00:00,245.04967589777732
2012-02-29 08:00:00,442.19454119030877
2012-02-29 09:00:00,113.23793971827318
2012-02-29 10:00:00,56.75894618120573
2012-02-29 11:00:00,57.46096526773495
2012-02-29 12:00:00,57.79359290424418
2012-02-29 13:00:00,98.83831339532364
2012-02-29 14:00:00,97.94166284597661
2012-02-29 15:00:00,150.96551981248174
2012-02-29 16:00:00,149.64273466416068
2012-02-29 17:00:00,315.87235391493533
2012-02-29 18:00:00,250.8727912417484
2012-02-29 19:00:00,252.46048593495948
2012-02-29 20:00:00,134.01728846846518
2012-02-29 21:00:00,85.17631932759174
2012-02-29 22:00:00,63.760283378930254
2012-02-29 23:00:00,72.84925497485136
2012-03-20 00:00:00,27.921584542835323
2012-03-20 01:00:00,15.396843787232338
2012-03-20 02:00:00,4.974335097538857
2012-03-20 03:00:00,3.6631346345458633
2012-03-20 04:00:00,3.34755071096399
2012-03-20 05:00:00,28.597372230452926
2012-03-20 06:00:00,119.89181556153261
2012-03-20 07:00:00,117.50377248661563
2012-03-20 08:00:00,511.4984123711979
2012-03-20 09:00:00,314.34290664035063
2012-03-20 10:00:00,152.9648530838681
2012-03-20 11:00:00,151.04351633226537
2012-03-20 12:00:00,198.6300210193336
2012-03-20 13:00:00,210.7996214593329
2012-03-20 14:00:00,216.95092841713583
2012-03-20 15:00:00,257.9636664239779
2012-03-20 16:00:00,301.9226081024859
2012-03-20 17:00:00,659.1303025510233
2012-03-20 18:00:00,661.5774585934123
2012-03-20 19:00:00,478.7746998818537
2012-03-20 20:00:00,316.306384618199
2012-03-20 21:00:00,222.74754540730623
2012-03-20 22:00:00,145.27324658073059
2012-03-20 23:00:00,86.29704978788534
2012-03-21 00:00:00,33.77158781310388
2012-03-21 01:00:00,17.517634281408256
2012-03-21 02:00:00,5.814766411104251
2012-03-21 03:00:00,3.630915305469339
2012-03-21 04:00:00,3.735430892270114
2012-03-21 05:00:00,29.020268513989432
2012-03-21 06:00:00,125.63535380664295
2012-03-21 07:00:00,110.07130262720236
2012-03-21 08:00:00,131.29368052815312
2012-03-21 09:00:00,312.63727295137016
2012-03-21 10:00:00,151.4683205548483
2012-03-21 11:00:00,142.7884472219341
2012-03-21 12:00:00,223.67657049685488
2012-03-21 13:00:00,211.2923582495336
2012-03-21 14:00:00,210.60026045564544
2012-03-21 15:00:00,219.66299995293073
2012-03-21 16:00:00,295.91815855131
2012-03-21 17:00:00,657.1163944504481
2012-03-21 18:00:00,665.5735699893631
2012-03-21 19:00:00,533.0117719718177
2012-03-21 20:00:00,287.68034292851877
2012-03-21 21:00:00,209.22705563086723
2012-03-21 22:00:00,161.058969254866
2012-03-21 23:00:00,100.92786216781778
2012-03-22 00:00:00,41.63986955548267
2012-03-22 01:00:00,19.186769667942478
2012-03-22 02:00:00,6.56801087792563
2012-03-22 03:00:00,4.544818715132223
2012-03-22 04:00:00,4.022410420042586
2012-03-22 05:00:00,28.637853941548553
2012-03-22 06:00:00,124.39919370927166
2012-03-22 07:00:00,370.9932340274318
2012-03-22 08:00:00,524.0011109614234
2012-03-22 09:00:00,301.87764581419736
2012-03-22 10:00:00,146.71175508869183
2012-03-22 11:00:00,136.89442818985503
2012-03-22 12:00:00,186.23035694743334
2012-03-22 13:00:00,211.89121900846717
2012-03-22 14:00:00,215.97313144249648
2012-03-22 15:00:00,256.5078537890552
2012-03-22 16:00:00,343.15820432419343
2012-03-22 17:00:00,715.8245500190312
2012-03-22 18:00:00,737.3460920449756
2012-03-22 19:00:00,519.4577307571004
2012-03-22 20:00:00,348.4985275478168
2012-03-22 21:00:00,227.9531377850695
2012-03-22 22:00:00,173.93043169728514
2012-03-22 23:00:00,112.48865731870671
2012-03-23 00:00:00,48.13205822079134
2012-03-23 01:00:00,20.21439422054012
2012-03-23 02:00:00,7.620314270488832
2012-03-23 03:00:00,4.261269805804833
2012-03-23 04:00:00,3.8802153572369464
2012-03-23 05:00:00,26.366774337404777
2012-03-23 06:00:00,123.06864807143187
2012-03-23 07:00:00,370.37975071003166
2012-03-23 08:00:00,529.0693814759262
2012-03-23 09:00:00,312.58675281559357
2012-03-23 10:00:00,200.47916739047008
2012-03-23 11:00:00,249.91960675909294
2012-03-23 12:00:00,291.8455483107019
2012-03-23 13:00:00,318.97061181559593
2012-03-23 14:00:00,319.04928090735285
2012-03-23 15:00:00,320.48584559134054
2012-03-23 16:00:00,439.5722109279706
2012-03-23 17:00:00,742.9083779319285
2012-03-23 18:00:00,723.4928613934807
2012-03-23 19:00:00,492.97278839156115
2012-03-23 20:00:00,336.82092343175475
2012-03-23 21:00:00,257.8413394004128
2012-03-23 22:00:00,224.69134736105494
2012-03-23 23:00:00,158.1306041001036
2012-03-24 00:00:00,104.9440486714741
2012-03-24 01:00:00,96.7126174810509
2012-03-24 02:00:00,52.17301527447178
2012-03-24 03:00:00,30.081660830685276
2012-03-24 04:00:00,8.790578126110898
2012-03-24 05:00:00,7.7097097364107015
2012-03-24 06:00:00,25.259749308620854
2012-03-24 07:00:00,76.4356116315031
2012-03-24 08:00:00,201.0819091127257
2012-03-24 09:00:00,292.7964257877567
2012-03-24 10:00:00,338.1343541950148
2012-03-24 11:00:00,389.702351481788
2012-03-24 12:00:00,102.69619467879721
2012-03-24 13:00:00,103.71007302093405
2012-03-24 14:00:00,101.18633196084868
2012-03-24 15:00:00,129.59920129408673
2012-03-24 16:00:00,146.78961119991658
2012-03-24 17:00:00,175.26480257453517
2012-03-24 18:00:00,191.74381865711192
2012-03-24 19:00:00,163.6355253069252
2012-03-24 20:00:00,113.22332226034158
2012-03-24 21:00:00,84.64023134638268
2012-03-24 22:00:00,67.66293148765234
2012-03-24 23:00:00,112.65000399538228
2012-03-25 00:00:00,89.34781719219109
2012-03-25 01:00:00,80.33023818759435
2012-03-25 02:00:00,48.51380101891394
2012-03-25 03:00:00,18.52132827328792
2012-03-25 04:00:00,7.037900326381347
2012-03-25 05:00:00,6.9015419431049185
2012-03-25 06:00:00,10.714237890380883
2012-03-25 07:00:00,57.99797833582256
2012-03-25 08:00:00,107.21023369084385
2012-03-25 09:00:00,198.38130932975912
2012-03-25 10:00:00,266.4980820855306
2012-03-25 11:00:00,295.24699078524077
2012-03-25 12:00:00,292.55369911960827
2012-03-25 13:00:00,338.34706199915644
2012-03-25 14:00:00,344.11178919779417
2012-03-25 15:00:00,339.5738069672668
2012-03-25 16:00:00,336.1254321509469
2012-03-25 17:00:00,441.10889968363483
2012-03-25 18:00:00,397.7022290650997
2012-03-25 19:00:00,306.7765878539949
2012-03-25 20:00:00,202.23808766666355
2012-03-25 21:00:00,170.06127929873446
2012-03-25 22:00:00,112.78455841532727
2012-03-25 23:00:00,58.50583035845266
2012-03-26 00:00:00,27.762976864538295
2012-03-26 01:00:00,13.171693758532026
2012-03-26 02:00:00,7.241088191457661
2012-03-26 03:00:00,3.8465198558678626
2012-03-26 04:00:00,4.260215746471727
2012-03-26 05:00:00,29.07809665883918
2012-03-26 06:00:00,117.73344303243134
2012-03-26 07:00:00,379.7096957272724
2012-03-26 08:00:00,618.6942161364873
2012-03-26 09:00:00,311.40333842869006
2012-03-26 10:00:00,184.13150069094849
2012-03-26 11:00:00,210.89238621386198
2012-03-26 12:00:00,228.56893623026315
2012-03-26 13:00:00,221.67952848519303
2012-03-26 14:00:00,216.52680996829457
2012-03-26 15:00:00,222.24021500217685
2012-03-26 16:00:00,335.88767645481465
2012-03-26 17:00:00,563.7441324204641
2012-03-26 18:00:00,509.4489087990406
2012-03-26 19:00:00,336.44874968592984
2012-03-26 20:00:00,217.32296094568997
2012-03-26 21:00:00,162.47655428980767
2012-03-26 22:00:00,113.62125997631374
2012-03-26 23:00:00,62.47888921351289
2012-03-27 00:00:00,22.443063574204466
2012-03-27 01:00:00,5.962963356794388
2012-03-27 02:00:00,4.192235985449662
2012-03-27 03:00:00,2.885571870434128
2012-03-27 04:00:00,2.4246557720214272
2012-03-27 05:00:00,22.997449119199395
2012-03-27 06:00:00,85.66865406556164
2012-03-27 07:00:00,294.2832476070243
2012-03-27 08:00:00,492.63058323357177
2012-03-27 09:00:00,272.55736840957877
2012-03-27 10:00:00,146.3433844087778
2012-03-27 11:00:00,159.20456707853342
2012-03-27 12:00:00,182.09402944870206
2012-03-27 13:00:00,185.45015890725787
2012-03-27 14:00:00,195.15625225312172
2012-03-27 15:00:00,211.598794482799
2012-03-27 16:00:00,322.53166907593436
2012-03-27 17:00:00,528.8010208924317
2012-03-27 18:00:00,495.5948325834152
2012-03-27 19:00:00,327.2706327636447
2012-03-27 20:00:00,242.73997768121072
2012-03-27 21:00:00,163.4940072846606
2012-03-27 22:00:00,123.32198595968866
2012-03-27 23:00:00,70.52252074742655
2012-03-28 00:00:00,26.456212619517967
2012-03-28 01:00:00,7.423622839388536
2012-03-28 02:00:00,4.6185228169684525
2012-03-28 03:00:00,2.737071444586525
2012-03-28 04:00:00,2.455851295292226
2012-03-28 05:00:00,25.24937029808348
2012-03-28 06:00:00,98.12578587431736
2012-03-28 07:00:00,327.09528757299506
2012-03-28 08:00:00,590.0301335696022
2012-03-28 09:00:00,327.43514332527616
2012-03-28 10:00:00,184.29393483177626
2012-03-28 11:00:00,214.25209653681762
2012-03-28 12:00:00,255.53992841514463
2012-03-28 13:00:00,246.2659779820048
2012-03-28 14:00:00,245.03526878899797
2012-03-28 15:00:00,261.5574609414214
2012-03-28 16:00:00,284.8536273899162
2012-03-28 17:00:00,720.8200430745201
2012-03-28 18:00:00,729.3080158681896
2012-03-28 19:00:00,524.8794823092842
2012-03-28 20:00:00,351.3317851430059
2012-03-28 21:00:00,245.25153002522416
2012-03-28 22:00:00,190.09710968283287
2012-03-28 23:00:00,104.77469501886402
2012-03-29 00:00:00,42.901443175252496
2012-03-29 01:00:00,18.741595019212784
2012-03-29 02:00:00,10.02669415696273
2012-03-29 03:00:00,5.259809159073805
2012-03-29 04:00:00,5.3457723354733755
2012-03-29 05:00:00,29.348619158964226
2012-03-29 06:00:00,123.81857137140159
2012-03-29 07:00:00,384.55407570655353
2012-03-29 08:00:00,617.8532590257864
2012-03-29 09:00:00,330.1724217478915
2012-03-29 10:00:00,179.2318474011833
2012-03-29 11:00:00,212.72935578570295
2012-03-29 12:00:00,246.45818058859848
2012-03-29 13:00:00,231.56040337831496
2012-03-29 14:00:00,230.05072606225536
2012-03-29 15:00:00,249.15927085704377
2012-03-29 16:00:00,378.3533323957079
2012-03-29 17:00:00,638.9389679931085
2012-03-29 18:00:00,644.1805458806621
2012-03-29 19:00:00,416.986634344635
2012-03-29 20:00:00,265.31873258814227
2012-03-29 21:00:00,187.97379141333244
2012-03-29 22:00:00,145.34375123963008
2012-03-29 23:00:00,93.15957109650083
2012-03-30 00:00:00,45.438960160304006
2012-03-30 01:00:00,18.610126986829226
2012-03-30 02:00:00,10.05663432020148
2012-03-30 03:00:00,3.8514363317921916
2012-03-30 04:00:00,3.789289440099788
2012-03-30 05:00:00,23.549749139217013
2012-03-30 06:00:00,90.60677589575118
2012-03-30 07:00:00,291.82295924389166
2012-03-30 08:00:00,551.8901014335759
2012-03-30 09:00:00,286.15594403174356
2012-03-30 10:00:00,165.6745330898636
2012-03-30 11:00:00,183.1702298262352
2012-03-30 12:00:00,236.10348776397407
2012-03-30 13:00:00,108.83674637708256
2012-03-30 14:00:00,102.96951640156394
2012-03-30 15:00:00,108.60470477882191
2012-03-30 16:00:00,147.20181305503593
2012-03-30 17:00:00,465.34811858861667
2012-03-30 18:00:00,471.15374024881
2012-03-30 19:00:00,311.4511067236873
2012-03-30 20:00:00,203.59609253585074
2012-03-30 21:00:00,168.74033492527005
2012-03-30 22:00:00,134.33967388133942
2012-03-30 23:00:00,111.37726444969289
2012-03-31 00:00:00,82.34116311314656
2012-03-31 01:00:00,75.5656598213399
2012-03-31 02:00:00,47.96899021736252
2012-03-31 03:00:00,21.896323028870405
2012-03-31 04:00:00,6.186887999952322
2012-03-31 05:00:00,6.805710569037013
2012-03-31 06:00:00,13.792956836208365
2012-03-31 07:00:00,57.91107475223702
2012-03-31 08:00:00,131.1327308375213
2012-03-31 09:00:00,250.9939938481671
2012-03-31 10:00:00,292.25624240239574
2012-03-31 11:00:00,437.33180063677383
2012-03-31 12:00:00,456.4129629807313
2012-03-31 13:00:00,511.7017554014183
2012-03-31 14:00:00,454.1273823247059
2012-03-31 15:00:00,461.48247172433656
2012-03-31 16:00:00,489.66255295242144
2012-03-31 17:00:00,425.9591771082816
2012-03-31 18:00:00,319.7256175834197
2012-03-31 19:00:00,245.4658462162468
2012-03-31 20:00:00,163.3880801180092
2012-03-31 21:00:00,147.27339254495325
2012-03-31 22:00:00,131.29758630558248
2012-03-31 23:00:00,93.61175797057477
2012-04-20 00:00:00,51.93826913480122
2012-04-20 01:00:00,21.082040532867538
2012-04-20 02:00:00,9.227440154783014
2012-04-20 03:00:00,4.926791957452522
2012-04-20 04:00:00,4.261971501787793
2012-04-20 05:00:00,26.64364365764202
2012-04-20 06:00:00,116.70497788703047
2012-04-20 07:00:00,331.1593679762368
2012-04-20 08:00:00,538.3344433345025
2012-04-20 09:00:00,312.81947200391124
2012-04-20 10:00:00,215.96946101004946
2012-04-20 11:00:00,275.567092700598
2012-04-20 12:00:00,358.22004735744457
2012-04-20 13:00:00,372.2284533810239
2012-04-20 14:00:00,367.0852041898394
2012-04-20 15:00:00,373.02534419765266
2012-04-20 16:00:00,461.80764754607117
2012-04-20 17:00:00,719.641305328435
2012-04-20 18:00:00,683.5103157740867
2012-04-20 19:00:00,513.5958109135764
2012-04-20 20:00:00,322.5020232733336
2012-04-20 21:00:00,243.16288325030868
2012-04-20 22:00:00,211.7141959887537
2012-04-20 23:00:00,157.52611872419874
2012-04-21 00:00:00,112.56281054934806
2012-04-21 01:00:00,102.58528183462838
2012-04-21 02:00:00,56.64406835290611
2012-04-21 03:00:00,25.61881113060532
2012-04-21 04:00:00,9.22090588486917
2012-04-21 05:00:00,11.212329093995576
2012-04-21 06:00:00,30.0868896924224
2012-04-21 07:00:00,69.37478599656082
2012-04-21 08:00:00,200.27977176816154
2012-04-21 09:00:00,287.3784315465152
2012-04-21 10:00:00,425.63350709873754
2012-04-21 11:00:00,446.5416875872438
2012-04-21 12:00:00,562.2486607216168
2012-04-21 13:00:00,601.3529670668702
2012-04-21 14:00:00,611.6886180191996
2012-04-21 15:00:00,612.3998753110716
2012-04-21 16:00:00,570.6558816319043
2012-04-21 17:00:00,615.9504495594356
2012-04-21 18:00:00,516.0983788871578
2012-04-21 19:00:00,296.941568684868
2012-04-21 20:00:00,92.70019811283062
2012-04-21 21:00:00,84.64585833540721
2012-04-21 22:00:00,170.73121780380373
2012-04-21 23:00:00,116.79142851776163
2012-04-22 00:00:00,109.34274763993601
2012-04-22 01:00:00,96.87406895039825
2012-04-22 02:00:00,56.27331766198341
2012-04-22 03:00:00,28.17382938679883
2012-04-22 04:00:00,12.601461276834323
2012-04-22 05:00:00,11.97105077713859
2012-04-22 06:00:00,20.08519657117382
2012-04-22 07:00:00,56.63091455038341
2012-04-22 08:00:00,65.28926010226289
2012-04-22 09:00:00,78.04548282268831
2012-04-22 10:00:00,82.29962288831534
2012-04-22 11:00:00,86.38169995669242
2012-04-22 12:00:00,87.53470246976627
2012-04-22 13:00:00,88.80832331604886
2012-04-22 14:00:00,91.28697756094454
2012-04-22 15:00:00,118.22833341277841
2012-04-22 16:00:00,155.86954770947523
2012-04-22 17:00:00,176.57963515274494
2012-04-22 18:00:00,164.49428923265123
2012-04-22 19:00:00,137.89677281031402
2012-04-22 20:00:00,104.23292123378961
2012-04-22 21:00:00,78.67601946702013
2012-04-22 22:00:00,64.23214221623168
2012-04-22 23:00:00,57.47178888120094
2012-04-23 00:00:00,19.258288962424366
2012-04-23 01:00:00,6.521322854050228
2012-04-23 02:00:00,4.9647243866779895
2012-04-23 03:00:00,2.9062879699008093
2012-04-23 04:00:00,2.6594538562155363
2012-04-23 05:00:00,22.670748702656475
2012-04-23 06:00:00,95.67263206504028
2012-04-23 07:00:00,156.6625128060918
2012-04-23 08:00:00,525.2483589559438
2012-04-23 09:00:00,269.97566537383796
2012-04-23 10:00:00,154.19202606068097
2012-04-23 11:00:00,159.11049666107138
2012-04-23 12:00:00,110.52155391368638
2012-04-23 13:00:00,114.23760858742614
2012-04-23 14:00:00,114.05756972049608
2012-04-23 15:00:00,167.16714979463865
2012-04-23 16:00:00,160.77687307653864
2012-04-23 17:00:00,265.84034974240075
2012-04-23 18:00:00,270.50862276070774
2012-04-23 19:00:00,315.8174852758789
2012-04-23 20:00:00,225.3870209882251
2012-04-23 21:00:00,156.72462706519423
2012-04-23 22:00:00,116.88451371716752
2012-04-23 23:00:00,68.80283521566659
2012-04-24 00:00:00,22.274005921985356
2012-04-24 01:00:00,9.046144358381671
2012-04-24 02:00:00,4.843594721335357
2012-04-24 03:00:00,2.7936858009627428
2012-04-24 04:00:00,2.3344685599987245
2012-04-24 05:00:00,25.380456511988964
2012-04-24 06:00:00,100.43548769256189
2012-04-24 07:00:00,321.45764981314846
2012-04-24 08:00:00,589.2997689664911
2012-04-24 09:00:00,322.89460483419566
2012-04-24 10:00:00,188.126507582729
2012-04-24 11:00:00,217.35854139060407
2012-04-24 12:00:00,235.9023840745066
2012-04-24 13:00:00,232.9599771100469
2012-04-24 14:00:00,233.61222239888292
2012-04-24 15:00:00,252.7113689529596
2012-04-24 16:00:00,392.2517749975215
2012-04-24 17:00:00,675.5964475519033
2012-04-24 18:00:00,688.9936166825586
2012-04-24 19:00:00,503.2056808356451
2012-04-24 20:00:00,298.69240893731006
2012-04-24 21:00:00,232.74890302491443
2012-04-24 22:00:00,157.36164754358134
2012-04-24 23:00:00,90.46984845292204
2012-04-25 00:00:00,30.97107034763087
2012-04-25 01:00:00,9.95137725952488
2012-04-25 02:00:00,6.307825674067728
2012-04-25 03:00:00,2.8024570370501665
2012-04-25 04:00:00,2.6402480594405713
2012-04-25 05:00:00,26.80174778389069
2012-04-25 06:00:00,104.7582594697132
2012-04-25 07:00:00,338.5874479596105
2012-04-25 08:00:00,549.344978409028
2012-04-25 09:00:00,326.68506447471907
2012-04-25 10:00:00,196.41597363750773
2012-04-25 11:00:00,236.51365637092977
2012-04-25 12:00:00,266.932559125699
2012-04-25 13:00:00,257.4066499952656
2012-04-25 14:00:00,250.211160993241
2012-04-25 15:00:00,273.4810525427174
2012-04-25 16:00:00,379.24307816722234
2012-04-25 17:00:00,726.0207149230612
2012-04-25 18:00:00,726.7500751399856
2012-04-25 19:00:00,541.2768972958434
2012-04-25 20:00:00,354.34615573745
2012-04-25 21:00:00,258.62356608789804
2012-04-25 22:00:00,202.6206930942805
2012-04-25 23:00:00,113.96033791179497
2012-04-26 00:00:00,38.30651542892462
2012-04-26 01:00:00,14.952593217896343
2012-04-26 02:00:00,10.294419242747187
2012-04-26 03:00:00,5.106833923950728
2012-04-26 04:00:00,5.283471011670649
2012-04-26 05:00:00,29.38720409560758
2012-04-26 06:00:00,131.7676501918406
2012-04-26 07:00:00,124.56568876474832
2012-04-26 08:00:00,134.9901167353368
2012-04-26 09:00:00,117.37535314486736
2012-04-26 10:00:00,144.89742492732495
2012-04-26 11:00:00,130.06008023297454
2012-04-26 12:00:00,211.41974860751665
2012-04-26 13:00:00,206.39008877362917
2012-04-26 14:00:00,207.23947900733756
2012-04-26 15:00:00,211.08184399063393
2012-04-26 16:00:00,271.97911470102684
2012-04-26 17:00:00,477.94433743987855
2012-04-26 18:00:00,510.2929914945351
2012-04-26 19:00:00,423.1641400843829
2012-04-26 20:00:00,294.9691656476531
2012-04-26 21:00:00,227.21241510153976
2012-04-26 22:00:00,192.939340387201
2012-04-26 23:00:00,111.1300924081239
2012-04-27 00:00:00,48.83749174502073
2012-04-27 01:00:00,24.482184780967632
2012-04-27 02:00:00,11.921936159825892
2012-04-27 03:00:00,5.835660648207884
2012-04-27 04:00:00,4.456101116204923
2012-04-27 05:00:00,28.119897633412325
2012-04-27 06:00:00,101.88608193081885
2012-04-27 07:00:00,327.25395657996296
2012-04-27 08:00:00,603.5423357926821
2012-04-27 09:00:00,330.63361658544
2012-04-27 10:00:00,211.7669701001653
2012-04-27 11:00:00,246.25350545675397
2012-04-27 12:00:00,333.07066812348506
2012-04-27 13:00:00,344.10259090816743
2012-04-27 14:00:00,342.287495600605
2012-04-27 15:00:00,379.24887877671574
2012-04-27 16:00:00,460.13719790795705
2012-04-27 17:00:00,662.8995185154299
2012-04-27 18:00:00,643.8725994547121
2012-04-27 19:00:00,480.7455857706671
2012-04-27 20:00:00,249.00442101362196
2012-04-27 21:00:00,188.223273699329
2012-04-27 22:00:00,153.71273115307181
2012-04-27 23:00:00,105.39824875391203
2012-04-28 00:00:00,85.92482317392856
2012-04-28 01:00:00,66.39440188187696
2012-04-28 02:00:00,50.86167091401511
2012-04-28 03:00:00,22.76705371362955
2012-04-28 04:00:00,10.269035411327547
2012-04-28 05:00:00,9.99021234771411
2012-04-28 06:00:00,22.632546910017815
2012-04-28 07:00:00,74.44559500284056
2012-04-28 08:00:00,167.00493743644213
2012-04-28 09:00:00,264.0076187501338
2012-04-28 10:00:00,321.6244715085747
2012-04-28 11:00:00,421.6215107761418
2012-04-28 12:00:00,414.53809980043604
2012-04-28 13:00:00,459.38008444944955
2012-04-28 14:00:00,489.2514169061797
2012-04-28 15:00:00,463.7150029351439
2012-04-28 16:00:00,427.99229431714843
2012-04-28 17:00:00,396.02474121951036
2012-04-28 18:00:00,256.0395964607646
2012-04-28 19:00:00,213.0974765750159
2012-04-28 20:00:00,205.00402826003074
2012-04-28 21:00:00,118.71608465556697
2012-04-28 22:00:00,140.24438159111978
2012-04-28 23:00:00,126.44086275871173
2012-04-29 00:00:00,43.88981544741912
2012-04-29 01:00:00,71.97100186729826
2012-04-29 02:00:00,58.10117412216796
2012-04-29 03:00:00,24.454099457443235
2012-04-29 04:00:00,11.777954205746019
2012-04-29 05:00:00,10.498157541490698
2012-04-29 06:00:00,13.804933442683517
2012-04-29 07:00:00,55.89470382582613
2012-04-29 08:00:00,111.94479032363715
2012-04-29 09:00:00,229.35504456255705
2012-04-29 10:00:00,332.1739259907022
2012-04-29 11:00:00,455.046785256832
2012-04-29 12:00:00,528.7973000464577
2012-04-29 13:00:00,533.9104902219693
2012-04-29 14:00:00,541.4981130014988
2012-04-29 15:00:00,538.4469350454823
2012-04-29 16:00:00,544.0380925725495
2012-04-29 17:00:00,514.8654659015456
2012-04-29 18:00:00,457.1817400094236
2012-04-29 19:00:00,386.5550189126133
2012-04-29 20:00:00,278.4627566662822
2012-04-29 21:00:00,166.1100937534481
2012-04-29 22:00:00,128.37051617120457
2012-04-29 23:00:00,67.24832657640957
2012-04-30 00:00:00,31.448228790747013
2012-04-30 01:00:00,8.91168903004267
2012-04-30 02:00:00,6.873939876706454
2012-04-30 03:00:00,3.9606513965353787
2012-04-30 04:00:00,3.6455623060505267
2012-04-30 05:00:00,27.706744483694294
2012-04-30 06:00:00,110.94110090847666
2012-04-30 07:00:00,348.42284812834447
2012-04-30 08:00:00,613.2564400878512
2012-04-30 09:00:00,318.12859100358827
2012-04-30 10:00:00,194.21620950912012
2012-04-30 11:00:00,202.84314540219435
2012-04-30 12:00:00,214.19381078584567
2012-04-30 13:00:00,239.0490686210357
2012-04-30 14:00:00,235.99769877578532
2012-04-30 15:00:00,254.02299055191975
2012-04-30 16:00:00,356.4006955664182
2012-04-30 17:00:00,735.3974447205334
2012-04-30 18:00:00,711.0482420425575
2012-04-30 19:00:00,489.79434239588306
2012-04-30 20:00:00,294.0731872104786
2012-04-30 21:00:00,233.6519273956492
2012-04-30 22:00:00,150.841650475096
2012-04-30 23:00:00,82.66107749375746
2012-05-20 00:00:00,144.70661871379087
2012-05-20 01:00:00,104.06602950350474
2012-05-20 02:00:00,72.33378720812846
2012-05-20 03:00:00,32.825993274106736
2012-05-20 04:00:00,14.408191940222837
2012-05-20 05:00:00,12.950221170146733
2012-05-20 06:00:00,22.199288962685152
2012-05-20 07:00:00,57.664150071524304
2012-05-20 08:00:00,136.43128740759042
2012-05-20 09:00:00,256.2367947473778
2012-05-20 10:00:00,432.7677860175765
2012-05-20 11:00:00,548.3042430632806
2012-05-20 12:00:00,644.0645121874942
2012-05-20 13:00:00,646.2422447515513
2012-05-20 14:00:00,594.5537791949262
2012-05-20 15:00:00,580.1141730734926
2012-05-20 16:00:00,551.950766125804
2012-05-20 17:00:00,519.3816443647318
2012-05-20 18:00:00,470.25351565189396
2012-05-20 19:00:00,359.18625628049176
2012-05-20 20:00:00,278.782994386296
2012-05-20 21:00:00,201.8608678337099
2012-05-20 22:00:00,122.73616943249587
2012-05-20 23:00:00,68.30416955728414
2012-05-21 00:00:00,28.688950520671217
2012-05-21 01:00:00,14.642673844707273
2012-05-21 02:00:00,4.176680084183578
2012-05-21 03:00:00,3.8088824589024446
2012-05-21 04:00:00,4.215864107857994
2012-05-21 05:00:00,28.869097936027746
2012-05-21 06:00:00,76.18076496669973
2012-05-21 07:00:00,119.26380695237478
2012-05-21 08:00:00,121.57746538069685
2012-05-21 09:00:00,113.18870333759831
2012-05-21 10:00:00,102.39234059482185
2012-05-21 11:00:00,134.305072222764
2012-05-21 12:00:00,171.1868971029687
2012-05-21 13:00:00,102.58347456863264
2012-05-21 14:00:00,100.81771144320084
2012-05-21 15:00:00,199.4023377776247
2012-05-21 16:00:00,281.8181396391467
2012-05-21 17:00:00,657.5784188355025
2012-05-21 18:00:00,693.0351841580988
2012-05-21 19:00:00,524.5882612254376
2012-05-21 20:00:00,363.409071919204
2012-05-21 21:00:00,252.91101062539292
2012-05-21 22:00:00,152.15298280133442
2012-05-21 23:00:00,94.60358359137234
2012-05-22 00:00:00,37.79545333621196
2012-05-22 01:00:00,16.071463319001666
2012-05-22 02:00:00,6.0462137877283215
2012-05-22 03:00:00,5.9378888246745705
2012-05-22 04:00:00,5.352654762308017
2012-05-22 05:00:00,29.213587883807115
2012-05-22 06:00:00,78.76107070576946
2012-05-22 07:00:00,118.29210349240925
2012-05-22 08:00:00,512.7979062556011
2012-05-22 09:00:00,309.8352544598262
2012-05-22 10:00:00,185.0714199884105
2012-05-22 11:00:00,203.74460344245267
2012-05-22 12:00:00,206.40196177575822
2012-05-22 13:00:00,220.69776183943725
2012-05-22 14:00:00,200.5992273754324
2012-05-22 15:00:00,267.0198584091155
2012-05-22 16:00:00,348.16735971453556
2012-05-22 17:00:00,804.5151241950119
2012-05-22 18:00:00,754.9320705757848
2012-05-22 19:00:00,520.4424907203673
2012-05-22 20:00:00,367.4331867671833
2012-05-22 21:00:00,229.7405529410679
2012-05-22 22:00:00,188.39483208106358
2012-05-22 23:00:00,103.89866601701871
2012-05-23 00:00:00,44.252732485495756
2012-05-23 01:00:00,17.631924322544727
2012-05-23 02:00:00,6.681755818571264
2012-05-23 03:00:00,5.935703540856058
2012-05-23 04:00:00,5.61859856403464
2012-05-23 05:00:00,29.99550371250552
2012-05-23 06:00:00,151.9524515021813
2012-05-23 07:00:00,397.72146285189297
2012-05-23 08:00:00,511.7784773999519
2012-05-23 09:00:00,322.8193011388124
2012-05-23 10:00:00,189.05164420668407
2012-05-23 11:00:00,212.73106725216783
2012-05-23 12:00:00,283.78113942686423
2012-05-23 13:00:00,205.7294080477835
2012-05-23 14:00:00,242.32648319705794
2012-05-23 15:00:00,279.5258580299529
2012-05-23 16:00:00,297.61853978041484
2012-05-23 17:00:00,488.5753992779807
2012-05-23 18:00:00,501.6910200627007
2012-05-23 19:00:00,325.10053685344116
2012-05-23 20:00:00,241.25568726111703
2012-05-23 21:00:00,195.24444112237956
2012-05-23 22:00:00,167.14773771581395
2012-05-23 23:00:00,114.99739457003672
2012-05-24 00:00:00,67.18243032854055
2012-05-24 01:00:00,16.692417243619982
2012-05-24 02:00:00,10.934105422249617
2012-05-24 03:00:00,5.615081986972785
2012-05-24 04:00:00,5.5048214448469865
2012-05-24 05:00:00,30.649908224311844
2012-05-24 06:00:00,151.78332903225032
2012-05-24 07:00:00,408.1016216280504
2012-05-24 08:00:00,661.1610627151907
2012-05-24 09:00:00,333.0009947321203
2012-05-24 10:00:00,187.8383759856245
2012-05-24 11:00:00,221.87620964325527
2012-05-24 12:00:00,297.57004613395327
2012-05-24 13:00:00,286.395621754024
2012-05-24 14:00:00,241.6361443409689
2012-05-24 15:00:00,274.7788318236621
2012-05-24 16:00:00,349.2677124438163
2012-05-24 17:00:00,765.2764472115668
2012-05-24 18:00:00,752.3306285024219
2012-05-24 19:00:00,559.5803053615084
2012-05-24 20:00:00,355.8019922755203
2012-05-24 21:00:00,125.653786186631
2012-05-24 22:00:00,168.3906113635208
2012-05-24 23:00:00,144.63100283769205
2012-05-25 00:00:00,70.41773048936648
2012-05-25 01:00:00,36.149911986802124
2012-05-25 02:00:00,12.426187835220713
2012-05-25 03:00:00,6.753490690192941
2012-05-25 04:00:00,6.463476310401469
2012-05-25 05:00:00,30.68803962438971
2012-05-25 06:00:00,151.34170345598673
2012-05-25 07:00:00,390.22779698538574
2012-05-25 08:00:00,543.3511843135489
2012-05-25 09:00:00,300.25592899473924
2012-05-25 10:00:00,227.0968646519382
2012-05-25 11:00:00,268.4602032102533
2012-05-25 12:00:00,331.9489548542617
2012-05-25 13:00:00,338.2095087943619
2012-05-25 14:00:00,337.1208879028389
2012-05-25 15:00:00,328.68516899226535
2012-05-25 16:00:00,429.9268851468132
2012-05-25 17:00:00,668.9623610506235
2012-05-25 18:00:00,702.9688708237354
2012-05-25 19:00:00,529.1873518508586
2012-05-25 20:00:00,364.42418177976424
2012-05-25 21:00:00,256.26698994064503
2012-05-25 22:00:00,272.01680831483344
2012-05-25 23:00:00,199.44601523692495
2012-05-26 00:00:00,131.76930279359283
2012-05-26 01:00:00,116.69584688749033
2012-05-26 02:00:00,72.78357980796845
2012-05-26 03:00:00,28.874106062945437
2012-05-26 04:00:00,11.393336756297012
2012-05-26 05:00:00,12.826104052603377
2012-05-26 06:00:00,25.377685580686606
2012-05-26 07:00:00,67.93955871086806
2012-05-26 08:00:00,180.09353955145536
2012-05-26 09:00:00,272.82881518753373
2012-05-26 10:00:00,355.2369168579636
2012-05-26 11:00:00,431.27786035379717
2012-05-26 12:00:00,468.2445571828335
2012-05-26 13:00:00,470.14258708441776
2012-05-26 14:00:00,451.21712484320824
2012-05-26 15:00:00,442.86551053605797
2012-05-26 16:00:00,487.25910878068527
2012-05-26 17:00:00,547.3260075826701
2012-05-26 18:00:00,519.468085226961
2012-05-26 19:00:00,392.85383591595445
2012-05-26 20:00:00,292.5746923701422
2012-05-26 21:00:00,250.05629469252196
2012-05-26 22:00:00,242.34324390479074
2012-05-26 23:00:00,200.9071838376159
2012-05-27 00:00:00,134.0084786673916
2012-05-27 01:00:00,112.03549472582458
2012-05-27 02:00:00,89.42063931994053
2012-05-27 03:00:00,31.319699762345294
2012-05-27 04:00:00,13.036507897662426
2012-05-27 05:00:00,13.18803270742052
2012-05-27 06:00:00,20.221152226683312
2012-05-27 07:00:00,60.90803037312937
2012-05-27 08:00:00,137.0672947400635
2012-05-27 09:00:00,241.85805408745014
2012-05-27 10:00:00,371.68245478953014
2012-05-27 11:00:00,413.09335836805656
2012-05-27 12:00:00,436.0249420027307
2012-05-27 13:00:00,499.152487435407
2012-05-27 14:00:00,486.4627582583412
2012-05-27 15:00:00,505.722892932305
2012-05-27 16:00:00,488.504770318322
2012-05-27 17:00:00,513.188068880202
2012-05-27 18:00:00,474.50047197782254
2012-05-27 19:00:00,370.51403916497327
2012-05-27 20:00:00,291.8268427723592
2012-05-27 21:00:00,161.93636881831986
2012-05-27 22:00:00,99.54843574334076
2012-05-27 23:00:00,72.3825009832427
2012-05-28 00:00:00,55.997710897701154
2012-05-28 01:00:00,49.622169513695944
2012-05-28 02:00:00,33.95444858604712
2012-05-28 03:00:00,15.189583310313038
2012-05-28 04:00:00,9.099109989351085
2012-05-28 05:00:00,16.013707940447944
2012-05-28 06:00:00,53.46200910155994
2012-05-28 07:00:00,111.04714635419279
2012-05-28 08:00:00,256.0829233334195
2012-05-28 09:00:00,305.80905242168194
2012-05-28 10:00:00,342.300254142167
2012-05-28 11:00:00,320.3315076287129
2012-05-28 12:00:00,318.99165427294986
2012-05-28 13:00:00,308.6301678353439
2012-05-28 14:00:00,302.03567940590386
2012-05-28 15:00:00,302.28875708184324
2012-05-28 16:00:00,373.807557880271
2012-05-28 17:00:00,528.9361925150715
2012-05-28 18:00:00,519.5846751653004
2012-05-28 19:00:00,404.1408335980495
2012-05-28 20:00:00,348.8442618770339
2012-05-28 21:00:00,273.47758828341523
2012-05-28 22:00:00,247.94743813916145
2012-05-28 23:00:00,115.39495260953224
2012-05-29 00:00:00,47.92516038798822
2012-05-29 01:00:00,16.819472890056083
2012-05-29 02:00:00,9.430556944308904
2012-05-29 03:00:00,5.044951844332842
2012-05-29 04:00:00,7.446551946825193
2012-05-29 05:00:00,32.087409632056335
2012-05-29 06:00:00,160.70419547336022
2012-05-29 07:00:00,395.59964927661343
2012-05-29 08:00:00,653.7007442944124
2012-05-29 09:00:00,326.05656194609526
2012-05-29 10:00:00,178.59629018049338
2012-05-29 11:00:00,220.6607456980296
2012-05-29 12:00:00,268.1746924372436
2012-05-29 13:00:00,257.0975718442351
2012-05-29 14:00:00,243.6003609438736
2012-05-29 15:00:00,272.6455413240725
2012-05-29 16:00:00,365.001979524156
2012-05-29 17:00:00,722.4230362025387
2012-05-29 18:00:00,718.0337037867295
2012-05-29 19:00:00,546.7906246313713
2012-05-29 20:00:00,307.6528901598442
2012-05-29 21:00:00,122.93571250653793
2012-05-29 22:00:00,142.39787757905646
2012-05-29 23:00:00,80.28089188292113
2012-05-30 00:00:00,32.8196181960877
2012-05-30 01:00:00,13.591144739199406
2012-05-30 02:00:00,6.072824565832413
2012-05-30 03:00:00,4.510098632468944
2012-05-30 04:00:00,5.933242103644334
2012-05-30 05:00:00,31.3443569296246
2012-05-30 06:00:00,158.94939294335435
2012-05-30 07:00:00,141.6581493786015
2012-05-30 08:00:00,654.6909199108287
2012-05-30 09:00:00,331.5519712736796
2012-05-30 10:00:00,181.75194406189996
2012-05-30 11:00:00,219.04738086358412
2012-05-30 12:00:00,303.0102772680569
2012-05-30 13:00:00,292.73923018124856
2012-05-30 14:00:00,256.0846192410815
2012-05-30 15:00:00,270.90127851480975
2012-05-30 16:00:00,362.47406531155866
2012-05-30 17:00:00,813.2315149617036
2012-05-30 18:00:00,821.3160822910648
2012-05-30 19:00:00,533.8711092755763
2012-05-30 20:00:00,329.39399703934055
2012-05-30 21:00:00,271.3885767693836
2012-05-30 22:00:00,277.3631489481217
2012-05-30 23:00:00,143.4236094499942
2012-05-31 00:00:00,65.13774073685602
2012-05-31 01:00:00,20.883719548140533
2012-05-31 02:00:00,9.108810464510873
2012-05-31 03:00:00,6.191317272947932
2012-05-31 04:00:00,7.891315971867112
2012-05-31 05:00:00,33.34061193944437
2012-05-31 06:00:00,163.74365314794343
2012-05-31 07:00:00,441.19172607147294
2012-05-31 08:00:00,667.1251631444021
2012-05-31 09:00:00,324.37536553446296
2012-05-31 10:00:00,198.196508927679
2012-05-31 11:00:00,240.28850462299903
2012-05-31 12:00:00,309.9785499542099
2012-05-31 13:00:00,293.18694021733495
2012-05-31 14:00:00,242.95951285638867
2012-05-31 15:00:00,280.18618992052035
2012-05-31 16:00:00,387.4283543519774
2012-05-31 17:00:00,825.8259031042012
2012-05-31 18:00:00,818.5611119067094
2012-05-31 19:00:00,541.7472344042831
2012-05-31 20:00:00,393.78870668648045
2012-05-31 21:00:00,274.4330047211622
2012-05-31 22:00:00,276.7992814971375
2012-05-31 23:00:00,179.70471976897292
2012-06-20 00:00:00,47.58970471090813
2012-06-20 01:00:00,20.12222521959479
2012-06-20 02:00:00,9.227444425143704
2012-06-20 03:00:00,5.707999715093376
2012-06-20 04:00:00,7.752342443736251
2012-06-20 05:00:00,39.480133739367176
2012-06-20 06:00:00,162.19250402556662
2012-06-20 07:00:00,349.593705183142
2012-06-20 08:00:00,632.9766628549469
2012-06-20 09:00:00,325.4710137819305
2012-06-20 10:00:00,183.43278616718894
2012-06-20 11:00:00,207.14917341686436
2012-06-20 12:00:00,264.4865021495572
2012-06-20 13:00:00,250.16657104878175
2012-06-20 14:00:00,220.8224613086554
2012-06-20 15:00:00,263.01912739689385
2012-06-20 16:00:00,384.8080012699842
2012-06-20 17:00:00,758.7189747289583
2012-06-20 18:00:00,751.921303214458
2012-06-20 19:00:00,543.7454795314485
2012-06-20 20:00:00,448.85095193367727
2012-06-20 21:00:00,363.80809464690543
2012-06-20 22:00:00,306.10399802134987
2012-06-20 23:00:00,135.02588847279557
2012-06-21 00:00:00,65.4779932690889
2012-06-21 01:00:00,21.645030136147618
2012-06-21 02:00:00,10.167928374651856
2012-06-21 03:00:00,5.1857449837560825
2012-06-21 04:00:00,7.230358411150923
2012-06-21 05:00:00,39.79080944614574
2012-06-21 06:00:00,162.94964289471736
2012-06-21 07:00:00,370.9190906735995
2012-06-21 08:00:00,672.4040058572805
2012-06-21 09:00:00,309.2964185708006
2012-06-21 10:00:00,174.61046187929327
2012-06-21 11:00:00,212.10046130403725
2012-06-21 12:00:00,263.94455065171707
2012-06-21 13:00:00,265.6543588850933
2012-06-21 14:00:00,217.96707852286963
2012-06-21 15:00:00,244.50824394744734
2012-06-21 16:00:00,393.19576104433895
2012-06-21 17:00:00,760.7612885738861
2012-06-21 18:00:00,771.2340644170137
2012-06-21 19:00:00,538.2935263762881
2012-06-21 20:00:00,451.4393910390106
2012-06-21 21:00:00,350.14324655490304
2012-06-21 22:00:00,301.1416704537016
2012-06-21 23:00:00,148.50999733783564
2012-06-22 00:00:00,76.07060131718524
2012-06-22 01:00:00,38.8473461841758
2012-06-22 02:00:00,17.97213575272319
2012-06-22 03:00:00,6.83224039332929
2012-06-22 04:00:00,7.564615631438551
2012-06-22 05:00:00,36.33812227851239
2012-06-22 06:00:00,156.96185738717443
2012-06-22 07:00:00,388.36299217406446
2012-06-22 08:00:00,627.2096123715246
2012-06-22 09:00:00,347.6828254706299
2012-06-22 10:00:00,240.99981122596733
2012-06-22 11:00:00,278.6748894394875
2012-06-22 12:00:00,323.2939764750015
2012-06-22 13:00:00,327.5757520642604
2012-06-22 14:00:00,324.3837212535333
2012-06-22 15:00:00,306.743438660754
2012-06-22 16:00:00,401.8526016776023
2012-06-22 17:00:00,775.5164572697453
2012-06-22 18:00:00,716.6389588250115
2012-06-22 19:00:00,521.3866143530228
2012-06-22 20:00:00,358.1421934740422
2012-06-22 21:00:00,201.61333542340583
2012-06-22 22:00:00,278.78948116539283
2012-06-22 23:00:00,198.8060304140986
2012-06-23 00:00:00,155.44596501906838
2012-06-23 01:00:00,116.63400502303553
2012-06-23 02:00:00,83.90256797277564
2012-06-23 03:00:00,28.101594345686653
2012-06-23 04:00:00,11.395018617262641
2012-06-23 05:00:00,10.861912642540373
2012-06-23 06:00:00,34.890170503947665
2012-06-23 07:00:00,63.70436128138227
2012-06-23 08:00:00,178.96718985070714
2012-06-23 09:00:00,285.35699773267766
2012-06-23 10:00:00,392.3911033128485
2012-06-23 11:00:00,495.562189880462
2012-06-23 12:00:00,550.0843579471141
2012-06-23 13:00:00,568.3218061261589
2012-06-23 14:00:00,575.667167556865
2012-06-23 15:00:00,531.396811995629
2012-06-23 16:00:00,525.811504549506
2012-06-23 17:00:00,577.0505208846215
2012-06-23 18:00:00,544.9527338893123
2012-06-23 19:00:00,423.1203418713327
2012-06-23 20:00:00,341.082726630079
2012-06-23 21:00:00,316.9674229578859
2012-06-23 22:00:00,290.50266453608003
2012-06-23 23:00:00,208.30583139065953
2012-06-24 00:00:00,169.13252688097518
2012-06-24 01:00:00,126.0149887054163
2012-06-24 02:00:00,99.01569092151766
2012-06-24 03:00:00,32.73626315674363
2012-06-24 04:00:00,15.227605077405633
2012-06-24 05:00:00,13.95744535043363
2012-06-24 06:00:00,21.864546267180103
2012-06-24 07:00:00,57.727428248684916
2012-06-24 08:00:00,124.2470816032368
2012-06-24 09:00:00,249.508632257988
2012-06-24 10:00:00,384.0665470445434
2012-06-24 11:00:00,483.20920933637865
2012-06-24 12:00:00,531.5296491932286
2012-06-24 13:00:00,543.8645919821481
2012-06-24 14:00:00,504.7902692118036
2012-06-24 15:00:00,486.22367924274374
2012-06-24 16:00:00,516.3501741563349
2012-06-24 17:00:00,553.7738980617285
2012-06-24 18:00:00,540.6609135487323
2012-06-24 19:00:00,415.1910625242605
2012-06-24 20:00:00,325.4475656247638
2012-06-24 21:00:00,225.463143600619
2012-06-24 22:00:00,139.29116698252813
2012-06-24 23:00:00,90.12211979339382
2012-06-25 00:00:00,45.52584924087715
2012-06-25 01:00:00,19.260592624979516
2012-06-25 02:00:00,9.563993470581732
2012-06-25 03:00:00,5.236002273530728
2012-06-25 04:00:00,8.342250042368114
2012-06-25 05:00:00,40.775132752189364
2012-06-25 06:00:00,151.40355855106588
2012-06-25 07:00:00,465.0364391365554
2012-06-25 08:00:00,660.4135672363273
2012-06-25 09:00:00,325.6821980368177
2012-06-25 10:00:00,176.1060258114001
2012-06-25 11:00:00,234.42157128818107
2012-06-25 12:00:00,264.2068884009843
2012-06-25 13:00:00,260.38329817020093
2012-06-25 14:00:00,244.53993617146807
2012-06-25 15:00:00,273.60764817105786
2012-06-25 16:00:00,384.8781571417808
2012-06-25 17:00:00,729.1678673061394
2012-06-25 18:00:00,735.1384517238866
2012-06-25 19:00:00,580.9280889545282
2012-06-25 20:00:00,422.69318989537317
2012-06-25 21:00:00,293.8948661841371
2012-06-25 22:00:00,209.12738236201488
2012-06-25 23:00:00,116.48109090670327
2012-06-26 00:00:00,39.90292971464897
2012-06-26 01:00:00,16.73927569424041
2012-06-26 02:00:00,8.499076876557108
2012-06-26 03:00:00,4.55238986146096
2012-06-26 04:00:00,7.919091006439396
2012-06-26 05:00:00,40.98958880682294
2012-06-26 06:00:00,151.11236533706952
2012-06-26 07:00:00,457.6034032634744
2012-06-26 08:00:00,651.5122745254284
2012-06-26 09:00:00,316.4562201683933
2012-06-26 10:00:00,196.5749752238961
2012-06-26 11:00:00,237.86718770960204
2012-06-26 12:00:00,268.32093872338197
2012-06-26 13:00:00,261.7203604316265
2012-06-26 14:00:00,248.52552410290724
2012-06-26 15:00:00,273.36633350356846
2012-06-26 16:00:00,390.58896627079605
2012-06-26 17:00:00,740.4808003280355
2012-06-26 18:00:00,745.447342036224
2012-06-26 19:00:00,561.7560242558437
2012-06-26 20:00:00,425.02722108643053
2012-06-26 21:00:00,308.51252548146977
2012-06-26 22:00:00,214.72123748530345
2012-06-26 23:00:00,127.54935149150192
2012-06-27 00:00:00,41.00866807100871
2012-06-27 01:00:00,16.997562675732887
2012-06-27 02:00:00,8.11402872353441
2012-06-27 03:00:00,5.865635380806897
2012-06-27 04:00:00,7.195595578365691
2012-06-27 05:00:00,40.0640135916732
2012-06-27 06:00:00,154.06803841001033
2012-06-27 07:00:00,447.85616399672034
2012-06-27 08:00:00,663.1168822823606
2012-06-27 09:00:00,320.41262946649454
2012-06-27 10:00:00,198.93687559700234
2012-06-27 11:00:00,236.71031524768028
2012-06-27 12:00:00,285.8302274009159
2012-06-27 13:00:00,272.33414582789675
2012-06-27 14:00:00,258.90295638173995
2012-06-27 15:00:00,280.5154352510606
2012-06-27 16:00:00,385.2002098728972
2012-06-27 17:00:00,738.8785228515301
2012-06-27 18:00:00,749.3638760325972
2012-06-27 19:00:00,570.3602939369065
2012-06-27 20:00:00,443.6504855903543
2012-06-27 21:00:00,336.18130661710904
2012-06-27 22:00:00,290.7110424720362
2012-06-27 23:00:00,156.89247911132838
2012-06-28 00:00:00,56.79283205075006
2012-06-28 01:00:00,21.817702143525047
2012-06-28 02:00:00,9.257242390048578
2012-06-28 03:00:00,6.2120345857981984
2012-06-28 04:00:00,7.793516921290065
2012-06-28 05:00:00,38.78097967059127
2012-06-28 06:00:00,150.1043065407838
2012-06-28 07:00:00,476.2106577693841
2012-06-28 08:00:00,656.4395297039239
2012-06-28 09:00:00,323.900951255623
2012-06-28 10:00:00,197.1876254593708
2012-06-28 11:00:00,237.06848161635034
2012-06-28 12:00:00,282.3111033055073
2012-06-28 13:00:00,270.4570164500686
2012-06-28 14:00:00,245.93753312393022
2012-06-28 15:00:00,273.9494458100879
2012-06-28 16:00:00,393.07257914328454
2012-06-28 17:00:00,761.6935735196898
2012-06-28 18:00:00,760.0327529139835
2012-06-28 19:00:00,556.546010326519
2012-06-28 20:00:00,454.46527364967125
2012-06-28 21:00:00,326.8334498858811
2012-06-28 22:00:00,279.3563416982589
2012-06-28 23:00:00,179.48390855923273
2012-06-29 00:00:00,68.3605553575674
2012-06-29 01:00:00,37.61115038788021
2012-06-29 02:00:00,15.92129779366064
2012-06-29 03:00:00,6.728876363588348
2012-06-29 04:00:00,7.716426592076277
2012-06-29 05:00:00,35.894260069050276
2012-06-29 06:00:00,150.75396975581148
2012-06-29 07:00:00,385.6287375841247
2012-06-29 08:00:00,613.6609629647586
2012-06-29 09:00:00,352.73789742084625
2012-06-29 10:00:00,243.87843573527755
2012-06-29 11:00:00,281.45293887416847
2012-06-29 12:00:00,304.96313166389757
2012-06-29 13:00:00,304.271271286925
2012-06-29 14:00:00,298.39643707197905
2012-06-29 15:00:00,305.115874923912
2012-06-29 16:00:00,388.17287247313277
2012-06-29 17:00:00,694.1047569158009
2012-06-29 18:00:00,666.3146860439995
2012-06-29 19:00:00,494.6883751903527
2012-06-29 20:00:00,386.58175609380976
2012-06-29 21:00:00,387.6308868134694
2012-06-29 22:00:00,188.58970711115313
2012-06-29 23:00:00,126.8375144309371
2012-06-30 00:00:00,117.05256149633934
2012-06-30 01:00:00,119.65164666349533
2012-06-30 02:00:00,71.22996661313225
2012-06-30 03:00:00,28.661869223949235
2012-06-30 04:00:00,12.857856406930427
2012-06-30 05:00:00,11.21054670879489
2012-06-30 06:00:00,23.45714598518655
2012-06-30 07:00:00,67.11837431552318
2012-06-30 08:00:00,175.8259645698063
2012-06-30 09:00:00,272.8193657709054
2012-06-30 10:00:00,360.0847928099255
2012-06-30 11:00:00,491.8903565481584
2012-06-30 12:00:00,520.9454716358241
2012-06-30 13:00:00,523.0876768094605
2012-06-30 14:00:00,516.6439160930447
2012-06-30 15:00:00,506.6107036560674
2012-06-30 16:00:00,477.42005085872376
2012-06-30 17:00:00,514.1864780782098
2012-06-30 18:00:00,506.07114197158484
2012-06-30 19:00:00,407.9049738881463
2012-06-30 20:00:00,314.83652278970385
2012-06-30 21:00:00,318.29405076332284
2012-06-30 22:00:00,259.23111294574846
2012-06-30 23:00:00,198.68466256977143
2012-07-20 00:00:00,60.345732325385896
2012-07-20 01:00:00,35.11865741952609
2012-07-20 02:00:00,11.457611475868271
2012-07-20 03:00:00,6.701536687871626
2012-07-20 04:00:00,8.235918891694503
2012-07-20 05:00:00,36.929004359151556
2012-07-20 06:00:00,158.02107249780053
2012-07-20 07:00:00,388.68348709917143
2012-07-20 08:00:00,531.9528143209884
2012-07-20 09:00:00,335.7764813923202
2012-07-20 10:00:00,228.59155639395803
2012-07-20 11:00:00,235.29237166363305
2012-07-20 12:00:00,127.17708980497707
2012-07-20 13:00:00,146.5716303081948
2012-07-20 14:00:00,148.35279123701588
2012-07-20 15:00:00,296.70278859463906
2012-07-20 16:00:00,312.6184187814897
2012-07-20 17:00:00,349.40520292507347
2012-07-20 18:00:00,444.7979385108773
2012-07-20 19:00:00,335.8106193144064
2012-07-20 20:00:00,180.66773531263038
2012-07-20 21:00:00,191.1331598055429
2012-07-20 22:00:00,172.75797344059367
2012-07-20 23:00:00,170.1941151013272
2012-07-21 00:00:00,115.64592791128726
2012-07-21 01:00:00,112.84613171653224
2012-07-21 02:00:00,56.18203621510777
2012-07-21 03:00:00,25.739076186013303
2012-07-21 04:00:00,10.177875649910316
2012-07-21 05:00:00,8.754002508583781
2012-07-21 06:00:00,24.234974268932664
2012-07-21 07:00:00,71.35625273458557
2012-07-21 08:00:00,204.21615819354577
2012-07-21 09:00:00,285.8294674588524
2012-07-21 10:00:00,134.20282545622746
2012-07-21 11:00:00,406.1200672731071
2012-07-21 12:00:00,142.61500627995417
2012-07-21 13:00:00,141.89737272155674
2012-07-21 14:00:00,390.32964019002844
2012-07-21 15:00:00,231.37167275771006
2012-07-21 16:00:00,225.91712178075454
2012-07-21 17:00:00,228.04334716490493
2012-07-21 18:00:00,310.287994144188
2012-07-21 19:00:00,280.6134589246992
2012-07-21 20:00:00,196.15077967346406
2012-07-21 21:00:00,194.88303364300793
2012-07-21 22:00:00,167.20227558452638
2012-07-21 23:00:00,152.5911232158662
2012-07-22 00:00:00,129.58727777610886
2012-07-22 01:00:00,120.22496403794194
2012-07-22 02:00:00,73.15510610673567
2012-07-22 03:00:00,33.905721852524714
2012-07-22 04:00:00,13.429495486404393
2012-07-22 05:00:00,12.728665127846728
2012-07-22 06:00:00,21.662732873970924
2012-07-22 07:00:00,54.67146159586999
2012-07-22 08:00:00,129.39813480370125
2012-07-22 09:00:00,272.66068108793866
2012-07-22 10:00:00,387.1673605795465
2012-07-22 11:00:00,405.55662382004635
2012-07-22 12:00:00,447.47988876755716
2012-07-22 13:00:00,427.45128140772186
2012-07-22 14:00:00,429.2282009436435
2012-07-22 15:00:00,422.5981030611335
2012-07-22 16:00:00,431.62619780918203
2012-07-22 17:00:00,485.0400262228287
2012-07-22 18:00:00,453.53799998211866
2012-07-22 19:00:00,353.3220606122994
2012-07-22 20:00:00,274.3124033208612
2012-07-22 21:00:00,208.8260741468479
2012-07-22 22:00:00,132.0431890354569
2012-07-22 23:00:00,83.84288064475234
2012-07-23 00:00:00,41.00603992295214
2012-07-23 01:00:00,14.27362975811604
2012-07-23 02:00:00,6.738487333319415
2012-07-23 03:00:00,6.537741462393338
2012-07-23 04:00:00,8.50426568443617
2012-07-23 05:00:00,39.02672803459588
2012-07-23 06:00:00,148.86604092964072
2012-07-23 07:00:00,338.44787787083663
2012-07-23 08:00:00,617.2515973401287
2012-07-23 09:00:00,320.92237562999884
2012-07-23 10:00:00,182.05852104209183
2012-07-23 11:00:00,232.48197039382305
2012-07-23 12:00:00,269.0711110500204
2012-07-23 13:00:00,259.9623226827703
2012-07-23 14:00:00,237.29700279494458
2012-07-23 15:00:00,265.3672412783795
2012-07-23 16:00:00,362.2333547468219
2012-07-23 17:00:00,793.7579195904132
2012-07-23 18:00:00,783.0094526665722
2012-07-23 19:00:00,554.0030677099281
2012-07-23 20:00:00,421.4723156226663
2012-07-23 21:00:00,301.97119084663746
2012-07-23 22:00:00,218.42151459606401
2012-07-23 23:00:00,126.06455548309395
2012-07-24 00:00:00,53.75664974514014
2012-07-24 01:00:00,17.350046393530288
2012-07-24 02:00:00,9.35432094494624
2012-07-24 03:00:00,5.549015476546014
2012-07-24 04:00:00,7.588704699115985
2012-07-24 05:00:00,41.158894502322816
2012-07-24 06:00:00,167.932026478377
2012-07-24 07:00:00,490.4150717413468
2012-07-24 08:00:00,666.313828542813
2012-07-24 09:00:00,309.16905910909827
2012-07-24 10:00:00,174.57385393094935
2012-07-24 11:00:00,206.86363102444733
2012-07-24 12:00:00,259.8470364490179
2012-07-24 13:00:00,245.5801087165634
2012-07-24 14:00:00,226.22173063455512
2012-07-24 15:00:00,273.0048768234803
2012-07-24 16:00:00,349.47553226865017
2012-07-24 17:00:00,747.3226438867425
2012-07-24 18:00:00,650.9955848678156
2012-07-24 19:00:00,545.8271656807549
2012-07-24 20:00:00,419.53969911556305
2012-07-24 21:00:00,308.11471451064494
2012-07-24 22:00:00,224.05152639633647
2012-07-24 23:00:00,125.32046815770391
2012-07-25 00:00:00,44.84904319447937
2012-07-25 01:00:00,19.886744639989033
2012-07-25 02:00:00,7.885343317186606
2012-07-25 03:00:00,5.096517434396045
2012-07-25 04:00:00,7.082649170811465
2012-07-25 05:00:00,40.66794247822967
2012-07-25 06:00:00,168.8536499703726
2012-07-25 07:00:00,434.5581929363494
2012-07-25 08:00:00,657.2813538027228
2012-07-25 09:00:00,320.17308573859293
2012-07-25 10:00:00,196.49723894304225
2012-07-25 11:00:00,239.04008092076725
2012-07-25 12:00:00,302.7780933957941
2012-07-25 13:00:00,277.32639768564644
2012-07-25 14:00:00,244.00460691501502
2012-07-25 15:00:00,262.35995904579073
2012-07-25 16:00:00,382.33095020186136
2012-07-25 17:00:00,788.9780535928957
2012-07-25 18:00:00,788.5533139617191
2012-07-25 19:00:00,565.7007195289418
2012-07-25 20:00:00,431.1288160243052
2012-07-25 21:00:00,337.9102427749086
2012-07-25 22:00:00,274.60317194835284
2012-07-25 23:00:00,144.58958955197485
2012-07-26 00:00:00,61.62315790300841
2012-07-26 01:00:00,21.412013472339062
2012-07-26 02:00:00,8.521297995374491
2012-07-26 03:00:00,5.642587464039197
2012-07-26 04:00:00,7.121249100524139
2012-07-26 05:00:00,40.538314721376494
2012-07-26 06:00:00,166.61678642250882
2012-07-26 07:00:00,469.18426887138753
2012-07-26 08:00:00,665.2062272494601
2012-07-26 09:00:00,324.9026507795553
2012-07-26 10:00:00,196.5633052213507
2012-07-26 11:00:00,211.7219551900095
2012-07-26 12:00:00,265.2580744199494
2012-07-26 13:00:00,247.42613423346162
2012-07-26 14:00:00,192.87801227527729
2012-07-26 15:00:00,208.70669741678114
2012-07-26 16:00:00,387.98188967943645
2012-07-26 17:00:00,689.6373338806974
2012-07-26 18:00:00,682.1583692390675
2012-07-26 19:00:00,544.7119823650314
2012-07-26 20:00:00,457.27528803276664
2012-07-26 21:00:00,336.55815795657156
2012-07-26 22:00:00,260.23085182456344
2012-07-26 23:00:00,160.51753479967223
2012-07-27 00:00:00,75.21047443771128
2012-07-27 01:00:00,37.966675305128845
2012-07-27 02:00:00,18.530211037509225
2012-07-27 03:00:00,7.038420388278768
2012-07-27 04:00:00,8.001272455749364
2012-07-27 05:00:00,37.58438782340036
2012-07-27 06:00:00,158.4115497526669
2012-07-27 07:00:00,403.5432654716613
2012-07-27 08:00:00,619.9857130912526
2012-07-27 09:00:00,341.67747259655556
2012-07-27 10:00:00,250.10289113732097
2012-07-27 11:00:00,278.82247680198975
2012-07-27 12:00:00,318.7192432147037
2012-07-27 13:00:00,318.156809851869
2012-07-27 14:00:00,314.9542000955652
2012-07-27 15:00:00,328.878534922244
2012-07-27 16:00:00,415.76133784189864
2012-07-27 17:00:00,713.6822419601681
2012-07-27 18:00:00,728.9188829277912
2012-07-27 19:00:00,501.5752666123151
2012-07-27 20:00:00,366.9467167826145
2012-07-27 21:00:00,305.6727071368108
2012-07-27 22:00:00,280.00823910251495
2012-07-27 23:00:00,199.2471383240873
2012-07-28 00:00:00,162.1666947032275
2012-07-28 01:00:00,122.20967969293503
2012-07-28 02:00:00,90.78186837444872
2012-07-28 03:00:00,31.27158190134803
2012-07-28 04:00:00,12.616608786035039
2012-07-28 05:00:00,13.97628575956636
2012-07-28 06:00:00,34.84364203283941
2012-07-28 07:00:00,68.35677601050442
2012-07-28 08:00:00,177.8496698345248
2012-07-28 09:00:00,278.7880826797286
2012-07-28 10:00:00,380.2911167592352
2012-07-28 11:00:00,491.6523359166729
2012-07-28 12:00:00,529.9098173392092
2012-07-28 13:00:00,536.5738506487238
2012-07-28 14:00:00,530.4780789588783
2012-07-28 15:00:00,513.506781750687
2012-07-28 16:00:00,494.5880979752223
2012-07-28 17:00:00,501.16359410877254
2012-07-28 18:00:00,517.786859375237
2012-07-28 19:00:00,336.30411621141377
2012-07-28 20:00:00,250.30945074404096
2012-07-28 21:00:00,241.01556512214415
2012-07-28 22:00:00,230.54958461079997
2012-07-28 23:00:00,206.75368927531224
2012-07-29 00:00:00,145.30908997490712
2012-07-29 01:00:00,128.29813077710418
2012-07-29 02:00:00,93.67850516127271
2012-07-29 03:00:00,33.58594439879383
2012-07-29 04:00:00,14.969801894942584
2012-07-29 05:00:00,12.808415047485402
2012-07-29 06:00:00,23.262303032387788
2012-07-29 07:00:00,60.52643169673224
2012-07-29 08:00:00,130.81885891153294
2012-07-29 09:00:00,247.43583238715283
2012-07-29 10:00:00,393.1688493004112
2012-07-29 11:00:00,469.76275574187105
2012-07-29 12:00:00,517.2439469794941
2012-07-29 13:00:00,518.1693534134332
2012-07-29 14:00:00,521.5425009610258
2012-07-29 15:00:00,523.1180978547134
2012-07-29 16:00:00,486.59209197229217
2012-07-29 17:00:00,495.9844114866263
2012-07-29 18:00:00,505.47347208121755
2012-07-29 19:00:00,373.7250715560067
2012-07-29 20:00:00,288.44038244553144
2012-07-29 21:00:00,205.64696201371243
2012-07-29 22:00:00,129.72580082037618
2012-07-29 23:00:00,83.15464591173213
2012-07-30 00:00:00,51.62118057329404
2012-07-30 01:00:00,16.51421677647685
2012-07-30 02:00:00,9.907852797548191
2012-07-30 03:00:00,5.859448216758583
2012-07-30 04:00:00,8.687012981375926
2012-07-30 05:00:00,41.76744623883411
2012-07-30 06:00:00,150.4628484196416
2012-07-30 07:00:00,402.34625056308795
2012-07-30 08:00:00,652.8832862156405
2012-07-30 09:00:00,324.46167635336656
2012-07-30 10:00:00,186.07455844013157
2012-07-30 11:00:00,233.06896711356356
2012-07-30 12:00:00,273.19874947385193
2012-07-30 13:00:00,261.85569447362474
2012-07-30 14:00:00,240.3062105334127
2012-07-30 15:00:00,273.3540436275677
2012-07-30 16:00:00,369.68486400017457
2012-07-30 17:00:00,728.2772695352271
2012-07-30 18:00:00,690.6371749777061
2012-07-30 19:00:00,556.1972627789308
2012-07-30 20:00:00,405.19401101162146
2012-07-30 21:00:00,287.66127726670993
2012-07-30 22:00:00,184.30702807068576
2012-07-30 23:00:00,121.00091470338471
2012-07-31 00:00:00,46.38850405791291
2012-07-31 01:00:00,15.42544206176359
2012-07-31 02:00:00,9.127564178185924
2012-07-31 03:00:00,6.05971623328918
2012-07-31 04:00:00,7.588704699115985
2012-07-31 05:00:00,40.94154637876491
2012-07-31 06:00:00,165.17249558477732
2012-07-31 07:00:00,342.3978917149743
2012-07-31 08:00:00,626.9141736083059
2012-07-31 09:00:00,325.5311393581677
2012-07-31 10:00:00,191.8192643722426
2012-07-31 11:00:00,228.8200715643824
2012-07-31 12:00:00,286.6594022684871
2012-07-31 13:00:00,255.42747287624843
2012-07-31 14:00:00,241.3789896929363
2012-07-31 15:00:00,264.1075310895219
2012-07-31 16:00:00,348.11003619420114
2012-07-31 17:00:00,803.1585282791465
2012-07-31 18:00:00,737.3587669457694
2012-07-31 19:00:00,464.4326397634337
2012-07-31 20:00:00,344.53195197786306
2012-07-31 21:00:00,277.30202387508365
2012-07-31 22:00:00,216.8357399805276
2012-07-31 23:00:00,124.97080789045027
2012-08-20 00:00:00,35.664342902468704
2012-08-20 01:00:00,15.007189780634029
2012-08-20 02:00:00,7.586949515214049
2012-08-20 03:00:00,6.708687697398136
2012-08-20 04:00:00,9.104695751662156
2012-08-20 05:00:00,39.445799892625416
2012-08-20 06:00:00,148.73388871185998
2012-08-20 07:00:00,445.53351636709067
2012-08-20 08:00:00,685.5621057877793
2012-08-20 09:00:00,332.99216679631553
2012-08-20 10:00:00,204.5760115339229
2012-08-20 11:00:00,228.57869227377952
2012-08-20 12:00:00,291.1587816259582
2012-08-20 13:00:00,283.8391704471709
2012-08-20 14:00:00,256.71913206495094
2012-08-20 15:00:00,282.19288529787576
2012-08-20 16:00:00,428.87975064598606
2012-08-20 17:00:00,851.2924820895618
2012-08-20 18:00:00,485.45899843303346
2012-08-20 19:00:00,396.0889600748379
2012-08-20 20:00:00,279.0431926444199
2012-08-20 21:00:00,218.04348453251717
2012-08-20 22:00:00,140.46007490140857
2012-08-20 23:00:00,97.37692837099436
2012-08-21 00:00:00,34.74409564313232
2012-08-21 01:00:00,14.890465527526388
2012-08-21 02:00:00,4.548793137948873
2012-08-21 03:00:00,6.2286595376960445
2012-08-21 04:00:00,6.878359852456739
2012-08-21 05:00:00,39.750706274899485
2012-08-21 06:00:00,164.44875842590565
2012-08-21 07:00:00,460.77751011788604
2012-08-21 08:00:00,667.782843267082
2012-08-21 09:00:00,336.9551549268016
2012-08-21 10:00:00,199.06753370027627
2012-08-21 11:00:00,239.9045111406088
2012-08-21 12:00:00,293.7099675160876
2012-08-21 13:00:00,290.24151060283066
2012-08-21 14:00:00,254.0831786739345
2012-08-21 15:00:00,282.5017446039798
2012-08-21 16:00:00,449.971296141986
2012-08-21 17:00:00,849.2404722067917
2012-08-21 18:00:00,846.9643140664658
2012-08-21 19:00:00,406.68960618659855
2012-08-21 20:00:00,398.01016380042915
2012-08-21 21:00:00,285.78793025420003
2012-08-21 22:00:00,163.78060608482275
2012-08-21 23:00:00,109.53042159604618
2012-08-22 00:00:00,44.73545333834086
2012-08-22 01:00:00,21.369223028201198
2012-08-22 02:00:00,6.6534773975610575
2012-08-22 03:00:00,6.763891451704886
2012-08-22 04:00:00,7.435375812768552
2012-08-22 05:00:00,40.433736229328105
2012-08-22 06:00:00,172.37645630650673
2012-08-22 07:00:00,465.33083823994974
2012-08-22 08:00:00,704.0748778406048
2012-08-22 09:00:00,339.88253170097767
2012-08-22 10:00:00,199.06781035187555
2012-08-22 11:00:00,237.89014560857987
2012-08-22 12:00:00,295.0460175426324
2012-08-22 13:00:00,286.0479496976389
2012-08-22 14:00:00,254.74852483974652
2012-08-22 15:00:00,280.7316045696361
2012-08-22 16:00:00,404.8764393766744
2012-08-22 17:00:00,735.2529437555039
2012-08-22 18:00:00,696.2449869755851
2012-08-22 19:00:00,528.793625758258
2012-08-22 20:00:00,404.5148606367997
2012-08-22 21:00:00,300.21353577495495
2012-08-22 22:00:00,262.75861490436534
2012-08-22 23:00:00,129.79620028569616
2012-08-23 00:00:00,68.34407789321388
2012-08-23 01:00:00,20.021650242472603
2012-08-23 02:00:00,10.44556490381541
2012-08-23 03:00:00,6.21402124532102
2012-08-23 04:00:00,7.34291176382462
2012-08-23 05:00:00,40.78650917504228
2012-08-23 06:00:00,159.49332390079127
2012-08-23 07:00:00,392.3502571519454
2012-08-23 08:00:00,695.4144495987897
2012-08-23 09:00:00,337.7100807610225
2012-08-23 10:00:00,200.97225691164334
2012-08-23 11:00:00,239.65504584681963
2012-08-23 12:00:00,302.64694476172997
2012-08-23 13:00:00,284.29196533482576
2012-08-23 14:00:00,245.5816376348976
2012-08-23 15:00:00,273.28960020916287
2012-08-23 16:00:00,424.0122401924965
2012-08-23 17:00:00,833.2225044083607
2012-08-23 18:00:00,831.373504724531
2012-08-23 19:00:00,599.9196726013807
2012-08-23 20:00:00,427.51982716440534
2012-08-23 21:00:00,323.8994298555273
2012-08-23 22:00:00,236.79847859786975
2012-08-23 23:00:00,166.72919177484326
2012-08-24 00:00:00,74.20645460184404
2012-08-24 01:00:00,33.490946148166934
2012-08-24 02:00:00,18.82056369105998
2012-08-24 03:00:00,7.473868387138536
2012-08-24 04:00:00,7.617552157380907
2012-08-24 05:00:00,37.643292906008625
2012-08-24 06:00:00,153.20995972815183
2012-08-24 07:00:00,387.040373578488
2012-08-24 08:00:00,598.5147987898677
2012-08-24 09:00:00,363.8869788880253
2012-08-24 10:00:00,258.9629676253662
2012-08-24 11:00:00,284.9002718917345
2012-08-24 12:00:00,355.26362004923294
2012-08-24 13:00:00,357.2227688933718
2012-08-24 14:00:00,356.5029225216589
2012-08-24 15:00:00,354.78512408687254
2012-08-24 16:00:00,479.219870338452
2012-08-24 17:00:00,816.4705074217684
2012-08-24 18:00:00,747.4199438848224
2012-08-24 19:00:00,525.7358510396405
2012-08-24 20:00:00,366.58449506679557
2012-08-24 21:00:00,291.7484550386949
2012-08-24 22:00:00,233.1440274311738
2012-08-24 23:00:00,203.78713915553686
2012-08-25 00:00:00,160.66801829482208
2012-08-25 01:00:00,127.15165520479334
2012-08-25 02:00:00,96.16667480921065
2012-08-25 03:00:00,34.30564031087089
2012-08-25 04:00:00,14.460524707597095
2012-08-25 05:00:00,11.6739176718566
2012-08-25 06:00:00,30.387098525318226
2012-08-25 07:00:00,58.33167110456038
2012-08-25 08:00:00,185.22434917979183
2012-08-25 09:00:00,286.7767299665668
2012-08-25 10:00:00,413.04012141670086
2012-08-25 11:00:00,448.7098595189703
2012-08-25 12:00:00,310.8106674348131
2012-08-25 13:00:00,541.5295566131311
2012-08-25 14:00:00,250.11991049730003
2012-08-25 15:00:00,358.60866225081526
2012-08-25 16:00:00,471.1897882698204
2012-08-25 17:00:00,449.91992184945923
2012-08-25 18:00:00,467.0918802882702
2012-08-25 19:00:00,343.7776793404177
2012-08-25 20:00:00,198.19265064026908
2012-08-25 21:00:00,213.08102697674207
2012-08-25 22:00:00,192.4366458727284
2012-08-25 23:00:00,164.8439346205468
2012-08-26 00:00:00,133.43606044718592
2012-08-26 01:00:00,127.46652277180844
2012-08-26 02:00:00,78.15799689467133
2012-08-26 03:00:00,37.73790368953707
2012-08-26 04:00:00,13.076389554020942
2012-08-26 05:00:00,11.563210606342912
2012-08-26 06:00:00,13.40089601397908
2012-08-26 07:00:00,63.07473836711576
2012-08-26 08:00:00,129.35963161730862
2012-08-26 09:00:00,251.28659733526538
2012-08-26 10:00:00,415.5635507445124
2012-08-26 11:00:00,414.6135537348231
2012-08-26 12:00:00,285.79739664890235
2012-08-26 13:00:00,192.6896550189215
2012-08-26 14:00:00,328.66335090305523
2012-08-26 15:00:00,198.81186620230875
2012-08-26 16:00:00,218.17461039132246
2012-08-26 17:00:00,304.8202698615832
2012-08-26 18:00:00,316.87895483707666
2012-08-26 19:00:00,275.894208286176
2012-08-26 20:00:00,188.69713948369218
2012-08-26 21:00:00,175.12544304476202
2012-08-26 22:00:00,113.76714704926572
2012-08-26 23:00:00,72.88328677164174
2012-08-27 00:00:00,44.0211711406419
2012-08-27 01:00:00,13.698921844114174
2012-08-27 02:00:00,6.9085679194872665
2012-08-27 03:00:00,6.629094300481998
2012-08-27 04:00:00,8.629511110375457
2012-08-27 05:00:00,39.66886950983421
2012-08-27 06:00:00,151.3913355444895
2012-08-27 07:00:00,284.55514189005186
2012-08-27 08:00:00,555.1570791080972
2012-08-27 09:00:00,310.96364107108724
2012-08-27 10:00:00,186.7203277657204
2012-08-27 11:00:00,224.64932473491893
2012-08-27 12:00:00,287.43359936084283
2012-08-27 13:00:00,272.8400103024972
2012-08-27 14:00:00,247.96983450009577
2012-08-27 15:00:00,272.4160570687937
2012-08-27 16:00:00,423.2411450649788
2012-08-27 17:00:00,838.1126497844826
2012-08-27 18:00:00,840.7941549166956
2012-08-27 19:00:00,587.4211611041956
2012-08-27 20:00:00,411.1372922793831
2012-08-27 21:00:00,291.85582076988703
2012-08-27 22:00:00,193.74011853144296
2012-08-27 23:00:00,113.05478021236655
2012-08-28 00:00:00,46.51311434666514
2012-08-28 01:00:00,15.690808420675772
2012-08-28 02:00:00,8.608269963715042
2012-08-28 03:00:00,5.69942778034075
2012-08-28 04:00:00,7.894732946692314
2012-08-28 05:00:00,39.50790257962662
2012-08-28 06:00:00,163.14280173375226
2012-08-28 07:00:00,309.68123936755376
2012-08-28 08:00:00,573.5646531439648
2012-08-28 09:00:00,331.66517808904206
2012-08-28 10:00:00,198.67559134289945
2012-08-28 11:00:00,237.32282477943
2012-08-28 12:00:00,277.8954713163496
2012-08-28 13:00:00,270.0994300036361
2012-08-28 14:00:00,249.80851410667452
2012-08-28 15:00:00,273.5446658445419
2012-08-28 16:00:00,434.43785360112446
2012-08-28 17:00:00,821.7550756188874
2012-08-28 18:00:00,843.3773303372257
2012-08-28 19:00:00,584.6158494853676
2012-08-28 20:00:00,421.44535834328826
2012-08-28 21:00:00,313.9887629338857
2012-08-28 22:00:00,226.55376753925788
2012-08-28 23:00:00,150.51872208832742
2012-08-29 00:00:00,47.756755704440046
2012-08-29 01:00:00,18.302517121312544
2012-08-29 02:00:00,8.244553423847314
2012-08-29 03:00:00,6.057165609449099
2012-08-29 04:00:00,6.867523836909961
2012-08-29 05:00:00,40.65496426346464
2012-08-29 06:00:00,169.97957348197917
2012-08-29 07:00:00,441.87428785513146
2012-08-29 08:00:00,706.0830911276757
2012-08-29 09:00:00,351.17921589859986
2012-08-29 10:00:00,198.47807839461046
2012-08-29 11:00:00,240.65066339210134
2012-08-29 12:00:00,299.8255802599934
2012-08-29 13:00:00,293.6399115500395
2012-08-29 14:00:00,253.79758682157106
2012-08-29 15:00:00,278.9449830453211
2012-08-29 16:00:00,445.33415748204226
2012-08-29 17:00:00,877.0376850342325
2012-08-29 18:00:00,846.6792507758362
2012-08-29 19:00:00,596.9362607820981
2012-08-29 20:00:00,420.5148763775981
2012-08-29 21:00:00,321.6141743487973
2012-08-29 22:00:00,270.1365546064584
2012-08-29 23:00:00,150.46830650034056
2012-08-30 00:00:00,66.40718331593267
2012-08-30 01:00:00,21.780563584202667
2012-08-30 02:00:00,10.027060962395213
2012-08-30 03:00:00,5.833459215275711
2012-08-30 04:00:00,7.27501650375484
2012-08-30 05:00:00,40.47581320283123
2012-08-30 06:00:00,163.80384082897578
2012-08-30 07:00:00,445.80227120633253
2012-08-30 08:00:00,704.7283003921332
2012-08-30 09:00:00,338.76071918801705
2012-08-30 10:00:00,198.14889136453087
2012-08-30 11:00:00,246.6477152579834
2012-08-30 12:00:00,300.8018904849798
2012-08-30 13:00:00,289.74741089580016
2012-08-30 14:00:00,252.13977838526608
2012-08-30 15:00:00,273.17704226040394
2012-08-30 16:00:00,425.37478122903315
2012-08-30 17:00:00,864.2855293800828
2012-08-30 18:00:00,833.7838262283653
2012-08-30 19:00:00,609.3723900092452
2012-08-30 20:00:00,449.7696493675853
2012-08-30 21:00:00,325.6173162255528
2012-08-30 22:00:00,263.0314145876535
2012-08-30 23:00:00,165.4627072285947
2012-08-31 00:00:00,69.2502863373117
2012-08-31 01:00:00,34.80167066680616
2012-08-31 02:00:00,12.892951717502733
2012-08-31 03:00:00,7.365915424170189
2012-08-31 04:00:00,8.7604307593861
2012-08-31 05:00:00,36.83424252303517
2012-08-31 06:00:00,157.37325479817633
2012-08-31 07:00:00,372.2241331296276
2012-08-31 08:00:00,594.3574367265566
2012-08-31 09:00:00,352.72389517658866
2012-08-31 10:00:00,245.01863755600777
2012-08-31 11:00:00,277.93889641796545
2012-08-31 12:00:00,334.3673333036935
2012-08-31 13:00:00,328.4935864099324
2012-08-31 14:00:00,297.67911063820424
2012-08-31 15:00:00,299.06029102914715
2012-08-31 16:00:00,467.23148732678584
2012-08-31 17:00:00,804.4286265408172
2012-08-31 18:00:00,773.5071988465372
2012-08-31 19:00:00,526.8886935737172
2012-08-31 20:00:00,373.9487197902602
2012-08-31 21:00:00,299.61319011338355
2012-08-31 22:00:00,254.85105423623713
2012-08-31 23:00:00,208.475553880568
2012-09-20 00:00:00,54.23130348413758
2012-09-20 01:00:00,18.07779257891004
2012-09-20 02:00:00,10.652220917670245
2012-09-20 03:00:00,6.752824138076527
2012-09-20 04:00:00,6.784777948319893
2012-09-20 05:00:00,44.071058143794524
2012-09-20 06:00:00,177.0986675203497
2012-09-20 07:00:00,489.1454435112179
2012-09-20 08:00:00,778.4570323297374
2012-09-20 09:00:00,341.2786314499627
2012-09-20 10:00:00,201.8975817826682
2012-09-20 11:00:00,241.48602629888867
2012-09-20 12:00:00,330.54665405152144
2012-09-20 13:00:00,319.7800097004803
2012-09-20 14:00:00,317.9402948121773
2012-09-20 15:00:00,336.343830066935
2012-09-20 16:00:00,445.2184272703023
2012-09-20 17:00:00,858.0989748748019
2012-09-20 18:00:00,851.2770296442218
2012-09-20 19:00:00,557.9794414529326
2012-09-20 20:00:00,411.03661117166604
2012-09-20 21:00:00,290.8712198278231
2012-09-20 22:00:00,231.01371637054407
2012-09-20 23:00:00,144.33583280894874
2012-09-21 00:00:00,67.78263013220194
2012-09-21 01:00:00,34.264582996979186
2012-09-21 02:00:00,18.85581078207519
2012-09-21 03:00:00,8.795102239942139
2012-09-21 04:00:00,9.837110454900511
2012-09-21 05:00:00,43.04782620970337
2012-09-21 06:00:00,165.00828937218722
2012-09-21 07:00:00,424.7387047931846
2012-09-21 08:00:00,656.2329464195916
2012-09-21 09:00:00,360.5864689294955
2012-09-21 10:00:00,240.5653999364542
2012-09-21 11:00:00,283.72296457388836
2012-09-21 12:00:00,370.13738394957306
2012-09-21 13:00:00,397.6321321760288
2012-09-21 14:00:00,391.28073174568374
2012-09-21 15:00:00,389.19035900895733
2012-09-21 16:00:00,499.1569772244607
2012-09-21 17:00:00,837.0050866700435
2012-09-21 18:00:00,766.789976059707
2012-09-21 19:00:00,527.8737356231917
2012-09-21 20:00:00,362.222278062496
2012-09-21 21:00:00,258.4641470452543
2012-09-21 22:00:00,234.3874395891726
2012-09-21 23:00:00,184.1517805437088
2012-09-22 00:00:00,139.31925146166495
2012-09-22 01:00:00,110.18998152050926
2012-09-22 02:00:00,68.76927795895693
2012-09-22 03:00:00,29.89269060397698
2012-09-22 04:00:00,12.87725147020416
2012-09-22 05:00:00,11.066541365038919
2012-09-22 06:00:00,29.119043507830092
2012-09-22 07:00:00,70.01644829528219
2012-09-22 08:00:00,191.93706314599285
2012-09-22 09:00:00,315.67196364211486
2012-09-22 10:00:00,430.9393845807649
2012-09-22 11:00:00,534.2034416578848
2012-09-22 12:00:00,580.6366944851238
2012-09-22 13:00:00,583.5433691721867
2012-09-22 14:00:00,576.3763635391191
2012-09-22 15:00:00,561.7681518855918
2012-09-22 16:00:00,547.9569444589935
2012-09-22 17:00:00,547.8535988613228
2012-09-22 18:00:00,522.2865393582088
2012-09-22 19:00:00,429.63342401830585
2012-09-22 20:00:00,313.1071006173554
2012-09-22 21:00:00,283.18908664694106
2012-09-22 22:00:00,259.96975129440307
2012-09-22 23:00:00,203.2948678563042
2012-09-23 00:00:00,153.0348229388869
2012-09-23 01:00:00,111.48559605854567
2012-09-23 02:00:00,74.17712995070687
2012-09-23 03:00:00,35.32110903337562
2012-09-23 04:00:00,14.280030248847552
2012-09-23 05:00:00,12.59316819343158
2012-09-23 06:00:00,19.211516054834405
2012-09-23 07:00:00,55.77065506605005
2012-09-23 08:00:00,116.73836838039226
2012-09-23 09:00:00,244.50194630705957
2012-09-23 10:00:00,389.7474043162549
2012-09-23 11:00:00,508.02262395687507
2012-09-23 12:00:00,591.7901500147333
2012-09-23 13:00:00,643.406470866693
2012-09-23 14:00:00,620.9770969552297
2012-09-23 15:00:00,616.0140039388396
2012-09-23 16:00:00,618.6243977317865
2012-09-23 17:00:00,547.6503138904407
2012-09-23 18:00:00,490.7601194065816
2012-09-23 19:00:00,368.0257919582351
2012-09-23 20:00:00,263.87369218558683
2012-09-23 21:00:00,164.57644397762138
2012-09-23 22:00:00,134.4144390207989
2012-09-23 23:00:00,66.58119592789086
2012-09-24 00:00:00,43.778819086934334
2012-09-24 01:00:00,13.538454088551592
2012-09-24 02:00:00,7.9343264911772735
2012-09-24 03:00:00,4.642032917010294
2012-09-24 04:00:00,8.267424236002759
2012-09-24 05:00:00,44.08211482278818
2012-09-24 06:00:00,158.7791749416486
2012-09-24 07:00:00,452.8420517738089
2012-09-24 08:00:00,755.6862412908788
2012-09-24 09:00:00,342.0063598018663
2012-09-24 10:00:00,194.32827689523418
2012-09-24 11:00:00,244.0924263509915
2012-09-24 12:00:00,312.2963956461383
2012-09-24 13:00:00,312.3607370723693
2012-09-24 14:00:00,308.15144083028565
2012-09-24 15:00:00,315.97751991696254
2012-09-24 16:00:00,453.0909097620879
2012-09-24 17:00:00,853.5712374920264
2012-09-24 18:00:00,835.1778949886794
2012-09-24 19:00:00,506.5396285080543
2012-09-24 20:00:00,357.98808876933646
2012-09-24 21:00:00,262.967901581017
2012-09-24 22:00:00,134.76042030147946
2012-09-24 23:00:00,92.29162331384327
2012-09-25 00:00:00,43.71873819771364
2012-09-25 01:00:00,13.024435644311653
2012-09-25 02:00:00,7.156838206483163
2012-09-25 03:00:00,4.156676882498179
2012-09-25 04:00:00,7.148191479944941
2012-09-25 05:00:00,44.1068155710752
2012-09-25 06:00:00,176.1154481233362
2012-09-25 07:00:00,476.31935249710966
2012-09-25 08:00:00,764.2563500193177
2012-09-25 09:00:00,345.02414491319814
2012-09-25 10:00:00,199.97046479719123
2012-09-25 11:00:00,239.41329054956074
2012-09-25 12:00:00,312.0609319919562
2012-09-25 13:00:00,315.6105994850074
2012-09-25 14:00:00,315.7803624357347
2012-09-25 15:00:00,328.7567555350223
2012-09-25 16:00:00,456.7742784716414
2012-09-25 17:00:00,890.7467481484713
2012-09-25 18:00:00,874.2404024203033
2012-09-25 19:00:00,571.64490242183
2012-09-25 20:00:00,419.69877196105193
2012-09-25 21:00:00,271.0911313419224
2012-09-25 22:00:00,202.2084883788592
2012-09-25 23:00:00,110.10373580215494
2012-09-26 00:00:00,42.74574264190822
2012-09-26 01:00:00,18.126108106091742
2012-09-26 02:00:00,4.844031300991303
2012-09-26 03:00:00,4.439594148303395
2012-09-26 04:00:00,6.415760492122279
2012-09-26 05:00:00,42.60050882261851
2012-09-26 06:00:00,174.51213332949857
2012-09-26 07:00:00,525.2269135416086
2012-09-26 08:00:00,756.232644280555
2012-09-26 09:00:00,352.20219335408444
2012-09-26 10:00:00,190.23636951155382
2012-09-26 11:00:00,221.07754056636395
2012-09-26 12:00:00,327.9904767932934
2012-09-26 13:00:00,317.290659247432
2012-09-26 14:00:00,291.3660443349169
2012-09-26 15:00:00,302.2871278603901
2012-09-26 16:00:00,444.3397498526748
2012-09-26 17:00:00,829.751992435463
2012-09-26 18:00:00,844.9720585036955
2012-09-26 19:00:00,584.052982368554
2012-09-26 20:00:00,420.23453091667466
2012-09-26 21:00:00,307.14767676648296
2012-09-26 22:00:00,159.0989999462885
2012-09-26 23:00:00,113.84692273146007
2012-09-27 00:00:00,65.61841863430283
2012-09-27 01:00:00,21.9057041918103
2012-09-27 02:00:00,11.23220559612999
2012-09-27 03:00:00,6.901627834396008
2012-09-27 04:00:00,6.632063487635021
2012-09-27 05:00:00,41.941784473743496
2012-09-27 06:00:00,166.7603420860279
2012-09-27 07:00:00,476.410992299196
2012-09-27 08:00:00,744.594126739015
2012-09-27 09:00:00,342.17066576054265
2012-09-27 10:00:00,202.72350384468115
2012-09-27 11:00:00,243.14393108269863
2012-09-27 12:00:00,319.45712794044033
2012-09-27 13:00:00,301.88728942886615
2012-09-27 14:00:00,296.8348687293243
2012-09-27 15:00:00,304.863495868656
2012-09-27 16:00:00,447.19886822862134
2012-09-27 17:00:00,767.5706479524229
2012-09-27 18:00:00,796.775461672132
2012-09-27 19:00:00,589.664701202813
2012-09-27 20:00:00,376.45369208740317
2012-09-27 21:00:00,196.3721982956843
2012-09-27 22:00:00,125.48953538450276
2012-09-27 23:00:00,99.4130080262476
2012-09-28 00:00:00,53.4390371536043
2012-09-28 01:00:00,26.133044781466346
2012-09-28 02:00:00,9.579820449313136
2012-09-28 03:00:00,5.829016935774855
2012-09-28 04:00:00,5.612103225210759
2012-09-28 05:00:00,38.690241273667425
2012-09-28 06:00:00,151.38617014494346
2012-09-28 07:00:00,375.9653439620438
2012-09-28 08:00:00,618.4262361049815
2012-09-28 09:00:00,339.68063568918154
2012-09-28 10:00:00,223.62833901266933
2012-09-28 11:00:00,289.2092060993572
2012-09-28 12:00:00,395.0537731938397
2012-09-28 13:00:00,397.3808023641887
2012-09-28 14:00:00,396.8174647092487
2012-09-28 15:00:00,393.5317101876793
2012-09-28 16:00:00,516.30838765778
2012-09-28 17:00:00,823.1221695256993
2012-09-28 18:00:00,813.9267475103848
2012-09-28 19:00:00,466.5305997859626
2012-09-28 20:00:00,329.3072854444591
2012-09-28 21:00:00,223.95486048149806
2012-09-28 22:00:00,211.34165364121876
2012-09-28 23:00:00,166.85077099612067
2012-09-29 00:00:00,143.61885640986702
2012-09-29 01:00:00,106.04087045476707
2012-09-29 02:00:00,74.93561094689879
2012-09-29 03:00:00,34.12173374973747
2012-09-29 04:00:00,15.019725747720438
2012-09-29 05:00:00,13.37077487314706
2012-09-29 06:00:00,30.954886999319616
2012-09-29 07:00:00,76.27772672510159
2012-09-29 08:00:00,188.1942240569328
2012-09-29 09:00:00,301.8902233725954
2012-09-29 10:00:00,389.7641094853365
2012-09-29 11:00:00,522.9447451434945
2012-09-29 12:00:00,640.4645315094614
2012-09-29 13:00:00,646.6503747029961
2012-09-29 14:00:00,622.6277959088118
2012-09-29 15:00:00,567.3094812021636
2012-09-29 16:00:00,603.6631127637551
2012-09-29 17:00:00,597.9312592241221
2012-09-29 18:00:00,510.57628371751065
2012-09-29 19:00:00,375.47683048383635
2012-09-29 20:00:00,260.4835897640486
2012-09-29 21:00:00,242.40185516696494
2012-09-29 22:00:00,215.30935296052175
2012-09-29 23:00:00,176.9577458603626
2012-09-30 00:00:00,154.7402055016271
2012-09-30 01:00:00,112.06552993420954
2012-09-30 02:00:00,73.05738859591901
2012-09-30 03:00:00,43.42017095002676
2012-09-30 04:00:00,13.088283833173268
2012-09-30 05:00:00,11.552774992953523
2012-09-30 06:00:00,26.075636662497423
2012-09-30 07:00:00,57.363212283351054
2012-09-30 08:00:00,123.31239033216954
2012-09-30 09:00:00,255.1941109145286
2012-09-30 10:00:00,402.26765421971413
2012-09-30 11:00:00,543.2986512592405
2012-09-30 12:00:00,630.3541545601425
2012-09-30 13:00:00,636.7552237707713
2012-09-30 14:00:00,609.4888958778421
2012-09-30 15:00:00,606.6754186145612
2012-09-30 16:00:00,635.181033431126
2012-09-30 17:00:00,593.4769128693787
2012-09-30 18:00:00,438.6952122242262
2012-09-30 19:00:00,272.96787981838725
2012-09-30 20:00:00,193.98071919905914
2012-09-30 21:00:00,166.48559018202144
2012-09-30 22:00:00,130.60268371002346
2012-09-30 23:00:00,67.79724297070496
2012-10-20 00:00:00,131.49717201101458
2012-10-20 01:00:00,104.6772324372674
2012-10-20 02:00:00,73.11380942644507
2012-10-20 03:00:00,32.03252030548355
2012-10-20 04:00:00,11.57509620322909
2012-10-20 05:00:00,10.864785372608853
2012-10-20 06:00:00,29.488132454104367
2012-10-20 07:00:00,76.43304846517529
2012-10-20 08:00:00,182.67852003332575
2012-10-20 09:00:00,315.25387564122025
2012-10-20 10:00:00,394.4966381794745
2012-10-20 11:00:00,529.0988012040017
2012-10-20 12:00:00,586.3731697135091
2012-10-20 13:00:00,600.6157311558735
2012-10-20 14:00:00,583.40998250307
2012-10-20 15:00:00,548.7947946167217
2012-10-20 16:00:00,595.3968996495541
2012-10-20 17:00:00,583.3187122828494
2012-10-20 18:00:00,518.9054900104711
2012-10-20 19:00:00,367.58700938266134
2012-10-20 20:00:00,242.33553082018108
2012-10-20 21:00:00,222.0517912612439
2012-10-20 22:00:00,187.15072371920456
2012-10-20 23:00:00,153.47861616676863
2012-10-21 00:00:00,131.06439497681168
2012-10-21 01:00:00,107.24814854687817
2012-10-21 02:00:00,70.05873665409975
2012-10-21 03:00:00,41.68235338606473
2012-10-21 04:00:00,12.290268771492746
2012-10-21 05:00:00,10.858170761201116
2012-10-21 06:00:00,23.969109055906195
2012-10-21 07:00:00,54.2653349729204
2012-10-21 08:00:00,106.35904580413384
2012-10-21 09:00:00,237.09944545248723
2012-10-21 10:00:00,379.82902135511233
2012-10-21 11:00:00,511.62870447418663
2012-10-21 12:00:00,585.0752761660997
2012-10-21 13:00:00,596.9857480980936
2012-10-21 14:00:00,601.1551361447678
2012-10-21 15:00:00,571.1798403965048
2012-10-21 16:00:00,600.723479550065
2012-10-21 17:00:00,541.4120639137633
2012-10-21 18:00:00,470.2501055732243
2012-10-21 19:00:00,349.0512474117884
2012-10-21 20:00:00,230.6292044733565
2012-10-21 21:00:00,147.44570668178267
2012-10-21 22:00:00,116.53253835699768
2012-10-21 23:00:00,66.7877571143357
2012-10-22 00:00:00,36.705303795407836
2012-10-22 01:00:00,12.215188199702713
2012-10-22 02:00:00,7.597996928707828
2012-10-22 03:00:00,4.600080580416931
2012-10-22 04:00:00,7.752087826320329
2012-10-22 05:00:00,37.914035873234106
2012-10-22 06:00:00,147.99633098953984
2012-10-22 07:00:00,384.575203053481
2012-10-22 08:00:00,769.089018161787
2012-10-22 09:00:00,332.2915537652673
2012-10-22 10:00:00,195.19689842865972
2012-10-22 11:00:00,247.95301644627534
2012-10-22 12:00:00,313.1562180968663
2012-10-22 13:00:00,317.7001280566459
2012-10-22 14:00:00,314.6827722816794
2012-10-22 15:00:00,331.61840437334445
2012-10-22 16:00:00,462.0337640924568
2012-10-22 17:00:00,919.687361174364
2012-10-22 18:00:00,736.4966410394516
2012-10-22 19:00:00,502.20066584491383
2012-10-22 20:00:00,356.1077640687728
2012-10-22 21:00:00,247.29842223684514
2012-10-22 22:00:00,136.30081020388232
2012-10-22 23:00:00,91.56033386730905
2012-10-23 00:00:00,40.66085614989557
2012-10-23 01:00:00,13.406910095194998
2012-10-23 02:00:00,6.05243250709171
2012-10-23 03:00:00,5.0880870687913635
2012-10-23 04:00:00,7.123141293294961
2012-10-23 05:00:00,43.636851808203176
2012-10-23 06:00:00,165.17666153198516
2012-10-23 07:00:00,466.944928400368
2012-10-23 08:00:00,760.9268773075074
2012-10-23 09:00:00,342.00353552504475
2012-10-23 10:00:00,198.1937163050625
2012-10-23 11:00:00,246.81397646708868
2012-10-23 12:00:00,313.8460878813276
2012-10-23 13:00:00,305.8533118657926
2012-10-23 14:00:00,310.5788374566431
2012-10-23 15:00:00,321.18202486075825
2012-10-23 16:00:00,461.97748526018756
2012-10-23 17:00:00,893.5715251801626
2012-10-23 18:00:00,877.6683772849486
2012-10-23 19:00:00,563.981437852927
2012-10-23 20:00:00,412.3450586480693
2012-10-23 21:00:00,273.79294397516315
2012-10-23 22:00:00,173.54142668778866
2012-10-23 23:00:00,100.35391420648662
2012-10-24 00:00:00,45.76255666839955
2012-10-24 01:00:00,18.145538215112516
2012-10-24 02:00:00,6.996601307034982
2012-10-24 03:00:00,6.3148138889350705
2012-10-24 04:00:00,6.446858053156366
2012-10-24 05:00:00,45.92423164693919
2012-10-24 06:00:00,176.56919912296047
2012-10-24 07:00:00,447.01147857856733
2012-10-24 08:00:00,719.6121066430302
2012-10-24 09:00:00,360.9532946909044
2012-10-24 10:00:00,194.88014737562293
2012-10-24 11:00:00,226.50920621648427
2012-10-24 12:00:00,319.7216350205041
2012-10-24 13:00:00,311.00118327732656
2012-10-24 14:00:00,311.9585650956228
2012-10-24 15:00:00,316.5079400961
2012-10-24 16:00:00,460.84274753861564
2012-10-24 17:00:00,873.2550499222285
2012-10-24 18:00:00,859.3525925745699
2012-10-24 19:00:00,557.3906796828309
2012-10-24 20:00:00,392.5471890763764
2012-10-24 21:00:00,281.0103143641093
2012-10-24 22:00:00,228.16330407761734
2012-10-24 23:00:00,126.73942182968088
2012-10-25 00:00:00,57.59342178845971
2012-10-25 01:00:00,21.683446825072448
2012-10-25 02:00:00,10.493893515265547
2012-10-25 03:00:00,5.029090564984678
2012-10-25 04:00:00,6.3540081715519126
2012-10-25 05:00:00,44.11261116922073
2012-10-25 06:00:00,165.57925029485736
2012-10-25 07:00:00,460.73420376993965
2012-10-25 08:00:00,722.0428473564868
2012-10-25 09:00:00,355.34695511625745
2012-10-25 10:00:00,165.9660484458136
2012-10-25 11:00:00,153.45636757470353
2012-10-25 12:00:00,228.10697132211206
2012-10-25 13:00:00,227.13057435237636
2012-10-25 14:00:00,248.31424753240574
2012-10-25 15:00:00,333.2428443994685
2012-10-25 16:00:00,438.57694366964415
2012-10-25 17:00:00,769.1193102320271
2012-10-25 18:00:00,277.6224790170126
2012-10-25 19:00:00,296.8729102780853
2012-10-25 20:00:00,254.2169304535321
2012-10-25 21:00:00,236.619123602385
2012-10-25 22:00:00,186.6922995771688
2012-10-25 23:00:00,124.97228741360512
2012-10-26 00:00:00,62.05619635123568
2012-10-26 01:00:00,27.29520655874145
2012-10-26 02:00:00,9.78102328848441
2012-10-26 03:00:00,5.748144198761631
2012-10-26 04:00:00,6.930115033052701
2012-10-26 05:00:00,41.11528965656625
2012-10-26 06:00:00,155.6546867685622
2012-10-26 07:00:00,416.7267635631254
2012-10-26 08:00:00,627.6835806917732
2012-10-26 09:00:00,350.62203366471306
2012-10-26 10:00:00,213.49269960365706
2012-10-26 11:00:00,257.7055525146199
2012-10-26 12:00:00,347.03990731220495
2012-10-26 13:00:00,351.2448395134887
2012-10-26 14:00:00,369.4983281108396
2012-10-26 15:00:00,376.5183236346902
2012-10-26 16:00:00,460.83543096118404
2012-10-26 17:00:00,519.1775262716999
2012-10-26 18:00:00,404.74124567668724
2012-10-26 19:00:00,261.9177848608798
2012-10-26 20:00:00,237.09334571540822
2012-10-26 21:00:00,241.23502155031994
2012-10-26 22:00:00,179.34975009067733
2012-10-26 23:00:00,149.2931734532798
2012-10-27 00:00:00,138.9724412035692
2012-10-27 01:00:00,112.97795214988071
2012-10-27 02:00:00,66.03307824092445
2012-10-27 03:00:00,34.04197200714329
2012-10-27 04:00:00,12.229462618655992
2012-10-27 05:00:00,11.86898577558666
2012-10-27 06:00:00,28.32840246569284
2012-10-27 07:00:00,71.74034075008579
2012-10-27 08:00:00,186.8181832620557
2012-10-27 09:00:00,303.3801360900893
2012-10-27 10:00:00,383.9629595473293
2012-10-27 11:00:00,451.9846876668445
2012-10-27 12:00:00,604.9127281781062
2012-10-27 13:00:00,629.9733181562739
2012-10-27 14:00:00,589.0899395773775
2012-10-27 15:00:00,450.43437510721634
2012-10-27 16:00:00,504.89182424816306
2012-10-27 17:00:00,524.6309375162965
2012-10-27 18:00:00,491.5480420439851
2012-10-27 19:00:00,362.92570948743383
2012-10-27 20:00:00,248.62126179090154
2012-10-27 21:00:00,211.21365153074592
2012-10-27 22:00:00,182.29806850196098
2012-10-27 23:00:00,140.32081547877416
2012-10-28 00:00:00,119.01352438632047
2012-10-28 01:00:00,105.79579283956559
2012-10-28 02:00:00,75.40678710864593
2012-10-28 03:00:00,33.786061433426134
2012-10-28 04:00:00,13.42431380343107
2012-10-28 05:00:00,13.503296705455924
2012-10-28 06:00:00,20.065257175188428
2012-10-28 07:00:00,54.61723594912873
2012-10-28 08:00:00,115.20305686129548
2012-10-28 09:00:00,240.4776430794104
2012-10-28 10:00:00,349.6182258198657
2012-10-28 11:00:00,475.9337047818348
2012-10-28 12:00:00,461.54999656968926
2012-10-28 13:00:00,462.3043248978174
2012-10-28 14:00:00,453.4949799259626
2012-10-28 15:00:00,429.7565134736142
2012-10-28 16:00:00,337.60254407560745
2012-10-28 17:00:00,223.90332421491345
2012-10-28 18:00:00,152.26484611618267
2012-10-28 19:00:00,142.2758415668365
2012-10-28 20:00:00,131.54733990136694
2012-10-28 21:00:00,119.77165765151737
2012-10-28 22:00:00,78.10112921524053
2012-10-28 23:00:00,61.18146411141537
2012-10-29 00:00:00,21.938295378723737
2012-10-30 13:00:00,116.14459154554405
2012-10-30 14:00:00,117.54927395393085
2012-10-30 15:00:00,139.92235731009418
2012-10-30 16:00:00,201.99167543080534
2012-10-30 17:00:00,325.72532562071405
2012-10-30 18:00:00,323.09836826386766
2012-10-30 19:00:00,509.2332416559836
2012-10-30 20:00:00,231.7716024661404
2012-10-30 21:00:00,165.6050542369634
2012-10-30 22:00:00,136.97249228287774
2012-10-30 23:00:00,97.9573208847197
2012-10-31 00:00:00,29.886941568657363
2012-10-31 01:00:00,11.9663360887565
2012-10-31 02:00:00,5.348749729724425
2012-10-31 03:00:00,4.706531876407826
2012-10-31 04:00:00,5.7554612612694855
2012-10-31 05:00:00,33.297208343102675
2012-10-31 06:00:00,134.31742188656648
2012-10-31 07:00:00,328.1513330518068
2012-10-31 08:00:00,631.1105597174236
2012-10-31 09:00:00,310.5787082852249
2012-10-31 10:00:00,162.91753441485417
2012-10-31 11:00:00,171.39776218278945
2012-10-31 12:00:00,222.8129586429596
2012-10-31 13:00:00,236.8100697256643
2012-10-31 14:00:00,218.73405725956331
2012-10-31 15:00:00,231.2590060700497
2012-10-31 16:00:00,351.19073764095833
2012-10-31 17:00:00,548.4734003603194
2012-10-31 18:00:00,548.8551361265694
2012-10-31 19:00:00,361.0591684553253
2012-10-31 20:00:00,277.4878307333202
2012-10-31 21:00:00,201.01168680760705
2012-10-31 22:00:00,150.55290039365192
2012-10-31 23:00:00,109.31898417892228
2012-11-20 00:00:00,30.011847737096467
2012-11-20 01:00:00,14.08522466370921
2012-11-20 02:00:00,5.311400793094777
2012-11-20 03:00:00,3.7391505535533467
2012-11-20 04:00:00,7.129569614102081
2012-11-20 05:00:00,39.1180169518453
2012-11-20 06:00:00,141.15490579523802
2012-11-20 07:00:00,364.8915579859681
2012-11-20 08:00:00,627.0415745819317
2012-11-20 09:00:00,318.6428535929176
2012-11-20 10:00:00,172.11188344555032
2012-11-20 11:00:00,200.92416719468562
2012-11-20 12:00:00,227.3040472933775
2012-11-20 13:00:00,232.5580230358024
2012-11-20 14:00:00,214.85180865897414
2012-11-20 15:00:00,278.0672383484446
2012-11-20 16:00:00,367.5951420995284
2012-11-20 17:00:00,526.8546874706245
2012-11-20 18:00:00,520.1612499675288
2012-11-20 19:00:00,366.2941249266056
2012-11-20 20:00:00,253.60260550337563
2012-11-20 21:00:00,203.77163648278565
2012-11-20 22:00:00,150.27329491080383
2012-11-20 23:00:00,101.55356796410638
2012-11-21 00:00:00,29.904875431070614
2012-11-21 01:00:00,12.517839579731616
2012-11-21 02:00:00,4.801902253153351
2012-11-21 03:00:00,5.134003890790714
2012-11-21 04:00:00,5.213882676565279
2012-11-21 05:00:00,27.45542878194023
2012-11-21 06:00:00,126.42409151708688
2012-11-21 07:00:00,327.6583384263482
2012-11-21 08:00:00,596.4615198174721
2012-11-21 09:00:00,311.2620612627479
2012-11-21 10:00:00,173.67017663315184
2012-11-21 11:00:00,198.94424721015318
2012-11-21 12:00:00,234.20990327796363
2012-11-21 13:00:00,238.98462188102485
2012-11-21 14:00:00,283.9397035854064
2012-11-21 15:00:00,291.8908772636583
2012-11-21 16:00:00,357.61796864538525
2012-11-21 17:00:00,570.627652345565
2012-11-21 18:00:00,514.6873566667382
2012-11-21 19:00:00,353.617745217515
2012-11-21 20:00:00,263.14578582720566
2012-11-21 21:00:00,205.3991175511228
2012-11-21 22:00:00,139.7563914683705
2012-11-21 23:00:00,110.9302207530463
2012-11-22 00:00:00,54.412694874720565
2012-11-22 01:00:00,29.17152149928859
2012-11-22 02:00:00,20.52859081467873
2012-11-22 03:00:00,9.340826016780733
2012-11-22 04:00:00,7.409240820027868
2012-11-22 05:00:00,11.440574007413556
2012-11-22 06:00:00,46.21643015000615
2012-11-22 07:00:00,110.15647568706498
2012-11-22 08:00:00,219.58160554948617
2012-11-22 09:00:00,251.51428021503781
2012-11-22 10:00:00,267.9327197404421
2012-11-22 11:00:00,389.4075978597731
2012-11-22 12:00:00,430.5095311233358
2012-11-22 13:00:00,473.35961268861644
2012-11-22 14:00:00,498.5723601280336
2012-11-22 15:00:00,494.8088994648788
2012-11-22 16:00:00,416.6544245853725
2012-11-22 17:00:00,542.5361998705208
2012-11-22 18:00:00,467.2990881861541
2012-11-22 19:00:00,310.82333951143954
2012-11-22 20:00:00,226.59759766247464
2012-11-22 21:00:00,190.78682830721928
2012-11-22 22:00:00,147.5614994041365
2012-11-22 23:00:00,125.92078206371131
2012-11-23 00:00:00,43.28839764754203
2012-11-23 01:00:00,21.58680968426597
2012-11-23 02:00:00,10.093661545913125
2012-11-23 03:00:00,6.189441403982681
2012-11-23 04:00:00,8.197220948983766
2012-11-23 05:00:00,31.284284225305523
2012-11-23 06:00:00,127.04253753124098
2012-11-23 07:00:00,336.94135364526346
2012-11-23 08:00:00,568.1352402824983
2012-11-23 09:00:00,308.35473971041324
2012-11-23 10:00:00,190.8983487372456
2012-11-23 11:00:00,230.86936989422685
2012-11-23 12:00:00,281.1651284220703
2012-11-23 13:00:00,293.0178644339455
2012-11-23 14:00:00,328.57468471175184
2012-11-23 15:00:00,327.9370500096659
2012-11-23 16:00:00,440.6914199929229
2012-11-23 17:00:00,673.5471356616393
2012-11-23 18:00:00,618.3424294042761
2012-11-23 19:00:00,401.3890804278443
2012-11-23 20:00:00,285.27040982305607
2012-11-23 21:00:00,235.79804780318455
2012-11-23 22:00:00,157.36125730270976
2012-11-23 23:00:00,111.18484019421982
2012-11-24 00:00:00,122.11523959912935
2012-11-24 01:00:00,103.1239415617467
2012-11-24 02:00:00,49.442260229284635
2012-11-24 03:00:00,19.851665448050692
2012-11-24 04:00:00,7.057733447848342
2012-11-24 05:00:00,5.603927544667137
2012-11-24 06:00:00,17.103271208983667
2012-11-24 07:00:00,61.800760298022205
2012-11-24 08:00:00,136.20531151106422
2012-11-24 09:00:00,176.44111207234727
2012-11-24 10:00:00,235.61397983137945
2012-11-24 11:00:00,280.5799205534331
2012-11-24 12:00:00,297.492467935471
2012-11-24 13:00:00,369.08104513238465
2012-11-24 14:00:00,344.6033358756969
2012-11-24 15:00:00,298.21093271618537
2012-11-24 16:00:00,278.96015161733686
2012-11-24 17:00:00,255.51453904740518
2012-11-24 18:00:00,235.9479132134599
2012-11-24 19:00:00,185.3277901612754
2012-11-24 20:00:00,143.0569450697557
2012-11-24 21:00:00,117.37993705659136
2012-11-24 22:00:00,101.3161808783147
2012-11-24 23:00:00,82.31466310921473
2012-11-25 00:00:00,111.36271510249814
2012-11-25 01:00:00,115.70307719321185
2012-11-25 02:00:00,45.3209325142741
2012-11-25 03:00:00,23.888291676314534
2012-11-25 04:00:00,7.2864258852373975
2012-11-25 05:00:00,7.404331782306001
2012-11-25 06:00:00,15.030555429666562
2012-11-25 07:00:00,48.941556995734736
2012-11-25 08:00:00,113.196748874559
2012-11-25 09:00:00,154.2299631394515
2012-11-25 10:00:00,208.13820827012432
2012-11-25 11:00:00,252.3462521563899
2012-11-25 12:00:00,268.74970445476714
2012-11-25 13:00:00,271.4086342581677
2012-11-25 14:00:00,293.11536679646224
2012-11-25 15:00:00,292.79969353706656
2012-11-25 16:00:00,290.22586533505677
2012-11-25 17:00:00,222.74459981567338
2012-11-25 18:00:00,189.682257328978
2012-11-25 19:00:00,164.45917966520926
2012-11-25 20:00:00,121.7694598834887
2012-11-25 21:00:00,104.01764597998755
2012-11-25 22:00:00,83.39739244762279
2012-11-25 23:00:00,59.949681274231715
2012-11-26 00:00:00,21.863115203350524
2012-11-26 01:00:00,13.153855353385405
2012-11-26 02:00:00,6.973114846979611
2012-11-26 03:00:00,4.298099148397597
2012-11-26 04:00:00,6.605976071692383
2012-11-26 05:00:00,36.75169965499798
2012-11-26 06:00:00,137.89201898720853
2012-11-26 07:00:00,358.0239479159494
2012-11-26 08:00:00,656.6925535682999
2012-11-26 09:00:00,299.3106707884366
2012-11-26 10:00:00,161.19115150669853
2012-11-26 11:00:00,192.53218192537975
2012-11-26 12:00:00,237.34463812218695
2012-11-26 13:00:00,236.83235555581962
2012-11-26 14:00:00,225.11788532398643
2012-11-26 15:00:00,234.82923288546624
2012-11-26 16:00:00,365.1218741051788
2012-11-26 17:00:00,550.320947696052
2012-11-26 18:00:00,559.4029251765606
2012-11-26 19:00:00,360.21377040701253
2012-11-26 20:00:00,261.53449743034895
2012-11-26 21:00:00,193.84256650303195
2012-11-26 22:00:00,123.45473922174565
2012-11-26 23:00:00,80.33790280137143
2012-11-27 00:00:00,27.397556853689448
2012-11-27 01:00:00,13.756339351940044
2012-11-27 02:00:00,5.111487810910594
2012-11-27 03:00:00,4.065881402249886
2012-11-27 04:00:00,5.881687773909882
2012-11-27 05:00:00,32.98439803960187
2012-11-27 06:00:00,130.45147507403988
2012-11-27 07:00:00,153.229387609015
2012-11-27 08:00:00,209.84704754529
2012-11-27 09:00:00,286.1683760814003
2012-11-27 10:00:00,130.64727622688534
2012-11-27 11:00:00,125.81933061391759
2012-11-27 12:00:00,138.53619504051207
2012-11-27 13:00:00,141.61534661837385
2012-11-27 14:00:00,137.56592489638598
2012-11-27 15:00:00,182.80984606247748
2012-11-27 16:00:00,293.44210729163586
2012-11-27 17:00:00,461.1553231989724
2012-11-27 18:00:00,400.6864339828382
2012-11-27 19:00:00,327.5734374418498
2012-11-27 20:00:00,225.34744766996616
2012-11-27 21:00:00,135.39428946200422
2012-11-27 22:00:00,115.15966864157615
2012-11-27 23:00:00,78.25877792693956
2012-11-28 00:00:00,23.061784103066067
2012-11-28 01:00:00,18.82983502199942
2012-11-28 02:00:00,8.520883899137171
2012-11-28 03:00:00,3.8066491395938495
2012-11-28 04:00:00,6.4269257600297
2012-11-28 05:00:00,35.45584222007219
2012-11-28 06:00:00,132.90395449010285
2012-11-28 07:00:00,372.5025224197057
2012-11-28 08:00:00,667.00417048537
2012-11-28 09:00:00,322.6220779534365
2012-11-28 10:00:00,157.4152029812558
2012-11-28 11:00:00,185.80308487331206
2012-11-28 12:00:00,207.16720317749355
2012-11-28 13:00:00,226.79918027526944
2012-11-28 14:00:00,226.35683468744165
2012-11-28 15:00:00,237.37635795284143
2012-11-28 16:00:00,344.0782596381872
2012-11-28 17:00:00,545.5262101432642
2012-11-28 18:00:00,526.392463459513
2012-11-28 19:00:00,365.51936957025123
2012-11-28 20:00:00,249.33339965146578
2012-11-28 21:00:00,179.67344729830955
2012-11-28 22:00:00,115.80533598923404
2012-11-28 23:00:00,79.45639353705077
2012-11-29 00:00:00,27.45064246211833
2012-11-29 01:00:00,18.03450156814545
2012-11-29 02:00:00,6.186516161969259
2012-11-29 04:00:00,5.368490461211965
2012-11-29 05:00:00,34.805532928145
2012-11-29 06:00:00,134.48754854799722
2012-11-29 07:00:00,361.5833975673297
2012-11-29 08:00:00,632.0832322322335
2012-11-29 09:00:00,308.86514689738675
2012-11-29 10:00:00,163.58611760702175
2012-11-29 11:00:00,191.47157277471322
2012-11-29 12:00:00,232.96636848126406
2012-11-29 13:00:00,236.60847148379435
2012-11-29 14:00:00,220.53325475132098
2012-11-29 15:00:00,247.9815746571814
2012-11-29 16:00:00,352.8778635779393
2012-11-29 17:00:00,569.664284235457
2012-11-29 18:00:00,549.3634069949524
2012-11-29 19:00:00,373.06289985734645
2012-11-29 20:00:00,261.79333329486184
2012-11-29 21:00:00,156.66119679112657
2012-11-29 22:00:00,142.3886626702174
2012-11-29 23:00:00,120.631149149374
2012-11-30 00:00:00,42.49882207064204
2012-11-30 01:00:00,20.861491756386798
2012-11-30 02:00:00,10.080494525236602
2012-11-30 03:00:00,6.984350331569383
2012-11-30 04:00:00,7.794431947369362
2012-11-30 05:00:00,31.84260823222113
2012-11-30 06:00:00,126.11914125901043
2012-11-30 07:00:00,339.1299514819091
2012-11-30 08:00:00,564.0803146604173
2012-11-30 09:00:00,308.0095160392246
2012-11-30 10:00:00,180.10152492829707
2012-11-30 11:00:00,196.46547718629773
2012-11-30 12:00:00,274.40035910812134
2012-11-30 13:00:00,273.1476184797369
2012-11-30 14:00:00,262.0562129276522
2012-11-30 15:00:00,266.94269425506633
2012-11-30 16:00:00,394.44107445308566
2012-11-30 17:00:00,564.6333164534584
2012-11-30 18:00:00,489.6831287604262
2012-11-30 19:00:00,347.30865773311655
2012-11-30 20:00:00,246.58030096390547
2012-11-30 21:00:00,185.0659662474079
2012-11-30 22:00:00,148.28927726700178
2012-11-30 23:00:00,128.68761998180872
2012-12-20 00:00:00,40.87228865786536
2012-12-20 01:00:00,17.02782630675451
2012-12-20 02:00:00,6.472063002383496
2012-12-20 03:00:00,3.4772842210965593
2012-12-20 04:00:00,5.933498430504698
2012-12-20 05:00:00,35.787906776749246
2012-12-20 06:00:00,128.64455740057517
2012-12-20 07:00:00,358.58212448308075
2012-12-20 08:00:00,615.7512820232315
2012-12-20 09:00:00,295.17196406858466
2012-12-20 10:00:00,166.13295762191018
2012-12-20 11:00:00,177.11919423974368
2012-12-20 12:00:00,226.9451697379232
2012-12-20 13:00:00,228.7967096906222
2012-12-20 14:00:00,223.77197227109232
2012-12-20 15:00:00,229.97018610134413
2012-12-20 16:00:00,319.63044256109436
2012-12-20 17:00:00,545.4611501827984
2012-12-20 18:00:00,523.1749891202172
2012-12-20 19:00:00,303.6443324088088
2012-12-20 20:00:00,222.367996934908
2012-12-20 21:00:00,108.25705113918053
2012-12-20 22:00:00,75.27716649785245
2012-12-20 23:00:00,91.85345841243463
2012-12-21 00:00:00,43.135558903378694
2012-12-21 01:00:00,25.093429131618684
2012-12-21 02:00:00,8.675958368884448
2012-12-21 03:00:00,5.349949764608493
2012-12-21 04:00:00,7.67803976571504
2012-12-21 05:00:00,30.79718740441235
2012-12-21 06:00:00,104.84454004956328
2012-12-21 07:00:00,316.99361653504883
2012-12-21 08:00:00,572.0759334481947
2012-12-21 09:00:00,291.2408774309534
2012-12-21 10:00:00,169.097061363813
2012-12-21 11:00:00,177.14359100970663
2012-12-21 12:00:00,194.64581069390988
2012-12-21 13:00:00,196.2124144205238
2012-12-21 14:00:00,190.6923626696562
2012-12-21 15:00:00,186.29912256926724
2012-12-21 16:00:00,268.3367140098539
2012-12-21 17:00:00,409.5390404876299
2012-12-21 18:00:00,385.65495176609693
2012-12-21 19:00:00,287.8851998522504
2012-12-21 20:00:00,213.66451859640486
2012-12-21 21:00:00,133.87429278152504
2012-12-21 22:00:00,99.78162836979706
2012-12-21 23:00:00,77.82327840435144
2012-12-22 00:00:00,101.18287138028478
2012-12-22 01:00:00,102.70909490327116
2012-12-22 02:00:00,45.16668871338269
2012-12-22 03:00:00,18.953092284929248
2012-12-22 04:00:00,6.974664238877113
2012-12-22 05:00:00,4.495961293443168
2012-12-22 06:00:00,12.007002912837173
2012-12-22 07:00:00,50.24890371269688
2012-12-22 08:00:00,120.1089696567588
2012-12-22 09:00:00,154.15462079888212
2012-12-22 10:00:00,218.59158010990214
2012-12-22 11:00:00,248.4345404385051
2012-12-22 12:00:00,254.62371798892482
2012-12-22 13:00:00,318.0118003164583
2012-12-22 14:00:00,310.8947880141145
2012-12-22 15:00:00,272.22609143013125
2012-12-22 16:00:00,235.52189834118667
2012-12-22 17:00:00,205.92378488644928
2012-12-22 18:00:00,189.99263390349648
2012-12-22 19:00:00,148.8847242855057
2012-12-22 20:00:00,113.46988074459671
2012-12-22 21:00:00,91.58971375635191
2012-12-22 22:00:00,75.28958274730829
2012-12-22 23:00:00,66.93927374197816
2012-12-23 00:00:00,106.52557814188027
2012-12-23 01:00:00,108.33972373949199
2012-12-23 02:00:00,47.40436549999447
2012-12-23 03:00:00,23.032444877362337
2012-12-23 04:00:00,7.40887691226393
2012-12-23 05:00:00,5.163314157354261
2012-12-23 06:00:00,8.76485683195752
2012-12-23 07:00:00,39.125615126437985
2012-12-23 08:00:00,94.28058022881319
2012-12-23 09:00:00,133.3893863602385
2012-12-23 10:00:00,185.41269949057056
2012-12-23 11:00:00,217.54846220646033
2012-12-23 12:00:00,271.96306064576606
2012-12-23 13:00:00,326.7720734241069
2012-12-23 14:00:00,345.5611737934197
2012-12-23 15:00:00,354.4846371737086
2012-12-23 16:00:00,327.98920757218457
2012-12-23 17:00:00,262.74475248231295
2012-12-23 18:00:00,200.69186703962959
2012-12-23 19:00:00,154.93079829301868
2012-12-23 20:00:00,109.87415271860885
2012-12-23 21:00:00,88.6418466788653
2012-12-23 22:00:00,69.52033734505292
2012-12-23 23:00:00,55.622010510811506
2012-12-24 00:00:00,21.918044573460698
2012-12-24 01:00:00,11.284854964525003
2012-12-24 02:00:00,6.154483222614342
2012-12-24 03:00:00,4.960078715532198
2012-12-24 05:00:00,26.348479765996498
2012-12-24 06:00:00,108.14199312570692
2012-12-24 07:00:00,301.9649179062435
2012-12-24 08:00:00,509.197264795011
2012-12-24 09:00:00,256.3362106901284
2012-12-24 10:00:00,140.09068946534939
2012-12-24 11:00:00,137.04850749958314
2012-12-24 12:00:00,156.4445213752643
2012-12-24 13:00:00,105.70644610652752
2012-12-24 14:00:00,108.35443670549512
2012-12-24 15:00:00,109.46263256146418
2012-12-24 16:00:00,158.56310754493455
2012-12-24 17:00:00,244.70732042088972
2012-12-24 18:00:00,248.55690895735086
2012-12-24 19:00:00,235.3327331995443
2012-12-24 20:00:00,173.0501770667887
2012-12-24 21:00:00,96.66918521503253
2012-12-24 22:00:00,107.14470394615356
2012-12-24 23:00:00,70.2256932847295
2012-12-25 00:00:00,24.103073292906842
2012-12-25 01:00:00,25.435721705465987
2012-12-25 02:00:00,18.65343114427116
2012-12-25 04:00:00,6.415738321746204
2012-12-25 05:00:00,7.245831721465525
2012-12-25 06:00:00,25.406654587947955
2012-12-25 07:00:00,69.14544280629735
2012-12-25 08:00:00,155.56555676748275
2012-12-25 09:00:00,173.22088543247133
2012-12-25 10:00:00,196.0758845746763
2012-12-25 11:00:00,221.21962670193477
2012-12-25 12:00:00,270.84815370446535
2012-12-25 13:00:00,327.4150853136546
2012-12-25 14:00:00,324.89628096667997
2012-12-25 15:00:00,294.08185887654236
2012-12-25 16:00:00,304.5245685140179
2012-12-25 17:00:00,322.36678309815784
2012-12-25 18:00:00,300.0373045223323
2012-12-25 19:00:00,213.85944559568213
2012-12-25 20:00:00,160.45235022371753
2012-12-25 21:00:00,112.97357646335206
2012-12-25 22:00:00,101.02616610615283
2012-12-25 23:00:00,65.66203388060599
2012-12-26 00:00:00,24.883179677057075
2012-12-26 01:00:00,15.664707737999883
2012-12-26 02:00:00,6.5961014337218655
2012-12-26 03:00:00,3.9047207212232387
2012-12-26 04:00:00,5.984481949307207
2012-12-26 05:00:00,31.23389303841284
2012-12-26 06:00:00,112.09873428227132
2012-12-26 07:00:00,146.6958047823459
2012-12-26 08:00:00,228.6628395488527
2012-12-26 09:00:00,170.98155392549415
2012-12-26 10:00:00,102.87698435692826
2012-12-26 11:00:00,106.03191846088644
2012-12-26 12:00:00,109.53307347016099
2012-12-26 13:00:00,107.18019744019
2012-12-26 14:00:00,108.83096192009148
2012-12-26 15:00:00,111.78615089228309
2012-12-26 16:00:00,152.89120651991107
2012-12-26 17:00:00,222.1439739722727
2012-12-26 18:00:00,223.9682146867285
2012-12-26 19:00:00,215.0819487812261
2012-12-26 20:00:00,141.8115517637362
2012-12-26 21:00:00,133.11873230341868
2012-12-26 22:00:00,76.14025703614966
2012-12-26 23:00:00,66.15194078199646
2012-12-27 00:00:00,19.826669032223414
2012-12-27 01:00:00,7.6792158401657336
2012-12-27 02:00:00,6.240665927970288
2012-12-27 03:00:00,4.229656191037434
2012-12-27 04:00:00,5.1948059349157925
2012-12-27 05:00:00,29.842900133612222
2012-12-27 06:00:00,102.71976405772538
2012-12-27 07:00:00,319.1723758244085
2012-12-27 08:00:00,557.3986889994403
2012-12-27 09:00:00,281.27733719549155
2012-12-27 10:00:00,152.43128518715352
2012-12-27 11:00:00,158.1270485911183
2012-12-27 12:00:00,179.97985567577453
2012-12-27 13:00:00,179.38073181116667
2012-12-27 14:00:00,160.0733112623867
2012-12-27 15:00:00,164.44488798623996
2012-12-27 16:00:00,248.81605958386294
2012-12-27 17:00:00,391.7443248748468
2012-12-27 18:00:00,386.6886731924928
2012-12-27 19:00:00,276.8243837089826
2012-12-27 20:00:00,217.1421627566545
2012-12-27 21:00:00,124.77820231542682
2012-12-27 22:00:00,97.87519413365186
2012-12-27 23:00:00,75.96825106301222
2012-12-28 00:00:00,37.076994469269096
2012-12-28 01:00:00,18.4518544421051
2012-12-28 02:00:00,10.423569158545673
2012-12-28 03:00:00,5.421431303769026
2012-12-28 04:00:00,7.098895435851517
2012-12-28 05:00:00,31.314758267072932
2012-12-28 06:00:00,108.29495939626227
2012-12-28 07:00:00,303.47967196273385
2012-12-28 08:00:00,544.8491925600998
2012-12-28 09:00:00,274.3206030018959
2012-12-28 10:00:00,158.88430618654507
2012-12-28 11:00:00,170.3758658694985
2012-12-28 12:00:00,190.28637135545105
2012-12-28 13:00:00,190.0290255576631
2012-12-28 14:00:00,189.00486363063
2012-12-28 15:00:00,204.7658793465263
2012-12-28 16:00:00,269.2827169454695
2012-12-28 17:00:00,401.8195922172415
2012-12-28 18:00:00,376.0370554122047
2012-12-28 19:00:00,282.6579523187835
2012-12-28 20:00:00,215.1791805325409
2012-12-28 21:00:00,122.44473880581171
2012-12-28 22:00:00,102.1497856938597
2012-12-28 23:00:00,82.72409313282625
2012-12-29 00:00:00,97.71213113857439
2012-12-29 01:00:00,98.33982878402753
2012-12-29 02:00:00,52.08923537619215
2012-12-29 03:00:00,22.285877431384016
2012-12-29 04:00:00,6.710969761262691
2012-12-29 05:00:00,5.437825529334221
2012-12-29 06:00:00,12.484575346568665
2012-12-29 07:00:00,48.789904903921624
2012-12-29 08:00:00,113.07279953317571
2012-12-29 09:00:00,161.21673878212226
2012-12-29 10:00:00,154.89206053655755
2012-12-29 11:00:00,174.65908730650392
2012-12-29 12:00:00,176.77173458453518
2012-12-29 13:00:00,177.9515828422393
2012-12-29 14:00:00,222.2592462432615
2012-12-29 15:00:00,213.3964516918072
2012-12-29 16:00:00,227.05834774724303
2012-12-29 17:00:00,187.84583527008536
2012-12-29 18:00:00,176.73513597796466
2012-12-29 19:00:00,157.63436183341912
2012-12-29 20:00:00,120.29510802693943
2012-12-29 21:00:00,78.2195324668859
2012-12-29 22:00:00,70.27382107987367
2012-12-29 23:00:00,81.09665307236065
2012-12-30 00:00:00,106.120543327305
2012-12-30 01:00:00,102.7095734057021
2012-12-30 02:00:00,48.5235756762438
2012-12-30 03:00:00,20.89322763154312
2012-12-30 04:00:00,6.9837708267267615
2012-12-30 05:00:00,4.875146204422709
2012-12-30 06:00:00,8.776376954384443
2012-12-30 07:00:00,37.74590594654483
2012-12-30 08:00:00,100.44605958788807
2012-12-30 09:00:00,135.84258122591027
2012-12-30 10:00:00,202.0141081934094
2012-12-30 11:00:00,234.05747478528684
2012-12-30 12:00:00,243.3638892396626
2012-12-30 13:00:00,247.75504111525862
2012-12-30 14:00:00,253.94320654310258
2012-12-30 15:00:00,239.30773222535908
2012-12-30 16:00:00,225.29388689613464
2012-12-30 17:00:00,194.7640490232875
2012-12-30 18:00:00,165.3802807142649
2012-12-30 19:00:00,183.03198500550047
2012-12-30 20:00:00,103.6764953533121
2012-12-30 21:00:00,70.75298231895613
2012-12-30 22:00:00,61.23562747035301
2012-12-30 23:00:00,47.06325495025187
2012-12-31 00:00:00,20.571745913436025
2012-12-31 01:00:00,10.63040598134922
2012-12-31 02:00:00,8.029046372476214
2012-12-31 03:00:00,4.441054262172489
2012-12-31 04:00:00,6.243345141791721
2012-12-31 05:00:00,26.898804143703973
2012-12-31 06:00:00,107.33156128801326
2012-12-31 07:00:00,299.5633753246085
2012-12-31 08:00:00,484.5942327934335
2012-12-31 09:00:00,246.95100769036134
2012-12-31 10:00:00,136.16231399244907
2012-12-31 11:00:00,136.64216769008934
2012-12-31 12:00:00,145.97692661640357
2012-12-31 13:00:00,159.470616989149
2012-12-31 14:00:00,161.9388943694221
2012-12-31 15:00:00,168.1179058578336
2012-12-31 16:00:00,238.93980481023988
2012-12-31 17:00:00,365.4047856963198
2012-12-31 18:00:00,360.2435119234643
2012-12-31 19:00:00,277.0926796310576
2012-12-31 20:00:00,208.0528035434558
2012-12-31 21:00:00,123.28783693835041
2012-12-31 22:00:00,102.17834614814615
2012-12-31 23:00:00,61.79811974619924
