datetime,count
2011-01-20 00:00:00,10.346758173860621
2011-01-20 01:00:00,11.583339063288344
2011-01-20 02:00:00,12.948090093472175
2011-01-20 03:00:00,14.59192195064362
2011-01-20 04:00:00,16.282974813295006
2011-01-20 05:00:00,16.158824578973228
2011-01-20 06:00:00,17.413759633383208
2011-01-20 07:00:00,21.018419983940888
2011-01-20 08:00:00,23.76585033441949
2011-01-20 09:00:00,27.918842429268533
2011-01-20 10:00:00,34.092337554302965
2011-01-20 11:00:00,41.874183364404686
2011-01-20 12:00:00,53.293440137369856
2011-01-20 13:00:00,52.60075813744528
2011-01-20 14:00:00,60.806071670378124
2011-01-20 15:00:00,70.80623290868593
2011-01-20 16:00:00,70.47085237919283
2011-01-20 17:00:00,80.2016078957793
2011-01-20 18:00:00,71.77620166542741
2011-01-20 19:00:00,78.10093269332297
2011-01-20 20:00:00,82.31616371631435
2011-01-20 21:00:00,87.77611021797546
2011-01-20 22:00:00,87.99875506174526
2011-01-20 23:00:00,98.73937003913292
2011-01-21 00:00:00,8.04811514450783
2011-01-21 01:00:00,9.029446443186359
2011-01-21 02:00:00,9.291684068319746
2011-01-21 03:00:00,9.249511504360925
2011-01-21 04:00:00,9.802915360358279
2011-01-21 05:00:00,16.403804573993398
2011-01-21 06:00:00,19.627354683102773
2011-01-21 07:00:00,21.95215695099612
2011-01-21 08:00:00,26.33040475796872
2011-01-21 09:00:00,27.720622338715586
2011-01-21 10:00:00,32.61788412915251
2011-01-21 11:00:00,41.147476920826236
2011-01-21 12:00:00,58.480753950955766
2011-01-21 13:00:00,66.72467467634935
2011-01-21 14:00:00,68.62699550804957
2011-01-21 15:00:00,68.9749207412309
2011-01-21 16:00:00,77.34642805703737
2011-01-21 17:00:00,80.56506785338266
2011-01-21 18:00:00,84.45997076662896
2011-01-21 19:00:00,92.46103650604695
2011-01-21 20:00:00,93.89720139761988
2011-01-21 21:00:00,93.31662112771093
2011-01-21 22:00:00,92.09373463904276
2011-01-21 23:00:00,108.8832717047556
2011-01-22 00:00:00,8.021494368491883
2011-01-22 01:00:00,9.187956350921313
2011-01-22 02:00:00,10.64646950416871
2011-01-22 03:00:00,12.00446767449377
2011-01-22 04:00:00,11.598780220759657
2011-01-22 06:00:00,15.671231580460079
2011-01-22 07:00:00,17.369707794133657
2011-01-22 08:00:00,18.938813343012896
2011-01-22 09:00:00,23.215194169911918
2011-01-22 10:00:00,26.67629201587867
2011-01-22 11:00:00,31.92047704732508
2011-01-22 12:00:00,37.60966770487136
2011-01-22 13:00:00,49.17155465706901
2011-01-22 14:00:00,54.202253118064206
2011-01-22 15:00:00,65.444792602536
2011-01-22 16:00:00,73.81947656389892
2011-01-22 17:00:00,88.83884828117989
2011-01-22 18:00:00,74.06465421696095
2011-01-22 19:00:00,83.66262209539508
2011-01-22 20:00:00,75.18722248967747
2011-01-22 21:00:00,92.9048687602243
2011-01-22 22:00:00,98.23701915480007
2011-01-22 23:00:00,84.21038743128116
2011-01-23 00:00:00,7.225579988307648
2011-01-23 01:00:00,8.117701602963463
2011-01-23 02:00:00,8.136593032627255
2011-01-23 03:00:00,9.127520376389853
2011-01-23 05:00:00,12.611281215336158
2011-01-23 06:00:00,14.087519753241175
2011-01-23 07:00:00,17.03010230304778
2011-01-23 08:00:00,16.640828599207772
2011-01-23 09:00:00,22.16878561519379
2011-01-23 10:00:00,30.154283054070795
2011-01-23 11:00:00,36.00079662253596
2011-01-23 12:00:00,45.14507596594371
2011-01-23 13:00:00,50.67480797045356
2011-01-23 14:00:00,64.40354648395167
2011-01-23 15:00:00,71.49701801743853
2011-01-23 16:00:00,81.23186039479519
2011-01-23 17:00:00,85.74591300272274
2011-01-23 18:00:00,89.35505649026801
2011-01-23 19:00:00,99.89060989120341
2011-01-23 20:00:00,97.1539521141105
2011-01-23 21:00:00,106.22063820926564
2011-01-23 22:00:00,110.62549267024562
2011-01-23 23:00:00,110.6988202461566
2011-01-24 00:00:00,7.914721130879394
2011-01-24 01:00:00,8.005631685269687
2011-01-24 03:00:00,9.874629996711107
2011-01-24 04:00:00,10.917456151169581
2011-01-24 05:00:00,12.209987527593372
2011-01-24 06:00:00,13.953872425561592
2011-01-24 07:00:00,16.84099249339902
2011-01-24 08:00:00,19.11948211300599
2011-01-24 09:00:00,25.000873464246965
2011-01-24 10:00:00,26.522260334749742
2011-01-24 11:00:00,27.738119338661093
2011-01-24 12:00:00,34.08063676440333
2011-01-24 13:00:00,37.59749024293302
2011-01-24 14:00:00,39.881141043841254
2011-01-24 15:00:00,51.73796210863893
2011-01-24 16:00:00,51.04497963253789
2011-01-24 17:00:00,50.69929247490138
2011-01-24 18:00:00,49.87168469502922
2011-01-24 19:00:00,61.33691007742499
2011-01-24 20:00:00,61.504863344601496
2011-01-24 21:00:00,65.82181306961742
2011-01-24 22:00:00,70.99947398346127
2011-01-24 23:00:00,80.7719896364997
2011-01-25 00:00:00,6.1406686732613185
2011-01-25 01:00:00,7.192965718748857
2011-01-25 02:00:00,8.025771791358528
2011-01-25 04:00:00,9.304052327942385
2011-01-25 05:00:00,10.034267036443676
2011-01-25 06:00:00,12.074295665622468
2011-01-25 07:00:00,13.000828518376203
2011-01-25 08:00:00,15.001586785758645
2011-01-25 09:00:00,21.48539154397885
2011-01-25 10:00:00,26.448342797499436
2011-01-25 11:00:00,29.660699654809587
2011-01-25 12:00:00,38.32161802819305
2011-01-25 13:00:00,41.67935094884301
2011-01-25 14:00:00,60.49032165202454
2011-01-25 15:00:00,72.6791184819283
2011-01-25 16:00:00,80.67013361276997
2011-01-25 17:00:00,83.68861825807527
2011-01-25 18:00:00,85.51186748307188
2011-01-25 19:00:00,66.39867110497372
2011-01-25 20:00:00,70.37441261447357
2011-01-25 21:00:00,78.11546629302822
2011-01-25 22:00:00,87.35235240662415
2011-01-25 23:00:00,95.84455646022658
2011-01-26 00:00:00,7.602901037691205
2011-01-26 01:00:00,9.463481191037527
2011-01-26 02:00:00,9.606427241178054
2011-01-26 05:00:00,9.364899132561607
2011-01-26 06:00:00,10.489044853961122
2011-01-26 07:00:00,12.423333870548332
2011-01-26 08:00:00,13.879188205885912
2011-01-26 09:00:00,15.492940114671827
2011-01-26 10:00:00,15.631166805025057
2011-01-26 11:00:00,17.055567031516944
2011-01-26 12:00:00,19.013819414519695
2011-01-26 13:00:00,21.184457949053556
2011-01-26 14:00:00,23.770597002505824
2011-01-26 15:00:00,26.282350326269118
2011-01-26 16:00:00,28.877455537194844
2011-01-26 17:00:00,31.660971522701193
2011-01-27 16:00:00,57.4458132952619
2011-01-27 17:00:00,64.4258649664656
2011-01-27 18:00:00,55.58767036236424
2011-01-27 19:00:00,61.72499854165898
2011-01-27 20:00:00,61.398012770521134
2011-01-27 21:00:00,68.1655131757545
2011-01-27 22:00:00,75.66699627853413
2011-01-27 23:00:00,75.55188058382946
2011-01-28 00:00:00,7.081389872520318
2011-01-28 01:00:00,7.957873061788931
2011-01-28 02:00:00,9.002376310054212
2011-01-28 03:00:00,10.281306953688869
2011-01-28 05:00:00,11.439655685713168
2011-01-28 06:00:00,12.455558698237645
2011-01-28 07:00:00,12.46416066578222
2011-01-28 08:00:00,13.924442952283977
2011-01-28 09:00:00,15.893816951063986
2011-01-28 10:00:00,17.79451108779349
2011-01-28 11:00:00,17.735060774017096
2011-01-28 12:00:00,19.7670090004217
2011-01-28 13:00:00,22.019336207422672
2011-01-28 14:00:00,33.43661826660204
2011-01-28 15:00:00,33.12862004040429
2011-01-28 16:00:00,42.2694805504063
2011-01-28 17:00:00,49.188548556386124
2011-01-28 18:00:00,53.68616295168039
2011-01-28 19:00:00,59.97903934921729
2011-01-28 20:00:00,70.67673777283545
2011-01-28 21:00:00,71.55138565954465
2011-01-28 22:00:00,95.86730466614029
2011-01-28 23:00:00,114.72458377383822
2011-01-29 00:00:00,9.138117903299682
2011-01-29 01:00:00,10.505241753988317
2011-01-29 02:00:00,11.660352168822804
2011-01-29 03:00:00,12.48718396052085
2011-01-29 04:00:00,11.89763303362116
2011-01-29 06:00:00,16.220325241175328
2011-01-29 07:00:00,19.441662995213896
2011-01-29 08:00:00,24.234057929785056
2011-01-29 09:00:00,25.68257240333004
2011-01-29 10:00:00,26.21099112774312
2011-01-29 11:00:00,28.433217253515878
2011-01-29 12:00:00,34.7279374557519
2011-01-29 13:00:00,43.540597504778646
2011-01-29 14:00:00,44.432915415155335
2011-01-29 15:00:00,43.30955199762252
2011-01-29 16:00:00,57.72486689309307
2011-01-29 17:00:00,67.8091323558327
2011-01-29 18:00:00,59.51221183524197
2011-01-29 19:00:00,65.14712775521268
2011-01-29 20:00:00,64.97212610985892
2011-01-29 21:00:00,72.12726407594334
2011-01-29 22:00:00,70.66643637427578
2011-01-29 23:00:00,78.43916206969526
2011-01-30 00:00:00,6.454309466820319
2011-01-30 01:00:00,7.580563261947157
2011-01-30 02:00:00,8.824230691355432
2011-01-30 03:00:00,7.6566311298411245
2011-01-30 04:00:00,8.595503252173078
2011-01-30 05:00:00,10.82718454045941
2011-01-30 07:00:00,13.531788319664539
2011-01-30 08:00:00,14.928546960636906
2011-01-30 09:00:00,18.974168932536386
2011-01-30 10:00:00,21.864416369329994
2011-01-30 11:00:00,28.4918499440343
2011-01-30 12:00:00,51.39210608679101
2011-01-30 13:00:00,46.51840005776941
2011-01-30 14:00:00,53.17395311771248
2011-01-30 15:00:00,66.57167844613089
2011-01-30 16:00:00,73.90029903775537
2011-01-30 17:00:00,78.1329508513867
2011-01-30 18:00:00,70.22069812157314
2011-01-30 19:00:00,78.52320563603746
2011-01-30 20:00:00,87.02949235535596
2011-01-30 21:00:00,85.08198387256292
2011-01-30 22:00:00,92.11199731903838
2011-01-30 23:00:00,109.22786186552995
2011-01-31 00:00:00,8.017110291321044
2011-01-31 01:00:00,9.007782062726696
2011-01-31 02:00:00,10.287403900386698
2011-01-31 03:00:00,11.511601708589774
2011-01-31 04:00:00,13.134415271735325
2011-01-31 05:00:00,12.821714460853627
2011-01-31 06:00:00,12.466712333083144
2011-01-31 07:00:00,14.749967890546406
2011-01-31 08:00:00,17.833166862834616
2011-01-31 09:00:00,19.952053905113342
2011-01-31 10:00:00,22.368327590589978
2011-01-31 11:00:00,24.902785971829587
2011-01-31 12:00:00,32.917687047468334
2011-01-31 13:00:00,34.59593964031398
2011-01-31 14:00:00,39.66665477457249
2011-01-31 15:00:00,40.07272477786145
2011-01-31 16:00:00,47.34766562131616
2011-01-31 17:00:00,47.04625550617192
2011-01-31 18:00:00,56.00299852740249
2011-01-31 19:00:00,79.68728726729259
2011-01-31 20:00:00,65.32406800528909
2011-01-31 21:00:00,75.93735567751197
2011-01-31 22:00:00,82.83331162414456
2011-01-31 23:00:00,87.61594158007227
2011-02-20 00:00:00,16.883516432837595
2011-02-20 01:00:00,16.590322664847818
2011-02-20 02:00:00,18.930110465256465
2011-02-20 03:00:00,19.43665150753516
2011-02-20 04:00:00,21.65314913651409
2011-02-20 06:00:00,23.98363905882953
2011-02-20 07:00:00,23.96308592402317
2011-02-20 08:00:00,29.31725705029432
2011-02-20 09:00:00,35.148144882724196
2011-02-20 10:00:00,45.75707366187666
2011-02-20 11:00:00,62.959909685776324
2011-02-20 12:00:00,71.95008731324265
2011-02-20 13:00:00,85.52134752258664
2011-02-20 14:00:00,105.30074390869746
2011-02-20 15:00:00,118.43091894824133
2011-02-20 16:00:00,127.42976390567223
2011-02-20 17:00:00,131.1310099455237
2011-02-20 18:00:00,132.05827215264722
2011-02-20 19:00:00,146.48937132922396
2011-02-20 20:00:00,152.9461287505726
2011-02-20 21:00:00,138.85578004311205
2011-02-20 22:00:00,139.05623505067774
2011-02-20 23:00:00,142.9311831246607
2011-02-21 00:00:00,15.461158324767016
2011-02-21 01:00:00,17.2464859447854
2011-02-21 02:00:00,19.225444817715363
2011-02-21 03:00:00,21.255506674764394
2011-02-21 04:00:00,22.80617527470907
2011-02-21 05:00:00,30.623035302638897
2011-02-21 06:00:00,48.932837107810805
2011-02-21 07:00:00,54.14684664101406
2011-02-21 08:00:00,28.653702114609636
2011-02-21 09:00:00,31.750155159857457
2011-02-21 10:00:00,35.03734322427755
2011-02-21 11:00:00,40.04745300338922
2011-02-21 12:00:00,38.30638751961514
2011-02-21 13:00:00,31.217618604502896
2011-02-21 14:00:00,39.78624900704611
2011-02-21 15:00:00,47.69944477436959
2011-02-21 16:00:00,45.07004574853977
2011-02-21 17:00:00,51.93172633224307
2011-02-21 18:00:00,43.08732603385662
2011-02-21 19:00:00,47.868904541766014
2011-02-21 20:00:00,58.098838540325936
2011-02-21 21:00:00,69.49905344077516
2011-02-21 22:00:00,71.75527790805606
2011-02-21 23:00:00,79.64609607459626
2011-02-22 06:00:00,10.609463854150071
2011-02-22 07:00:00,11.86859131428964
2011-02-22 08:00:00,13.160233432253962
2011-02-22 09:00:00,16.197976122312646
2011-02-22 10:00:00,21.20973967881757
2011-02-22 11:00:00,28.224876561572426
2011-02-22 12:00:00,34.88103972745783
2011-02-22 13:00:00,41.899305478139574
2011-02-22 14:00:00,46.900264686514085
2011-02-22 15:00:00,58.06494575254162
2011-02-22 16:00:00,61.079279131779415
2011-02-22 17:00:00,66.62824673587089
2011-02-22 18:00:00,79.45347063863643
2011-02-22 19:00:00,83.02252900761991
2011-02-22 20:00:00,93.76587476590771
2011-02-22 21:00:00,104.81314624892073
2011-02-22 22:00:00,112.15565072505126
2011-02-22 23:00:00,124.42817156561894
2011-02-23 00:00:00,9.390908140768623
2011-02-23 01:00:00,11.541159442593987
2011-02-23 02:00:00,11.982518322339189
2011-02-23 03:00:00,13.043098857974881
2011-02-23 05:00:00,16.552810804534758
2011-02-23 06:00:00,18.456535762403817
2011-02-23 07:00:00,19.44623270677261
2011-02-23 08:00:00,21.839672117148197
2011-02-23 09:00:00,28.576537677620138
2011-02-23 10:00:00,40.71737231987622
2011-02-23 11:00:00,45.76484239830989
2011-02-23 12:00:00,59.314524254611406
2011-02-23 13:00:00,78.2997811810697
2011-02-23 14:00:00,88.73519827077399
2011-02-23 15:00:00,107.76797594786555
2011-02-23 16:00:00,120.75490884302404
2011-02-23 17:00:00,132.64069842875307
2011-02-23 18:00:00,140.25658570187133
2011-02-23 19:00:00,136.69773918650424
2011-02-23 20:00:00,86.04369493863109
2011-02-23 21:00:00,121.34351864316696
2011-02-23 22:00:00,134.61252794704117
2011-02-23 23:00:00,128.59653430290766
2011-02-24 00:00:00,11.510290015707728
2011-02-24 01:00:00,11.8546834336092
2011-02-24 02:00:00,11.577148112525949
2011-02-24 03:00:00,12.651129967366689
2011-02-24 05:00:00,14.54824783570933
2011-02-24 06:00:00,15.941594033175612
2011-02-24 07:00:00,16.943956739637006
2011-02-24 08:00:00,21.030426245524886
2011-02-24 09:00:00,21.080158290808228
2011-02-24 10:00:00,27.04914623463419
2011-02-24 11:00:00,41.80115952694483
2011-02-24 12:00:00,54.101770169821066
2011-02-24 13:00:00,66.37352542337683
2011-02-24 14:00:00,80.96187722860532
2011-02-24 15:00:00,85.42846767736965
2011-02-24 16:00:00,79.07923541310299
2011-02-24 17:00:00,73.25380992946674
2011-02-24 18:00:00,55.828047890370655
2011-02-24 19:00:00,55.45866312076561
2011-02-24 20:00:00,63.21839257741288
2011-02-24 21:00:00,76.39613482349915
2011-02-24 22:00:00,85.63595258883538
2011-02-24 23:00:00,83.59735528425625
2011-02-25 00:00:00,7.4125174165072805
2011-02-25 01:00:00,7.480311352844507
2011-02-25 02:00:00,8.400060363569306
2011-02-25 03:00:00,10.512528580051972
2011-02-25 05:00:00,13.145177812783585
2011-02-25 06:00:00,14.956771070113858
2011-02-25 07:00:00,14.575308916060536
2011-02-25 08:00:00,18.829611005167987
2011-02-25 09:00:00,20.091031090924567
2011-02-25 10:00:00,28.54579138175091
2011-02-25 11:00:00,51.446408021277
2011-02-25 12:00:00,75.26123895909632
2011-02-25 13:00:00,83.53230309470135
2011-02-25 14:00:00,105.63978856077695
2011-02-25 15:00:00,134.40636030202919
2011-02-25 16:00:00,84.84822490387624
2011-02-25 17:00:00,97.79190744974723
2011-02-25 18:00:00,105.25217198331947
2011-02-25 19:00:00,106.76671366022448
2011-02-25 20:00:00,125.07059888981927
2011-02-25 21:00:00,133.25837731768698
2011-02-25 22:00:00,136.171747370211
2011-02-25 23:00:00,151.46587469308813
2011-02-26 00:00:00,12.32943784433915
2011-02-26 01:00:00,13.681050799246409
2011-02-26 02:00:00,13.163544091577636
2011-02-26 03:00:00,16.08783094414141
2011-02-26 04:00:00,17.30399526777007
2011-02-26 05:00:00,17.56195196482736
2011-02-26 06:00:00,21.967404561299922
2011-02-26 07:00:00,24.209496814830562
2011-02-26 08:00:00,27.82383559637823
2011-02-26 09:00:00,32.17181235580481
2011-02-26 10:00:00,43.69244541161446
2011-02-26 11:00:00,53.89762890414895
2011-02-26 12:00:00,59.709272372796306
2011-02-26 13:00:00,71.01518978843583
2011-02-26 14:00:00,85.24033084937176
2011-02-26 15:00:00,93.88197834475925
2011-02-26 16:00:00,96.10789050704696
2011-02-26 17:00:00,113.62138412038284
2011-02-26 18:00:00,115.67726522108468
2011-02-26 19:00:00,116.60891564950623
2011-02-26 20:00:00,113.64866034339397
2011-02-26 21:00:00,105.28745107123468
2011-02-26 22:00:00,99.50377085627068
2011-02-26 23:00:00,108.51035143264804
2011-02-27 00:00:00,7.531897812303752
2011-02-27 01:00:00,8.552618439021158
2011-02-27 02:00:00,9.771775779716279
2011-02-27 03:00:00,11.19378598732074
2011-02-27 04:00:00,11.412715698185751
2011-02-27 06:00:00,15.240116284911588
2011-02-27 07:00:00,15.905317943631937
2011-02-27 08:00:00,19.606269766044967
2011-02-27 09:00:00,22.35738366883832
2011-02-27 10:00:00,27.891079865119384
2011-02-27 11:00:00,45.72162441850926
2011-02-27 12:00:00,64.74756591033542
2011-02-27 13:00:00,80.87252102240367
2011-02-27 14:00:00,94.81833199299633
2011-02-27 15:00:00,115.05079519651974
2011-02-27 16:00:00,132.84751599441282
2011-02-27 17:00:00,115.55956523623306
2011-02-27 18:00:00,124.11062887614854
2011-02-27 19:00:00,135.66735965219257
2011-02-27 20:00:00,148.8409225704045
2011-02-27 21:00:00,144.0568647875632
2011-02-27 22:00:00,155.6921125800533
2011-02-27 23:00:00,159.12596712895436
2011-02-28 00:00:00,11.325556648473356
2011-02-28 01:00:00,8.200652497234984
2011-02-28 03:00:00,9.158386116544207
2011-02-28 05:00:00,12.344929274959107
2011-02-28 06:00:00,13.047467462828308
2011-02-28 07:00:00,15.828458589595858
2011-02-28 08:00:00,16.21290762546138
2011-02-28 09:00:00,28.35741501941615
2011-02-28 10:00:00,45.32068524248626
2011-02-28 11:00:00,57.9631773071961
2011-02-28 12:00:00,64.35814581024452
2011-02-28 13:00:00,36.97854365152626
2011-02-28 14:00:00,35.698096066326165
2011-02-28 15:00:00,39.6782609621782
2011-02-28 16:00:00,42.31326105431155
2011-02-28 17:00:00,47.398010702090076
2011-02-28 18:00:00,62.088919689715446
2011-02-28 19:00:00,81.15744373847417
2011-02-28 20:00:00,90.06799247402193
2011-02-28 21:00:00,88.04980913072622
2011-02-28 22:00:00,73.08884335007778
2011-02-28 23:00:00,94.76606693232097
2011-03-20 00:00:00,17.83209896101657
2011-03-20 01:00:00,17.748084347259848
2011-03-20 02:00:00,19.708554226811653
2011-03-20 03:00:00,19.762775347510313
2011-03-20 04:00:00,21.123961092313465
2011-03-20 05:00:00,21.911969414691992
2011-03-20 06:00:00,24.583544052186937
2011-03-20 07:00:00,25.596308707826815
2011-03-20 08:00:00,32.990893001885695
2011-03-20 09:00:00,41.37405579596515
2011-03-20 10:00:00,54.01926939670071
2011-03-20 11:00:00,68.32591139349101
2011-03-20 12:00:00,77.1631443659646
2011-03-20 13:00:00,97.62267202439791
2011-03-20 14:00:00,118.97738407816819
2011-03-20 15:00:00,130.87910386922204
2011-03-20 16:00:00,146.68612662753756
2011-03-20 17:00:00,161.3633197044866
2011-03-20 18:00:00,163.49423146617596
2011-03-20 19:00:00,149.53721309902664
2011-03-20 20:00:00,158.44386545119687
2011-03-20 21:00:00,151.1940183694096
2011-03-20 22:00:00,164.194142345575
2011-03-20 23:00:00,161.74971996690283
2011-03-21 00:00:00,10.583848888372646
2011-03-21 01:00:00,11.036733341549354
2011-03-21 02:00:00,12.148591605718293
2011-03-21 03:00:00,13.574648223053149
2011-03-21 05:00:00,14.441522719861473
2011-03-21 06:00:00,16.858561213286325
2011-03-21 07:00:00,15.358098721587371
2011-03-21 08:00:00,17.33637226366337
2011-03-21 09:00:00,22.230656192196577
2011-03-21 10:00:00,33.15463789995995
2011-03-21 11:00:00,41.61889099018918
2011-03-21 12:00:00,43.06677322475666
2011-03-21 13:00:00,65.04802775882699
2011-03-21 14:00:00,75.93457346277097
2011-03-21 15:00:00,92.57348862218703
2011-03-21 16:00:00,94.91962848750694
2011-03-21 17:00:00,104.54724265816017
2011-03-21 18:00:00,98.59861099811637
2011-03-21 19:00:00,153.73302112657896
2011-03-21 20:00:00,146.9413179423312
2011-03-21 21:00:00,87.53652383612645
2011-03-21 22:00:00,107.27558930463945
2011-03-21 23:00:00,115.13643799434007
2011-03-22 00:00:00,10.501221043534606
2011-03-22 01:00:00,8.818801340027957
2011-03-22 02:00:00,11.178612740875597
2011-03-22 03:00:00,15.734670784838219
2011-03-22 04:00:00,16.50096970269572
2011-03-22 05:00:00,16.28638271154106
2011-03-22 06:00:00,18.951760003447063
2011-03-22 07:00:00,23.91194561596335
2011-03-22 08:00:00,37.04390172983034
2011-03-22 09:00:00,42.8999712797857
2011-03-22 10:00:00,51.97842908412925
2011-03-22 11:00:00,61.605719594913154
2011-03-22 12:00:00,73.76563007210369
2011-03-22 13:00:00,89.46038591153369
2011-03-22 14:00:00,106.65749620931848
2011-03-22 15:00:00,115.3190985812955
2011-03-22 16:00:00,124.21990706197144
2011-03-22 17:00:00,137.8008807846719
2011-03-22 18:00:00,143.00718864330713
2011-03-22 19:00:00,131.37465348413977
2011-03-22 20:00:00,149.53440604292368
2011-03-22 21:00:00,157.62004082291506
2011-03-22 22:00:00,158.0688112432314
2011-03-22 23:00:00,175.3209350970199
2011-03-23 00:00:00,11.067751760631483
2011-03-23 01:00:00,10.629530714104002
2011-03-23 02:00:00,11.890834565395151
2011-03-23 03:00:00,13.555610802234934
2011-03-23 05:00:00,13.745014646481694
2011-03-23 06:00:00,15.778468954226064
2011-03-23 07:00:00,15.320319362258966
2011-03-23 08:00:00,19.307828664033387
2011-03-23 09:00:00,23.230074969302013
2011-03-23 10:00:00,26.945826148864956
2011-03-23 11:00:00,27.562260907836
2011-03-23 12:00:00,29.895596954084763
2011-03-23 13:00:00,33.19954091713422
2011-03-23 14:00:00,39.57796356498849
2011-03-23 15:00:00,52.27072547468387
2011-03-23 16:00:00,65.80072403462717
2011-03-23 17:00:00,73.04572923434077
2011-03-23 18:00:00,71.26902665445007
2011-03-23 19:00:00,79.10710747552501
2011-03-23 20:00:00,73.73361458943985
2011-03-23 21:00:00,61.32622641970426
2011-03-23 22:00:00,76.8123816279687
2011-03-23 23:00:00,87.51046941228311
2011-03-24 00:00:00,7.1828419201012945
2011-03-24 01:00:00,6.898701073928469
2011-03-24 02:00:00,7.819487119986696
2011-03-24 03:00:00,8.327172694198069
2011-03-24 04:00:00,9.338769733671219
2011-03-24 05:00:00,11.836952071957285
2011-03-24 06:00:00,13.229209204703254
2011-03-24 07:00:00,12.582212905804065
2011-03-24 08:00:00,13.38606850463114
2011-03-24 09:00:00,17.76569885605977
2011-03-24 10:00:00,19.022383413256605
2011-03-24 11:00:00,28.10084022620532
2011-03-24 12:00:00,37.39179825838974
2011-03-24 13:00:00,43.228620486162335
2011-03-24 14:00:00,46.94201352128648
2011-03-24 15:00:00,52.00750146202314
2011-03-24 16:00:00,61.92340393862558
2011-03-24 17:00:00,63.65561047590082
2011-03-24 18:00:00,80.02831158680695
2011-03-24 19:00:00,99.15437087790654
2011-03-24 20:00:00,96.13578777911985
2011-03-24 21:00:00,98.82325209397104
2011-03-24 22:00:00,108.0441349238357
2011-03-24 23:00:00,113.19097400521919
2011-03-25 00:00:00,10.89133472263801
2011-03-25 01:00:00,10.047747667584886
2011-03-25 02:00:00,11.037784446381455
2011-03-25 03:00:00,12.811753466198413
2011-03-25 04:00:00,12.739752717487177
2011-03-25 05:00:00,13.971031791844972
2011-03-25 06:00:00,15.309220178932081
2011-03-25 07:00:00,22.463118284028617
2011-03-25 08:00:00,29.74042364003967
2011-03-25 09:00:00,34.80521441079729
2011-03-25 10:00:00,39.61324583921785
2011-03-25 11:00:00,52.868483411667526
2011-03-25 12:00:00,63.06216499022645
2011-03-25 13:00:00,74.61583289048203
2011-03-25 14:00:00,98.51045818385657
2011-03-25 15:00:00,96.60456093259644
2011-03-25 16:00:00,108.20363795862342
2011-03-25 17:00:00,114.38828218314322
2011-03-25 18:00:00,119.41955732664863
2011-03-25 19:00:00,138.15168395190628
2011-03-25 20:00:00,145.679948728158
2011-03-25 21:00:00,162.78308044761434
2011-03-25 22:00:00,173.33344988591466
2011-03-25 23:00:00,184.0426398920424
2011-03-26 00:00:00,16.771360712854815
2011-03-26 01:00:00,18.36829545462499
2011-03-26 02:00:00,17.62625745207179
2011-03-26 03:00:00,17.964331881734893
2011-03-26 04:00:00,21.885652080183707
2011-03-26 05:00:00,20.9298351724738
2011-03-26 06:00:00,21.148811832591992
2011-03-26 07:00:00,25.944681679850138
2011-03-26 08:00:00,33.89768448515653
2011-03-26 09:00:00,40.80641384542708
2011-03-26 10:00:00,47.217546776557136
2011-03-26 11:00:00,56.763222543014066
2011-03-26 12:00:00,67.6709270260809
2011-03-26 13:00:00,81.87025104513205
2011-03-26 14:00:00,99.81410018820391
2011-03-26 15:00:00,113.51304394074279
2011-03-26 16:00:00,138.02202429329483
2011-03-26 17:00:00,142.39656234270717
2011-03-26 18:00:00,166.3740484472707
2011-03-26 19:00:00,118.6637777481128
2011-03-26 20:00:00,131.64215043091556
2011-03-26 21:00:00,141.45069153107875
2011-03-26 22:00:00,170.90571148469223
2011-03-26 23:00:00,172.2783527567263
2011-03-27 00:00:00,16.55344393698004
2011-03-27 01:00:00,14.558121607184622
2011-03-27 02:00:00,15.288499432137561
2011-03-27 03:00:00,12.795315390826168
2011-03-27 04:00:00,12.963655131556472
2011-03-27 06:00:00,12.74592107099678
2011-03-27 07:00:00,13.868866247756213
2011-03-27 08:00:00,22.607464954384458
2011-03-27 09:00:00,32.751123862990035
2011-03-27 10:00:00,35.625823238069145
2011-03-27 11:00:00,46.43631558011468
2011-03-27 12:00:00,57.55740482584891
2011-03-27 13:00:00,74.53073598469516
2011-03-27 14:00:00,91.06772286465693
2011-03-27 15:00:00,100.7740630502181
2011-03-27 16:00:00,114.67173316083188
2011-03-27 17:00:00,132.9122165380658
2011-03-27 18:00:00,136.4194811106291
2011-03-27 19:00:00,157.16723574648765
2011-03-27 20:00:00,154.05949867566287
2011-03-27 21:00:00,153.28362241977118
2011-03-27 22:00:00,170.01675911575177
2011-03-27 23:00:00,181.46157613106814
2011-03-28 00:00:00,10.639623482021799
2011-03-28 01:00:00,14.243771056580124
2011-03-28 02:00:00,15.77422466071081
2011-03-28 03:00:00,17.59350651198262
2011-03-28 05:00:00,20.214395875955297
2011-03-28 06:00:00,25.68994209872271
2011-03-28 07:00:00,30.839981897093963
2011-03-28 08:00:00,33.45841203369247
2011-03-28 09:00:00,39.206368460166274
2011-03-28 10:00:00,46.63540305909197
2011-03-28 11:00:00,54.11720505647919
2011-03-28 12:00:00,64.53207789219367
2011-03-28 13:00:00,79.50234444223047
2011-03-28 14:00:00,95.05757360054466
2011-03-28 15:00:00,103.81628678065391
2011-03-28 16:00:00,119.07379699281125
2011-03-28 17:00:00,130.28469846101785
2011-03-28 18:00:00,148.39642566428594
2011-03-28 19:00:00,156.1881737285961
2011-03-28 20:00:00,183.42852465686707
2011-03-28 21:00:00,208.07432892703298
2011-03-28 22:00:00,210.98728600547884
2011-03-28 23:00:00,216.73747900029232
2011-03-29 00:00:00,17.68910764642368
2011-03-29 01:00:00,17.73804125860869
2011-03-29 02:00:00,19.770312739389286
2011-03-29 03:00:00,22.02299825996162
2011-03-29 04:00:00,19.569496366987398
2011-03-29 05:00:00,24.925826453680173
2011-03-29 06:00:00,26.344842697844744
2011-03-29 07:00:00,28.79533313226546
2011-03-29 08:00:00,36.35506109533381
2011-03-29 09:00:00,50.08161313672117
2011-03-29 10:00:00,59.78104827138473
2011-03-29 11:00:00,70.54914865933827
2011-03-29 12:00:00,79.92009453422338
2011-03-29 13:00:00,85.97135161293626
2011-03-29 14:00:00,100.669199994524
2011-03-29 15:00:00,126.13863265154997
2011-03-29 16:00:00,144.34598365265157
2011-03-29 17:00:00,169.28495688868043
2011-03-29 18:00:00,165.96861892495824
2011-03-29 19:00:00,171.75357263291372
2011-03-29 20:00:00,204.15048344294962
2011-03-29 21:00:00,160.7339178714465
2011-03-29 22:00:00,160.22232530482805
2011-03-29 23:00:00,149.61091440362355
2011-03-30 00:00:00,13.632009438726804
2011-03-30 01:00:00,20.548347825352636
2011-03-30 02:00:00,16.978011852908168
2011-03-30 03:00:00,21.49781006507779
2011-03-30 04:00:00,21.08916769339033
2011-03-30 05:00:00,21.938986153262263
2011-03-30 06:00:00,27.762979006575673
2011-03-30 07:00:00,34.85766104066092
2011-03-30 08:00:00,35.771801266349485
2011-03-30 09:00:00,41.56339259070316
2011-03-30 10:00:00,46.99920274695721
2011-03-30 11:00:00,52.594679230698624
2011-03-30 12:00:00,58.99537090115214
2011-03-30 13:00:00,68.70256254671254
2011-03-30 14:00:00,75.21046502304955
2011-03-30 15:00:00,40.834120525102065
2011-03-30 16:00:00,42.22849507512125
2011-03-30 17:00:00,41.16339515726275
2011-03-30 18:00:00,46.143127041753786
2011-03-30 19:00:00,51.25612851717516
2011-03-30 20:00:00,51.98868771104047
2011-03-30 21:00:00,59.65764456199262
2011-03-30 22:00:00,65.00454354404233
2011-03-30 23:00:00,70.90437161824971
2011-03-31 00:00:00,6.062633448998856
2011-03-31 01:00:00,6.771521827195265
2011-03-31 02:00:00,7.61439766217171
2011-03-31 03:00:00,8.618851094132967
2011-03-31 04:00:00,9.740162533025604
2011-03-31 05:00:00,10.818460048555599
2011-03-31 06:00:00,11.92191137955853
2011-03-31 07:00:00,13.62740844162079
2011-03-31 08:00:00,13.745286307134615
2011-03-31 09:00:00,17.55998559605156
2011-03-31 10:00:00,19.572945696308857
2011-03-31 11:00:00,22.962121335537695
2011-03-31 12:00:00,25.560980796733773
2011-03-31 13:00:00,32.88306547825815
2011-03-31 14:00:00,36.55792064068074
2011-03-31 15:00:00,39.663131286034336
2011-03-31 16:00:00,45.54823266763027
2011-03-31 17:00:00,50.59671369217194
2011-03-31 18:00:00,56.33748865395534
2011-03-31 19:00:00,62.55613986529688
2011-03-31 20:00:00,58.941592783933366
2011-03-31 21:00:00,66.3607094360087
2011-03-31 22:00:00,74.47112168624224
2011-03-31 23:00:00,70.27139619414912
2011-04-20 00:00:00,11.107866131067084
2011-04-20 01:00:00,10.95066803465622
2011-04-20 02:00:00,12.24680147186648
2011-04-20 03:00:00,13.104884444766787
2011-04-20 04:00:00,13.181367412912007
2011-04-20 05:00:00,16.598020239040853
2011-04-20 06:00:00,18.99799278003814
2011-04-20 07:00:00,20.994233004095598
2011-04-20 08:00:00,55.851654674958695
2011-04-20 09:00:00,69.34735710641569
2011-04-20 10:00:00,62.75392224605702
2011-04-20 11:00:00,69.66848050646432
2011-04-20 12:00:00,126.69016680636707
2011-04-20 13:00:00,140.53905745587267
2011-04-20 14:00:00,179.5361156596403
2011-04-20 15:00:00,213.93039921624853
2011-04-20 16:00:00,237.2411025417253
2011-04-20 17:00:00,250.6807148907046
2011-04-20 18:00:00,308.1555553196051
2011-04-20 19:00:00,312.66281542257235
2011-04-20 20:00:00,323.52837032241916
2011-04-20 21:00:00,352.5884807720892
2011-04-20 22:00:00,359.37621174492506
2011-04-20 23:00:00,411.8810333241194
2011-04-21 00:00:00,30.660411087939423
2011-04-21 01:00:00,29.885034753407123
2011-04-21 02:00:00,35.109233679985735
2011-04-21 03:00:00,31.969081519773777
2011-04-21 04:00:00,32.690994519930626
2011-04-21 05:00:00,36.09114370930447
2011-04-21 06:00:00,36.74470928217936
2011-04-21 07:00:00,48.57761506549193
2011-04-21 08:00:00,50.22073717086477
2011-04-21 09:00:00,57.30134545813548
2011-04-21 10:00:00,68.65410613846991
2011-04-21 11:00:00,80.9505227652968
2011-04-21 12:00:00,94.34579320813393
2011-04-21 13:00:00,121.59407106186961
2011-04-21 14:00:00,139.25687206901938
2011-04-21 15:00:00,173.50205569340608
2011-04-21 16:00:00,195.49028345602653
2011-04-21 17:00:00,194.0728965872878
2011-04-21 18:00:00,235.5658998175281
2011-04-21 19:00:00,233.8981624839792
2011-04-21 20:00:00,234.81967505509783
2011-04-21 21:00:00,197.44436682294807
2011-04-21 22:00:00,244.76547169863585
2011-04-21 23:00:00,244.4294774446011
2011-04-22 00:00:00,14.969341786674448
2011-04-22 01:00:00,18.940368749778127
2011-04-22 02:00:00,21.346827391810958
2011-04-22 03:00:00,23.77049694016567
2011-04-22 04:00:00,25.490893340758646
2011-04-22 05:00:00,27.937912631654488
2011-04-22 06:00:00,31.548748445567288
2011-04-22 07:00:00,34.677251603208276
2011-04-22 08:00:00,38.25823725256101
2011-04-22 09:00:00,36.323844266536724
2011-04-22 10:00:00,43.21948878089885
2011-04-22 11:00:00,43.163861156110016
2011-04-22 12:00:00,40.45605383055196
2011-04-22 13:00:00,38.46575465371103
2011-04-22 14:00:00,42.002452792172164
2011-04-22 15:00:00,47.49066069288434
2011-04-22 16:00:00,51.969844562499176
2011-04-22 17:00:00,50.39338720406791
2011-04-22 18:00:00,55.967359086937854
2011-04-22 19:00:00,62.1458671609652
2011-04-22 20:00:00,75.66084121399813
2011-04-22 21:00:00,75.42863330647077
2011-04-22 22:00:00,74.63115390333101
2011-04-22 23:00:00,97.6742244664666
2011-04-23 00:00:00,7.53379768807169
2011-04-23 01:00:00,8.459347665512986
2011-04-23 02:00:00,9.54785895333299
2011-04-23 03:00:00,10.56458221430606
2011-04-23 04:00:00,12.371474191137423
2011-04-23 05:00:00,13.82170398194642
2011-04-23 06:00:00,15.227781881023628
2011-04-23 07:00:00,16.787555122111353
2011-04-23 08:00:00,19.388824444980315
2011-04-23 09:00:00,27.439553390483233
2011-04-23 10:00:00,35.16223262715996
2011-04-23 11:00:00,41.75732694637927
2011-04-23 12:00:00,58.73728750231007
2011-04-23 13:00:00,64.73482883374609
2011-04-23 14:00:00,84.97261819573242
2011-04-23 15:00:00,112.98185956505617
2011-04-23 16:00:00,122.15228967844087
2011-04-23 17:00:00,137.01464731595573
2011-04-23 18:00:00,123.67379875740951
2011-04-23 19:00:00,125.77481334557909
2011-04-23 20:00:00,122.82639889570832
2011-04-23 21:00:00,153.0312791234717
2011-04-23 22:00:00,187.85873320333394
2011-04-23 23:00:00,163.98813854520768
2011-04-24 00:00:00,16.068589565608125
2011-04-24 01:00:00,15.85575823297854
2011-04-24 02:00:00,17.683882969766454
2011-04-24 03:00:00,17.432095871548142
2011-04-24 04:00:00,19.431185437729535
2011-04-24 05:00:00,21.647090233251404
2011-04-24 06:00:00,21.173385885543663
2011-04-24 07:00:00,23.578244490859774
2011-04-24 08:00:00,31.924088010875522
2011-04-24 09:00:00,41.948467925685335
2011-04-24 10:00:00,58.69270162120464
2011-04-24 11:00:00,87.11994903070536
2011-04-24 12:00:00,102.8851538747503
2011-04-24 13:00:00,132.204562662394
2011-04-24 14:00:00,157.61405187079166
2011-04-24 15:00:00,144.5412102372277
2011-04-24 16:00:00,222.81005328477656
2011-04-24 17:00:00,169.15614850058276
2011-04-24 18:00:00,165.3309876565719
2011-04-24 19:00:00,135.31805262952105
2011-04-24 20:00:00,150.10269777204618
2011-04-24 21:00:00,123.98298821172274
2011-04-24 22:00:00,125.49109288051892
2011-04-24 23:00:00,136.67216381740417
2011-04-25 00:00:00,9.483182755959945
2011-04-25 01:00:00,11.546630128663711
2011-04-25 02:00:00,12.907399818434323
2011-04-25 03:00:00,13.340345737820142
2011-04-25 04:00:00,15.004064178038336
2011-04-25 05:00:00,15.100848129451123
2011-04-25 06:00:00,18.03724348777874
2011-04-25 07:00:00,21.279965169807557
2011-04-25 08:00:00,31.072704121625566
2011-04-25 09:00:00,40.208284255566916
2011-04-25 10:00:00,58.84155015706802
2011-04-25 11:00:00,65.33178433210692
2011-04-25 12:00:00,74.33502233948995
2011-04-25 13:00:00,100.35568923762267
2011-04-25 14:00:00,136.10886202813143
2011-04-25 15:00:00,158.11735582430765
2011-04-25 16:00:00,167.5466814138557
2011-04-25 17:00:00,183.11569131965055
2011-04-25 18:00:00,190.61541190667364
2011-04-25 19:00:00,203.1345733139467
2011-04-25 20:00:00,209.635562408003
2011-04-25 21:00:00,197.71951820003076
2011-04-25 22:00:00,201.9174686379737
2011-04-25 23:00:00,187.74548765360038
2011-04-26 00:00:00,22.742784247951256
2011-04-26 01:00:00,22.989709673988408
2011-04-26 02:00:00,19.312498941215043
2011-04-26 03:00:00,18.99037600519829
2011-04-26 04:00:00,23.50517230062877
2011-04-26 05:00:00,23.38255497310625
2011-04-26 06:00:00,26.70778483532632
2011-04-26 07:00:00,33.853151087320114
2011-04-26 08:00:00,37.63321881118408
2011-04-26 09:00:00,56.51383302648627
2011-04-26 10:00:00,68.95255524392479
2011-04-26 11:00:00,84.72463557692305
2011-04-26 12:00:00,104.0281523811379
2011-04-26 13:00:00,140.0249238807645
2011-04-26 14:00:00,135.47250770745282
2011-04-26 15:00:00,139.9658818165339
2011-04-26 16:00:00,163.72791445179433
2011-04-26 17:00:00,166.71779558446616
2011-04-26 18:00:00,177.8487090616353
2011-04-26 19:00:00,162.42143101573424
2011-04-26 20:00:00,177.51701080979237
2011-04-26 21:00:00,173.3721223215772
2011-04-26 22:00:00,161.56364905996782
2011-04-26 23:00:00,180.51884727740037
2011-04-27 00:00:00,16.71974478768516
2011-04-27 01:00:00,18.785412748463305
2011-04-27 02:00:00,18.686411835295697
2011-04-27 03:00:00,20.737175120683183
2011-04-27 04:00:00,20.22568600691427
2011-04-27 05:00:00,22.43622397350874
2011-04-27 06:00:00,25.270493566941088
2011-04-27 07:00:00,31.815459040815348
2011-04-27 08:00:00,35.77571905365604
2011-04-27 09:00:00,40.684572590876854
2011-04-27 10:00:00,50.42760757291539
2011-04-27 11:00:00,62.50567836530407
2011-04-27 12:00:00,73.33971740379806
2011-04-27 13:00:00,78.19475152257046
2011-04-27 14:00:00,101.35116888998985
2011-04-27 15:00:00,140.33914672746914
2011-04-27 16:00:00,140.56471363972105
2011-04-27 17:00:00,113.42345214249598
2011-04-27 18:00:00,125.83347490380378
2011-04-27 19:00:00,145.30082878932728
2011-04-27 20:00:00,146.29521619511092
2011-04-27 21:00:00,143.9288668656503
2011-04-27 22:00:00,159.61120417454657
2011-04-27 23:00:00,178.33435298855505
2011-04-28 00:00:00,20.722364027087487
2011-04-28 01:00:00,20.53010917548827
2011-04-28 02:00:00,23.21660872636968
2011-04-28 03:00:00,28.470080026110914
2011-04-28 04:00:00,28.537353043252885
2011-04-28 05:00:00,31.502862578507514
2011-04-28 06:00:00,39.876198673748696
2011-04-28 07:00:00,44.14450990761401
2011-04-28 08:00:00,50.68775827893462
2011-04-28 09:00:00,41.931546149728696
2011-04-28 10:00:00,46.59850121366959
2011-04-28 11:00:00,57.7655207374879
2011-04-28 12:00:00,71.00805931602989
2011-04-28 13:00:00,71.46773412407619
2011-04-28 14:00:00,80.23164999912328
2011-04-28 15:00:00,122.49342792901211
2011-04-28 16:00:00,108.93050769572378
2011-04-28 17:00:00,212.27568437429403
2011-04-28 18:00:00,235.40692231511736
2011-04-28 19:00:00,273.27888514323587
2011-04-28 20:00:00,253.3711889709471
2011-04-28 21:00:00,254.17625817347658
2011-04-28 22:00:00,279.1244140342863
2011-04-28 23:00:00,332.923480595629
2011-04-29 00:00:00,31.725492128996343
2011-04-29 01:00:00,29.577513774824432
2011-04-29 02:00:00,23.27389901506481
2011-04-29 03:00:00,27.484844403995467
2011-04-29 04:00:00,35.03841198674173
2011-04-29 05:00:00,41.4447871461136
2011-04-29 06:00:00,52.65689558242906
2011-04-29 07:00:00,61.89780792527042
2011-04-29 08:00:00,76.31882731059564
2011-04-29 09:00:00,85.33433419721045
2011-04-29 10:00:00,95.27779472230861
2011-04-29 11:00:00,130.3599408759028
2011-04-29 12:00:00,122.79945301632947
2011-04-29 13:00:00,136.72791543307022
2011-04-29 14:00:00,191.08191336574006
2011-04-29 15:00:00,158.89799368060994
2011-04-29 16:00:00,167.9536645503083
2011-04-29 17:00:00,173.5207577857101
2011-04-29 18:00:00,184.5638352151034
2011-04-29 19:00:00,165.66646752933485
2011-04-29 20:00:00,205.83006300849547
2011-04-29 21:00:00,209.53982468044967
2011-04-29 22:00:00,194.3228521159407
2011-04-29 23:00:00,229.7178956326002
2011-04-30 00:00:00,22.06640189931305
2011-04-30 01:00:00,24.013913553282634
2011-04-30 02:00:00,27.13511776915286
2011-04-30 03:00:00,28.972587179521344
2011-04-30 04:00:00,32.467441867899595
2011-04-30 05:00:00,38.053813707312386
2011-04-30 06:00:00,37.45543930917487
2011-04-30 07:00:00,45.465282660960796
2011-04-30 08:00:00,49.38714364991957
2011-04-30 09:00:00,62.26713971983618
2011-04-30 10:00:00,82.79299694952545
2011-04-30 11:00:00,97.14984525501163
2011-04-30 12:00:00,112.20140426761404
2011-04-30 13:00:00,131.69720704500227
2011-04-30 14:00:00,143.42686208482604
2011-04-30 15:00:00,165.7176665926803
2011-04-30 16:00:00,192.69242007797016
2011-04-30 17:00:00,186.02923996658973
2011-04-30 18:00:00,199.7501124684561
2011-04-30 19:00:00,221.52286463088967
2011-04-30 20:00:00,156.3411304041337
2011-04-30 21:00:00,173.4058752011491
2011-04-30 22:00:00,176.90424541813547
2011-04-30 23:00:00,196.19920369489586
2011-05-20 00:00:00,11.887559326989273
2011-05-20 01:00:00,11.760039825197842
2011-05-20 02:00:00,12.999934593427584
2011-05-20 03:00:00,14.181586661068803
2011-05-20 04:00:00,17.83967907367986
2011-05-20 05:00:00,19.95929879354155
2011-05-20 06:00:00,25.277131504875072
2011-05-20 07:00:00,36.2491317459175
2011-05-20 08:00:00,47.50284169568473
2011-05-20 09:00:00,55.79297469360955
2011-05-20 10:00:00,67.57194164003769
2011-05-20 11:00:00,81.49114331678513
2011-05-20 12:00:00,114.65027081586267
2011-05-20 13:00:00,126.69773438203005
2011-05-20 14:00:00,148.35180179795287
2011-05-20 15:00:00,154.22259544962594
2011-05-20 16:00:00,177.75569242396318
2011-05-20 17:00:00,191.5566018740171
2011-05-20 18:00:00,211.22884773133245
2011-05-20 19:00:00,173.41285927858112
2011-05-20 20:00:00,193.03574852624456
2011-05-20 21:00:00,207.22682912815577
2011-05-20 22:00:00,189.06676189359763
2011-05-20 23:00:00,214.5789829140012
2011-05-21 00:00:00,17.913948426611768
2011-05-21 01:00:00,21.045187141140286
2011-05-21 02:00:00,24.06944543423399
2011-05-21 03:00:00,21.38604809087954
2011-05-21 04:00:00,21.094865946743163
2011-05-21 05:00:00,23.313160035224683
2011-05-21 06:00:00,30.715775197781525
2011-05-21 07:00:00,41.99190612168722
2011-05-21 08:00:00,54.065409775872624
2011-05-21 09:00:00,74.0224674303571
2011-05-21 10:00:00,83.55647597820132
2011-05-21 11:00:00,109.0745255313903
2011-05-21 12:00:00,122.61123619859605
2011-05-21 13:00:00,151.73684687112726
2011-05-21 14:00:00,181.97431259247787
2011-05-21 15:00:00,205.2203227356379
2011-05-21 16:00:00,246.57019767939602
2011-05-21 17:00:00,255.53418807779948
2011-05-21 18:00:00,262.10956561216517
2011-05-21 19:00:00,285.001964019405
2011-05-21 20:00:00,229.79331842134368
2011-05-21 21:00:00,261.4545877386936
2011-05-21 22:00:00,250.30328901154144
2011-05-21 23:00:00,217.39698467155554
2011-05-22 00:00:00,16.29685480799196
2011-05-22 01:00:00,15.824138333834545
2011-05-22 02:00:00,17.513258634439413
2011-05-22 03:00:00,17.13961226649597
2011-05-22 04:00:00,18.599037890966564
2011-05-22 05:00:00,21.287722386994275
2011-05-22 06:00:00,26.948483510736175
2011-05-22 07:00:00,34.04699659242053
2011-05-22 08:00:00,56.04908544978486
2011-05-22 09:00:00,68.65554810482864
2011-05-22 10:00:00,81.6725846104311
2011-05-22 11:00:00,120.02421420229882
2011-05-22 12:00:00,142.39967934941387
2011-05-22 13:00:00,137.8644851231237
2011-05-22 14:00:00,115.50471401953067
2011-05-22 15:00:00,150.21186115701147
2011-05-22 16:00:00,172.80045943279632
2011-05-22 17:00:00,213.38466624365716
2011-05-22 18:00:00,210.32573544542737
2011-05-22 19:00:00,231.53685435070025
2011-05-22 20:00:00,232.20046121115107
2011-05-22 21:00:00,222.2921261019004
2011-05-22 22:00:00,195.5785586672913
2011-05-22 23:00:00,207.65110404345907
2011-05-23 00:00:00,14.054646340973127
2011-05-23 01:00:00,15.752604785095576
2011-05-23 02:00:00,17.425782505942305
2011-05-23 03:00:00,17.057699632203466
2011-05-23 04:00:00,18.443868592029503
2011-05-23 05:00:00,20.552691978117043
2011-05-23 06:00:00,20.812757094677245
2011-05-23 07:00:00,27.055877771656867
2011-05-23 08:00:00,35.38090530054644
2011-05-23 09:00:00,39.62298079091091
2011-05-23 10:00:00,65.57355603096579
2011-05-23 11:00:00,83.04986787516832
2011-05-23 12:00:00,92.16566322905072
2011-05-23 13:00:00,132.88300385741573
2011-05-23 14:00:00,142.23139956369104
2011-05-23 15:00:00,154.89221545547647
2011-05-23 16:00:00,165.59706173035647
2011-05-23 17:00:00,164.33788760431725
2011-05-23 18:00:00,165.4907871970247
2011-05-23 19:00:00,180.86988984890553
2011-05-23 20:00:00,144.09096999358013
2011-05-23 21:00:00,145.84170721292725
2011-05-23 22:00:00,140.50938617375436
2011-05-23 23:00:00,173.0872577819958
2011-05-24 00:00:00,12.940511450592108
2011-05-24 01:00:00,14.340119586518172
2011-05-24 02:00:00,16.12838425534495
2011-05-24 03:00:00,18.788816139131207
2011-05-24 04:00:00,23.304600670975436
2011-05-24 05:00:00,24.218706431502333
2011-05-24 06:00:00,26.548211153578947
2011-05-24 07:00:00,41.39542570464878
2011-05-24 08:00:00,41.49324456150795
2011-05-24 09:00:00,57.67173136120638
2011-05-24 10:00:00,88.81102652684602
2011-05-24 11:00:00,115.68855876358053
2011-05-24 12:00:00,151.2964644779505
2011-05-24 13:00:00,165.18662788396347
2011-05-24 14:00:00,184.56427159978088
2011-05-24 15:00:00,174.49458262299882
2011-05-24 16:00:00,132.8551213332309
2011-05-24 17:00:00,173.80465224519418
2011-05-24 18:00:00,171.79221851720388
2011-05-24 19:00:00,167.99221179669505
2011-05-24 20:00:00,181.59297994350004
2011-05-24 21:00:00,177.65075907293914
2011-05-24 22:00:00,160.2773041178502
2011-05-24 23:00:00,246.65652069854602
2011-05-25 00:00:00,17.608554847167884
2011-05-25 01:00:00,18.82802666880276
2011-05-25 02:00:00,16.367303331906417
2011-05-25 03:00:00,16.787361062011033
2011-05-25 04:00:00,18.573187596946934
2011-05-25 05:00:00,25.778618277540758
2011-05-25 06:00:00,26.101741926815787
2011-05-25 07:00:00,46.49503667295105
2011-05-25 08:00:00,58.06069315115994
2011-05-25 09:00:00,70.79807835815238
2011-05-25 10:00:00,86.32610536395275
2011-05-25 11:00:00,115.40048751693435
2011-05-25 12:00:00,125.73053323996521
2011-05-25 13:00:00,139.47534492509126
2011-05-25 14:00:00,155.8550092788058
2011-05-25 15:00:00,191.11138551045883
2011-05-25 16:00:00,203.25757471431746
2011-05-25 17:00:00,222.1252746143624
2011-05-25 18:00:00,221.3282049610994
2011-05-25 19:00:00,222.03186008569094
2011-05-25 20:00:00,248.03775464562446
2011-05-25 21:00:00,226.55605256903354
2011-05-25 22:00:00,258.71900599474765
2011-05-25 23:00:00,253.80834978496193
2011-05-26 00:00:00,23.5973117366168
2011-05-26 01:00:00,26.26506203432897
2011-05-26 02:00:00,23.179575296751636
2011-05-26 03:00:00,22.216678473520716
2011-05-26 04:00:00,24.17626163721324
2011-05-26 05:00:00,27.20824253573608
2011-05-26 06:00:00,22.686982011690734
2011-05-26 07:00:00,31.95580323996464
2011-05-26 08:00:00,47.00480436764234
2011-05-26 09:00:00,75.94117264856041
2011-05-26 10:00:00,79.03163984959545
2011-05-26 11:00:00,104.28064028230484
2011-05-26 12:00:00,145.5902105853456
2011-05-26 13:00:00,189.6299819711549
2011-05-26 14:00:00,210.305135280667
2011-05-26 15:00:00,244.74386035035465
2011-05-26 16:00:00,255.63469021028695
2011-05-26 17:00:00,285.36763148678597
2011-05-26 18:00:00,319.9272662778048
2011-05-26 19:00:00,332.631674691796
2011-05-26 20:00:00,276.5181720475991
2011-05-26 21:00:00,292.4485899772578
2011-05-26 22:00:00,293.707368473353
2011-05-26 23:00:00,330.48057787006474
2011-05-27 00:00:00,28.59156261490489
2011-05-27 01:00:00,39.46297266976498
2011-05-27 02:00:00,39.74895919112101
2011-05-27 03:00:00,38.824532586526274
2011-05-27 04:00:00,39.673384932860884
2011-05-27 05:00:00,48.68725076851341
2011-05-27 06:00:00,48.43047638509571
2011-05-27 07:00:00,51.51778766959457
2011-05-27 08:00:00,59.96903945865316
2011-05-27 09:00:00,81.6284050860163
2011-05-27 10:00:00,113.67238815556782
2011-05-27 11:00:00,124.99557588294032
2011-05-27 12:00:00,142.20514110381768
2011-05-27 13:00:00,143.7465757422207
2011-05-27 14:00:00,174.9925170785353
2011-05-27 15:00:00,221.26692897546215
2011-05-27 16:00:00,219.98443114785363
2011-05-27 17:00:00,228.15189803892068
2011-05-27 18:00:00,230.171727377067
2011-05-27 19:00:00,155.95126439688588
2011-05-27 20:00:00,193.5691570831035
2011-05-27 21:00:00,169.70656944672928
2011-05-27 22:00:00,211.2991977285905
2011-05-27 23:00:00,188.65283469854174
2011-05-28 00:00:00,17.214120473043128
2011-05-28 01:00:00,19.486855184773656
2011-05-28 02:00:00,19.07337643522227
2011-05-28 03:00:00,23.548701131300227
2011-05-28 04:00:00,26.410450327651084
2011-05-28 05:00:00,29.16242176169743
2011-05-28 06:00:00,36.52689279650872
2011-05-28 07:00:00,41.957006363800204
2011-05-28 08:00:00,52.974375735785806
2011-05-28 09:00:00,66.64620960009339
2011-05-28 10:00:00,91.57255835055061
2011-05-28 11:00:00,101.61269902706286
2011-05-28 12:00:00,130.59744089877404
2011-05-28 13:00:00,139.68632624148276
2011-05-28 14:00:00,164.76349051769037
2011-05-28 15:00:00,191.29262589982716
2011-05-28 16:00:00,222.40538249424222
2011-05-28 17:00:00,239.6206919367461
2011-05-28 18:00:00,236.14551781280116
2011-05-28 19:00:00,231.15200001494688
2011-05-28 20:00:00,258.2213184161242
2011-05-28 21:00:00,238.34317031405777
2011-05-28 22:00:00,236.50518040601423
2011-05-28 23:00:00,226.21106017637737
2011-05-29 00:00:00,21.094434929752374
2011-05-29 01:00:00,20.660314081865952
2011-05-29 02:00:00,22.661122651188094
2011-05-29 03:00:00,25.227336702249264
2011-05-29 04:00:00,27.048915646292357
2011-05-29 05:00:00,26.12550688818831
2011-05-29 06:00:00,35.104890629610715
2011-05-29 07:00:00,39.61001281317124
2011-05-29 08:00:00,43.68720212827073
2011-05-29 09:00:00,43.13333386674414
2011-05-29 10:00:00,64.2330652857479
2011-05-29 11:00:00,72.3727639358652
2011-05-29 12:00:00,103.4447355299198
2011-05-29 13:00:00,129.35503810855278
2011-05-29 14:00:00,148.24870629859333
2011-05-29 15:00:00,165.04042020182794
2011-05-29 16:00:00,182.37843630454165
2011-05-29 17:00:00,202.2671088263105
2011-05-29 18:00:00,210.96678153991837
2011-05-29 19:00:00,232.24224331810714
2011-05-29 20:00:00,220.5107379919828
2011-05-29 21:00:00,214.15268302974238
2011-05-29 22:00:00,195.35074379100718
2011-05-29 23:00:00,218.2455747708771
2011-05-30 00:00:00,14.80122794263309
2011-05-30 01:00:00,16.260820456109204
2011-05-30 02:00:00,18.41460360812069
2011-05-30 03:00:00,20.520253002252055
2011-05-30 04:00:00,21.931098186529862
2011-05-30 05:00:00,23.7704389853603
2011-05-30 06:00:00,27.25144729807347
2011-05-30 07:00:00,29.63598566080233
2011-05-30 08:00:00,39.07244278344642
2011-05-30 09:00:00,69.31965064905557
2011-05-30 10:00:00,122.14947575914023
2011-05-30 11:00:00,137.64412650376977
2011-05-30 12:00:00,180.42357299689888
2011-05-30 13:00:00,202.13688216314694
2011-05-30 14:00:00,244.40156727078048
2011-05-30 15:00:00,288.4500120504623
2011-05-30 16:00:00,321.7360769434315
2011-05-30 17:00:00,330.6652441405187
2011-05-30 18:00:00,361.3018572623126
2011-05-30 19:00:00,189.74321288746495
2011-05-30 20:00:00,280.16847393377867
2011-05-30 21:00:00,259.00051205808694
2011-05-30 22:00:00,272.12052565516336
2011-05-30 23:00:00,239.44573453182787
2011-05-31 00:00:00,23.372265450349538
2011-05-31 01:00:00,20.77242910071363
2011-05-31 02:00:00,19.31648353807539
2011-05-31 03:00:00,19.437524942738197
2011-05-31 04:00:00,29.45895768204764
2011-05-31 05:00:00,32.762444432728685
2011-05-31 06:00:00,41.39852837944452
2011-05-31 07:00:00,64.33610776823775
2011-05-31 08:00:00,88.32364258399477
2011-05-31 09:00:00,107.6648409902113
2011-05-31 10:00:00,125.49725825803306
2011-05-31 11:00:00,159.66992863396618
2011-05-31 12:00:00,183.0493741481048
2011-05-31 13:00:00,246.4849736783379
2011-05-31 14:00:00,262.13765389298055
2011-05-31 15:00:00,302.6422376066198
2011-05-31 16:00:00,333.5999944192548
2011-05-31 17:00:00,286.3215324605974
2011-05-31 18:00:00,315.16047711739134
2011-05-31 19:00:00,261.9965248442686
2011-05-31 20:00:00,290.5203352900302
2011-05-31 21:00:00,293.4932017328694
2011-05-31 22:00:00,291.3777441570601
2011-05-31 23:00:00,276.5156749684631
2011-06-20 00:00:00,19.807047879986044
2011-06-20 01:00:00,18.39227091982778
2011-06-20 02:00:00,20.49549817789729
2011-06-20 03:00:00,21.793718252107148
2011-06-20 04:00:00,24.853266234779195
2011-06-20 05:00:00,30.68584467077789
2011-06-20 06:00:00,36.87308569122813
2011-06-20 07:00:00,32.237321217083675
2011-06-20 08:00:00,38.743828108417425
2011-06-20 09:00:00,52.70880240013871
2011-06-20 10:00:00,58.53389723680078
2011-06-20 11:00:00,62.62354381022799
2011-06-20 12:00:00,85.19053819615198
2011-06-20 13:00:00,101.69713651343537
2011-06-20 14:00:00,123.90781325669309
2011-06-20 15:00:00,138.46886201823105
2011-06-20 16:00:00,172.84688408808702
2011-06-20 17:00:00,195.68230317652745
2011-06-20 18:00:00,207.62519417817805
2011-06-20 19:00:00,201.5538284715847
2011-06-20 20:00:00,210.3096991863058
2011-06-20 21:00:00,209.36699477523956
2011-06-20 22:00:00,232.98226888890406
2011-06-20 23:00:00,236.10657734600005
2011-06-21 00:00:00,20.385499077557363
2011-06-21 01:00:00,22.180069808035633
2011-06-21 02:00:00,22.073552798904068
2011-06-21 03:00:00,24.576040794652016
2011-06-21 04:00:00,23.563069544097786
2011-06-21 05:00:00,26.426493729017544
2011-06-21 06:00:00,29.401088578822502
2011-06-21 07:00:00,26.934272806827632
2011-06-21 08:00:00,37.29398599201831
2011-06-21 09:00:00,43.02655680916622
2011-06-21 10:00:00,52.58880406303445
2011-06-21 11:00:00,62.5834423634519
2011-06-21 12:00:00,90.84255560149711
2011-06-21 13:00:00,121.59676474141088
2011-06-21 14:00:00,150.3068285211321
2011-06-21 15:00:00,187.52079759858572
2011-06-21 16:00:00,220.1910205679415
2011-06-21 17:00:00,212.5103878044495
2011-06-21 18:00:00,207.0879148000995
2011-06-21 19:00:00,207.63785889297452
2011-06-21 20:00:00,234.39422670279876
2011-06-21 21:00:00,248.19570757542047
2011-06-21 22:00:00,233.94127664770843
2011-06-21 23:00:00,279.93316105930035
2011-06-22 00:00:00,21.947628435265266
2011-06-22 01:00:00,24.06734892709961
2011-06-22 02:00:00,25.88724792957723
2011-06-22 03:00:00,29.799672322491038
2011-06-22 04:00:00,27.72109667598984
2011-06-22 05:00:00,28.067659201093004
2011-06-22 06:00:00,36.62676619543887
2011-06-22 07:00:00,49.381602997716186
2011-06-22 08:00:00,64.90007991965552
2011-06-22 09:00:00,67.71130506741741
2011-06-22 10:00:00,88.27031829236559
2011-06-22 11:00:00,95.80747064006837
2011-06-22 12:00:00,148.3611978494488
2011-06-22 13:00:00,179.27863098863867
2011-06-22 14:00:00,206.15564716305917
2011-06-22 15:00:00,222.13175533596694
2011-06-22 16:00:00,245.65132104748477
2011-06-22 17:00:00,266.8168792432173
2011-06-22 18:00:00,278.0741845825942
2011-06-22 19:00:00,321.74043088123716
2011-06-22 20:00:00,234.85953820454105
2011-06-22 21:00:00,243.13322761865632
2011-06-22 22:00:00,260.0238797729638
2011-06-22 23:00:00,290.4597085034079
2011-06-23 00:00:00,27.452095900985363
2011-06-23 01:00:00,33.021851563413016
2011-06-23 02:00:00,36.71175904634749
2011-06-23 03:00:00,39.73668076816699
2011-06-23 04:00:00,37.971042271916204
2011-06-23 05:00:00,49.61568016096741
2011-06-23 06:00:00,55.10530428185507
2011-06-23 07:00:00,60.04942510407397
2011-06-23 08:00:00,71.99058100594306
2011-06-23 09:00:00,78.73287381871248
2011-06-23 10:00:00,99.12771794745754
2011-06-23 11:00:00,112.00766749574035
2011-06-23 12:00:00,126.60507418676295
2011-06-23 13:00:00,144.55965885233428
2011-06-23 14:00:00,156.35843863885594
2011-06-23 15:00:00,204.33678926840858
2011-06-23 16:00:00,185.60521692627566
2011-06-23 17:00:00,184.83728642000008
2011-06-23 18:00:00,210.37893026823423
2011-06-23 19:00:00,229.90444469320312
2011-06-23 20:00:00,224.71364407664186
2011-06-23 21:00:00,247.36890153007423
2011-06-23 22:00:00,273.24186551920974
2011-06-23 23:00:00,310.93391425875234
2011-06-24 00:00:00,24.610960924024386
2011-06-24 01:00:00,24.896328515471495
2011-06-24 02:00:00,27.704966257943077
2011-06-24 03:00:00,29.564376836106458
2011-06-24 04:00:00,32.26608853583444
2011-06-24 05:00:00,30.57567139646811
2011-06-24 06:00:00,40.32307576815265
2011-06-24 07:00:00,45.29961987159452
2011-06-24 08:00:00,66.62995466195287
2011-06-24 09:00:00,89.88677581183916
2011-06-24 10:00:00,152.571361118489
2011-06-24 11:00:00,178.81757222587146
2011-06-24 12:00:00,187.37888778324992
2011-06-24 13:00:00,220.98706137746606
2011-06-24 14:00:00,216.4339857474708
2011-06-24 15:00:00,301.31488858571413
2011-06-24 16:00:00,320.4207937890083
2011-06-24 17:00:00,300.96467377375797
2011-06-24 18:00:00,337.40660260215884
2011-06-24 19:00:00,339.72673360936864
2011-06-24 20:00:00,343.8845109686182
2011-06-24 21:00:00,361.4765473982882
2011-06-24 22:00:00,387.7924816820143
2011-06-24 23:00:00,411.08816663494406
2011-06-25 00:00:00,41.360231036395774
2011-06-25 01:00:00,42.436853045985046
2011-06-25 02:00:00,46.960561385788836
2011-06-25 03:00:00,47.32721843371536
2011-06-25 04:00:00,52.56864289280456
2011-06-25 05:00:00,52.32966003425325
2011-06-25 06:00:00,65.3021748838828
2011-06-25 07:00:00,73.57527566549041
2011-06-25 08:00:00,99.37226479502417
2011-06-25 09:00:00,115.48385914694887
2011-06-25 10:00:00,126.24371713829944
2011-06-25 11:00:00,144.3934549681956
2011-06-25 12:00:00,171.4665367726263
2011-06-25 13:00:00,190.17173755827298
2011-06-25 14:00:00,202.55779077397713
2011-06-25 15:00:00,208.7323071784769
2011-06-25 16:00:00,265.23669285902724
2011-06-25 17:00:00,283.88298686298174
2011-06-25 18:00:00,293.2627942600613
2011-06-25 19:00:00,323.16369032228187
2011-06-25 20:00:00,339.3232457873329
2011-06-25 21:00:00,345.50874032056225
2011-06-25 22:00:00,410.0945460548637
2011-06-25 23:00:00,426.6535613359449
2011-06-26 00:00:00,36.06409577061509
2011-06-26 01:00:00,41.14871575105151
2011-06-26 02:00:00,42.95264770271007
2011-06-26 03:00:00,41.42643680535602
2011-06-26 04:00:00,45.85662460913231
2011-06-26 05:00:00,49.81151646828025
2011-06-26 06:00:00,55.322380404832764
2011-06-26 07:00:00,64.36315823195316
2011-06-26 08:00:00,77.46095268525048
2011-06-26 09:00:00,93.30701845216976
2011-06-26 10:00:00,125.60691972845481
2011-06-26 11:00:00,142.28950002465496
2011-06-26 12:00:00,171.6695549213751
2011-06-26 13:00:00,182.85450438491
2011-06-26 14:00:00,209.60759007021264
2011-06-26 15:00:00,224.8977806762596
2011-06-26 16:00:00,262.01205293163974
2011-06-26 17:00:00,276.0767161187515
2011-06-26 18:00:00,298.9722148279106
2011-06-26 19:00:00,317.59144257404193
2011-06-26 20:00:00,338.40656205150333
2011-06-26 21:00:00,342.5020043846858
2011-06-26 22:00:00,391.7829955606786
2011-06-26 23:00:00,424.2499874359774
2011-06-27 00:00:00,22.859710834358623
2011-06-27 01:00:00,22.140944775595877
2011-06-27 02:00:00,24.365193702470144
2011-06-27 03:00:00,27.116226163897934
2011-06-27 04:00:00,26.601586061566543
2011-06-27 05:00:00,30.602161843925984
2011-06-27 06:00:00,38.00809585633363
2011-06-27 07:00:00,47.88893650786311
2011-06-27 08:00:00,54.334925708484356
2011-06-27 09:00:00,85.30322076947752
2011-06-27 10:00:00,97.86139805149645
2011-06-27 11:00:00,95.61863876782621
2011-06-27 12:00:00,116.53941862059425
2011-06-27 13:00:00,128.53021957311893
2011-06-27 14:00:00,137.93416245027652
2011-06-27 15:00:00,161.82746526987307
2011-06-27 16:00:00,186.24936215235329
2011-06-27 17:00:00,208.07783726357027
2011-06-27 18:00:00,229.82962034320127
2011-06-27 19:00:00,233.32621923996194
2011-06-27 20:00:00,226.7244108277389
2011-06-27 21:00:00,245.0460174639137
2011-06-27 22:00:00,247.55514585108088
2011-06-27 23:00:00,274.5126878557632
2011-06-28 00:00:00,21.238825811488628
2011-06-28 01:00:00,25.457310394561837
2011-06-28 02:00:00,28.000319974499984
2011-06-28 03:00:00,31.14560727557322
2011-06-28 04:00:00,35.033149798057416
2011-06-28 05:00:00,35.41555438993047
2011-06-28 06:00:00,37.95303259688214
2011-06-28 07:00:00,45.37534062596002
2011-06-28 08:00:00,56.814291225908775
2011-06-28 09:00:00,74.26531486151707
2011-06-28 10:00:00,130.54289769003498
2011-06-28 11:00:00,150.40656995493237
2011-06-28 12:00:00,179.3265786834
2011-06-28 13:00:00,190.83622745974753
2011-06-28 14:00:00,238.50591539184222
2011-06-28 15:00:00,262.01553645148135
2011-06-28 16:00:00,293.538151294076
2011-06-28 17:00:00,268.60091609574357
2011-06-28 18:00:00,284.5955217279196
2011-06-28 19:00:00,270.179678782271
2011-06-28 20:00:00,254.44434092267042
2011-06-28 21:00:00,293.9291686837473
2011-06-28 22:00:00,279.38773357915545
2011-06-28 23:00:00,308.66594808794576
2011-06-29 00:00:00,23.972868551846993
2011-06-29 01:00:00,27.095284053359794
2011-06-29 02:00:00,25.991160971988677
2011-06-29 03:00:00,27.73307899199183
2011-06-29 04:00:00,31.207925972663514
2011-06-29 05:00:00,33.22476486621221
2011-06-29 06:00:00,51.96798058313253
2011-06-29 07:00:00,76.1988063390601
2011-06-29 08:00:00,94.10152519569775
2011-06-29 09:00:00,112.22741724735108
2011-06-29 10:00:00,131.2443618515844
2011-06-29 11:00:00,159.70182675598159
2011-06-29 12:00:00,178.43553983967203
2011-06-29 13:00:00,228.5868085344027
2011-06-29 14:00:00,245.24886816157658
2011-06-29 15:00:00,283.1069152829631
2011-06-29 16:00:00,334.10279077204933
2011-06-29 17:00:00,393.672402092039
2011-06-29 18:00:00,392.1258931274851
2011-06-29 19:00:00,380.2693664944117
2011-06-29 20:00:00,387.3195225172366
2011-06-29 21:00:00,408.85213694100776
2011-06-29 22:00:00,416.29112610992456
2011-06-29 23:00:00,427.60267536995747
2011-06-30 00:00:00,36.996294838520285
2011-06-30 01:00:00,38.93442827662227
2011-06-30 02:00:00,40.643590462367364
2011-06-30 03:00:00,42.02481323560031
2011-06-30 04:00:00,38.20851881893382
2011-06-30 05:00:00,43.75028204793375
2011-06-30 06:00:00,55.37060736853845
2011-06-30 07:00:00,63.94353641876949
2011-06-30 08:00:00,93.98588370248893
2011-06-30 09:00:00,112.62686618890488
2011-06-30 10:00:00,128.11984317626985
2011-06-30 11:00:00,151.21824258961345
2011-06-30 12:00:00,179.96676933671876
2011-06-30 13:00:00,207.28424484353832
2011-06-30 14:00:00,244.76371103792962
2011-06-30 15:00:00,292.2921075447859
2011-06-30 16:00:00,330.585815657906
2011-06-30 17:00:00,369.2324664924882
2011-06-30 18:00:00,374.78441257840893
2011-06-30 19:00:00,373.0292616651718
2011-06-30 20:00:00,413.5953481076559
2011-06-30 21:00:00,421.9685393175561
2011-06-30 22:00:00,426.0490547473941
2011-06-30 23:00:00,388.7753244167463
2011-07-20 00:00:00,24.026839136494495
2011-07-20 01:00:00,26.04037778322539
2011-07-20 02:00:00,28.973095661255222
2011-07-20 03:00:00,33.08494023498894
2011-07-20 04:00:00,34.06679469753293
2011-07-20 05:00:00,38.877415900127204
2011-07-20 06:00:00,38.90931751803482
2011-07-20 07:00:00,49.88340537438917
2011-07-20 08:00:00,70.24019266724568
2011-07-20 09:00:00,82.08396449277308
2011-07-20 10:00:00,95.06530234514686
2011-07-20 11:00:00,136.60183677446125
2011-07-20 12:00:00,162.72983094393373
2011-07-20 13:00:00,204.72857454437292
2011-07-20 14:00:00,247.26778023795075
2011-07-20 15:00:00,273.94864489160136
2011-07-20 16:00:00,266.1911101922871
2011-07-20 17:00:00,305.3439947197079
2011-07-20 18:00:00,341.06422600267933
2011-07-20 19:00:00,340.59056356820906
2011-07-20 20:00:00,328.48019127542216
2011-07-20 21:00:00,386.0657164205843
2011-07-20 22:00:00,383.28527497976376
2011-07-20 23:00:00,372.04255134552
2011-07-21 00:00:00,34.09315117093268
2011-07-21 01:00:00,32.104222338296594
2011-07-21 02:00:00,35.69460652109541
2011-07-21 03:00:00,40.575032610550394
2011-07-21 04:00:00,41.39157179859459
2011-07-21 05:00:00,45.98923391294002
2011-07-21 06:00:00,51.085544603425035
2011-07-21 07:00:00,59.07154073264678
2011-07-21 08:00:00,76.15251354346371
2011-07-21 09:00:00,104.5947244053811
2011-07-21 10:00:00,134.88909020807452
2011-07-21 11:00:00,183.73632171514956
2011-07-21 12:00:00,231.05203251111632
2011-07-21 13:00:00,254.3434846545521
2011-07-21 14:00:00,313.68783719924295
2011-07-21 15:00:00,345.2674865499212
2011-07-21 16:00:00,416.2661135395856
2011-07-21 17:00:00,469.6271640939855
2011-07-21 18:00:00,465.4688909879273
2011-07-21 19:00:00,424.52044579644496
2011-07-21 20:00:00,409.29192894798024
2011-07-21 21:00:00,426.85210146921344
2011-07-21 22:00:00,464.9338141599906
2011-07-21 23:00:00,468.2352303228763
2011-07-22 00:00:00,51.42488134920413
2011-07-22 01:00:00,50.08847498131986
2011-07-22 02:00:00,46.37827043593565
2011-07-22 03:00:00,52.6629857851689
2011-07-22 04:00:00,53.031853053330664
2011-07-22 05:00:00,51.865293972867484
2011-07-22 06:00:00,65.14593326931168
2011-07-22 07:00:00,93.82562799690842
2011-07-22 08:00:00,121.93337871460646
2011-07-22 09:00:00,147.92589609817705
2011-07-22 10:00:00,203.91568695812688
2011-07-22 11:00:00,222.84811963264153
2011-07-22 12:00:00,294.05763044930006
2011-07-22 13:00:00,332.08164394010754
2011-07-22 14:00:00,411.44805047231307
2011-07-22 15:00:00,421.93077537924563
2011-07-22 16:00:00,398.5104606182257
2011-07-22 17:00:00,393.79255951342424
2011-07-22 18:00:00,484.04730838808007
2011-07-22 19:00:00,461.29225001303274
2011-07-22 20:00:00,427.6592793748881
2011-07-22 21:00:00,448.30365503084494
2011-07-22 22:00:00,554.4317804374125
2011-07-22 23:00:00,515.1389974871058
2011-07-23 00:00:00,51.58470531274337
2011-07-23 01:00:00,60.538176251222325
2011-07-23 02:00:00,65.48924080457564
2011-07-23 03:00:00,57.9735848612177
2011-07-23 04:00:00,60.53222091437881
2011-07-23 05:00:00,69.7040811116612
2011-07-23 06:00:00,96.28580274708968
2011-07-23 07:00:00,106.05316325730767
2011-07-23 08:00:00,140.8602268462169
2011-07-23 09:00:00,152.8375801510169
2011-07-23 10:00:00,194.42834368607413
2011-07-23 11:00:00,242.72680248600898
2011-07-23 12:00:00,289.9092587072642
2011-07-23 13:00:00,331.89216877474735
2011-07-23 14:00:00,343.22167284877696
2011-07-23 15:00:00,391.8990044338292
2011-07-23 16:00:00,449.07062917298606
2011-07-23 17:00:00,497.8839331561343
2011-07-23 18:00:00,547.1480031124611
2011-07-23 19:00:00,373.9523016977038
2011-07-23 20:00:00,428.61981628794905
2011-07-23 21:00:00,475.2150867417952
2011-07-23 22:00:00,490.45569038050587
2011-07-23 23:00:00,531.9496211896974
2011-07-24 00:00:00,50.447010992292384
2011-07-24 01:00:00,48.6605659675507
2011-07-24 02:00:00,60.20109524494369
2011-07-24 03:00:00,66.83878158271362
2011-07-24 04:00:00,66.63448687259131
2011-07-24 05:00:00,73.69691071535426
2011-07-24 06:00:00,90.36352058227635
2011-07-24 07:00:00,105.5518192780348
2011-07-24 08:00:00,131.42636621098524
2011-07-24 09:00:00,149.5932129550904
2011-07-24 10:00:00,191.18622946768866
2011-07-24 11:00:00,192.49912913761148
2011-07-24 12:00:00,268.4357352295188
2011-07-24 13:00:00,257.60444258615235
2011-07-24 14:00:00,285.96821852988325
2011-07-24 15:00:00,379.2676761078543
2011-07-24 16:00:00,420.5103621789857
2011-07-24 17:00:00,455.59491449089757
2011-07-24 18:00:00,474.19373274252814
2011-07-24 19:00:00,471.716545133867
2011-07-24 20:00:00,491.24028837429364
2011-07-24 21:00:00,436.69386379557716
2011-07-24 22:00:00,419.72209029177407
2011-07-24 23:00:00,415.0849868339128
2011-07-25 00:00:00,31.726003615701064
2011-07-25 01:00:00,34.4820699355023
2011-07-25 02:00:00,33.71600457705467
2011-07-25 03:00:00,37.06997932101829
2011-07-25 04:00:00,38.969255405084525
2011-07-25 05:00:00,43.304200383950494
2011-07-25 06:00:00,47.56260777032251
2011-07-25 07:00:00,55.83243617359374
2011-07-25 08:00:00,70.36958530298983
2011-07-25 09:00:00,103.2497072690837
2011-07-25 10:00:00,127.54841919694789
2011-07-25 11:00:00,156.54737479630265
2011-07-25 12:00:00,173.63448823849768
2011-07-25 13:00:00,116.52089175314401
2011-07-25 14:00:00,117.654654119714
2011-07-25 15:00:00,120.26127439925088
2011-07-25 16:00:00,128.11616941335484
2011-07-25 17:00:00,167.11201339985448
2011-07-25 18:00:00,195.70610532586346
2011-07-25 19:00:00,223.43070681216827
2011-07-25 20:00:00,235.61168238876246
2011-07-25 21:00:00,203.53435691794715
2011-07-25 22:00:00,225.7175368281299
2011-07-25 23:00:00,255.8808017459725
2011-07-26 00:00:00,25.848181696136997
2011-07-26 01:00:00,28.760054565816343
2011-07-26 02:00:00,25.585492406833794
2011-07-26 03:00:00,28.684679248655172
2011-07-26 04:00:00,32.652366771309566
2011-07-26 05:00:00,31.76974214059166
2011-07-26 06:00:00,44.26123374318267
2011-07-26 07:00:00,71.53851627492728
2011-07-26 08:00:00,91.9764039742931
2011-07-26 09:00:00,129.38385594849103
2011-07-26 10:00:00,170.17863580359514
2011-07-26 11:00:00,187.32906140389917
2011-07-26 12:00:00,221.2644632147635
2011-07-26 13:00:00,248.45386999662213
2011-07-26 14:00:00,292.26968895857016
2011-07-26 15:00:00,348.93204268048146
2011-07-26 16:00:00,338.68838237719535
2011-07-26 17:00:00,382.47070352629385
2011-07-26 18:00:00,395.1062220588482
2011-07-26 19:00:00,403.0961115250639
2011-07-26 20:00:00,408.93236995002934
2011-07-26 21:00:00,416.29524845624456
2011-07-26 22:00:00,399.0849688576888
2011-07-26 23:00:00,433.25182044859656
2011-07-27 00:00:00,45.088250416546714
2011-07-27 01:00:00,53.46211760163169
2011-07-27 02:00:00,56.30572376938036
2011-07-27 03:00:00,51.612589494098586
2011-07-27 04:00:00,64.32389933176557
2011-07-27 05:00:00,67.4699203839172
2011-07-27 06:00:00,73.79463030858255
2011-07-27 07:00:00,93.47823805438301
2011-07-27 08:00:00,113.74630626049044
2011-07-27 09:00:00,140.4915846276845
2011-07-27 10:00:00,155.8969682292051
2011-07-27 11:00:00,184.16855637432727
2011-07-27 12:00:00,229.67495541931865
2011-07-27 13:00:00,267.97743709557824
2011-07-27 14:00:00,296.3881994366272
2011-07-27 15:00:00,352.4710701919354
2011-07-27 16:00:00,376.00434484226446
2011-07-27 17:00:00,403.3566327010642
2011-07-27 18:00:00,421.12269853292617
2011-07-27 19:00:00,443.64726277160463
2011-07-27 20:00:00,385.7351981918117
2011-07-27 21:00:00,384.2197908622344
2011-07-27 22:00:00,415.04189313778505
2011-07-27 23:00:00,492.5336617827036
2011-07-28 00:00:00,41.55905602929436
2011-07-28 01:00:00,46.1513185237428
2011-07-28 02:00:00,50.23536999190263
2011-07-28 03:00:00,54.357520495825405
2011-07-28 04:00:00,53.80862232878549
2011-07-28 05:00:00,56.177855311365946
2011-07-28 06:00:00,57.5379441564145
2011-07-28 07:00:00,69.46073165451408
2011-07-28 08:00:00,84.71755449954802
2011-07-28 09:00:00,116.1879449637781
2011-07-28 10:00:00,144.72472711580025
2011-07-28 11:00:00,179.8770643041549
2011-07-28 12:00:00,200.74007470064794
2011-07-28 13:00:00,244.0186294042647
2011-07-28 14:00:00,251.29794438827906
2011-07-28 15:00:00,291.6976769697641
2011-07-28 16:00:00,325.4664718898549
2011-07-28 17:00:00,331.6887796164918
2011-07-28 18:00:00,365.49425150899333
2011-07-28 19:00:00,372.0677945784249
2011-07-28 20:00:00,375.87226580442996
2011-07-28 21:00:00,381.6728263639149
2011-07-28 22:00:00,370.6798119262062
2011-07-28 23:00:00,387.51609034873354
2011-07-29 00:00:00,31.863675761879804
2011-07-29 01:00:00,35.16225807974638
2011-07-29 02:00:00,37.78765167833439
2011-07-29 03:00:00,41.994443478203856
2011-07-29 04:00:00,44.63614584378683
2011-07-29 05:00:00,47.94934727325207
2011-07-29 06:00:00,52.65423439863368
2011-07-29 07:00:00,64.6075246592138
2011-07-29 08:00:00,82.33987326733758
2011-07-29 09:00:00,166.31356358449978
2011-07-29 10:00:00,220.96084383643202
2011-07-29 11:00:00,270.3986834213359
2011-07-29 12:00:00,332.0257493976266
2011-07-29 13:00:00,321.98446738587654
2011-07-29 14:00:00,408.4041338490983
2011-07-29 15:00:00,456.1301599537062
2011-07-29 16:00:00,522.6610272678561
2011-07-29 17:00:00,566.860172019974
2011-07-29 18:00:00,568.75528721359
2011-07-29 19:00:00,551.583259019931
2011-07-29 20:00:00,560.1736306677853
2011-07-29 21:00:00,518.2714646131184
2011-07-29 22:00:00,539.3096682973122
2011-07-29 23:00:00,520.2571196324234
2011-07-30 00:00:00,46.34678154249037
2011-07-30 01:00:00,50.1573275517498
2011-07-30 02:00:00,55.912950026529714
2011-07-30 03:00:00,54.73390966897106
2011-07-30 04:00:00,57.119277257310934
2011-07-30 05:00:00,61.430336572438435
2011-07-30 06:00:00,68.4542658017539
2011-07-30 07:00:00,86.81478502415261
2011-07-30 08:00:00,111.59866880052316
2011-07-30 09:00:00,158.9674114383822
2011-07-30 10:00:00,184.26337404989084
2011-07-30 11:00:00,215.02272423061578
2011-07-30 12:00:00,243.67808286366508
2011-07-30 13:00:00,289.83384301025717
2011-07-30 14:00:00,342.73358933469854
2011-07-30 15:00:00,393.31750690835355
2011-07-30 16:00:00,458.8732894488509
2011-07-30 17:00:00,479.2756848275343
2011-07-30 18:00:00,517.1473495883151
2011-07-30 19:00:00,426.8124529784712
2011-07-30 20:00:00,482.44574652234496
2011-07-30 21:00:00,491.6720731459912
2011-07-30 22:00:00,481.29799233502985
2011-07-30 23:00:00,491.85871087999095
2011-07-31 00:00:00,46.57693130484813
2011-07-31 01:00:00,44.91521168012537
2011-07-31 02:00:00,48.4562514665341
2011-07-31 03:00:00,52.630562525868235
2011-07-31 04:00:00,53.16608143741847
2011-07-31 05:00:00,59.958073127174785
2011-07-31 06:00:00,67.74308491410528
2011-07-31 07:00:00,90.4877064744846
2011-07-31 08:00:00,111.05418605015277
2011-07-31 09:00:00,140.80086794113626
2011-07-31 10:00:00,198.44318880116555
2011-07-31 11:00:00,248.6870813407277
2011-07-31 12:00:00,310.22544241556534
2011-07-31 13:00:00,344.16810428424947
2011-07-31 14:00:00,384.415292833947
2011-07-31 15:00:00,482.74531405833704
2011-07-31 16:00:00,541.4206062686673
2011-07-31 17:00:00,591.848187282456
2011-07-31 18:00:00,476.62323217542405
2011-07-31 19:00:00,404.6615481006579
2011-07-31 20:00:00,448.65837699415385
2011-07-31 21:00:00,449.835715637116
2011-07-31 22:00:00,383.1242942866435
2011-07-31 23:00:00,443.21972423074124
2011-08-20 00:00:00,19.70986188849202
2011-08-20 01:00:00,25.404568237571855
2011-08-20 02:00:00,31.592451552626592
2011-08-20 03:00:00,35.1273306184252
2011-08-20 04:00:00,29.916536466099924
2011-08-20 05:00:00,37.59140057974074
2011-08-20 06:00:00,42.7148041549077
2011-08-20 07:00:00,47.97699550358139
2011-08-20 08:00:00,72.91477686192869
2011-08-20 09:00:00,91.85952344442322
2011-08-20 10:00:00,116.83396072578233
2011-08-20 11:00:00,130.04571391713574
2011-08-20 12:00:00,154.02263766242623
2011-08-20 13:00:00,184.75169198734517
2011-08-20 14:00:00,250.9651160668648
2011-08-20 15:00:00,295.3294330915326
2011-08-20 16:00:00,312.861996554932
2011-08-20 17:00:00,342.16023192548033
2011-08-20 18:00:00,314.6914888435633
2011-08-20 19:00:00,303.3935284182472
2011-08-20 20:00:00,338.8863320101691
2011-08-20 21:00:00,332.57579270611376
2011-08-20 22:00:00,329.7956251685533
2011-08-20 23:00:00,364.41982221410274
2011-08-21 00:00:00,34.79433842015795
2011-08-21 01:00:00,33.74798318150933
2011-08-21 02:00:00,37.235696599034625
2011-08-21 03:00:00,36.68506224467481
2011-08-21 04:00:00,43.53959544593562
2011-08-21 05:00:00,40.70077676138661
2011-08-21 06:00:00,45.05519081373451
2011-08-21 07:00:00,60.77822899304552
2011-08-21 08:00:00,75.17626994121743
2011-08-21 09:00:00,96.12288418806337
2011-08-21 10:00:00,110.99065366889045
2011-08-21 11:00:00,172.498205674184
2011-08-21 12:00:00,210.02128268091636
2011-08-21 13:00:00,225.70850684076683
2011-08-21 14:00:00,142.8366690764564
2011-08-21 15:00:00,146.32451790980537
2011-08-21 16:00:00,181.42333900971352
2011-08-21 17:00:00,199.73347585450483
2011-08-21 18:00:00,228.10530495774287
2011-08-21 19:00:00,280.92466095071234
2011-08-21 20:00:00,263.0065179170662
2011-08-21 21:00:00,291.63986916750974
2011-08-21 22:00:00,315.11299053072423
2011-08-21 23:00:00,378.471326484952
2011-08-22 00:00:00,25.52372761829672
2011-08-22 01:00:00,27.868269619300232
2011-08-22 02:00:00,39.553127485288016
2011-08-22 03:00:00,43.77651173497367
2011-08-22 04:00:00,48.873321050985794
2011-08-22 05:00:00,54.716466270807615
2011-08-22 06:00:00,63.66868509421969
2011-08-22 07:00:00,71.20916386367371
2011-08-22 08:00:00,79.04075214687096
2011-08-22 09:00:00,99.05652181063358
2011-08-22 10:00:00,125.36478070766104
2011-08-22 11:00:00,174.17678835569623
2011-08-22 12:00:00,193.14980792911135
2011-08-22 13:00:00,235.43583387122683
2011-08-22 14:00:00,256.3353752566159
2011-08-22 15:00:00,278.05553946312637
2011-08-22 16:00:00,315.18202857984033
2011-08-22 17:00:00,360.462027699945
2011-08-22 18:00:00,390.59653236367876
2011-08-22 19:00:00,405.28499898094583
2011-08-22 20:00:00,400.27295022262877
2011-08-22 21:00:00,417.4471175334046
2011-08-22 22:00:00,474.8515821596591
2011-08-22 23:00:00,497.30281006546187
2011-08-23 00:00:00,44.96961471261196
2011-08-23 01:00:00,38.65952748777017
2011-08-23 02:00:00,39.6675087744293
2011-08-23 03:00:00,45.07805115184455
2011-08-23 04:00:00,44.206827010360115
2011-08-23 05:00:00,49.47678407141457
2011-08-23 06:00:00,51.658763048357
2011-08-23 07:00:00,85.29645868522758
2011-08-23 08:00:00,87.88208562719937
2011-08-23 09:00:00,106.99395481502616
2011-08-23 10:00:00,138.09675517157535
2011-08-23 11:00:00,164.53995698469367
2011-08-23 12:00:00,168.47765362753967
2011-08-23 13:00:00,222.17880805988136
2011-08-23 14:00:00,245.48324057831988
2011-08-23 15:00:00,264.73408881145457
2011-08-23 16:00:00,296.03550283397226
2011-08-23 17:00:00,325.50133383113655
2011-08-23 18:00:00,358.2728209385876
2011-08-23 19:00:00,293.9500174455646
2011-08-23 20:00:00,313.5595655101496
2011-08-23 21:00:00,307.2664043868458
2011-08-23 22:00:00,352.1229476521427
2011-08-23 23:00:00,355.87049227247644
2011-08-24 00:00:00,36.78494339610917
2011-08-24 01:00:00,37.47169801457289
2011-08-24 02:00:00,32.481983347493625
2011-08-24 03:00:00,36.1133383508252
2011-08-24 04:00:00,35.651462807596594
2011-08-24 05:00:00,39.62657000075366
2011-08-24 06:00:00,42.89518767694071
2011-08-24 07:00:00,65.91602759241529
2011-08-24 08:00:00,68.54335689575318
2011-08-24 09:00:00,78.40525981067076
2011-08-24 10:00:00,114.39612358856381
2011-08-24 11:00:00,139.89586492684705
2011-08-24 12:00:00,159.02363169277854
2011-08-24 13:00:00,200.6940439248214
2011-08-24 14:00:00,222.56917204812018
2011-08-24 15:00:00,248.63771809755548
2011-08-24 16:00:00,265.9287596879614
2011-08-24 17:00:00,290.58552818000345
2011-08-24 18:00:00,293.6576704805753
2011-08-24 19:00:00,325.6153533592917
2011-08-24 20:00:00,333.9870221529907
2011-08-24 21:00:00,347.55896993730977
2011-08-24 22:00:00,362.6262599522975
2011-08-24 23:00:00,361.0040339941113
2011-08-25 00:00:00,31.39384974706965
2011-08-25 01:00:00,38.59441526313865
2011-08-25 02:00:00,42.88870620993078
2011-08-25 03:00:00,42.02636225712262
2011-08-25 04:00:00,43.12325835583033
2011-08-25 05:00:00,44.669934794111676
2011-08-25 06:00:00,48.5258777641482
2011-08-25 07:00:00,60.501730260847715
2011-08-25 08:00:00,76.84124280168173
2011-08-25 09:00:00,93.67624657937134
2011-08-25 10:00:00,114.17644133716561
2011-08-25 11:00:00,89.33134406292507
2011-08-25 12:00:00,99.12840939254284
2011-08-25 13:00:00,115.4425612447676
2011-08-25 14:00:00,142.10004734370705
2011-08-25 15:00:00,167.60745443181048
2011-08-25 16:00:00,156.71892862067165
2011-08-25 17:00:00,173.82464827361585
2011-08-25 18:00:00,197.03441041069055
2011-08-25 19:00:00,200.48385616497143
2011-08-25 20:00:00,219.25498390565113
2011-08-25 21:00:00,238.72423302962903
2011-08-25 22:00:00,221.52384403759638
2011-08-25 23:00:00,251.1291659378801
2011-08-26 00:00:00,23.606525117017533
2011-08-26 01:00:00,25.39296813678833
2011-08-26 02:00:00,26.144229058623417
2011-08-26 03:00:00,27.92377620633651
2011-08-26 04:00:00,31.272625770399774
2011-08-26 05:00:00,34.374588716745
2011-08-26 06:00:00,38.65262946653773
2011-08-26 07:00:00,47.97557942850452
2011-08-26 08:00:00,58.38389861154546
2011-08-26 09:00:00,82.60967535585353
2011-08-26 10:00:00,113.08256453970046
2011-08-26 11:00:00,133.23356056508473
2011-08-26 12:00:00,147.3330092219856
2011-08-26 13:00:00,187.80956001542427
2011-08-26 14:00:00,218.96352295334128
2011-08-26 15:00:00,251.8348357917514
2011-08-26 16:00:00,247.47766689471996
2011-08-26 17:00:00,222.2623204453028
2011-08-26 18:00:00,236.67091367235943
2011-08-26 19:00:00,236.4053096207698
2011-08-26 20:00:00,261.1952798946729
2011-08-26 21:00:00,294.9895411755291
2011-08-26 22:00:00,322.33071490807134
2011-08-26 23:00:00,309.45480148050655
2011-08-27 00:00:00,28.92482718057872
2011-08-27 01:00:00,32.658808932620765
2011-08-27 02:00:00,36.5825631425877
2011-08-27 03:00:00,40.49759556740938
2011-08-27 04:00:00,44.99829971405375
2011-08-27 05:00:00,50.92700506540989
2011-08-27 06:00:00,56.55885153326305
2011-08-27 07:00:00,63.74097158351376
2011-08-27 08:00:00,68.94971758611315
2011-08-27 09:00:00,79.71702568435617
2011-08-27 10:00:00,96.58266536070414
2011-08-27 11:00:00,76.44872168187896
2011-08-27 12:00:00,97.86923727758648
2011-08-27 13:00:00,105.8263943487161
2011-08-27 14:00:00,104.55507807747159
2011-08-27 15:00:00,116.00326371586435
2011-08-27 16:00:00,127.75023013148112
2011-08-27 17:00:00,153.09640317131297
2011-08-28 07:00:00,54.25314672618161
2011-08-28 08:00:00,61.14756387262885
2011-08-28 09:00:00,87.91231096951302
2011-08-28 10:00:00,133.26132594836218
2011-08-28 11:00:00,146.44387104747435
2011-08-28 12:00:00,186.79435357362487
2011-08-28 13:00:00,232.7245299267055
2011-08-28 14:00:00,278.90150388788743
2011-08-28 15:00:00,304.75659192716466
2011-08-28 16:00:00,391.04998587099533
2011-08-28 17:00:00,374.107945460996
2011-08-28 18:00:00,382.53055201586335
2011-08-28 19:00:00,375.8202477248817
2011-08-28 20:00:00,422.37221042510316
2011-08-28 21:00:00,346.56479230821856
2011-08-28 22:00:00,327.04507288120817
2011-08-28 23:00:00,330.3207114741099
2011-08-29 00:00:00,25.6371160028259
2011-08-29 01:00:00,30.359392170890036
2011-08-29 02:00:00,34.53068138642608
2011-08-29 03:00:00,37.53056044756855
2011-08-29 04:00:00,37.420372671379205
2011-08-29 05:00:00,38.478039875319894
2011-08-29 06:00:00,42.75970909829016
2011-08-29 07:00:00,69.88062477140842
2011-08-29 08:00:00,84.53476128060532
2011-08-29 09:00:00,99.73986438372982
2011-08-29 10:00:00,120.51160673977458
2011-08-29 11:00:00,131.73588830458277
2011-08-29 12:00:00,156.27665696072938
2011-08-29 13:00:00,179.72818653459336
2011-08-29 14:00:00,192.57603115045018
2011-08-29 15:00:00,222.3730459170369
2011-08-29 16:00:00,254.69496006480696
2011-08-29 17:00:00,254.28783464450106
2011-08-29 18:00:00,277.9570424311878
2011-08-29 19:00:00,308.2118825114097
2011-08-29 20:00:00,305.0341423379721
2011-08-29 21:00:00,340.7098775309415
2011-08-29 22:00:00,350.16399452420467
2011-08-29 23:00:00,355.2444901483493
2011-08-30 00:00:00,23.320291699182842
2011-08-30 01:00:00,27.86979194046893
2011-08-30 02:00:00,27.72533522372506
2011-08-30 03:00:00,31.546253702579026
2011-08-30 04:00:00,31.63226840451579
2011-08-30 05:00:00,34.51676959391989
2011-08-30 06:00:00,42.365113278721836
2011-08-30 07:00:00,52.94181193550307
2011-08-30 08:00:00,84.63544811072211
2011-08-30 09:00:00,106.98201798458055
2011-08-30 10:00:00,145.13260101553232
2011-08-30 11:00:00,170.17053570749601
2011-08-30 12:00:00,179.93338471469113
2011-08-30 13:00:00,211.17678245604367
2011-08-30 14:00:00,244.99987516669114
2011-08-30 15:00:00,267.4306140263346
2011-08-30 16:00:00,283.46753349905765
2011-08-30 17:00:00,293.318283933773
2011-08-30 18:00:00,298.66762212573246
2011-08-30 19:00:00,291.5896699761457
2011-08-30 20:00:00,316.2854416735424
2011-08-30 21:00:00,276.29983568827754
2011-08-30 22:00:00,318.37605928328173
2011-08-30 23:00:00,353.01462411338713
2011-08-31 00:00:00,28.305662564246667
2011-08-31 01:00:00,31.484066402339206
2011-08-31 02:00:00,28.808010655979114
2011-08-31 03:00:00,29.628589767875535
2011-08-31 04:00:00,35.62441383248831
2011-08-31 05:00:00,33.5298734049942
2011-08-31 06:00:00,40.010583305257384
2011-08-31 07:00:00,49.92423062545706
2011-08-31 08:00:00,67.98683383504037
2011-08-31 09:00:00,77.19716835109197
2011-08-31 10:00:00,132.58209101368342
2011-08-31 11:00:00,160.19937293258383
2011-08-31 12:00:00,180.78629364621221
2011-08-31 13:00:00,211.19509822753346
2011-08-31 14:00:00,225.39566010999474
2011-08-31 15:00:00,249.9498510771355
2011-08-31 16:00:00,277.62589854068864
2011-08-31 17:00:00,284.7074173962576
2011-08-31 18:00:00,294.4472588778565
2011-08-31 19:00:00,452.6021150999927
2011-08-31 20:00:00,302.9790798772105
2011-08-31 21:00:00,312.66745552993524
2011-08-31 22:00:00,290.74829182198846
2011-08-31 23:00:00,270.3551615525411
2011-09-20 00:00:00,24.28902306780583
2011-09-20 01:00:00,20.622396693823877
2011-09-20 02:00:00,22.967496672019024
2011-09-20 03:00:00,28.08135280640467
2011-09-20 04:00:00,28.997904647921814
2011-09-20 05:00:00,31.881227168616025
2011-09-20 06:00:00,35.44742596739102
2011-09-20 07:00:00,39.106697300324804
2011-09-20 08:00:00,40.02808518111185
2011-09-20 09:00:00,44.14724838574336
2011-09-20 10:00:00,54.78073647250306
2011-09-20 11:00:00,60.830547034101926
2011-09-20 12:00:00,62.281079253656046
2011-09-20 13:00:00,68.63270743407669
2011-09-20 14:00:00,87.60415493355862
2011-09-20 15:00:00,122.1221792533779
2011-09-20 16:00:00,119.39830249230364
2011-09-20 17:00:00,132.00032692147823
2011-09-20 18:00:00,146.42514153292208
2011-09-20 19:00:00,141.98185027496976
2011-09-20 20:00:00,139.09609957641922
2011-09-20 21:00:00,154.2905003042232
2011-09-20 22:00:00,171.1328399409466
2011-09-20 23:00:00,189.8018489739501
2011-09-21 00:00:00,15.28449174266833
2011-09-21 01:00:00,18.769826464701264
2011-09-21 02:00:00,20.914002259262254
2011-09-21 03:00:00,23.553108780229216
2011-09-21 04:00:00,24.122840410126265
2011-09-21 05:00:00,27.05220636932492
2011-09-21 06:00:00,30.32237445699319
2011-09-21 07:00:00,33.71950478885395
2011-09-21 08:00:00,36.65089567034459
2011-09-21 09:00:00,41.94200419236743
2011-09-21 10:00:00,56.72118835976588
2011-09-21 11:00:00,75.61211845794791
2011-09-21 12:00:00,91.8925870868439
2011-09-21 13:00:00,117.80387608265576
2011-09-21 14:00:00,131.65336225646456
2011-09-21 15:00:00,142.85337386038898
2011-09-21 16:00:00,158.45527723309215
2011-09-21 17:00:00,176.3553289249132
2011-09-21 18:00:00,154.82815121629898
2011-09-21 19:00:00,130.70783052480718
2011-09-21 20:00:00,144.99246487249164
2011-09-21 21:00:00,137.73470100174842
2011-09-21 22:00:00,180.39690737078598
2011-09-21 23:00:00,194.6430285419634
2011-09-22 00:00:00,17.88592962594705
2011-09-22 01:00:00,19.625812275889377
2011-09-22 02:00:00,21.946386754207808
2011-09-22 03:00:00,24.342458882671682
2011-09-22 04:00:00,27.09102559406405
2011-09-22 05:00:00,30.2514983158863
2011-09-22 06:00:00,29.857665180664732
2011-09-22 07:00:00,32.955732234779894
2011-09-22 08:00:00,37.19268517612156
2011-09-22 09:00:00,50.418744085785995
2011-09-22 10:00:00,65.03934743611589
2011-09-22 11:00:00,71.66782762543866
2011-09-22 12:00:00,92.38136227533391
2011-09-22 13:00:00,103.2672350967214
2011-09-22 14:00:00,115.42497220629546
2011-09-22 15:00:00,143.0836811015373
2011-09-22 16:00:00,170.032654535521
2011-09-22 17:00:00,164.51852785034907
2011-09-22 18:00:00,159.09097168855385
2011-09-22 19:00:00,160.4326879027694
2011-09-22 20:00:00,156.28253878730212
2011-09-22 21:00:00,197.3486129308443
2011-09-22 22:00:00,162.74772677602502
2011-09-22 23:00:00,206.2794015685104
2011-09-23 00:00:00,18.53334758540175
2011-09-23 01:00:00,16.567672020827445
2011-09-23 02:00:00,18.977684576365657
2011-09-23 03:00:00,20.584992624630296
2011-09-23 04:00:00,22.659687376616134
2011-09-23 05:00:00,30.97740475693885
2011-09-23 06:00:00,35.23178641864018
2011-09-23 07:00:00,39.15134107799412
2011-09-23 08:00:00,43.50603452016027
2011-09-23 09:00:00,41.261804350748065
2011-09-23 10:00:00,45.504831259609176
2011-09-23 11:00:00,50.54860509824333
2011-09-23 12:00:00,65.6999445549834
2011-09-23 13:00:00,60.095087980085
2011-09-23 14:00:00,66.72127708940108
2011-09-23 15:00:00,89.84102117068745
2011-09-23 16:00:00,97.14965115139783
2011-09-23 17:00:00,90.24639878748181
2011-09-23 18:00:00,101.28132036382526
2011-09-23 19:00:00,140.26991688512751
2011-09-23 20:00:00,141.11157381579937
2011-09-23 21:00:00,144.01509134498494
2011-09-23 22:00:00,180.77220642929447
2011-09-23 23:00:00,191.39640715588433
2011-09-24 00:00:00,17.482229597807066
2011-09-24 01:00:00,21.188158637258983
2011-09-24 02:00:00,23.5946194507029
2011-09-24 03:00:00,25.97074923521931
2011-09-24 04:00:00,28.69340752078486
2011-09-24 05:00:00,31.547462549820768
2011-09-24 06:00:00,35.077462243966316
2011-09-24 07:00:00,42.799043846188574
2011-09-24 08:00:00,47.472235099060136
2011-09-24 09:00:00,54.40642199357593
2011-09-24 10:00:00,60.4156355349207
2011-09-24 11:00:00,77.30343572869363
2011-09-24 12:00:00,85.79599037100188
2011-09-24 13:00:00,105.03517567496736
2011-09-24 14:00:00,135.07740300228093
2011-09-24 15:00:00,149.83594801152367
2011-09-24 16:00:00,144.97296714817745
2011-09-24 17:00:00,185.05249034649563
2011-09-24 18:00:00,181.03557791814953
2011-09-24 19:00:00,157.50945405114632
2011-09-24 20:00:00,194.6971411203894
2011-09-24 21:00:00,220.73334808459907
2011-09-24 22:00:00,212.47644267502415
2011-09-24 23:00:00,233.21997702440027
2011-09-25 00:00:00,21.119241761452635
2011-09-25 01:00:00,24.153659201676764
2011-09-25 02:00:00,22.02271129103987
2011-09-25 03:00:00,24.519685170074855
2011-09-25 04:00:00,28.23311240592666
2011-09-25 05:00:00,37.260786757660355
2011-09-25 06:00:00,41.09159635661673
2011-09-25 07:00:00,39.26181406321226
2011-09-25 08:00:00,51.05872787250833
2011-09-25 09:00:00,63.29854453961267
2011-09-25 10:00:00,70.27217089254698
2011-09-25 11:00:00,92.9080352481347
2011-09-25 12:00:00,99.72579408533835
2011-09-25 13:00:00,125.49041000505737
2011-09-25 14:00:00,122.75945542838373
2011-09-25 15:00:00,136.18203296852502
2011-09-25 16:00:00,190.15616480959437
2011-09-25 17:00:00,192.10553738814508
2011-09-25 18:00:00,213.0491819771675
2011-09-25 19:00:00,187.1621376546301
2011-09-25 20:00:00,205.299356120865
2011-09-25 21:00:00,180.51975243860107
2011-09-25 22:00:00,226.48188386882262
2011-09-25 23:00:00,220.35240058514307
2011-09-26 00:00:00,16.346456081496903
2011-09-26 01:00:00,21.302101018128504
2011-09-26 02:00:00,23.72091967879335
2011-09-26 03:00:00,22.624754033141524
2011-09-26 04:00:00,25.767870902217407
2011-09-26 05:00:00,31.81776993185299
2011-09-26 06:00:00,31.8890643744045
2011-09-26 07:00:00,34.665036694957955
2011-09-26 08:00:00,38.53315908490398
2011-09-26 09:00:00,51.855785944871855
2011-09-26 10:00:00,57.58836518767464
2011-09-26 11:00:00,86.52607607717869
2011-09-26 12:00:00,93.54668544271095
2011-09-26 13:00:00,119.54471540420137
2011-09-26 14:00:00,138.05384698904123
2011-09-26 15:00:00,183.18757809469514
2011-09-26 16:00:00,183.3085722179148
2011-09-26 17:00:00,187.00097531168572
2011-09-26 18:00:00,153.26763510340794
2011-09-26 19:00:00,171.97933794627514
2011-09-26 20:00:00,162.4983328723927
2011-09-26 21:00:00,180.23086929205164
2011-09-26 22:00:00,173.649760997831
2011-09-26 23:00:00,192.59174770297682
2011-09-27 00:00:00,17.687914159424768
2011-09-27 01:00:00,19.86695676342029
2011-09-27 02:00:00,21.79448125591506
2011-09-27 03:00:00,23.354247672160163
2011-09-27 04:00:00,26.287233307753418
2011-09-27 05:00:00,29.24672439198168
2011-09-27 06:00:00,33.0285422842848
2011-09-27 07:00:00,36.719175422640035
2011-09-27 08:00:00,47.09102767921334
2011-09-27 09:00:00,52.881317943099894
2011-09-27 10:00:00,52.232612629919274
2011-09-27 11:00:00,66.6383725027372
2011-09-27 12:00:00,74.52327269020984
2011-09-27 13:00:00,125.09673643502
2011-09-27 14:00:00,117.0166201666065
2011-09-27 15:00:00,121.66982476652073
2011-09-27 16:00:00,129.82774693142375
2011-09-27 17:00:00,127.23993038289561
2011-09-27 18:00:00,137.6592997292182
2011-09-27 19:00:00,149.36271499373473
2011-09-27 20:00:00,197.8339267767234
2011-09-27 21:00:00,190.61359168814616
2011-09-27 22:00:00,193.96368807946408
2011-09-27 23:00:00,215.10886209223167
2011-09-28 00:00:00,19.40886617845413
2011-09-28 01:00:00,21.62235029438246
2011-09-28 02:00:00,25.682957399755733
2011-09-28 03:00:00,23.06864511615404
2011-09-28 04:00:00,29.810181563624177
2011-09-28 05:00:00,27.93088004885317
2011-09-28 06:00:00,32.01255075652957
2011-09-28 07:00:00,35.592992515856686
2011-09-28 08:00:00,42.88571776553086
2011-09-28 09:00:00,47.645430448279924
2011-09-28 10:00:00,50.61953111696283
2011-09-28 11:00:00,77.84896652600477
2011-09-28 12:00:00,95.51633310902508
2011-09-28 13:00:00,131.41641448486203
2011-09-28 14:00:00,180.82468070896914
2011-09-28 15:00:00,161.6062588529126
2011-09-28 16:00:00,181.89606034986676
2011-09-28 17:00:00,203.22205233620642
2011-09-28 18:00:00,165.27672994502
2011-09-28 19:00:00,183.31060293745315
2011-09-28 20:00:00,186.47036865444375
2011-09-28 21:00:00,183.5731485286476
2011-09-28 22:00:00,199.9838468542224
2011-09-28 23:00:00,191.9494299484404
2011-09-29 00:00:00,17.900171183117855
2011-09-29 01:00:00,17.32008150278996
2011-09-29 02:00:00,19.30702232813323
2011-09-29 03:00:00,24.454262865734353
2011-09-29 04:00:00,31.935865453521494
2011-09-29 05:00:00,34.71666247961993
2011-09-29 06:00:00,38.44621260033218
2011-09-29 07:00:00,43.70325166067451
2011-09-29 08:00:00,52.39445687927896
2011-09-29 09:00:00,71.43949867314285
2011-09-29 10:00:00,98.5438693007395
2011-09-29 11:00:00,116.19118673652737
2011-09-29 12:00:00,132.228097602906
2011-09-29 13:00:00,147.69802443098584
2011-09-29 14:00:00,202.34242496808034
2011-09-29 15:00:00,251.33897575978133
2011-09-29 16:00:00,294.0282542347824
2011-09-29 17:00:00,283.8790372694779
2011-09-29 18:00:00,338.4518739069196
2011-09-29 19:00:00,316.52152382469154
2011-09-29 20:00:00,335.1699062842687
2011-09-29 21:00:00,295.935907304339
2011-09-29 22:00:00,264.64279785208265
2011-09-29 23:00:00,246.07443487073786
2011-09-30 00:00:00,20.77669641240987
2011-09-30 01:00:00,25.341241620903943
2011-09-30 02:00:00,25.7565236243829
2011-09-30 03:00:00,28.65845553584584
2011-09-30 04:00:00,32.603493598189694
2011-09-30 05:00:00,36.24802723709497
2011-09-30 06:00:00,40.591210621393756
2011-09-30 07:00:00,45.10206797464913
2011-09-30 08:00:00,55.55685828156606
2011-09-30 09:00:00,68.80150639173692
2011-09-30 10:00:00,98.27072664500926
2011-09-30 11:00:00,128.21512209664348
2011-09-30 12:00:00,144.3021023663147
2011-09-30 13:00:00,192.78057006913428
2011-09-30 14:00:00,212.14313702674252
2011-09-30 15:00:00,226.4639834254718
2011-09-30 16:00:00,236.3285880447507
2011-09-30 17:00:00,260.149656927001
2011-09-30 18:00:00,271.8336071304514
2011-09-30 19:00:00,265.006770252431
2011-09-30 20:00:00,293.8570628426562
2011-09-30 21:00:00,294.7902673513692
2011-09-30 22:00:00,337.83967593111333
2011-09-30 23:00:00,374.58920596192036
2011-10-20 00:00:00,19.950903861614286
2011-10-20 01:00:00,24.80950413555592
2011-10-20 02:00:00,28.24328751874913
2011-10-20 03:00:00,31.339914775809866
2011-10-20 04:00:00,34.8474044639094
2011-10-20 05:00:00,36.50523681963162
2011-10-20 06:00:00,38.54781907931092
2011-10-20 07:00:00,45.11919853988311
2011-10-20 08:00:00,61.5816242461559
2011-10-20 09:00:00,69.3904794665448
2011-10-20 10:00:00,87.02462109906737
2011-10-20 11:00:00,108.0584797627957
2011-10-20 12:00:00,133.42283660987604
2011-10-20 13:00:00,162.40585252840606
2011-10-20 14:00:00,163.51966063889515
2011-10-20 15:00:00,168.85576408908955
2011-10-20 16:00:00,187.27780833802427
2011-10-20 17:00:00,214.24081769747613
2011-10-20 18:00:00,214.9220416763258
2011-10-20 19:00:00,244.59856135503085
2011-10-20 20:00:00,266.24778145226026
2011-10-20 21:00:00,286.96698792362474
2011-10-20 22:00:00,320.5444289305111
2011-10-20 23:00:00,303.68976685271514
2011-10-21 00:00:00,25.80522348837887
2011-10-21 01:00:00,28.496430981921584
2011-10-21 02:00:00,28.35866399094946
2011-10-21 03:00:00,26.208111152315062
2011-10-21 04:00:00,29.380623229872956
2011-10-21 05:00:00,29.443570388255807
2011-10-21 06:00:00,36.327969669005284
2011-10-21 07:00:00,40.37644875744312
2011-10-21 08:00:00,59.203528229468596
2011-10-21 09:00:00,70.35809036076806
2011-10-21 10:00:00,94.5728396581415
2011-10-21 11:00:00,124.58791571356169
2011-10-21 12:00:00,140.77489985394345
2011-10-21 13:00:00,145.47724943948288
2011-10-21 14:00:00,187.3023978884342
2011-10-21 15:00:00,191.38512077956636
2011-10-21 16:00:00,210.6951383875238
2011-10-21 17:00:00,197.61942103693264
2011-10-21 18:00:00,202.71035136774253
2011-10-21 19:00:00,232.35842000258967
2011-10-21 20:00:00,247.47458877830596
2011-10-21 21:00:00,249.0981886821993
2011-10-21 22:00:00,293.55694074841665
2011-10-21 23:00:00,283.17381526829286
2011-10-22 00:00:00,26.092774592649025
2011-10-22 01:00:00,29.03117527071147
2011-10-22 02:00:00,32.778427001741996
2011-10-22 03:00:00,35.3631728705459
2011-10-22 04:00:00,35.326505827215406
2011-10-22 05:00:00,38.3926123461076
2011-10-22 06:00:00,38.19550225071041
2011-10-22 07:00:00,39.01812207921033
2011-10-22 08:00:00,50.3700974749951
2011-10-22 09:00:00,62.86594597455927
2011-10-22 10:00:00,77.28879277721855
2011-10-22 11:00:00,85.77975928914184
2011-10-22 12:00:00,110.29661558800656
2011-10-22 13:00:00,148.81636441715133
2011-10-22 14:00:00,159.5082945903637
2011-10-22 15:00:00,170.91872075574753
2011-10-22 16:00:00,212.96608273677327
2011-10-22 17:00:00,187.2909268886655
2011-10-22 18:00:00,201.9585905152487
2011-10-22 19:00:00,179.71492389389746
2011-10-22 20:00:00,192.93176702937606
2011-10-22 21:00:00,180.60614383388776
2011-10-22 22:00:00,200.30259885575876
2011-10-22 23:00:00,196.23978169294477
2011-10-23 00:00:00,16.091143077546846
2011-10-23 01:00:00,17.944796945155964
2011-10-23 02:00:00,19.13160043483819
2011-10-23 03:00:00,21.535320294851985
2011-10-23 04:00:00,23.97943321537634
2011-10-23 05:00:00,25.811978855714294
2011-10-23 06:00:00,28.530729518070103
2011-10-23 07:00:00,32.687790421340075
2011-10-23 08:00:00,36.767902142935505
2011-10-23 09:00:00,53.41414640244223
2011-10-23 10:00:00,67.68402657250174
2011-10-23 11:00:00,80.46268920786724
2011-10-23 12:00:00,118.90455567555962
2011-10-23 13:00:00,142.7507303652931
2011-10-23 14:00:00,159.51231023712333
2011-10-23 15:00:00,182.49906030307224
2011-10-23 16:00:00,194.77922032080198
2011-10-23 17:00:00,182.3975558558992
2011-10-23 18:00:00,200.81041769347325
2011-10-23 19:00:00,164.31959216501082
2011-10-23 20:00:00,194.66950156855725
2011-10-23 21:00:00,215.89122598511773
2011-10-23 22:00:00,215.54915128769343
2011-10-23 23:00:00,242.56987807245454
2011-10-24 00:00:00,17.810565653737207
2011-10-24 01:00:00,18.342125922274178
2011-10-24 02:00:00,18.730105496824876
2011-10-24 03:00:00,22.50653874067374
2011-10-24 04:00:00,24.490587303235316
2011-10-24 05:00:00,24.35770472786835
2011-10-24 06:00:00,28.78549260460085
2011-10-24 07:00:00,27.425178689579745
2011-10-24 08:00:00,36.35223268638924
2011-10-24 09:00:00,45.839162889689845
2011-10-24 10:00:00,53.80467180165804
2011-10-24 11:00:00,72.77437019681535
2011-10-24 12:00:00,87.44634416332002
2011-10-24 13:00:00,109.78960295360362
2011-10-24 14:00:00,120.90974142970377
2011-10-24 15:00:00,147.85472389942143
2011-10-24 16:00:00,150.47391403410546
2011-10-24 17:00:00,149.76643503910302
2011-10-24 18:00:00,191.758682003716
2011-10-24 19:00:00,131.8960130939286
2011-10-24 20:00:00,153.54906592203864
2011-10-24 21:00:00,152.74340076980133
2011-10-24 22:00:00,213.26295667583548
2011-10-24 23:00:00,218.02790183876016
2011-10-25 00:00:00,19.699225076982145
2011-10-25 01:00:00,21.944200643939183
2011-10-25 02:00:00,21.82459239658758
2011-10-25 03:00:00,20.97574377910661
2011-10-25 04:00:00,23.37134051216259
2011-10-25 05:00:00,26.01458265191965
2011-10-25 06:00:00,31.068093185976316
2011-10-25 07:00:00,40.103873496701276
2011-10-25 08:00:00,48.24348531817237
2011-10-25 09:00:00,78.58974753592251
2011-10-25 10:00:00,96.51180714765721
2011-10-25 11:00:00,116.69941444232222
2011-10-25 12:00:00,156.3093056169824
2011-10-25 13:00:00,185.9800152975443
2011-10-25 14:00:00,190.6318097263472
2011-10-25 15:00:00,213.326585437914
2011-10-25 16:00:00,241.8353706072173
2011-10-25 17:00:00,262.33812245896377
2011-10-25 18:00:00,252.67126633469348
2011-10-25 19:00:00,183.43635359140353
2011-10-25 20:00:00,192.63524430669793
2011-10-25 21:00:00,193.07726642194135
2011-10-25 22:00:00,242.18632658670325
2011-10-25 23:00:00,237.4582521439984
2011-10-26 00:00:00,22.357942994462338
2011-10-26 01:00:00,27.34174091476467
2011-10-26 02:00:00,29.73465295047385
2011-10-26 03:00:00,33.56968372876397
2011-10-26 04:00:00,34.170559686884395
2011-10-26 05:00:00,37.70163540511474
2011-10-26 06:00:00,41.89909813923317
2011-10-26 07:00:00,45.86177766680813
2011-10-26 08:00:00,55.78693677497926
2011-10-26 09:00:00,70.86593222656548
2011-10-26 10:00:00,85.90247572046161
2011-10-26 11:00:00,102.82714893824152
2011-10-26 12:00:00,131.3745100341097
2011-10-26 13:00:00,123.07035760871341
2011-10-26 14:00:00,97.20998022659407
2011-10-26 15:00:00,107.86153868929291
2011-10-26 16:00:00,122.34484455431377
2011-10-26 17:00:00,136.22215975900062
2011-10-26 18:00:00,155.08209685864543
2011-10-26 19:00:00,148.14985985102214
2011-10-26 20:00:00,149.9495735817467
2011-10-26 21:00:00,200.92381268752575
2011-10-26 22:00:00,180.53608473909776
2011-10-26 23:00:00,200.22494136267437
2011-10-27 00:00:00,15.986978812300158
2011-10-27 01:00:00,17.82933533763877
2011-10-27 02:00:00,19.40940480193982
2011-10-27 03:00:00,21.62294733534807
2011-10-27 04:00:00,27.36885077746275
2011-10-27 05:00:00,31.143138260411373
2011-10-27 06:00:00,38.42410050660647
2011-10-27 07:00:00,34.303194087721124
2011-10-27 08:00:00,43.91033241886094
2011-10-27 09:00:00,55.52497978555893
2011-10-27 10:00:00,55.984470361558216
2011-10-27 11:00:00,61.248245216657985
2011-10-27 12:00:00,67.9995022843723
2011-10-27 13:00:00,76.91229394394789
2011-10-27 14:00:00,91.43857508509406
2011-10-27 15:00:00,104.11971612114156
2011-10-27 16:00:00,145.77003967071894
2011-10-27 17:00:00,160.28058407769987
2011-10-27 18:00:00,185.74681882329668
2011-10-27 19:00:00,193.05980526406668
2011-10-27 20:00:00,211.13927556649304
2011-10-27 21:00:00,246.4409914172087
2011-10-27 22:00:00,210.48272773729445
2011-10-27 23:00:00,239.3931144191703
2011-10-28 00:00:00,20.33518764347759
2011-10-28 01:00:00,21.89556695401757
2011-10-28 02:00:00,24.56522903667547
2011-10-28 03:00:00,24.825938161584435
2011-10-28 04:00:00,29.88159964302594
2011-10-28 05:00:00,34.704036205212155
2011-10-28 06:00:00,35.46650382736043
2011-10-28 07:00:00,39.42155092696447
2011-10-28 08:00:00,48.53532734558126
2011-10-28 09:00:00,58.3742395472009
2011-10-28 10:00:00,66.97994591128193
2011-10-28 11:00:00,88.34137190241617
2011-10-28 12:00:00,122.61284519018707
2011-10-28 13:00:00,133.88410070722168
2011-10-28 14:00:00,125.91350338388605
2011-10-28 15:00:00,143.69189282058548
2011-10-28 16:00:00,153.80205277736684
2011-10-28 17:00:00,159.31577183521796
2011-10-28 18:00:00,170.04864331369808
2011-10-28 19:00:00,195.97628397049877
2011-10-28 20:00:00,174.18862301562086
2011-10-28 21:00:00,165.89122796725235
2011-10-28 22:00:00,164.6020954968419
2011-10-28 23:00:00,163.11681635376007
2011-10-29 00:00:00,12.833757189876007
2011-10-29 01:00:00,14.8354915996702
2011-10-29 02:00:00,16.55296129236635
2011-10-29 03:00:00,20.94196610061364
2011-10-29 04:00:00,23.321725613526723
2011-10-29 05:00:00,19.11474961309741
2011-10-29 06:00:00,23.419866184091152
2011-10-29 07:00:00,26.068371271975234
2011-10-29 08:00:00,30.99183533269937
2011-10-29 09:00:00,34.461573373467324
2011-10-29 10:00:00,32.41489095781661
2011-10-29 11:00:00,36.58435841472271
2011-10-29 12:00:00,42.90146998701421
2011-10-29 13:00:00,48.02045612230665
2011-10-29 14:00:00,52.35357701470398
2011-10-29 15:00:00,52.13109888159062
2011-10-29 16:00:00,57.10542090798764
2011-10-29 17:00:00,63.40735973714913
2011-10-29 18:00:00,70.39278785846086
2011-10-29 19:00:00,91.20359390773899
2011-10-29 20:00:00,101.20371781279688
2011-10-29 21:00:00,112.28842501746644
2011-10-29 22:00:00,120.46333595777028
2011-10-29 23:00:00,136.997188525132
2011-10-30 00:00:00,11.996847994108464
2011-10-30 01:00:00,13.511947269762267
2011-10-30 02:00:00,15.204065025547264
2011-10-30 03:00:00,20.951962978019957
2011-10-30 04:00:00,20.683331328917063
2011-10-30 05:00:00,25.580479032938722
2011-10-30 06:00:00,29.08870065490044
2011-10-30 07:00:00,34.6044839854084
2011-10-30 08:00:00,41.21388659900582
2011-10-30 09:00:00,53.23807833313218
2011-10-30 10:00:00,66.54073222806444
2011-10-30 11:00:00,89.25835975921092
2011-10-30 12:00:00,113.40215516216196
2011-10-30 13:00:00,145.72062637667577
2011-10-30 14:00:00,178.85725873698763
2011-10-30 15:00:00,206.1251851566923
2011-10-30 16:00:00,237.52132643953848
2011-10-30 17:00:00,241.85653532994831
2011-10-30 18:00:00,220.10381595035815
2011-10-30 19:00:00,326.62192201303225
2011-10-30 20:00:00,208.6160730056293
2011-10-30 21:00:00,195.29361031080776
2011-10-30 22:00:00,182.7792150439398
2011-10-30 23:00:00,158.20590177053174
2011-10-31 00:00:00,11.79964073156816
2011-10-31 01:00:00,14.539120291399465
2011-10-31 02:00:00,14.22870286134702
2011-10-31 03:00:00,15.248525030441431
2011-10-31 04:00:00,17.711155271748936
2011-10-31 05:00:00,17.333514827928283
2011-10-31 06:00:00,21.989964069239843
2011-10-31 07:00:00,22.267372000065944
2011-10-31 08:00:00,28.795501582273587
2011-10-31 09:00:00,39.6556666054944
2011-10-31 10:00:00,63.11959590290418
2011-10-31 11:00:00,89.1992802668639
2011-10-31 12:00:00,114.59311474832649
2011-10-31 13:00:00,129.87387848166003
2011-10-31 14:00:00,137.61713420972725
2011-10-31 15:00:00,152.1261137837941
2011-10-31 16:00:00,146.7778775408624
2011-10-31 17:00:00,161.61059124457287
2011-10-31 18:00:00,142.92038046692247
2011-10-31 19:00:00,158.52955117422064
2011-10-31 20:00:00,175.83164549233138
2011-10-31 21:00:00,149.29775667167647
2011-10-31 22:00:00,165.59859838152283
2011-10-31 23:00:00,183.6673802544866
2011-11-20 00:00:00,26.034937047045055
2011-11-20 01:00:00,32.617471188769535
2011-11-20 02:00:00,36.537325557418676
2011-11-20 03:00:00,37.72403062303587
2011-11-20 04:00:00,38.79005716954281
2011-11-20 05:00:00,47.39559503936298
2011-11-20 06:00:00,52.2531421748677
2011-11-20 07:00:00,58.25936911530916
2011-11-20 08:00:00,61.032959241375096
2011-11-20 09:00:00,67.70455615883412
2011-11-20 10:00:00,73.2154607034195
2011-11-20 11:00:00,102.86924178834731
2011-11-20 12:00:00,114.97773248298128
2011-11-20 13:00:00,144.6546745602616
2011-11-20 14:00:00,152.26198854000225
2011-11-20 15:00:00,152.46822454824255
2011-11-20 16:00:00,179.8480800750894
2011-11-20 17:00:00,202.41407274790535
2011-11-20 18:00:00,228.39227174160067
2011-11-20 19:00:00,205.52518251578462
2011-11-20 20:00:00,250.2439648601312
2011-11-20 21:00:00,225.9493313578223
2011-11-20 22:00:00,202.83908194385668
2011-11-20 23:00:00,224.94685442582198
2011-11-21 00:00:00,15.408510956675563
2011-11-21 01:00:00,17.860596146199345
2011-11-21 02:00:00,17.483827212359937
2011-11-21 03:00:00,19.191217037852887
2011-11-21 04:00:00,21.381095583959073
2011-11-21 05:00:00,23.27621836047212
2011-11-21 06:00:00,25.051694137898053
2011-11-21 07:00:00,34.120559480141296
2011-11-21 08:00:00,36.39555047722426
2011-11-21 09:00:00,42.925304128974076
2011-11-21 10:00:00,58.81259386468817
2011-11-21 11:00:00,67.0179555097775
2011-11-21 12:00:00,79.52989267319074
2011-11-21 13:00:00,88.26392212542441
2011-11-21 14:00:00,89.12508029133436
2011-11-21 15:00:00,76.77251233788718
2011-11-21 16:00:00,85.20748462936568
2011-11-21 17:00:00,93.21771345422263
2011-11-21 18:00:00,110.49338908264116
2011-11-21 19:00:00,108.26614000689868
2011-11-21 20:00:00,134.66838593843644
2011-11-21 21:00:00,147.20035884269745
2011-11-21 22:00:00,162.07547770406464
2011-11-21 23:00:00,181.09035601272103
2011-11-22 00:00:00,14.081828790336743
2011-11-22 01:00:00,16.394244399278925
2011-11-22 02:00:00,15.919280563433915
2011-11-22 03:00:00,17.754294740734608
2011-11-22 04:00:00,22.1034923775899
2011-11-22 05:00:00,24.609227529807953
2011-11-22 06:00:00,27.289731359698415
2011-11-22 07:00:00,30.928786759305453
2011-11-22 08:00:00,34.39168674182367
2011-11-22 09:00:00,37.35971993996082
2011-11-22 10:00:00,41.52009955321937
2011-11-22 11:00:00,47.70729562165707
2011-11-22 12:00:00,47.7584450435327
2011-11-22 13:00:00,54.81375589451041
2011-11-22 14:00:00,60.867147643103756
2011-11-22 15:00:00,74.89706178603956
2011-11-22 16:00:00,83.12862836303961
2011-11-22 17:00:00,86.03231542128474
2011-11-22 18:00:00,93.37820084546337
2011-11-22 19:00:00,120.39058147194677
2011-11-22 20:00:00,126.92407225688261
2011-11-22 21:00:00,141.83673948996451
2011-11-22 22:00:00,181.2874607252137
2011-11-22 23:00:00,197.54151492673557
2011-11-23 00:00:00,18.165728043974536
2011-11-23 01:00:00,20.47870091128098
2011-11-23 02:00:00,23.670952226923305
2011-11-23 03:00:00,26.34668935027083
2011-11-23 04:00:00,33.29235536535482
2011-11-23 05:00:00,29.599010912529668
2011-11-23 06:00:00,27.5966213958955
2011-11-23 07:00:00,32.460607047077154
2011-11-23 08:00:00,41.11247611564097
2011-11-23 09:00:00,49.89594046153008
2011-11-23 10:00:00,55.41596076994704
2011-11-23 11:00:00,88.2760143334176
2011-11-23 12:00:00,124.39703673816092
2011-11-23 13:00:00,132.2372080758346
2011-11-23 14:00:00,142.540151276903
2011-11-23 15:00:00,155.7639122313896
2011-11-23 16:00:00,148.58810015073547
2011-11-23 17:00:00,134.98558590033625
2011-11-23 18:00:00,197.163130043065
2011-11-23 19:00:00,207.09355863954568
2011-11-23 20:00:00,190.02909595341197
2011-11-23 21:00:00,224.3624610590919
2011-11-23 22:00:00,225.78391025249365
2011-11-23 23:00:00,244.9254051408924
2011-11-24 00:00:00,23.974320238626607
2011-11-24 01:00:00,27.122076909333487
2011-11-24 02:00:00,27.377046244668772
2011-11-24 03:00:00,27.529354604384878
2011-11-24 04:00:00,34.43689296131642
2011-11-24 05:00:00,38.423836520050976
2011-11-24 06:00:00,42.54049143807961
2011-11-24 07:00:00,34.570087764091895
2011-11-24 08:00:00,49.349034520184276
2011-11-24 09:00:00,60.88118744445684
2011-11-24 10:00:00,76.70975490963538
2011-11-24 11:00:00,129.1080367170154
2011-11-24 12:00:00,161.9489700737928
2011-11-24 13:00:00,194.24920589155045
2011-11-24 14:00:00,233.62985049039426
2011-11-24 15:00:00,256.2398599549338
2011-11-24 16:00:00,273.46163623082873
2011-11-24 17:00:00,285.26493905502423
2011-11-24 18:00:00,220.74701436933992
2011-11-24 19:00:00,223.82707152584294
2011-11-24 20:00:00,158.34191883551583
2011-11-24 21:00:00,189.5345437227905
2011-11-24 22:00:00,210.19934608752402
2011-11-24 23:00:00,212.77654292250367
2011-11-25 00:00:00,18.813493524835526
2011-11-25 01:00:00,21.48534049107087
2011-11-25 02:00:00,19.189085152646594
2011-11-25 03:00:00,23.510111599190687
2011-11-25 04:00:00,27.96825399610289
2011-11-25 05:00:00,30.286054141867798
2011-11-25 06:00:00,28.507207444340654
2011-11-25 07:00:00,32.97932668302642
2011-11-25 08:00:00,35.52032273973844
2011-11-25 09:00:00,48.622389229115875
2011-11-25 10:00:00,60.82131695872838
2011-11-25 11:00:00,81.82282857544125
2011-11-25 12:00:00,125.95576775180508
2011-11-25 13:00:00,168.28327286474254
2011-11-25 14:00:00,211.27879090346224
2011-11-25 15:00:00,243.45611837580665
2011-11-25 16:00:00,247.8468443385342
2011-11-25 17:00:00,292.242944354398
2011-11-25 18:00:00,259.90107787748724
2011-11-25 19:00:00,186.1441754052331
2011-11-25 20:00:00,234.35043084830886
2011-11-25 21:00:00,195.45591646197965
2011-11-25 22:00:00,207.76296667216485
2011-11-25 23:00:00,214.29397272437632
2011-11-26 00:00:00,19.67667674229603
2011-11-26 01:00:00,21.10809234354471
2011-11-26 02:00:00,21.077867625869793
2011-11-26 03:00:00,23.62397460027036
2011-11-26 04:00:00,26.29461667181583
2011-11-26 05:00:00,31.932406219695665
2011-11-26 06:00:00,34.96633271086398
2011-11-26 07:00:00,29.628057230851876
2011-11-26 08:00:00,44.45515931228239
2011-11-26 09:00:00,51.04343322967805
2011-11-26 10:00:00,54.781532867226275
2011-11-26 11:00:00,89.2551987585302
2011-11-26 12:00:00,121.89949163856015
2011-11-26 13:00:00,160.58467491279737
2011-11-26 14:00:00,171.26549486076445
2011-11-26 15:00:00,213.40291933835914
2011-11-26 16:00:00,207.0448854980214
2011-11-26 17:00:00,229.60880675770204
2011-11-26 18:00:00,191.29287740769172
2011-11-26 19:00:00,175.81215970045312
2011-11-26 20:00:00,240.14619697935262
2011-11-26 21:00:00,173.1500405902147
2011-11-26 22:00:00,210.42299899162094
2011-11-26 23:00:00,211.73327602575682
2011-11-27 00:00:00,19.535695598565162
2011-11-27 01:00:00,21.762935251150623
2011-11-27 02:00:00,23.427734914811225
2011-11-27 03:00:00,23.72249167811357
2011-11-27 04:00:00,26.23509532921247
2011-11-27 05:00:00,29.870458484128964
2011-11-27 06:00:00,39.33391854570239
2011-11-27 07:00:00,41.0545192833904
2011-11-27 08:00:00,51.899664235152876
2011-11-27 09:00:00,73.89383213261206
2011-11-27 10:00:00,82.01659144501087
2011-11-27 11:00:00,113.5823081111877
2011-11-27 12:00:00,146.9538770344646
2011-11-27 13:00:00,150.00023981505
2011-11-27 14:00:00,288.574605891128
2011-11-27 15:00:00,306.2094531460623
2011-11-27 16:00:00,242.2958577657135
2011-11-27 17:00:00,241.21045525367126
2011-11-27 18:00:00,223.65719568140184
2011-11-27 19:00:00,229.28995780855513
2011-11-27 20:00:00,281.14676700327476
2011-11-27 21:00:00,286.1183422897234
2011-11-27 22:00:00,291.87041688175856
2011-11-27 23:00:00,323.6342596217076
2011-11-28 00:00:00,22.595199930780694
2011-11-28 01:00:00,25.249855080253635
2011-11-28 03:00:00,24.955222198562033
2011-11-28 04:00:00,29.491058468118386
2011-11-28 05:00:00,27.734414632303032
2011-11-28 06:00:00,35.269893559550624
2011-11-28 07:00:00,34.91101111800805
2011-11-28 08:00:00,34.939739643402774
2011-11-28 09:00:00,46.607576386979765
2011-11-28 10:00:00,64.06363695687608
2011-11-28 11:00:00,86.53657413617795
2011-11-28 12:00:00,117.16431541916052
2011-11-28 13:00:00,137.55912341392343
2011-11-28 14:00:00,181.1998809093049
2011-11-28 15:00:00,167.6766764738662
2011-11-28 16:00:00,181.33866797440305
2011-11-28 17:00:00,220.82035784281513
2011-11-28 18:00:00,211.40074663464443
2011-11-28 19:00:00,197.90129984693766
2011-11-28 20:00:00,218.61577167948155
2011-11-28 21:00:00,226.44358603720025
2011-11-28 22:00:00,215.43242716044188
2011-11-28 23:00:00,240.66289948476435
2011-11-29 00:00:00,21.827840015297152
2011-11-29 01:00:00,24.864932758614675
2011-11-29 02:00:00,23.891554310248228
2011-11-29 03:00:00,26.591217270685902
2011-11-29 04:00:00,35.931685810649576
2011-11-29 05:00:00,35.74744379626297
2011-11-29 06:00:00,44.38733941861652
2011-11-29 07:00:00,53.301912600671216
2011-11-29 08:00:00,62.08790832696922
2011-11-29 09:00:00,76.54160812678528
2011-11-29 10:00:00,84.95153724344428
2011-11-29 11:00:00,65.89614815159162
2011-11-29 12:00:00,72.4942435754784
2011-11-29 13:00:00,84.03860095844826
2011-11-29 14:00:00,68.00654147571696
2011-11-29 15:00:00,86.90132281261289
2011-11-29 16:00:00,93.97343885637932
2011-11-29 17:00:00,107.4214990191145
2011-11-29 18:00:00,128.64599018462098
2011-11-29 19:00:00,143.76293334045698
2011-11-29 20:00:00,140.39830010892433
2011-11-29 21:00:00,155.73393358183088
2011-11-29 22:00:00,190.61623685016923
2011-11-29 23:00:00,208.24281395499952
2011-11-30 00:00:00,24.158392695019
2011-11-30 01:00:00,23.08167140232609
2011-11-30 02:00:00,23.90649477233535
2011-11-30 03:00:00,26.607778130262304
2011-11-30 04:00:00,25.997001211514313
2011-11-30 05:00:00,25.259183419366696
2011-11-30 06:00:00,24.989320368196935
2011-11-30 07:00:00,30.551758675311834
2011-11-30 08:00:00,34.76331364049735
2011-11-30 09:00:00,44.84141328346247
2011-11-30 10:00:00,60.225137276600854
2011-11-30 11:00:00,96.29970441197992
2011-11-30 12:00:00,93.93603501791486
2011-11-30 13:00:00,140.73279500338853
2011-11-30 14:00:00,156.1047067844226
2011-11-30 15:00:00,145.99683618450337
2011-11-30 16:00:00,160.1621261100709
2011-11-30 17:00:00,159.05558810776157
2011-11-30 18:00:00,178.41197790609502
2011-11-30 19:00:00,171.22122276824547
2011-11-30 20:00:00,189.89981753632293
2011-11-30 21:00:00,224.9663604388445
2011-11-30 22:00:00,225.6815301022523
2011-11-30 23:00:00,256.5834107091349
2011-12-20 00:00:00,26.223363763304995
2011-12-20 01:00:00,31.26814782981849
2011-12-20 02:00:00,29.331052936517498
2011-12-20 03:00:00,32.620667523983535
2011-12-20 04:00:00,42.18125771314508
2011-12-20 05:00:00,44.33648029031937
2011-12-20 06:00:00,49.253538304089
2011-12-20 07:00:00,50.63695849630922
2011-12-20 08:00:00,71.7605458716566
2011-12-20 09:00:00,58.71156778386536
2011-12-20 10:00:00,85.31677936506506
2011-12-20 11:00:00,85.56310766050287
2011-12-20 12:00:00,113.70661091101145
2011-12-20 13:00:00,126.14734421894708
2011-12-20 14:00:00,130.67928561373657
2011-12-20 15:00:00,150.16946769113287
2011-12-20 16:00:00,168.45121078320204
2011-12-20 17:00:00,161.37069757384512
2011-12-20 18:00:00,164.19295794630077
2011-12-20 19:00:00,173.61487100401422
2011-12-20 20:00:00,186.4249983531064
2011-12-20 21:00:00,204.6782742432338
2011-12-20 22:00:00,226.72119693324154
2011-12-20 23:00:00,275.9712740472248
2011-12-21 00:00:00,23.341760181927803
2011-12-21 01:00:00,29.80952764346364
2011-12-21 02:00:00,30.860499889504517
2011-12-21 03:00:00,34.31599368392825
2011-12-21 04:00:00,38.14625992087026
2011-12-21 05:00:00,37.90981164214311
2011-12-21 06:00:00,36.737096974072074
2011-12-21 07:00:00,40.56366113577616
2011-12-21 08:00:00,40.863412405753394
2011-12-21 09:00:00,56.912201751567984
2011-12-21 10:00:00,81.62583047056278
2011-12-21 11:00:00,90.58717901941347
2011-12-21 12:00:00,87.0945941540635
2011-12-21 13:00:00,83.46135701052651
2011-12-21 14:00:00,111.23625454413636
2011-12-21 15:00:00,124.32319288716977
2011-12-21 16:00:00,104.79964883982773
2011-12-21 17:00:00,116.27435988599974
2011-12-21 18:00:00,129.49811033404356
2011-12-21 19:00:00,174.80099767131134
2011-12-21 20:00:00,195.29488698597208
2011-12-21 21:00:00,235.62832662387345
2011-12-21 22:00:00,259.37910909149616
2011-12-21 23:00:00,283.4308726427406
2011-12-22 00:00:00,28.09254569074779
2011-12-22 01:00:00,23.58947652158554
2011-12-22 02:00:00,34.003269024096085
2011-12-22 03:00:00,45.33548812307049
2011-12-22 04:00:00,35.86194621006024
2011-12-22 05:00:00,38.538137431249226
2011-12-22 06:00:00,38.34029916724674
2011-12-22 07:00:00,37.5463082125618
2011-12-22 08:00:00,46.79842653219238
2011-12-22 09:00:00,54.92843803190801
2011-12-22 10:00:00,68.07808374865564
2011-12-22 11:00:00,85.19711705679948
2011-12-22 12:00:00,141.27131085833153
2011-12-22 13:00:00,134.23606633761992
2011-12-22 14:00:00,148.90336250789767
2011-12-22 15:00:00,181.36185381154166
2011-12-22 16:00:00,183.18279725986622
2011-12-22 17:00:00,192.6938463620201
2011-12-22 18:00:00,226.41905656881468
2011-12-22 19:00:00,245.61416041895023
2011-12-22 20:00:00,227.32133318439483
2011-12-22 21:00:00,252.08437684944565
2011-12-22 22:00:00,180.27267350422235
2011-12-22 23:00:00,235.24955132349086
2011-12-23 00:00:00,22.9152061885111
2011-12-23 01:00:00,25.508977374257093
2011-12-23 02:00:00,24.2118602228746
2011-12-23 03:00:00,26.94626259723033
2011-12-23 04:00:00,31.130576428537648
2011-12-23 05:00:00,31.867424426755314
2011-12-23 06:00:00,47.075063805161605
2011-12-23 07:00:00,51.90173395104143
2011-12-23 08:00:00,65.82381600251291
2011-12-23 09:00:00,86.1492462162025
2011-12-23 10:00:00,103.15271543097616
2011-12-23 11:00:00,124.38829587427004
2011-12-23 12:00:00,149.40018334558664
2011-12-23 13:00:00,173.56566695407116
2011-12-23 14:00:00,179.1249873506203
2011-12-23 15:00:00,189.49371473676146
2011-12-23 16:00:00,220.10120894714416
2011-12-23 17:00:00,207.91515518402815
2011-12-23 18:00:00,235.44322283569508
2011-12-23 19:00:00,245.69723700117896
2011-12-23 20:00:00,233.76683138851658
2011-12-23 21:00:00,252.65503718200398
2011-12-23 22:00:00,266.1429319677797
2011-12-23 23:00:00,300.2371720552165
2011-12-24 00:00:00,25.27489416349601
2011-12-24 01:00:00,30.682486300931288
2011-12-24 02:00:00,33.76803608573937
2011-12-24 03:00:00,35.27096709063698
2011-12-24 04:00:00,41.14598655523047
2011-12-24 05:00:00,45.71701323424405
2011-12-24 06:00:00,42.73864237247666
2011-12-24 07:00:00,51.03792475225422
2011-12-24 08:00:00,54.38602452891156
2011-12-24 09:00:00,93.78292125873278
2011-12-24 10:00:00,107.47813534276725
2011-12-24 11:00:00,128.835437338133
2011-12-24 12:00:00,149.67375956841823
2011-12-24 13:00:00,161.3511030813281
2011-12-24 14:00:00,178.95921441547682
2011-12-24 15:00:00,194.78616613218503
2011-12-24 16:00:00,211.5456073293255
2011-12-24 17:00:00,206.98468786687476
2011-12-24 18:00:00,253.4544703428788
2011-12-24 19:00:00,241.37021979206116
2011-12-24 20:00:00,231.10759269838852
2011-12-24 21:00:00,250.06915230316736
2011-12-24 22:00:00,301.6170244814544
2011-12-24 23:00:00,295.2050278526793
2011-12-25 00:00:00,25.47742750981925
2011-12-25 01:00:00,24.22338673861335
2011-12-25 02:00:00,25.911576213844782
2011-12-25 03:00:00,30.52676940184393
2011-12-25 05:00:00,33.50022181150483
2011-12-25 06:00:00,37.24201188979885
2011-12-25 07:00:00,39.579556576938906
2011-12-25 08:00:00,41.80713907738625
2011-12-25 09:00:00,44.51732628126098
2011-12-25 10:00:00,55.50680175697164
2011-12-25 11:00:00,81.31017596606705
2011-12-25 12:00:00,81.00654808913487
2011-12-25 13:00:00,102.41571880318673
2011-12-25 14:00:00,134.71692631549544
2011-12-25 15:00:00,152.0378617250196
2011-12-25 16:00:00,187.01769943979525
2011-12-25 17:00:00,184.30550907454983
2011-12-25 18:00:00,175.08329687015117
2011-12-25 19:00:00,240.81743494333577
2011-12-25 20:00:00,298.3181022055524
2011-12-25 21:00:00,281.91246394026376
2011-12-25 22:00:00,273.6422471465327
2011-12-25 23:00:00,283.30768478698
2011-12-26 00:00:00,17.393392597464402
2011-12-26 01:00:00,29.176779873093064
2011-12-26 02:00:00,42.20372862124833
2011-12-26 04:00:00,51.36075995132324
2011-12-26 05:00:00,62.03653662615423
2011-12-26 06:00:00,64.05278810422809
2011-12-26 07:00:00,71.83543202521317
2011-12-26 08:00:00,81.13108768058835
2011-12-26 09:00:00,86.61937796509082
2011-12-26 10:00:00,104.60225475892688
2011-12-26 11:00:00,110.78934577620223
2011-12-26 12:00:00,133.2875813655192
2011-12-26 13:00:00,174.54223675615145
2011-12-26 14:00:00,195.01076039282557
2011-12-26 15:00:00,212.33173888001122
2011-12-26 16:00:00,199.29069086805367
2011-12-26 17:00:00,201.44353069056052
2011-12-26 18:00:00,213.0932343999595
2011-12-26 19:00:00,179.2975204966485
2011-12-26 20:00:00,228.0726843756133
2011-12-26 21:00:00,193.41632491447555
2011-12-26 22:00:00,214.50213356805304
2011-12-26 23:00:00,228.93368793622358
2011-12-27 00:00:00,20.315472573520356
2011-12-27 01:00:00,23.211887452972753
2011-12-27 02:00:00,25.83783579450179
2011-12-27 03:00:00,34.61551040912731
2011-12-27 04:00:00,36.15507550613988
2011-12-27 05:00:00,40.09458308631734
2011-12-27 06:00:00,46.84567977408442
2011-12-27 07:00:00,50.347928853048444
2011-12-27 08:00:00,56.06102341286871
2011-12-27 09:00:00,63.732387445947744
2011-12-27 10:00:00,71.29659005937303
2011-12-27 11:00:00,78.53518849503668
2011-12-27 12:00:00,66.75583306744781
2011-12-27 13:00:00,66.14648939313389
2011-12-27 14:00:00,109.52087797038232
2011-12-27 15:00:00,121.50763929884239
2011-12-27 16:00:00,125.20828743679364
2011-12-27 17:00:00,125.97418649025093
2011-12-27 18:00:00,143.53392817977561
2011-12-27 19:00:00,135.8597628208572
2011-12-27 20:00:00,134.94833484688658
2011-12-27 21:00:00,164.04506438145995
2011-12-27 22:00:00,181.94535463895636
2011-12-27 23:00:00,174.5599513301049
2011-12-28 00:00:00,18.313126983190866
2011-12-28 01:00:00,24.293334150637836
2011-12-28 02:00:00,33.84422920847817
2011-12-28 03:00:00,37.62332929224797
2011-12-28 05:00:00,49.112386013368834
2011-12-28 06:00:00,54.89154447625981
2011-12-28 07:00:00,60.953372939984575
2011-12-28 08:00:00,67.24983662469901
2011-12-28 09:00:00,76.52574181974843
2011-12-28 10:00:00,85.52001633830517
2011-12-28 11:00:00,119.9270711200028
2011-12-28 12:00:00,126.70828227144823
2011-12-28 13:00:00,152.99819293564002
2011-12-28 14:00:00,166.5419393449181
2011-12-28 15:00:00,194.77899385482453
2011-12-28 16:00:00,209.09756918464052
2011-12-28 17:00:00,215.93584505959657
2011-12-28 18:00:00,221.50562010299564
2011-12-28 19:00:00,230.30411700916514
2011-12-28 20:00:00,253.5267315586099
2011-12-28 21:00:00,262.62790293875577
2011-12-28 22:00:00,298.45784122672967
2011-12-28 23:00:00,322.0278233516
2011-12-29 00:00:00,28.98020878795324
2011-12-29 01:00:00,31.787556862792684
2011-12-29 02:00:00,33.28458415493246
2011-12-29 03:00:00,33.301649944291775
2011-12-29 04:00:00,37.96362231891687
2011-12-29 05:00:00,42.94561549993027
2011-12-29 06:00:00,46.62799958580615
2011-12-29 07:00:00,44.440198755866774
2011-12-29 08:00:00,52.64304801990285
2011-12-29 09:00:00,54.84028872284724
2011-12-29 10:00:00,63.40355643670822
2011-12-29 11:00:00,78.41345649208228
2011-12-29 12:00:00,95.94150854636466
2011-12-29 13:00:00,116.93219921182947
2011-12-29 14:00:00,139.24636475885072
2011-12-29 15:00:00,152.93730172003822
2011-12-29 16:00:00,169.20467484589707
2011-12-29 17:00:00,163.59840526253655
2011-12-29 18:00:00,194.38439030112156
2011-12-29 19:00:00,220.98597221160992
2011-12-29 20:00:00,200.33602221086522
2011-12-29 21:00:00,235.20400535013997
2011-12-29 22:00:00,248.18849146079353
2011-12-29 23:00:00,286.3418100895451
2011-12-30 00:00:00,23.71701261347689
2011-12-30 01:00:00,28.221881150842638
2011-12-30 02:00:00,27.263659716908045
2011-12-30 03:00:00,30.32905106664178
2011-12-30 04:00:00,33.60044481050196
2011-12-30 05:00:00,34.53836227723942
2011-12-30 06:00:00,41.51276692541734
2011-12-30 07:00:00,42.683092880097206
2011-12-30 08:00:00,46.88180098831459
2011-12-30 09:00:00,56.793080517298584
2011-12-30 10:00:00,75.91021768406462
2011-12-30 11:00:00,87.2323520252464
2011-12-30 12:00:00,113.0400597450382
2011-12-30 13:00:00,136.24501916524574
2011-12-30 14:00:00,186.36497208752246
2011-12-30 15:00:00,221.05919716318888
2011-12-30 16:00:00,245.63905936280892
2011-12-30 17:00:00,227.81297916464928
2011-12-30 18:00:00,201.62258812231627
2011-12-30 19:00:00,262.3677242195203
2011-12-30 20:00:00,228.9200493828439
2011-12-30 21:00:00,262.1893100785598
2011-12-30 22:00:00,256.36667722851547
2011-12-30 23:00:00,313.69607921520264
2011-12-31 00:00:00,36.16733697842032
2011-12-31 01:00:00,41.09013854730303
2011-12-31 02:00:00,45.655108119695754
2011-12-31 03:00:00,50.715180533653225
2011-12-31 04:00:00,47.25271720289174
2011-12-31 05:00:00,43.54526757943975
2011-12-31 06:00:00,57.597721137134066
2011-12-31 07:00:00,55.39250531807843
2011-12-31 08:00:00,52.864597588220484
2011-12-31 09:00:00,69.85696955371584
2011-12-31 10:00:00,83.45505881036932
2011-12-31 11:00:00,103.28981736180944
2011-12-31 12:00:00,227.0853795141741
2011-12-31 13:00:00,244.25994587274946
2011-12-31 14:00:00,212.59672739937787
2011-12-31 15:00:00,260.8804117506007
2011-12-31 16:00:00,256.8742485380845
2011-12-31 17:00:00,251.15537382801028
2011-12-31 18:00:00,274.4474937321299
2011-12-31 19:00:00,311.093956289177
2011-12-31 20:00:00,344.9427261758955
2011-12-31 21:00:00,345.9214730090962
2011-12-31 22:00:00,344.3011302811732
2011-12-31 23:00:00,336.53865813671393
2012-01-20 00:00:00,19.008713357847057
2012-01-20 01:00:00,22.70356115382024
2012-01-20 02:00:00,25.2743779569755
2012-01-20 03:00:00,25.349359006815167
2012-01-20 04:00:00,24.04639650187594
2012-01-20 05:00:00,26.76285317974243
2012-01-20 06:00:00,29.18047416137778
2012-01-20 07:00:00,27.751047338146634
2012-01-20 08:00:00,33.63108979337222
2012-01-20 09:00:00,48.73094411584036
2012-01-20 10:00:00,56.40118893908327
2012-01-20 11:00:00,71.90105378560564
2012-01-20 12:00:00,76.82406455881369
2012-01-20 13:00:00,94.17944802281653
2012-01-20 14:00:00,98.68857249695817
2012-01-20 15:00:00,110.20844274825541
2012-01-20 16:00:00,113.93543741517615
2012-01-20 17:00:00,147.56236307436703
2012-01-20 18:00:00,148.8302564497645
2012-01-20 19:00:00,158.27509373242864
2012-01-20 20:00:00,183.0929735357126
2012-01-20 21:00:00,193.98497878813654
2012-01-20 22:00:00,208.56608178765634
2012-01-20 23:00:00,137.50386004817338
2012-01-21 00:00:00,12.30181010428127
2012-01-21 01:00:00,9.040297054863569
2012-01-21 02:00:00,11.584967450731678
2012-01-21 03:00:00,11.031615723883753
2012-01-21 04:00:00,14.317979300061427
2012-01-21 05:00:00,15.505135621924072
2012-01-21 06:00:00,15.173244125223109
2012-01-21 07:00:00,16.927345438896584
2012-01-21 08:00:00,18.894269870210483
2012-01-21 09:00:00,21.051942421476042
2012-01-21 10:00:00,23.171519203762443
2012-01-21 11:00:00,32.01049984634604
2012-01-21 12:00:00,39.68246666080033
2012-01-21 13:00:00,43.652820919323645
2012-01-21 14:00:00,47.234496538686386
2012-01-21 15:00:00,52.46586466049301
2012-01-21 16:00:00,58.55025834431333
2012-01-21 17:00:00,66.4730253410595
2012-01-21 18:00:00,79.6814816270941
2012-01-21 19:00:00,76.75166304817188
2012-01-21 20:00:00,86.05354733941573
2012-01-21 21:00:00,103.27271475312955
2012-01-21 22:00:00,116.14775402380236
2012-01-21 23:00:00,112.53120666661938
2012-01-22 00:00:00,9.854768333888376
2012-01-22 01:00:00,12.894587128936147
2012-01-22 02:00:00,14.345466228671173
2012-01-22 03:00:00,17.34948033424412
2012-01-22 04:00:00,14.9657027671257
2012-01-22 05:00:00,18.717993426156955
2012-01-22 06:00:00,21.102597246054213
2012-01-22 07:00:00,23.499778328879465
2012-01-22 08:00:00,26.156950447138925
2012-01-22 09:00:00,29.10231144496129
2012-01-22 10:00:00,31.799910661929722
2012-01-22 11:00:00,32.63835813590111
2012-01-22 12:00:00,36.43230539641021
2012-01-22 13:00:00,42.26310025456997
2012-01-22 14:00:00,45.797391591736755
2012-01-22 15:00:00,49.60852378464152
2012-01-22 16:00:00,55.097371746521304
2012-01-22 17:00:00,63.8371938630036
2012-01-22 18:00:00,63.889063106229024
2012-01-22 19:00:00,70.92673532314889
2012-01-22 20:00:00,77.3724032992305
2012-01-22 21:00:00,87.37471747100497
2012-01-22 22:00:00,90.64633155026785
2012-01-22 23:00:00,97.74899958135626
2012-01-23 00:00:00,8.77894701061015
2012-01-23 01:00:00,9.433814798276455
2012-01-23 02:00:00,10.565434905076145
2012-01-23 03:00:00,12.318294915306597
2012-01-23 04:00:00,15.700950387320681
2012-01-23 05:00:00,15.902472063292974
2012-01-23 06:00:00,17.73566324132711
2012-01-23 07:00:00,19.53648767883007
2012-01-23 08:00:00,20.37767042829966
2012-01-23 09:00:00,23.472221159256623
2012-01-23 10:00:00,24.436050583719418
2012-01-23 11:00:00,26.040598965339502
2012-01-23 12:00:00,31.27452999199638
2012-01-23 13:00:00,34.030830663479854
2012-01-23 14:00:00,36.37582888946446
2012-01-23 15:00:00,35.75957361902705
2012-01-23 16:00:00,46.60954377593815
2012-01-23 17:00:00,50.30921194123962
2012-01-23 18:00:00,57.070059215473854
2012-01-23 19:00:00,65.97526860093281
2012-01-23 20:00:00,65.76341415497333
2012-01-23 21:00:00,72.80201997223173
2012-01-23 22:00:00,80.8063646283019
2012-01-23 23:00:00,104.3000224054133
2012-01-24 00:00:00,8.640554722455812
2012-01-24 01:00:00,11.181724022233288
2012-01-24 02:00:00,12.404752324428095
2012-01-24 03:00:00,14.492797933707509
2012-01-24 04:00:00,13.792043073555798
2012-01-24 05:00:00,15.396343483933789
2012-01-24 06:00:00,19.741509629494566
2012-01-24 07:00:00,22.38865437659632
2012-01-24 08:00:00,24.925317339780825
2012-01-24 09:00:00,30.131462194425172
2012-01-24 10:00:00,30.861800047172338
2012-01-24 11:00:00,38.122846656257124
2012-01-24 12:00:00,42.68463717639252
2012-01-24 13:00:00,47.42254126447554
2012-01-24 14:00:00,60.61527400806738
2012-01-24 15:00:00,87.0568770785195
2012-01-24 16:00:00,96.98609066667
2012-01-24 17:00:00,116.88064166960072
2012-01-24 18:00:00,135.49401729620976
2012-01-24 19:00:00,189.67930829300607
2012-01-24 20:00:00,115.61680599690197
2012-01-24 21:00:00,147.74462807755992
2012-01-24 22:00:00,131.82321725623646
2012-01-24 23:00:00,157.82456594382634
2012-01-25 00:00:00,9.753425901154822
2012-01-25 01:00:00,16.30178103795005
2012-01-25 02:00:00,17.431738753534333
2012-01-25 03:00:00,17.33951126295502
2012-01-25 04:00:00,20.710683610916064
2012-01-25 05:00:00,23.065358922053232
2012-01-25 06:00:00,23.3240272745624
2012-01-25 07:00:00,25.156786765251482
2012-01-25 08:00:00,30.50626203351056
2012-01-25 09:00:00,33.92333625770609
2012-01-25 10:00:00,38.002674428783024
2012-01-25 11:00:00,53.16630873581637
2012-01-25 12:00:00,73.82854907735923
2012-01-25 13:00:00,87.1666457346156
2012-01-25 14:00:00,98.80575452862077
2012-01-25 15:00:00,119.77021146293362
2012-01-25 16:00:00,112.84145155054397
2012-01-25 17:00:00,129.34163936896505
2012-01-25 18:00:00,112.96613457897999
2012-01-25 19:00:00,155.96932035798937
2012-01-25 20:00:00,147.48832766360542
2012-01-25 21:00:00,151.42568001301038
2012-01-25 22:00:00,166.30556927016062
2012-01-25 23:00:00,178.33354217605725
2012-01-26 00:00:00,13.319176072894171
2012-01-26 01:00:00,15.489393736443386
2012-01-26 02:00:00,16.29092939756616
2012-01-26 03:00:00,19.057852677993264
2012-01-26 04:00:00,21.71030519819397
2012-01-26 05:00:00,24.548796082797715
2012-01-26 06:00:00,24.19353497238368
2012-01-26 07:00:00,26.647127334871605
2012-01-26 08:00:00,29.64565144060174
2012-01-26 09:00:00,34.43383839683209
2012-01-26 10:00:00,37.083603781548916
2012-01-26 11:00:00,38.506076596263014
2012-01-26 12:00:00,48.91282994522161
2012-01-26 13:00:00,69.82982770202159
2012-01-26 14:00:00,82.19764473340268
2012-01-26 15:00:00,94.23628224819254
2012-01-26 16:00:00,100.85077034592513
2012-01-26 17:00:00,113.05859855809224
2012-01-26 18:00:00,125.42905039925897
2012-01-26 19:00:00,128.0566595269039
2012-01-26 20:00:00,130.5704220410748
2012-01-26 21:00:00,157.56893507261853
2012-01-26 22:00:00,156.11765500723314
2012-01-26 23:00:00,172.39393523952432
2012-01-27 00:00:00,16.81087633397993
2012-01-27 01:00:00,17.168140899943435
2012-01-27 02:00:00,17.502958664288464
2012-01-27 03:00:00,20.036535246288796
2012-01-27 04:00:00,19.691648878024893
2012-01-27 05:00:00,25.132186344635237
2012-01-27 06:00:00,25.447509836224626
2012-01-27 07:00:00,28.102090806697117
2012-01-27 08:00:00,42.37998779025705
2012-01-27 09:00:00,47.084850524095216
2012-01-27 10:00:00,40.78673653280688
2012-01-27 11:00:00,49.92715444958213
2012-01-27 12:00:00,63.31763354982728
2012-01-27 13:00:00,119.39707650818963
2012-01-27 14:00:00,143.94115264154044
2012-01-27 15:00:00,155.48759423810395
2012-01-27 16:00:00,170.77511463951242
2012-01-27 17:00:00,187.52961928972354
2012-01-27 18:00:00,196.96945622708017
2012-01-27 19:00:00,181.2273563146058
2012-01-27 20:00:00,178.69661268155153
2012-01-27 21:00:00,199.87449542909545
2012-01-27 22:00:00,235.3180478981078
2012-01-27 23:00:00,254.51240271971756
2012-01-28 00:00:00,21.680194310912384
2012-01-28 01:00:00,24.203647498365484
2012-01-28 02:00:00,22.75120254128381
2012-01-28 03:00:00,25.069809638908584
2012-01-28 04:00:00,26.612736596679568
2012-01-28 05:00:00,22.93000854083717
2012-01-28 06:00:00,28.83587320221563
2012-01-28 07:00:00,28.680338626951862
2012-01-28 08:00:00,27.32292390395947
2012-01-28 09:00:00,32.80505950223482
2012-01-28 10:00:00,44.10115689422865
2012-01-28 11:00:00,64.9375089367865
2012-01-28 12:00:00,67.07822185799914
2012-01-28 13:00:00,83.90317739702304
2012-01-28 14:00:00,125.92282843092104
2012-01-28 15:00:00,148.87498413998418
2012-01-28 16:00:00,179.8607222593304
2012-01-28 17:00:00,200.9493903594724
2012-01-28 18:00:00,224.03804866017273
2012-01-28 19:00:00,266.3148570837788
2012-01-28 20:00:00,304.2749933870042
2012-01-28 21:00:00,312.42846576214305
2012-01-28 22:00:00,308.23869015666395
2012-01-28 23:00:00,346.37216491941587
2012-01-29 00:00:00,29.7340876284034
2012-01-29 01:00:00,35.784027324690285
2012-01-29 02:00:00,39.402356116676955
2012-01-29 03:00:00,41.022877738176305
2012-01-29 04:00:00,42.07519704670415
2012-01-29 05:00:00,31.585216239325387
2012-01-29 06:00:00,42.74122235561406
2012-01-29 07:00:00,48.504860360292454
2012-01-29 08:00:00,49.773748336170264
2012-01-29 09:00:00,52.77781700289499
2012-01-29 10:00:00,73.1328634255539
2012-01-29 11:00:00,98.62963661167261
2012-01-29 12:00:00,120.42658804341129
2012-01-29 13:00:00,133.5961498179509
2012-01-29 14:00:00,149.28661024244667
2012-01-29 15:00:00,180.73559952960582
2012-01-29 16:00:00,220.19719814195827
2012-01-29 17:00:00,244.1875795915642
2012-01-29 18:00:00,242.69181504857036
2012-01-29 19:00:00,239.30323170662348
2012-01-29 20:00:00,219.03279688799233
2012-01-29 21:00:00,270.05930220239225
2012-01-29 22:00:00,341.90064681189523
2012-01-29 23:00:00,325.12209274244293
2012-01-30 00:00:00,29.439171354900687
2012-01-30 01:00:00,16.65556534393606
2012-01-30 02:00:00,21.727735783784524
2012-01-30 03:00:00,23.986205431924233
2012-01-30 04:00:00,24.239096953434604
2012-01-30 05:00:00,26.97645334150193
2012-01-30 06:00:00,34.520661804803964
2012-01-30 07:00:00,38.66243143915072
2012-01-30 08:00:00,39.088746119517346
2012-01-30 09:00:00,43.436650701140536
2012-01-30 10:00:00,55.531534097971004
2012-01-30 11:00:00,66.37980935869872
2012-01-30 12:00:00,79.64780404111019
2012-01-30 13:00:00,101.97406382316473
2012-01-30 14:00:00,136.67201964017178
2012-01-30 15:00:00,149.00940884893149
2012-01-30 16:00:00,168.13166872859773
2012-01-30 17:00:00,204.7536544316353
2012-01-30 18:00:00,211.64919899478295
2012-01-30 19:00:00,160.0698411093024
2012-01-30 20:00:00,191.1788089676187
2012-01-30 21:00:00,202.54921901900406
2012-01-30 22:00:00,195.05076578183133
2012-01-30 23:00:00,173.14691386868566
2012-01-31 00:00:00,18.887963567834984
2012-01-31 01:00:00,24.94782487771287
2012-01-31 02:00:00,28.159010426979286
2012-01-31 03:00:00,29.884226162410553
2012-01-31 04:00:00,30.984256448336858
2012-01-31 05:00:00,34.453172506148675
2012-01-31 06:00:00,35.08995413394372
2012-01-31 07:00:00,33.5638161866228
2012-01-31 08:00:00,37.6916948033092
2012-01-31 09:00:00,50.14174959345173
2012-01-31 10:00:00,54.407177616068736
2012-01-31 11:00:00,103.26210634749694
2012-01-31 12:00:00,104.9058472551603
2012-01-31 13:00:00,140.19194682607528
2012-01-31 14:00:00,189.44610770084597
2012-01-31 15:00:00,241.7002158929135
2012-01-31 16:00:00,268.0227498403644
2012-01-31 17:00:00,295.0250149599434
2012-01-31 18:00:00,332.32581022282875
2012-01-31 19:00:00,314.21181036012143
2012-01-31 20:00:00,182.34414308496451
2012-01-31 21:00:00,341.9637658205885
2012-01-31 22:00:00,356.12856832974455
2012-01-31 23:00:00,373.1318585543107
2012-02-20 00:00:00,10.148794906513928
2012-02-20 01:00:00,11.35795960099185
2012-02-20 02:00:00,12.698266653960697
2012-02-20 03:00:00,15.007216442079537
2012-02-20 05:00:00,26.26544131993997
2012-02-20 06:00:00,32.917734318162005
2012-02-20 07:00:00,33.74031038142901
2012-02-20 08:00:00,34.74203824092456
2012-02-20 09:00:00,38.618511986473024
2012-02-20 10:00:00,48.266132704571646
2012-02-20 11:00:00,62.3681263339848
2012-02-20 12:00:00,77.29178171454488
2012-02-20 13:00:00,94.19235712383701
2012-02-20 14:00:00,119.54833804463792
2012-02-20 15:00:00,137.80583645395012
2012-02-20 16:00:00,182.18630628805653
2012-02-20 17:00:00,223.1917592125737
2012-02-20 18:00:00,188.0445938457107
2012-02-20 19:00:00,208.54780073729995
2012-02-20 20:00:00,237.0218289774923
2012-02-20 21:00:00,226.61743393796465
2012-02-20 22:00:00,232.54336959214453
2012-02-20 23:00:00,285.3273138301712
2012-02-21 00:00:00,16.066935670719033
2012-02-21 01:00:00,20.683985211711168
2012-02-21 02:00:00,20.90511418344751
2012-02-21 04:00:00,23.52332943763107
2012-02-21 05:00:00,23.40062125665168
2012-02-21 06:00:00,23.695050853552868
2012-02-21 07:00:00,32.39919251032038
2012-02-21 08:00:00,30.871697955106747
2012-02-21 09:00:00,31.374170191292688
2012-02-21 10:00:00,38.60189263075667
2012-02-21 11:00:00,44.82192018080813
2012-02-21 12:00:00,67.72744996430586
2012-02-21 13:00:00,91.04726047102938
2012-02-21 14:00:00,90.28233306719707
2012-02-21 15:00:00,112.09634173663335
2012-02-21 16:00:00,138.88800943821983
2012-02-21 17:00:00,193.41361346551304
2012-02-21 18:00:00,214.49912804350802
2012-02-21 19:00:00,184.02931001344655
2012-02-21 20:00:00,175.65592247250913
2012-02-21 21:00:00,174.16386923932797
2012-02-21 22:00:00,165.19607422190535
2012-02-21 23:00:00,188.86610654343264
2012-02-22 00:00:00,17.3282683428851
2012-02-22 01:00:00,18.93667034848587
2012-02-22 02:00:00,22.60322149405148
2012-02-22 03:00:00,22.634983017106975
2012-02-22 04:00:00,25.951436382288897
2012-02-22 05:00:00,28.878528185942542
2012-02-22 06:00:00,28.725023897145043
2012-02-22 07:00:00,32.39663288568953
2012-02-22 08:00:00,35.394347557091265
2012-02-22 09:00:00,43.94177037108024
2012-02-22 10:00:00,49.681325349041984
2012-02-22 11:00:00,60.74511109947235
2012-02-22 12:00:00,84.1283388169174
2012-02-22 13:00:00,109.41541332068377
2012-02-22 14:00:00,126.34793221747029
2012-02-22 15:00:00,224.26362517200036
2012-02-22 16:00:00,267.7865929069579
2012-02-22 17:00:00,278.5367385182201
2012-02-22 18:00:00,245.97134733672152
2012-02-22 19:00:00,249.48559774195115
2012-02-22 20:00:00,250.331230661827
2012-02-22 21:00:00,374.5943062815126
2012-02-22 22:00:00,312.3519455209648
2012-02-22 23:00:00,394.7428177946868
2012-02-23 00:00:00,32.529357418687006
2012-02-23 01:00:00,30.687565569280576
2012-02-23 02:00:00,31.577638742409597
2012-02-23 03:00:00,31.860368012542146
2012-02-23 04:00:00,29.689727460603525
2012-02-23 05:00:00,33.0182428059553
2012-02-23 06:00:00,26.867644889003458
2012-02-23 07:00:00,33.0806883097669
2012-02-23 08:00:00,32.149276038952955
2012-02-23 09:00:00,39.85349581380689
2012-02-23 10:00:00,65.89042002607549
2012-02-23 11:00:00,110.38461587175371
2012-02-23 12:00:00,137.6267291337166
2012-02-23 13:00:00,162.69536581515405
2012-02-23 14:00:00,195.03667225476033
2012-02-23 15:00:00,223.2330066280587
2012-02-23 16:00:00,251.1709240043465
2012-02-23 17:00:00,280.7744677181732
2012-02-23 18:00:00,286.41948413725817
2012-02-23 19:00:00,285.539227778873
2012-02-23 20:00:00,278.0582323614833
2012-02-23 21:00:00,274.3430028545139
2012-02-23 22:00:00,292.76956116620806
2012-02-23 23:00:00,305.0188962295605
2012-02-24 00:00:00,27.102716741822043
2012-02-24 01:00:00,29.4151867782311
2012-02-24 02:00:00,24.98813454524984
2012-02-24 03:00:00,25.32792751459078
2012-02-24 04:00:00,25.196189607530112
2012-02-24 05:00:00,28.13690851154027
2012-02-24 06:00:00,31.06221396772947
2012-02-24 07:00:00,41.60840150009256
2012-02-24 08:00:00,45.909658256706635
2012-02-24 09:00:00,40.1825422119537
2012-02-24 10:00:00,45.11057858291252
2012-02-24 11:00:00,51.580800431648335
2012-02-24 12:00:00,68.75282116172343
2012-02-24 13:00:00,84.50848433023673
2012-02-24 14:00:00,106.42475919521465
2012-02-24 15:00:00,79.68079550474943
2012-02-24 16:00:00,88.43119142330173
2012-02-24 17:00:00,89.06760028642381
2012-02-24 18:00:00,97.40951516557676
2012-02-24 19:00:00,125.60234287368847
2012-02-24 20:00:00,226.27785858139515
2012-02-24 21:00:00,402.9011689743751
2012-02-24 22:00:00,397.14647569279293
2012-02-24 23:00:00,437.33878890811
2012-02-25 00:00:00,30.439065901702925
2012-02-25 01:00:00,31.940927211789457
2012-02-25 02:00:00,32.99455732433496
2012-02-25 03:00:00,34.730072152263986
2012-02-25 04:00:00,40.75294186798214
2012-02-25 05:00:00,44.43230145653975
2012-02-25 06:00:00,49.35975194520455
2012-02-25 07:00:00,51.47192813520282
2012-02-25 08:00:00,50.88507787194529
2012-02-25 09:00:00,34.26847482269727
2012-02-25 10:00:00,52.92731561219624
2012-02-25 11:00:00,92.28800865066032
2012-02-25 12:00:00,124.6408141017678
2012-02-25 13:00:00,133.0000441686909
2012-02-25 14:00:00,149.47222381904533
2012-02-25 15:00:00,165.6402523247788
2012-02-25 16:00:00,193.9074196441286
2012-02-25 17:00:00,182.85082272917248
2012-02-25 18:00:00,223.96946236212574
2012-02-25 19:00:00,202.10217942847703
2012-02-25 20:00:00,240.70731230121368
2012-02-25 21:00:00,234.0214834277227
2012-02-25 22:00:00,248.20579014406528
2012-02-25 23:00:00,260.07075629692395
2012-02-26 00:00:00,24.637651875327613
2012-02-26 01:00:00,25.9571131697474
2012-02-26 02:00:00,28.880800418748606
2012-02-26 03:00:00,33.63060432377992
2012-02-26 04:00:00,37.386535296398606
2012-02-26 05:00:00,38.651387535899445
2012-02-26 06:00:00,42.681249185409484
2012-02-26 07:00:00,40.848102725136684
2012-02-26 08:00:00,46.371419992536886
2012-02-26 09:00:00,56.19773969571898
2012-02-26 10:00:00,74.36702346421356
2012-02-26 11:00:00,85.0547771414465
2012-02-26 12:00:00,103.33746725463843
2012-02-26 13:00:00,123.87954968026038
2012-02-26 14:00:00,153.2406742413392
2012-02-26 15:00:00,175.30554621887075
2012-02-26 16:00:00,191.45166952644576
2012-02-26 17:00:00,217.65396154592548
2012-02-26 18:00:00,216.08328630890378
2012-02-26 19:00:00,247.66401867842978
2012-02-26 20:00:00,235.4174330728229
2012-02-26 21:00:00,239.65788206284068
2012-02-26 22:00:00,275.4440514082053
2012-02-26 23:00:00,227.95589892257672
2012-02-27 00:00:00,16.150706316714786
2012-02-27 01:00:00,17.063123068480436
2012-02-27 02:00:00,16.735343091910067
2012-02-27 03:00:00,17.19569715931685
2012-02-27 04:00:00,16.972591813060408
2012-02-27 05:00:00,18.921844953946362
2012-02-27 06:00:00,25.47115248136648
2012-02-27 07:00:00,32.89788178341321
2012-02-27 08:00:00,35.71783741623288
2012-02-27 09:00:00,43.08481229997787
2012-02-27 10:00:00,67.57086398767242
2012-02-27 11:00:00,82.5727835249012
2012-02-27 12:00:00,119.40911443647528
2012-02-27 13:00:00,120.41825854670817
2012-02-27 14:00:00,163.85671386784878
2012-02-27 15:00:00,244.8336895128911
2012-02-27 16:00:00,278.26636163172753
2012-02-27 17:00:00,318.0857477701936
2012-02-27 18:00:00,323.8089586996226
2012-02-27 19:00:00,334.69447446559906
2012-02-27 20:00:00,335.64422677698565
2012-02-27 21:00:00,337.9522748556121
2012-02-27 22:00:00,318.9084133546054
2012-02-27 23:00:00,305.6576041307118
2012-02-28 00:00:00,26.657213243849736
2012-02-28 01:00:00,24.64427934598147
2012-02-28 02:00:00,31.666660894137888
2012-02-28 03:00:00,52.786126070004876
2012-02-28 04:00:00,38.63753991396653
2012-02-28 05:00:00,42.93650803041511
2012-02-28 06:00:00,43.72566056954447
2012-02-28 07:00:00,46.6566610269425
2012-02-28 08:00:00,47.68994017299408
2012-02-28 09:00:00,58.4168397238322
2012-02-28 10:00:00,69.1467580880021
2012-02-28 11:00:00,91.76721200895517
2012-02-28 12:00:00,108.76022147245078
2012-02-28 13:00:00,127.51659891576887
2012-02-28 14:00:00,165.70170190106762
2012-02-28 15:00:00,194.98235243274593
2012-02-28 16:00:00,209.74917177453057
2012-02-28 17:00:00,239.7989872991304
2012-02-28 18:00:00,262.7158408970964
2012-02-28 19:00:00,288.4440706494429
2012-02-28 20:00:00,301.1704390189093
2012-02-28 21:00:00,228.3759517886011
2012-02-28 22:00:00,253.2533762089747
2012-02-28 23:00:00,236.05192271529978
2012-02-29 00:00:00,22.686499459810136
2012-02-29 01:00:00,26.897134540172246
2012-02-29 02:00:00,25.015232008191514
2012-02-29 03:00:00,22.285850401583414
2012-02-29 05:00:00,24.682210396299016
2012-02-29 06:00:00,28.0711393866389
2012-02-29 07:00:00,26.89755348476191
2012-02-29 08:00:00,33.72880742998244
2012-02-29 09:00:00,35.42151173065046
2012-02-29 10:00:00,39.37167912304133
2012-02-29 11:00:00,38.87129890978467
2012-02-29 12:00:00,42.06589870838949
2012-02-29 13:00:00,50.870374123519404
2012-02-29 14:00:00,56.49607857009375
2012-02-29 15:00:00,85.78827597401298
2012-02-29 16:00:00,92.74970518952142
2012-02-29 17:00:00,95.00136734236665
2012-02-29 18:00:00,100.08208139141719
2012-02-29 19:00:00,115.24301363537518
2012-02-29 20:00:00,130.51030806043633
2012-02-29 21:00:00,144.77351971692673
2012-02-29 22:00:00,149.80117863387792
2012-02-29 23:00:00,166.1566199724934
2012-03-20 00:00:00,23.77743848589215
2012-03-20 01:00:00,21.60929813084907
2012-03-20 02:00:00,24.61731532558541
2012-03-20 03:00:00,26.47027598995904
2012-03-20 04:00:00,29.46483690581111
2012-03-20 05:00:00,28.835065735773966
2012-03-20 06:00:00,33.42755525530546
2012-03-20 07:00:00,37.292306735384415
2012-03-20 08:00:00,44.65679585706498
2012-03-20 09:00:00,52.04402024871565
2012-03-20 10:00:00,58.89434665454546
2012-03-20 11:00:00,74.28660817852212
2012-03-20 12:00:00,97.83621265948759
2012-03-20 13:00:00,106.96592058990062
2012-03-20 14:00:00,129.82600982085066
2012-03-20 15:00:00,155.84420292929389
2012-03-20 16:00:00,188.4525528793943
2012-03-20 17:00:00,180.50190395845152
2012-03-20 18:00:00,215.9142818087899
2012-03-20 19:00:00,198.67245800919048
2012-03-20 20:00:00,235.16124793522368
2012-03-20 21:00:00,228.8322904973742
2012-03-20 22:00:00,231.17607451923587
2012-03-20 23:00:00,226.4901492221291
2012-03-21 00:00:00,18.44153727598645
2012-03-21 01:00:00,22.763038548045095
2012-03-21 02:00:00,22.8993055662512
2012-03-21 03:00:00,25.58218199692063
2012-03-21 04:00:00,28.03763381214832
2012-03-21 05:00:00,31.186968059593625
2012-03-21 06:00:00,31.2436532356227
2012-03-21 07:00:00,34.08503373230469
2012-03-21 08:00:00,37.04728646560654
2012-03-21 09:00:00,47.94799301280847
2012-03-21 10:00:00,59.45642752865664
2012-03-21 11:00:00,66.01334945024644
2012-03-21 12:00:00,79.72230297646291
2012-03-21 13:00:00,80.69633699290489
2012-03-21 14:00:00,99.88319378534133
2012-03-21 15:00:00,110.8246809338884
2012-03-21 16:00:00,138.67124564465686
2012-03-21 17:00:00,184.07419628524082
2012-03-21 18:00:00,199.69521974419888
2012-03-21 19:00:00,246.78005183082018
2012-03-21 20:00:00,192.4288850222292
2012-03-21 21:00:00,192.1644418785987
2012-03-21 22:00:00,209.34411549555452
2012-03-21 23:00:00,252.37431362019305
2012-03-22 00:00:00,21.09991230388769
2012-03-22 01:00:00,23.496802185977643
2012-03-22 02:00:00,26.153651520750785
2012-03-22 03:00:00,29.098654726959648
2012-03-22 04:00:00,22.901396227918966
2012-03-22 05:00:00,25.49366962696064
2012-03-22 06:00:00,28.36709318607245
2012-03-22 07:00:00,31.552159604263945
2012-03-22 08:00:00,39.81135476500311
2012-03-22 09:00:00,44.237631302463015
2012-03-22 10:00:00,44.783490254538584
2012-03-22 11:00:00,55.16603514153112
2012-03-22 12:00:00,72.8576479132162
2012-03-22 13:00:00,99.17532182405108
2012-03-22 14:00:00,131.32481464575216
2012-03-22 15:00:00,163.54359172991155
2012-03-22 16:00:00,192.87328417866888
2012-03-22 17:00:00,219.31322186149362
2012-03-22 18:00:00,243.20772990791505
2012-03-22 19:00:00,275.2853014234548
2012-03-22 20:00:00,255.55317122580448
2012-03-22 21:00:00,231.5113495814952
2012-03-22 22:00:00,231.9931016718712
2012-03-22 23:00:00,250.7447655618708
2012-03-23 00:00:00,22.77424591354891
2012-03-23 01:00:00,22.65528594616105
2012-03-23 02:00:00,25.802464883807986
2012-03-23 03:00:00,27.86782571641561
2012-03-23 04:00:00,26.970321508086563
2012-03-23 05:00:00,29.220678535230878
2012-03-23 06:00:00,35.68874532458323
2012-03-23 07:00:00,37.958997017358556
2012-03-23 08:00:00,41.53453067713923
2012-03-23 09:00:00,50.1812700029201
2012-03-23 10:00:00,61.60668482646867
2012-03-23 11:00:00,98.08518273646769
2012-03-23 12:00:00,143.70386441867825
2012-03-23 13:00:00,196.25654763568028
2012-03-23 14:00:00,244.7822122305519
2012-03-23 15:00:00,273.43411705300593
2012-03-23 16:00:00,305.43360227892424
2012-03-23 17:00:00,338.6684672292944
2012-03-23 18:00:00,351.29652984486796
2012-03-23 19:00:00,351.88158162816393
2012-03-23 20:00:00,402.4172739235409
2012-03-23 21:00:00,403.9842784538978
2012-03-23 22:00:00,383.40989247990615
2012-03-23 23:00:00,378.7724823807674
2012-03-24 00:00:00,30.6174957741641
2012-03-24 01:00:00,31.15031678808192
2012-03-24 02:00:00,31.596883401790805
2012-03-24 03:00:00,35.13224313259272
2012-03-24 04:00:00,34.27407644605484
2012-03-24 05:00:00,38.37725159144492
2012-03-24 06:00:00,42.64798962090947
2012-03-24 07:00:00,42.10373493824637
2012-03-24 08:00:00,43.26619493379214
2012-03-24 09:00:00,58.01213664208813
2012-03-24 10:00:00,60.529529682485915
2012-03-24 11:00:00,59.28770155590023
2012-03-24 12:00:00,67.75894022672999
2012-03-24 13:00:00,75.7744698828024
2012-03-24 14:00:00,94.62194372569127
2012-03-24 15:00:00,94.07163148675018
2012-03-24 16:00:00,101.34657080565783
2012-03-24 17:00:00,121.00265824123859
2012-03-24 18:00:00,114.75556207730641
2012-03-24 19:00:00,124.52580767074186
2012-03-24 20:00:00,123.82965107065313
2012-03-24 21:00:00,137.36829880471828
2012-03-24 22:00:00,154.63371857406736
2012-03-24 23:00:00,191.4746468611768
2012-03-25 00:00:00,17.580077514078656
2012-03-25 01:00:00,17.072291050613142
2012-03-25 02:00:00,19.027841868953494
2012-03-25 03:00:00,23.314357762498403
2012-03-25 04:00:00,26.455087737337877
2012-03-25 05:00:00,25.418979333557587
2012-03-25 06:00:00,28.284302208554166
2012-03-25 07:00:00,35.20818986731492
2012-03-25 08:00:00,39.13522101333861
2012-03-25 09:00:00,42.681869668536095
2012-03-25 10:00:00,53.83503436579237
2012-03-25 11:00:00,52.6709037775454
2012-03-25 12:00:00,58.059388544104436
2012-03-25 13:00:00,71.96958965159284
2012-03-25 14:00:00,82.54580699498214
2012-03-25 15:00:00,92.2851062250148
2012-03-25 16:00:00,124.67093971754797
2012-03-25 17:00:00,157.6276131047408
2012-03-25 18:00:00,174.831885938165
2012-03-25 19:00:00,201.89258977514174
2012-03-25 20:00:00,199.40974252195414
2012-03-25 21:00:00,217.9220101048731
2012-03-25 22:00:00,215.19223193702553
2012-03-25 23:00:00,246.5271489049243
2012-03-26 00:00:00,18.823445874314846
2012-03-26 01:00:00,21.713120078055518
2012-03-26 02:00:00,21.092920063116736
2012-03-26 03:00:00,25.625779393458426
2012-03-26 04:00:00,27.371337525646908
2012-03-26 05:00:00,32.92528400410425
2012-03-26 06:00:00,32.99557552542522
2012-03-26 07:00:00,44.29547576109752
2012-03-26 08:00:00,57.857631903940344
2012-03-26 09:00:00,84.82561892341391
2012-03-26 10:00:00,127.9876513373332
2012-03-26 11:00:00,148.35482589227973
2012-03-26 12:00:00,157.27776981350507
2012-03-26 13:00:00,193.06131795630233
2012-03-26 14:00:00,189.95232940417833
2012-03-26 15:00:00,233.11723230946936
2012-03-26 16:00:00,276.76117218670475
2012-03-26 17:00:00,287.59067359459846
2012-03-26 18:00:00,299.50980414089054
2012-03-26 19:00:00,324.20396118851454
2012-03-26 20:00:00,351.5271098912498
2012-03-26 21:00:00,380.28786419635037
2012-03-26 22:00:00,358.87595948385916
2012-03-26 23:00:00,376.2937038003879
2012-03-27 00:00:00,34.85834988941546
2012-03-27 01:00:00,36.922502453637314
2012-03-27 02:00:00,33.51317239879594
2012-03-27 03:00:00,37.537467053322196
2012-03-27 04:00:00,39.414478054988976
2012-03-27 05:00:00,39.75867442235565
2012-03-27 06:00:00,44.63487202994042
2012-03-27 07:00:00,49.58429271247372
2012-03-27 08:00:00,54.71357019165269
2012-03-27 09:00:00,60.241621966989605
2012-03-27 10:00:00,75.3058892961258
2012-03-27 11:00:00,96.52125180118588
2012-03-27 12:00:00,110.65598874533558
2012-03-27 13:00:00,133.7463041345137
2012-03-27 14:00:00,182.6487093721113
2012-03-27 15:00:00,215.14154532908427
2012-03-27 16:00:00,238.58360591171532
2012-03-27 17:00:00,290.46051019781055
2012-03-27 18:00:00,313.90342011996773
2012-03-27 19:00:00,340.4825641159567
2012-03-27 20:00:00,385.9145549109704
2012-03-27 21:00:00,273.71241572930114
2012-03-27 22:00:00,301.2857621677475
2012-03-27 23:00:00,339.00459385971067
2012-03-28 00:00:00,30.048879508690828
2012-03-28 01:00:00,30.538379626939157
2012-03-28 02:00:00,30.328899041363485
2012-03-28 03:00:00,37.898977907539745
2012-03-28 04:00:00,43.9521856977068
2012-03-28 05:00:00,48.827564278177825
2012-03-28 06:00:00,52.55275882095482
2012-03-28 07:00:00,57.92938199670717
2012-03-28 08:00:00,73.77520821562025
2012-03-28 09:00:00,90.5847102984142
2012-03-28 10:00:00,113.43037933529693
2012-03-28 11:00:00,131.29483049508985
2012-03-28 12:00:00,159.73233419047725
2012-03-28 13:00:00,172.83920387926463
2012-03-28 14:00:00,252.8252202076874
2012-03-28 15:00:00,260.99241552747037
2012-03-28 16:00:00,263.7051134419685
2012-03-28 17:00:00,231.0430520393435
2012-03-28 18:00:00,256.20974211460384
2012-03-28 19:00:00,309.4280552510781
2012-03-28 20:00:00,352.013977270806
2012-03-28 21:00:00,309.509336645564
2012-03-28 22:00:00,303.57428529779236
2012-03-28 23:00:00,306.6802733284473
2012-03-29 00:00:00,29.138517834077433
2012-03-29 01:00:00,37.38351852147326
2012-03-29 02:00:00,83.45880344497417
2012-03-29 03:00:00,80.48202855880403
2012-03-29 04:00:00,71.61068990436466
2012-03-29 05:00:00,66.48728943869962
2012-03-29 06:00:00,56.13255267735651
2012-03-29 07:00:00,72.34901809946564
2012-03-29 08:00:00,86.65995967770041
2012-03-29 09:00:00,97.85509404339813
2012-03-29 10:00:00,107.49716668193496
2012-03-29 11:00:00,130.2696121427487
2012-03-29 12:00:00,154.0852878218449
2012-03-29 13:00:00,149.18734434413798
2012-03-29 14:00:00,183.3857655916616
2012-03-29 15:00:00,219.93526760662596
2012-03-29 16:00:00,253.43097783220117
2012-03-29 17:00:00,276.63048074942196
2012-03-29 18:00:00,286.0842881467542
2012-03-29 19:00:00,306.02328158671264
2012-03-29 20:00:00,334.7342248486033
2012-03-29 21:00:00,326.82924709880876
2012-03-29 22:00:00,350.80550562115945
2012-03-29 23:00:00,372.9822397098775
2012-03-30 00:00:00,33.958469564321206
2012-03-30 01:00:00,34.71642987459704
2012-03-30 02:00:00,32.41013999966396
2012-03-30 03:00:00,30.497695611646282
2012-03-30 04:00:00,39.254068759691314
2012-03-30 05:00:00,37.26352537488097
2012-03-30 06:00:00,44.561383769738356
2012-03-30 07:00:00,48.283428723034675
2012-03-30 08:00:00,46.66011145713806
2012-03-30 09:00:00,61.53327312724632
2012-03-30 10:00:00,71.02415914409697
2012-03-30 11:00:00,84.3710156756058
2012-03-30 12:00:00,95.25357804598116
2012-03-30 13:00:00,114.7917875947727
2012-03-30 14:00:00,119.79716285554449
2012-03-30 15:00:00,137.2764227684045
2012-03-30 16:00:00,139.91963872162452
2012-03-30 17:00:00,154.66962018281572
2012-03-30 18:00:00,200.95625696030243
2012-03-30 19:00:00,192.42085701076184
2012-03-30 20:00:00,210.28754660400097
2012-03-30 21:00:00,210.84075990129662
2012-03-30 22:00:00,198.2188880493592
2012-03-30 23:00:00,225.08352860271506
2012-03-31 00:00:00,18.901456074381848
2012-03-31 01:00:00,23.678324077349398
2012-03-31 02:00:00,27.233865740927854
2012-03-31 03:00:00,27.40884285335637
2012-03-31 04:00:00,35.519945662412795
2012-03-31 05:00:00,33.65153095197014
2012-03-31 06:00:00,29.52038919821179
2012-03-31 07:00:00,32.83053862598904
2012-03-31 08:00:00,36.77431211556504
2012-03-31 09:00:00,55.242733796174925
2012-03-31 10:00:00,60.43799289150365
2012-03-31 11:00:00,79.60583923295678
2012-03-31 12:00:00,95.33701725792704
2012-03-31 13:00:00,134.20354751303253
2012-03-31 14:00:00,135.66552024819828
2012-03-31 15:00:00,166.4792561666078
2012-03-31 16:00:00,168.76982189317897
2012-03-31 17:00:00,177.57684891321946
2012-03-31 18:00:00,170.98271240133715
2012-03-31 19:00:00,187.80002214868847
2012-03-31 20:00:00,193.6211730059165
2012-03-31 21:00:00,214.72919886610498
2012-03-31 22:00:00,226.31106727292064
2012-03-31 23:00:00,206.04080026761463
2012-04-20 00:00:00,28.237647777958507
2012-04-20 01:00:00,24.5470001387608
2012-04-20 02:00:00,24.03666017228195
2012-04-20 03:00:00,26.15052204267269
2012-04-20 04:00:00,25.60255292771476
2012-04-20 05:00:00,27.74286589849925
2012-04-20 06:00:00,33.89463962959397
2012-04-20 07:00:00,34.315695084374774
2012-04-20 08:00:00,39.434354359125464
2012-04-20 09:00:00,50.817852086858146
2012-04-20 10:00:00,73.26271406546287
2012-04-20 11:00:00,98.93402507198013
2012-04-20 12:00:00,148.42112713974586
2012-04-20 13:00:00,225.19925769644482
2012-04-20 14:00:00,247.875859937536
2012-04-20 15:00:00,260.6780385656257
2012-04-20 16:00:00,302.68217603112015
2012-04-20 17:00:00,327.6492565794724
2012-04-20 18:00:00,346.9511828172227
2012-04-20 19:00:00,359.3929539716792
2012-04-20 20:00:00,322.0271741463114
2012-04-20 21:00:00,285.8764809841905
2012-04-20 22:00:00,316.05727952445784
2012-04-20 23:00:00,309.99707130498524
2012-04-21 00:00:00,27.301406389400498
2012-04-21 01:00:00,30.370891629468982
2012-04-21 02:00:00,33.018723925426094
2012-04-21 03:00:00,33.59201066209887
2012-04-21 04:00:00,37.62455226921103
2012-04-21 05:00:00,41.81365479872832
2012-04-21 06:00:00,46.11208673197601
2012-04-21 07:00:00,51.990672800202006
2012-04-21 08:00:00,60.148768438992725
2012-04-21 09:00:00,71.7768548937863
2012-04-21 10:00:00,121.6274670635871
2012-04-21 11:00:00,142.88106007713236
2012-04-21 12:00:00,169.57791735215142
2012-04-21 13:00:00,196.95881002588118
2012-04-21 14:00:00,262.7234950624443
2012-04-21 15:00:00,327.2241917349509
2012-04-21 16:00:00,341.85087233328517
2012-04-21 17:00:00,471.5862140215354
2012-04-21 18:00:00,400.8165225190938
2012-04-21 19:00:00,235.96309275510288
2012-04-21 20:00:00,197.33772416240458
2012-04-21 21:00:00,223.7252431907532
2012-04-21 22:00:00,240.32035417063906
2012-04-21 23:00:00,254.15420983624938
2012-04-22 00:00:00,23.096226656333002
2012-04-22 01:00:00,26.603199065693442
2012-04-22 02:00:00,34.61441696474349
2012-04-22 03:00:00,30.547446356538053
2012-04-22 04:00:00,36.723144926893745
2012-04-22 05:00:00,41.43019081680537
2012-04-22 06:00:00,51.05120147621698
2012-04-22 07:00:00,50.957393678597576
2012-04-22 08:00:00,49.023868759503806
2012-04-22 09:00:00,54.44930679943475
2012-04-22 10:00:00,59.603030456228915
2012-04-22 11:00:00,60.81714011187694
2012-04-22 12:00:00,68.02512388212595
2012-04-22 13:00:00,82.14184993146192
2012-04-22 14:00:00,83.80957454939647
2012-04-22 15:00:00,94.39200504615204
2012-04-22 16:00:00,106.29489771729848
2012-04-22 17:00:00,91.56690472433388
2012-04-22 18:00:00,101.60643222558598
2012-04-22 19:00:00,125.86326581400827
2012-04-22 20:00:00,128.18946882514086
2012-04-22 21:00:00,154.6994055077555
2012-04-22 22:00:00,161.0444778300797
2012-04-22 23:00:00,205.71539559193994
2012-04-23 00:00:00,15.968438238191778
2012-04-23 01:00:00,14.872468684168089
2012-04-23 02:00:00,16.65541719523062
2012-04-23 03:00:00,20.200338192307612
2012-04-23 04:00:00,21.50232171763154
2012-04-23 05:00:00,23.942855711924174
2012-04-23 06:00:00,26.17850356670114
2012-04-23 07:00:00,29.423167149237205
2012-04-23 08:00:00,35.842787022430855
2012-04-23 09:00:00,40.43998297634473
2012-04-23 10:00:00,51.06827479333859
2012-04-23 11:00:00,55.32050801875302
2012-04-23 12:00:00,61.793002559932134
2012-04-23 13:00:00,74.6370134751979
2012-04-23 14:00:00,92.36954533083585
2012-04-23 15:00:00,105.47113049355113
2012-04-23 16:00:00,75.36607862209429
2012-04-23 17:00:00,81.76859073061763
2012-04-23 18:00:00,99.9410189853138
2012-04-23 19:00:00,119.91628780337807
2012-04-23 20:00:00,131.0313678771884
2012-04-23 21:00:00,132.33180217889367
2012-04-23 22:00:00,164.25148363694078
2012-04-23 23:00:00,180.84250483384096
2012-04-24 00:00:00,16.78781006058933
2012-04-24 01:00:00,17.277487333940375
2012-04-24 02:00:00,19.139609957132876
2012-04-24 03:00:00,20.780292680373456
2012-04-24 04:00:00,26.419857889801328
2012-04-24 05:00:00,29.393733036484495
2012-04-24 06:00:00,32.937694048717894
2012-04-24 07:00:00,40.88532107403562
2012-04-24 08:00:00,50.355859166217016
2012-04-24 09:00:00,86.53566541617181
2012-04-24 10:00:00,97.74797334456704
2012-04-24 11:00:00,151.11451885584754
2012-04-24 12:00:00,178.5243475894625
2012-04-24 13:00:00,204.50138759620958
2012-04-24 14:00:00,241.0323808374805
2012-04-24 15:00:00,277.5678931838545
2012-04-24 16:00:00,291.3084140478396
2012-04-24 17:00:00,355.3270719228675
2012-04-24 18:00:00,368.4661847561642
2012-04-24 19:00:00,434.78365378544083
2012-04-24 20:00:00,454.2035151923201
2012-04-24 21:00:00,416.29548282128457
2012-04-24 22:00:00,400.42895997449466
2012-04-24 23:00:00,409.1326367328877
2012-04-25 00:00:00,39.006866867209624
2012-04-25 01:00:00,40.023676085429905
2012-04-25 02:00:00,29.023414529820315
2012-04-25 03:00:00,26.35928741043362
2012-04-25 04:00:00,32.28337862245854
2012-04-25 05:00:00,36.25742521959983
2012-04-25 06:00:00,40.298253269667356
2012-04-25 07:00:00,41.435145106630635
2012-04-25 08:00:00,43.588788075491415
2012-04-25 09:00:00,75.76809404172076
2012-04-25 10:00:00,134.43652169076998
2012-04-25 11:00:00,158.920990304963
2012-04-25 12:00:00,200.79203991598425
2012-04-25 13:00:00,233.64814160976084
2012-04-25 14:00:00,284.5990329227772
2012-04-25 15:00:00,325.33619219949884
2012-04-25 16:00:00,407.23658484843384
2012-04-25 17:00:00,448.2119763428105
2012-04-25 18:00:00,495.118894970795
2012-04-25 19:00:00,536.9933704640011
2012-04-25 20:00:00,495.0300683185643
2012-04-25 21:00:00,329.66983055447923
2012-04-25 22:00:00,347.62102567029297
2012-04-25 23:00:00,389.60550715873563
2012-04-26 00:00:00,28.777792471902153
2012-04-26 01:00:00,41.35586372757359
2012-04-26 02:00:00,41.376200963563626
2012-04-26 03:00:00,45.801143117919906
2012-04-26 04:00:00,47.82423377749872
2012-04-26 05:00:00,50.495303570667296
2012-04-26 06:00:00,57.77369072710406
2012-04-26 07:00:00,46.97045789267383
2012-04-26 08:00:00,50.07782182557156
2012-04-26 09:00:00,50.318340335387006
2012-04-26 10:00:00,51.52225829635
2012-04-26 11:00:00,58.07591866909529
2012-04-26 12:00:00,82.3943554705951
2012-04-26 13:00:00,90.52842727409171
2012-04-26 14:00:00,116.624098428418
2012-04-26 15:00:00,118.10581685731044
2012-04-26 16:00:00,127.68849583583817
2012-04-26 17:00:00,159.82212001798464
2012-04-26 18:00:00,176.5708555854552
2012-04-26 19:00:00,197.2759196310059
2012-04-26 20:00:00,219.63333248412715
2012-04-26 21:00:00,216.76881948941386
2012-04-26 22:00:00,236.88458136240445
2012-04-26 23:00:00,235.6444876982294
2012-04-27 00:00:00,35.29575565636486
2012-04-27 01:00:00,41.131809897166704
2012-04-27 02:00:00,43.892827901312614
2012-04-27 03:00:00,55.991698681611645
2012-04-27 04:00:00,59.37101083260595
2012-04-27 05:00:00,67.65297863828667
2012-04-27 06:00:00,71.92535435152797
2012-04-27 07:00:00,69.8954156227959
2012-04-27 08:00:00,74.72583511968949
2012-04-27 09:00:00,106.10645950376593
2012-04-27 10:00:00,130.8789772714797
2012-04-27 11:00:00,142.01360703607338
2012-04-27 12:00:00,168.98378828350957
2012-04-27 13:00:00,197.6372487705777
2012-04-27 14:00:00,215.9857873940079
2012-04-27 15:00:00,292.1163774664366
2012-04-27 16:00:00,305.45445427474573
2012-04-27 17:00:00,390.1695694895144
2012-04-27 18:00:00,409.4455858926737
2012-04-27 19:00:00,429.44734250694376
2012-04-27 20:00:00,409.34623041161217
2012-04-27 21:00:00,427.85571837158176
2012-04-27 22:00:00,420.9660007838788
2012-04-27 23:00:00,438.39368750290646
2012-04-28 00:00:00,37.19150856082177
2012-04-28 01:00:00,33.62052853818756
2012-04-28 02:00:00,41.63360333995374
2012-04-28 03:00:00,40.06304422645026
2012-04-28 04:00:00,45.30373421313681
2012-04-28 05:00:00,52.32247787860638
2012-04-28 06:00:00,56.30895818280318
2012-04-28 07:00:00,62.06269859744852
2012-04-28 08:00:00,89.4259403592032
2012-04-28 09:00:00,99.37467075326862
2012-04-28 10:00:00,109.67471611201516
2012-04-28 11:00:00,119.89797139664671
2012-04-28 12:00:00,123.81617355431976
2012-04-28 13:00:00,155.51768753593788
2012-04-28 14:00:00,182.08117745048128
2012-04-28 15:00:00,198.6660082195265
2012-04-28 16:00:00,233.85542875628155
2012-04-28 17:00:00,236.3298632787927
2012-04-28 18:00:00,221.55954580228865
2012-04-28 19:00:00,154.84410609152692
2012-04-28 20:00:00,199.7092439508718
2012-04-28 21:00:00,193.30157451251534
2012-04-28 22:00:00,213.63901397760472
2012-04-28 23:00:00,239.10539860008382
2012-04-29 00:00:00,18.51596715410019
2012-04-29 01:00:00,20.87613884190093
2012-04-29 02:00:00,21.68846850335843
2012-04-29 03:00:00,23.902721102463467
2012-04-29 04:00:00,26.20303759801061
2012-04-29 05:00:00,29.446199707449594
2012-04-29 06:00:00,31.722986240635006
2012-04-29 07:00:00,34.86823669327448
2012-04-29 08:00:00,53.00595280254626
2012-04-29 09:00:00,65.70359233868523
2012-04-29 10:00:00,79.24671882564648
2012-04-29 11:00:00,117.30807378509789
2012-04-29 12:00:00,153.52686768569953
2012-04-29 13:00:00,173.2249849234625
2012-04-29 14:00:00,236.29011563028402
2012-04-29 15:00:00,267.2236368537043
2012-04-29 16:00:00,404.9110250457622
2012-04-29 17:00:00,467.8404043298689
2012-04-29 18:00:00,524.4920625798546
2012-04-29 19:00:00,416.3903087435193
2012-04-29 20:00:00,477.91991558313845
2012-04-29 21:00:00,393.7653349018723
2012-04-29 22:00:00,428.0105256010353
2012-04-29 23:00:00,371.41288033425474
2012-04-30 00:00:00,22.644730078935005
2012-04-30 01:00:00,22.43581471516127
2012-04-30 02:00:00,27.76483686909472
2012-04-30 03:00:00,27.831205903336233
2012-04-30 04:00:00,38.10428421887744
2012-04-30 05:00:00,42.345417029803066
2012-04-30 06:00:00,60.397714096711134
2012-04-30 07:00:00,64.03035803517449
2012-04-30 08:00:00,79.15484180466365
2012-04-30 09:00:00,86.85912192792149
2012-04-30 10:00:00,101.9151680757586
2012-04-30 11:00:00,109.95809507327164
2012-04-30 12:00:00,117.38365442225012
2012-04-30 13:00:00,129.30286753717826
2012-04-30 14:00:00,140.9249389722718
2012-04-30 15:00:00,160.31422402903223
2012-04-30 16:00:00,181.7603328857926
2012-04-30 17:00:00,200.10921841542978
2012-04-30 18:00:00,222.6852376466756
2012-04-30 19:00:00,226.6211165517908
2012-04-30 20:00:00,258.68333117398635
2012-04-30 21:00:00,286.84780261982314
2012-04-30 22:00:00,335.55250356808426
2012-04-30 23:00:00,377.5470955282638
2012-05-20 00:00:00,47.24332314913672
2012-05-20 01:00:00,50.23479776599465
2012-05-20 02:00:00,55.79156951638003
2012-05-20 03:00:00,57.64324296111451
2012-05-20 04:00:00,51.4630223294058
2012-05-20 05:00:00,52.18054403096227
2012-05-20 06:00:00,67.06206694339267
2012-05-20 07:00:00,72.30123628325471
2012-05-20 08:00:00,102.20896224845973
2012-05-20 09:00:00,202.97037094311395
2012-05-20 10:00:00,220.94041826530025
2012-05-20 11:00:00,239.4167661339558
2012-05-20 12:00:00,274.26278875472315
2012-05-20 13:00:00,296.36908651202884
2012-05-20 14:00:00,337.7890599385407
2012-05-20 15:00:00,361.2285901529005
2012-05-20 16:00:00,393.8505296198415
2012-05-20 17:00:00,414.1718130762219
2012-05-20 18:00:00,419.00902415277466
2012-05-20 19:00:00,382.36139969578875
2012-05-20 20:00:00,423.939621703169
2012-05-20 21:00:00,400.0744248459739
2012-05-20 22:00:00,398.20115357797636
2012-05-20 23:00:00,390.2537841751816
2012-05-21 00:00:00,23.982797076933696
2012-05-21 01:00:00,27.100118618589175
2012-05-21 02:00:00,25.837446547463117
2012-05-21 03:00:00,32.311595425733024
2012-05-21 04:00:00,35.513421500539366
2012-05-21 05:00:00,39.47355714957235
2012-05-21 06:00:00,43.86319717574267
2012-05-21 07:00:00,48.72892432932181
2012-05-21 08:00:00,53.521031758949015
2012-05-21 09:00:00,58.99486820313968
2012-05-21 10:00:00,68.70197851266701
2012-05-21 11:00:00,83.53306112269036
2012-05-21 12:00:00,94.77727925982143
2012-05-21 13:00:00,103.9831484530936
2012-05-21 14:00:00,113.68066171469601
2012-05-21 15:00:00,163.75649782021327
2012-05-21 16:00:00,184.3146033918403
2012-05-21 17:00:00,224.39325496361712
2012-05-21 18:00:00,220.99529960377896
2012-05-21 19:00:00,268.02376500026793
2012-05-21 20:00:00,290.937675243253
2012-05-21 21:00:00,318.9466001270088
2012-05-21 22:00:00,324.5680283223677
2012-05-21 23:00:00,374.76717317189707
2012-05-22 00:00:00,27.101724436520712
2012-05-22 01:00:00,28.91531445734047
2012-05-22 02:00:00,31.9187707976424
2012-05-22 03:00:00,35.48904146526561
2012-05-22 04:00:00,35.833314531184826
2012-05-22 05:00:00,39.66930080650591
2012-05-22 06:00:00,43.1030369230148
2012-05-22 07:00:00,47.88631938661162
2012-05-22 08:00:00,54.19970293121662
2012-05-22 09:00:00,68.89531734430801
2012-05-22 10:00:00,84.9791185690743
2012-05-22 11:00:00,92.2361098466699
2012-05-22 12:00:00,108.49332356995458
2012-05-22 13:00:00,130.8205555033021
2012-05-22 14:00:00,148.90429439963066
2012-05-22 15:00:00,220.22738930690028
2012-05-22 16:00:00,237.32499144104654
2012-05-22 17:00:00,304.4271054125502
2012-05-22 18:00:00,293.9688011239688
2012-05-22 19:00:00,285.601836125303
2012-05-22 20:00:00,290.64477115687026
2012-05-22 21:00:00,280.76548795947025
2012-05-22 22:00:00,332.2562233421065
2012-05-22 23:00:00,369.7503048495463
2012-05-23 00:00:00,32.419463778914285
2012-05-23 01:00:00,31.44253188014781
2012-05-23 02:00:00,34.560825770879624
2012-05-23 03:00:00,42.75368624582359
2012-05-23 04:00:00,41.14480317837172
2012-05-23 05:00:00,41.54243819481269
2012-05-23 06:00:00,45.4942679239913
2012-05-23 07:00:00,54.97510446876586
2012-05-23 08:00:00,61.0459955974384
2012-05-23 09:00:00,79.78420109540802
2012-05-23 10:00:00,91.562423210724
2012-05-23 11:00:00,110.84449631335505
2012-05-23 12:00:00,136.50289117342732
2012-05-23 13:00:00,142.89260980466486
2012-05-23 14:00:00,188.5694093044643
2012-05-23 15:00:00,219.6260962994985
2012-05-23 16:00:00,246.19612958465035
2012-05-23 17:00:00,220.13432173485216
2012-05-23 18:00:00,244.11788379884507
2012-05-23 19:00:00,210.4735764325303
2012-05-23 20:00:00,229.16660062519594
2012-05-23 21:00:00,248.59360849558917
2012-05-23 22:00:00,287.0133673561381
2012-05-23 23:00:00,309.2772168124455
2012-05-24 00:00:00,28.625839552416316
2012-05-24 01:00:00,28.489702955402322
2012-05-24 02:00:00,30.978755189106142
2012-05-24 03:00:00,34.96091584539294
2012-05-24 04:00:00,39.44807303908805
2012-05-24 05:00:00,43.834949135441185
2012-05-24 06:00:00,48.69761259170531
2012-05-24 07:00:00,60.134587238406624
2012-05-24 08:00:00,83.69982165416135
2012-05-24 09:00:00,93.5759650461171
2012-05-24 10:00:00,120.35672108435104
2012-05-24 11:00:00,137.91694865809384
2012-05-24 12:00:00,180.3161590811025
2012-05-24 13:00:00,222.8243758803004
2012-05-24 14:00:00,255.071982779072
2012-05-24 15:00:00,284.92341104839187
2012-05-24 16:00:00,324.14767535227895
2012-05-24 17:00:00,352.8888233674698
2012-05-24 18:00:00,388.9078210786737
2012-05-24 19:00:00,372.5447784603367
2012-05-24 20:00:00,337.7654873244244
2012-05-24 21:00:00,294.0780252113
2012-05-24 22:00:00,324.96368061714014
2012-05-24 23:00:00,362.96268903951676
2012-05-25 00:00:00,30.8929879932189
2012-05-25 01:00:00,33.96719887318087
2012-05-25 02:00:00,36.49645860363444
2012-05-25 03:00:00,37.283419570441446
2012-05-25 04:00:00,40.363518675788455
2012-05-25 05:00:00,45.866660555358905
2012-05-25 06:00:00,51.139547504690526
2012-05-25 07:00:00,57.64545371318475
2012-05-25 08:00:00,64.17542769100041
2012-05-25 09:00:00,71.77321165598305
2012-05-25 10:00:00,107.71704030960358
2012-05-25 11:00:00,118.62915219308368
2012-05-25 12:00:00,175.53156884513294
2012-05-25 13:00:00,208.52130101394397
2012-05-25 14:00:00,245.76689492828817
2012-05-25 15:00:00,277.5302096156581
2012-05-25 16:00:00,361.07500463394115
2012-05-25 17:00:00,348.8144010360436
2012-05-25 18:00:00,378.34017542570217
2012-05-25 19:00:00,399.1637528074012
2012-05-25 20:00:00,387.7300991039308
2012-05-25 21:00:00,426.7475918705952
2012-05-25 22:00:00,383.97846706182435
2012-05-25 23:00:00,399.60616964202313
2012-05-26 00:00:00,31.96364505991501
2012-05-26 01:00:00,35.27226146408046
2012-05-26 02:00:00,35.70993996452653
2012-05-26 03:00:00,38.70587489398327
2012-05-26 04:00:00,43.33456196629069
2012-05-26 05:00:00,55.35964238217783
2012-05-26 06:00:00,54.27495014995186
2012-05-26 07:00:00,59.14737104304428
2012-05-26 08:00:00,82.04732745959717
2012-05-26 09:00:00,82.88293939065068
2012-05-26 10:00:00,112.14312447689446
2012-05-26 11:00:00,142.2024983101093
2012-05-26 12:00:00,191.55956011255236
2012-05-26 13:00:00,224.92415962795383
2012-05-26 14:00:00,251.26730123816498
2012-05-26 15:00:00,282.74489319801336
2012-05-26 16:00:00,368.04589481341054
2012-05-26 17:00:00,409.02161170865236
2012-05-26 18:00:00,432.715345890611
2012-05-26 19:00:00,390.5031419861663
2012-05-26 20:00:00,491.9736054591151
2012-05-26 21:00:00,490.21255753906104
2012-05-26 22:00:00,450.0307340655326
2012-05-26 23:00:00,498.94816813168967
2012-05-27 00:00:00,46.237490680816066
2012-05-27 01:00:00,47.2199675210544
2012-05-27 02:00:00,51.548239313823046
2012-05-27 03:00:00,56.4022302173819
2012-05-27 04:00:00,50.65454717321485
2012-05-27 05:00:00,56.25684367923478
2012-05-27 06:00:00,62.00535186955658
2012-05-27 07:00:00,61.70263906580403
2012-05-27 08:00:00,77.01214480957032
2012-05-27 09:00:00,91.8792479097511
2012-05-27 10:00:00,125.7445326215698
2012-05-27 11:00:00,172.37630918188148
2012-05-27 12:00:00,198.95916522319845
2012-05-27 13:00:00,253.66203627322182
2012-05-27 14:00:00,285.43844021513723
2012-05-27 15:00:00,349.44322611460893
2012-05-27 16:00:00,387.4512422266595
2012-05-27 17:00:00,451.26675507045735
2012-05-27 18:00:00,436.1903064404263
2012-05-27 19:00:00,471.3645277311309
2012-05-27 20:00:00,509.180705888476
2012-05-27 21:00:00,417.2484113807187
2012-05-27 22:00:00,306.3938146561854
2012-05-27 23:00:00,351.1233854118309
2012-05-28 00:00:00,29.29146444939345
2012-05-28 01:00:00,36.65556184828029
2012-05-28 02:00:00,35.03247137160508
2012-05-28 03:00:00,47.8396459273415
2012-05-28 04:00:00,47.240801814898006
2012-05-28 05:00:00,52.47285378795923
2012-05-28 06:00:00,65.51644674152925
2012-05-28 07:00:00,66.35576946859003
2012-05-28 08:00:00,87.97801783265967
2012-05-28 09:00:00,117.77301375104399
2012-05-28 10:00:00,130.65477685537667
2012-05-28 11:00:00,148.06295111181927
2012-05-28 12:00:00,186.26857052304047
2012-05-28 13:00:00,247.9296974627228
2012-05-28 14:00:00,274.9278622063518
2012-05-28 15:00:00,340.48517632506224
2012-05-28 16:00:00,380.3029292052016
2012-05-28 17:00:00,418.5749444581143
2012-05-28 18:00:00,429.23880555669245
2012-05-28 19:00:00,489.8785066389431
2012-05-28 20:00:00,472.73359154112103
2012-05-28 21:00:00,475.82190242679076
2012-05-28 22:00:00,452.0858401611348
2012-05-28 23:00:00,471.47755849339126
2012-05-29 00:00:00,38.02162572472301
2012-05-29 01:00:00,42.253793644495076
2012-05-29 02:00:00,40.705827778736634
2012-05-29 03:00:00,49.948499289428625
2012-05-29 04:00:00,51.994252952620236
2012-05-29 05:00:00,57.74184990976771
2012-05-29 06:00:00,64.11281391034433
2012-05-29 07:00:00,71.1747534651296
2012-05-29 08:00:00,94.93585599742377
2012-05-29 09:00:00,117.40239131146276
2012-05-29 10:00:00,136.0588464803947
2012-05-29 11:00:00,176.12432678319888
2012-05-29 12:00:00,241.21072252433677
2012-05-29 13:00:00,293.4339712193449
2012-05-29 14:00:00,327.75742385374673
2012-05-29 15:00:00,377.59991176065455
2012-05-29 16:00:00,429.5274153377835
2012-05-29 17:00:00,474.05908798482085
2012-05-29 18:00:00,495.11266667145503
2012-05-29 19:00:00,475.8756782017054
2012-05-29 20:00:00,411.59430040236606
2012-05-29 21:00:00,237.11672715391813
2012-05-29 22:00:00,251.4954559241387
2012-05-29 23:00:00,238.48531863175344
2012-05-30 00:00:00,26.28022824781081
2012-05-30 01:00:00,29.908924916016208
2012-05-30 02:00:00,28.034761505431337
2012-05-30 03:00:00,35.78700228893271
2012-05-30 04:00:00,40.23585386753615
2012-05-30 05:00:00,55.69221380566177
2012-05-30 06:00:00,59.40889579937475
2012-05-30 07:00:00,66.68229081877078
2012-05-30 08:00:00,82.86986586730752
2012-05-30 09:00:00,101.77734138919149
2012-05-30 10:00:00,115.45118514757642
2012-05-30 11:00:00,137.6199618712623
2012-05-30 12:00:00,185.74471817558845
2012-05-30 13:00:00,215.63173307199912
2012-05-30 14:00:00,283.55407166406667
2012-05-30 15:00:00,283.12181001460766
2012-05-30 16:00:00,316.2508967315029
2012-05-30 17:00:00,360.51159706963665
2012-05-30 18:00:00,407.10670500727247
2012-05-30 19:00:00,411.8615997560995
2012-05-30 20:00:00,296.1449083076115
2012-05-30 21:00:00,446.8190505489689
2012-05-30 22:00:00,399.62485739511976
2012-05-30 23:00:00,470.8420113471069
2012-05-31 00:00:00,40.8145067031501
2012-05-31 01:00:00,44.84506700920333
2012-05-31 02:00:00,52.99472406334242
2012-05-31 03:00:00,55.30565587284009
2012-05-31 04:00:00,60.05808483871316
2012-05-31 05:00:00,71.01772828470446
2012-05-31 06:00:00,71.20805997354276
2012-05-31 07:00:00,95.11764138067312
2012-05-31 08:00:00,120.45344481476232
2012-05-31 09:00:00,155.79597696643177
2012-05-31 10:00:00,208.54013595430445
2012-05-31 11:00:00,239.99967972024447
2012-05-31 12:00:00,260.3410440275336
2012-05-31 13:00:00,293.39229104794896
2012-05-31 14:00:00,362.41036089511164
2012-05-31 15:00:00,399.92054066745675
2012-05-31 16:00:00,441.7848456454857
2012-05-31 17:00:00,490.3432934057681
2012-05-31 18:00:00,538.2544559247848
2012-05-31 19:00:00,557.2460141133904
2012-05-31 20:00:00,513.6879088582211
2012-05-31 21:00:00,569.5094082475779
2012-05-31 22:00:00,557.9950242875577
2012-05-31 23:00:00,590.7457747461876
2012-06-20 00:00:00,40.99120733669644
2012-06-20 01:00:00,42.65349503817761
2012-06-20 02:00:00,41.40050241460254
2012-06-20 03:00:00,45.65631203696071
2012-06-20 04:00:00,50.153580907260235
2012-06-20 05:00:00,55.70154412191836
2012-06-20 06:00:00,52.221117955577085
2012-06-20 07:00:00,58.60019847753872
2012-06-20 08:00:00,91.58280152617515
2012-06-20 09:00:00,114.05886717965502
2012-06-20 10:00:00,217.62325492917756
2012-06-20 11:00:00,264.8166988033947
2012-06-20 12:00:00,310.36858227581246
2012-06-20 13:00:00,343.83076972976914
2012-06-20 14:00:00,434.2505261754213
2012-06-20 15:00:00,503.9318679525428
2012-06-20 16:00:00,573.2007010690281
2012-06-20 17:00:00,600.8670063890072
2012-06-20 18:00:00,666.1436879495853
2012-06-20 19:00:00,737.0018239175095
2012-06-20 20:00:00,761.7349178621339
2012-06-20 21:00:00,733.3687385550093
2012-06-20 22:00:00,791.2627095140163
2012-06-20 23:00:00,696.8165977273236
2012-06-21 00:00:00,48.270202975676284
2012-06-21 01:00:00,47.15189918928443
2012-06-21 02:00:00,51.9862835018307
2012-06-21 03:00:00,60.758259532307655
2012-06-21 04:00:00,55.39410677065295
2012-06-21 05:00:00,61.73891022124828
2012-06-21 06:00:00,67.5187867500832
2012-06-21 07:00:00,74.9501278538876
2012-06-21 08:00:00,108.85186184313397
2012-06-21 09:00:00,181.3159128966073
2012-06-21 10:00:00,229.97907426656164
2012-06-21 11:00:00,290.2851249461012
2012-06-21 12:00:00,381.76451606122134
2012-06-21 13:00:00,403.59579771354777
2012-06-21 14:00:00,423.78818790088667
2012-06-21 15:00:00,549.8861944990771
2012-06-21 16:00:00,568.4542016859796
2012-06-21 17:00:00,554.7361223753895
2012-06-21 18:00:00,606.7129195693133
2012-06-21 19:00:00,721.3359772132799
2012-06-21 20:00:00,712.479102046662
2012-06-21 21:00:00,676.919574172352
2012-06-21 22:00:00,650.6297752376003
2012-06-21 23:00:00,728.8630099194136
2012-06-22 00:00:00,52.74927569463372
2012-06-22 01:00:00,57.50202467530773
2012-06-22 02:00:00,53.98336889517568
2012-06-22 03:00:00,59.94669937250442
2012-06-22 04:00:00,83.03801254260769
2012-06-22 05:00:00,88.30260349284363
2012-06-22 06:00:00,95.84011056896642
2012-06-22 07:00:00,122.56353326844308
2012-06-22 08:00:00,145.976714168082
2012-06-22 09:00:00,163.2609923457103
2012-06-22 10:00:00,218.8267081620609
2012-06-22 11:00:00,242.17843335682258
2012-06-22 12:00:00,293.70435662254715
2012-06-22 13:00:00,400.4519756332583
2012-06-22 14:00:00,443.99224698406846
2012-06-22 15:00:00,558.44315882881
2012-06-22 16:00:00,616.5159119533205
2012-06-22 17:00:00,509.73429607174756
2012-06-22 18:00:00,468.5046042472458
2012-06-22 19:00:00,495.0928961823431
2012-06-22 20:00:00,548.8976365399319
2012-06-22 21:00:00,428.3617508832035
2012-06-22 22:00:00,440.62117375382513
2012-06-22 23:00:00,419.3754444593609
2012-06-23 00:00:00,31.361659547367545
2012-06-23 01:00:00,41.6396421970096
2012-06-23 02:00:00,40.23213982873975
2012-06-23 03:00:00,43.55056952467146
2012-06-23 04:00:00,49.29267741972013
2012-06-23 05:00:00,55.15551425244807
2012-06-23 06:00:00,60.358049109019284
2012-06-23 07:00:00,68.26646738453812
2012-06-23 08:00:00,108.52065860869118
2012-06-23 09:00:00,146.55739010615156
2012-06-23 10:00:00,180.95033574543547
2012-06-23 11:00:00,225.00820092223415
2012-06-23 12:00:00,294.4680559519728
2012-06-23 13:00:00,374.55397715816883
2012-06-23 14:00:00,388.40572305552445
2012-06-23 15:00:00,505.8970194057068
2012-06-23 16:00:00,573.0019681685263
2012-06-23 17:00:00,628.0571488058936
2012-06-23 18:00:00,703.9734987526979
2012-06-23 19:00:00,725.477252386464
2012-06-23 20:00:00,732.7313681208711
2012-06-23 21:00:00,751.9483604141562
2012-06-23 22:00:00,753.938286179089
2012-06-23 23:00:00,732.2383177114925
2012-06-24 00:00:00,62.62768041248021
2012-06-24 01:00:00,64.96345855610018
2012-06-24 02:00:00,73.85994031872423
2012-06-24 03:00:00,65.41138812225532
2012-06-24 04:00:00,71.01678245935862
2012-06-24 05:00:00,74.99840892029951
2012-06-24 06:00:00,89.20299031036635
2012-06-24 07:00:00,91.73670536134023
2012-06-24 08:00:00,129.40735276150212
2012-06-24 09:00:00,165.02733797516004
2012-06-24 10:00:00,223.6383636019108
2012-06-24 11:00:00,256.3260010887047
2012-06-24 12:00:00,334.0172468244473
2012-06-24 13:00:00,375.8202714071591
2012-06-24 14:00:00,466.9817042319422
2012-06-24 15:00:00,541.1975607358943
2012-06-24 16:00:00,567.7255248234886
2012-06-24 17:00:00,610.5776846015589
2012-06-24 18:00:00,656.3887394056512
2012-06-24 19:00:00,670.276078563368
2012-06-24 20:00:00,630.2536122809815
2012-06-24 21:00:00,604.7744167724438
2012-06-24 22:00:00,630.3488123363379
2012-06-24 23:00:00,667.7030602905381
2012-06-25 00:00:00,51.45888808393889
2012-06-25 01:00:00,50.731614270115244
2012-06-25 02:00:00,52.1557241372467
2012-06-25 03:00:00,57.35124162690386
2012-06-25 04:00:00,51.923194935159266
2012-06-25 05:00:00,61.94800784401957
2012-06-25 06:00:00,60.588947104884284
2012-06-25 07:00:00,77.48161437260893
2012-06-25 08:00:00,92.16057679648765
2012-06-25 09:00:00,116.0381232603738
2012-06-25 10:00:00,164.13055320487882
2012-06-25 11:00:00,242.81627668992834
2012-06-25 12:00:00,232.69440836368207
2012-06-25 13:00:00,230.50921002385655
2012-06-25 14:00:00,304.7861129743371
2012-06-25 15:00:00,371.7348451952395
2012-06-25 16:00:00,464.95595775336267
2012-06-25 17:00:00,565.5072956084084
2012-06-25 18:00:00,577.6743198869777
2012-06-25 19:00:00,622.2661617310631
2012-06-25 20:00:00,656.4682851728734
2012-06-25 21:00:00,662.5301955696833
2012-06-25 22:00:00,756.4159935602379
2012-06-25 23:00:00,777.3714879329128
2012-06-26 00:00:00,74.10738287523093
2012-06-26 01:00:00,80.92218126682545
2012-06-26 02:00:00,63.70416586600413
2012-06-26 03:00:00,66.37652318870474
2012-06-26 04:00:00,73.95693932254507
2012-06-26 05:00:00,77.56689083378811
2012-06-26 06:00:00,79.18457910814111
2012-06-26 07:00:00,89.18990857514926
2012-06-26 08:00:00,109.78969137765696
2012-06-26 09:00:00,134.69194384483146
2012-06-26 10:00:00,186.65500266852365
2012-06-26 11:00:00,226.7877454187953
2012-06-26 12:00:00,261.2870547174809
2012-06-26 13:00:00,319.3776146767558
2012-06-26 14:00:00,354.1248051862739
2012-06-26 15:00:00,418.0273252293383
2012-06-26 16:00:00,466.20303433948476
2012-06-26 17:00:00,508.2325902943814
2012-06-26 18:00:00,555.271471013665
2012-06-26 19:00:00,595.6569899670393
2012-06-26 20:00:00,629.448091399112
2012-06-26 21:00:00,642.1649089696933
2012-06-26 22:00:00,699.366757873842
2012-06-26 23:00:00,676.4800993064055
2012-06-27 00:00:00,65.36189520470903
2012-06-27 01:00:00,69.81424081271678
2012-06-27 02:00:00,57.715657047158146
2012-06-27 03:00:00,68.5886434972608
2012-06-27 04:00:00,102.1689701169577
2012-06-27 05:00:00,109.07595926815995
2012-06-27 06:00:00,98.38573472931262
2012-06-27 07:00:00,136.74086947308953
2012-06-27 08:00:00,150.6320958512112
2012-06-27 09:00:00,173.6647571757641
2012-06-27 10:00:00,206.20207293478578
2012-06-27 11:00:00,267.72114035040806
2012-06-27 12:00:00,309.0916806228661
2012-06-27 13:00:00,379.71045301968917
2012-06-27 14:00:00,429.8754259590195
2012-06-27 15:00:00,489.79299746298636
2012-06-27 16:00:00,557.9603647273525
2012-06-27 17:00:00,609.5927041029953
2012-06-27 18:00:00,636.0727451129421
2012-06-27 19:00:00,662.2450638955502
2012-06-27 20:00:00,667.2805897371994
2012-06-27 21:00:00,664.1592966550093
2012-06-27 22:00:00,685.0774581251565
2012-06-27 23:00:00,658.1961020754695
2012-06-28 00:00:00,57.43876132887644
2012-06-28 01:00:00,58.424821441248696
2012-06-28 02:00:00,70.54088169779722
2012-06-28 03:00:00,78.29999011141203
2012-06-28 04:00:00,71.2754666445359
2012-06-28 05:00:00,86.55067357840554
2012-06-28 06:00:00,96.04615576786765
2012-06-28 07:00:00,97.43452253793987
2012-06-28 08:00:00,133.15923351711888
2012-06-28 09:00:00,149.38878505398597
2012-06-28 10:00:00,189.04440850333006
2012-06-28 11:00:00,289.89290713483535
2012-06-28 12:00:00,366.3291033564524
2012-06-28 13:00:00,426.84269567589484
2012-06-28 14:00:00,477.5262315182316
2012-06-28 15:00:00,529.4257443700955
2012-06-28 16:00:00,604.6118966369902
2012-06-28 17:00:00,680.5507657598041
2012-06-28 18:00:00,703.1562478600047
2012-06-28 19:00:00,735.5757502223328
2012-06-28 20:00:00,747.6968746576576
2012-06-28 21:00:00,564.621364362651
2012-06-28 22:00:00,650.3744879961423
2012-06-28 23:00:00,713.2526035739552
2012-06-29 00:00:00,67.94865872184072
2012-06-29 01:00:00,72.56465553989389
2012-06-29 02:00:00,72.83865997744697
2012-06-29 03:00:00,80.84697849805436
2012-06-29 04:00:00,77.41407222688197
2012-06-29 05:00:00,90.01321894945704
2012-06-29 06:00:00,100.23013589384155
2012-06-29 07:00:00,110.82583881568634
2012-06-29 08:00:00,142.20082892741004
2012-06-29 09:00:00,167.24349509497407
2012-06-29 10:00:00,327.1401442042895
2012-06-29 11:00:00,352.55972368540176
2012-06-29 12:00:00,426.59272820483193
2012-06-29 13:00:00,486.0918579690237
2012-06-29 14:00:00,596.7743509851215
2012-06-29 15:00:00,626.2599131860934
2012-06-29 16:00:00,694.2906328867384
2012-06-29 17:00:00,859.313745674719
2012-06-29 18:00:00,836.458643335893
2012-06-29 19:00:00,786.5944981111909
2012-06-29 20:00:00,985.886389975993
2012-06-29 21:00:00,792.316918254347
2012-06-29 22:00:00,745.616494273722
2012-06-29 23:00:00,826.5922690333052
2012-06-30 00:00:00,29.835378778082532
2012-06-30 01:00:00,33.68297799661336
2012-06-30 02:00:00,35.80343755676286
2012-06-30 03:00:00,39.79502747318149
2012-06-30 04:00:00,38.31362149243074
2012-06-30 05:00:00,51.767559366040416
2012-06-30 06:00:00,57.49056982001375
2012-06-30 07:00:00,63.83428073938261
2012-06-30 08:00:00,70.86601142590975
2012-06-30 09:00:00,78.66038242993503
2012-06-30 10:00:00,334.7410412861161
2012-06-30 11:00:00,371.15450274222655
2012-06-30 12:00:00,411.51725848221844
2012-06-30 13:00:00,456.2576370614392
2012-06-30 14:00:00,505.8504222594203
2012-06-30 15:00:00,560.821891473482
2012-06-30 16:00:00,637.9241799845238
2012-06-30 17:00:00,649.3841022014115
2012-06-30 18:00:00,687.2379084346567
2012-06-30 19:00:00,662.9473745027803
2012-06-30 20:00:00,657.069413815155
2012-06-30 21:00:00,728.4416390981005
2012-06-30 22:00:00,650.3632563264908
2012-06-30 23:00:00,707.9399489522442
2012-07-20 00:00:00,30.93699946974527
2012-07-20 01:00:00,35.60072279683165
2012-07-20 02:00:00,38.681999612619244
2012-07-20 03:00:00,43.14655278114241
2012-07-20 04:00:00,48.65510330695794
2012-07-20 05:00:00,53.63906940213087
2012-07-20 06:00:00,60.01007790817466
2012-07-20 07:00:00,67.12228887563062
2012-07-20 08:00:00,89.38427714335472
2012-07-20 09:00:00,111.6757217745947
2012-07-20 10:00:00,124.81390274483229
2012-07-20 11:00:00,158.78557196631732
2012-07-20 12:00:00,133.9293788297572
2012-07-20 13:00:00,146.39308809987853
2012-07-20 14:00:00,173.10747999871828
2012-07-20 15:00:00,200.6874715625886
2012-07-20 16:00:00,213.4391061579973
2012-07-20 17:00:00,200.50520491292679
2012-07-20 18:00:00,265.56819334944635
2012-07-20 19:00:00,253.08574844748927
2012-07-20 20:00:00,284.72582526750557
2012-07-20 21:00:00,310.99081805464886
2012-07-20 22:00:00,337.40040373159627
2012-07-20 23:00:00,382.4223335251837
2012-07-21 00:00:00,35.413676092469245
2012-07-21 01:00:00,39.519649179948345
2012-07-21 02:00:00,37.89727628945603
2012-07-21 03:00:00,41.80146122333974
2012-07-21 04:00:00,46.77256957014537
2012-07-21 05:00:00,51.56758259318399
2012-07-21 06:00:00,57.26890416907846
2012-07-21 07:00:00,64.31567857759121
2012-07-21 08:00:00,77.10181468048518
2012-07-21 09:00:00,84.3162428509036
2012-07-21 10:00:00,86.96547055895803
2012-07-21 11:00:00,108.84750980446127
2012-07-21 12:00:00,118.5304367066739
2012-07-21 13:00:00,129.57171344687382
2012-07-21 14:00:00,133.34689620497014
2012-07-21 15:00:00,146.25997916726618
2012-07-21 16:00:00,159.86269181134267
2012-07-21 17:00:00,176.01308435784853
2012-07-21 18:00:00,198.8732936758273
2012-07-21 19:00:00,218.940296882596
2012-07-21 20:00:00,240.08040045494715
2012-07-21 21:00:00,269.2355599786651
2012-07-21 22:00:00,294.1977845381671
2012-07-21 23:00:00,317.94797305998446
2012-07-22 00:00:00,30.586821682342716
2012-07-22 01:00:00,34.528184987639264
2012-07-22 02:00:00,37.80999783241438
2012-07-22 03:00:00,42.01921322880683
2012-07-22 04:00:00,46.003582899827464
2012-07-22 05:00:00,51.10144983818422
2012-07-22 06:00:00,66.14560902918046
2012-07-22 07:00:00,71.81297463098893
2012-07-22 08:00:00,88.91352244377836
2012-07-22 09:00:00,120.80545795525497
2012-07-22 10:00:00,124.15861746888507
2012-07-22 11:00:00,137.7329439070386
2012-07-22 12:00:00,177.8079707948305
2012-07-22 13:00:00,212.03264157945563
2012-07-22 14:00:00,250.7006676635685
2012-07-22 15:00:00,277.9993634838213
2012-07-22 16:00:00,318.43755041838506
2012-07-22 17:00:00,363.5871078155186
2012-07-22 18:00:00,397.2647824246508
2012-07-22 19:00:00,401.24158805091975
2012-07-22 20:00:00,405.3435678247878
2012-07-22 21:00:00,410.47092215860505
2012-07-22 22:00:00,501.9211343761349
2012-07-22 23:00:00,480.13494542160254
2012-07-23 00:00:00,28.646906089327036
2012-07-23 01:00:00,32.71317703705399
2012-07-23 02:00:00,32.3910813139687
2012-07-23 03:00:00,36.012577356711596
2012-07-23 04:00:00,40.478341573931516
2012-07-23 05:00:00,44.97695749047243
2012-07-23 06:00:00,58.86521066706923
2012-07-23 07:00:00,77.03534256886446
2012-07-23 08:00:00,97.76985173108281
2012-07-23 09:00:00,120.49200505386298
2012-07-23 10:00:00,165.7407379576978
2012-07-23 11:00:00,223.0004328091302
2012-07-23 12:00:00,247.29484464213664
2012-07-23 13:00:00,270.2303593812517
2012-07-23 14:00:00,273.24097285664925
2012-07-23 15:00:00,338.8486267562962
2012-07-23 16:00:00,400.22092521952777
2012-07-23 17:00:00,443.73613753882194
2012-07-23 18:00:00,518.2398132304712
2012-07-23 19:00:00,526.6894595270963
2012-07-23 20:00:00,459.99272287062763
2012-07-23 21:00:00,513.7326558774284
2012-07-23 22:00:00,534.1091541418173
2012-07-23 23:00:00,552.9547223638021
2012-07-24 00:00:00,44.53197859054477
2012-07-24 01:00:00,43.2009685362446
2012-07-24 02:00:00,42.24666032178581
2012-07-24 03:00:00,46.93706276022601
2012-07-24 04:00:00,51.17441803183427
2012-07-24 05:00:00,57.04447159803773
2012-07-24 06:00:00,63.81096889904979
2012-07-24 07:00:00,93.30351443248519
2012-07-24 08:00:00,118.34160258890081
2012-07-24 09:00:00,203.43318884754737
2012-07-24 10:00:00,224.57139668652744
2012-07-24 11:00:00,268.18324561926846
2012-07-24 12:00:00,268.10844039904663
2012-07-24 13:00:00,327.32675495673436
2012-07-24 14:00:00,356.3489149685964
2012-07-24 15:00:00,405.5251277067033
2012-07-24 16:00:00,397.4041734294974
2012-07-24 17:00:00,449.91163042911796
2012-07-24 18:00:00,401.6466987474296
2012-07-24 19:00:00,427.7287893580173
2012-07-24 20:00:00,432.1008803467763
2012-07-24 21:00:00,486.1426555673787
2012-07-24 22:00:00,542.9310003202585
2012-07-24 23:00:00,670.4289308039787
2012-07-25 00:00:00,61.30487700119824
2012-07-25 01:00:00,64.17257586060477
2012-07-25 02:00:00,66.33420133452414
2012-07-25 03:00:00,67.006555613698
2012-07-25 04:00:00,71.995664691152
2012-07-25 05:00:00,78.73842709456962
2012-07-25 06:00:00,88.03388343809144
2012-07-25 07:00:00,131.22475198017568
2012-07-25 08:00:00,166.8843637204149
2012-07-25 09:00:00,208.59954307826862
2012-07-25 10:00:00,215.04599360712882
2012-07-25 11:00:00,261.8263118559549
2012-07-25 12:00:00,290.3316615140047
2012-07-25 13:00:00,356.85687239155925
2012-07-25 14:00:00,418.2592086557877
2012-07-25 15:00:00,430.7321595886642
2012-07-25 16:00:00,517.9192011006004
2012-07-25 17:00:00,535.0290304560784
2012-07-25 18:00:00,651.4209894292395
2012-07-25 19:00:00,618.0140397848984
2012-07-25 20:00:00,600.7832620374749
2012-07-25 21:00:00,612.5873419016895
2012-07-25 22:00:00,557.2289832461317
2012-07-25 23:00:00,632.2919635918033
2012-07-26 00:00:00,50.10015607646832
2012-07-26 01:00:00,56.05852126433322
2012-07-26 02:00:00,58.96092099443479
2012-07-26 03:00:00,64.98091482026148
2012-07-26 04:00:00,66.3027639946207
2012-07-26 05:00:00,73.60221893530914
2012-07-26 06:00:00,75.50409672865041
2012-07-26 07:00:00,101.43769047440853
2012-07-26 08:00:00,111.28374150296295
2012-07-26 09:00:00,131.63301768134886
2012-07-26 10:00:00,155.97259629485987
2012-07-26 11:00:00,230.34035139480926
2012-07-26 12:00:00,309.6210659521624
2012-07-26 13:00:00,375.2192848753204
2012-07-26 14:00:00,496.53994501222365
2012-07-26 15:00:00,620.1665150151675
2012-07-26 16:00:00,723.7336766704215
2012-07-26 17:00:00,703.2536940818377
2012-07-26 18:00:00,856.2124635228826
2012-07-26 19:00:00,845.5444533183206
2012-07-26 20:00:00,774.6570584157325
2012-07-26 21:00:00,810.4892415908171
2012-07-26 22:00:00,898.5009190060127
2012-07-26 23:00:00,565.992386280675
2012-07-27 00:00:00,51.962724487641694
2012-07-27 01:00:00,59.22839012845755
2012-07-27 02:00:00,55.81351300680479
2012-07-27 03:00:00,67.4344476881495
2012-07-27 04:00:00,66.54736854049904
2012-07-27 05:00:00,68.40686732852097
2012-07-27 06:00:00,81.99389071194554
2012-07-27 07:00:00,113.19086934467312
2012-07-27 08:00:00,143.381227771154
2012-07-27 09:00:00,238.22809949056892
2012-07-27 10:00:00,254.10702249039417
2012-07-27 11:00:00,305.45163221771026
2012-07-27 12:00:00,341.7403893299795
2012-07-27 13:00:00,371.42239128150044
2012-07-27 14:00:00,440.771015983412
2012-07-27 15:00:00,509.1512319350662
2012-07-27 16:00:00,498.8550351024479
2012-07-27 17:00:00,635.0406568488893
2012-07-27 18:00:00,594.0396749592021
2012-07-27 19:00:00,625.2071881580284
2012-07-27 20:00:00,571.5172821797972
2012-07-27 21:00:00,633.6107811090665
2012-07-27 22:00:00,707.5901286567405
2012-07-27 23:00:00,660.8593607516265
2012-07-28 00:00:00,62.40033240214606
2012-07-28 01:00:00,60.545903339146726
2012-07-28 02:00:00,65.74063074664458
2012-07-28 03:00:00,72.97911840945729
2012-07-28 04:00:00,71.6473674218642
2012-07-28 05:00:00,73.97418139950177
2012-07-28 06:00:00,95.94370025147944
2012-07-28 07:00:00,114.41584367073555
2012-07-28 08:00:00,140.43845216197545
2012-07-28 09:00:00,188.17494055190457
2012-07-28 10:00:00,255.10035722968752
2012-07-28 11:00:00,323.5129095077992
2012-07-28 12:00:00,359.30187151560165
2012-07-28 13:00:00,431.10749262652575
2012-07-28 14:00:00,473.6959279397276
2012-07-28 15:00:00,588.6398718871151
2012-07-28 16:00:00,578.0077661622329
2012-07-28 17:00:00,553.5978544919827
2012-07-28 18:00:00,635.9333527187338
2012-07-28 19:00:00,285.53346515323625
2012-07-28 20:00:00,313.66221721300906
2012-07-28 21:00:00,363.08885137786126
2012-07-28 22:00:00,402.5768308797451
2012-07-28 23:00:00,413.68682145539094
2012-07-29 00:00:00,34.7892008616358
2012-07-29 01:00:00,43.53459143337217
2012-07-29 02:00:00,57.836131115951936
2012-07-29 03:00:00,70.91433639628487
2012-07-29 04:00:00,75.62708854319258
2012-07-29 05:00:00,70.74184713028856
2012-07-29 06:00:00,86.965289863337
2012-07-29 07:00:00,108.36029271916635
2012-07-29 08:00:00,135.39110164537115
2012-07-29 09:00:00,168.93654231503524
2012-07-29 10:00:00,176.09508462997948
2012-07-29 11:00:00,237.17305147300476
2012-07-29 12:00:00,269.8467058855121
2012-07-29 13:00:00,351.9156012293066
2012-07-29 14:00:00,392.7049607278857
2012-07-29 15:00:00,449.0869137295381
2012-07-29 16:00:00,497.90198388661037
2012-07-29 17:00:00,592.0017948602717
2012-07-29 18:00:00,636.0852729102928
2012-07-29 19:00:00,533.927755184304
2012-07-29 20:00:00,493.3707970328689
2012-07-29 21:00:00,501.9637459492251
2012-07-29 22:00:00,518.0731125491097
2012-07-29 23:00:00,559.8352290870647
2012-07-30 00:00:00,43.786523454344625
2012-07-30 01:00:00,47.566690260787254
2012-07-30 02:00:00,49.48927875114863
2012-07-30 03:00:00,44.7925807057829
2012-07-30 04:00:00,49.759105995983724
2012-07-30 05:00:00,56.722469304070415
2012-07-30 06:00:00,63.92500537098173
2012-07-30 07:00:00,84.36000451115936
2012-07-30 08:00:00,107.0137273519887
2012-07-30 09:00:00,123.05202415940548
2012-07-30 10:00:00,153.33739197625425
2012-07-30 11:00:00,209.9276044381964
2012-07-30 12:00:00,213.71611795635255
2012-07-30 13:00:00,297.6033385754916
2012-07-30 14:00:00,334.86268215039735
2012-07-30 15:00:00,374.0156603706033
2012-07-30 16:00:00,417.7431247704191
2012-07-30 17:00:00,388.12562560401693
2012-07-30 18:00:00,433.8756656533861
2012-07-30 19:00:00,563.3012505168039
2012-07-30 20:00:00,397.2149633077863
2012-07-30 21:00:00,437.18446782074756
2012-07-30 22:00:00,439.9416178200014
2012-07-30 23:00:00,489.6617946931309
2012-07-31 00:00:00,39.581207213665955
2012-07-31 01:00:00,38.70505040807696
2012-07-31 02:00:00,43.01134050924852
2012-07-31 03:00:00,47.2536567783924
2012-07-31 04:00:00,52.48710296205096
2012-07-31 05:00:00,59.38103764074437
2012-07-31 06:00:00,56.31277366944905
2012-07-31 07:00:00,79.26841657387482
2012-07-31 08:00:00,97.61294019468042
2012-07-31 09:00:00,127.44618451521261
2012-07-31 10:00:00,146.45782717170485
2012-07-31 11:00:00,195.83525168320165
2012-07-31 12:00:00,269.4478431208955
2012-07-31 13:00:00,297.7957411926066
2012-07-31 14:00:00,330.20222674911895
2012-07-31 15:00:00,288.014271991369
2012-07-31 16:00:00,346.94106805939936
2012-07-31 17:00:00,421.58358303808143
2012-07-31 18:00:00,438.7969925781581
2012-07-31 19:00:00,421.6896126979725
2012-07-31 20:00:00,372.7350898866219
2012-07-31 21:00:00,356.9059786274974
2012-07-31 22:00:00,433.2710537700958
2012-07-31 23:00:00,380.046548896542
2012-08-20 00:00:00,31.317230334809167
2012-08-20 01:00:00,35.758939548678924
2012-08-20 02:00:00,39.745703345252245
2012-08-20 03:00:00,38.969922170422464
2012-08-20 04:00:00,47.609942755467934
2012-08-20 05:00:00,51.71282187834396
2012-08-20 06:00:00,66.25529412774587
2012-08-20 07:00:00,75.98708532867441
2012-08-20 08:00:00,90.38875318737993
2012-08-20 09:00:00,107.36855534621334
2012-08-20 10:00:00,121.78627304640914
2012-08-20 11:00:00,150.57488222323843
2012-08-20 12:00:00,175.53231075559233
2012-08-20 13:00:00,221.51791086157382
2012-08-20 14:00:00,271.6886351960837
2012-08-20 15:00:00,307.9604850136493
2012-08-20 16:00:00,341.46940804971706
2012-08-20 17:00:00,347.4306009125993
2012-08-20 18:00:00,245.0490358224317
2012-08-20 19:00:00,267.7771004980554
2012-08-20 20:00:00,272.4762932145457
2012-08-20 21:00:00,275.8723150252075
2012-08-20 22:00:00,302.48457980301635
2012-08-20 23:00:00,335.3996026636368
2012-08-21 00:00:00,32.193813743182226
2012-08-21 01:00:00,36.19882382985023
2012-08-21 02:00:00,37.39074998691061
2012-08-21 03:00:00,37.867485365869854
2012-08-21 04:00:00,42.0829356868806
2012-08-21 05:00:00,51.65949122011813
2012-08-21 06:00:00,57.58411953206519
2012-08-21 07:00:00,76.15173277392725
2012-08-21 08:00:00,85.14564687479799
2012-08-21 09:00:00,111.9724257955249
2012-08-21 10:00:00,148.78064160105365
2012-08-21 11:00:00,190.95245758504797
2012-08-21 12:00:00,242.98071946927212
2012-08-21 13:00:00,290.8619428823748
2012-08-21 14:00:00,356.47264533100685
2012-08-21 15:00:00,386.64480704092523
2012-08-21 16:00:00,428.6875944993015
2012-08-21 17:00:00,411.7249023095787
2012-08-21 18:00:00,429.62385895538307
2012-08-21 19:00:00,288.1649971310667
2012-08-21 20:00:00,329.0197103624311
2012-08-21 21:00:00,364.8126535099392
2012-08-21 22:00:00,363.05508576836996
2012-08-21 23:00:00,361.23345149707177
2012-08-22 00:00:00,34.87357314123984
2012-08-22 01:00:00,42.16189483813005
2012-08-22 02:00:00,46.84310386768558
2012-08-22 03:00:00,52.03202272000434
2012-08-22 04:00:00,49.770746571020254
2012-08-22 05:00:00,62.09621754830342
2012-08-22 06:00:00,76.91472881581413
2012-08-22 07:00:00,79.05962871247254
2012-08-22 08:00:00,100.07618725200258
2012-08-22 09:00:00,130.99461463751405
2012-08-22 10:00:00,163.1024903928907
2012-08-22 11:00:00,195.6313804838884
2012-08-22 12:00:00,236.20128414993843
2012-08-22 13:00:00,290.5247499917252
2012-08-22 14:00:00,337.1809801159036
2012-08-22 15:00:00,359.8127938370033
2012-08-22 16:00:00,358.3618045618556
2012-08-22 17:00:00,397.3371028128072
2012-08-22 18:00:00,353.3128219526649
2012-08-22 19:00:00,307.71255939312107
2012-08-22 20:00:00,355.76024105564204
2012-08-22 21:00:00,376.1083479935595
2012-08-22 22:00:00,417.0083828592369
2012-08-22 23:00:00,372.5719476953826
2012-08-23 00:00:00,39.157563988365034
2012-08-23 01:00:00,38.95662627956017
2012-08-23 02:00:00,43.29020154153438
2012-08-23 03:00:00,49.18271916964092
2012-08-23 04:00:00,53.418347091408236
2012-08-23 05:00:00,59.32039700680587
2012-08-23 06:00:00,57.75785785311336
2012-08-23 07:00:00,73.91483407904201
2012-08-23 08:00:00,103.80502736407698
2012-08-23 09:00:00,127.81000808145937
2012-08-23 10:00:00,187.84868398476118
2012-08-23 11:00:00,242.70293575637078
2012-08-23 12:00:00,306.6662587636164
2012-08-23 13:00:00,382.9268623906583
2012-08-23 14:00:00,364.2010681303403
2012-08-23 15:00:00,395.0255405150077
2012-08-23 16:00:00,414.3245822069489
2012-08-23 17:00:00,487.8882861669231
2012-08-23 18:00:00,500.4192672332814
2012-08-23 19:00:00,512.6955239158133
2012-08-23 20:00:00,474.43970435010556
2012-08-23 21:00:00,529.8637850198522
2012-08-23 22:00:00,558.3695646622966
2012-08-23 23:00:00,517.2770012622331
2012-08-24 00:00:00,49.030624886217524
2012-08-24 01:00:00,49.54082725577277
2012-08-24 02:00:00,61.163486561550535
2012-08-24 03:00:00,61.797417443205646
2012-08-24 04:00:00,67.83334595489835
2012-08-24 05:00:00,68.2737993382619
2012-08-24 06:00:00,67.15986337295296
2012-08-24 07:00:00,83.16760112064708
2012-08-24 08:00:00,104.69680260721285
2012-08-24 09:00:00,163.52827625243162
2012-08-24 10:00:00,218.26024876444527
2012-08-24 11:00:00,248.33935952119631
2012-08-24 12:00:00,287.1908466546813
2012-08-24 13:00:00,362.3789509729574
2012-08-24 14:00:00,381.64660819009964
2012-08-24 15:00:00,378.1709234914008
2012-08-24 16:00:00,419.29465907922776
2012-08-24 17:00:00,439.62886729841756
2012-08-24 18:00:00,422.4417797078826
2012-08-24 19:00:00,478.6112225336867
2012-08-24 20:00:00,468.6753294365145
2012-08-24 21:00:00,544.140207353168
2012-08-24 22:00:00,579.4525452610438
2012-08-24 23:00:00,563.106310491622
2012-08-25 00:00:00,60.79231004599087
2012-08-25 01:00:00,57.74906792849454
2012-08-25 02:00:00,58.73911274937393
2012-08-25 03:00:00,71.23774781514189
2012-08-25 04:00:00,78.47045475056541
2012-08-25 05:00:00,80.46299350006325
2012-08-25 06:00:00,80.07159990519
2012-08-25 07:00:00,89.52247001986152
2012-08-25 08:00:00,114.35104784395006
2012-08-25 09:00:00,142.51872772547856
2012-08-25 10:00:00,174.19602577366743
2012-08-25 11:00:00,214.9095139373708
2012-08-25 12:00:00,264.5378478844631
2012-08-25 13:00:00,308.2306155273692
2012-08-25 14:00:00,241.5144226315573
2012-08-25 15:00:00,236.47021967135714
2012-08-25 16:00:00,264.7884763191852
2012-08-25 17:00:00,295.77986511780307
2012-08-25 18:00:00,365.7406192606069
2012-08-25 19:00:00,318.51748322428335
2012-08-25 20:00:00,309.9499464301887
2012-08-25 21:00:00,360.61373581107915
2012-08-25 22:00:00,399.8332717382806
2012-08-25 23:00:00,427.2612385672594
2012-08-26 00:00:00,37.18677499906906
2012-08-26 01:00:00,40.71416737039574
2012-08-26 02:00:00,45.05959525433046
2012-08-26 03:00:00,50.42896323019485
2012-08-26 04:00:00,55.17956425811231
2012-08-26 05:00:00,61.9736634666223
2012-08-26 06:00:00,69.38999816003519
2012-08-26 07:00:00,76.37428498559649
2012-08-26 08:00:00,114.98697658695922
2012-08-26 09:00:00,126.62878418158803
2012-08-26 10:00:00,201.51548550691297
2012-08-26 11:00:00,221.84230483250093
2012-08-26 12:00:00,212.86266414929645
2012-08-26 13:00:00,185.76162221727162
2012-08-26 14:00:00,154.63651875612112
2012-08-26 15:00:00,175.25912151316294
2012-08-26 16:00:00,194.37565460938902
2012-08-26 17:00:00,217.25516922628668
2012-08-26 18:00:00,230.49453155552519
2012-08-26 19:00:00,260.33178372733965
2012-08-26 20:00:00,291.93605279612365
2012-08-26 21:00:00,352.03847096071695
2012-08-26 22:00:00,346.37528933892776
2012-08-26 23:00:00,427.87253272325944
2012-08-27 00:00:00,32.73177235586891
2012-08-27 01:00:00,33.31430665389092
2012-08-27 02:00:00,37.45451016678868
2012-08-27 03:00:00,41.16119558501706
2012-08-27 04:00:00,49.92306557648665
2012-08-27 05:00:00,49.678402805802534
2012-08-27 06:00:00,55.17482963571075
2012-08-27 07:00:00,72.97884408424197
2012-08-27 08:00:00,82.82123873815979
2012-08-27 09:00:00,92.25182138650501
2012-08-27 10:00:00,143.6719181747078
2012-08-27 11:00:00,182.78469889487207
2012-08-27 12:00:00,212.16282873330155
2012-08-27 13:00:00,264.3478031585839
2012-08-27 14:00:00,346.79064392465466
2012-08-27 15:00:00,381.49531128153774
2012-08-27 16:00:00,418.3543153261252
2012-08-27 17:00:00,495.2676363328576
2012-08-27 18:00:00,488.8125320720473
2012-08-27 19:00:00,396.09981223289066
2012-08-27 20:00:00,435.9573871599067
2012-08-27 21:00:00,454.6588203629178
2012-08-27 22:00:00,406.05281914300485
2012-08-27 23:00:00,446.9203611585241
2012-08-28 00:00:00,43.196904168087784
2012-08-28 01:00:00,40.97390969989505
2012-08-28 02:00:00,50.70783099099291
2012-08-28 03:00:00,45.16629795004039
2012-08-28 04:00:00,56.86811402330139
2012-08-28 05:00:00,61.73981229830886
2012-08-28 06:00:00,60.723568998915006
2012-08-28 07:00:00,76.36870157142846
2012-08-28 08:00:00,84.8832548822776
2012-08-28 09:00:00,115.5218812685775
2012-08-28 10:00:00,177.48446286414745
2012-08-28 11:00:00,241.29035624397343
2012-08-28 12:00:00,304.99672245549647
2012-08-28 13:00:00,371.9993776486947
2012-08-28 14:00:00,448.4791070766581
2012-08-28 15:00:00,507.88098861759227
2012-08-28 16:00:00,557.7452571896121
2012-08-28 17:00:00,589.3892636755945
2012-08-28 18:00:00,585.7629002845637
2012-08-28 19:00:00,551.9719904554962
2012-08-28 20:00:00,575.9531498866833
2012-08-28 21:00:00,636.1988598836072
2012-08-28 22:00:00,609.7907240547931
2012-08-28 23:00:00,625.446257670963
2012-08-29 00:00:00,47.80612093219288
2012-08-29 01:00:00,53.13790918483339
2012-08-29 02:00:00,53.678494120639044
2012-08-29 03:00:00,59.168139568925426
2012-08-29 04:00:00,67.64416771833721
2012-08-29 05:00:00,74.53409809315967
2012-08-29 06:00:00,82.72629872195745
2012-08-29 07:00:00,104.53614036590348
2012-08-29 08:00:00,129.7269502507538
2012-08-29 09:00:00,180.19195924207833
2012-08-29 10:00:00,214.53002054329377
2012-08-29 11:00:00,231.61383837055266
2012-08-29 12:00:00,295.69873547248994
2012-08-29 13:00:00,307.9527384067087
2012-08-29 14:00:00,371.6327947718095
2012-08-29 15:00:00,422.74186844666394
2012-08-29 16:00:00,468.2805985600701
2012-08-29 17:00:00,565.0067681401374
2012-08-29 18:00:00,537.2036186839274
2012-08-29 19:00:00,483.8110033491547
2012-08-29 20:00:00,473.1706919862676
2012-08-29 21:00:00,545.3319972273825
2012-08-29 22:00:00,589.2872320199859
2012-08-29 23:00:00,624.2120393503061
2012-08-30 00:00:00,47.720210691993344
2012-08-30 01:00:00,56.38096820960016
2012-08-30 02:00:00,53.54350829056072
2012-08-30 03:00:00,59.45913281239813
2012-08-30 04:00:00,66.01634814091675
2012-08-30 05:00:00,73.28473928133425
2012-08-30 06:00:00,68.08295862408693
2012-08-30 07:00:00,93.27601193818809
2012-08-30 08:00:00,120.83507723261924
2012-08-30 09:00:00,159.18521382910112
2012-08-30 10:00:00,193.87002865287548
2012-08-30 11:00:00,281.053804281088
2012-08-30 12:00:00,292.0077993941512
2012-08-30 13:00:00,307.08766911637633
2012-08-30 14:00:00,343.0027928854382
2012-08-30 15:00:00,435.0660585936162
2012-08-30 16:00:00,504.8549817627973
2012-08-30 17:00:00,651.433286324734
2012-08-30 18:00:00,643.6492586982511
2012-08-30 19:00:00,574.6469302373895
2012-08-30 20:00:00,551.1111595064672
2012-08-30 21:00:00,536.9078855384638
2012-08-30 22:00:00,508.2696569439569
2012-08-30 23:00:00,561.7616551474712
2012-08-31 00:00:00,44.10491242962203
2012-08-31 01:00:00,48.99685529113719
2012-08-31 02:00:00,44.627689068920176
2012-08-31 03:00:00,49.20864616441702
2012-08-31 04:00:00,53.28672051448951
2012-08-31 05:00:00,59.616644540420054
2012-08-31 06:00:00,65.44296269109186
2012-08-31 07:00:00,71.31613100823724
2012-08-31 08:00:00,118.33708015809478
2012-08-31 09:00:00,150.6115667272153
2012-08-31 10:00:00,199.27704017851954
2012-08-31 11:00:00,416.85322215742474
2012-08-31 12:00:00,471.22469059688285
2012-08-31 13:00:00,541.3626359530348
2012-08-31 14:00:00,622.7908597396988
2012-08-31 15:00:00,704.3524806440945
2012-08-31 16:00:00,772.3234836083219
2012-08-31 17:00:00,751.6173787014391
2012-08-31 18:00:00,776.137232322618
2012-08-31 19:00:00,663.5000543050285
2012-08-31 20:00:00,735.5697274742704
2012-08-31 21:00:00,676.6099683775286
2012-08-31 22:00:00,750.1015033155056
2012-08-31 23:00:00,717.9560880102753
2012-09-20 00:00:00,42.03339444079011
2012-09-20 01:00:00,39.02537128052768
2012-09-20 02:00:00,43.20483873150248
2012-09-20 03:00:00,42.02922989814314
2012-09-20 04:00:00,47.9321739072765
2012-09-20 05:00:00,53.23921001376751
2012-09-20 06:00:00,57.60303498323607
2012-09-20 07:00:00,62.79678088643995
2012-09-20 08:00:00,91.93070147607833
2012-09-20 09:00:00,127.13216802158236
2012-09-20 10:00:00,162.13070018768923
2012-09-20 11:00:00,240.59457552879636
2012-09-20 12:00:00,275.7495498485699
2012-09-20 13:00:00,301.27280814388405
2012-09-20 14:00:00,323.87124400241987
2012-09-20 15:00:00,359.2536555045389
2012-09-20 16:00:00,395.2599260048671
2012-09-20 17:00:00,424.88500070515767
2012-09-20 18:00:00,432.82405856494756
2012-09-20 19:00:00,381.9935255542672
2012-09-20 20:00:00,377.4241201512348
2012-09-20 21:00:00,424.64339900116875
2012-09-20 22:00:00,388.95135149980365
2012-09-20 23:00:00,465.28786307505885
2012-09-21 00:00:00,42.87488683026242
2012-09-21 01:00:00,43.3129920921343
2012-09-21 02:00:00,48.119045660595035
2012-09-21 03:00:00,48.946804440053455
2012-09-21 04:00:00,53.16252018821519
2012-09-21 05:00:00,54.65355000658353
2012-09-21 06:00:00,67.02432520475143
2012-09-21 07:00:00,75.19374289283823
2012-09-21 08:00:00,94.79058623124854
2012-09-21 09:00:00,121.18080404873545
2012-09-21 10:00:00,174.00910989985516
2012-09-21 11:00:00,211.94635312012758
2012-09-21 12:00:00,239.27285748994893
2012-09-21 13:00:00,286.8399144310182
2012-09-21 14:00:00,328.7241528410903
2012-09-21 15:00:00,357.8698346323619
2012-09-21 16:00:00,393.8902025154226
2012-09-21 17:00:00,412.9953218126268
2012-09-21 18:00:00,414.0792840277506
2012-09-21 19:00:00,418.31218007384007
2012-09-21 20:00:00,429.9133267417743
2012-09-21 21:00:00,440.62458218529275
2012-09-21 22:00:00,481.4183696215614
2012-09-21 23:00:00,551.6296909276222
2012-09-22 00:00:00,51.495156705224744
2012-09-22 01:00:00,44.59532847477917
2012-09-22 02:00:00,43.862823524856616
2012-09-22 03:00:00,53.03930134168534
2012-09-22 04:00:00,58.90024109746482
2012-09-22 05:00:00,66.12916723507439
2012-09-22 06:00:00,72.86703446755158
2012-09-22 07:00:00,89.23902838097993
2012-09-22 08:00:00,119.07549876355795
2012-09-22 09:00:00,143.54113432713464
2012-09-22 10:00:00,178.0465736734843
2012-09-22 11:00:00,231.8371381355348
2012-09-22 12:00:00,283.28849206120856
2012-09-22 13:00:00,333.78003822978917
2012-09-22 14:00:00,392.7977285191356
2012-09-22 15:00:00,432.64224800846375
2012-09-22 16:00:00,451.6341135271309
2012-09-22 17:00:00,500.7254452973064
2012-09-22 18:00:00,524.3974319856491
2012-09-22 19:00:00,518.129039168877
2012-09-22 20:00:00,619.414994231513
2012-09-22 21:00:00,614.7883696159388
2012-09-22 22:00:00,671.393953207226
2012-09-22 23:00:00,827.7764757590901
2012-09-23 00:00:00,92.00324774734388
2012-09-23 01:00:00,67.32700647799075
2012-09-23 02:00:00,74.94078926998651
2012-09-23 03:00:00,70.75076870819932
2012-09-23 04:00:00,74.60470832378932
2012-09-23 05:00:00,78.45049822810184
2012-09-23 06:00:00,80.48694032985557
2012-09-23 07:00:00,95.90931139685412
2012-09-23 08:00:00,120.83414802218313
2012-09-23 09:00:00,146.10637523047436
2012-09-23 10:00:00,186.08745931938938
2012-09-23 11:00:00,209.93619684050205
2012-09-23 12:00:00,234.91717303428854
2012-09-23 13:00:00,345.85484356115865
2012-09-23 14:00:00,386.2892259956339
2012-09-23 15:00:00,465.5074006848976
2012-09-23 16:00:00,529.5049919177709
2012-09-23 17:00:00,466.3719734401084
2012-09-23 18:00:00,473.38060783458155
2012-09-23 19:00:00,467.47694056354385
2012-09-23 20:00:00,518.2865376057765
2012-09-23 21:00:00,511.1605334423187
2012-09-23 22:00:00,558.5960103602197
2012-09-23 23:00:00,514.6383960434036
2012-09-24 00:00:00,36.808228824219356
2012-09-24 01:00:00,37.87022552845924
2012-09-24 02:00:00,44.27036822647065
2012-09-24 03:00:00,50.11802432537833
2012-09-24 04:00:00,49.88997427750031
2012-09-24 05:00:00,59.33251229666343
2012-09-24 06:00:00,70.05753281705509
2012-09-24 07:00:00,71.09914753393483
2012-09-24 08:00:00,102.76557494273769
2012-09-24 09:00:00,123.3342998564196
2012-09-24 10:00:00,149.07489571018877
2012-09-24 11:00:00,203.56890430937014
2012-09-24 12:00:00,238.79520288914443
2012-09-24 13:00:00,341.2121963063445
2012-09-24 14:00:00,356.4651553351289
2012-09-24 15:00:00,389.8336369376197
2012-09-24 16:00:00,397.9704882565427
2012-09-24 17:00:00,414.60639556984256
2012-09-24 18:00:00,403.3246037093644
2012-09-24 19:00:00,416.8647431383235
2012-09-24 20:00:00,376.55583977590265
2012-09-24 21:00:00,413.37152331581274
2012-09-24 22:00:00,468.50090680792414
2012-09-24 23:00:00,396.89778138878654
2012-09-25 00:00:00,35.41539951635028
2012-09-25 01:00:00,34.968894485677325
2012-09-25 02:00:00,34.78138843587952
2012-09-25 03:00:00,41.966762055651756
2012-09-25 04:00:00,47.15093030928834
2012-09-25 05:00:00,47.20149547034672
2012-09-25 06:00:00,56.032730751860136
2012-09-25 07:00:00,61.75720170150706
2012-09-25 08:00:00,85.35123531341924
2012-09-25 09:00:00,125.43597556380054
2012-09-25 10:00:00,154.47686643668695
2012-09-25 11:00:00,227.7129241553975
2012-09-25 12:00:00,263.45898683722504
2012-09-25 13:00:00,272.9909035747069
2012-09-25 14:00:00,348.3464168207161
2012-09-25 15:00:00,404.25654732149565
2012-09-25 16:00:00,425.10295126884023
2012-09-25 17:00:00,469.5968150011343
2012-09-25 18:00:00,497.50712044441275
2012-09-25 19:00:00,484.41817378636443
2012-09-25 20:00:00,495.4901505156456
2012-09-25 21:00:00,549.3379758808866
2012-09-25 22:00:00,606.8045173179615
2012-09-25 23:00:00,680.1560411398405
2012-09-26 00:00:00,48.28662207900442
2012-09-26 01:00:00,54.033526115537235
2012-09-26 02:00:00,58.66513022278865
2012-09-26 03:00:00,65.13623042346337
2012-09-26 04:00:00,61.1601385912869
2012-09-26 05:00:00,67.40093083273379
2012-09-26 06:00:00,71.88343946433824
2012-09-26 07:00:00,73.93066502638868
2012-09-26 08:00:00,93.87487091011968
2012-09-26 09:00:00,136.91917752245016
2012-09-26 10:00:00,131.04466422985976
2012-09-26 11:00:00,184.9158150413664
2012-09-26 12:00:00,210.4017421913544
2012-09-26 13:00:00,252.25315567728282
2012-09-26 14:00:00,341.541993721859
2012-09-26 15:00:00,380.0808012001635
2012-09-26 16:00:00,439.4599376232187
2012-09-26 17:00:00,467.2251736907315
2012-09-26 18:00:00,508.61353363180604
2012-09-26 19:00:00,490.8804441177085
2012-09-26 20:00:00,409.1438770175611
2012-09-26 21:00:00,482.05318130267847
2012-09-26 22:00:00,475.9793641513843
2012-09-26 23:00:00,442.9208450697279
2012-09-27 00:00:00,40.62857740357502
2012-09-27 01:00:00,45.14348744540695
2012-09-27 02:00:00,50.14807102299808
2012-09-27 03:00:00,54.46517861210408
2012-09-27 04:00:00,44.26250513563407
2012-09-27 05:00:00,58.24818937370261
2012-09-27 06:00:00,59.24664543614279
2012-09-27 07:00:00,82.73283496277064
2012-09-27 08:00:00,111.48517451979858
2012-09-27 09:00:00,137.02160819067663
2012-09-27 10:00:00,212.88829827581174
2012-09-27 11:00:00,236.8336406099566
2012-09-27 12:00:00,272.9970392563041
2012-09-27 13:00:00,292.88932782161527
2012-09-27 14:00:00,358.88007946807636
2012-09-27 15:00:00,389.25543852201076
2012-09-27 16:00:00,371.59161496750755
2012-09-27 17:00:00,313.94699207518244
2012-09-27 18:00:00,341.7864594998371
2012-09-27 19:00:00,398.4076986319564
2012-09-27 20:00:00,406.839035961444
2012-09-27 21:00:00,344.32721919175845
2012-09-27 22:00:00,381.78036861196574
2012-09-27 23:00:00,409.5703679864842
2012-09-28 00:00:00,33.457087765506344
2012-09-28 01:00:00,35.68910131006703
2012-09-28 02:00:00,42.75192422370993
2012-09-28 03:00:00,51.4609950842741
2012-09-28 04:00:00,48.60934709744445
2012-09-28 05:00:00,53.81428574310931
2012-09-28 06:00:00,55.074930148412406
2012-09-28 07:00:00,59.80788491407316
2012-09-28 08:00:00,86.8090514001901
2012-09-28 09:00:00,98.78027483063366
2012-09-28 10:00:00,123.11656312743506
2012-09-28 11:00:00,161.70113363268783
2012-09-28 12:00:00,255.97909479371432
2012-09-28 13:00:00,297.1065660775038
2012-09-28 14:00:00,314.74427500868336
2012-09-28 15:00:00,340.3981895926944
2012-09-28 16:00:00,382.62576778902906
2012-09-28 17:00:00,406.5861308794548
2012-09-28 18:00:00,470.1586627357172
2012-09-28 19:00:00,519.0137232738757
2012-09-28 20:00:00,537.6211624285903
2012-09-28 21:00:00,600.4105813258117
2012-09-28 22:00:00,577.89357448979
2012-09-28 23:00:00,588.2767710307514
2012-09-29 00:00:00,51.540832590106845
2012-09-29 01:00:00,57.23925294128875
2012-09-29 02:00:00,66.8285857630709
2012-09-29 03:00:00,68.045178187144
2012-09-29 04:00:00,77.53480959892964
2012-09-29 05:00:00,77.16800236005912
2012-09-29 06:00:00,86.92170595355789
2012-09-29 07:00:00,88.47093292186138
2012-09-29 08:00:00,99.87612706360154
2012-09-29 09:00:00,117.0060824604636
2012-09-29 10:00:00,156.46863977807635
2012-09-29 11:00:00,191.93223157584333
2012-09-29 12:00:00,306.4094651421538
2012-09-29 13:00:00,339.7501692375404
2012-09-29 14:00:00,378.1383958027975
2012-09-29 15:00:00,400.5704165321414
2012-09-29 16:00:00,458.01700041365126
2012-09-29 17:00:00,545.0549265639781
2012-09-29 18:00:00,424.02924869185904
2012-09-29 19:00:00,381.5319223943925
2012-09-29 20:00:00,426.1253375668192
2012-09-29 21:00:00,465.57979941567237
2012-09-29 22:00:00,439.28341026474595
2012-09-29 23:00:00,515.6621327405364
2012-09-30 00:00:00,47.79248460470306
2012-09-30 01:00:00,53.08437043044316
2012-09-30 02:00:00,53.63591209142746
2012-09-30 03:00:00,55.4054349220628
2012-09-30 04:00:00,61.52299839473741
2012-09-30 05:00:00,59.860225917563376
2012-09-30 06:00:00,67.95727541357503
2012-09-30 07:00:00,68.31806217987913
2012-09-30 08:00:00,96.85059928152188
2012-09-30 09:00:00,121.93022320837838
2012-09-30 10:00:00,196.13810756739386
2012-09-30 11:00:00,271.2230822972853
2012-09-30 12:00:00,315.90176500193587
2012-09-30 13:00:00,346.4398738190679
2012-09-30 14:00:00,384.1221553928746
2012-09-30 15:00:00,459.70238978107403
2012-09-30 16:00:00,505.9562747453583
2012-09-30 17:00:00,577.6877418564803
2012-09-30 18:00:00,357.8998090317887
2012-09-30 19:00:00,285.39393430348014
2012-09-30 20:00:00,316.45535726230287
2012-09-30 21:00:00,368.98487520524395
2012-09-30 22:00:00,372.7579074322199
2012-09-30 23:00:00,422.4839186386315
2012-10-20 00:00:00,32.89400685364153
2012-10-20 01:00:00,42.721135348187396
2012-10-20 02:00:00,42.18610890426554
2012-10-20 03:00:00,45.68397396258996
2012-10-20 04:00:00,54.79490081735064
2012-10-20 05:00:00,48.82269496945385
2012-10-20 06:00:00,66.38345227696368
2012-10-20 07:00:00,60.21599391085475
2012-10-20 08:00:00,95.97240846161847
2012-10-20 09:00:00,128.4443895720956
2012-10-20 10:00:00,163.8013471738773
2012-10-20 11:00:00,191.87289556014238
2012-10-20 12:00:00,233.84207569696392
2012-10-20 13:00:00,275.43810365687176
2012-10-20 14:00:00,307.04297706232717
2012-10-20 15:00:00,325.26858154735817
2012-10-20 16:00:00,380.12140970960456
2012-10-20 17:00:00,448.1162611959911
2012-10-20 18:00:00,466.5669233042199
2012-10-20 19:00:00,447.18903109968284
2012-10-20 20:00:00,555.1828087385892
2012-10-20 21:00:00,510.9413402380838
2012-10-20 22:00:00,501.26177169107876
2012-10-20 23:00:00,471.4743064511238
2012-10-21 00:00:00,51.10942788524761
2012-10-21 01:00:00,52.404717119662415
2012-10-21 02:00:00,52.166465574208914
2012-10-21 03:00:00,51.72543903179585
2012-10-21 04:00:00,49.129618727883276
2012-10-21 05:00:00,63.78252845809355
2012-10-21 06:00:00,76.09972510725157
2012-10-21 07:00:00,84.46172892339246
2012-10-21 08:00:00,89.68558092611536
2012-10-21 09:00:00,132.89781758579716
2012-10-21 10:00:00,180.93006728147304
2012-10-21 11:00:00,221.94952148359243
2012-10-21 12:00:00,274.3684218389594
2012-10-21 13:00:00,318.03048698251354
2012-10-21 14:00:00,358.23009943473687
2012-10-21 15:00:00,410.51256113702686
2012-10-21 16:00:00,416.6835368344224
2012-10-21 17:00:00,437.0272867951691
2012-10-21 18:00:00,477.4887845234238
2012-10-21 19:00:00,486.08301870761875
2012-10-21 20:00:00,509.91440741843365
2012-10-21 21:00:00,437.4783334967874
2012-10-21 22:00:00,465.8814761541584
2012-10-21 23:00:00,533.5513094227377
2012-10-22 00:00:00,34.68714534787004
2012-10-22 01:00:00,33.51166789602053
2012-10-22 02:00:00,36.03572784135878
2012-10-22 03:00:00,47.60358951865202
2012-10-22 04:00:00,48.08891244145203
2012-10-22 05:00:00,46.79475840265829
2012-10-22 06:00:00,48.68678876156088
2012-10-22 07:00:00,67.33884488667064
2012-10-22 08:00:00,79.42187575737184
2012-10-22 09:00:00,98.98461020621089
2012-10-22 10:00:00,129.56913257864684
2012-10-22 11:00:00,217.09689941868544
2012-10-22 12:00:00,246.25315414056263
2012-10-22 13:00:00,365.7258116491765
2012-10-22 14:00:00,407.888398577232
2012-10-22 15:00:00,449.7725360787948
2012-10-22 16:00:00,469.0652468120373
2012-10-22 17:00:00,512.4861579958437
2012-10-22 18:00:00,283.16231570225324
2012-10-22 19:00:00,364.7977473492847
2012-10-22 20:00:00,352.02152831248134
2012-10-22 21:00:00,333.4131423730447
2012-10-22 22:00:00,288.01273040778375
2012-10-22 23:00:00,317.02921020467494
2012-10-23 00:00:00,27.443264805529367
2012-10-23 01:00:00,36.25057064490287
2012-10-23 02:00:00,32.594264480463536
2012-10-23 03:00:00,42.99655000398496
2012-10-23 04:00:00,45.87105735901606
2012-10-23 05:00:00,52.46912802039412
2012-10-23 06:00:00,50.506334472551906
2012-10-23 07:00:00,64.20237982647058
2012-10-23 08:00:00,79.22233192346832
2012-10-23 09:00:00,94.19957216263745
2012-10-23 10:00:00,132.1223341745715
2012-10-23 11:00:00,204.3210021779225
2012-10-23 12:00:00,254.91233093415488
2012-10-23 13:00:00,285.1742698765356
2012-10-23 14:00:00,360.1341906120906
2012-10-23 15:00:00,405.196054115823
2012-10-23 16:00:00,415.3118221295651
2012-10-23 17:00:00,471.4597351440193
2012-10-23 18:00:00,430.6892741953275
2012-10-23 19:00:00,449.35006921612535
2012-10-23 20:00:00,385.7380196935651
2012-10-23 21:00:00,376.964521633499
2012-10-23 22:00:00,428.81540099905544
2012-10-23 23:00:00,426.6647196998929
2012-10-24 00:00:00,40.13324865658231
2012-10-24 01:00:00,47.11815911385076
2012-10-24 02:00:00,52.33690962918626
2012-10-24 03:00:00,48.417623621011494
2012-10-24 04:00:00,53.77731014036908
2012-10-24 05:00:00,54.0639068551298
2012-10-24 06:00:00,59.63528208398379
2012-10-24 07:00:00,62.14261971371069
2012-10-24 08:00:00,76.40211774435434
2012-10-24 09:00:00,92.62613349890734
2012-10-24 10:00:00,110.42740685539836
2012-10-24 11:00:00,151.71221922136107
2012-10-24 12:00:00,204.86930397841505
2012-10-24 13:00:00,255.46515089686184
2012-10-24 14:00:00,463.6830619962553
2012-10-24 15:00:00,418.3675687894144
2012-10-24 16:00:00,528.8380388274102
2012-10-24 17:00:00,429.52513481331863
2012-10-24 18:00:00,498.42727696304445
2012-10-24 19:00:00,486.99352347108686
2012-10-24 20:00:00,462.9600726648728
2012-10-24 21:00:00,515.1594182802035
2012-10-24 22:00:00,549.4759204775304
2012-10-24 23:00:00,498.8342349947414
2012-10-25 00:00:00,57.473939504412556
2012-10-25 01:00:00,51.91184346749201
2012-10-25 02:00:00,46.97009356420777
2012-10-25 03:00:00,43.52562373457466
2012-10-25 04:00:00,47.99593498944071
2012-10-25 05:00:00,54.10958523947607
2012-10-25 06:00:00,60.53395003282912
2012-10-25 07:00:00,67.20773679771013
2012-10-25 08:00:00,79.96708684404146
2012-10-25 09:00:00,89.40577341518656
2012-10-25 10:00:00,101.00716374700903
2012-10-25 11:00:00,111.2485423943464
2012-10-25 12:00:00,137.61076115902733
2012-10-25 13:00:00,148.76271378572068
2012-10-25 14:00:00,211.76804444486575
2012-10-25 15:00:00,274.0229239497552
2012-10-25 16:00:00,278.8101097621016
2012-10-25 17:00:00,309.1574709539955
2012-10-25 18:00:00,240.0165851141956
2012-10-25 19:00:00,263.42972420171793
2012-10-25 20:00:00,255.34826078449098
2012-10-25 21:00:00,283.1510205473709
2012-10-25 22:00:00,346.13915382626584
2012-10-25 23:00:00,388.0233381296039
2012-10-26 00:00:00,38.79958566107116
2012-10-26 01:00:00,35.9510287603934
2012-10-26 02:00:00,40.108325120028674
2012-10-26 03:00:00,45.237769475009586
2012-10-26 04:00:00,50.252578597377095
2012-10-26 05:00:00,54.986886607404564
2012-10-26 06:00:00,60.833062739457624
2012-10-26 07:00:00,67.78979372247642
2012-10-26 08:00:00,78.33696243465695
2012-10-26 09:00:00,86.94161026857292
2012-10-26 10:00:00,95.77082673272967
2012-10-26 11:00:00,129.80783992812232
2012-10-26 12:00:00,161.74594343609866
2012-10-26 13:00:00,190.78101197866454
2012-10-26 14:00:00,255.6861360934603
2012-10-26 15:00:00,294.7233602007059
2012-10-26 16:00:00,242.90277679808943
2012-10-26 17:00:00,250.93330573617285
2012-10-26 18:00:00,265.9846222607164
2012-10-26 19:00:00,266.60063519405645
2012-10-26 20:00:00,295.62379357213945
2012-10-26 21:00:00,356.48283467913643
2012-10-26 22:00:00,349.2678886009764
2012-10-26 23:00:00,394.512631139415
2012-10-27 00:00:00,32.84083241643288
2012-10-27 01:00:00,36.093527408655476
2012-10-27 02:00:00,40.72201042802215
2012-10-27 03:00:00,45.42768323544629
2012-10-27 04:00:00,49.89019440839561
2012-10-27 05:00:00,61.234551769302634
2012-10-27 06:00:00,67.98432368699498
2012-10-27 07:00:00,72.75194522950119
2012-10-27 08:00:00,92.82594189138
2012-10-27 09:00:00,103.00202076918833
2012-10-27 10:00:00,130.6460254215103
2012-10-27 11:00:00,171.72844339028154
2012-10-27 12:00:00,271.10353419522795
2012-10-27 13:00:00,349.99643127595834
2012-10-27 14:00:00,370.7634105887139
2012-10-27 15:00:00,272.9790531866529
2012-10-27 16:00:00,284.8224490205023
2012-10-27 17:00:00,315.8218904079189
2012-10-27 18:00:00,350.1834377797501
2012-10-27 19:00:00,317.5579281596283
2012-10-27 20:00:00,352.1077609538078
2012-10-27 21:00:00,390.40476448394094
2012-10-27 22:00:00,436.03252557072426
2012-10-27 23:00:00,530.9416634923447
2012-10-28 00:00:00,48.67622218262521
2012-10-28 01:00:00,49.55230597760301
2012-10-28 02:00:00,58.75635364661081
2012-10-28 03:00:00,70.97923242616147
2012-10-28 04:00:00,79.37016559399027
2012-10-28 05:00:00,86.79412608829841
2012-10-28 06:00:00,103.16063410984361
2012-10-28 07:00:00,113.61541185234465
2012-10-28 08:00:00,134.18834745350682
2012-10-28 09:00:00,153.06964226327614
2012-10-28 10:00:00,174.7127321989846
2012-10-28 11:00:00,198.67598071515732
2012-10-28 12:00:00,193.75734000844398
2012-10-28 13:00:00,210.97274691597585
2012-10-28 14:00:00,243.42795263710119
2012-10-28 15:00:00,256.80008508820623
2012-10-28 16:00:00,254.65772529623467
2012-10-28 17:00:00,238.22823188330108
2012-10-28 18:00:00,189.7088836095932
2012-10-28 19:00:00,203.55442060892437
2012-10-28 20:00:00,231.61611947112414
2012-10-28 21:00:00,287.51508196089634
2012-10-28 22:00:00,314.16582424396086
2012-10-28 23:00:00,307.8049470016939
2012-10-29 00:00:00,27.086432503043987
2012-10-30 13:00:00,85.22051978811703
2012-10-30 14:00:00,94.57173750640271
2012-10-30 15:00:00,96.34464370395372
2012-10-30 16:00:00,106.90235037542377
2012-10-30 17:00:00,117.73559763512694
2012-10-30 18:00:00,131.91266791076947
2012-10-30 19:00:00,295.80542326168427
2012-10-30 20:00:00,176.79911222695404
2012-10-30 21:00:00,186.62965510561432
2012-10-30 22:00:00,223.7372459214931
2012-10-30 23:00:00,248.11157028397494
2012-10-31 00:00:00,23.373784334313882
2012-10-31 01:00:00,25.918905966496748
2012-10-31 02:00:00,28.21755239265984
2012-10-31 03:00:00,32.19552172787752
2012-10-31 04:00:00,31.220011305307363
2012-10-31 05:00:00,38.79242131557335
2012-10-31 06:00:00,43.93248101272985
2012-10-31 07:00:00,43.64041794241836
2012-10-31 08:00:00,57.435509459702374
2012-10-31 09:00:00,68.90347991976519
2012-10-31 10:00:00,85.73546162072576
2012-10-31 11:00:00,103.35566015748604
2012-10-31 12:00:00,148.04357963118983
2012-10-31 13:00:00,193.02775270029835
2012-10-31 14:00:00,211.67720823949432
2012-10-31 15:00:00,220.11256680596804
2012-10-31 16:00:00,244.93411203304984
2012-10-31 17:00:00,243.83693962144798
2012-10-31 18:00:00,270.3912161846759
2012-10-31 19:00:00,341.10795895733156
2012-10-31 20:00:00,378.2119571149633
2012-10-31 21:00:00,419.34014308593163
2012-10-31 22:00:00,366.30096447859927
2012-10-31 23:00:00,414.70187140917005
2012-11-20 00:00:00,29.676010189282014
2012-11-20 01:00:00,36.0469696807596
2012-11-20 02:00:00,32.659820898669594
2012-11-20 03:00:00,40.72571577347739
2012-11-20 04:00:00,48.3945351279508
2012-11-20 05:00:00,52.95721177188864
2012-11-20 06:00:00,54.849970552180594
2012-11-20 07:00:00,55.95971045212145
2012-11-20 08:00:00,67.88789990509616
2012-11-20 09:00:00,79.43831394292285
2012-11-20 10:00:00,103.87471535911706
2012-11-20 11:00:00,117.24348720678613
2012-11-20 12:00:00,127.22372391509226
2012-11-20 13:00:00,167.27354576144748
2012-11-20 14:00:00,190.35807042525113
2012-11-20 15:00:00,228.24141824547604
2012-11-20 16:00:00,212.45006456512237
2012-11-20 17:00:00,202.56847546655536
2012-11-20 18:00:00,238.01301722938132
2012-11-20 19:00:00,239.2635413122078
2012-11-20 20:00:00,238.0110461163713
2012-11-20 21:00:00,278.8664540715663
2012-11-20 22:00:00,309.21992619745
2012-11-20 23:00:00,274.2509700942819
2012-11-21 00:00:00,26.6152476508693
2012-11-21 01:00:00,28.45246802533109
2012-11-21 02:00:00,26.070731494112533
2012-11-21 03:00:00,29.006741444142868
2012-11-21 04:00:00,32.261182184584314
2012-11-21 05:00:00,35.86858975925402
2012-11-21 06:00:00,41.0325021613903
2012-11-21 07:00:00,44.11609809106356
2012-11-21 08:00:00,54.93337047078453
2012-11-21 09:00:00,71.14610432834743
2012-11-21 10:00:00,105.54073292276968
2012-11-21 11:00:00,157.46003455040102
2012-11-21 12:00:00,213.75325904804592
2012-11-21 13:00:00,261.6321282000509
2012-11-21 14:00:00,306.6307529298289
2012-11-21 15:00:00,316.6085848541106
2012-11-21 16:00:00,359.700408117741
2012-11-21 17:00:00,338.55777712998486
2012-11-21 18:00:00,393.8451158225794
2012-11-21 19:00:00,387.7777189554613
2012-11-21 20:00:00,290.4358690737859
2012-11-21 21:00:00,395.6820801800736
2012-11-21 22:00:00,431.19773318089466
2012-11-21 23:00:00,385.7311592916924
2012-11-22 00:00:00,34.070017134718526
2012-11-22 01:00:00,36.0001363219496
2012-11-22 02:00:00,31.00676291684074
2012-11-22 03:00:00,34.607788474768256
2012-11-22 04:00:00,33.56604019266322
2012-11-22 05:00:00,42.750466806077554
2012-11-22 06:00:00,53.02551673008894
2012-11-22 07:00:00,49.784479069705235
2012-11-22 08:00:00,57.13295554228685
2012-11-22 09:00:00,86.95987043214575
2012-11-22 10:00:00,119.50636953757771
2012-11-22 11:00:00,191.92947110455196
2012-11-22 12:00:00,235.6810261439671
2012-11-22 13:00:00,286.8688775428724
2012-11-22 14:00:00,338.7405640231069
2012-11-22 15:00:00,375.5878016612068
2012-11-22 16:00:00,379.34815546229606
2012-11-22 17:00:00,395.0569767541611
2012-11-22 18:00:00,363.55269077809066
2012-11-22 19:00:00,228.68824262917337
2012-11-22 20:00:00,264.90012225497696
2012-11-22 21:00:00,338.6412785932392
2012-11-22 22:00:00,367.1572382706022
2012-11-22 23:00:00,343.68594344454164
2012-11-23 00:00:00,32.9558215274069
2012-11-23 01:00:00,28.235846224951757
2012-11-23 02:00:00,33.36938501071079
2012-11-23 03:00:00,40.50324277723171
2012-11-23 04:00:00,38.749865944668336
2012-11-23 05:00:00,40.793863821706715
2012-11-23 06:00:00,45.32670033029647
2012-11-23 07:00:00,50.35115462520185
2012-11-23 08:00:00,48.84332849030778
2012-11-23 09:00:00,69.95228052826147
2012-11-23 10:00:00,107.70061899953095
2012-11-23 11:00:00,167.39709362889405
2012-11-23 12:00:00,241.35822248610964
2012-11-23 13:00:00,278.46575674898077
2012-11-23 14:00:00,337.12276041430493
2012-11-23 15:00:00,335.4308845626311
2012-11-23 16:00:00,354.5393317710958
2012-11-23 17:00:00,403.75481869596473
2012-11-23 18:00:00,392.90767064488693
2012-11-23 19:00:00,433.32889289500724
2012-11-23 20:00:00,522.5720639910405
2012-11-23 21:00:00,550.6139153088122
2012-11-23 22:00:00,780.8860711159786
2012-11-23 23:00:00,762.731887598409
2012-11-24 00:00:00,70.58512046677639
2012-11-24 01:00:00,56.98223544179965
2012-11-24 02:00:00,66.05038690647442
2012-11-24 03:00:00,64.58763435068052
2012-11-24 04:00:00,66.50325028263258
2012-11-24 05:00:00,74.02960555857933
2012-11-24 06:00:00,75.09723070855716
2012-11-24 07:00:00,90.16090027136713
2012-11-24 08:00:00,95.64242482268942
2012-11-24 09:00:00,110.70102580633527
2012-11-24 10:00:00,116.76894849186863
2012-11-24 11:00:00,144.6675213821291
2012-11-24 12:00:00,187.15264805298852
2012-11-24 13:00:00,215.5694472964081
2012-11-24 14:00:00,250.51133225787052
2012-11-24 15:00:00,256.9037108956557
2012-11-24 16:00:00,258.1575774509644
2012-11-24 17:00:00,260.9431525100089
2012-11-24 18:00:00,302.8650819630198
2012-11-24 19:00:00,320.47520622708896
2012-11-24 20:00:00,320.6863855646067
2012-11-24 21:00:00,359.1716014337069
2012-11-24 22:00:00,404.1133542880074
2012-11-24 23:00:00,441.5345231474599
2012-11-25 00:00:00,39.10057343758601
2012-11-25 01:00:00,46.33274718910319
2012-11-25 02:00:00,50.24612013248699
2012-11-25 03:00:00,60.01609887638972
2012-11-25 04:00:00,66.63372106558236
2012-11-25 05:00:00,66.02728595228871
2012-11-25 06:00:00,74.58167428227807
2012-11-25 07:00:00,77.8488718139823
2012-11-25 08:00:00,85.54402846699939
2012-11-25 09:00:00,100.17391939523668
2012-11-25 10:00:00,113.23994207535713
2012-11-25 11:00:00,146.38701451534556
2012-11-25 12:00:00,162.37216590353142
2012-11-25 13:00:00,177.46319497599194
2012-11-25 14:00:00,211.4398873644938
2012-11-25 15:00:00,237.1313944037397
2012-11-25 16:00:00,273.2341871763035
2012-11-25 17:00:00,280.3574036462659
2012-11-25 18:00:00,287.5690395101517
2012-11-25 19:00:00,352.7832960044051
2012-11-25 20:00:00,283.6880466888924
2012-11-25 21:00:00,389.9131159626097
2012-11-25 22:00:00,348.78962385083946
2012-11-25 23:00:00,323.2877651534167
2012-11-26 00:00:00,25.32908512359969
2012-11-26 01:00:00,27.26064416825085
2012-11-26 02:00:00,30.325708460665716
2012-11-26 03:00:00,33.723200388516524
2012-11-26 04:00:00,38.74762174287406
2012-11-26 05:00:00,40.68848860070328
2012-11-26 06:00:00,47.83698427141524
2012-11-26 07:00:00,58.411629180981066
2012-11-26 08:00:00,64.85523542268199
2012-11-26 09:00:00,87.3593236175661
2012-11-26 10:00:00,116.34386969567291
2012-11-26 11:00:00,189.99105623962782
2012-11-26 12:00:00,213.90435652250858
2012-11-26 13:00:00,237.21223533588469
2012-11-26 14:00:00,256.37764169651166
2012-11-26 15:00:00,290.6200302608298
2012-11-26 16:00:00,351.3686423502044
2012-11-26 17:00:00,365.8447041615591
2012-11-26 18:00:00,273.43727465738505
2012-11-26 19:00:00,287.112895744995
2012-11-26 20:00:00,338.32933944052945
2012-11-26 21:00:00,375.13197689978284
2012-11-26 22:00:00,335.56343915215894
2012-11-26 23:00:00,338.8017882562842
2012-11-27 00:00:00,31.682498243255
2012-11-27 01:00:00,33.470488080860335
2012-11-27 02:00:00,36.2864847777
2012-11-27 03:00:00,40.881610636895914
2012-11-27 04:00:00,35.22458044855378
2012-11-27 05:00:00,39.9037756282938
2012-11-27 06:00:00,45.12413888657344
2012-11-27 07:00:00,49.18869781544775
2012-11-27 08:00:00,56.885277926931
2012-11-27 09:00:00,65.49110513728886
2012-11-27 10:00:00,70.64314128196742
2012-11-27 11:00:00,66.56969166469554
2012-11-27 12:00:00,73.13544759756574
2012-11-27 13:00:00,81.08191926452771
2012-11-27 14:00:00,89.42409337540391
2012-11-27 15:00:00,122.73958991331533
2012-11-27 16:00:00,136.1600128995645
2012-11-27 17:00:00,154.4082431119481
2012-11-27 18:00:00,142.39521378375343
2012-11-27 19:00:00,187.47983707000947
2012-11-27 20:00:00,190.56375544680168
2012-11-27 21:00:00,184.6498614992283
2012-11-27 22:00:00,212.00847589375158
2012-11-27 23:00:00,237.75326379366197
2012-11-28 00:00:00,24.242543373290545
2012-11-28 01:00:00,27.67931528807552
2012-11-28 02:00:00,30.789787388323784
2012-11-28 03:00:00,37.01292641223072
2012-11-28 04:00:00,40.82834766401876
2012-11-28 05:00:00,46.16670985541823
2012-11-28 06:00:00,54.848649570502616
2012-11-28 07:00:00,69.43958464464903
2012-11-28 08:00:00,67.99877534687151
2012-11-28 09:00:00,95.0348030086621
2012-11-28 10:00:00,118.98560825122874
2012-11-28 11:00:00,142.45457379295172
2012-11-28 12:00:00,169.3293090732868
2012-11-28 13:00:00,190.88823804785486
2012-11-28 14:00:00,224.0233090170416
2012-11-28 15:00:00,282.66485459843835
2012-11-28 16:00:00,322.09928202631085
2012-11-28 17:00:00,336.29517409410823
2012-11-28 18:00:00,351.8391669269298
2012-11-28 19:00:00,373.73983799587074
2012-11-28 20:00:00,424.66069086226014
2012-11-28 21:00:00,424.9403103817343
2012-11-28 22:00:00,403.29614262094805
2012-11-28 23:00:00,423.91867637692167
2012-11-29 00:00:00,33.79960416085468
2012-11-29 01:00:00,33.15349324334926
2012-11-29 02:00:00,37.23143181875085
2012-11-29 04:00:00,35.92315794925312
2012-11-29 05:00:00,45.7390310352775
2012-11-29 06:00:00,52.5021341763489
2012-11-29 07:00:00,60.950131287196264
2012-11-29 08:00:00,60.272898536853596
2012-11-29 09:00:00,85.26929646856266
2012-11-29 10:00:00,92.61141065745026
2012-11-29 11:00:00,179.71170143589939
2012-11-29 12:00:00,187.62618012676057
2012-11-29 13:00:00,256.9132033997722
2012-11-29 14:00:00,223.71548768674353
2012-11-29 15:00:00,243.80172223634906
2012-11-29 16:00:00,287.9519285330125
2012-11-29 17:00:00,311.52593231696727
2012-11-29 18:00:00,285.16325506468127
2012-11-29 19:00:00,285.3442265860862
2012-11-29 20:00:00,324.26156368636384
2012-11-29 21:00:00,274.50602971843995
2012-11-29 22:00:00,288.10628647508247
2012-11-29 23:00:00,382.152429575351
2012-11-30 00:00:00,28.559910543167852
2012-11-30 01:00:00,31.15962892067458
2012-11-30 02:00:00,33.45539672259175
2012-11-30 03:00:00,37.192325206839506
2012-11-30 04:00:00,39.98557526256546
2012-11-30 05:00:00,39.780494406821944
2012-11-30 06:00:00,40.272571407785954
2012-11-30 07:00:00,50.74432585315911
2012-11-30 08:00:00,55.16338075898375
2012-11-30 09:00:00,66.9417848104027
2012-11-30 10:00:00,98.54167913985137
2012-11-30 11:00:00,138.80197068434222
2012-11-30 12:00:00,184.62222060388763
2012-11-30 13:00:00,241.31643013940695
2012-11-30 14:00:00,263.6997062118312
2012-11-30 15:00:00,311.3307869884116
2012-11-30 16:00:00,315.56784649637177
2012-11-30 17:00:00,280.6584279429578
2012-11-30 18:00:00,256.11774889967825
2012-11-30 19:00:00,257.71121547171055
2012-11-30 20:00:00,285.7702541783144
2012-11-30 21:00:00,264.86290301054925
2012-11-30 22:00:00,296.6070230111027
2012-11-30 23:00:00,322.02317740799464
2012-12-20 00:00:00,39.12888606406259
2012-12-20 01:00:00,40.196075252359094
2012-12-20 02:00:00,44.66407741437788
2012-12-20 03:00:00,44.16077830989405
2012-12-20 04:00:00,49.05878021641068
2012-12-20 05:00:00,54.69080702981654
2012-12-20 06:00:00,66.00533417754937
2012-12-20 07:00:00,67.84991140366184
2012-12-20 08:00:00,75.31716528942482
2012-12-20 09:00:00,83.59429502626227
2012-12-20 10:00:00,98.67312386398652
2012-12-20 11:00:00,128.6445342323433
2012-12-20 12:00:00,159.44377226727153
2012-12-20 13:00:00,167.60507667906487
2012-12-20 14:00:00,197.5771901944701
2012-12-20 15:00:00,199.56004914171928
2012-12-20 16:00:00,228.04181064961432
2012-12-20 17:00:00,213.98957995087795
2012-12-20 18:00:00,219.90798761047927
2012-12-20 19:00:00,237.02495287173375
2012-12-20 20:00:00,245.99815985546527
2012-12-20 21:00:00,272.7868358516254
2012-12-20 22:00:00,257.7411916877386
2012-12-20 23:00:00,371.7362483077287
2012-12-21 00:00:00,37.94769962433678
2012-12-21 01:00:00,44.58188225261805
2012-12-21 02:00:00,46.64023032410418
2012-12-21 03:00:00,51.80714612331575
2012-12-21 04:00:00,63.479802089405105
2012-12-21 05:00:00,61.98268095686355
2012-12-21 06:00:00,92.91185751009611
2012-12-21 07:00:00,99.84908770955688
2012-12-21 08:00:00,109.67075630982602
2012-12-21 09:00:00,146.45286767185567
2012-12-21 10:00:00,173.72590242963233
2012-12-21 11:00:00,188.43077897411058
2012-12-21 12:00:00,215.55890369328742
2012-12-21 13:00:00,242.58084737080236
2012-12-21 14:00:00,270.982788829348
2012-12-21 15:00:00,273.8483968579334
2012-12-21 16:00:00,313.2090626864092
2012-12-21 17:00:00,243.4344220293479
2012-12-21 18:00:00,267.9687154001216
2012-12-21 19:00:00,378.8176900246478
2012-12-21 20:00:00,455.7350436834742
2012-12-21 21:00:00,477.8406998176227
2012-12-21 22:00:00,491.55927803079777
2012-12-21 23:00:00,560.5484360436046
2012-12-22 00:00:00,53.4374058903625
2012-12-22 01:00:00,57.38958212430019
2012-12-22 02:00:00,64.91539569036166
2012-12-22 03:00:00,66.52011722641505
2012-12-22 04:00:00,76.39796456757206
2012-12-22 05:00:00,84.03095685416258
2012-12-22 06:00:00,99.14650106761277
2012-12-22 07:00:00,110.00808874429532
2012-12-22 08:00:00,123.97322809105081
2012-12-22 09:00:00,126.433508034992
2012-12-22 10:00:00,138.20480802314202
2012-12-22 11:00:00,183.28706153977222
2012-12-22 12:00:00,236.16906754671706
2012-12-22 13:00:00,265.33088146247275
2012-12-22 14:00:00,295.2953084650893
2012-12-22 15:00:00,341.775196151582
2012-12-22 16:00:00,334.5515503085474
2012-12-22 17:00:00,335.8679291537364
2012-12-22 18:00:00,336.39615890109474
2012-12-22 19:00:00,341.948365615484
2012-12-22 20:00:00,385.3655015216587
2012-12-22 21:00:00,394.18512933928605
2012-12-22 22:00:00,437.045717428548
2012-12-22 23:00:00,489.45167786788636
2012-12-23 00:00:00,48.80261454632054
2012-12-23 01:00:00,54.760791384599564
2012-12-23 02:00:00,54.908158510000064
2012-12-23 03:00:00,60.51975425545387
2012-12-23 04:00:00,71.45582506839077
2012-12-23 05:00:00,79.48907162786858
2012-12-23 06:00:00,64.86618415069623
2012-12-23 07:00:00,72.00983197118578
2012-12-23 08:00:00,69.61574975855807
2012-12-23 09:00:00,102.60119028743073
2012-12-23 10:00:00,107.85643025070101
2012-12-23 11:00:00,143.8007532859383
2012-12-23 12:00:00,211.4388744186637
2012-12-23 13:00:00,255.36559192121715
2012-12-23 14:00:00,325.8656255751383
2012-12-23 15:00:00,353.4481876034627
2012-12-23 16:00:00,397.6757801830002
2012-12-23 17:00:00,339.87223726371053
2012-12-23 18:00:00,384.8492217781564
2012-12-23 19:00:00,457.2589352866478
2012-12-23 20:00:00,334.9998409881674
2012-12-23 21:00:00,333.3185876574612
2012-12-23 22:00:00,414.10811889925117
2012-12-23 23:00:00,477.02200216547857
2012-12-24 00:00:00,31.460700515352382
2012-12-24 01:00:00,34.98129026072948
2012-12-24 02:00:00,34.26250956765827
2012-12-24 03:00:00,38.08697507853967
2012-12-24 05:00:00,39.484401376930975
2012-12-24 06:00:00,52.23393826333351
2012-12-24 07:00:00,63.627483505744145
2012-12-24 08:00:00,72.97903245779094
2012-12-24 09:00:00,84.66466267091307
2012-12-24 10:00:00,100.87342903957568
2012-12-24 11:00:00,114.26322410474339
2012-12-24 12:00:00,145.71323354816985
2012-12-24 13:00:00,99.33578751386327
2012-12-24 14:00:00,100.54648723997852
2012-12-24 15:00:00,107.74275684528084
2012-12-24 16:00:00,119.53666851556244
2012-12-24 17:00:00,123.10070642677512
2012-12-24 18:00:00,138.96855536846834
2012-12-24 19:00:00,152.07146911549484
2012-12-24 20:00:00,166.7843105408243
2012-12-24 21:00:00,188.9339548653909
2012-12-24 22:00:00,220.99102758331736
2012-12-24 23:00:00,242.32824219001162
2012-12-25 00:00:00,22.059500296449933
2012-12-25 01:00:00,27.843716596947544
2012-12-25 02:00:00,30.972019167674564
2012-12-25 04:00:00,37.55643070812586
2012-12-25 05:00:00,35.99992881448395
2012-12-25 06:00:00,40.012829580514776
2012-12-25 07:00:00,44.794995326989024
2012-12-25 08:00:00,59.691017735210096
2012-12-25 09:00:00,62.11947224335683
2012-12-25 10:00:00,87.09882737980342
2012-12-25 11:00:00,108.37164529270245
2012-12-25 12:00:00,122.31365760249052
2012-12-25 13:00:00,251.5170623511235
2012-12-25 14:00:00,284.82886999672735
2012-12-25 15:00:00,258.5273494116764
2012-12-25 16:00:00,283.4724600811836
2012-12-25 17:00:00,264.8445956301087
2012-12-25 18:00:00,256.08810012414654
2012-12-25 19:00:00,281.8993910412165
2012-12-25 20:00:00,317.1992160807167
2012-12-25 21:00:00,338.2365769769817
2012-12-25 22:00:00,356.2088006313879
2012-12-25 23:00:00,408.4724627686464
2012-12-26 00:00:00,37.61562691493166
2012-12-26 01:00:00,38.31817182140921
2012-12-26 02:00:00,42.58250223707478
2012-12-26 03:00:00,42.99370190313586
2012-12-26 04:00:00,47.482333088421115
2012-12-26 05:00:00,52.864450468608595
2012-12-26 06:00:00,57.84002255274783
2012-12-26 07:00:00,46.955606629741936
2012-12-26 08:00:00,52.156727192563984
2012-12-26 09:00:00,57.92194561609859
2012-12-26 10:00:00,63.83604023387124
2012-12-26 11:00:00,71.47719738980093
2012-12-26 12:00:00,80.64179708460577
2012-12-26 13:00:00,89.49642033816991
2012-12-26 14:00:00,91.83065894567201
2012-12-26 15:00:00,118.47426398234421
2012-12-26 16:00:00,131.43208257328263
2012-12-26 17:00:00,133.03007158670613
2012-12-26 18:00:00,155.1101110838029
2012-12-26 19:00:00,195.97258100346156
2012-12-26 20:00:00,207.89864409227678
2012-12-26 21:00:00,242.18213990467345
2012-12-26 22:00:00,214.01362266203253
2012-12-26 23:00:00,267.3347231734291
2012-12-27 00:00:00,24.90304768750709
2012-12-27 01:00:00,24.502200523438617
2012-12-27 02:00:00,30.3089175426648
2012-12-27 03:00:00,34.015329383066536
2012-12-27 04:00:00,37.56590468618007
2012-12-27 05:00:00,52.09129152085
2012-12-27 06:00:00,61.532074327522075
2012-12-27 07:00:00,68.17350597662544
2012-12-27 08:00:00,84.51506866155799
2012-12-27 09:00:00,101.34852780899948
2012-12-27 10:00:00,124.42487143846024
2012-12-27 11:00:00,138.34852852082062
2012-12-27 12:00:00,184.87472571743305
2012-12-27 13:00:00,205.034138265418
2012-12-27 14:00:00,180.27311052663637
2012-12-27 15:00:00,196.29659061201016
2012-12-27 16:00:00,236.90187280641985
2012-12-27 17:00:00,262.7039929243195
2012-12-27 18:00:00,247.8879179454392
2012-12-27 19:00:00,271.1937935728193
2012-12-27 20:00:00,311.30610488188097
2012-12-27 21:00:00,337.96928661720665
2012-12-27 22:00:00,365.58357773038017
2012-12-27 23:00:00,415.4837289160628
2012-12-28 00:00:00,39.60217052373052
2012-12-28 01:00:00,43.41241341878377
2012-12-28 02:00:00,48.954137695725066
2012-12-28 03:00:00,54.297536703065774
2012-12-28 04:00:00,61.36802795581977
2012-12-28 05:00:00,67.88052576616076
2012-12-28 06:00:00,68.21855171208414
2012-12-28 07:00:00,75.9361565635688
2012-12-28 08:00:00,90.85875804266686
2012-12-28 09:00:00,98.09128138802396
2012-12-28 10:00:00,122.53013162075119
2012-12-28 11:00:00,153.0000980758278
2012-12-28 12:00:00,185.34821707193942
2012-12-28 13:00:00,205.55898306519003
2012-12-28 14:00:00,227.9617478253311
2012-12-28 15:00:00,252.56336513119317
2012-12-28 16:00:00,283.48696306346574
2012-12-28 17:00:00,233.6669458419614
2012-12-28 18:00:00,259.11821553096377
2012-12-28 19:00:00,258.8106789052241
2012-12-28 20:00:00,299.28849536789943
2012-12-28 21:00:00,300.03422900392366
2012-12-28 22:00:00,339.774542508035
2012-12-28 23:00:00,406.48424798453976
2012-12-29 00:00:00,33.37332438901401
2012-12-29 01:00:00,35.10299518568009
2012-12-29 02:00:00,41.23370931226812
2012-12-29 03:00:00,42.396353142462836
2012-12-29 04:00:00,48.16995016815476
2012-12-29 05:00:00,53.50277477127253
2012-12-29 06:00:00,64.43724070669838
2012-12-29 07:00:00,72.06554535720569
2012-12-29 08:00:00,65.3309068942991
2012-12-29 09:00:00,72.52495714294321
2012-12-29 10:00:00,82.28614804638782
2012-12-29 11:00:00,75.02982010567307
2012-12-29 12:00:00,73.14474022017549
2012-12-29 13:00:00,81.18625528142138
2012-12-29 14:00:00,113.78063132890975
2012-12-29 15:00:00,123.46858875684258
2012-12-29 16:00:00,170.91227914625767
2012-12-29 17:00:00,178.1964136742754
2012-12-29 18:00:00,231.90911197856312
2012-12-29 19:00:00,295.931676701429
2012-12-29 20:00:00,380.9807275181903
2012-12-29 21:00:00,416.0938330405912
2012-12-29 22:00:00,430.7831169459805
2012-12-29 23:00:00,426.3492268893802
2012-12-30 00:00:00,43.34073442700395
2012-12-30 01:00:00,51.138566348660085
2012-12-30 02:00:00,56.728637503701364
2012-12-30 03:00:00,63.061451554893615
2012-12-30 04:00:00,71.17160756485492
2012-12-30 05:00:00,85.30137352329146
2012-12-30 06:00:00,85.94307432802869
2012-12-30 07:00:00,92.30861538269454
2012-12-30 08:00:00,108.21901981067467
2012-12-30 09:00:00,121.70965774067162
2012-12-30 10:00:00,167.59304610425605
2012-12-30 11:00:00,184.34624497702112
2012-12-30 12:00:00,229.8160972097913
2012-12-30 13:00:00,276.8278486102431
2012-12-30 14:00:00,302.15152015713085
2012-12-30 15:00:00,304.460602915526
2012-12-30 16:00:00,334.20113077533216
2012-12-30 17:00:00,335.34099626659633
2012-12-30 18:00:00,337.562342823279
2012-12-30 19:00:00,374.68554968949695
2012-12-30 20:00:00,391.0938864714297
2012-12-30 21:00:00,404.43823548549744
2012-12-30 22:00:00,411.74156744248285
2012-12-30 23:00:00,488.6845074242956
2012-12-31 00:00:00,34.609982586140475
2012-12-31 01:00:00,38.4721339733704
2012-12-31 02:00:00,38.58477839257226
2012-12-31 03:00:00,43.636804019379426
2012-12-31 04:00:00,40.170837982268935
2012-12-31 05:00:00,47.7576868379607
2012-12-31 06:00:00,54.396045194976836
2012-12-31 07:00:00,61.92343775041428
2012-12-31 08:00:00,59.63847404805075
2012-12-31 09:00:00,79.9240785505936
2012-12-31 10:00:00,82.79514529071959
2012-12-31 11:00:00,110.58724788333745
2012-12-31 12:00:00,130.47753730277392
2012-12-31 13:00:00,184.0458683173228
2012-12-31 14:00:00,210.70644269070894
2012-12-31 15:00:00,236.03411744922374
2012-12-31 16:00:00,237.9267992553464
2012-12-31 17:00:00,274.14533742220215
2012-12-31 18:00:00,297.64041732359726
2012-12-31 19:00:00,268.29791114888934
2012-12-31 20:00:00,297.5051509616547
2012-12-31 21:00:00,333.6049968160461
2012-12-31 22:00:00,402.8368748591844
2012-12-31 23:00:00,389.5351345267743
