datetime,count
2011-01-20 00:00:00,12.229396527482422
2011-01-20 01:00:00,4.7023698701278445
2011-01-20 02:00:00,2.873877062389352
2011-01-20 03:00:00,2.744735018670876
2011-01-20 04:00:00,2.3324998411523428
2011-01-20 05:00:00,6.64576267920962
2011-01-20 06:00:00,41.36774361791062
2011-01-20 07:00:00,106.08604006651917
2011-01-20 08:00:00,234.3022279054041
2011-01-20 09:00:00,126.54300862308125
2011-01-20 10:00:00,60.498521245270815
2011-01-20 11:00:00,62.434372592839104
2011-01-20 12:00:00,82.02071109676012
2011-01-20 13:00:00,72.10272545495187
2011-01-20 14:00:00,74.68643042616817
2011-01-20 15:00:00,76.44784638571777
2011-01-20 16:00:00,96.39252849603699
2011-01-20 17:00:00,200.9319823198002
2011-01-20 18:00:00,192.5886252678265
2011-01-20 19:00:00,117.08010047729944
2011-01-20 20:00:00,88.12424779766569
2011-01-20 21:00:00,57.11942090681366
2011-01-20 22:00:00,46.429386822542
2011-01-20 23:00:00,27.507839029296733
2011-01-21 00:00:00,19.227163967012082
2011-01-21 01:00:00,7.4048902520073785
2011-01-21 02:00:00,3.618915200800674
2011-01-21 03:00:00,1.9039239092258895
2011-01-21 04:00:00,1.5085177387292
2011-01-21 05:00:00,6.518455880292042
2011-01-21 06:00:00,34.33568270372413
2011-01-21 07:00:00,97.65033341200366
2011-01-21 08:00:00,200.00556927549323
2011-01-21 09:00:00,127.75881060602372
2011-01-21 10:00:00,49.01319154085809
2011-01-21 11:00:00,65.23782861317083
2011-01-21 12:00:00,77.814344633526
2011-01-21 13:00:00,82.39721368328313
2011-01-21 14:00:00,68.88391793829463
2011-01-21 15:00:00,79.20392264920258
2011-01-21 16:00:00,96.69495582809574
2011-01-21 17:00:00,169.61642711117577
2011-01-21 18:00:00,149.63827902688132
2011-01-21 19:00:00,95.59369545780365
2011-01-21 20:00:00,59.629401326590525
2011-01-21 21:00:00,47.223092480897954
2011-01-21 22:00:00,41.2230209085214
2011-01-21 23:00:00,29.32776230524145
2011-01-22 00:00:00,27.222085836376994
2011-01-22 01:00:00,18.345053001076003
2011-01-22 02:00:00,15.607794516593529
2011-01-22 03:00:00,6.800786060174151
2011-01-22 04:00:00,2.289659320361881
2011-01-22 06:00:00,4.0107610551183885
2011-01-22 07:00:00,13.293252987325475
2011-01-22 08:00:00,28.165559417126715
2011-01-22 09:00:00,36.34219614135898
2011-01-22 10:00:00,62.016237288639736
2011-01-22 11:00:00,72.94161956001247
2011-01-22 12:00:00,89.91350579884143
2011-01-22 13:00:00,94.28218624446501
2011-01-22 14:00:00,87.95620574280773
2011-01-22 15:00:00,96.33555327473698
2011-01-22 16:00:00,88.28424776713487
2011-01-22 17:00:00,86.41946108358205
2011-01-22 18:00:00,65.8085191857785
2011-01-22 19:00:00,43.514628514041924
2011-01-22 20:00:00,38.17534780374378
2011-01-22 21:00:00,39.229493733004716
2011-01-22 22:00:00,32.791894337248024
2011-01-22 23:00:00,23.581086043257933
2011-01-23 00:00:00,29.753600868776658
2011-01-23 01:00:00,20.001281405283457
2011-01-23 02:00:00,15.76994064999613
2011-01-23 03:00:00,10.454818512311672
2011-01-23 05:00:00,1.9257068212133048
2011-01-23 06:00:00,2.5881341095520236
2011-01-23 07:00:00,8.142492299491805
2011-01-23 08:00:00,18.290571109205196
2011-01-23 09:00:00,31.23708757570091
2011-01-23 10:00:00,57.405422244615956
2011-01-23 11:00:00,66.41420695524182
2011-01-23 12:00:00,81.70841942021772
2011-01-23 13:00:00,84.69147114257105
2011-01-23 14:00:00,90.7858493758207
2011-01-23 15:00:00,91.60890189755486
2011-01-23 16:00:00,94.51406350052518
2011-01-23 17:00:00,79.13968484051902
2011-01-23 18:00:00,64.50989039975718
2011-01-23 19:00:00,46.615698663773045
2011-01-23 20:00:00,33.798742926146616
2011-01-23 21:00:00,31.057135275757204
2011-01-23 22:00:00,25.299109711671086
2011-01-23 23:00:00,14.780514784840252
2011-01-24 00:00:00,8.599156294542038
2011-01-24 01:00:00,3.289548470103769
2011-01-24 03:00:00,1.5522594508009275
2011-01-24 04:00:00,2.1352323885378706
2011-01-24 05:00:00,5.368177016055609
2011-01-24 06:00:00,34.42777255097619
2011-01-24 07:00:00,89.48649415892456
2011-01-24 08:00:00,189.3194907718804
2011-01-24 09:00:00,118.93733519802996
2011-01-24 10:00:00,46.95072214178516
2011-01-24 11:00:00,43.32313197789129
2011-01-24 12:00:00,55.46793204434525
2011-01-24 13:00:00,52.35936590210479
2011-01-24 14:00:00,47.877130046177506
2011-01-24 15:00:00,58.144465355257694
2011-01-24 16:00:00,77.89803748078609
2011-01-24 17:00:00,161.26495736947277
2011-01-24 18:00:00,159.62574063645513
2011-01-24 19:00:00,103.18447327614957
2011-01-24 20:00:00,73.86940424191837
2011-01-24 21:00:00,46.27371114689478
2011-01-24 22:00:00,29.97343076641994
2011-01-24 23:00:00,21.101532990002124
2011-01-25 00:00:00,7.4759279027891266
2011-01-25 01:00:00,3.337670375196214
2011-01-25 02:00:00,2.1511532770814537
2011-01-25 04:00:00,1.77167621559751
2011-01-25 05:00:00,5.256114798635741
2011-01-25 06:00:00,36.140271685178575
2011-01-25 07:00:00,94.51800190456231
2011-01-25 08:00:00,209.81073924406758
2011-01-25 09:00:00,123.17101331289305
2011-01-25 10:00:00,55.65361492507272
2011-01-25 11:00:00,54.98578207172447
2011-01-25 12:00:00,71.14425358055179
2011-01-25 13:00:00,69.79175191534898
2011-01-25 14:00:00,71.5625215261231
2011-01-25 15:00:00,74.6073269222494
2011-01-25 16:00:00,99.11416430060063
2011-01-25 17:00:00,215.3152468829604
2011-01-25 18:00:00,195.9291768429008
2011-01-25 19:00:00,115.46140920490889
2011-01-25 20:00:00,78.17576501614693
2011-01-25 21:00:00,56.201760143613484
2011-01-25 22:00:00,37.40742722005769
2011-01-25 23:00:00,22.541540246311108
2011-01-26 00:00:00,8.445622892953278
2011-01-26 01:00:00,4.258500169530217
2011-01-26 02:00:00,2.6821857043725523
2011-01-26 05:00:00,3.866154241713234
2011-01-26 06:00:00,26.73579189626603
2011-01-26 07:00:00,64.83031272931396
2011-01-26 08:00:00,130.61015341246235
2011-01-26 09:00:00,59.99064148132006
2011-01-26 10:00:00,27.464480090563754
2011-01-26 11:00:00,26.05782202728978
2011-01-26 12:00:00,27.065917325713666
2011-01-26 13:00:00,25.19229012456115
2011-01-26 14:00:00,23.83343290319302
2011-01-26 15:00:00,24.69682695810509
2011-01-26 16:00:00,49.35521307268631
2011-01-26 17:00:00,102.1062034027781
2011-01-27 16:00:00,81.24549442922576
2011-01-27 17:00:00,178.829022938072
2011-01-27 18:00:00,165.2597025218542
2011-01-27 19:00:00,105.40415634264194
2011-01-27 20:00:00,88.41269286884726
2011-01-27 21:00:00,54.41526896846193
2011-01-27 22:00:00,39.46015913105085
2011-01-27 23:00:00,25.37546216212077
2011-01-28 00:00:00,16.747155450390157
2011-01-28 01:00:00,6.704133648420684
2011-01-28 02:00:00,2.2343286569526097
2011-01-28 03:00:00,1.3629610353631283
2011-01-28 05:00:00,7.1560567121550385
2011-01-28 06:00:00,33.35914493030039
2011-01-28 07:00:00,95.46540792508756
2011-01-28 08:00:00,213.8036160987153
2011-01-28 09:00:00,68.58366864664168
2011-01-28 10:00:00,31.700431724262607
2011-01-28 11:00:00,35.00553963212108
2011-01-28 12:00:00,52.58096193715005
2011-01-28 13:00:00,52.99263937380708
2011-01-28 14:00:00,52.41492684007583
2011-01-28 15:00:00,81.53089300379789
2011-01-28 16:00:00,95.90923545623302
2011-01-28 17:00:00,182.28739887883268
2011-01-28 18:00:00,165.7870686308127
2011-01-28 19:00:00,100.97158654425246
2011-01-28 20:00:00,73.49981739610998
2011-01-28 21:00:00,49.94144844240098
2011-01-28 22:00:00,45.04298553175784
2011-01-28 23:00:00,35.140574436183115
2011-01-29 00:00:00,32.625943372610735
2011-01-29 01:00:00,22.237073958445954
2011-01-29 02:00:00,19.005667060698
2011-01-29 03:00:00,10.212037792673652
2011-01-29 04:00:00,3.0624333475241756
2011-01-29 06:00:00,3.0725527835967843
2011-01-29 07:00:00,10.58849318904467
2011-01-29 08:00:00,28.015249491806447
2011-01-29 09:00:00,42.83094094338824
2011-01-29 10:00:00,66.54120998743184
2011-01-29 11:00:00,75.2576220984805
2011-01-29 12:00:00,96.93591942668448
2011-01-29 13:00:00,99.8124204094349
2011-01-29 14:00:00,95.01997020219575
2011-01-29 15:00:00,93.9668025351331
2011-01-29 16:00:00,94.42997532866795
2011-01-29 17:00:00,92.60644272586424
2011-01-29 18:00:00,78.45514111286847
2011-01-29 19:00:00,64.16134937118804
2011-01-29 20:00:00,46.90995286063526
2011-01-29 21:00:00,42.041366761265664
2011-01-29 22:00:00,35.15005672405491
2011-01-29 23:00:00,27.709315751258703
2011-01-30 00:00:00,31.526503432406855
2011-01-30 01:00:00,28.336673870913902
2011-01-30 02:00:00,18.895904022102286
2011-01-30 03:00:00,10.063792386303053
2011-01-30 04:00:00,3.6393729628872626
2011-01-30 05:00:00,2.1040462059978244
2011-01-30 07:00:00,7.112887315448732
2011-01-30 08:00:00,18.892090830742298
2011-01-30 09:00:00,32.25366792751255
2011-01-30 10:00:00,66.99995025454669
2011-01-30 11:00:00,79.7402930341351
2011-01-30 12:00:00,133.57856920901528
2011-01-30 13:00:00,108.28714446577807
2011-01-30 14:00:00,110.01387908295531
2011-01-30 15:00:00,136.61221667392422
2011-01-30 16:00:00,123.87610309557543
2011-01-30 17:00:00,86.2976045704907
2011-01-30 18:00:00,74.8415536343247
2011-01-30 19:00:00,42.941638920372796
2011-01-30 20:00:00,40.50234917696745
2011-01-30 21:00:00,33.50262536862954
2011-01-30 22:00:00,27.80257194372155
2011-01-30 23:00:00,22.385711431411444
2011-01-31 00:00:00,10.105821953706904
2011-01-31 01:00:00,3.1341662573141336
2011-01-31 02:00:00,2.1715382593928285
2011-01-31 03:00:00,2.1263863186854532
2011-01-31 04:00:00,1.727460248050727
2011-01-31 05:00:00,2.6340371589215357
2011-01-31 06:00:00,33.24104316850591
2011-01-31 07:00:00,97.77210482688612
2011-01-31 08:00:00,189.23372657580796
2011-01-31 09:00:00,108.98438281429547
2011-01-31 10:00:00,43.90839500733913
2011-01-31 11:00:00,41.44849820921103
2011-01-31 12:00:00,58.354033280753306
2011-01-31 13:00:00,55.101602335387376
2011-01-31 14:00:00,52.67727469692653
2011-01-31 15:00:00,51.97743437597556
2011-01-31 16:00:00,79.74290174334294
2011-01-31 17:00:00,160.31845013724583
2011-01-31 18:00:00,161.4917839832214
2011-01-31 19:00:00,120.28191536261214
2011-01-31 20:00:00,58.43769237174722
2011-01-31 21:00:00,34.26343696081493
2011-01-31 22:00:00,31.363061820136828
2011-01-31 23:00:00,19.448141163206678
2011-02-20 00:00:00,31.73615427927193
2011-02-20 01:00:00,19.992305770115983
2011-02-20 02:00:00,15.355692695961022
2011-02-20 03:00:00,7.488274328731763
2011-02-20 04:00:00,2.3000969027225606
2011-02-20 06:00:00,2.516026920602085
2011-02-20 07:00:00,8.654570235299422
2011-02-20 08:00:00,23.48726237786795
2011-02-20 09:00:00,35.39851133018988
2011-02-20 10:00:00,82.16364175791256
2011-02-20 11:00:00,103.78884813368228
2011-02-20 12:00:00,130.77289210583575
2011-02-20 13:00:00,163.1473099893751
2011-02-20 14:00:00,147.0274110629996
2011-02-20 15:00:00,162.13942649638682
2011-02-20 16:00:00,147.8021083919557
2011-02-20 17:00:00,109.0746253493759
2011-02-20 18:00:00,91.19857884719232
2011-02-20 19:00:00,66.05602754268044
2011-02-20 20:00:00,51.57699114979802
2011-02-20 21:00:00,44.5117713578755
2011-02-20 22:00:00,39.1197822602509
2011-02-20 23:00:00,29.37790239296052
2011-02-21 00:00:00,29.930440252421988
2011-02-21 01:00:00,21.27694266009142
2011-02-21 02:00:00,12.055345205496927
2011-02-21 03:00:00,5.43111272491866
2011-02-21 04:00:00,3.7358912037705583
2011-02-21 05:00:00,3.668777456576742
2011-02-21 06:00:00,8.77524936933578
2011-02-21 07:00:00,18.459041218346986
2011-02-21 08:00:00,53.07059969208371
2011-02-21 09:00:00,66.34413791414114
2011-02-21 10:00:00,84.93388370642005
2011-02-21 11:00:00,103.96170549653861
2011-02-21 12:00:00,111.08188376674437
2011-02-21 13:00:00,79.09549758052337
2011-02-21 14:00:00,107.10010596921025
2011-02-21 15:00:00,109.04862424261361
2011-02-21 16:00:00,72.44662721897038
2011-02-21 17:00:00,97.8304000322208
2011-02-21 18:00:00,83.4610632247982
2011-02-21 19:00:00,71.539066361118
2011-02-21 20:00:00,31.907869344350615
2011-02-21 21:00:00,25.49631611839974
2011-02-21 22:00:00,21.079950130184486
2011-02-21 23:00:00,13.15667132401219
2011-02-22 06:00:00,30.611930194946723
2011-02-22 07:00:00,98.68887540410815
2011-02-22 08:00:00,197.54320979534864
2011-02-22 09:00:00,108.49840174529767
2011-02-22 10:00:00,48.09084225183588
2011-02-22 11:00:00,48.90603768145896
2011-02-22 12:00:00,61.90423882180885
2011-02-22 13:00:00,70.91777601003506
2011-02-22 14:00:00,58.92103522945354
2011-02-22 15:00:00,64.40858676714974
2011-02-22 16:00:00,77.95174573602365
2011-02-22 17:00:00,168.56458408863395
2011-02-22 18:00:00,163.2491520355862
2011-02-22 19:00:00,102.8556281393987
2011-02-22 20:00:00,65.2092380829342
2011-02-22 21:00:00,49.78001283926605
2011-02-22 22:00:00,36.0875326040991
2011-02-22 23:00:00,19.377864157421833
2011-02-23 00:00:00,9.648470917881223
2011-02-23 01:00:00,4.605757385535327
2011-02-23 02:00:00,2.0348695231699474
2011-02-23 03:00:00,1.6545903847846501
2011-02-23 05:00:00,5.21503560763866
2011-02-23 06:00:00,31.299616951805994
2011-02-23 07:00:00,82.50604803981497
2011-02-23 08:00:00,185.86233003678956
2011-02-23 09:00:00,120.69208559201287
2011-02-23 10:00:00,51.223509508278724
2011-02-23 11:00:00,57.013752254119794
2011-02-23 12:00:00,79.07398197939396
2011-02-23 13:00:00,75.24631143316145
2011-02-23 14:00:00,74.2988898942536
2011-02-23 15:00:00,77.23509288588002
2011-02-23 16:00:00,101.74839973393537
2011-02-23 17:00:00,229.1937467314121
2011-02-23 18:00:00,208.07647158132824
2011-02-23 19:00:00,128.34467568522567
2011-02-23 20:00:00,79.87176797000045
2011-02-23 21:00:00,60.6649755477636
2011-02-23 22:00:00,44.01763890755775
2011-02-23 23:00:00,21.519878407714444
2011-02-24 00:00:00,10.889666299308647
2011-02-24 01:00:00,4.779544602097312
2011-02-24 02:00:00,2.23324822280186
2011-02-24 03:00:00,1.9807237087568705
2011-02-24 05:00:00,7.422392966614661
2011-02-24 06:00:00,39.83401301920047
2011-02-24 07:00:00,103.69847212100927
2011-02-24 08:00:00,248.95012143278208
2011-02-24 09:00:00,129.61529624084434
2011-02-24 10:00:00,56.59714898878399
2011-02-24 11:00:00,67.88221292705359
2011-02-24 12:00:00,88.58717714148146
2011-02-24 13:00:00,89.68537873961809
2011-02-24 14:00:00,81.58297354061591
2011-02-24 15:00:00,32.40665296284691
2011-02-24 16:00:00,39.826098066282995
2011-02-24 17:00:00,116.3759350660972
2011-02-24 18:00:00,162.95624659608637
2011-02-24 19:00:00,57.04456816918592
2011-02-24 20:00:00,79.04177254195633
2011-02-24 21:00:00,59.740780680420244
2011-02-24 22:00:00,28.711300167419637
2011-02-24 23:00:00,27.983148794829457
2011-02-25 00:00:00,11.975234699839802
2011-02-25 01:00:00,7.924037348935187
2011-02-25 02:00:00,5.330751987675503
2011-02-25 03:00:00,2.168465486659125
2011-02-25 05:00:00,7.073360054276784
2011-02-25 06:00:00,32.0022018811556
2011-02-25 07:00:00,57.533621722493024
2011-02-25 08:00:00,146.81589793603663
2011-02-25 09:00:00,49.8182499570909
2011-02-25 10:00:00,28.95193735298548
2011-02-25 11:00:00,119.56783061868258
2011-02-25 12:00:00,92.90077730523967
2011-02-25 13:00:00,94.64568969464412
2011-02-25 14:00:00,96.27450750037747
2011-02-25 15:00:00,155.88815920325956
2011-02-25 16:00:00,116.83359140805693
2011-02-25 17:00:00,205.59158849745103
2011-02-25 18:00:00,165.0522673049882
2011-02-25 19:00:00,107.35259870236172
2011-02-25 20:00:00,69.62143777937479
2011-02-25 21:00:00,58.82510728538514
2011-02-25 22:00:00,50.873087906913625
2011-02-25 23:00:00,36.76295769590612
2011-02-26 00:00:00,31.615715146097227
2011-02-26 01:00:00,23.321375197689246
2011-02-26 02:00:00,19.057512260217838
2011-02-26 03:00:00,10.11753912492292
2011-02-26 04:00:00,3.1810658188731282
2011-02-26 05:00:00,2.1166063533201824
2011-02-26 06:00:00,2.988685611965305
2011-02-26 07:00:00,11.028054363928756
2011-02-26 08:00:00,20.123680295413834
2011-02-26 09:00:00,58.702878606847776
2011-02-26 10:00:00,92.160428985165
2011-02-26 11:00:00,114.02029013856878
2011-02-26 12:00:00,122.39415960066002
2011-02-26 13:00:00,135.96004507304337
2011-02-26 14:00:00,135.92759882247162
2011-02-26 15:00:00,136.98480550467366
2011-02-26 16:00:00,140.08161161869367
2011-02-26 17:00:00,118.48680868546394
2011-02-26 18:00:00,99.93040424759035
2011-02-26 19:00:00,67.47674118065349
2011-02-26 20:00:00,56.055749667430035
2011-02-26 21:00:00,54.22167217639602
2011-02-26 22:00:00,49.29700038140712
2011-02-26 23:00:00,43.39601245069973
2011-02-27 00:00:00,32.520078676271744
2011-02-27 01:00:00,29.873781531062576
2011-02-27 02:00:00,23.40153156953924
2011-02-27 03:00:00,12.246260971087299
2011-02-27 04:00:00,3.728794332828556
2011-02-27 06:00:00,3.348510643069454
2011-02-27 07:00:00,9.65471620765244
2011-02-27 08:00:00,25.16670474593601
2011-02-27 09:00:00,40.29059548489626
2011-02-27 10:00:00,74.22027453607694
2011-02-27 11:00:00,96.58970800331385
2011-02-27 12:00:00,163.278159471659
2011-02-27 13:00:00,177.21352032276798
2011-02-27 14:00:00,187.4172971917386
2011-02-27 15:00:00,220.1389100494004
2011-02-27 16:00:00,230.72369441602206
2011-02-27 17:00:00,113.65824976963728
2011-02-27 18:00:00,102.96181850728942
2011-02-27 19:00:00,80.88244024276473
2011-02-27 20:00:00,66.06383747188976
2011-02-27 21:00:00,54.528760511917746
2011-02-27 22:00:00,42.97934768997735
2011-02-27 23:00:00,33.18618821032065
2011-02-28 00:00:00,14.020850391146222
2011-02-28 01:00:00,3.895142793998734
2011-02-28 03:00:00,1.656075968848287
2011-02-28 05:00:00,7.260129117760798
2011-02-28 06:00:00,39.34483343928752
2011-02-28 07:00:00,118.78226197650095
2011-02-28 08:00:00,214.34205894024169
2011-02-28 09:00:00,126.96821112091394
2011-02-28 10:00:00,80.18931014642324
2011-02-28 11:00:00,93.45519276003243
2011-02-28 12:00:00,114.01721050784352
2011-02-28 13:00:00,41.512075589801995
2011-02-28 14:00:00,27.545224054819027
2011-02-28 15:00:00,27.49360995721216
2011-02-28 16:00:00,52.07228841165558
2011-02-28 17:00:00,87.0222317270435
2011-02-28 18:00:00,130.47196159091664
2011-02-28 19:00:00,62.77801466004163
2011-02-28 20:00:00,51.728810204824015
2011-02-28 21:00:00,51.92163030022941
2011-02-28 22:00:00,26.426509243447224
2011-02-28 23:00:00,26.51311605278907
2011-03-20 00:00:00,39.902972376280815
2011-03-20 01:00:00,34.246659006763046
2011-03-20 02:00:00,22.815680491561004
2011-03-20 03:00:00,9.813570204229375
2011-03-20 04:00:00,1.5528239718408074
2011-03-20 05:00:00,1.7199800685901736
2011-03-20 06:00:00,1.6633108686692073
2011-03-20 07:00:00,9.38666000254802
2011-03-20 08:00:00,32.23634952996454
2011-03-20 09:00:00,51.006621348291205
2011-03-20 10:00:00,97.88148270738726
2011-03-20 11:00:00,119.94396435380439
2011-03-20 12:00:00,162.4139744906382
2011-03-20 13:00:00,162.28202241651695
2011-03-20 14:00:00,162.56102178063793
2011-03-20 15:00:00,168.74364905257798
2011-03-20 16:00:00,165.11880604295325
2011-03-20 17:00:00,121.3438866877093
2011-03-20 18:00:00,102.98451962157566
2011-03-20 19:00:00,71.31495121336333
2011-03-20 20:00:00,57.29747725426322
2011-03-20 21:00:00,48.039637406786525
2011-03-20 22:00:00,39.10992171234281
2011-03-20 23:00:00,25.08712541064781
2011-03-21 00:00:00,16.758324345618735
2011-03-21 01:00:00,9.268096751775058
2011-03-21 02:00:00,5.403044362780578
2011-03-21 03:00:00,2.8075292100699567
2011-03-21 05:00:00,14.44643334880123
2011-03-21 06:00:00,45.94092968086433
2011-03-21 07:00:00,76.94732396779695
2011-03-21 08:00:00,265.131003238788
2011-03-21 09:00:00,141.16790933941553
2011-03-21 10:00:00,71.93420828902805
2011-03-21 11:00:00,86.78301744951
2011-03-21 12:00:00,101.06308075943326
2011-03-21 13:00:00,132.2447009215643
2011-03-21 14:00:00,125.01421398675758
2011-03-21 15:00:00,166.5027970472701
2011-03-21 16:00:00,208.43221328101535
2011-03-21 17:00:00,438.6231250486136
2011-03-21 18:00:00,429.3223113183973
2011-03-21 19:00:00,325.5644707067461
2011-03-21 20:00:00,256.0039824672428
2011-03-21 21:00:00,102.61182975532154
2011-03-21 22:00:00,102.16534774724612
2011-03-21 23:00:00,55.56656454994097
2011-03-22 00:00:00,33.225833680494326
2011-03-22 01:00:00,7.634618919873212
2011-03-22 02:00:00,8.019538865570947
2011-03-22 03:00:00,4.045809831586015
2011-03-22 04:00:00,4.18489784522701
2011-03-22 05:00:00,18.67320000268024
2011-03-22 06:00:00,78.84695775821339
2011-03-22 07:00:00,219.03627209916996
2011-03-22 08:00:00,350.4015276990459
2011-03-22 09:00:00,154.4195313092895
2011-03-22 10:00:00,92.54328368239493
2011-03-22 11:00:00,99.32244957569735
2011-03-22 12:00:00,146.55838057180003
2011-03-22 13:00:00,151.2631873333896
2011-03-22 14:00:00,121.20999229103883
2011-03-22 15:00:00,143.49112285376032
2011-03-22 16:00:00,234.53998296944593
2011-03-22 17:00:00,420.60086087069186
2011-03-22 18:00:00,394.74300266768626
2011-03-22 19:00:00,219.1732228396852
2011-03-22 20:00:00,149.59451062757142
2011-03-22 21:00:00,108.4216673751047
2011-03-22 22:00:00,84.33697577724531
2011-03-22 23:00:00,53.032042826733075
2011-03-23 00:00:00,17.791109526318444
2011-03-23 01:00:00,8.9414695650073
2011-03-23 02:00:00,4.226828252080029
2011-03-23 03:00:00,2.9675563152992432
2011-03-23 05:00:00,10.28988080764984
2011-03-23 06:00:00,66.25730327893515
2011-03-23 07:00:00,138.1343670727507
2011-03-23 08:00:00,309.57682085306163
2011-03-23 09:00:00,136.4503560395499
2011-03-23 10:00:00,58.773393339429944
2011-03-23 11:00:00,62.021775466104806
2011-03-23 12:00:00,66.35777992531492
2011-03-23 13:00:00,46.06520257745316
2011-03-23 14:00:00,82.35548112643963
2011-03-23 15:00:00,79.36408308654563
2011-03-23 16:00:00,157.12622663341807
2011-03-23 17:00:00,358.81788532938765
2011-03-23 18:00:00,192.2873272397739
2011-03-23 19:00:00,116.69265247074225
2011-03-23 20:00:00,40.75523549848079
2011-03-23 21:00:00,30.512851546473865
2011-03-23 22:00:00,53.95041135741281
2011-03-23 23:00:00,33.315222725568056
2011-03-24 00:00:00,17.193598205997073
2011-03-24 01:00:00,6.0255261878459745
2011-03-24 02:00:00,4.862999145230844
2011-03-24 03:00:00,3.1440782979412987
2011-03-24 04:00:00,2.4031749660989967
2011-03-24 05:00:00,12.080935138532528
2011-03-24 06:00:00,53.69019524742497
2011-03-24 07:00:00,71.34829879765186
2011-03-24 08:00:00,114.62411177583115
2011-03-24 09:00:00,97.97338122060631
2011-03-24 10:00:00,50.088000466492645
2011-03-24 11:00:00,67.511086367561
2011-03-24 12:00:00,74.96598962022928
2011-03-24 13:00:00,80.02896253237077
2011-03-24 14:00:00,88.70177483680327
2011-03-24 15:00:00,80.79928257795817
2011-03-24 16:00:00,143.5264319412196
2011-03-24 17:00:00,304.0206588502897
2011-03-24 18:00:00,281.4044501675965
2011-03-24 19:00:00,182.71329897968286
2011-03-24 20:00:00,119.19206864736465
2011-03-24 21:00:00,93.07204470778017
2011-03-24 22:00:00,74.96860658037492
2011-03-24 23:00:00,48.64371533129872
2011-03-25 00:00:00,27.308400783374793
2011-03-25 01:00:00,12.192408365684408
2011-03-25 02:00:00,6.771258620757764
2011-03-25 03:00:00,3.57877847818975
2011-03-25 04:00:00,2.2162137052319117
2011-03-25 05:00:00,11.700431454132339
2011-03-25 06:00:00,50.736346540086174
2011-03-25 07:00:00,146.83441077904322
2011-03-25 08:00:00,308.31708230959066
2011-03-25 09:00:00,157.9233158630278
2011-03-25 10:00:00,84.65745881748495
2011-03-25 11:00:00,99.27437162494053
2011-03-25 12:00:00,122.50944835576125
2011-03-25 13:00:00,124.43093326223084
2011-03-25 14:00:00,119.32524992356166
2011-03-25 15:00:00,128.01660544369554
2011-03-25 16:00:00,176.11024676782026
2011-03-25 17:00:00,316.10614171021865
2011-03-25 18:00:00,260.45022669258293
2011-03-25 19:00:00,155.9216184686716
2011-03-25 20:00:00,105.67061265942377
2011-03-25 21:00:00,85.89886865414601
2011-03-25 22:00:00,72.83059672058401
2011-03-25 23:00:00,57.16900162142056
2011-03-26 00:00:00,43.76078560037385
2011-03-26 01:00:00,34.681361611839066
2011-03-26 02:00:00,27.787938049452706
2011-03-26 03:00:00,11.38017622241334
2011-03-26 04:00:00,3.8288718973067937
2011-03-26 05:00:00,4.230729547878579
2011-03-26 06:00:00,8.285855774451427
2011-03-26 07:00:00,22.52242138761755
2011-03-26 08:00:00,61.67802181725523
2011-03-26 09:00:00,84.39934959679766
2011-03-26 10:00:00,148.722299501606
2011-03-26 11:00:00,169.4591578408416
2011-03-26 12:00:00,204.90740953704616
2011-03-26 13:00:00,216.26385779080857
2011-03-26 14:00:00,228.9398966814742
2011-03-26 15:00:00,231.67786394073136
2011-03-26 16:00:00,211.66412700327274
2011-03-26 17:00:00,197.5400037390989
2011-03-26 18:00:00,181.89048499781697
2011-03-26 19:00:00,118.28624192795641
2011-03-26 20:00:00,78.27707592629325
2011-03-26 21:00:00,66.86502435481646
2011-03-26 22:00:00,63.680397001747046
2011-03-26 23:00:00,48.95034840814798
2011-03-27 00:00:00,45.94795828507518
2011-03-27 01:00:00,36.25001406041649
2011-03-27 02:00:00,26.62703640615667
2011-03-27 03:00:00,13.353809185745183
2011-03-27 04:00:00,4.230004964331009
2011-03-27 06:00:00,8.440580933826377
2011-03-27 07:00:00,18.16711006035294
2011-03-27 08:00:00,43.36061573817095
2011-03-27 09:00:00,73.83090257530024
2011-03-27 10:00:00,129.91732806908925
2011-03-27 11:00:00,148.7331808999275
2011-03-27 12:00:00,184.89209012690907
2011-03-27 13:00:00,205.31311837031535
2011-03-27 14:00:00,215.62217385423338
2011-03-27 15:00:00,213.97368308688561
2011-03-27 16:00:00,216.4794988988444
2011-03-27 17:00:00,186.64097432840524
2011-03-27 18:00:00,151.93381101758115
2011-03-27 19:00:00,118.7461785783014
2011-03-27 20:00:00,77.49583956400102
2011-03-27 21:00:00,60.84734688831355
2011-03-27 22:00:00,47.754734245825865
2011-03-27 23:00:00,36.52634238499157
2011-03-28 00:00:00,14.237099822140046
2011-03-28 01:00:00,6.55785178416731
2011-03-28 02:00:00,3.8672552188169584
2011-03-28 03:00:00,3.0909812520820674
2011-03-28 05:00:00,11.707272428963389
2011-03-28 06:00:00,49.47853203891506
2011-03-28 07:00:00,156.83866005243127
2011-03-28 08:00:00,290.50562606309745
2011-03-28 09:00:00,135.72822939206267
2011-03-28 10:00:00,71.99869948393042
2011-03-28 11:00:00,78.3139363042997
2011-03-28 12:00:00,99.37157597505143
2011-03-28 13:00:00,90.18895511282561
2011-03-28 14:00:00,96.40053903064182
2011-03-28 15:00:00,95.72706946380993
2011-03-28 16:00:00,148.4595618805487
2011-03-28 17:00:00,312.6066875234921
2011-03-28 18:00:00,305.5947234132617
2011-03-28 19:00:00,194.373533982946
2011-03-28 20:00:00,137.4359963885188
2011-03-28 21:00:00,103.76544895820537
2011-03-28 22:00:00,68.53987466459469
2011-03-28 23:00:00,35.25727050900891
2011-03-29 00:00:00,14.475746110484396
2011-03-29 01:00:00,5.877574130414692
2011-03-29 02:00:00,4.24359357405731
2011-03-29 03:00:00,2.46123497261988
2011-03-29 04:00:00,2.4972975658637417
2011-03-29 05:00:00,12.70080172792528
2011-03-29 06:00:00,54.15442114246534
2011-03-29 07:00:00,164.69829854427493
2011-03-29 08:00:00,302.8440728817125
2011-03-29 09:00:00,147.95984519375503
2011-03-29 10:00:00,74.4380983878816
2011-03-29 11:00:00,86.94019472559371
2011-03-29 12:00:00,104.4469608993429
2011-03-29 13:00:00,95.66813125540202
2011-03-29 14:00:00,98.7181838866818
2011-03-29 15:00:00,104.83079287242522
2011-03-29 16:00:00,172.5081515066161
2011-03-29 17:00:00,360.72435148222905
2011-03-29 18:00:00,323.0875029685537
2011-03-29 19:00:00,194.8718836815405
2011-03-29 20:00:00,151.42778469980325
2011-03-29 21:00:00,110.39469742938289
2011-03-29 22:00:00,75.52602607046863
2011-03-29 23:00:00,48.77150679502996
2011-03-30 00:00:00,21.999839010903138
2011-03-30 01:00:00,9.460689648856299
2011-03-30 02:00:00,5.6551960072973095
2011-03-30 03:00:00,3.5494684262003053
2011-03-30 04:00:00,3.747297662903474
2011-03-30 05:00:00,16.45980868942962
2011-03-30 06:00:00,60.82515102115575
2011-03-30 07:00:00,187.08467906594677
2011-03-30 08:00:00,343.19911629637636
2011-03-30 09:00:00,140.0331639219886
2011-03-30 10:00:00,81.22810861324803
2011-03-30 11:00:00,88.2792678529779
2011-03-30 12:00:00,103.51723233406797
2011-03-30 13:00:00,99.72657059204461
2011-03-30 14:00:00,94.56981293867624
2011-03-30 15:00:00,45.36262273342078
2011-03-30 16:00:00,63.98162590960478
2011-03-30 17:00:00,147.33254275799186
2011-03-30 18:00:00,198.2370685858472
2011-03-30 19:00:00,112.1400354658639
2011-03-30 20:00:00,56.85720398260283
2011-03-30 21:00:00,63.41276957071429
2011-03-30 22:00:00,30.97290632628589
2011-03-30 23:00:00,26.499273220568057
2011-03-31 00:00:00,10.388269782853921
2011-03-31 01:00:00,5.985480497735694
2011-03-31 02:00:00,4.224159785034151
2011-03-31 03:00:00,2.698297694741138
2011-03-31 04:00:00,2.7540436900801804
2011-03-31 05:00:00,8.983791201828755
2011-03-31 06:00:00,30.654573348379913
2011-03-31 07:00:00,72.21665574344368
2011-03-31 08:00:00,234.71658315652263
2011-03-31 09:00:00,54.96237903693894
2011-03-31 10:00:00,38.68639712573328
2011-03-31 11:00:00,41.63532200129586
2011-03-31 12:00:00,41.76642147196445
2011-03-31 13:00:00,46.37115583953229
2011-03-31 14:00:00,42.95262217138641
2011-03-31 15:00:00,41.73915659880607
2011-03-31 16:00:00,108.92003602058324
2011-03-31 17:00:00,231.94154990431656
2011-03-31 18:00:00,253.63532408029292
2011-03-31 19:00:00,155.85409489332272
2011-03-31 20:00:00,56.9695799703681
2011-03-31 21:00:00,70.65042709131684
2011-03-31 22:00:00,38.621339360516124
2011-03-31 23:00:00,32.21039795577368
2011-04-20 00:00:00,34.760823843364605
2011-04-20 01:00:00,8.615802127686823
2011-04-20 02:00:00,8.08800296430653
2011-04-20 03:00:00,3.8508256096303395
2011-04-20 04:00:00,4.378708262606956
2011-04-20 05:00:00,15.378348150262111
2011-04-20 06:00:00,81.22951711399645
2011-04-20 07:00:00,197.31184072720768
2011-04-20 08:00:00,427.0080095869765
2011-04-20 09:00:00,206.97932433760866
2011-04-20 10:00:00,135.08944997184182
2011-04-20 11:00:00,144.3234403225398
2011-04-20 12:00:00,191.82273521763537
2011-04-20 13:00:00,180.13087479747435
2011-04-20 14:00:00,157.45204049290996
2011-04-20 15:00:00,167.04545331823553
2011-04-20 16:00:00,265.7512266104633
2011-04-20 17:00:00,478.18520988788515
2011-04-20 18:00:00,491.3963484342158
2011-04-20 19:00:00,390.78066081893354
2011-04-20 20:00:00,297.3556774295958
2011-04-20 21:00:00,208.0213394871226
2011-04-20 22:00:00,145.94149287780374
2011-04-20 23:00:00,80.80090331262795
2011-04-21 00:00:00,33.956948557725624
2011-04-21 01:00:00,14.00351060375833
2011-04-21 02:00:00,8.58302570953105
2011-04-21 03:00:00,3.5212517675989456
2011-04-21 04:00:00,3.911234455892619
2011-04-21 05:00:00,18.728828316348007
2011-04-21 06:00:00,62.631917741125655
2011-04-21 07:00:00,197.5717843544499
2011-04-21 08:00:00,340.34050883927534
2011-04-21 09:00:00,169.8393685644266
2011-04-21 10:00:00,90.90447458643644
2011-04-21 11:00:00,109.7783411337628
2011-04-21 12:00:00,150.75278012439173
2011-04-21 13:00:00,144.37720305307434
2011-04-21 14:00:00,126.73264919740289
2011-04-21 15:00:00,142.41683078784814
2011-04-21 16:00:00,199.6553747546687
2011-04-21 17:00:00,404.3040560721681
2011-04-21 18:00:00,387.276187120938
2011-04-21 19:00:00,247.36738874616603
2011-04-21 20:00:00,196.9175922885402
2011-04-21 21:00:00,119.73145794806209
2011-04-21 22:00:00,102.82697932044618
2011-04-21 23:00:00,67.17509549708251
2011-04-22 00:00:00,37.39806408252343
2011-04-22 01:00:00,18.96983836657433
2011-04-22 02:00:00,11.065363272277565
2011-04-22 03:00:00,6.136998905154818
2011-04-22 04:00:00,4.0673187403545805
2011-04-22 05:00:00,17.191169085634264
2011-04-22 06:00:00,65.83203449490972
2011-04-22 07:00:00,170.76219570295834
2011-04-22 08:00:00,330.8009173837229
2011-04-22 09:00:00,95.6393101778347
2011-04-22 10:00:00,87.66806277083869
2011-04-22 11:00:00,68.04015625996068
2011-04-22 12:00:00,77.70179394343918
2011-04-22 13:00:00,47.924502469286345
2011-04-22 14:00:00,23.9970559138444
2011-04-22 15:00:00,45.68777473529826
2011-04-22 16:00:00,100.14003367885411
2011-04-22 17:00:00,143.12986510305527
2011-04-22 18:00:00,95.40489733669467
2011-04-22 19:00:00,66.69443896351382
2011-04-22 20:00:00,37.233358045223355
2011-04-22 21:00:00,41.608198569013226
2011-04-22 22:00:00,39.8464778135254
2011-04-22 23:00:00,46.52010277189824
2011-04-23 00:00:00,35.09235915449204
2011-04-23 01:00:00,27.386714190867348
2011-04-23 02:00:00,21.239195283629243
2011-04-23 03:00:00,13.31388306116951
2011-04-23 04:00:00,5.416446536902886
2011-04-23 05:00:00,6.643949216170843
2011-04-23 06:00:00,11.116290621428796
2011-04-23 07:00:00,20.82363641542154
2011-04-23 08:00:00,50.02628916787905
2011-04-23 09:00:00,66.6320490181817
2011-04-23 10:00:00,125.56731869081828
2011-04-23 11:00:00,159.69945951761323
2011-04-23 12:00:00,207.281437472838
2011-04-23 13:00:00,200.5482187076205
2011-04-23 14:00:00,295.66798524176806
2011-04-23 15:00:00,353.2806876451079
2011-04-23 16:00:00,351.85549398752306
2011-04-23 17:00:00,327.42592637173095
2011-04-23 18:00:00,276.97616797815255
2011-04-23 19:00:00,212.57361802523087
2011-04-23 20:00:00,142.50037574182593
2011-04-23 21:00:00,145.4994984141859
2011-04-23 22:00:00,140.61466589323902
2011-04-23 23:00:00,86.20149002103079
2011-04-24 00:00:00,97.77768440430299
2011-04-24 01:00:00,71.70225967179461
2011-04-24 02:00:00,55.97604080347584
2011-04-24 03:00:00,25.32792199216791
2011-04-24 04:00:00,9.124620135851336
2011-04-24 05:00:00,10.341261641332666
2011-04-24 06:00:00,9.883958545629966
2011-04-24 07:00:00,30.227635119794854
2011-04-24 08:00:00,79.78459061813932
2011-04-24 09:00:00,131.4962137127339
2011-04-24 10:00:00,244.41413781831204
2011-04-24 11:00:00,351.6655149281234
2011-04-24 12:00:00,377.4323030118326
2011-04-24 13:00:00,380.5059970230018
2011-04-24 14:00:00,376.19412866552995
2011-04-24 15:00:00,400.95557027536637
2011-04-24 16:00:00,399.5631946054626
2011-04-24 17:00:00,363.3637926595455
2011-04-24 18:00:00,307.14595212286366
2011-04-24 19:00:00,197.81829135958648
2011-04-24 20:00:00,130.01529729083316
2011-04-24 21:00:00,69.00242601746739
2011-04-24 22:00:00,39.779463050453955
2011-04-24 23:00:00,42.78518436461306
2011-04-25 00:00:00,19.308485469952345
2011-04-25 01:00:00,10.0211130988312
2011-04-25 02:00:00,10.469397916354279
2011-04-25 03:00:00,4.143501257563486
2011-04-25 04:00:00,5.193934629876023
2011-04-25 05:00:00,14.129247961034668
2011-04-25 06:00:00,83.26178722829788
2011-04-25 07:00:00,192.94932744014508
2011-04-25 08:00:00,394.99030048339745
2011-04-25 09:00:00,198.15629578483578
2011-04-25 10:00:00,121.40849148264459
2011-04-25 11:00:00,139.8606352958533
2011-04-25 12:00:00,179.00532580126185
2011-04-25 13:00:00,174.0194763001479
2011-04-25 14:00:00,167.36405697282814
2011-04-25 15:00:00,171.5153167577974
2011-04-25 16:00:00,270.1820427581481
2011-04-25 17:00:00,528.5631973946644
2011-04-25 18:00:00,480.91586496985
2011-04-25 19:00:00,365.05271840609873
2011-04-25 20:00:00,258.33354645078145
2011-04-25 21:00:00,188.2443013297351
2011-04-25 22:00:00,113.67900238018045
2011-04-25 23:00:00,71.02537034364622
2011-04-26 00:00:00,30.391357848824185
2011-04-26 01:00:00,10.258546887232718
2011-04-26 02:00:00,5.520544491634774
2011-04-26 03:00:00,2.8433723589334083
2011-04-26 04:00:00,4.16354813808453
2011-04-26 05:00:00,21.71758451698083
2011-04-26 06:00:00,106.07630814815586
2011-04-26 07:00:00,297.7948607728335
2011-04-26 08:00:00,417.3179297771643
2011-04-26 09:00:00,202.5549131999662
2011-04-26 10:00:00,123.2565269048685
2011-04-26 11:00:00,135.55881020343946
2011-04-26 12:00:00,185.9250128850868
2011-04-26 13:00:00,179.8129372533524
2011-04-26 14:00:00,166.94587501436675
2011-04-26 15:00:00,168.78907576684554
2011-04-26 16:00:00,273.6239832577618
2011-04-26 17:00:00,543.3519392488594
2011-04-26 18:00:00,470.2389637523342
2011-04-26 19:00:00,317.09174921968673
2011-04-26 20:00:00,246.60183102114297
2011-04-26 21:00:00,197.9861722872022
2011-04-26 22:00:00,137.25625975163868
2011-04-26 23:00:00,64.82514374924332
2011-04-27 00:00:00,29.511372117754426
2011-04-27 01:00:00,13.449851344708083
2011-04-27 02:00:00,5.702847733994049
2011-04-27 03:00:00,3.467364786979842
2011-04-27 04:00:00,4.145746087826273
2011-04-27 05:00:00,16.10292625636163
2011-04-27 06:00:00,90.40260406487845
2011-04-27 07:00:00,235.18150063602474
2011-04-27 08:00:00,371.7320168505638
2011-04-27 09:00:00,169.9319770261133
2011-04-27 10:00:00,104.33505390998795
2011-04-27 11:00:00,120.99030536188454
2011-04-27 12:00:00,162.58248293813548
2011-04-27 13:00:00,163.1124889581323
2011-04-27 14:00:00,161.80556704773045
2011-04-27 15:00:00,162.58267984612738
2011-04-27 16:00:00,264.18440587949976
2011-04-27 17:00:00,305.3026758987941
2011-04-27 18:00:00,265.04605228158704
2011-04-27 19:00:00,324.84588082015205
2011-04-27 20:00:00,231.3803617932455
2011-04-27 21:00:00,140.73000014159243
2011-04-27 22:00:00,104.74437652434186
2011-04-27 23:00:00,62.72335613854898
2011-04-28 00:00:00,37.83184234028262
2011-04-28 01:00:00,11.90311076546563
2011-04-28 02:00:00,5.238057255223267
2011-04-28 03:00:00,4.012249055131083
2011-04-28 04:00:00,4.689143705891324
2011-04-28 05:00:00,22.051425201405927
2011-04-28 06:00:00,89.82630535569795
2011-04-28 07:00:00,274.5411270925901
2011-04-28 08:00:00,401.34988570368085
2011-04-28 09:00:00,137.596300814129
2011-04-28 10:00:00,98.08600569724607
2011-04-28 11:00:00,117.79906885705199
2011-04-28 12:00:00,162.42357291791697
2011-04-28 13:00:00,144.9610819629297
2011-04-28 14:00:00,141.50024957271657
2011-04-28 15:00:00,170.12934295817308
2011-04-28 16:00:00,244.90928168384605
2011-04-28 17:00:00,473.9188890039602
2011-04-28 18:00:00,431.5991243589988
2011-04-28 19:00:00,369.392560907091
2011-04-28 20:00:00,272.23734482042386
2011-04-28 21:00:00,207.95128382173874
2011-04-28 22:00:00,146.84894878715644
2011-04-28 23:00:00,96.50024567461604
2011-04-29 00:00:00,61.299917259098805
2011-04-29 01:00:00,25.51791489800242
2011-04-29 02:00:00,15.187022927314343
2011-04-29 03:00:00,7.331780884780887
2011-04-29 04:00:00,5.502091649352421
2011-04-29 05:00:00,24.489548798571064
2011-04-29 06:00:00,98.93810374736188
2011-04-29 07:00:00,250.39063785500517
2011-04-29 08:00:00,434.4609274463952
2011-04-29 09:00:00,219.71684137186128
2011-04-29 10:00:00,148.57382038250978
2011-04-29 11:00:00,183.81623846886734
2011-04-29 12:00:00,237.36623428221407
2011-04-29 13:00:00,228.32522938050798
2011-04-29 14:00:00,206.83650820002174
2011-04-29 15:00:00,224.3142090637385
2011-04-29 16:00:00,288.2808309586872
2011-04-29 17:00:00,423.6921860502461
2011-04-29 18:00:00,386.27178039068417
2011-04-29 19:00:00,214.19642836810394
2011-04-29 20:00:00,182.1470180321537
2011-04-29 21:00:00,131.31020580652705
2011-04-29 22:00:00,106.13290425457005
2011-04-29 23:00:00,89.79473799085395
2011-04-30 00:00:00,60.08174985260032
2011-04-30 01:00:00,55.019935310609256
2011-04-30 02:00:00,43.75124983177292
2011-04-30 03:00:00,21.964314899333786
2011-04-30 04:00:00,7.096697250112467
2011-04-30 05:00:00,6.18526147335528
2011-04-30 06:00:00,16.753938486097095
2011-04-30 07:00:00,35.05636817393673
2011-04-30 08:00:00,77.33534564342996
2011-04-30 09:00:00,130.3338348541172
2011-04-30 10:00:00,234.96157453390134
2011-04-30 11:00:00,290.04161968666455
2011-04-30 12:00:00,332.86742819214135
2011-04-30 13:00:00,352.749471859308
2011-04-30 14:00:00,344.4384697677152
2011-04-30 15:00:00,364.90313469172804
2011-04-30 16:00:00,360.4912712008408
2011-04-30 17:00:00,351.98458991664836
2011-04-30 18:00:00,288.6417911995492
2011-04-30 19:00:00,249.92895495778754
2011-04-30 20:00:00,124.72238019423219
2011-04-30 21:00:00,112.52621422434468
2011-04-30 22:00:00,98.87914537305238
2011-04-30 23:00:00,72.61141116965825
2011-05-20 00:00:00,34.471330182827344
2011-05-20 01:00:00,17.98817474568219
2011-05-20 02:00:00,10.768808305022933
2011-05-20 03:00:00,6.089646845109602
2011-05-20 04:00:00,5.2156091282610895
2011-05-20 05:00:00,18.233276183439393
2011-05-20 06:00:00,87.99109036141644
2011-05-20 07:00:00,238.43557586370355
2011-05-20 08:00:00,435.4089554224064
2011-05-20 09:00:00,220.20121500001304
2011-05-20 10:00:00,152.81992985509225
2011-05-20 11:00:00,170.63545993796987
2011-05-20 12:00:00,239.62286292786206
2011-05-20 13:00:00,188.6812025815926
2011-05-20 14:00:00,223.68128362169622
2011-05-20 15:00:00,246.02597254158596
2011-05-20 16:00:00,347.5210953896319
2011-05-20 17:00:00,446.1492818291804
2011-05-20 18:00:00,457.853216232278
2011-05-20 19:00:00,295.47353436065066
2011-05-20 20:00:00,218.4190721629701
2011-05-20 21:00:00,183.47985884175398
2011-05-20 22:00:00,155.5141502448128
2011-05-20 23:00:00,124.27684523305278
2011-05-21 00:00:00,103.32014810828053
2011-05-21 01:00:00,77.21720734895409
2011-05-21 02:00:00,58.2879743184143
2011-05-21 03:00:00,23.87215487937185
2011-05-21 04:00:00,6.61352768490599
2011-05-21 05:00:00,8.934259084061894
2011-05-21 06:00:00,21.746489701945883
2011-05-21 07:00:00,54.07605683226553
2011-05-21 08:00:00,115.63664351156073
2011-05-21 09:00:00,203.0900446296773
2011-05-21 10:00:00,283.5368683451325
2011-05-21 11:00:00,368.48821526054087
2011-05-21 12:00:00,390.22028234455763
2011-05-21 13:00:00,402.02528427019286
2011-05-21 14:00:00,402.87554584063645
2011-05-21 15:00:00,403.6166537153671
2011-05-21 16:00:00,403.4019376066587
2011-05-21 17:00:00,374.663189614569
2011-05-21 18:00:00,344.92369851651927
2011-05-21 19:00:00,310.9148848173373
2011-05-21 20:00:00,223.6861337549522
2011-05-21 21:00:00,187.13803063758593
2011-05-21 22:00:00,150.29863753579406
2011-05-21 23:00:00,101.93440796712622
2011-05-22 00:00:00,96.82900733482492
2011-05-22 01:00:00,66.19307897255686
2011-05-22 02:00:00,54.563750391624254
2011-05-22 03:00:00,26.20869561023848
2011-05-22 04:00:00,10.275386712016369
2011-05-22 05:00:00,11.257162938459864
2011-05-22 06:00:00,11.500942357278463
2011-05-22 07:00:00,40.33268456975992
2011-05-22 08:00:00,97.88460617668333
2011-05-22 09:00:00,189.24020854191735
2011-05-22 10:00:00,274.6693858716119
2011-05-22 11:00:00,344.11078320639
2011-05-22 12:00:00,373.47859723960573
2011-05-22 13:00:00,373.95156031558594
2011-05-22 14:00:00,311.3566544661025
2011-05-22 15:00:00,364.7443316224342
2011-05-22 16:00:00,379.0032262729409
2011-05-22 17:00:00,373.8658314530587
2011-05-22 18:00:00,326.99892409924615
2011-05-22 19:00:00,296.4411284652198
2011-05-22 20:00:00,231.13910602645208
2011-05-22 21:00:00,167.48749166392486
2011-05-22 22:00:00,124.43334762267394
2011-05-22 23:00:00,85.14480467434876
2011-05-23 00:00:00,27.39843281451431
2011-05-23 01:00:00,14.272054660331278
2011-05-23 02:00:00,5.868094169880719
2011-05-23 03:00:00,3.6690058368194345
2011-05-23 04:00:00,5.0941075676444765
2011-05-23 05:00:00,18.81264494242933
2011-05-23 06:00:00,84.41319875548066
2011-05-23 07:00:00,205.24495468116476
2011-05-23 08:00:00,383.74307784165677
2011-05-23 09:00:00,185.44293136568052
2011-05-23 10:00:00,119.7729163860528
2011-05-23 11:00:00,129.72721958153144
2011-05-23 12:00:00,171.03013865296444
2011-05-23 13:00:00,167.2921677547203
2011-05-23 14:00:00,145.4576279170942
2011-05-23 15:00:00,157.8593448043623
2011-05-23 16:00:00,263.9098712897215
2011-05-23 17:00:00,419.06002509125426
2011-05-23 18:00:00,494.8654883881213
2011-05-23 19:00:00,362.2814456257837
2011-05-23 20:00:00,244.38339487869533
2011-05-23 21:00:00,143.77876026538715
2011-05-23 22:00:00,96.34815376769686
2011-05-23 23:00:00,62.15272108578338
2011-05-24 00:00:00,21.02112286281567
2011-05-24 01:00:00,10.77715615451011
2011-05-24 02:00:00,6.810992176471136
2011-05-24 03:00:00,3.3718696551970777
2011-05-24 04:00:00,5.74752960395247
2011-05-24 05:00:00,17.671256645919236
2011-05-24 06:00:00,94.7132855780279
2011-05-24 07:00:00,202.9785358062855
2011-05-24 08:00:00,309.03890759798287
2011-05-24 09:00:00,209.79475351142355
2011-05-24 10:00:00,118.68139915721548
2011-05-24 11:00:00,144.5240906047049
2011-05-24 12:00:00,178.71059643730283
2011-05-24 13:00:00,186.41732957482662
2011-05-24 14:00:00,158.45450363785224
2011-05-24 15:00:00,149.9744604877207
2011-05-24 16:00:00,286.8929188716551
2011-05-24 17:00:00,496.8210196660767
2011-05-24 18:00:00,510.370880954036
2011-05-24 19:00:00,364.46295896577635
2011-05-24 20:00:00,273.2313059756907
2011-05-24 21:00:00,210.29488270156796
2011-05-24 22:00:00,85.72537242457491
2011-05-24 23:00:00,70.56222502865066
2011-05-25 00:00:00,21.996470055161733
2011-05-25 01:00:00,10.51876927041973
2011-05-25 02:00:00,6.945491978909953
2011-05-25 03:00:00,4.1797670114355885
2011-05-25 04:00:00,5.186996798630232
2011-05-25 05:00:00,23.941871679647438
2011-05-25 06:00:00,98.61908410717126
2011-05-25 07:00:00,333.92407789964943
2011-05-25 08:00:00,439.6630394845407
2011-05-25 09:00:00,207.02788702156164
2011-05-25 10:00:00,127.911542421272
2011-05-25 11:00:00,144.29759740486006
2011-05-25 12:00:00,190.8482674815683
2011-05-25 13:00:00,178.94442943791373
2011-05-25 14:00:00,165.96379633455913
2011-05-25 15:00:00,171.64532045693983
2011-05-25 16:00:00,263.66117920443685
2011-05-25 17:00:00,515.4426801783271
2011-05-25 18:00:00,504.8104043455157
2011-05-25 19:00:00,387.87028388440166
2011-05-25 20:00:00,304.03704807903176
2011-05-25 21:00:00,213.800631471881
2011-05-25 22:00:00,144.3031974005406
2011-05-25 23:00:00,87.22056063750325
2011-05-26 00:00:00,40.203342202607416
2011-05-26 01:00:00,16.520971694445702
2011-05-26 02:00:00,7.466444433193259
2011-05-26 03:00:00,4.434934422435543
2011-05-26 04:00:00,5.410598855021599
2011-05-26 05:00:00,22.028039811750887
2011-05-26 06:00:00,88.81941197598775
2011-05-26 07:00:00,201.29982095085606
2011-05-26 08:00:00,422.4760224528621
2011-05-26 09:00:00,198.45483827677924
2011-05-26 10:00:00,120.1641953659574
2011-05-26 11:00:00,154.7933525469859
2011-05-26 12:00:00,191.9094606615861
2011-05-26 13:00:00,178.5428057026583
2011-05-26 14:00:00,159.51823199843767
2011-05-26 15:00:00,175.27622042482682
2011-05-26 16:00:00,266.06166136106606
2011-05-26 17:00:00,503.08750872992806
2011-05-26 18:00:00,494.6072806287797
2011-05-26 19:00:00,359.4789769542419
2011-05-26 20:00:00,295.0020633778719
2011-05-26 21:00:00,204.36094940825507
2011-05-26 22:00:00,153.12264746279186
2011-05-26 23:00:00,106.81020718876795
2011-05-27 00:00:00,61.3763890603064
2011-05-27 01:00:00,25.03499194352149
2011-05-27 02:00:00,13.409144227838006
2011-05-27 03:00:00,6.387998788878786
2011-05-27 04:00:00,4.84594238811085
2011-05-27 05:00:00,26.193960244732427
2011-05-27 06:00:00,103.15536660006062
2011-05-27 07:00:00,261.7129579403841
2011-05-27 08:00:00,460.61811671496105
2011-05-27 09:00:00,226.87978132195875
2011-05-27 10:00:00,156.08554698166716
2011-05-27 11:00:00,166.92578139428184
2011-05-27 12:00:00,222.91305822543228
2011-05-27 13:00:00,218.86451899373577
2011-05-27 14:00:00,218.3247719712722
2011-05-27 15:00:00,221.29550701479945
2011-05-27 16:00:00,331.63971334067946
2011-05-27 17:00:00,514.1876031268084
2011-05-27 18:00:00,434.33003001034365
2011-05-27 19:00:00,242.480314024063
2011-05-27 20:00:00,209.6768179784788
2011-05-27 21:00:00,156.55605929060386
2011-05-27 22:00:00,155.4271853377775
2011-05-27 23:00:00,125.21348445833245
2011-05-28 00:00:00,103.82014011729413
2011-05-28 01:00:00,77.90363611364633
2011-05-28 02:00:00,47.21798040600856
2011-05-28 03:00:00,26.843799046479976
2011-05-28 04:00:00,7.011884668915742
2011-05-28 05:00:00,10.10608839818465
2011-05-28 06:00:00,20.072167926826673
2011-05-28 07:00:00,51.90874228369642
2011-05-28 08:00:00,115.56489317099492
2011-05-28 09:00:00,205.62434693861567
2011-05-28 10:00:00,275.4294102354983
2011-05-28 11:00:00,345.9298359171905
2011-05-28 12:00:00,362.86005447543084
2011-05-28 13:00:00,370.60673330570205
2011-05-28 14:00:00,364.50751527813384
2011-05-28 15:00:00,408.43270946747447
2011-05-28 16:00:00,407.3794325976461
2011-05-28 17:00:00,384.00301060549714
2011-05-28 18:00:00,324.96208531333116
2011-05-28 19:00:00,279.54417638860394
2011-05-28 20:00:00,253.12859500449431
2011-05-28 21:00:00,185.43753747707567
2011-05-28 22:00:00,177.13998300279297
2011-05-28 23:00:00,121.36474943565558
2011-05-29 00:00:00,107.88472359444933
2011-05-29 01:00:00,80.68371910138619
2011-05-29 02:00:00,59.50740354098602
2011-05-29 03:00:00,27.686255700002334
2011-05-29 04:00:00,8.949806174346975
2011-05-29 05:00:00,9.843036594272688
2011-05-29 06:00:00,15.246361187447308
2011-05-29 07:00:00,32.37717658950805
2011-05-29 08:00:00,78.30707387334247
2011-05-29 09:00:00,102.95506668669569
2011-05-29 10:00:00,220.05059120312538
2011-05-29 11:00:00,247.0256758987536
2011-05-29 12:00:00,310.9858908529506
2011-05-29 13:00:00,382.5336497010343
2011-05-29 14:00:00,355.4844484048263
2011-05-29 15:00:00,376.54217019172194
2011-05-29 16:00:00,370.25336570512786
2011-05-29 17:00:00,347.95135934765295
2011-05-29 18:00:00,267.0522734164275
2011-05-29 19:00:00,260.0696092554271
2011-05-29 20:00:00,210.42062691332472
2011-05-29 21:00:00,157.83553144670955
2011-05-29 22:00:00,115.49383184356539
2011-05-29 23:00:00,88.53316336529676
2011-05-30 00:00:00,77.59134797553949
2011-05-30 01:00:00,58.735025361148146
2011-05-30 02:00:00,35.054641147698064
2011-05-30 03:00:00,16.99885449198231
2011-05-30 04:00:00,7.2333999698239015
2011-05-30 05:00:00,8.767117269659972
2011-05-30 06:00:00,16.073632038522227
2011-05-30 07:00:00,44.393141872271876
2011-05-30 08:00:00,102.2376555856774
2011-05-30 09:00:00,216.71845854134983
2011-05-30 10:00:00,247.92623294666768
2011-05-30 11:00:00,318.69281292641676
2011-05-30 12:00:00,365.19498916010235
2011-05-30 13:00:00,368.39010830576956
2011-05-30 14:00:00,369.11252677242794
2011-05-30 15:00:00,345.4056776115302
2011-05-30 16:00:00,362.520739404123
2011-05-30 17:00:00,397.6889796562549
2011-05-30 18:00:00,388.68077011542607
2011-05-30 19:00:00,253.66794046545073
2011-05-30 20:00:00,272.15375357910267
2011-05-30 21:00:00,249.7932691845274
2011-05-30 22:00:00,171.54773939024423
2011-05-30 23:00:00,95.10408051802796
2011-05-31 00:00:00,27.94925835657216
2011-05-31 01:00:00,15.20852996147932
2011-05-31 02:00:00,7.167347633844307
2011-05-31 03:00:00,3.2946925647148713
2011-05-31 04:00:00,6.098284219414862
2011-05-31 05:00:00,24.7552878195195
2011-05-31 06:00:00,113.85453381598435
2011-05-31 07:00:00,308.2455650260494
2011-05-31 08:00:00,455.69090153853
2011-05-31 09:00:00,193.95463726655126
2011-05-31 10:00:00,121.22722786603703
2011-05-31 11:00:00,141.20638722604593
2011-05-31 12:00:00,166.12099210743904
2011-05-31 13:00:00,155.46994659160376
2011-05-31 14:00:00,149.27637105321003
2011-05-31 15:00:00,148.41954112895277
2011-05-31 16:00:00,261.04708198351716
2011-05-31 17:00:00,523.2731144310585
2011-05-31 18:00:00,524.35192890663
2011-05-31 19:00:00,372.80653921256635
2011-05-31 20:00:00,296.9379542220186
2011-05-31 21:00:00,213.31618364323182
2011-05-31 22:00:00,155.35076352722263
2011-05-31 23:00:00,81.74390164056214
2011-06-20 00:00:00,30.14356327080821
2011-06-20 01:00:00,14.798053235736615
2011-06-20 02:00:00,7.879793029868023
2011-06-20 03:00:00,3.343376083868317
2011-06-20 04:00:00,4.209054587028574
2011-06-20 05:00:00,18.668069063467314
2011-06-20 06:00:00,79.54808328872652
2011-06-20 07:00:00,156.46079172252155
2011-06-20 08:00:00,307.67130002570775
2011-06-20 09:00:00,195.52273041889418
2011-06-20 10:00:00,112.78862955788294
2011-06-20 11:00:00,121.55001957254436
2011-06-20 12:00:00,168.1962556638765
2011-06-20 13:00:00,175.292440122426
2011-06-20 14:00:00,171.57957997233603
2011-06-20 15:00:00,164.1095718796971
2011-06-20 16:00:00,286.68423220794426
2011-06-20 17:00:00,506.18583896318876
2011-06-20 18:00:00,508.147629480966
2011-06-20 19:00:00,373.56960541823764
2011-06-20 20:00:00,277.1523730573985
2011-06-20 21:00:00,198.82679185628
2011-06-20 22:00:00,130.35515046955675
2011-06-20 23:00:00,76.14863629227419
2011-06-21 00:00:00,30.639968424982243
2011-06-21 01:00:00,10.714761215460696
2011-06-21 02:00:00,4.966587991503344
2011-06-21 03:00:00,3.916409073481166
2011-06-21 04:00:00,6.059259438465863
2011-06-21 05:00:00,20.66676528279572
2011-06-21 06:00:00,112.85363175193642
2011-06-21 07:00:00,214.20087286982476
2011-06-21 08:00:00,393.3835447540917
2011-06-21 09:00:00,176.29434297204352
2011-06-21 10:00:00,117.12148850514026
2011-06-21 11:00:00,135.2018879453155
2011-06-21 12:00:00,179.5923277872249
2011-06-21 13:00:00,173.14144797584993
2011-06-21 14:00:00,165.33563529804587
2011-06-21 15:00:00,177.8930892795189
2011-06-21 16:00:00,289.04926434840513
2011-06-21 17:00:00,553.5507946796222
2011-06-21 18:00:00,517.7079286905703
2011-06-21 19:00:00,343.20431984496736
2011-06-21 20:00:00,198.24418817902074
2011-06-21 21:00:00,226.8192005466483
2011-06-21 22:00:00,152.9526673962025
2011-06-21 23:00:00,81.61352081092573
2011-06-22 00:00:00,34.84358602439716
2011-06-22 01:00:00,14.29079022682294
2011-06-22 02:00:00,5.525500933350168
2011-06-22 03:00:00,6.123218388864373
2011-06-22 04:00:00,6.45136151518836
2011-06-22 05:00:00,27.43311073326394
2011-06-22 06:00:00,108.54229466602573
2011-06-22 07:00:00,312.371528402929
2011-06-22 08:00:00,433.2596242488232
2011-06-22 09:00:00,199.7060000420221
2011-06-22 10:00:00,131.84659976361053
2011-06-22 11:00:00,152.236667035846
2011-06-22 12:00:00,182.0276505851146
2011-06-22 13:00:00,162.85918546742465
2011-06-22 14:00:00,152.87588207148278
2011-06-22 15:00:00,169.24906480554108
2011-06-22 16:00:00,265.89105014229955
2011-06-22 17:00:00,499.2839815296576
2011-06-22 18:00:00,511.66492012478324
2011-06-22 19:00:00,382.4595523932956
2011-06-22 20:00:00,292.2075699222475
2011-06-22 21:00:00,227.73591686445513
2011-06-22 22:00:00,161.37909438501694
2011-06-22 23:00:00,93.24464154474157
2011-06-23 00:00:00,38.26983884468329
2011-06-23 01:00:00,19.333651247230637
2011-06-23 02:00:00,7.437541895568626
2011-06-23 03:00:00,4.725593113692444
2011-06-23 04:00:00,5.941481019397855
2011-06-23 05:00:00,26.208757502421523
2011-06-23 06:00:00,115.50750835477614
2011-06-23 07:00:00,313.01644982116534
2011-06-23 08:00:00,425.7280846183598
2011-06-23 09:00:00,199.67870150071474
2011-06-23 10:00:00,130.88209435074518
2011-06-23 11:00:00,133.0705775575026
2011-06-23 12:00:00,178.56646462824574
2011-06-23 13:00:00,176.9166249324879
2011-06-23 14:00:00,159.45439734567591
2011-06-23 15:00:00,173.2707582944854
2011-06-23 16:00:00,279.23719025043533
2011-06-23 17:00:00,468.2529746442136
2011-06-23 18:00:00,471.26890183097925
2011-06-23 19:00:00,358.37621108020755
2011-06-23 20:00:00,288.1753711524058
2011-06-23 21:00:00,217.0645495526332
2011-06-23 22:00:00,152.4728342852141
2011-06-23 23:00:00,110.6385556525422
2011-06-24 00:00:00,57.26229685547696
2011-06-24 01:00:00,23.65678659240087
2011-06-24 02:00:00,12.004800978644761
2011-06-24 03:00:00,6.451851705811102
2011-06-24 04:00:00,6.051389167191089
2011-06-24 05:00:00,19.139693755850228
2011-06-24 06:00:00,93.72184282926443
2011-06-24 07:00:00,266.0486392125667
2011-06-24 08:00:00,450.1331196857582
2011-06-24 09:00:00,226.51432630313823
2011-06-24 10:00:00,152.25397826589085
2011-06-24 11:00:00,182.98479048254308
2011-06-24 12:00:00,229.30738512722553
2011-06-24 13:00:00,236.80182769945372
2011-06-24 14:00:00,221.72775189274333
2011-06-24 15:00:00,241.5336252564026
2011-06-24 16:00:00,328.29304749480684
2011-06-24 17:00:00,553.3827539289523
2011-06-24 18:00:00,461.3534224216322
2011-06-24 19:00:00,380.042726369205
2011-06-24 20:00:00,265.69348083419715
2011-06-24 21:00:00,221.02544212484554
2011-06-24 22:00:00,216.3537748313874
2011-06-24 23:00:00,150.37710334373776
2011-06-25 00:00:00,108.16890766443495
2011-06-25 01:00:00,80.4445046172443
2011-06-25 02:00:00,55.843585129261214
2011-06-25 03:00:00,27.11804754677479
2011-06-25 04:00:00,8.435784576701133
2011-06-25 05:00:00,10.69546975174434
2011-06-25 06:00:00,22.967257693610804
2011-06-25 07:00:00,55.90038787385736
2011-06-25 08:00:00,141.41266724595113
2011-06-25 09:00:00,211.67327348826893
2011-06-25 10:00:00,302.69164841585723
2011-06-25 11:00:00,368.11595925232496
2011-06-25 12:00:00,423.4548671074032
2011-06-25 13:00:00,421.0899732077148
2011-06-25 14:00:00,413.4733721495042
2011-06-25 15:00:00,410.87891937334894
2011-06-25 16:00:00,424.0421382772631
2011-06-25 17:00:00,421.4514891334874
2011-06-25 18:00:00,383.39801987934584
2011-06-25 19:00:00,328.49825047120567
2011-06-25 20:00:00,259.99793417899616
2011-06-25 21:00:00,213.72707000007352
2011-06-25 22:00:00,186.13676520001883
2011-06-25 23:00:00,123.38289490228368
2011-06-26 00:00:00,108.58894474248658
2011-06-26 01:00:00,87.35758478776452
2011-06-26 02:00:00,70.94397118453324
2011-06-26 03:00:00,31.684087261543688
2011-06-26 04:00:00,9.21758148514723
2011-06-26 05:00:00,11.768741660474642
2011-06-26 06:00:00,20.655638127941515
2011-06-26 07:00:00,50.665084266711304
2011-06-26 08:00:00,106.46062035180009
2011-06-26 09:00:00,196.89919834923367
2011-06-26 10:00:00,293.65657350336807
2011-06-26 11:00:00,372.26134477467264
2011-06-26 12:00:00,399.6938087462216
2011-06-26 13:00:00,390.1443387199488
2011-06-26 14:00:00,381.97648404425104
2011-06-26 15:00:00,395.3995056283203
2011-06-26 16:00:00,386.03998893928963
2011-06-26 17:00:00,363.8466073516282
2011-06-26 18:00:00,345.6210783721801
2011-06-26 19:00:00,317.6972217656112
2011-06-26 20:00:00,224.07746205361642
2011-06-26 21:00:00,176.92141948497948
2011-06-26 22:00:00,150.10689394218045
2011-06-26 23:00:00,92.19586146736268
2011-06-27 00:00:00,27.662789134310856
2011-06-27 01:00:00,11.46189594436679
2011-06-27 02:00:00,6.700130045410715
2011-06-27 03:00:00,4.286990468976706
2011-06-27 04:00:00,5.37338089987504
2011-06-27 05:00:00,20.2241483233561
2011-06-27 06:00:00,111.72353979535202
2011-06-27 07:00:00,291.6303262431693
2011-06-27 08:00:00,393.4271489882892
2011-06-27 09:00:00,193.9519405449741
2011-06-27 10:00:00,126.19637855039298
2011-06-27 11:00:00,143.46131647208108
2011-06-27 12:00:00,186.47610520258888
2011-06-27 13:00:00,167.20127076146687
2011-06-27 14:00:00,157.01153807648365
2011-06-27 15:00:00,174.2611169884916
2011-06-27 16:00:00,287.97403274754487
2011-06-27 17:00:00,560.427436291592
2011-06-27 18:00:00,515.1663553661704
2011-06-27 19:00:00,394.97633042694684
2011-06-27 20:00:00,290.5670172108115
2011-06-27 21:00:00,195.60641261878592
2011-06-27 22:00:00,132.85739510630717
2011-06-27 23:00:00,80.05171896592203
2011-06-28 00:00:00,32.576449195763935
2011-06-28 01:00:00,14.498934731081091
2011-06-28 02:00:00,8.01461535194358
2011-06-28 03:00:00,5.653588148454038
2011-06-28 04:00:00,7.087358006776442
2011-06-28 05:00:00,22.29771173940252
2011-06-28 06:00:00,111.1728583818298
2011-06-28 07:00:00,317.3533183366447
2011-06-28 08:00:00,425.0938983620951
2011-06-28 09:00:00,198.3161511048389
2011-06-28 10:00:00,123.43924567736929
2011-06-28 11:00:00,145.5593147743206
2011-06-28 12:00:00,165.83678873865898
2011-06-28 13:00:00,170.71399698504604
2011-06-28 14:00:00,150.3427702930045
2011-06-28 15:00:00,158.43343369066167
2011-06-28 16:00:00,233.1408602247296
2011-06-28 17:00:00,443.8591759102485
2011-06-28 18:00:00,396.5228788744383
2011-06-28 19:00:00,328.96839553479344
2011-06-28 20:00:00,283.27538022434123
2011-06-28 21:00:00,209.67528928061716
2011-06-28 22:00:00,136.86565709485174
2011-06-28 23:00:00,88.67351132490617
2011-06-29 00:00:00,31.425474644925966
2011-06-29 01:00:00,14.804581222982797
2011-06-29 02:00:00,6.656874738598412
2011-06-29 03:00:00,5.368793849111151
2011-06-29 04:00:00,6.792154770932953
2011-06-29 05:00:00,27.30275557531189
2011-06-29 06:00:00,107.93679074802141
2011-06-29 07:00:00,306.82970758982435
2011-06-29 08:00:00,443.5916410885076
2011-06-29 09:00:00,199.7380699358183
2011-06-29 10:00:00,122.58850044263696
2011-06-29 11:00:00,158.91281959480816
2011-06-29 12:00:00,208.51010479908177
2011-06-29 13:00:00,187.58597079444175
2011-06-29 14:00:00,160.5478480837995
2011-06-29 15:00:00,170.00650250674335
2011-06-29 16:00:00,276.10708726035045
2011-06-29 17:00:00,549.8961224681268
2011-06-29 18:00:00,549.4419803059441
2011-06-29 19:00:00,373.0686017355629
2011-06-29 20:00:00,270.5721263666534
2011-06-29 21:00:00,226.15910726073324
2011-06-29 22:00:00,164.8360619766598
2011-06-29 23:00:00,101.4557215183479
2011-06-30 00:00:00,40.419927202220535
2011-06-30 01:00:00,19.483086672737656
2011-06-30 02:00:00,8.146587311694589
2011-06-30 03:00:00,6.203198484945084
2011-06-30 04:00:00,5.933356043884236
2011-06-30 05:00:00,27.067889324768153
2011-06-30 06:00:00,113.54338564037207
2011-06-30 07:00:00,311.47297014982564
2011-06-30 08:00:00,423.28862668013744
2011-06-30 09:00:00,202.50914348342332
2011-06-30 10:00:00,124.16867026374689
2011-06-30 11:00:00,160.9481399392437
2011-06-30 12:00:00,198.04355559688628
2011-06-30 13:00:00,190.1302884691337
2011-06-30 14:00:00,160.6694814168607
2011-06-30 15:00:00,177.47417115778208
2011-06-30 16:00:00,280.6084838034533
2011-06-30 17:00:00,558.5407001110568
2011-06-30 18:00:00,546.916065726852
2011-06-30 19:00:00,377.4952689407062
2011-06-30 20:00:00,297.2234492734018
2011-06-30 21:00:00,218.4183064190372
2011-06-30 22:00:00,167.51161219047194
2011-06-30 23:00:00,117.00219775418893
2011-07-20 00:00:00,29.935504544714412
2011-07-20 01:00:00,14.954765234451676
2011-07-20 02:00:00,5.274005638030913
2011-07-20 03:00:00,5.452930166694163
2011-07-20 04:00:00,6.6249189481112625
2011-07-20 05:00:00,30.38507632969764
2011-07-20 06:00:00,119.73819193868174
2011-07-20 07:00:00,306.4133042517835
2011-07-20 08:00:00,420.99179479568915
2011-07-20 09:00:00,201.72199310448994
2011-07-20 10:00:00,127.44616798203309
2011-07-20 11:00:00,144.12263544246062
2011-07-20 12:00:00,184.0590501991183
2011-07-20 13:00:00,165.05971439043248
2011-07-20 14:00:00,146.58935115374237
2011-07-20 15:00:00,163.81241143097327
2011-07-20 16:00:00,275.0413217783847
2011-07-20 17:00:00,556.5311551655832
2011-07-20 18:00:00,547.5897862914745
2011-07-20 19:00:00,382.8992680857412
2011-07-20 20:00:00,292.9670371299501
2011-07-20 21:00:00,217.5790140565098
2011-07-20 22:00:00,157.30986672689855
2011-07-20 23:00:00,101.59852171339114
2011-07-21 00:00:00,41.00437003243753
2011-07-21 01:00:00,15.941751511112013
2011-07-21 02:00:00,6.4762881194944475
2011-07-21 03:00:00,5.022614076258738
2011-07-21 04:00:00,5.710889855856065
2011-07-21 05:00:00,22.78235740618762
2011-07-21 06:00:00,121.43919807202855
2011-07-21 07:00:00,303.2884508730259
2011-07-21 08:00:00,436.85796647249697
2011-07-21 09:00:00,201.87907842457017
2011-07-21 10:00:00,124.85918433325737
2011-07-21 11:00:00,140.54475917270094
2011-07-21 12:00:00,169.31227582867086
2011-07-21 13:00:00,160.99107082724086
2011-07-21 14:00:00,153.9020766488777
2011-07-21 15:00:00,158.11407498391617
2011-07-21 16:00:00,249.44044173165102
2011-07-21 17:00:00,497.35203560328085
2011-07-21 18:00:00,492.97228118200513
2011-07-21 19:00:00,353.1894495041155
2011-07-21 20:00:00,277.5647331915347
2011-07-21 21:00:00,216.2821621533704
2011-07-21 22:00:00,162.97540406063126
2011-07-21 23:00:00,112.02119946317266
2011-07-22 00:00:00,58.01772494809468
2011-07-22 01:00:00,29.800601672215144
2011-07-22 02:00:00,19.23377621290413
2011-07-22 03:00:00,6.502641022394948
2011-07-22 04:00:00,6.923378560391814
2011-07-22 05:00:00,22.7334656250246
2011-07-22 06:00:00,102.15125603314925
2011-07-22 07:00:00,269.4460857499911
2011-07-22 08:00:00,433.9547791551974
2011-07-22 09:00:00,223.2402739193241
2011-07-22 10:00:00,141.56752664855162
2011-07-22 11:00:00,173.40946661708367
2011-07-22 12:00:00,221.45231497433235
2011-07-22 13:00:00,221.68300084586116
2011-07-22 14:00:00,215.0282738357447
2011-07-22 15:00:00,229.72629856891086
2011-07-22 16:00:00,296.40737775649893
2011-07-22 17:00:00,494.04620452596356
2011-07-22 18:00:00,453.44747377025857
2011-07-22 19:00:00,339.40475075857375
2011-07-22 20:00:00,242.24174907096886
2011-07-22 21:00:00,211.98009216750953
2011-07-22 22:00:00,189.38241982243514
2011-07-22 23:00:00,148.9398808784143
2011-07-23 00:00:00,111.4009496702089
2011-07-23 01:00:00,84.27513290541312
2011-07-23 02:00:00,62.756732927637515
2011-07-23 03:00:00,26.86747840122924
2011-07-23 04:00:00,9.159424730877817
2011-07-23 05:00:00,10.803125074100638
2011-07-23 06:00:00,28.046225142075738
2011-07-23 07:00:00,66.67811866856383
2011-07-23 08:00:00,139.09050510734804
2011-07-23 09:00:00,209.71687799760446
2011-07-23 10:00:00,292.6387057286096
2011-07-23 11:00:00,333.8173136077293
2011-07-23 12:00:00,378.9927860820169
2011-07-23 13:00:00,381.1633812770501
2011-07-23 14:00:00,372.17058213907893
2011-07-23 15:00:00,374.12818375151653
2011-07-23 16:00:00,391.9252130781281
2011-07-23 17:00:00,375.3890720945817
2011-07-23 18:00:00,367.9459255615583
2011-07-23 19:00:00,309.34007246723553
2011-07-23 20:00:00,282.6166860443741
2011-07-23 21:00:00,224.8866194625001
2011-07-23 22:00:00,198.29581292872558
2011-07-23 23:00:00,132.7675763189629
2011-07-24 00:00:00,125.88138725642246
2011-07-24 01:00:00,92.24952087687919
2011-07-24 02:00:00,76.02506961381536
2011-07-24 03:00:00,29.14496047762406
2011-07-24 04:00:00,7.758340672688352
2011-07-24 05:00:00,10.11717215962103
2011-07-24 06:00:00,18.937688114014374
2011-07-24 07:00:00,54.67141221269749
2011-07-24 08:00:00,112.35933104121604
2011-07-24 09:00:00,200.05033378082823
2011-07-24 10:00:00,294.69045928207527
2011-07-24 11:00:00,331.8062546328151
2011-07-24 12:00:00,377.2541118768409
2011-07-24 13:00:00,378.956671183045
2011-07-24 14:00:00,361.1665655203136
2011-07-24 15:00:00,357.6713378728801
2011-07-24 16:00:00,368.1768943717426
2011-07-24 17:00:00,371.03303531725203
2011-07-24 18:00:00,361.0263862356935
2011-07-24 19:00:00,324.56397797729653
2011-07-24 20:00:00,251.8364978098643
2011-07-24 21:00:00,194.3384520844827
2011-07-24 22:00:00,152.0799762656394
2011-07-24 23:00:00,93.5287598142252
2011-07-25 00:00:00,36.18613129071583
2011-07-25 01:00:00,14.096140131677753
2011-07-25 02:00:00,7.17678542340367
2011-07-25 03:00:00,3.997783669578954
2011-07-25 04:00:00,6.288864049858734
2011-07-25 05:00:00,21.854350992754974
2011-07-25 06:00:00,116.10992844999535
2011-07-25 07:00:00,302.92841779033927
2011-07-25 08:00:00,411.382534583048
2011-07-25 09:00:00,191.04149709703506
2011-07-25 10:00:00,120.15670394324076
2011-07-25 11:00:00,134.4095959559363
2011-07-25 12:00:00,167.5393291558965
2011-07-25 13:00:00,162.08679835063506
2011-07-25 14:00:00,141.34217799242185
2011-07-25 15:00:00,140.97316607971186
2011-07-25 16:00:00,216.8595893784932
2011-07-25 17:00:00,500.6523487592208
2011-07-25 18:00:00,492.19133205515556
2011-07-25 19:00:00,385.3522723371511
2011-07-25 20:00:00,286.93643932228605
2011-07-25 21:00:00,168.94874340694858
2011-07-25 22:00:00,128.25717491467677
2011-07-25 23:00:00,72.66536162820252
2011-07-26 00:00:00,28.62685605465253
2011-07-26 01:00:00,16.347088903647837
2011-07-26 02:00:00,7.826116799467212
2011-07-26 03:00:00,4.18983605550837
2011-07-26 04:00:00,5.712022006449466
2011-07-26 05:00:00,25.13863718809841
2011-07-26 06:00:00,112.92625599293892
2011-07-26 07:00:00,309.32993743598524
2011-07-26 08:00:00,424.09658203950204
2011-07-26 09:00:00,198.30494012825056
2011-07-26 10:00:00,125.67401272973147
2011-07-26 11:00:00,143.34830362643044
2011-07-26 12:00:00,174.08208260937693
2011-07-26 13:00:00,171.5470512578629
2011-07-26 14:00:00,156.4025147989002
2011-07-26 15:00:00,165.67327257682396
2011-07-26 16:00:00,263.00912467771224
2011-07-26 17:00:00,532.1565029690358
2011-07-26 18:00:00,501.9483494635713
2011-07-26 19:00:00,365.33073917558283
2011-07-26 20:00:00,294.24869357358654
2011-07-26 21:00:00,236.4881072029304
2011-07-26 22:00:00,164.6191288757426
2011-07-26 23:00:00,83.92753287148615
2011-07-27 00:00:00,42.183895506556844
2011-07-27 01:00:00,16.32492894516283
2011-07-27 02:00:00,8.866161877324188
2011-07-27 03:00:00,4.046362444704815
2011-07-27 04:00:00,5.231842394622584
2011-07-27 05:00:00,27.181040871719446
2011-07-27 06:00:00,114.84019445140831
2011-07-27 07:00:00,311.35104996251135
2011-07-27 08:00:00,430.5671263034286
2011-07-27 09:00:00,198.05261424867825
2011-07-27 10:00:00,119.0798046216855
2011-07-27 11:00:00,148.03486661271532
2011-07-27 12:00:00,206.38137845998577
2011-07-27 13:00:00,181.92086228830328
2011-07-27 14:00:00,164.7228823091441
2011-07-27 15:00:00,176.58827931266399
2011-07-27 16:00:00,277.9759381739746
2011-07-27 17:00:00,570.1701149328247
2011-07-27 18:00:00,547.2611318235095
2011-07-27 19:00:00,389.30782395081457
2011-07-27 20:00:00,300.20222933916267
2011-07-27 21:00:00,223.25538330695971
2011-07-27 22:00:00,153.83485047313997
2011-07-27 23:00:00,97.04942364737488
2011-07-28 00:00:00,44.783429207629375
2011-07-28 01:00:00,17.416656483923187
2011-07-28 02:00:00,8.807317447688163
2011-07-28 03:00:00,5.186728101070456
2011-07-28 04:00:00,5.7685321728158145
2011-07-28 05:00:00,27.946179998444567
2011-07-28 06:00:00,110.73790196292767
2011-07-28 07:00:00,317.70140821069816
2011-07-28 08:00:00,425.2024681497219
2011-07-28 09:00:00,199.86480991019727
2011-07-28 10:00:00,119.03801529992293
2011-07-28 11:00:00,138.85736795954264
2011-07-28 12:00:00,170.75024343481584
2011-07-28 13:00:00,158.21749680785607
2011-07-28 14:00:00,159.21099661692926
2011-07-28 15:00:00,165.17072393825651
2011-07-28 16:00:00,268.06256223563673
2011-07-28 17:00:00,569.2798290316798
2011-07-28 18:00:00,529.8018634112266
2011-07-28 19:00:00,375.80759619739723
2011-07-28 20:00:00,285.7763396268197
2011-07-28 21:00:00,204.8150021247959
2011-07-28 22:00:00,153.77543547861194
2011-07-28 23:00:00,109.168803088019
2011-07-29 00:00:00,55.50827745094737
2011-07-29 01:00:00,26.93681954292027
2011-07-29 02:00:00,18.344202267093134
2011-07-29 03:00:00,5.285134406274177
2011-07-29 04:00:00,6.4564383984663545
2011-07-29 05:00:00,21.59171690769721
2011-07-29 06:00:00,94.00931710143975
2011-07-29 07:00:00,281.6789501278994
2011-07-29 08:00:00,430.0852017107526
2011-07-29 09:00:00,234.372746478687
2011-07-29 10:00:00,149.25195059197395
2011-07-29 11:00:00,175.67197106324542
2011-07-29 12:00:00,224.54707652368043
2011-07-29 13:00:00,231.67994867907274
2011-07-29 14:00:00,211.65946315626832
2011-07-29 15:00:00,251.4190919625183
2011-07-29 16:00:00,328.0881696980574
2011-07-29 17:00:00,509.67167647437424
2011-07-29 18:00:00,439.6423138905037
2011-07-29 19:00:00,354.60409758363016
2011-07-29 20:00:00,244.75587147956995
2011-07-29 21:00:00,212.9080964181943
2011-07-29 22:00:00,198.67915844508622
2011-07-29 23:00:00,146.46038733300657
2011-07-30 00:00:00,119.22755086397754
2011-07-30 01:00:00,83.45416783523495
2011-07-30 02:00:00,65.95002399365558
2011-07-30 03:00:00,29.10671840736098
2011-07-30 04:00:00,8.704116622914343
2011-07-30 05:00:00,11.61357080051024
2011-07-30 06:00:00,22.458968318557915
2011-07-30 07:00:00,55.66441144353293
2011-07-30 08:00:00,142.25769439846567
2011-07-30 09:00:00,219.45296792188728
2011-07-30 10:00:00,295.8359333318083
2011-07-30 11:00:00,334.3509952714239
2011-07-30 12:00:00,383.36791667152386
2011-07-30 13:00:00,383.40427193736036
2011-07-30 14:00:00,372.9041181856494
2011-07-30 15:00:00,360.49073093663486
2011-07-30 16:00:00,385.5302965629161
2011-07-30 17:00:00,375.5321240589034
2011-07-30 18:00:00,356.1401885391304
2011-07-30 19:00:00,325.9894534149633
2011-07-30 20:00:00,250.3777067881554
2011-07-30 21:00:00,221.33499738994047
2011-07-30 22:00:00,187.66703177474224
2011-07-30 23:00:00,135.7977511679205
2011-07-31 00:00:00,121.8427682331813
2011-07-31 01:00:00,94.64672296267355
2011-07-31 02:00:00,78.29103791126639
2011-07-31 03:00:00,29.421207021375128
2011-07-31 04:00:00,7.53369030914414
2011-07-31 05:00:00,12.137741618010695
2011-07-31 06:00:00,21.118311370981512
2011-07-31 07:00:00,57.907700627095196
2011-07-31 08:00:00,116.96685014297172
2011-07-31 09:00:00,190.93784183529775
2011-07-31 10:00:00,279.9507296223833
2011-07-31 11:00:00,320.5897420238149
2011-07-31 12:00:00,369.8586280552079
2011-07-31 13:00:00,366.27262779311457
2011-07-31 14:00:00,352.48771096128246
2011-07-31 15:00:00,350.62452995081736
2011-07-31 16:00:00,359.1935504119546
2011-07-31 17:00:00,345.49767489292384
2011-07-31 18:00:00,367.0796895089428
2011-07-31 19:00:00,315.3995837905923
2011-07-31 20:00:00,246.3101218595442
2011-07-31 21:00:00,195.0922616631532
2011-07-31 22:00:00,143.65000204848494
2011-07-31 23:00:00,85.06487664165276
2011-08-20 00:00:00,108.28300354331407
2011-08-20 01:00:00,84.61478156140878
2011-08-20 02:00:00,60.547319151286835
2011-08-20 03:00:00,27.92355543796799
2011-08-20 04:00:00,8.806678963083485
2011-08-20 05:00:00,11.033906538178352
2011-08-20 06:00:00,24.04740281666939
2011-08-20 07:00:00,51.78833371232659
2011-08-20 08:00:00,115.03630398630976
2011-08-20 09:00:00,203.24941138097228
2011-08-20 10:00:00,292.02884101261736
2011-08-20 11:00:00,367.1317380386987
2011-08-20 12:00:00,382.22140314333706
2011-08-20 13:00:00,382.7785314978637
2011-08-20 14:00:00,379.0174881093213
2011-08-20 15:00:00,379.658930259993
2011-08-20 16:00:00,388.5301666551781
2011-08-20 17:00:00,416.86823736532995
2011-08-20 18:00:00,368.02313337373766
2011-08-20 19:00:00,326.8760580045785
2011-08-20 20:00:00,271.86328584201823
2011-08-20 21:00:00,211.44028478121587
2011-08-20 22:00:00,159.52045897117614
2011-08-20 23:00:00,117.44363847611459
2011-08-21 00:00:00,125.3404035213452
2011-08-21 01:00:00,79.0185718155208
2011-08-21 02:00:00,68.71021591987835
2011-08-21 03:00:00,34.544863996478824
2011-08-21 04:00:00,4.6893481336423175
2011-08-21 05:00:00,8.209561121373737
2011-08-21 06:00:00,8.801927935756991
2011-08-21 07:00:00,41.042465618165075
2011-08-21 08:00:00,96.48862349977722
2011-08-21 09:00:00,188.0124672219904
2011-08-21 10:00:00,270.7791290468129
2011-08-21 11:00:00,327.48636041382906
2011-08-21 12:00:00,385.0130548302148
2011-08-21 13:00:00,400.4863626771341
2011-08-21 14:00:00,270.2866896470011
2011-08-21 15:00:00,293.25385740909337
2011-08-21 16:00:00,311.5860345679588
2011-08-21 17:00:00,274.46819997356965
2011-08-21 18:00:00,252.6023387935414
2011-08-21 19:00:00,297.2329028001374
2011-08-21 20:00:00,207.50079514487754
2011-08-21 21:00:00,180.2648230998302
2011-08-21 22:00:00,140.46774955782408
2011-08-21 23:00:00,97.06167824302267
2011-08-22 00:00:00,31.947268744295044
2011-08-22 01:00:00,14.057782847795547
2011-08-22 02:00:00,10.328789866046307
2011-08-22 03:00:00,4.27587907552232
2011-08-22 04:00:00,5.056188920619134
2011-08-22 05:00:00,26.901533190258558
2011-08-22 06:00:00,103.30778055411423
2011-08-22 07:00:00,292.1416037752828
2011-08-22 08:00:00,389.1404349416029
2011-08-22 09:00:00,200.35925392166897
2011-08-22 10:00:00,122.52859472499894
2011-08-22 11:00:00,152.69096539690264
2011-08-22 12:00:00,177.92889092060784
2011-08-22 13:00:00,168.87997418669835
2011-08-22 14:00:00,162.6241738224144
2011-08-22 15:00:00,168.478895793714
2011-08-22 16:00:00,271.78323342478666
2011-08-22 17:00:00,523.480846945223
2011-08-22 18:00:00,531.2934090565957
2011-08-22 19:00:00,377.2479212476406
2011-08-22 20:00:00,286.0179967143445
2011-08-22 21:00:00,200.81844517378352
2011-08-22 22:00:00,117.84793367413528
2011-08-22 23:00:00,79.89896567098069
2011-08-23 00:00:00,31.423347830995013
2011-08-23 01:00:00,14.27721461894449
2011-08-23 02:00:00,9.071404127798719
2011-08-23 03:00:00,3.823696097045637
2011-08-23 04:00:00,5.157401770468441
2011-08-23 05:00:00,25.414863771403873
2011-08-23 06:00:00,114.21502771274442
2011-08-23 07:00:00,320.9094657058814
2011-08-23 08:00:00,445.8954578013271
2011-08-23 09:00:00,202.52065878980505
2011-08-23 10:00:00,123.97804082867302
2011-08-23 11:00:00,156.17675243603463
2011-08-23 12:00:00,196.85306680704582
2011-08-23 13:00:00,193.09920317181638
2011-08-23 14:00:00,168.4163319047885
2011-08-23 15:00:00,177.08746744762772
2011-08-23 16:00:00,298.36298448496194
2011-08-23 17:00:00,570.5011149007469
2011-08-23 18:00:00,560.9851386308601
2011-08-23 19:00:00,397.5625651632228
2011-08-23 20:00:00,284.84968331294556
2011-08-23 21:00:00,203.21359241746038
2011-08-23 22:00:00,161.08029380097116
2011-08-23 23:00:00,80.6535915390788
2011-08-24 00:00:00,37.87044509468239
2011-08-24 01:00:00,15.417815509499905
2011-08-24 02:00:00,8.378871357373715
2011-08-24 03:00:00,5.598292026860529
2011-08-24 04:00:00,6.711482340056711
2011-08-24 05:00:00,26.54928520983776
2011-08-24 06:00:00,107.94721310363217
2011-08-24 07:00:00,319.8959094083146
2011-08-24 08:00:00,448.45050890819715
2011-08-24 09:00:00,208.37691451753057
2011-08-24 10:00:00,122.96185422337356
2011-08-24 11:00:00,152.27925866835756
2011-08-24 12:00:00,188.77711408610708
2011-08-24 13:00:00,179.1720971501951
2011-08-24 14:00:00,170.6151472071878
2011-08-24 15:00:00,171.9880653466157
2011-08-24 16:00:00,265.42464011908083
2011-08-24 17:00:00,573.3495758171985
2011-08-24 18:00:00,529.0485361170583
2011-08-24 19:00:00,364.02465044529106
2011-08-24 20:00:00,277.7707290693473
2011-08-24 21:00:00,196.6091550410378
2011-08-24 22:00:00,144.26551646043325
2011-08-24 23:00:00,97.45025033015611
2011-08-25 00:00:00,41.94748105615586
2011-08-25 01:00:00,17.19290459513025
2011-08-25 02:00:00,8.125706979852948
2011-08-25 03:00:00,5.448692602717068
2011-08-25 04:00:00,6.22089451658306
2011-08-25 05:00:00,26.762619323460797
2011-08-25 06:00:00,105.85496311293926
2011-08-25 07:00:00,272.9611171824607
2011-08-25 08:00:00,417.1978961141409
2011-08-25 09:00:00,204.959121925039
2011-08-25 10:00:00,125.53343834312156
2011-08-25 11:00:00,85.07292148847168
2011-08-25 12:00:00,115.78673973373867
2011-08-25 13:00:00,162.9039118370685
2011-08-25 14:00:00,153.14556017686292
2011-08-25 15:00:00,159.86692043693324
2011-08-25 16:00:00,211.95687511552038
2011-08-25 17:00:00,416.42654798318006
2011-08-25 18:00:00,394.2460871637869
2011-08-25 19:00:00,284.63715682417813
2011-08-25 20:00:00,242.4900192651619
2011-08-25 21:00:00,207.15954560177
2011-08-25 22:00:00,144.7213779125333
2011-08-25 23:00:00,94.92340466023899
2011-08-26 00:00:00,54.85744269248984
2011-08-26 01:00:00,24.045390895806275
2011-08-26 02:00:00,12.526847519237641
2011-08-26 03:00:00,6.271438691331751
2011-08-26 04:00:00,6.2355725741881045
2011-08-26 05:00:00,19.23412085608789
2011-08-26 06:00:00,95.44973192578742
2011-08-26 07:00:00,253.2131034587101
2011-08-26 08:00:00,411.3567246832338
2011-08-26 09:00:00,217.94245099778922
2011-08-26 10:00:00,156.11426637844517
2011-08-26 11:00:00,170.98196620301582
2011-08-26 12:00:00,224.56300933586994
2011-08-26 13:00:00,242.68039787117087
2011-08-26 14:00:00,206.7583488344626
2011-08-26 15:00:00,244.9091959816633
2011-08-26 16:00:00,317.47240226752376
2011-08-26 17:00:00,508.16222349802376
2011-08-26 18:00:00,399.5514696051339
2011-08-26 19:00:00,279.9207692705785
2011-08-26 20:00:00,214.64857601371978
2011-08-26 21:00:00,187.93746627249834
2011-08-26 22:00:00,171.593620295935
2011-08-26 23:00:00,141.28869075988274
2011-08-27 00:00:00,113.12992996063804
2011-08-27 01:00:00,77.49131680641142
2011-08-27 02:00:00,61.64759665572783
2011-08-27 03:00:00,32.141728275553376
2011-08-27 04:00:00,7.62645986638087
2011-08-27 05:00:00,9.135330421260758
2011-08-27 06:00:00,18.83854100890831
2011-08-27 07:00:00,44.06148639554944
2011-08-27 08:00:00,114.06863834767276
2011-08-27 09:00:00,164.49175175924034
2011-08-27 10:00:00,220.16709140244726
2011-08-27 11:00:00,135.2325177493176
2011-08-27 12:00:00,185.06717052633363
2011-08-27 13:00:00,212.80883461766646
2011-08-27 14:00:00,125.623403610253
2011-08-27 15:00:00,127.9618890069901
2011-08-27 16:00:00,117.74044781837559
2011-08-27 17:00:00,99.5853674415852
2011-08-28 07:00:00,35.299630563004165
2011-08-28 08:00:00,85.75232861538453
2011-08-28 09:00:00,185.95170498231033
2011-08-28 10:00:00,247.54729552482203
2011-08-28 11:00:00,350.9533736785962
2011-08-28 12:00:00,393.34510377662707
2011-08-28 13:00:00,408.4733115777774
2011-08-28 14:00:00,397.6352739083768
2011-08-28 15:00:00,388.5754780789705
2011-08-28 16:00:00,363.39611524009524
2011-08-28 17:00:00,376.3648625114305
2011-08-28 18:00:00,365.8404316081087
2011-08-28 19:00:00,325.6960335346555
2011-08-28 20:00:00,233.9922042185451
2011-08-28 21:00:00,184.9713469883935
2011-08-28 22:00:00,137.28814228919592
2011-08-28 23:00:00,88.52052865855103
2011-08-29 00:00:00,37.23267946074211
2011-08-29 01:00:00,13.461858652898961
2011-08-29 02:00:00,8.854365527070483
2011-08-29 03:00:00,5.595003881143813
2011-08-29 04:00:00,5.462778186199756
2011-08-29 05:00:00,24.192409173299026
2011-08-29 06:00:00,111.54735606490686
2011-08-29 07:00:00,301.35596118427344
2011-08-29 08:00:00,418.44877247832426
2011-08-29 09:00:00,198.60401591050945
2011-08-29 10:00:00,122.03984497420979
2011-08-29 11:00:00,154.15110745213212
2011-08-29 12:00:00,186.448850474772
2011-08-29 13:00:00,194.83121768454396
2011-08-29 14:00:00,175.9466643777968
2011-08-29 15:00:00,177.57774759715585
2011-08-29 16:00:00,296.51450025100837
2011-08-29 17:00:00,554.4262297689171
2011-08-29 18:00:00,527.0848408211905
2011-08-29 19:00:00,375.3719137574387
2011-08-29 20:00:00,287.3939872143013
2011-08-29 21:00:00,201.44759036679093
2011-08-29 22:00:00,143.72779824130342
2011-08-29 23:00:00,72.62296361691179
2011-08-30 00:00:00,34.950670663203425
2011-08-30 01:00:00,11.794891842963526
2011-08-30 02:00:00,7.262350424891895
2011-08-30 03:00:00,4.733042927208861
2011-08-30 04:00:00,6.248070985642576
2011-08-30 05:00:00,22.30092059120839
2011-08-30 06:00:00,110.88310086637735
2011-08-30 07:00:00,315.3288957632214
2011-08-30 08:00:00,456.30633133155754
2011-08-30 09:00:00,203.1259829449756
2011-08-30 10:00:00,127.56578887759834
2011-08-30 11:00:00,152.4663428852556
2011-08-30 12:00:00,196.38986273042454
2011-08-30 13:00:00,191.1435080640832
2011-08-30 14:00:00,174.36176842103004
2011-08-30 15:00:00,176.61263997963277
2011-08-30 16:00:00,298.72747786803495
2011-08-30 17:00:00,559.4655810967615
2011-08-30 18:00:00,543.7759698850801
2011-08-30 19:00:00,389.2706096970502
2011-08-30 20:00:00,291.04563212559793
2011-08-30 21:00:00,208.75185303091064
2011-08-30 22:00:00,153.121793655308
2011-08-30 23:00:00,84.97461021772483
2011-08-31 00:00:00,30.27042257143366
2011-08-31 01:00:00,13.414953919921857
2011-08-31 02:00:00,6.272374397367054
2011-08-31 03:00:00,5.438777946072936
2011-08-31 04:00:00,6.033150410238383
2011-08-31 05:00:00,27.36326603586898
2011-08-31 06:00:00,107.91477835078649
2011-08-31 07:00:00,334.1499775061609
2011-08-31 08:00:00,439.69803837283916
2011-08-31 09:00:00,209.34894298026802
2011-08-31 10:00:00,125.45989176672167
2011-08-31 11:00:00,151.55124664487275
2011-08-31 12:00:00,194.29343101780125
2011-08-31 13:00:00,185.72843943637952
2011-08-31 14:00:00,172.3893232319124
2011-08-31 15:00:00,174.290118424895
2011-08-31 16:00:00,296.9692456086776
2011-08-31 17:00:00,552.9378793329669
2011-08-31 18:00:00,526.4996237569782
2011-08-31 19:00:00,377.8969610519464
2011-08-31 20:00:00,296.9386176860946
2011-08-31 21:00:00,211.92965813015482
2011-08-31 22:00:00,150.64379920801298
2011-08-31 23:00:00,77.1861297794852
2011-09-20 00:00:00,33.55384826997752
2011-09-20 01:00:00,11.63815533597002
2011-09-20 02:00:00,4.969122771511971
2011-09-20 03:00:00,4.4178070498625335
2011-09-20 04:00:00,5.176252649042483
2011-09-20 05:00:00,20.408613092716703
2011-09-20 06:00:00,101.65398972062836
2011-09-20 07:00:00,259.556631236975
2011-09-20 08:00:00,228.87288591559204
2011-09-20 09:00:00,110.66332272526171
2011-09-20 10:00:00,80.36477261806559
2011-09-20 11:00:00,81.69581429894328
2011-09-20 12:00:00,91.09019341124966
2011-09-20 13:00:00,91.2742480759469
2011-09-20 14:00:00,101.79809793525007
2011-09-20 15:00:00,159.98820537407835
2011-09-20 16:00:00,209.24772030658212
2011-09-20 17:00:00,412.79548064716715
2011-09-20 18:00:00,401.7800560437194
2011-09-20 19:00:00,248.8699232595655
2011-09-20 20:00:00,143.94982621755247
2011-09-20 21:00:00,102.95147338285852
2011-09-20 22:00:00,93.92157911880187
2011-09-20 23:00:00,66.93751784983263
2011-09-21 00:00:00,24.01659238258586
2011-09-21 01:00:00,9.673728380538778
2011-09-21 02:00:00,6.544738840147508
2011-09-21 03:00:00,3.901482766427588
2011-09-21 04:00:00,4.797464623801774
2011-09-21 05:00:00,14.660449772551605
2011-09-21 06:00:00,82.78714031887203
2011-09-21 07:00:00,195.59796764354974
2011-09-21 08:00:00,332.02905535931
2011-09-21 09:00:00,121.40494676604811
2011-09-21 10:00:00,81.96515770697613
2011-09-21 11:00:00,113.76361389524241
2011-09-21 12:00:00,157.89573129120373
2011-09-21 13:00:00,162.89739630638448
2011-09-21 14:00:00,152.1089707972296
2011-09-21 15:00:00,157.1556697495347
2011-09-21 16:00:00,260.5694788186217
2011-09-21 17:00:00,382.1468893770485
2011-09-21 18:00:00,316.66761515990413
2011-09-21 19:00:00,170.87583545865579
2011-09-21 20:00:00,105.68755871594725
2011-09-21 21:00:00,77.07888324417333
2011-09-21 22:00:00,82.85238991576226
2011-09-21 23:00:00,67.01303782397187
2011-09-22 00:00:00,28.67552968919334
2011-09-22 01:00:00,12.131084963137827
2011-09-22 02:00:00,6.913932678920057
2011-09-22 03:00:00,4.485071622313435
2011-09-22 04:00:00,4.167771794886905
2011-09-22 05:00:00,20.06560094226577
2011-09-22 06:00:00,84.42899923269596
2011-09-22 07:00:00,208.60157068131133
2011-09-22 08:00:00,293.0126356605039
2011-09-22 09:00:00,122.57856291457541
2011-09-22 10:00:00,92.67933835690229
2011-09-22 11:00:00,100.9742272929932
2011-09-22 12:00:00,146.78412866352073
2011-09-22 13:00:00,147.28668493451585
2011-09-22 14:00:00,131.24636799399394
2011-09-22 15:00:00,144.21386183017734
2011-09-22 16:00:00,272.7419829281502
2011-09-22 17:00:00,376.76089066182624
2011-09-22 18:00:00,365.1644856652163
2011-09-22 19:00:00,202.22398286269743
2011-09-22 20:00:00,119.7153178831968
2011-09-22 21:00:00,110.90943457357622
2011-09-22 22:00:00,87.74843978735862
2011-09-22 23:00:00,71.74313052635164
2011-09-23 00:00:00,36.13288507917808
2011-09-23 01:00:00,16.01960399039334
2011-09-23 02:00:00,9.864115931082345
2011-09-23 03:00:00,5.411907943997364
2011-09-23 04:00:00,4.369794327157486
2011-09-23 05:00:00,16.577806025403955
2011-09-23 06:00:00,78.44394558283568
2011-09-23 07:00:00,139.47487801444382
2011-09-23 08:00:00,251.29104672263807
2011-09-23 09:00:00,123.71602479819572
2011-09-23 10:00:00,71.46966878380212
2011-09-23 11:00:00,85.18325673265954
2011-09-23 12:00:00,114.22984086195282
2011-09-23 13:00:00,116.46496289075304
2011-09-23 14:00:00,94.00214986130786
2011-09-23 15:00:00,129.15509118484076
2011-09-23 16:00:00,179.78164077679813
2011-09-23 17:00:00,273.85901816366
2011-09-23 18:00:00,272.09671692855386
2011-09-23 19:00:00,223.01383982427333
2011-09-23 20:00:00,144.44470503646158
2011-09-23 21:00:00,110.05993565943723
2011-09-23 22:00:00,126.59224268155796
2011-09-23 23:00:00,92.79269425564299
2011-09-24 00:00:00,88.52241880986439
2011-09-24 01:00:00,69.47905833693859
2011-09-24 02:00:00,56.8723989962601
2011-09-24 03:00:00,26.139958245142424
2011-09-24 04:00:00,7.919362468183664
2011-09-24 05:00:00,10.202278894485461
2011-09-24 06:00:00,13.671799274170551
2011-09-24 07:00:00,43.37122099824745
2011-09-24 08:00:00,90.52682672876529
2011-09-24 09:00:00,139.77106793944398
2011-09-24 10:00:00,208.12033699449026
2011-09-24 11:00:00,271.6783248632507
2011-09-24 12:00:00,286.91271538829056
2011-09-24 13:00:00,329.0496493670637
2011-09-24 14:00:00,328.88324695235536
2011-09-24 15:00:00,331.28690601955026
2011-09-24 16:00:00,299.25205558491353
2011-09-24 17:00:00,315.38660268927384
2011-09-24 18:00:00,289.45255931364795
2011-09-24 19:00:00,207.5688323464128
2011-09-24 20:00:00,190.30127756736195
2011-09-24 21:00:00,167.5198804588849
2011-09-24 22:00:00,115.6165592368288
2011-09-24 23:00:00,102.41857878893518
2011-09-25 00:00:00,93.11275060038835
2011-09-25 01:00:00,73.70019141962486
2011-09-25 02:00:00,50.52507604058359
2011-09-25 03:00:00,22.020241001922592
2011-09-25 04:00:00,6.194533708007091
2011-09-25 05:00:00,12.663710101061262
2011-09-25 06:00:00,14.829220894036439
2011-09-25 07:00:00,37.748453308785116
2011-09-25 08:00:00,87.35973332508362
2011-09-25 09:00:00,172.9068570004996
2011-09-25 10:00:00,237.15799837138115
2011-09-25 11:00:00,298.02746911928
2011-09-25 12:00:00,322.5519775893522
2011-09-25 13:00:00,318.17748367357467
2011-09-25 14:00:00,314.63502499776496
2011-09-25 15:00:00,312.1954853428615
2011-09-25 16:00:00,371.44392001076073
2011-09-25 17:00:00,314.269646691797
2011-09-25 18:00:00,271.34963979805286
2011-09-25 19:00:00,227.22740828810984
2011-09-25 20:00:00,184.69211881495545
2011-09-25 21:00:00,110.50808421164633
2011-09-25 22:00:00,111.17469969082248
2011-09-25 23:00:00,88.04926886995293
2011-09-26 00:00:00,25.660621991746382
2011-09-26 01:00:00,10.705114279643507
2011-09-26 02:00:00,5.346474873597611
2011-09-26 03:00:00,3.1847422324785337
2011-09-26 04:00:00,5.46559973062109
2011-09-26 05:00:00,20.433110656035403
2011-09-26 06:00:00,89.19919537962713
2011-09-26 07:00:00,226.64538267740858
2011-09-26 08:00:00,351.0447040897243
2011-09-26 09:00:00,176.10278458697871
2011-09-26 10:00:00,96.21031079292979
2011-09-26 11:00:00,135.53322942701024
2011-09-26 12:00:00,162.6318104824405
2011-09-26 13:00:00,172.18949181039645
2011-09-26 14:00:00,161.84567714481494
2011-09-26 15:00:00,183.18032007456952
2011-09-26 16:00:00,289.43954540967354
2011-09-26 17:00:00,553.0394530067528
2011-09-26 18:00:00,396.6923097862176
2011-09-26 19:00:00,255.1377077983174
2011-09-26 20:00:00,194.71282607314185
2011-09-26 21:00:00,139.01902089194002
2011-09-26 22:00:00,108.48014768295197
2011-09-26 23:00:00,65.73374466866771
2011-09-27 00:00:00,26.795020054371964
2011-09-27 01:00:00,10.238417040188619
2011-09-27 02:00:00,5.978034680423871
2011-09-27 03:00:00,3.3645346227017674
2011-09-27 04:00:00,4.05141495984877
2011-09-27 05:00:00,14.031009102388394
2011-09-27 06:00:00,94.00006559692511
2011-09-27 07:00:00,233.6794943674829
2011-09-27 08:00:00,378.24046365222847
2011-09-27 09:00:00,137.86153080358943
2011-09-27 10:00:00,66.90511091824911
2011-09-27 11:00:00,99.01292181954182
2011-09-27 12:00:00,110.72345884290165
2011-09-27 13:00:00,171.13313565355332
2011-09-27 14:00:00,142.09685710959425
2011-09-27 15:00:00,142.94437267162417
2011-09-27 16:00:00,196.2864908984448
2011-09-27 17:00:00,310.777608749049
2011-09-27 18:00:00,325.6408361452021
2011-09-27 19:00:00,235.5180574617744
2011-09-27 20:00:00,238.7222442968508
2011-09-27 21:00:00,155.15105571851728
2011-09-27 22:00:00,126.53764513306189
2011-09-27 23:00:00,66.31660529475198
2011-09-28 00:00:00,26.802858967114403
2011-09-28 01:00:00,11.741953627595993
2011-09-28 02:00:00,4.789933688532551
2011-09-28 03:00:00,4.201420121098497
2011-09-28 04:00:00,6.402637332734976
2011-09-28 05:00:00,19.9244739736869
2011-09-28 06:00:00,60.69724741237395
2011-09-28 07:00:00,129.08346187211794
2011-09-28 08:00:00,221.59618450520648
2011-09-28 09:00:00,116.47886125086977
2011-09-28 10:00:00,63.29429827509834
2011-09-28 11:00:00,117.95777307226271
2011-09-28 12:00:00,152.0167978096643
2011-09-28 13:00:00,176.75129640730825
2011-09-28 14:00:00,165.12604114949863
2011-09-28 15:00:00,174.59798628928056
2011-09-28 16:00:00,291.39194311043593
2011-09-28 17:00:00,554.7814132602731
2011-09-28 18:00:00,300.07958471069657
2011-09-28 19:00:00,231.45389508467886
2011-09-28 20:00:00,138.45420256738737
2011-09-28 21:00:00,83.32140262323539
2011-09-28 22:00:00,124.07498921708617
2011-09-28 23:00:00,67.18289230054987
2011-09-29 00:00:00,26.484587064540925
2011-09-29 01:00:00,11.308393171236304
2011-09-29 02:00:00,6.143794154600547
2011-09-29 03:00:00,4.8782257681096475
2011-09-29 04:00:00,5.513385560146782
2011-09-29 05:00:00,22.47572160865175
2011-09-29 06:00:00,108.94984113269027
2011-09-29 07:00:00,292.0843246159524
2011-09-29 08:00:00,426.6266323341999
2011-09-29 09:00:00,203.11194587568417
2011-09-29 10:00:00,130.6552144577693
2011-09-29 11:00:00,153.08247326802814
2011-09-29 12:00:00,197.185173156771
2011-09-29 13:00:00,184.97277406920455
2011-09-29 14:00:00,171.09178750761976
2011-09-29 15:00:00,179.6778027419721
2011-09-29 16:00:00,282.89660255505373
2011-09-29 17:00:00,542.4940077958863
2011-09-29 18:00:00,523.3098388451465
2011-09-29 19:00:00,352.3942222458045
2011-09-29 20:00:00,253.8032893451448
2011-09-29 21:00:00,187.58414427866958
2011-09-29 22:00:00,141.7954517359083
2011-09-29 23:00:00,84.69926335489353
2011-09-30 00:00:00,52.138029687875076
2011-09-30 01:00:00,24.51318224130255
2011-09-30 02:00:00,12.677743568678995
2011-09-30 03:00:00,6.145841845328466
2011-09-30 04:00:00,6.484237649798706
2011-09-30 05:00:00,23.948608893307053
2011-09-30 06:00:00,88.42247681229324
2011-09-30 07:00:00,246.29368430104833
2011-09-30 08:00:00,429.2405662362427
2011-09-30 09:00:00,218.4269273452536
2011-09-30 10:00:00,157.2257705810116
2011-09-30 11:00:00,194.5641788677591
2011-09-30 12:00:00,232.94191479050187
2011-09-30 13:00:00,225.00461306480875
2011-09-30 14:00:00,211.67963165181646
2011-09-30 15:00:00,230.64853358064912
2011-09-30 16:00:00,348.52142830861294
2011-09-30 17:00:00,533.9442150641689
2011-09-30 18:00:00,449.06556861923576
2011-09-30 19:00:00,278.2008325114561
2011-09-30 20:00:00,200.85376465516538
2011-09-30 21:00:00,164.12564636112222
2011-09-30 22:00:00,140.33471422716778
2011-09-30 23:00:00,105.11917807285161
2011-10-20 00:00:00,23.207240358623313
2011-10-20 01:00:00,12.052522170625164
2011-10-20 02:00:00,6.06559216715035
2011-10-20 03:00:00,4.391940553084307
2011-10-20 04:00:00,4.968737501695992
2011-10-20 05:00:00,24.7270911386187
2011-10-20 06:00:00,78.68577689803767
2011-10-20 07:00:00,263.72239306428185
2011-10-20 08:00:00,375.54719142312786
2011-10-20 09:00:00,176.5711800258415
2011-10-20 10:00:00,112.45182388016994
2011-10-20 11:00:00,124.2213100317328
2011-10-20 12:00:00,161.94343455611678
2011-10-20 13:00:00,160.9822072674946
2011-10-20 14:00:00,130.7563374518479
2011-10-20 15:00:00,145.27329431590192
2011-10-20 16:00:00,222.35809645720246
2011-10-20 17:00:00,392.9362425208733
2011-10-20 18:00:00,374.00939892500855
2011-10-20 19:00:00,272.7334174111689
2011-10-20 20:00:00,197.2744310473331
2011-10-20 21:00:00,135.19637785296518
2011-10-20 22:00:00,104.88103560409147
2011-10-20 23:00:00,78.63826985213574
2011-10-21 00:00:00,46.812683441139185
2011-10-21 01:00:00,22.931332644302145
2011-10-21 02:00:00,12.637045688478876
2011-10-21 03:00:00,6.206479267711663
2011-10-21 04:00:00,4.455918359337712
2011-10-21 05:00:00,20.07537091023002
2011-10-21 06:00:00,83.53445351393268
2011-10-21 07:00:00,236.97136869235345
2011-10-21 08:00:00,409.45890834050584
2011-10-21 09:00:00,220.70674017358652
2011-10-21 10:00:00,137.53330137658372
2011-10-21 11:00:00,176.3082742552804
2011-10-21 12:00:00,211.76279714643374
2011-10-21 13:00:00,207.8756481953327
2011-10-21 14:00:00,201.51528668207246
2011-10-21 15:00:00,215.7477025371793
2011-10-21 16:00:00,289.4052832477882
2011-10-21 17:00:00,401.3236405585049
2011-10-21 18:00:00,355.3477895894615
2011-10-21 19:00:00,238.8979709900672
2011-10-21 20:00:00,167.1096259974024
2011-10-21 21:00:00,134.92957681844786
2011-10-21 22:00:00,120.77642837696835
2011-10-21 23:00:00,94.71408104121389
2011-10-22 00:00:00,79.06825563127568
2011-10-22 01:00:00,63.655553597945655
2011-10-22 02:00:00,51.18946852682022
2011-10-22 03:00:00,23.07793589484006
2011-10-22 04:00:00,6.925413368416094
2011-10-22 05:00:00,6.916025214532312
2011-10-22 06:00:00,18.876336001252355
2011-10-22 07:00:00,43.83418760140678
2011-10-22 08:00:00,83.36526465546095
2011-10-22 09:00:00,154.77532152748591
2011-10-22 10:00:00,229.18805464346914
2011-10-22 11:00:00,273.84532549583037
2011-10-22 12:00:00,342.5757798935084
2011-10-22 13:00:00,354.83832001300294
2011-10-22 14:00:00,318.4373667257356
2011-10-22 15:00:00,334.78223113096124
2011-10-22 16:00:00,340.1875747023891
2011-10-22 17:00:00,280.60424402341596
2011-10-22 18:00:00,233.5283880479392
2011-10-22 19:00:00,205.6651211899421
2011-10-22 20:00:00,151.57595001362876
2011-10-22 21:00:00,114.19793122964725
2011-10-22 22:00:00,102.66904914653838
2011-10-22 23:00:00,78.27890397409217
2011-10-23 00:00:00,77.08415722617445
2011-10-23 01:00:00,64.968273088217
2011-10-23 02:00:00,46.94553607987361
2011-10-23 03:00:00,20.74479894816825
2011-10-23 04:00:00,9.466234152214685
2011-10-23 05:00:00,7.803582798025362
2011-10-23 06:00:00,16.590643611818884
2011-10-23 07:00:00,34.68108228798697
2011-10-23 08:00:00,81.90369286795908
2011-10-23 09:00:00,128.39034631453575
2011-10-23 10:00:00,250.87586808488066
2011-10-23 11:00:00,279.5183437436666
2011-10-23 12:00:00,310.19303502262443
2011-10-23 13:00:00,336.55105033473325
2011-10-23 14:00:00,337.81508566096306
2011-10-23 15:00:00,337.61137566998735
2011-10-23 16:00:00,343.68981625605426
2011-10-23 17:00:00,277.7073297337239
2011-10-23 18:00:00,248.97062397101263
2011-10-23 19:00:00,190.19941289613467
2011-10-23 20:00:00,140.59383284276436
2011-10-23 21:00:00,110.51279850430653
2011-10-23 22:00:00,81.69619798009903
2011-10-23 23:00:00,66.28008049619866
2011-10-24 00:00:00,28.279127696649986
2011-10-24 01:00:00,9.860158200236555
2011-10-24 02:00:00,4.766456844498472
2011-10-24 03:00:00,5.721565175113954
2011-10-24 04:00:00,6.151499329644265
2011-10-24 05:00:00,23.333655185151464
2011-10-24 06:00:00,88.75330550869447
2011-10-24 07:00:00,261.8590672749479
2011-10-24 08:00:00,383.1352668637558
2011-10-24 09:00:00,191.8570369479104
2011-10-24 10:00:00,104.87639687882017
2011-10-24 11:00:00,119.07324442132786
2011-10-24 12:00:00,165.47366739300978
2011-10-24 13:00:00,157.52950383602797
2011-10-24 14:00:00,142.24967880507793
2011-10-24 15:00:00,190.15940834240934
2011-10-24 16:00:00,269.10043693973194
2011-10-24 17:00:00,506.0423277287044
2011-10-24 18:00:00,486.003709056042
2011-10-24 19:00:00,204.62922342803122
2011-10-24 20:00:00,219.2088706387504
2011-10-24 21:00:00,158.48481451097032
2011-10-24 22:00:00,117.15230217023772
2011-10-24 23:00:00,63.12277665381315
2011-10-25 00:00:00,36.69789215509998
2011-10-25 01:00:00,13.461860203909024
2011-10-25 02:00:00,4.7366527962295635
2011-10-25 03:00:00,4.531798087446379
2011-10-25 04:00:00,5.850063827340892
2011-10-25 05:00:00,23.189340276486234
2011-10-25 06:00:00,104.94529825329651
2011-10-25 07:00:00,277.1837320234156
2011-10-25 08:00:00,416.2030191086451
2011-10-25 09:00:00,202.7613779292725
2011-10-25 10:00:00,120.7245216523808
2011-10-25 11:00:00,134.93378573066445
2011-10-25 12:00:00,183.2546149596326
2011-10-25 13:00:00,177.21067091326734
2011-10-25 14:00:00,160.65597438145068
2011-10-25 15:00:00,176.12537423400593
2011-10-25 16:00:00,285.3806726926782
2011-10-25 17:00:00,532.2332103159869
2011-10-25 18:00:00,467.23551997878343
2011-10-25 19:00:00,299.56572803272326
2011-10-25 20:00:00,210.41770643993434
2011-10-25 21:00:00,156.06454435041454
2011-10-25 22:00:00,119.36471389300041
2011-10-25 23:00:00,65.37308211050967
2011-10-26 00:00:00,37.85086664329278
2011-10-26 01:00:00,12.573819956010961
2011-10-26 02:00:00,7.0631872204516855
2011-10-26 03:00:00,4.79179347932031
2011-10-26 04:00:00,4.906708688789129
2011-10-26 05:00:00,24.228530604143728
2011-10-26 06:00:00,104.08035343015274
2011-10-26 07:00:00,289.26332525562583
2011-10-26 08:00:00,425.19057417739464
2011-10-26 09:00:00,207.21432380223825
2011-10-26 10:00:00,124.10024340531673
2011-10-26 11:00:00,128.97326656105355
2011-10-26 12:00:00,153.24311175847106
2011-10-26 13:00:00,147.41879182964396
2011-10-26 14:00:00,136.830408089527
2011-10-26 15:00:00,149.39826268903647
2011-10-26 16:00:00,218.63772924488416
2011-10-26 17:00:00,418.0758269718874
2011-10-26 18:00:00,468.205141812133
2011-10-26 19:00:00,259.2755192015868
2011-10-26 20:00:00,195.6315684167441
2011-10-26 21:00:00,167.67056609789142
2011-10-26 22:00:00,121.18995435836806
2011-10-26 23:00:00,66.44987695589163
2011-10-27 00:00:00,28.659290056379035
2011-10-27 01:00:00,10.362724556170544
2011-10-27 02:00:00,5.631795816677933
2011-10-27 03:00:00,3.0889013086925083
2011-10-27 04:00:00,3.9322473967213334
2011-10-27 05:00:00,17.365579702746825
2011-10-27 06:00:00,67.22328195333377
2011-10-27 07:00:00,255.764743854345
2011-10-27 08:00:00,234.453267885587
2011-10-27 09:00:00,206.75371340286608
2011-10-27 10:00:00,84.41395259016524
2011-10-27 11:00:00,95.08506153204243
2011-10-27 12:00:00,78.11719765541487
2011-10-27 13:00:00,118.88629123926414
2011-10-27 14:00:00,124.4418593756824
2011-10-27 15:00:00,140.04024361865544
2011-10-27 16:00:00,246.37288828043683
2011-10-27 17:00:00,352.4863232844985
2011-10-27 18:00:00,341.77779980195635
2011-10-27 19:00:00,232.71901721284974
2011-10-27 20:00:00,198.36190897838236
2011-10-27 21:00:00,121.59269668401329
2011-10-27 22:00:00,84.56151314821815
2011-10-27 23:00:00,60.052637219164716
2011-10-28 00:00:00,40.94651934772518
2011-10-28 01:00:00,18.728160318580922
2011-10-28 02:00:00,10.881679399490999
2011-10-28 03:00:00,4.059248870067827
2011-10-28 04:00:00,4.041697541003325
2011-10-28 05:00:00,19.095090042256047
2011-10-28 06:00:00,78.17818852420916
2011-10-28 07:00:00,226.5199191778238
2011-10-28 08:00:00,387.66944986630295
2011-10-28 09:00:00,217.6664009446893
2011-10-28 10:00:00,114.96360801389946
2011-10-28 11:00:00,144.9436804586632
2011-10-28 12:00:00,180.08156306469752
2011-10-28 13:00:00,173.09318346915518
2011-10-28 14:00:00,149.0825759069411
2011-10-28 15:00:00,172.76050850084303
2011-10-28 16:00:00,235.39799783007416
2011-10-28 17:00:00,379.3540549934696
2011-10-28 18:00:00,340.68491442642005
2011-10-28 19:00:00,230.37763010532785
2011-10-28 20:00:00,101.79790130015374
2011-10-28 21:00:00,82.49572213572812
2011-10-28 22:00:00,68.36167614340796
2011-10-28 23:00:00,56.86720500186176
2011-10-29 00:00:00,45.70561801336642
2011-10-29 01:00:00,34.657063841147
2011-10-29 02:00:00,31.81396091971382
2011-10-29 03:00:00,13.471852021987772
2011-10-29 04:00:00,5.254505409290857
2011-10-29 05:00:00,4.711702606716644
2011-10-29 06:00:00,13.442532249526957
2011-10-29 07:00:00,26.25749966842827
2011-10-29 08:00:00,52.12966760259614
2011-10-29 09:00:00,65.07454966637994
2011-10-29 10:00:00,66.45550258937998
2011-10-29 11:00:00,75.49352865979243
2011-10-29 12:00:00,98.24771470023646
2011-10-29 13:00:00,92.57747714496027
2011-10-29 14:00:00,108.15440814292796
2011-10-29 15:00:00,100.26437331908105
2011-10-29 16:00:00,97.24753385304574
2011-10-29 17:00:00,92.73070697524531
2011-10-29 18:00:00,80.91924413071214
2011-10-29 19:00:00,126.75956089718771
2011-10-29 20:00:00,87.2645083270018
2011-10-29 21:00:00,82.32364292484127
2011-10-29 22:00:00,62.22880343257852
2011-10-29 23:00:00,53.86077395030321
2011-10-30 00:00:00,64.21433484880657
2011-10-30 01:00:00,49.01116617187493
2011-10-30 02:00:00,37.30142813666166
2011-10-30 03:00:00,13.857084230543627
2011-10-30 04:00:00,4.372380187908968
2011-10-30 05:00:00,4.180992031600515
2011-10-30 06:00:00,11.113895934950396
2011-10-30 07:00:00,26.141347505111202
2011-10-30 08:00:00,72.81870999316045
2011-10-30 09:00:00,124.43623057144308
2011-10-30 10:00:00,215.6145950473952
2011-10-30 11:00:00,263.09062482937213
2011-10-30 12:00:00,319.0478888903089
2011-10-30 13:00:00,334.75751743156366
2011-10-30 14:00:00,342.3789134135885
2011-10-30 15:00:00,333.01169712095356
2011-10-30 16:00:00,309.44238409710107
2011-10-30 17:00:00,249.5213281334915
2011-10-30 18:00:00,195.1915967310016
2011-10-30 19:00:00,256.9154432491532
2011-10-30 20:00:00,122.92345096634206
2011-10-30 21:00:00,95.0372803190769
2011-10-30 22:00:00,63.8509902586463
2011-10-30 23:00:00,50.56618243190238
2011-10-31 00:00:00,18.039710051719695
2011-10-31 01:00:00,7.845259027065108
2011-10-31 02:00:00,3.5509841572045864
2011-10-31 03:00:00,3.338119128787402
2011-10-31 04:00:00,4.11684312805644
2011-10-31 05:00:00,19.40775346900366
2011-10-31 06:00:00,79.77294060561859
2011-10-31 07:00:00,239.88527363447028
2011-10-31 08:00:00,424.55199175102643
2011-10-31 09:00:00,189.9112772600912
2011-10-31 10:00:00,108.66644863267845
2011-10-31 11:00:00,128.34678053827207
2011-10-31 12:00:00,153.9558792689001
2011-10-31 13:00:00,146.88431118357198
2011-10-31 14:00:00,132.8671390658719
2011-10-31 15:00:00,158.63307065079022
2011-10-31 16:00:00,224.34032277207993
2011-10-31 17:00:00,463.0635251847453
2011-10-31 18:00:00,411.97806150488566
2011-10-31 19:00:00,277.0158201522082
2011-10-31 20:00:00,192.6864337443033
2011-10-31 21:00:00,134.40445030697921
2011-10-31 22:00:00,101.24013635921854
2011-10-31 23:00:00,60.310343080880806
2011-11-20 00:00:00,82.03717517655895
2011-11-20 01:00:00,60.159865918481294
2011-11-20 02:00:00,48.678634292448656
2011-11-20 03:00:00,22.560004621431816
2011-11-20 04:00:00,6.020314156327005
2011-11-20 05:00:00,6.099419522400321
2011-11-20 06:00:00,15.333945104113532
2011-11-20 07:00:00,42.50168841363359
2011-11-20 08:00:00,74.75031193758859
2011-11-20 09:00:00,140.98009671237645
2011-11-20 10:00:00,237.13965512606813
2011-11-20 11:00:00,305.5513852084623
2011-11-20 12:00:00,317.1877899289195
2011-11-20 13:00:00,332.25348491074885
2011-11-20 14:00:00,322.34259923773686
2011-11-20 15:00:00,314.4755166967915
2011-11-20 16:00:00,322.0990436020551
2011-11-20 17:00:00,280.6675111951163
2011-11-20 18:00:00,287.3966052133499
2011-11-20 19:00:00,224.80018889331296
2011-11-20 20:00:00,177.3011331180497
2011-11-20 21:00:00,124.57447573677462
2011-11-20 22:00:00,58.44993227015265
2011-11-20 23:00:00,53.52439292288997
2011-11-21 00:00:00,27.721065102398608
2011-11-21 01:00:00,7.721034400612615
2011-11-21 02:00:00,5.522770526922987
2011-11-21 03:00:00,3.375308540245593
2011-11-21 04:00:00,3.1191328539210152
2011-11-21 05:00:00,15.364764437011077
2011-11-21 06:00:00,80.58058717145579
2011-11-21 07:00:00,245.65349786289062
2011-11-21 08:00:00,391.2111475412123
2011-11-21 09:00:00,187.84833457747823
2011-11-21 10:00:00,110.02365593735497
2011-11-21 11:00:00,118.9419729912141
2011-11-21 12:00:00,158.02801993582295
2011-11-21 13:00:00,150.79579619046498
2011-11-21 14:00:00,111.38292525718803
2011-11-21 15:00:00,55.63620128495448
2011-11-21 16:00:00,81.6533494886927
2011-11-21 17:00:00,111.2580057987205
2011-11-21 18:00:00,171.43726629851358
2011-11-21 19:00:00,102.72293984616672
2011-11-21 20:00:00,103.00558732778059
2011-11-21 21:00:00,74.37794618672912
2011-11-21 22:00:00,63.276744164750966
2011-11-21 23:00:00,43.258115056932894
2011-11-22 00:00:00,16.02528644481184
2011-11-22 01:00:00,7.470084258713374
2011-11-22 02:00:00,4.88331336410681
2011-11-22 03:00:00,3.4540290257870927
2011-11-22 04:00:00,3.7592905661038913
2011-11-22 05:00:00,10.213701440510407
2011-11-22 06:00:00,83.30798091354487
2011-11-22 07:00:00,89.10703193669846
2011-11-22 08:00:00,161.5194118817795
2011-11-22 09:00:00,80.35715847881104
2011-11-22 10:00:00,45.329545981564166
2011-11-22 11:00:00,52.94947800639901
2011-11-22 12:00:00,51.0865812967579
2011-11-22 13:00:00,50.333056586415374
2011-11-22 14:00:00,48.44350354750546
2011-11-22 15:00:00,46.47084600256659
2011-11-22 16:00:00,86.15720450613684
2011-11-22 17:00:00,155.42650018402884
2011-11-22 18:00:00,136.39846342360167
2011-11-22 19:00:00,147.09765041636723
2011-11-22 20:00:00,151.18358077956236
2011-11-22 21:00:00,106.87668373731869
2011-11-22 22:00:00,100.82565518276016
2011-11-22 23:00:00,61.35613515027431
2011-11-23 00:00:00,22.188704361447705
2011-11-23 01:00:00,9.516595986996878
2011-11-23 02:00:00,4.801230477899196
2011-11-23 03:00:00,3.122092324015083
2011-11-23 04:00:00,4.492018821815991
2011-11-23 05:00:00,16.016134605755337
2011-11-23 06:00:00,76.3232293602226
2011-11-23 07:00:00,213.1753002402726
2011-11-23 08:00:00,379.73078202048794
2011-11-23 09:00:00,160.98669578012698
2011-11-23 10:00:00,85.53933784286112
2011-11-23 11:00:00,112.6333842789907
2011-11-23 12:00:00,166.73235045398354
2011-11-23 13:00:00,132.93112104959857
2011-11-23 14:00:00,128.49434482903942
2011-11-23 15:00:00,137.91066072207693
2011-11-23 16:00:00,207.45258231446755
2011-11-23 17:00:00,218.69589462870567
2011-11-23 18:00:00,341.90473438599673
2011-11-23 19:00:00,252.04888440483907
2011-11-23 20:00:00,183.24852190984467
2011-11-23 21:00:00,121.02492719893839
2011-11-23 22:00:00,84.97017073676776
2011-11-23 23:00:00,58.54965857401431
2011-11-24 00:00:00,54.656670197529046
2011-11-24 01:00:00,24.548450592187663
2011-11-24 02:00:00,16.856400262831436
2011-11-24 03:00:00,9.35741426184765
2011-11-24 04:00:00,6.561169118639257
2011-11-24 05:00:00,10.757285381371238
2011-11-24 06:00:00,26.765403258751448
2011-11-24 07:00:00,63.81286252932146
2011-11-24 08:00:00,135.4896060685832
2011-11-24 09:00:00,155.1604992590925
2011-11-24 10:00:00,204.26677289895053
2011-11-24 11:00:00,234.48056906164413
2011-11-24 12:00:00,272.4927339636204
2011-11-24 13:00:00,277.06054749727485
2011-11-24 14:00:00,270.24602476115325
2011-11-24 15:00:00,263.50537981158305
2011-11-24 16:00:00,284.61811945033617
2011-11-24 17:00:00,322.77244800538097
2011-11-24 18:00:00,258.235201051632
2011-11-24 19:00:00,204.88300504959602
2011-11-24 20:00:00,132.3540467397295
2011-11-24 21:00:00,108.581925171297
2011-11-24 22:00:00,98.90474908975801
2011-11-24 23:00:00,66.65834259605376
2011-11-25 00:00:00,41.23716196352524
2011-11-25 01:00:00,17.72097926487527
2011-11-25 02:00:00,11.157835489639758
2011-11-25 03:00:00,4.208948245967048
2011-11-25 04:00:00,4.140870042875758
2011-11-25 05:00:00,21.159082933469993
2011-11-25 06:00:00,70.5976773363527
2011-11-25 07:00:00,222.63480579449532
2011-11-25 08:00:00,376.72995982961976
2011-11-25 09:00:00,230.58881622390365
2011-11-25 10:00:00,122.52729381330595
2011-11-25 11:00:00,155.85099818960705
2011-11-25 12:00:00,205.6075202036909
2011-11-25 13:00:00,214.70739187781427
2011-11-25 14:00:00,208.31656588046548
2011-11-25 15:00:00,227.208632002446
2011-11-25 16:00:00,299.2314387611534
2011-11-25 17:00:00,455.06747662055193
2011-11-25 18:00:00,391.2001078694493
2011-11-25 19:00:00,237.4284930701528
2011-11-25 20:00:00,173.00390444598605
2011-11-25 21:00:00,135.58310763354783
2011-11-25 22:00:00,116.15375523953571
2011-11-25 23:00:00,83.67163652995966
2011-11-26 00:00:00,78.43262788841449
2011-11-26 01:00:00,66.87562156650314
2011-11-26 02:00:00,46.48570422514874
2011-11-26 03:00:00,19.52919411056068
2011-11-26 04:00:00,6.9821385636172115
2011-11-26 05:00:00,6.513997388638319
2011-11-26 06:00:00,14.64496248089068
2011-11-26 07:00:00,34.931083749776946
2011-11-26 08:00:00,82.57564877302929
2011-11-26 09:00:00,132.0632719078529
2011-11-26 10:00:00,217.38013251500456
2011-11-26 11:00:00,284.3938058451662
2011-11-26 12:00:00,352.63026506457174
2011-11-26 13:00:00,348.8748068399967
2011-11-26 14:00:00,323.5115621579866
2011-11-26 15:00:00,330.3785722582759
2011-11-26 16:00:00,313.0232840324279
2011-11-26 17:00:00,287.8603460868179
2011-11-26 18:00:00,215.3453713063505
2011-11-26 19:00:00,182.23606355765767
2011-11-26 20:00:00,149.6277852309301
2011-11-26 21:00:00,95.60547749301274
2011-11-26 22:00:00,99.74855106838692
2011-11-26 23:00:00,68.60505589498152
2011-11-27 00:00:00,78.577884509567
2011-11-27 01:00:00,77.40774492142381
2011-11-27 02:00:00,47.20777162668156
2011-11-27 03:00:00,20.74479894816825
2011-11-27 04:00:00,8.142580583170172
2011-11-27 05:00:00,6.328968161211681
2011-11-27 06:00:00,14.20976833154085
2011-11-27 07:00:00,33.05485990194857
2011-11-27 08:00:00,76.36183385977118
2011-11-27 09:00:00,141.75689621765096
2011-11-27 10:00:00,244.38479235980697
2011-11-27 11:00:00,283.18975501682667
2011-11-27 12:00:00,338.38473904031207
2011-11-27 13:00:00,341.51495094891436
2011-11-27 14:00:00,445.2492358933665
2011-11-27 15:00:00,419.4879448449831
2011-11-27 16:00:00,391.11841346202254
2011-11-27 17:00:00,309.804119271396
2011-11-27 18:00:00,244.41429748784964
2011-11-27 19:00:00,198.46488079723252
2011-11-27 20:00:00,163.32835941055532
2011-11-27 21:00:00,122.40377542177595
2011-11-27 22:00:00,102.7110041462724
2011-11-27 23:00:00,76.36586479582596
2011-11-28 00:00:00,36.804822869245
2011-11-28 01:00:00,13.506503678962437
2011-11-28 03:00:00,4.562240929534481
2011-11-28 04:00:00,6.709340837944341
2011-11-28 05:00:00,23.076382963962562
2011-11-28 06:00:00,92.06463600717416
2011-11-28 07:00:00,294.841750978557
2011-11-28 08:00:00,390.9214705185416
2011-11-28 09:00:00,186.16020596996827
2011-11-28 10:00:00,108.91812577588597
2011-11-28 11:00:00,121.24640744091222
2011-11-28 12:00:00,194.6259386198676
2011-11-28 13:00:00,179.1247784829433
2011-11-28 14:00:00,171.5945017001696
2011-11-28 15:00:00,190.8940151304313
2011-11-28 16:00:00,278.6921815813418
2011-11-28 17:00:00,559.0847167446325
2011-11-28 18:00:00,512.5830408031939
2011-11-28 19:00:00,321.72744894974426
2011-11-28 20:00:00,223.76492564359512
2011-11-28 21:00:00,175.94035285465395
2011-11-28 22:00:00,126.53322042773635
2011-11-28 23:00:00,65.21681976066989
2011-11-29 00:00:00,28.315410289297404
2011-11-29 01:00:00,10.597791766957918
2011-11-29 02:00:00,4.0730158268268735
2011-11-29 03:00:00,3.719027784745796
2011-11-29 04:00:00,5.047637437171758
2011-11-29 05:00:00,24.140747345460074
2011-11-29 06:00:00,90.86669745285553
2011-11-29 07:00:00,277.13871021305573
2011-11-29 08:00:00,431.9893746121054
2011-11-29 09:00:00,165.8617632628637
2011-11-29 10:00:00,86.99008794016464
2011-11-29 11:00:00,73.57993185001524
2011-11-29 12:00:00,81.18076508074304
2011-11-29 13:00:00,95.25809860601692
2011-11-29 14:00:00,46.289047132587385
2011-11-29 15:00:00,64.80771525317866
2011-11-29 16:00:00,85.54413030545346
2011-11-29 17:00:00,280.9998177427729
2011-11-29 18:00:00,334.7667572401913
2011-11-29 19:00:00,203.94223417944988
2011-11-29 20:00:00,153.22894746026404
2011-11-29 21:00:00,121.2769926918915
2011-11-29 22:00:00,93.10310425974885
2011-11-29 23:00:00,50.87739202394806
2011-11-30 00:00:00,24.61023180471434
2011-11-30 01:00:00,10.96661243910047
2011-11-30 02:00:00,5.055665843584615
2011-11-30 03:00:00,3.787723432957644
2011-11-30 04:00:00,4.799959539099141
2011-11-30 05:00:00,21.057618942255655
2011-11-30 06:00:00,84.88334103125766
2011-11-30 07:00:00,253.61846572803614
2011-11-30 08:00:00,411.5546163960845
2011-11-30 09:00:00,206.1785298766198
2011-11-30 10:00:00,109.69793568046686
2011-11-30 11:00:00,119.84728660167393
2011-11-30 12:00:00,137.8567866268554
2011-11-30 13:00:00,140.3701888058209
2011-11-30 14:00:00,134.58796846045925
2011-11-30 15:00:00,142.72001249009278
2011-11-30 16:00:00,200.3744627490746
2011-11-30 17:00:00,364.45402867048733
2011-11-30 18:00:00,349.88556021062004
2011-11-30 19:00:00,235.84676832413956
2011-11-30 20:00:00,169.7796112764898
2011-11-30 21:00:00,121.92486946280556
2011-11-30 22:00:00,93.06961194554096
2011-11-30 23:00:00,54.97167899110605
2011-12-20 00:00:00,24.720839208099925
2011-12-20 01:00:00,10.378044538897914
2011-12-20 02:00:00,4.9146434546999185
2011-12-20 03:00:00,3.709401077110955
2011-12-20 04:00:00,5.609409152377556
2011-12-20 05:00:00,21.88045948517592
2011-12-20 06:00:00,86.12684302423206
2011-12-20 07:00:00,246.72330256441487
2011-12-20 08:00:00,411.94740444587273
2011-12-20 09:00:00,193.9433584981429
2011-12-20 10:00:00,112.18973476522179
2011-12-20 11:00:00,125.20352685168632
2011-12-20 12:00:00,153.9868628375514
2011-12-20 13:00:00,150.11689670207267
2011-12-20 14:00:00,133.03016740729674
2011-12-20 15:00:00,151.72348602399094
2011-12-20 16:00:00,238.40248091553897
2011-12-20 17:00:00,462.79326235992875
2011-12-20 18:00:00,397.6809571133406
2011-12-20 19:00:00,270.805892043677
2011-12-20 20:00:00,187.52392472242457
2011-12-20 21:00:00,147.08432597744812
2011-12-20 22:00:00,104.07235966082168
2011-12-20 23:00:00,63.186453469859806
2011-12-21 00:00:00,11.638146951072398
2011-12-21 01:00:00,7.065460051912451
2011-12-21 02:00:00,3.8843813850848186
2011-12-21 03:00:00,2.5749146188499674
2011-12-21 04:00:00,2.394345979662684
2011-12-21 05:00:00,8.58902877233492
2011-12-21 06:00:00,45.381953418238666
2011-12-21 07:00:00,121.52148520534854
2011-12-21 08:00:00,156.0722051467666
2011-12-21 09:00:00,116.5676085671557
2011-12-21 10:00:00,71.7935202167447
2011-12-21 11:00:00,75.40480785872786
2011-12-21 12:00:00,42.507302128351675
2011-12-21 13:00:00,27.915966268665354
2011-12-21 14:00:00,71.63540498904085
2011-12-21 15:00:00,78.98328330481765
2011-12-21 16:00:00,41.189992698130936
2011-12-21 17:00:00,84.48287356965155
2011-12-21 18:00:00,143.9165540321477
2011-12-21 19:00:00,140.634757335921
2011-12-21 20:00:00,109.09058584783281
2011-12-21 21:00:00,95.4537214541918
2011-12-21 22:00:00,72.52595039593061
2011-12-21 23:00:00,45.61165660643452
2011-12-22 00:00:00,18.832172268594405
2011-12-22 01:00:00,9.292288417450154
2011-12-22 02:00:00,6.358091406326547
2011-12-22 03:00:00,2.955589240672314
2011-12-22 04:00:00,2.925301695655723
2011-12-22 05:00:00,11.571125915982952
2011-12-22 06:00:00,47.8503509956262
2011-12-22 07:00:00,135.3079234666539
2011-12-22 08:00:00,254.53049683800754
2011-12-22 09:00:00,134.2087863101118
2011-12-22 10:00:00,66.63464344033906
2011-12-22 11:00:00,74.32919325851907
2011-12-22 12:00:00,108.7835520019506
2011-12-22 13:00:00,97.76773384711694
2011-12-22 14:00:00,94.8842331547745
2011-12-22 15:00:00,102.08526392085973
2011-12-22 16:00:00,141.470716383316
2011-12-22 17:00:00,204.47222769123806
2011-12-22 18:00:00,219.25490165032363
2011-12-22 19:00:00,151.41924846326432
2011-12-22 20:00:00,61.55181150715291
2011-12-22 21:00:00,43.18511059942156
2011-12-22 22:00:00,32.146744897047554
2011-12-22 23:00:00,25.923117050017918
2011-12-23 00:00:00,20.791063849256396
2011-12-23 01:00:00,9.748359859375972
2011-12-23 02:00:00,5.740468744796993
2011-12-23 03:00:00,2.6906448227441593
2011-12-23 04:00:00,2.2706554225289555
2011-12-23 05:00:00,8.716738308150697
2011-12-23 06:00:00,44.540587884756434
2011-12-23 07:00:00,114.36099664705758
2011-12-23 08:00:00,274.71904399657416
2011-12-23 09:00:00,149.79473455821807
2011-12-23 10:00:00,78.5046244479992
2011-12-23 11:00:00,97.30495040852443
2011-12-23 12:00:00,117.62300110008333
2011-12-23 13:00:00,120.6930243507046
2011-12-23 14:00:00,111.16514855382843
2011-12-23 15:00:00,109.3367026771897
2011-12-23 16:00:00,128.94353297491372
2011-12-23 17:00:00,230.45960627052244
2011-12-23 18:00:00,192.4600443307948
2011-12-23 19:00:00,123.54077609604408
2011-12-23 20:00:00,79.12042532162664
2011-12-23 21:00:00,69.62392535530138
2011-12-23 22:00:00,56.55853446745252
2011-12-23 23:00:00,46.98573338526245
2011-12-24 00:00:00,37.73835936468781
2011-12-24 01:00:00,28.62369311011614
2011-12-24 02:00:00,21.80277607578119
2011-12-24 03:00:00,11.15077374044844
2011-12-24 04:00:00,3.314228475863874
2011-12-24 05:00:00,3.2634193617313665
2011-12-24 06:00:00,4.1057312509268025
2011-12-24 07:00:00,16.75307201494465
2011-12-24 08:00:00,42.304816821426016
2011-12-24 09:00:00,56.44479644092617
2011-12-24 10:00:00,91.5242921674051
2011-12-24 11:00:00,115.88183873430488
2011-12-24 12:00:00,142.7606002009265
2011-12-24 13:00:00,143.35424106478945
2011-12-24 14:00:00,137.40881594539763
2011-12-24 15:00:00,134.43351939803838
2011-12-24 16:00:00,131.7445010166292
2011-12-24 17:00:00,102.11663202747215
2011-12-24 18:00:00,91.93031459262069
2011-12-24 19:00:00,70.3800806623372
2011-12-24 20:00:00,49.53430414863734
2011-12-24 21:00:00,49.231506514501916
2011-12-24 22:00:00,41.56496832471918
2011-12-24 23:00:00,30.85343135106818
2011-12-25 00:00:00,34.081991297409346
2011-12-25 01:00:00,28.70571918174653
2011-12-25 02:00:00,22.469842084570942
2011-12-25 03:00:00,14.6630366020275
2011-12-25 05:00:00,2.6996514320093956
2011-12-25 06:00:00,3.576169628193527
2011-12-25 07:00:00,9.177592572724624
2011-12-25 08:00:00,19.212776744580914
2011-12-25 09:00:00,43.345183696782215
2011-12-25 10:00:00,70.857673111524
2011-12-25 11:00:00,89.44403368734407
2011-12-25 12:00:00,98.01206377080234
2011-12-25 13:00:00,106.24330354574512
2011-12-25 14:00:00,127.11112000060984
2011-12-25 15:00:00,133.38967110006283
2011-12-25 16:00:00,143.68051113647226
2011-12-25 17:00:00,88.04788271872565
2011-12-25 18:00:00,78.04152557364996
2011-12-25 19:00:00,55.17764475798944
2011-12-25 20:00:00,55.13656690303829
2011-12-25 21:00:00,46.15915613318107
2011-12-25 22:00:00,42.094018741147366
2011-12-25 23:00:00,31.057309221851458
2011-12-26 00:00:00,25.278958949736783
2011-12-26 01:00:00,19.771996434985695
2011-12-26 02:00:00,12.709217379599808
2011-12-26 04:00:00,3.768913596223881
2011-12-26 05:00:00,3.5784927612804522
2011-12-26 06:00:00,8.358697775904083
2011-12-26 07:00:00,19.625366063214962
2011-12-26 08:00:00,56.12250437420372
2011-12-26 09:00:00,71.07399073923025
2011-12-26 10:00:00,91.18782557280741
2011-12-26 11:00:00,103.51916766596025
2011-12-26 12:00:00,130.91527017923102
2011-12-26 13:00:00,137.5842639883545
2011-12-26 14:00:00,138.3044175215263
2011-12-26 15:00:00,136.1372554262371
2011-12-26 16:00:00,131.84981969712967
2011-12-26 17:00:00,111.07148953946106
2011-12-26 18:00:00,106.46596062157238
2011-12-26 19:00:00,75.31085790567349
2011-12-26 20:00:00,59.12654319742459
2011-12-26 21:00:00,45.28568679172203
2011-12-26 22:00:00,40.097283501137376
2011-12-26 23:00:00,29.87336909772835
2011-12-27 00:00:00,10.64034448296918
2011-12-27 01:00:00,3.7532857793429804
2011-12-27 02:00:00,1.9769234088679697
2011-12-27 03:00:00,2.212737951048642
2011-12-27 04:00:00,1.9788808736155061
2011-12-27 05:00:00,5.284690853766643
2011-12-27 06:00:00,37.70371116353259
2011-12-27 07:00:00,120.10264277349812
2011-12-27 08:00:00,247.29369309363398
2011-12-27 09:00:00,65.7644249192198
2011-12-27 10:00:00,64.2278948245269
2011-12-27 11:00:00,32.08230574673585
2011-12-27 12:00:00,45.86800488098835
2011-12-27 13:00:00,36.582155722622716
2011-12-27 14:00:00,27.249379716509377
2011-12-27 15:00:00,29.704174972514583
2011-12-27 16:00:00,50.59378079635546
2011-12-27 17:00:00,139.54678881160442
2011-12-27 18:00:00,186.7381612695637
2011-12-27 19:00:00,128.5726972049983
2011-12-27 20:00:00,88.79933101579148
2011-12-27 21:00:00,62.68210602805297
2011-12-27 22:00:00,38.00979940450172
2011-12-27 23:00:00,25.150661788318438
2011-12-28 00:00:00,12.068994497620837
2011-12-28 01:00:00,6.625468393027548
2011-12-28 02:00:00,2.8947680351289624
2011-12-28 03:00:00,2.8514717663114224
2011-12-28 05:00:00,5.407471894858528
2011-12-28 06:00:00,42.77738806880963
2011-12-28 07:00:00,116.79540085553651
2011-12-28 08:00:00,243.2672406723067
2011-12-28 09:00:00,138.69576850581223
2011-12-28 10:00:00,75.1875509729301
2011-12-28 11:00:00,72.02648057231384
2011-12-28 12:00:00,76.64522206760373
2011-12-28 13:00:00,79.7593533327481
2011-12-28 14:00:00,71.74732982900748
2011-12-28 15:00:00,74.47203631471432
2011-12-28 16:00:00,95.70729885176728
2011-12-28 17:00:00,199.2863644918912
2011-12-28 18:00:00,179.11829520600685
2011-12-28 19:00:00,112.40244686291861
2011-12-28 20:00:00,81.80993472751557
2011-12-28 21:00:00,55.61492002738298
2011-12-28 22:00:00,43.446535628858776
2011-12-28 23:00:00,26.235206977250296
2011-12-29 00:00:00,10.74906847639021
2011-12-29 01:00:00,4.804762213963208
2011-12-29 02:00:00,2.371291316330499
2011-12-29 03:00:00,1.9995830726762638
2011-12-29 04:00:00,1.7367692516217776
2011-12-29 05:00:00,6.366528558669656
2011-12-29 06:00:00,41.62101735281143
2011-12-29 07:00:00,107.07778259416767
2011-12-29 08:00:00,227.42410801775074
2011-12-29 09:00:00,125.50132832987347
2011-12-29 10:00:00,53.26503263062272
2011-12-29 11:00:00,57.21366835168836
2011-12-29 12:00:00,74.33270858884472
2011-12-29 13:00:00,73.31323486819682
2011-12-29 14:00:00,72.53886014185682
2011-12-29 15:00:00,70.38957077375223
2011-12-29 16:00:00,92.5950435768485
2011-12-29 17:00:00,195.14464187431804
2011-12-29 18:00:00,196.84388121681235
2011-12-29 19:00:00,125.50566272248109
2011-12-29 20:00:00,88.89981808027163
2011-12-29 21:00:00,64.28348940882182
2011-12-29 22:00:00,47.18409750909848
2011-12-29 23:00:00,33.759834145727204
2011-12-30 00:00:00,21.27762175914811
2011-12-30 01:00:00,7.88472634501019
2011-12-30 02:00:00,3.8163390130039376
2011-12-30 03:00:00,2.2361361069590022
2011-12-30 04:00:00,1.835006368434248
2011-12-30 05:00:00,7.845493094073259
2011-12-30 06:00:00,37.61202252679778
2011-12-30 07:00:00,105.46795133892184
2011-12-30 08:00:00,238.38040931388812
2011-12-30 09:00:00,137.3237663157934
2011-12-30 10:00:00,66.57768071178941
2011-12-30 11:00:00,88.8174928057132
2011-12-30 12:00:00,103.2377546165726
2011-12-30 13:00:00,110.8183337205764
2011-12-30 14:00:00,110.00605129998748
2011-12-30 15:00:00,132.08459913964003
2011-12-30 16:00:00,143.53390840596322
2011-12-30 17:00:00,230.3748324009494
2011-12-30 18:00:00,190.2951389071039
2011-12-30 19:00:00,114.81043772389692
2011-12-30 20:00:00,84.75694540919973
2011-12-30 21:00:00,72.26649763595599
2011-12-30 22:00:00,56.63720433288306
2011-12-30 23:00:00,49.05462469546449
2011-12-31 00:00:00,41.14617268352386
2011-12-31 01:00:00,33.38959489871556
2011-12-31 02:00:00,24.310860910573496
2011-12-31 03:00:00,9.815283855940411
2011-12-31 04:00:00,3.8691470284547456
2011-12-31 05:00:00,3.2934386785953103
2011-12-31 06:00:00,5.934294230697097
2011-12-31 07:00:00,12.200037880886299
2011-12-31 08:00:00,39.4835149408389
2011-12-31 09:00:00,34.54075258398199
2011-12-31 10:00:00,77.81172405795667
2011-12-31 11:00:00,123.29726478183147
2011-12-31 12:00:00,256.19346974718763
2011-12-31 13:00:00,268.6225984062067
2011-12-31 14:00:00,213.91108658076087
2011-12-31 15:00:00,216.5651091225327
2011-12-31 16:00:00,177.62853466153314
2011-12-31 17:00:00,128.14800918647535
2011-12-31 18:00:00,135.20875849281322
2011-12-31 19:00:00,106.11390366356291
2011-12-31 20:00:00,89.19520586043159
2011-12-31 21:00:00,73.87235097121955
2011-12-31 22:00:00,58.31067798889154
2011-12-31 23:00:00,43.28508776117186
2012-01-20 00:00:00,28.568848705424422
2012-01-20 01:00:00,15.462275448836001
2012-01-20 02:00:00,10.168258683297957
2012-01-20 03:00:00,4.1648065345679655
2012-01-20 04:00:00,2.612351732784583
2012-01-20 05:00:00,15.835352823383786
2012-01-20 06:00:00,76.92708028017088
2012-01-20 07:00:00,225.3752418612059
2012-01-20 08:00:00,431.5227375259598
2012-01-20 09:00:00,217.2892674688996
2012-01-20 10:00:00,100.22981893644075
2012-01-20 11:00:00,110.82513476328944
2012-01-20 12:00:00,139.0315897438025
2012-01-20 13:00:00,162.18442020771596
2012-01-20 14:00:00,128.34306981652307
2012-01-20 15:00:00,151.82309487119994
2012-01-20 16:00:00,178.2269962263744
2012-01-20 17:00:00,318.95240979679403
2012-01-20 18:00:00,288.4483078194604
2012-01-20 19:00:00,179.786778895486
2012-01-20 20:00:00,122.41007058218128
2012-01-20 21:00:00,93.3000368373037
2012-01-20 22:00:00,69.18325586012874
2012-01-20 23:00:00,40.807879109261336
2012-01-21 00:00:00,35.25064491476708
2012-01-21 01:00:00,35.12209610721299
2012-01-21 02:00:00,27.03382841317625
2012-01-21 03:00:00,13.811442983626467
2012-01-21 04:00:00,4.43703923982345
2012-01-21 05:00:00,3.627322416331456
2012-01-21 06:00:00,6.859243712382451
2012-01-21 07:00:00,17.079168403369735
2012-01-21 08:00:00,64.16799286977592
2012-01-21 09:00:00,82.06884409153004
2012-01-21 10:00:00,110.76139896125144
2012-01-21 11:00:00,183.12146516384405
2012-01-21 12:00:00,205.38769811677594
2012-01-21 13:00:00,211.39026024656238
2012-01-21 14:00:00,143.09499827341088
2012-01-21 15:00:00,144.054009867116
2012-01-21 16:00:00,177.85568701280533
2012-01-21 17:00:00,132.84128795569092
2012-01-21 18:00:00,125.00432617249233
2012-01-21 19:00:00,114.98735715130097
2012-01-21 20:00:00,84.79707020596318
2012-01-21 21:00:00,77.84742795884384
2012-01-21 22:00:00,66.3956252997141
2012-01-21 23:00:00,46.881185562926156
2012-01-22 00:00:00,53.648534379542056
2012-01-22 01:00:00,43.489242174921316
2012-01-22 02:00:00,36.703084183919664
2012-01-22 03:00:00,17.340558658049652
2012-01-22 04:00:00,4.393613370793204
2012-01-22 05:00:00,3.9462522922273253
2012-01-22 06:00:00,5.874366867350707
2012-01-22 07:00:00,16.488397424831977
2012-01-22 08:00:00,50.72644081849119
2012-01-22 09:00:00,77.82365316717853
2012-01-22 10:00:00,134.98614062443644
2012-01-22 11:00:00,118.36910490684198
2012-01-22 12:00:00,194.9443678303965
2012-01-22 13:00:00,203.58467447237751
2012-01-22 14:00:00,185.21488410685146
2012-01-22 15:00:00,190.30964509726644
2012-01-22 16:00:00,163.15580950242864
2012-01-22 17:00:00,142.03858312868766
2012-01-22 18:00:00,98.9478765340599
2012-01-22 19:00:00,94.96145600559157
2012-01-22 20:00:00,66.28710230133007
2012-01-22 21:00:00,55.47720538530198
2012-01-22 22:00:00,54.23565802886599
2012-01-22 23:00:00,37.46566011375503
2012-01-23 00:00:00,13.653784620032443
2012-01-23 01:00:00,5.803153452088631
2012-01-23 02:00:00,3.9371802442058446
2012-01-23 03:00:00,2.2565887287371775
2012-01-23 04:00:00,2.4323428319780995
2012-01-23 05:00:00,17.580465011901122
2012-01-23 06:00:00,77.3832002496735
2012-01-23 07:00:00,148.76477080744857
2012-01-23 08:00:00,233.1778754682506
2012-01-23 09:00:00,206.1660838868026
2012-01-23 10:00:00,82.96093188658247
2012-01-23 11:00:00,80.65081337083062
2012-01-23 12:00:00,87.36795650636708
2012-01-23 13:00:00,76.07829891492574
2012-01-23 14:00:00,62.39954917227692
2012-01-23 15:00:00,87.27790298607184
2012-01-23 16:00:00,142.38883834979018
2012-01-23 17:00:00,272.9639093237434
2012-01-23 18:00:00,286.92610547570297
2012-01-23 19:00:00,210.59892026560016
2012-01-23 20:00:00,154.270068572458
2012-01-23 21:00:00,91.89721564654496
2012-01-23 22:00:00,73.40320174824954
2012-01-23 23:00:00,43.7609272319559
2012-01-24 00:00:00,12.946339823290604
2012-01-24 01:00:00,6.052634968680328
2012-01-24 02:00:00,4.689847719732775
2012-01-24 03:00:00,2.018091996469509
2012-01-24 04:00:00,2.3919454742955892
2012-01-24 05:00:00,15.78221395937802
2012-01-24 06:00:00,80.27353498847133
2012-01-24 07:00:00,239.66117856264853
2012-01-24 08:00:00,477.964694149424
2012-01-24 09:00:00,219.7303118941353
2012-01-24 10:00:00,90.1181327313285
2012-01-24 11:00:00,91.09398007952203
2012-01-24 12:00:00,106.43109631674815
2012-01-24 13:00:00,105.17921651417944
2012-01-24 14:00:00,119.11128349738212
2012-01-24 15:00:00,134.71667115344613
2012-01-24 16:00:00,238.5616524151485
2012-01-24 17:00:00,471.95639400162753
2012-01-24 18:00:00,436.6818852080625
2012-01-24 19:00:00,322.56180272907585
2012-01-24 20:00:00,190.23058178949077
2012-01-24 21:00:00,139.5040290951757
2012-01-24 22:00:00,99.66518678623486
2012-01-24 23:00:00,56.44039563766208
2012-01-25 00:00:00,14.392286200721596
2012-01-25 01:00:00,7.1928232379121155
2012-01-25 02:00:00,3.7266348324449625
2012-01-25 03:00:00,2.853774140534052
2012-01-25 04:00:00,1.9812107265909562
2012-01-25 05:00:00,17.743998739433035
2012-01-25 06:00:00,86.4735757169294
2012-01-25 07:00:00,261.8206721283978
2012-01-25 08:00:00,483.345783382461
2012-01-25 09:00:00,239.5019165530027
2012-01-25 10:00:00,102.37002482077935
2012-01-25 11:00:00,108.03989107953694
2012-01-25 12:00:00,149.96482526902875
2012-01-25 13:00:00,147.9902108821566
2012-01-25 14:00:00,127.25032177141387
2012-01-25 15:00:00,144.63432647982327
2012-01-25 16:00:00,215.65294333155148
2012-01-25 17:00:00,416.0098850983972
2012-01-25 18:00:00,381.0057713275088
2012-01-25 19:00:00,269.96201384564193
2012-01-25 20:00:00,190.61332806153038
2012-01-25 21:00:00,130.1578502099496
2012-01-25 22:00:00,102.96263220400913
2012-01-25 23:00:00,59.098708266996255
2012-01-26 00:00:00,20.40715292884007
2012-01-26 01:00:00,6.828489302220306
2012-01-26 02:00:00,5.6091580116585735
2012-01-26 03:00:00,2.3241981887605987
2012-01-26 04:00:00,2.51251781849899
2012-01-26 05:00:00,19.942739421094146
2012-01-26 06:00:00,86.37631086938676
2012-01-26 07:00:00,250.48401794860595
2012-01-26 08:00:00,466.3877688137465
2012-01-26 09:00:00,228.7968150375816
2012-01-26 10:00:00,97.42990448351819
2012-01-26 11:00:00,92.69078387564629
2012-01-26 12:00:00,131.45275247737965
2012-01-26 13:00:00,133.65587361847795
2012-01-26 14:00:00,135.39858232111607
2012-01-26 15:00:00,150.17985868095542
2012-01-26 16:00:00,228.54695633581377
2012-01-26 17:00:00,434.20489068158065
2012-01-26 18:00:00,417.6787793186301
2012-01-26 19:00:00,288.52910010773905
2012-01-26 20:00:00,207.35914939559933
2012-01-26 21:00:00,152.78775579298005
2012-01-26 22:00:00,117.79000195535215
2012-01-26 23:00:00,70.24055820603465
2012-01-27 00:00:00,43.90159640106303
2012-01-27 01:00:00,17.990394062240807
2012-01-27 02:00:00,8.497012255552026
2012-01-27 03:00:00,3.2953440476080096
2012-01-27 04:00:00,2.47307469947859
2012-01-27 05:00:00,21.314539428611404
2012-01-27 06:00:00,79.37723245948152
2012-01-27 07:00:00,215.5737972972599
2012-01-27 08:00:00,252.3975318741522
2012-01-27 09:00:00,131.3241452308676
2012-01-27 10:00:00,80.37260285164456
2012-01-27 11:00:00,167.8148720573797
2012-01-27 12:00:00,270.2859374984397
2012-01-27 13:00:00,251.18363964215717
2012-01-27 14:00:00,225.43383096579134
2012-01-27 15:00:00,210.79980746654425
2012-01-27 16:00:00,270.49964818644133
2012-01-27 17:00:00,422.74558578485545
2012-01-27 18:00:00,382.8295542281683
2012-01-27 19:00:00,240.07498105183384
2012-01-27 20:00:00,155.75504150888614
2012-01-27 21:00:00,125.78316497195704
2012-01-27 22:00:00,111.08425839269673
2012-01-27 23:00:00,77.31499559606296
2012-01-28 00:00:00,69.71889349611648
2012-01-28 01:00:00,50.97484351138217
2012-01-28 02:00:00,40.82770036987498
2012-01-28 03:00:00,20.583967652645484
2012-01-28 04:00:00,7.035906412920175
2012-01-28 05:00:00,2.469247874170366
2012-01-28 06:00:00,8.025866293390889
2012-01-28 07:00:00,23.892258626205056
2012-01-28 08:00:00,76.44708527801292
2012-01-28 09:00:00,119.24549862366906
2012-01-28 10:00:00,191.47590758094276
2012-01-28 11:00:00,250.68210971180784
2012-01-28 12:00:00,249.92029506049266
2012-01-28 13:00:00,300.7046524481897
2012-01-28 14:00:00,313.31975779182613
2012-01-28 15:00:00,340.09248889149734
2012-01-28 16:00:00,370.86141697121826
2012-01-28 17:00:00,274.1510104225142
2012-01-28 18:00:00,240.34069394958854
2012-01-28 19:00:00,171.36696281094555
2012-01-28 20:00:00,133.65160947920216
2012-01-28 21:00:00,114.81758574027822
2012-01-28 22:00:00,98.95302022678716
2012-01-28 23:00:00,79.47524857508922
2012-01-29 00:00:00,72.93565371604292
2012-01-29 01:00:00,54.34318593608809
2012-01-29 02:00:00,37.10736509539042
2012-01-29 03:00:00,17.57614029166318
2012-01-29 04:00:00,6.790272329606682
2012-01-29 05:00:00,4.515362607910787
2012-01-29 06:00:00,6.926567064150802
2012-01-29 07:00:00,22.16410058096619
2012-01-29 08:00:00,60.94157314649441
2012-01-29 09:00:00,84.96418001840289
2012-01-29 10:00:00,157.10716699742818
2012-01-29 11:00:00,207.35284608091945
2012-01-29 12:00:00,306.62413097988076
2012-01-29 13:00:00,306.13285625405376
2012-01-29 14:00:00,296.40184895434396
2012-01-29 15:00:00,338.1341217857065
2012-01-29 16:00:00,299.2481015064789
2012-01-29 17:00:00,256.0997282072794
2012-01-29 18:00:00,208.94754388874034
2012-01-29 19:00:00,133.41806982542403
2012-01-29 20:00:00,102.36989345196491
2012-01-29 21:00:00,86.70104783643562
2012-01-29 22:00:00,77.97931160567484
2012-01-29 23:00:00,41.61177892761434
2012-01-30 00:00:00,16.97045717930099
2012-01-30 01:00:00,4.727348556626579
2012-01-30 02:00:00,3.8424104520324875
2012-01-30 03:00:00,1.9480242079295034
2012-01-30 04:00:00,1.8466853930953737
2012-01-30 05:00:00,17.556274662226947
2012-01-30 06:00:00,72.57376656302466
2012-01-30 07:00:00,209.7771821254493
2012-01-30 08:00:00,358.334095226183
2012-01-30 09:00:00,196.51409317276133
2012-01-30 10:00:00,89.19238482465089
2012-01-30 11:00:00,101.47756842751832
2012-01-30 12:00:00,127.57273048970274
2012-01-30 13:00:00,137.50523277452402
2012-01-30 14:00:00,133.33107821704903
2012-01-30 15:00:00,144.73126213066152
2012-01-30 16:00:00,206.8057681341819
2012-01-30 17:00:00,403.8289956075169
2012-01-30 18:00:00,388.393353532208
2012-01-30 19:00:00,252.1562342713837
2012-01-30 20:00:00,189.83927339726384
2012-01-30 21:00:00,140.29833087519117
2012-01-30 22:00:00,90.09622912290303
2012-01-30 23:00:00,49.33024361733057
2012-01-31 00:00:00,15.492099762215945
2012-01-31 01:00:00,5.224569918212776
2012-01-31 02:00:00,4.0555606615104125
2012-01-31 03:00:00,2.286928155972984
2012-01-31 04:00:00,2.0522290256699662
2012-01-31 05:00:00,17.073213091965037
2012-01-31 06:00:00,90.84723903386775
2012-01-31 07:00:00,255.20017034118862
2012-01-31 08:00:00,482.35453685900575
2012-01-31 09:00:00,223.3272378138082
2012-01-31 10:00:00,113.11804490049482
2012-01-31 11:00:00,122.95162017655603
2012-01-31 12:00:00,161.97108626740086
2012-01-31 13:00:00,187.13340077339856
2012-01-31 14:00:00,181.01102447757899
2012-01-31 15:00:00,214.99013264497864
2012-01-31 16:00:00,301.85687276054716
2012-01-31 17:00:00,539.0965685960019
2012-01-31 18:00:00,509.1763426198265
2012-01-31 19:00:00,355.87226009866936
2012-01-31 20:00:00,208.88579611597092
2012-01-31 21:00:00,172.20214939791938
2012-01-31 22:00:00,116.25691311152731
2012-01-31 23:00:00,66.05926207254717
2012-02-20 00:00:00,38.23560510463058
2012-02-20 01:00:00,27.2910544769959
2012-02-20 02:00:00,20.08244030202384
2012-02-20 03:00:00,8.595527332827423
2012-02-20 05:00:00,4.105120393259945
2012-02-20 06:00:00,10.9903792487883
2012-02-20 07:00:00,20.586132370321856
2012-02-20 08:00:00,73.900960566623
2012-02-20 09:00:00,94.57428908974555
2012-02-20 10:00:00,133.6149332246061
2012-02-20 11:00:00,172.4919127126903
2012-02-20 12:00:00,196.33961238428782
2012-02-20 13:00:00,193.78702912702624
2012-02-20 14:00:00,211.53578736991994
2012-02-20 15:00:00,231.12406009121622
2012-02-20 16:00:00,258.6523833533418
2012-02-20 17:00:00,277.5351450449754
2012-02-20 18:00:00,199.01460529590398
2012-02-20 19:00:00,155.1561434108404
2012-02-20 20:00:00,118.5858554886762
2012-02-20 21:00:00,80.07351227045366
2012-02-20 22:00:00,66.4138484034657
2012-02-20 23:00:00,51.75821989704047
2012-02-21 00:00:00,17.49976457083325
2012-02-21 01:00:00,5.984366566122385
2012-02-21 02:00:00,3.558313510584821
2012-02-21 04:00:00,2.397413535244156
2012-02-21 05:00:00,17.441222166304087
2012-02-21 06:00:00,83.63701825824414
2012-02-21 07:00:00,253.6544961437436
2012-02-21 08:00:00,460.5403471239711
2012-02-21 09:00:00,245.9080896953128
2012-02-21 10:00:00,107.92786986537138
2012-02-21 11:00:00,102.35630605860962
2012-02-21 12:00:00,139.1654525178182
2012-02-21 13:00:00,141.19266636393849
2012-02-21 14:00:00,126.29280799092874
2012-02-21 15:00:00,141.36030963909363
2012-02-21 16:00:00,225.2806710121875
2012-02-21 17:00:00,449.7723253674038
2012-02-21 18:00:00,427.9503911062808
2012-02-21 19:00:00,286.22515914435775
2012-02-21 20:00:00,195.2603483180223
2012-02-21 21:00:00,163.45797751534838
2012-02-21 22:00:00,99.92828831792828
2012-02-21 23:00:00,56.546188861455875
2012-02-22 00:00:00,21.911320917649824
2012-02-22 01:00:00,8.205888815887272
2012-02-22 02:00:00,4.214497016112909
2012-02-22 03:00:00,2.6441721999878545
2012-02-22 04:00:00,1.9960735788476205
2012-02-22 05:00:00,21.067290159199665
2012-02-22 06:00:00,89.8666906420648
2012-02-22 07:00:00,278.9964579270735
2012-02-22 08:00:00,507.39640933783056
2012-02-22 09:00:00,247.88799949831755
2012-02-22 10:00:00,108.3493936954093
2012-02-22 11:00:00,128.17810208495024
2012-02-22 12:00:00,161.02118211915757
2012-02-22 13:00:00,166.85620058365296
2012-02-22 14:00:00,144.80868066135872
2012-02-22 15:00:00,204.19135536139873
2012-02-22 16:00:00,288.54780858581796
2012-02-22 17:00:00,544.4428700505271
2012-02-22 18:00:00,486.9719551647909
2012-02-22 19:00:00,323.30802463164645
2012-02-22 20:00:00,221.33486912026842
2012-02-22 21:00:00,187.68876510968863
2012-02-22 22:00:00,115.94683835240272
2012-02-22 23:00:00,69.4161740407668
2012-02-23 00:00:00,29.522315195633333
2012-02-23 01:00:00,9.146639879562855
2012-02-23 02:00:00,6.310797981264519
2012-02-23 03:00:00,2.575530542217629
2012-02-23 04:00:00,2.8540485667626374
2012-02-23 05:00:00,23.392961033377475
2012-02-23 06:00:00,93.56962355381228
2012-02-23 07:00:00,268.93433276687495
2012-02-23 08:00:00,489.66204444503364
2012-02-23 09:00:00,228.19074946417894
2012-02-23 10:00:00,128.93996078930888
2012-02-23 11:00:00,162.4857018468506
2012-02-23 12:00:00,212.83004668942388
2012-02-23 13:00:00,212.95582623028844
2012-02-23 14:00:00,195.94351534484522
2012-02-23 15:00:00,229.7046055041945
2012-02-23 16:00:00,319.0348940738312
2012-02-23 17:00:00,533.8222075395921
2012-02-23 18:00:00,510.57896926388753
2012-02-23 19:00:00,355.72858890592863
2012-02-23 20:00:00,241.4041253754173
2012-02-23 21:00:00,179.69395698696326
2012-02-23 22:00:00,134.1385374996515
2012-02-23 23:00:00,85.00873229388515
2012-02-24 00:00:00,44.74840190352675
2012-02-24 01:00:00,20.998765798974652
2012-02-24 02:00:00,7.479910004292044
2012-02-24 03:00:00,4.853460894769734
2012-02-24 04:00:00,3.335726121478131
2012-02-24 05:00:00,24.559319627885866
2012-02-24 06:00:00,92.18543366127096
2012-02-24 07:00:00,251.31814044505555
2012-02-24 08:00:00,494.5896740331468
2012-02-24 09:00:00,124.14256868911889
2012-02-24 10:00:00,80.90704967257751
2012-02-24 11:00:00,152.99137239443556
2012-02-24 12:00:00,231.1085052976887
2012-02-24 13:00:00,230.9205089947104
2012-02-24 14:00:00,204.50271583786514
2012-02-24 15:00:00,100.9272501656908
2012-02-24 16:00:00,115.40389849760334
2012-02-24 17:00:00,239.73141946702552
2012-02-24 18:00:00,372.4042586269213
2012-02-24 19:00:00,284.36249206851795
2012-02-24 20:00:00,183.32329040746484
2012-02-24 21:00:00,137.5539048517712
2012-02-24 22:00:00,109.00566419718055
2012-02-24 23:00:00,80.61759050985688
2012-02-25 00:00:00,66.70681849497939
2012-02-25 01:00:00,53.93777759624225
2012-02-25 02:00:00,41.86958609702887
2012-02-25 03:00:00,16.655939664436296
2012-02-25 04:00:00,4.928225890359069
2012-02-25 05:00:00,4.776497093667694
2012-02-25 06:00:00,9.109755981888938
2012-02-25 07:00:00,26.119868064970376
2012-02-25 08:00:00,84.0710740244433
2012-02-25 09:00:00,82.10785853123637
2012-02-25 10:00:00,176.44554725831836
2012-02-25 11:00:00,200.12002507878108
2012-02-25 12:00:00,264.1650300342063
2012-02-25 13:00:00,282.9165883748745
2012-02-25 14:00:00,254.73959721799721
2012-02-25 15:00:00,280.49015632378405
2012-02-25 16:00:00,253.07931662790162
2012-02-25 17:00:00,192.76938170156228
2012-02-25 18:00:00,169.01659767429845
2012-02-25 19:00:00,132.26169550417882
2012-02-25 20:00:00,96.72656933732523
2012-02-25 21:00:00,80.13415830875148
2012-02-25 22:00:00,71.86486426749619
2012-02-25 23:00:00,50.35745961138208
2012-02-26 00:00:00,58.19200351282672
2012-02-26 01:00:00,48.82074038003138
2012-02-26 02:00:00,35.90134157902482
2012-02-26 03:00:00,19.68295847661814
2012-02-26 04:00:00,6.356137610769677
2012-02-26 05:00:00,5.467108935835952
2012-02-26 06:00:00,6.488588830167419
2012-02-26 07:00:00,16.90277787751838
2012-02-26 08:00:00,47.25437422173938
2012-02-26 09:00:00,84.31966196726998
2012-02-26 10:00:00,162.03012140422072
2012-02-26 11:00:00,203.2364260108255
2012-02-26 12:00:00,271.713848996212
2012-02-26 13:00:00,296.87681408006443
2012-02-26 14:00:00,325.21336861199404
2012-02-26 15:00:00,346.42530512111995
2012-02-26 16:00:00,304.82347645987943
2012-02-26 17:00:00,246.95889800043005
2012-02-26 18:00:00,199.5669018285127
2012-02-26 19:00:00,151.60240911402565
2012-02-26 20:00:00,118.74391249662499
2012-02-26 21:00:00,87.42345140043358
2012-02-26 22:00:00,69.72335815971428
2012-02-26 23:00:00,38.02804089493565
2012-02-27 00:00:00,15.356206711143017
2012-02-27 01:00:00,5.879760657003191
2012-02-27 02:00:00,3.807123211828761
2012-02-27 03:00:00,2.68287160819776
2012-02-27 04:00:00,2.3027957362994265
2012-02-27 05:00:00,18.47731146347129
2012-02-27 06:00:00,83.25228537459758
2012-02-27 07:00:00,235.05056174243092
2012-02-27 08:00:00,465.63908558398
2012-02-27 09:00:00,226.62869410558534
2012-02-27 10:00:00,108.14146710873551
2012-02-27 11:00:00,126.43269203344231
2012-02-27 12:00:00,154.54246821196904
2012-02-27 13:00:00,161.55949692212872
2012-02-27 14:00:00,158.6944644367928
2012-02-27 15:00:00,210.89419271698512
2012-02-27 16:00:00,299.0853230703468
2012-02-27 17:00:00,546.2685810740476
2012-02-27 18:00:00,519.2949902664274
2012-02-27 19:00:00,358.71669834800014
2012-02-27 20:00:00,241.27203733292833
2012-02-27 21:00:00,176.44435480068935
2012-02-27 22:00:00,116.9439549091829
2012-02-27 23:00:00,69.58037105018676
2012-02-28 00:00:00,25.77354742313217
2012-02-28 01:00:00,9.238684577156802
2012-02-28 02:00:00,5.926236605494996
2012-02-28 03:00:00,2.3205351022103566
2012-02-28 04:00:00,2.0895870124480482
2012-02-28 05:00:00,15.929710153226623
2012-02-28 06:00:00,89.33125999558202
2012-02-28 07:00:00,237.63307489161517
2012-02-28 08:00:00,409.2867858372541
2012-02-28 09:00:00,203.28174879063036
2012-02-28 10:00:00,104.37362343994477
2012-02-28 11:00:00,119.3756654932723
2012-02-28 12:00:00,150.2082733755873
2012-02-28 13:00:00,152.9967740287228
2012-02-28 14:00:00,137.5967067584348
2012-02-28 15:00:00,158.44420428087736
2012-02-28 16:00:00,251.809416797595
2012-02-28 17:00:00,487.00929885612095
2012-02-28 18:00:00,454.31398603377266
2012-02-28 19:00:00,314.0464214312102
2012-02-28 20:00:00,202.5955369447465
2012-02-28 21:00:00,149.71759145752176
2012-02-28 22:00:00,96.655838498863
2012-02-28 23:00:00,57.28850150358315
2012-02-29 00:00:00,23.077818226379975
2012-02-29 01:00:00,7.05896446877764
2012-02-29 02:00:00,4.111957020490712
2012-02-29 03:00:00,2.2038293526751547
2012-02-29 05:00:00,20.429518695113252
2012-02-29 06:00:00,89.23754756971191
2012-02-29 07:00:00,261.0327306258553
2012-02-29 08:00:00,483.6567492571762
2012-02-29 09:00:00,91.3063759857045
2012-02-29 10:00:00,60.52976383511589
2012-02-29 11:00:00,67.77939202620726
2012-02-29 12:00:00,63.895666343523715
2012-02-29 13:00:00,106.77034413662898
2012-02-29 14:00:00,102.6274871617752
2012-02-29 15:00:00,123.88195476845844
2012-02-29 16:00:00,105.39698965159636
2012-02-29 17:00:00,365.45844534788307
2012-02-29 18:00:00,263.82961197730003
2012-02-29 19:00:00,264.3229763575383
2012-02-29 20:00:00,101.81831325210746
2012-02-29 21:00:00,81.31154253103102
2012-02-29 22:00:00,70.046786233713
2012-02-29 23:00:00,31.70528254532093
2012-03-20 00:00:00,25.288802880801533
2012-03-20 01:00:00,15.190895112218058
2012-03-20 02:00:00,4.955435457913055
2012-03-20 03:00:00,3.321939554143267
2012-03-20 04:00:00,2.9008030266903226
2012-03-20 05:00:00,22.30214732594313
2012-03-20 06:00:00,105.6406425276762
2012-03-20 07:00:00,150.0310923264738
2012-03-20 08:00:00,535.4983136682042
2012-03-20 09:00:00,306.0681320683128
2012-03-20 10:00:00,138.06220612935675
2012-03-20 11:00:00,175.39361383289534
2012-03-20 12:00:00,219.66563033300034
2012-03-20 13:00:00,221.32094222407065
2012-03-20 14:00:00,204.7360885140021
2012-03-20 15:00:00,229.58569609671017
2012-03-20 16:00:00,329.81448141347477
2012-03-20 17:00:00,587.5308669776658
2012-03-20 18:00:00,599.7752211325798
2012-03-20 19:00:00,445.85394772712607
2012-03-20 20:00:00,307.4307902098153
2012-03-20 21:00:00,222.038302430305
2012-03-20 22:00:00,161.6046115103644
2012-03-20 23:00:00,77.51537520828106
2012-03-21 00:00:00,41.05586618389189
2012-03-21 01:00:00,19.739522132097076
2012-03-21 02:00:00,6.842254396264599
2012-03-21 03:00:00,4.480508239032301
2012-03-21 04:00:00,4.076329695418854
2012-03-21 05:00:00,29.365941215981497
2012-03-21 06:00:00,115.06270761460942
2012-03-21 07:00:00,144.0449004117133
2012-03-21 08:00:00,345.89077295924
2012-03-21 09:00:00,321.87214984745594
2012-03-21 10:00:00,163.68776005734168
2012-03-21 11:00:00,151.1497234826262
2012-03-21 12:00:00,233.38872404608006
2012-03-21 13:00:00,197.78303882537918
2012-03-21 14:00:00,211.5570479273744
2012-03-21 15:00:00,225.20948813080787
2012-03-21 16:00:00,386.6504260521095
2012-03-21 17:00:00,688.2091519525734
2012-03-21 18:00:00,705.4052995830489
2012-03-21 19:00:00,536.8393394801765
2012-03-21 20:00:00,361.7525042086407
2012-03-21 21:00:00,235.27631160925029
2012-03-21 22:00:00,187.09236221038572
2012-03-21 23:00:00,114.28014130005906
2012-03-22 00:00:00,55.209220950646376
2012-03-22 01:00:00,21.8931214294822
2012-03-22 02:00:00,10.559213539768757
2012-03-22 03:00:00,6.0084262368467165
2012-03-22 04:00:00,4.792491901518553
2012-03-22 05:00:00,25.756636146843874
2012-03-22 06:00:00,130.28644475633592
2012-03-22 07:00:00,310.43967894562076
2012-03-22 08:00:00,550.424896756734
2012-03-22 09:00:00,265.22039963724893
2012-03-22 10:00:00,127.4287937649196
2012-03-22 11:00:00,126.07972175955402
2012-03-22 12:00:00,177.2614991721718
2012-03-22 13:00:00,248.55500032999453
2012-03-22 14:00:00,222.67033302468417
2012-03-22 15:00:00,264.5300579230137
2012-03-22 16:00:00,379.99521334716405
2012-03-22 17:00:00,757.4895414681439
2012-03-22 18:00:00,764.9471023273295
2012-03-22 19:00:00,538.4749197970824
2012-03-22 20:00:00,396.2187964554992
2012-03-22 21:00:00,268.4845878167166
2012-03-22 22:00:00,192.03398609794303
2012-03-22 23:00:00,125.92312882129974
2012-03-23 00:00:00,72.1941076798097
2012-03-23 01:00:00,33.77395228910214
2012-03-23 02:00:00,12.545112070290132
2012-03-23 03:00:00,7.816978920683698
2012-03-23 04:00:00,6.2101306053380565
2012-03-23 05:00:00,28.838371820234748
2012-03-23 06:00:00,123.45592238414567
2012-03-23 07:00:00,318.2120206288744
2012-03-23 08:00:00,520.4110971289056
2012-03-23 09:00:00,313.41266540040147
2012-03-23 10:00:00,177.02750854210524
2012-03-23 11:00:00,254.68604635217423
2012-03-23 12:00:00,340.4724872601149
2012-03-23 13:00:00,373.31498387271847
2012-03-23 14:00:00,351.27478238091123
2012-03-23 15:00:00,363.6935031922864
2012-03-23 16:00:00,506.47182893781195
2012-03-23 17:00:00,785.5866223051866
2012-03-23 18:00:00,682.9747887357088
2012-03-23 19:00:00,487.15794102504685
2012-03-23 20:00:00,357.38745019786904
2012-03-23 21:00:00,282.3156795743157
2012-03-23 22:00:00,236.2387382968382
2012-03-23 23:00:00,195.97473030536082
2012-03-24 00:00:00,145.20076258104783
2012-03-24 01:00:00,98.57858180155013
2012-03-24 02:00:00,71.31428770264384
2012-03-24 03:00:00,31.339851789995432
2012-03-24 04:00:00,10.75034589951851
2012-03-24 05:00:00,11.549088953564542
2012-03-24 06:00:00,31.41106030567299
2012-03-24 07:00:00,57.69155466510391
2012-03-24 08:00:00,134.17568844147024
2012-03-24 09:00:00,223.43514087298306
2012-03-24 10:00:00,300.96606537215274
2012-03-24 11:00:00,288.38557071026776
2012-03-24 12:00:00,249.12379221149482
2012-03-24 13:00:00,240.40839143512935
2012-03-24 14:00:00,217.36722636169443
2012-03-24 15:00:00,176.34829445512298
2012-03-24 16:00:00,149.44295394551347
2012-03-24 17:00:00,139.8709827473041
2012-03-24 18:00:00,136.85507723190332
2012-03-24 19:00:00,142.66190053341316
2012-03-24 20:00:00,99.14842002580086
2012-03-24 21:00:00,85.72306905802307
2012-03-24 22:00:00,77.03211257463593
2012-03-24 23:00:00,92.95441157043919
2012-03-25 00:00:00,74.21551479453609
2012-03-25 01:00:00,64.60342340384787
2012-03-25 02:00:00,40.37027976661438
2012-03-25 03:00:00,18.401365547940088
2012-03-25 04:00:00,9.409749720530726
2012-03-25 05:00:00,9.566187769119127
2012-03-25 06:00:00,18.652177410157478
2012-03-25 07:00:00,35.03684873142481
2012-03-25 08:00:00,95.96445954774921
2012-03-25 09:00:00,132.26324153579827
2012-03-25 10:00:00,236.09892919141785
2012-03-25 11:00:00,255.8356083498912
2012-03-25 12:00:00,312.7818614505253
2012-03-25 13:00:00,393.3281621306335
2012-03-25 14:00:00,353.2229893703724
2012-03-25 15:00:00,359.8123587590072
2012-03-25 16:00:00,428.4670851086822
2012-03-25 17:00:00,436.9083670545764
2012-03-25 18:00:00,367.94455829329047
2012-03-25 19:00:00,316.11921873323183
2012-03-25 20:00:00,220.47960375513927
2012-03-25 21:00:00,157.83781901813705
2012-03-25 22:00:00,112.77294705657785
2012-03-25 23:00:00,83.2104810793445
2012-03-26 00:00:00,36.11228159876822
2012-03-26 01:00:00,14.088631629277815
2012-03-26 02:00:00,7.544033744352213
2012-03-26 03:00:00,4.628988535851166
2012-03-26 04:00:00,5.30245920356001
2012-03-26 05:00:00,27.94469757428136
2012-03-26 06:00:00,125.54964643232387
2012-03-26 07:00:00,429.7229269039441
2012-03-26 08:00:00,654.3412737375247
2012-03-26 09:00:00,303.86032773613726
2012-03-26 10:00:00,181.37774769484597
2012-03-26 11:00:00,215.7842453876221
2012-03-26 12:00:00,269.1831464279705
2012-03-26 13:00:00,254.1939778025572
2012-03-26 14:00:00,246.50934330864874
2012-03-26 15:00:00,260.21326236794647
2012-03-26 16:00:00,354.4047077950036
2012-03-26 17:00:00,610.81709932493
2012-03-26 18:00:00,590.7900376964496
2012-03-26 19:00:00,402.0948719792732
2012-03-26 20:00:00,270.22251947606594
2012-03-26 21:00:00,196.85434213495904
2012-03-26 22:00:00,129.083298874814
2012-03-26 23:00:00,65.46361481484001
2012-03-27 00:00:00,29.673240143573796
2012-03-27 01:00:00,9.416304032086298
2012-03-27 02:00:00,4.903008822539402
2012-03-27 03:00:00,3.1576937964620226
2012-03-27 04:00:00,3.025208923234282
2012-03-27 05:00:00,21.073532053300063
2012-03-27 06:00:00,96.24788155461744
2012-03-27 07:00:00,300.32527763656714
2012-03-27 08:00:00,510.3095014739426
2012-03-27 09:00:00,270.8104727122494
2012-03-27 10:00:00,150.06519950074957
2012-03-27 11:00:00,166.3457663790452
2012-03-27 12:00:00,216.67817416191764
2012-03-27 13:00:00,227.1594294241678
2012-03-27 14:00:00,204.43669247996874
2012-03-27 15:00:00,247.9834772639934
2012-03-27 16:00:00,353.88381561816385
2012-03-27 17:00:00,627.5831143664484
2012-03-27 18:00:00,561.7323188020731
2012-03-27 19:00:00,429.86498528177276
2012-03-27 20:00:00,304.4890706101761
2012-03-27 21:00:00,197.1509433771571
2012-03-27 22:00:00,138.267780258337
2012-03-27 23:00:00,75.51676381097012
2012-03-28 00:00:00,31.28641235923132
2012-03-28 01:00:00,10.858336157465779
2012-03-28 02:00:00,4.291455351974596
2012-03-28 03:00:00,3.5645362481910894
2012-03-28 04:00:00,2.420457992899799
2012-03-28 05:00:00,27.45313830935637
2012-03-28 06:00:00,119.4022873713632
2012-03-28 07:00:00,337.80309829344316
2012-03-28 08:00:00,624.8038985611952
2012-03-28 09:00:00,324.79697934849025
2012-03-28 10:00:00,180.75672289964518
2012-03-28 11:00:00,218.0686215368595
2012-03-28 12:00:00,278.5748494530946
2012-03-28 13:00:00,284.9122626677926
2012-03-28 14:00:00,261.42578512687044
2012-03-28 15:00:00,273.9899269588528
2012-03-28 16:00:00,309.19678945782624
2012-03-28 17:00:00,771.4675119421089
2012-03-28 18:00:00,775.8803227471102
2012-03-28 19:00:00,542.9852453015894
2012-03-28 20:00:00,419.85248746394615
2012-03-28 21:00:00,285.73034796496535
2012-03-28 22:00:00,215.99483379728372
2012-03-28 23:00:00,124.49704910714877
2012-03-29 00:00:00,50.028580880348855
2012-03-29 01:00:00,19.25345862780138
2012-03-29 02:00:00,8.779189326084744
2012-03-29 03:00:00,4.32544877112649
2012-03-29 04:00:00,4.6614421626388625
2012-03-29 05:00:00,31.413654119709182
2012-03-29 06:00:00,143.80748871757146
2012-03-29 07:00:00,398.7407080901418
2012-03-29 08:00:00,640.9328001984702
2012-03-29 09:00:00,334.216561971117
2012-03-29 10:00:00,174.69581436570144
2012-03-29 11:00:00,226.53383466579982
2012-03-29 12:00:00,266.68815346976857
2012-03-29 13:00:00,242.43218581201901
2012-03-29 14:00:00,235.73607203825082
2012-03-29 15:00:00,272.1909445791418
2012-03-29 16:00:00,404.48169463424944
2012-03-29 17:00:00,712.4111928116099
2012-03-29 18:00:00,692.3286269044086
2012-03-29 19:00:00,471.8410275558495
2012-03-29 20:00:00,318.5199307736531
2012-03-29 21:00:00,215.3128677709459
2012-03-29 22:00:00,152.74862438486466
2012-03-29 23:00:00,92.29484282320426
2012-03-30 00:00:00,56.02935269985649
2012-03-30 01:00:00,28.270451048393486
2012-03-30 02:00:00,11.212982788462629
2012-03-30 03:00:00,8.950512801529682
2012-03-30 04:00:00,6.385307668611592
2012-03-30 05:00:00,26.627462645939033
2012-03-30 06:00:00,98.46376153848323
2012-03-30 07:00:00,293.09183793133377
2012-03-30 08:00:00,606.8524461350618
2012-03-30 09:00:00,337.5438093168727
2012-03-30 10:00:00,182.70756886000504
2012-03-30 11:00:00,210.69031715992685
2012-03-30 12:00:00,270.0457350650398
2012-03-30 13:00:00,206.2359719933188
2012-03-30 14:00:00,189.87938096144677
2012-03-30 15:00:00,212.1878603796674
2012-03-30 16:00:00,211.7560499606928
2012-03-30 17:00:00,563.129256435876
2012-03-30 18:00:00,529.7118731233592
2012-03-30 19:00:00,390.7497216905359
2012-03-30 20:00:00,251.94542084173102
2012-03-30 21:00:00,190.0652598415304
2012-03-30 22:00:00,161.1957855017364
2012-03-30 23:00:00,122.81029128238475
2012-03-31 00:00:00,93.97339974456561
2012-03-31 01:00:00,70.81776232997605
2012-03-31 02:00:00,54.03738546391509
2012-03-31 03:00:00,25.997757973467035
2012-03-31 04:00:00,8.475053206017495
2012-03-31 05:00:00,10.983294079509118
2012-03-31 06:00:00,24.697085872862427
2012-03-31 07:00:00,46.23866578974754
2012-03-31 08:00:00,119.95950185214423
2012-03-31 09:00:00,207.04914120400025
2012-03-31 10:00:00,317.9300323346114
2012-03-31 11:00:00,447.2888405641991
2012-03-31 12:00:00,498.9710490955433
2012-03-31 13:00:00,552.0393899473668
2012-03-31 14:00:00,496.29483017239744
2012-03-31 15:00:00,520.0853378376514
2012-03-31 16:00:00,470.33910732719926
2012-03-31 17:00:00,430.51779839163436
2012-03-31 18:00:00,318.90429070151214
2012-03-31 19:00:00,301.10869689517364
2012-03-31 20:00:00,177.85351809169953
2012-03-31 21:00:00,156.675150502714
2012-03-31 22:00:00,135.54875699243357
2012-03-31 23:00:00,93.30267222486037
2012-04-20 00:00:00,66.9104469698243
2012-04-20 01:00:00,36.58115148774918
2012-04-20 02:00:00,12.689600828782844
2012-04-20 03:00:00,8.17965993066191
2012-04-20 04:00:00,7.067548262753416
2012-04-20 05:00:00,28.365117010078965
2012-04-20 06:00:00,130.68664223751142
2012-04-20 07:00:00,324.1724800004949
2012-04-20 08:00:00,561.0313003446013
2012-04-20 09:00:00,324.4632284591284
2012-04-20 10:00:00,204.7623906456551
2012-04-20 11:00:00,266.3191841035736
2012-04-20 12:00:00,367.7082946352973
2012-04-20 13:00:00,383.1722676367566
2012-04-20 14:00:00,352.158265641499
2012-04-20 15:00:00,386.83569520518387
2012-04-20 16:00:00,517.6163408188088
2012-04-20 17:00:00,752.8386177662999
2012-04-20 18:00:00,640.9555599971403
2012-04-20 19:00:00,486.4152027766224
2012-04-20 20:00:00,340.68842398704646
2012-04-20 21:00:00,258.4636696251218
2012-04-20 22:00:00,216.20356859893465
2012-04-20 23:00:00,174.44522096048553
2012-04-21 00:00:00,127.29031323125292
2012-04-21 01:00:00,100.71993467379093
2012-04-21 02:00:00,68.5279778214209
2012-04-21 03:00:00,32.10618926610718
2012-04-21 04:00:00,11.306097229825687
2012-04-21 05:00:00,12.84732608194773
2012-04-21 06:00:00,32.65029536680827
2012-04-21 07:00:00,71.36162097577822
2012-04-21 08:00:00,180.80990213127387
2012-04-21 09:00:00,278.6352419763
2012-04-21 10:00:00,430.27038360122367
2012-04-21 11:00:00,505.51247568521455
2012-04-21 12:00:00,566.3656823217158
2012-04-21 13:00:00,609.1363777828757
2012-04-21 14:00:00,584.8539013605097
2012-04-21 15:00:00,611.5068897036977
2012-04-21 16:00:00,586.983769010963
2012-04-21 17:00:00,565.7881471750808
2012-04-21 18:00:00,461.8364535153399
2012-04-21 19:00:00,220.64001926028493
2012-04-21 20:00:00,95.213198432709
2012-04-21 21:00:00,85.89357552693555
2012-04-21 22:00:00,155.56423462183437
2012-04-21 23:00:00,105.06189629698372
2012-04-22 00:00:00,97.13718396393728
2012-04-22 01:00:00,79.78592544500603
2012-04-22 02:00:00,63.6061071688757
2012-04-22 03:00:00,29.63842877214486
2012-04-22 04:00:00,10.707608312309976
2012-04-22 05:00:00,11.667353503556459
2012-04-22 06:00:00,26.104668358155433
2012-04-22 07:00:00,37.886986487996026
2012-04-22 08:00:00,82.2725208728561
2012-04-22 09:00:00,101.59717361779899
2012-04-22 10:00:00,144.772681195172
2012-04-22 11:00:00,165.52530142895128
2012-04-22 12:00:00,195.27599214524656
2012-04-22 13:00:00,201.99116355797722
2012-04-22 14:00:00,187.3844610069882
2012-04-22 15:00:00,198.0331796364587
2012-04-22 16:00:00,157.47487451947583
2012-04-22 17:00:00,125.60947195835949
2012-04-22 18:00:00,112.58853698884946
2012-04-22 19:00:00,98.9178771751456
2012-04-22 20:00:00,89.89510474160744
2012-04-22 21:00:00,73.07738943274832
2012-04-22 22:00:00,55.270669066621394
2012-04-22 23:00:00,54.0264003843509
2012-04-23 00:00:00,20.99987122013395
2012-04-23 01:00:00,8.30923724715752
2012-04-23 02:00:00,4.799209712527189
2012-04-23 03:00:00,3.29646596089379
2012-04-23 04:00:00,3.8606456207111854
2012-04-23 05:00:00,20.10470843673539
2012-04-23 06:00:00,101.82689183635841
2012-04-23 07:00:00,152.73676252161076
2012-04-23 08:00:00,534.1428132320463
2012-04-23 09:00:00,264.63233330315745
2012-04-23 10:00:00,138.30750980889897
2012-04-23 11:00:00,141.59497004891094
2012-04-23 12:00:00,131.98758559815886
2012-04-23 13:00:00,126.5927440286405
2012-04-23 14:00:00,117.03673668761172
2012-04-23 15:00:00,177.84744628088094
2012-04-23 16:00:00,130.4266073315729
2012-04-23 17:00:00,224.0993137710645
2012-04-23 18:00:00,289.90318949552386
2012-04-23 19:00:00,325.61866998506565
2012-04-23 20:00:00,239.90643913942887
2012-04-23 21:00:00,148.9909042749008
2012-04-23 22:00:00,115.73768240367194
2012-04-23 23:00:00,74.5952427979014
2012-04-24 00:00:00,27.798261363298405
2012-04-24 01:00:00,13.079511276940003
2012-04-24 02:00:00,4.685710831481437
2012-04-24 03:00:00,3.296149451057342
2012-04-24 04:00:00,2.2678564951900047
2012-04-24 05:00:00,25.23979440703975
2012-04-24 06:00:00,104.6286657978466
2012-04-24 07:00:00,343.1767980108271
2012-04-24 08:00:00,607.560479430698
2012-04-24 09:00:00,310.177702062884
2012-04-24 10:00:00,179.42817701986493
2012-04-24 11:00:00,214.6553488147564
2012-04-24 12:00:00,266.9638667192691
2012-04-24 13:00:00,258.7404204474979
2012-04-24 14:00:00,241.51681039502574
2012-04-24 15:00:00,269.43643757832757
2012-04-24 16:00:00,403.9075118592627
2012-04-24 17:00:00,688.4264376216856
2012-04-24 18:00:00,669.6716316883386
2012-04-24 19:00:00,494.13626836800375
2012-04-24 20:00:00,314.0555116697786
2012-04-24 21:00:00,220.85408557070886
2012-04-24 22:00:00,158.89198961044622
2012-04-24 23:00:00,85.06437081700466
2012-04-25 00:00:00,36.78989641752446
2012-04-25 01:00:00,12.091316324656322
2012-04-25 02:00:00,5.320258008399643
2012-04-25 03:00:00,2.8053338613405807
2012-04-25 04:00:00,1.811235178670099
2012-04-25 05:00:00,28.689980010893997
2012-04-25 06:00:00,114.91636358820804
2012-04-25 07:00:00,360.8936626862035
2012-04-25 08:00:00,624.5701630608836
2012-04-25 09:00:00,337.87296192331996
2012-04-25 10:00:00,194.97742291833282
2012-04-25 11:00:00,235.20657699332375
2012-04-25 12:00:00,284.58645478282676
2012-04-25 13:00:00,280.0040579642622
2012-04-25 14:00:00,249.64053306699284
2012-04-25 15:00:00,288.4051545630594
2012-04-25 16:00:00,394.96848176626094
2012-04-25 17:00:00,756.1791610522121
2012-04-25 18:00:00,761.1071987347577
2012-04-25 19:00:00,536.6607839145432
2012-04-25 20:00:00,386.1132695515972
2012-04-25 21:00:00,270.0310665363642
2012-04-25 22:00:00,191.21283678592937
2012-04-25 23:00:00,111.95452617163093
2012-04-26 00:00:00,45.1129891577983
2012-04-26 01:00:00,15.751441386344645
2012-04-26 02:00:00,7.837546880124101
2012-04-26 03:00:00,4.801003416287429
2012-04-26 04:00:00,5.359533028989382
2012-04-26 05:00:00,29.68136063999147
2012-04-26 06:00:00,136.91422818034164
2012-04-26 07:00:00,187.66244586734453
2012-04-26 08:00:00,477.42689146784323
2012-04-26 09:00:00,140.48464437968852
2012-04-26 10:00:00,137.33305427944987
2012-04-26 11:00:00,135.13416165020314
2012-04-26 12:00:00,201.20846104570143
2012-04-26 13:00:00,178.68308907581775
2012-04-26 14:00:00,208.19964173517656
2012-04-26 15:00:00,181.54911800178476
2012-04-26 16:00:00,290.3625697920418
2012-04-26 17:00:00,653.7859413787485
2012-04-26 18:00:00,606.2389308594155
2012-04-26 19:00:00,432.99244512950185
2012-04-26 20:00:00,364.254768754837
2012-04-26 21:00:00,229.53925631205757
2012-04-26 22:00:00,191.5482196867213
2012-04-26 23:00:00,111.61751789486739
2012-04-27 00:00:00,72.58117418872315
2012-04-27 01:00:00,35.34658196096738
2012-04-27 02:00:00,15.340912566841864
2012-04-27 03:00:00,9.213368724731959
2012-04-27 04:00:00,6.89377823742318
2012-04-27 05:00:00,26.053927113997606
2012-04-27 06:00:00,110.1519241955836
2012-04-27 07:00:00,304.22038803424533
2012-04-27 08:00:00,592.729118820381
2012-04-27 09:00:00,336.14575228415606
2012-04-27 10:00:00,209.2245208443868
2012-04-27 11:00:00,247.92483319461672
2012-04-27 12:00:00,333.276406792941
2012-04-27 13:00:00,364.40089652771417
2012-04-27 14:00:00,324.8505738374919
2012-04-27 15:00:00,408.72022309509964
2012-04-27 16:00:00,463.30389807984864
2012-04-27 17:00:00,673.065404210334
2012-04-27 18:00:00,585.838277229351
2012-04-27 19:00:00,436.44932084135854
2012-04-27 20:00:00,268.68561414774763
2012-04-27 21:00:00,193.87091093827235
2012-04-27 22:00:00,164.5634564945197
2012-04-27 23:00:00,118.37136014965833
2012-04-28 00:00:00,100.46130159309337
2012-04-28 01:00:00,71.96708841024193
2012-04-28 02:00:00,48.04724735216499
2012-04-28 03:00:00,23.975971531041196
2012-04-28 04:00:00,8.359948910503293
2012-04-28 05:00:00,7.63293688845725
2012-04-28 06:00:00,22.968502125925507
2012-04-28 07:00:00,55.76867404928475
2012-04-28 08:00:00,143.5866687572999
2012-04-28 09:00:00,230.93051364007368
2012-04-28 10:00:00,319.77513467018383
2012-04-28 11:00:00,403.4072390761648
2012-04-28 12:00:00,443.3053328478471
2012-04-28 13:00:00,474.9169476278254
2012-04-28 14:00:00,514.3931138177023
2012-04-28 15:00:00,505.2315888834456
2012-04-28 16:00:00,483.50162768170884
2012-04-28 17:00:00,412.1697159940571
2012-04-28 18:00:00,237.49920482169324
2012-04-28 19:00:00,170.6494758573001
2012-04-28 20:00:00,193.37400499993905
2012-04-28 21:00:00,108.38195776485063
2012-04-28 22:00:00,136.59226746933544
2012-04-28 23:00:00,112.40122778379767
2012-04-29 00:00:00,64.81780667277053
2012-04-29 01:00:00,74.86633571910893
2012-04-29 02:00:00,63.86209940803875
2012-04-29 03:00:00,28.98819112596417
2012-04-29 04:00:00,10.797236775339641
2012-04-29 05:00:00,11.787332859757008
2012-04-29 06:00:00,21.260310972608522
2012-04-29 07:00:00,44.47924829401979
2012-04-29 08:00:00,119.44321474799789
2012-04-29 09:00:00,203.01738063632433
2012-04-29 10:00:00,351.4532284346369
2012-04-29 11:00:00,453.7735798122928
2012-04-29 12:00:00,562.0300330001633
2012-04-29 13:00:00,576.0154732719003
2012-04-29 14:00:00,571.2757992845811
2012-04-29 15:00:00,584.0498793966544
2012-04-29 16:00:00,552.4132482598033
2012-04-29 17:00:00,461.122361503832
2012-04-29 18:00:00,405.5822810652744
2012-04-29 19:00:00,394.8382515433975
2012-04-29 20:00:00,275.86496303293836
2012-04-29 21:00:00,179.156614884238
2012-04-29 22:00:00,134.81567712073982
2012-04-29 23:00:00,96.79280632557877
2012-04-30 00:00:00,38.748705775989755
2012-04-30 01:00:00,15.151508296434407
2012-04-30 02:00:00,6.6147232327043355
2012-04-30 03:00:00,3.983278416515174
2012-04-30 04:00:00,3.044898548089463
2012-04-30 05:00:00,23.811316118104898
2012-04-30 06:00:00,110.45812700517325
2012-04-30 07:00:00,365.18741662156367
2012-04-30 08:00:00,592.296974503443
2012-04-30 09:00:00,311.29189790619193
2012-04-30 10:00:00,166.74798519915402
2012-04-30 11:00:00,193.78692579287093
2012-04-30 12:00:00,233.45228688452988
2012-04-30 13:00:00,239.4151278882735
2012-04-30 14:00:00,233.14557018476248
2012-04-30 15:00:00,259.79837087975466
2012-04-30 16:00:00,384.55492257542664
2012-04-30 17:00:00,724.8915041931833
2012-04-30 18:00:00,689.3154744419479
2012-04-30 19:00:00,466.53936356156396
2012-04-30 20:00:00,313.66554366285544
2012-04-30 21:00:00,241.62369159983717
2012-04-30 22:00:00,164.8704482768199
2012-04-30 23:00:00,92.78117736028665
2012-05-20 00:00:00,154.01344779131108
2012-05-20 01:00:00,103.57644345524339
2012-05-20 02:00:00,71.52406128922794
2012-05-20 03:00:00,34.78039650332534
2012-05-20 04:00:00,13.016864145864634
2012-05-20 05:00:00,12.269776825625048
2012-05-20 06:00:00,19.479558437670747
2012-05-20 07:00:00,58.077531003070476
2012-05-20 08:00:00,145.19148165911102
2012-05-20 09:00:00,273.42139532487766
2012-05-20 10:00:00,409.9410989298034
2012-05-20 11:00:00,514.0759288607517
2012-05-20 12:00:00,637.8158169615087
2012-05-20 13:00:00,659.2077301936171
2012-05-20 14:00:00,614.7647990233128
2012-05-20 15:00:00,574.784221980549
2012-05-20 16:00:00,579.207857528206
2012-05-20 17:00:00,534.6597655917366
2012-05-20 18:00:00,432.8976871411204
2012-05-20 19:00:00,347.0290655599604
2012-05-20 20:00:00,277.5619734549149
2012-05-20 21:00:00,200.81121927073343
2012-05-20 22:00:00,159.09642473013912
2012-05-20 23:00:00,80.4889725934542
2012-05-21 00:00:00,23.530000685805962
2012-05-21 01:00:00,9.811114912110115
2012-05-21 02:00:00,5.0498305447732905
2012-05-21 03:00:00,4.105436060771952
2012-05-21 04:00:00,3.963057644951743
2012-05-21 05:00:00,20.00752494272399
2012-05-21 06:00:00,56.43139125966194
2012-05-21 07:00:00,171.42526008906756
2012-05-21 08:00:00,212.13602587701666
2012-05-21 09:00:00,136.89737590960686
2012-05-21 10:00:00,80.90888892337478
2012-05-21 11:00:00,148.91853641317547
2012-05-21 12:00:00,185.46885344011096
2012-05-21 13:00:00,104.59688755994713
2012-05-21 14:00:00,104.16737409111616
2012-05-21 15:00:00,213.39945050529496
2012-05-21 16:00:00,350.14437226941595
2012-05-21 17:00:00,699.6764472449386
2012-05-21 18:00:00,711.0352426263917
2012-05-21 19:00:00,503.6462990798897
2012-05-21 20:00:00,368.63091450552906
2012-05-21 21:00:00,273.79164608587905
2012-05-21 22:00:00,169.33671266496788
2012-05-21 23:00:00,102.39498669324584
2012-05-22 00:00:00,37.54403688162059
2012-05-22 01:00:00,16.836871419710388
2012-05-22 02:00:00,6.814842971072164
2012-05-22 03:00:00,6.334780216740353
2012-05-22 04:00:00,5.178052322671593
2012-05-22 05:00:00,22.38003922063126
2012-05-22 06:00:00,65.14337958937438
2012-05-22 07:00:00,187.8910460327029
2012-05-22 08:00:00,525.8816665512643
2012-05-22 09:00:00,325.37428166671356
2012-05-22 10:00:00,175.6363998506452
2012-05-22 11:00:00,195.44794745528316
2012-05-22 12:00:00,223.93859270888527
2012-05-22 13:00:00,226.33346465444228
2012-05-22 14:00:00,207.841483190632
2012-05-22 15:00:00,276.45351805469477
2012-05-22 16:00:00,400.69375219156626
2012-05-22 17:00:00,759.4416857539214
2012-05-22 18:00:00,728.6756466728182
2012-05-22 19:00:00,509.0626831422593
2012-05-22 20:00:00,374.7201389315844
2012-05-22 21:00:00,265.02341697629686
2012-05-22 22:00:00,206.9670071648204
2012-05-22 23:00:00,117.88978935776542
2012-05-23 00:00:00,48.69404066652051
2012-05-23 01:00:00,19.601575815057583
2012-05-23 02:00:00,7.744207781847765
2012-05-23 03:00:00,6.583290886032834
2012-05-23 04:00:00,5.110299078049007
2012-05-23 05:00:00,21.0510174997571
2012-05-23 06:00:00,151.61408111033575
2012-05-23 07:00:00,453.43063039853246
2012-05-23 08:00:00,645.1030856805238
2012-05-23 09:00:00,332.29358525479154
2012-05-23 10:00:00,185.0191695599506
2012-05-23 11:00:00,221.67618082319834
2012-05-23 12:00:00,280.87040564560107
2012-05-23 13:00:00,223.72392405534004
2012-05-23 14:00:00,240.45934358497513
2012-05-23 15:00:00,272.69983219101715
2012-05-23 16:00:00,323.6108269304907
2012-05-23 17:00:00,561.171841785434
2012-05-23 18:00:00,588.0186620989808
2012-05-23 19:00:00,385.0725660677142
2012-05-23 20:00:00,298.1578853718263
2012-05-23 21:00:00,211.6384083070887
2012-05-23 22:00:00,180.20087918523848
2012-05-23 23:00:00,118.69363498186982
2012-05-24 00:00:00,60.535331108196154
2012-05-24 01:00:00,21.63959652978034
2012-05-24 02:00:00,9.638014667461366
2012-05-24 03:00:00,5.922241842561046
2012-05-24 04:00:00,5.709963784166103
2012-05-24 05:00:00,31.74696239887896
2012-05-24 06:00:00,144.21435480639224
2012-05-24 07:00:00,470.58621201938377
2012-05-24 08:00:00,679.3469463882655
2012-05-24 09:00:00,340.6329469795699
2012-05-24 10:00:00,193.09571426877775
2012-05-24 11:00:00,232.85826872681648
2012-05-24 12:00:00,299.6822615929007
2012-05-24 13:00:00,287.6274467700455
2012-05-24 14:00:00,249.0314992352118
2012-05-24 15:00:00,294.25216167626235
2012-05-24 16:00:00,395.73340367753025
2012-05-24 17:00:00,805.4086887387032
2012-05-24 18:00:00,755.2077197116432
2012-05-24 19:00:00,555.0845804586213
2012-05-24 20:00:00,351.4474569604478
2012-05-24 21:00:00,122.59856173275672
2012-05-24 22:00:00,199.79276856614072
2012-05-24 23:00:00,129.57500451354431
2012-05-25 00:00:00,79.70169882364415
2012-05-25 01:00:00,40.578061800493735
2012-05-25 02:00:00,11.825560001204654
2012-05-25 03:00:00,5.748524072157856
2012-05-25 04:00:00,6.557550193105739
2012-05-25 05:00:00,36.10939476021825
2012-05-25 06:00:00,128.4193812429075
2012-05-25 07:00:00,393.08653140418215
2012-05-25 08:00:00,621.2265276977
2012-05-25 09:00:00,296.05801135542396
2012-05-25 10:00:00,211.51672921756588
2012-05-25 11:00:00,254.03542084119903
2012-05-25 12:00:00,337.1737127815332
2012-05-25 13:00:00,351.5401634652931
2012-05-25 14:00:00,338.77502945492324
2012-05-25 15:00:00,350.50590979780236
2012-05-25 16:00:00,485.05028868485954
2012-05-25 17:00:00,725.8836103041751
2012-05-25 18:00:00,681.2904178837928
2012-05-25 19:00:00,501.87675368678015
2012-05-25 20:00:00,362.1483656780432
2012-05-25 21:00:00,290.8781640334479
2012-05-25 22:00:00,251.7623226757516
2012-05-25 23:00:00,190.2524627920418
2012-05-26 00:00:00,144.42714163612686
2012-05-26 01:00:00,101.85162069779504
2012-05-26 02:00:00,70.13208110598949
2012-05-26 03:00:00,30.308456430604814
2012-05-26 04:00:00,9.67335997549607
2012-05-26 05:00:00,12.83197319701916
2012-05-26 06:00:00,33.94398627622698
2012-05-26 07:00:00,57.01793964695578
2012-05-26 08:00:00,184.6547296386099
2012-05-26 09:00:00,255.9179391798705
2012-05-26 10:00:00,365.19715682981325
2012-05-26 11:00:00,460.0754980564192
2012-05-26 12:00:00,516.3035240324265
2012-05-26 13:00:00,528.4459488563995
2012-05-26 14:00:00,521.2379013440179
2012-05-26 15:00:00,504.0412090138846
2012-05-26 16:00:00,541.1895927004375
2012-05-26 17:00:00,514.0699337289344
2012-05-26 18:00:00,492.31801330868956
2012-05-26 19:00:00,389.762232517543
2012-05-26 20:00:00,299.75513402968267
2012-05-26 21:00:00,250.99204657844746
2012-05-26 22:00:00,222.0976041127327
2012-05-26 23:00:00,158.98131963516673
2012-05-27 00:00:00,124.44569643724257
2012-05-27 01:00:00,105.64612541727014
2012-05-27 02:00:00,76.42417401626241
2012-05-27 03:00:00,33.77964203498973
2012-05-27 04:00:00,9.82150353327443
2012-05-27 05:00:00,13.10496773768084
2012-05-27 06:00:00,22.97401552365852
2012-05-27 07:00:00,55.67490280149478
2012-05-27 08:00:00,157.68293122583856
2012-05-27 09:00:00,225.09511323652572
2012-05-27 10:00:00,363.9921496601029
2012-05-27 11:00:00,449.6365193345547
2012-05-27 12:00:00,500.85676097817145
2012-05-27 13:00:00,544.5499860938233
2012-05-27 14:00:00,538.7737429201125
2012-05-27 15:00:00,515.5220988283215
2012-05-27 16:00:00,517.7001476954754
2012-05-27 17:00:00,484.73206144242124
2012-05-27 18:00:00,442.69095253451684
2012-05-27 19:00:00,350.402561143974
2012-05-27 20:00:00,305.9656018935208
2012-05-27 21:00:00,131.99476836244028
2012-05-27 22:00:00,111.17092710131004
2012-05-27 23:00:00,89.95421340099163
2012-05-28 00:00:00,79.4781488568253
2012-05-28 01:00:00,45.05802349850235
2012-05-28 02:00:00,26.781026052261836
2012-05-28 03:00:00,14.906914495528833
2012-05-28 04:00:00,8.376385546298387
2012-05-28 05:00:00,15.718129350127457
2012-05-28 06:00:00,54.744850808672616
2012-05-28 07:00:00,102.59260904563735
2012-05-28 08:00:00,218.04106144186173
2012-05-28 09:00:00,295.80057916914177
2012-05-28 10:00:00,334.97409612779916
2012-05-28 11:00:00,349.697570333296
2012-05-28 12:00:00,395.1510431682154
2012-05-28 13:00:00,369.75022840230724
2012-05-28 14:00:00,378.88060395533296
2012-05-28 15:00:00,334.14765212023997
2012-05-28 16:00:00,384.31577055751234
2012-05-28 17:00:00,526.489655169138
2012-05-28 18:00:00,478.735231855746
2012-05-28 19:00:00,408.810202647659
2012-05-28 20:00:00,325.71952080864526
2012-05-28 21:00:00,262.4047728885131
2012-05-28 22:00:00,214.0112950915503
2012-05-28 23:00:00,123.73750403616222
2012-05-29 00:00:00,44.30079015752476
2012-05-29 01:00:00,16.83922608028978
2012-05-29 02:00:00,6.184746544816071
2012-05-29 03:00:00,5.225278452657561
2012-05-29 04:00:00,6.46011852704606
2012-05-29 05:00:00,33.48278357141471
2012-05-29 06:00:00,159.1466472547616
2012-05-29 07:00:00,465.30513741561776
2012-05-29 08:00:00,653.2815958498601
2012-05-29 09:00:00,318.6778485396437
2012-05-29 10:00:00,184.72279898365656
2012-05-29 11:00:00,218.50418365172953
2012-05-29 12:00:00,275.7800484269511
2012-05-29 13:00:00,266.99872279762707
2012-05-29 14:00:00,250.9226782072003
2012-05-29 15:00:00,272.17911769932266
2012-05-29 16:00:00,389.58892043437976
2012-05-29 17:00:00,770.812414686189
2012-05-29 18:00:00,738.793514372917
2012-05-29 19:00:00,536.0895433419521
2012-05-29 20:00:00,276.734215262445
2012-05-29 21:00:00,107.78721630902018
2012-05-29 22:00:00,161.35226725078888
2012-05-29 23:00:00,78.98954496839225
2012-05-30 00:00:00,36.96558567207431
2012-05-30 01:00:00,12.43850212918733
2012-05-30 02:00:00,5.270557523971427
2012-05-30 03:00:00,3.768532871749031
2012-05-30 04:00:00,5.723265113610854
2012-05-30 05:00:00,36.31601128329079
2012-05-30 06:00:00,149.98026645485885
2012-05-30 07:00:00,245.4733219969223
2012-05-30 08:00:00,680.0798778443218
2012-05-30 09:00:00,345.21769079335775
2012-05-30 10:00:00,170.5244370592395
2012-05-30 11:00:00,224.95000973057728
2012-05-30 12:00:00,306.54437021265767
2012-05-30 13:00:00,293.0740995383812
2012-05-30 14:00:00,262.79055132509865
2012-05-30 15:00:00,287.6769479236214
2012-05-30 16:00:00,413.4282800433411
2012-05-30 17:00:00,763.1803498346254
2012-05-30 18:00:00,815.7440686168247
2012-05-30 19:00:00,537.5090555230086
2012-05-30 20:00:00,336.21369555486467
2012-05-30 21:00:00,309.9811975720189
2012-05-30 22:00:00,250.07791687375598
2012-05-30 23:00:00,136.76603469113556
2012-05-31 00:00:00,59.144141625776676
2012-05-31 01:00:00,21.86963702939814
2012-05-31 02:00:00,9.915956299502657
2012-05-31 03:00:00,5.964401853533403
2012-05-31 04:00:00,6.184842375367946
2012-05-31 05:00:00,34.47198828212501
2012-05-31 06:00:00,164.81945609757813
2012-05-31 07:00:00,485.4845924398309
2012-05-31 08:00:00,670.9123926487887
2012-05-31 09:00:00,328.59629905357946
2012-05-31 10:00:00,193.55060674543935
2012-05-31 11:00:00,237.90847637559426
2012-05-31 12:00:00,312.4148854615899
2012-05-31 13:00:00,302.37923313206926
2012-05-31 14:00:00,243.9932150076399
2012-05-31 15:00:00,288.5857402710113
2012-05-31 16:00:00,417.12936006315283
2012-05-31 17:00:00,816.9607748558426
2012-05-31 18:00:00,800.9752383946162
2012-05-31 19:00:00,552.9967937132893
2012-05-31 20:00:00,422.14960909655485
2012-05-31 21:00:00,315.080406217471
2012-05-31 22:00:00,244.05203252913583
2012-05-31 23:00:00,158.72869971763689
2012-06-20 00:00:00,46.26729045809235
2012-06-20 01:00:00,19.714214697485385
2012-06-20 02:00:00,7.430101069536547
2012-06-20 03:00:00,6.510514248515036
2012-06-20 04:00:00,6.775836231495095
2012-06-20 05:00:00,37.156462654052255
2012-06-20 06:00:00,149.20997875470448
2012-06-20 07:00:00,382.9405595841261
2012-06-20 08:00:00,651.8615961214696
2012-06-20 09:00:00,335.1143159480384
2012-06-20 10:00:00,189.7056809178024
2012-06-20 11:00:00,222.2582388079037
2012-06-20 12:00:00,272.5054221188131
2012-06-20 13:00:00,282.89174316374783
2012-06-20 14:00:00,243.95649454294892
2012-06-20 15:00:00,273.7771871047933
2012-06-20 16:00:00,414.16828390558845
2012-06-20 17:00:00,755.7052030686698
2012-06-20 18:00:00,733.2996491571483
2012-06-20 19:00:00,537.9414750815229
2012-06-20 20:00:00,424.1222659679138
2012-06-20 21:00:00,315.21432310039563
2012-06-20 22:00:00,246.3290804245111
2012-06-20 23:00:00,133.68454704477003
2012-06-21 00:00:00,66.0125351895813
2012-06-21 01:00:00,25.70114959997901
2012-06-21 02:00:00,9.296033574193732
2012-06-21 03:00:00,5.554470813583434
2012-06-21 04:00:00,7.477995310593605
2012-06-21 05:00:00,38.890976484988585
2012-06-21 06:00:00,184.0414186524401
2012-06-21 07:00:00,418.70827695839745
2012-06-21 08:00:00,693.9191240641674
2012-06-21 09:00:00,306.4414492269128
2012-06-21 10:00:00,189.367542030763
2012-06-21 11:00:00,230.71731828079265
2012-06-21 12:00:00,279.48652966772516
2012-06-21 13:00:00,269.5596428693206
2012-06-21 14:00:00,237.42162784700108
2012-06-21 15:00:00,259.88408159812906
2012-06-21 16:00:00,424.37065579497454
2012-06-21 17:00:00,759.1956665368584
2012-06-21 18:00:00,774.9697078399003
2012-06-21 19:00:00,543.0324678416184
2012-06-21 20:00:00,433.1426454317145
2012-06-21 21:00:00,331.0600880911609
2012-06-21 22:00:00,238.00676754270674
2012-06-21 23:00:00,149.13757265819353
2012-06-22 00:00:00,74.18765254510193
2012-06-22 01:00:00,38.53622217163912
2012-06-22 02:00:00,16.432712277191715
2012-06-22 03:00:00,7.8334763565986725
2012-06-22 04:00:00,8.082303796099016
2012-06-22 05:00:00,34.56591284180335
2012-06-22 06:00:00,131.30139041545323
2012-06-22 07:00:00,371.09428293637313
2012-06-22 08:00:00,631.5053879881918
2012-06-22 09:00:00,360.013429655821
2012-06-22 10:00:00,236.50924312820112
2012-06-22 11:00:00,285.7647448940391
2012-06-22 12:00:00,345.4912317634015
2012-06-22 13:00:00,356.61117907772916
2012-06-22 14:00:00,321.0858195075698
2012-06-22 15:00:00,349.77808439170377
2012-06-22 16:00:00,438.0342882382632
2012-06-22 17:00:00,803.121867244885
2012-06-22 18:00:00,676.036110588696
2012-06-22 19:00:00,464.66858015474196
2012-06-22 20:00:00,329.3873123708495
2012-06-22 21:00:00,182.25656503136204
2012-06-22 22:00:00,250.93147416559341
2012-06-22 23:00:00,166.24721364762618
2012-06-23 00:00:00,156.05811495749367
2012-06-23 01:00:00,102.019796390115
2012-06-23 02:00:00,77.572399206794
2012-06-23 03:00:00,34.132316905474376
2012-06-23 04:00:00,11.234594340827424
2012-06-23 05:00:00,10.188078661108026
2012-06-23 06:00:00,30.706145846128948
2012-06-23 07:00:00,61.05023122611118
2012-06-23 08:00:00,175.25543669007203
2012-06-23 09:00:00,283.0031982899126
2012-06-23 10:00:00,424.33820852761846
2012-06-23 11:00:00,505.75824212798113
2012-06-23 12:00:00,568.6170386249396
2012-06-23 13:00:00,576.0164832904978
2012-06-23 14:00:00,583.0729090646553
2012-06-23 15:00:00,510.0952733284339
2012-06-23 16:00:00,479.35100898817177
2012-06-23 17:00:00,472.05048254978743
2012-06-23 18:00:00,440.2996804773869
2012-06-23 19:00:00,377.1103574196645
2012-06-23 20:00:00,314.1959648265607
2012-06-23 21:00:00,262.99756517296555
2012-06-23 22:00:00,223.8928602484125
2012-06-23 23:00:00,169.40196023107868
2012-06-24 00:00:00,155.18158168847333
2012-06-24 01:00:00,115.19177936692071
2012-06-24 02:00:00,81.4420147851361
2012-06-24 03:00:00,37.893211987300994
2012-06-24 04:00:00,13.603078012595535
2012-06-24 05:00:00,12.496818414700378
2012-06-24 06:00:00,18.59497182041732
2012-06-24 07:00:00,48.59190293558174
2012-06-24 08:00:00,136.35092033348874
2012-06-24 09:00:00,248.58267309657828
2012-06-24 10:00:00,389.5738228344139
2012-06-24 11:00:00,478.47049145080007
2012-06-24 12:00:00,523.1764704804052
2012-06-24 13:00:00,544.0071818552136
2012-06-24 14:00:00,511.531717722588
2012-06-24 15:00:00,473.15905686607186
2012-06-24 16:00:00,469.46685810249863
2012-06-24 17:00:00,468.81261190802326
2012-06-24 18:00:00,478.6591605589909
2012-06-24 19:00:00,391.86187966875093
2012-06-24 20:00:00,317.74911670274037
2012-06-24 21:00:00,217.04847712489922
2012-06-24 22:00:00,171.7454981259923
2012-06-24 23:00:00,113.93431815719698
2012-06-25 00:00:00,43.18322056458444
2012-06-25 01:00:00,16.76541169539954
2012-06-25 02:00:00,10.067710117321907
2012-06-25 03:00:00,6.097860070315069
2012-06-25 04:00:00,6.878698532981024
2012-06-25 05:00:00,38.687547910042895
2012-06-25 06:00:00,153.0567528168203
2012-06-25 07:00:00,457.4915914454913
2012-06-25 08:00:00,648.8654767834464
2012-06-25 09:00:00,328.2142857628847
2012-06-25 10:00:00,192.1869340692562
2012-06-25 11:00:00,222.75234942119422
2012-06-25 12:00:00,275.0254159212797
2012-06-25 13:00:00,279.5363982460672
2012-06-25 14:00:00,246.15585846547617
2012-06-25 15:00:00,276.27018973113803
2012-06-25 16:00:00,420.0347511006057
2012-06-25 17:00:00,767.0627649680656
2012-06-25 18:00:00,762.8406769095366
2012-06-25 19:00:00,534.0102418706136
2012-06-25 20:00:00,390.5778401888898
2012-06-25 21:00:00,286.9564342123336
2012-06-25 22:00:00,182.5152468760387
2012-06-25 23:00:00,99.30578669675545
2012-06-26 00:00:00,38.88627108335878
2012-06-26 01:00:00,15.677196772194158
2012-06-26 02:00:00,8.692949573743004
2012-06-26 03:00:00,4.972445827448524
2012-06-26 04:00:00,7.073909743163537
2012-06-26 05:00:00,35.625283664320854
2012-06-26 06:00:00,142.2728527950679
2012-06-26 07:00:00,434.73786138719464
2012-06-26 08:00:00,659.0140799656735
2012-06-26 09:00:00,336.7795310399458
2012-06-26 10:00:00,195.2476319742243
2012-06-26 11:00:00,238.1683358985527
2012-06-26 12:00:00,293.49451802869487
2012-06-26 13:00:00,283.71925298364386
2012-06-26 14:00:00,255.92231786160528
2012-06-26 15:00:00,295.10790389886506
2012-06-26 16:00:00,426.4986325968939
2012-06-26 17:00:00,815.7820291464989
2012-06-26 18:00:00,781.517083803943
2012-06-26 19:00:00,553.4615003791486
2012-06-26 20:00:00,414.2610566307153
2012-06-26 21:00:00,293.8481300162984
2012-06-26 22:00:00,197.84922379090418
2012-06-26 23:00:00,115.95005529152716
2012-06-27 00:00:00,42.49495756801754
2012-06-27 01:00:00,15.848568351566268
2012-06-27 02:00:00,8.799311127398804
2012-06-27 03:00:00,4.957460971389157
2012-06-27 04:00:00,6.667559511913203
2012-06-27 05:00:00,35.88307473582158
2012-06-27 06:00:00,153.61000573624614
2012-06-27 07:00:00,443.1416891835209
2012-06-27 08:00:00,662.9338039942529
2012-06-27 09:00:00,328.01545568452485
2012-06-27 10:00:00,188.85296665024072
2012-06-27 11:00:00,225.99855853216377
2012-06-27 12:00:00,286.3964076056613
2012-06-27 13:00:00,275.6114208230544
2012-06-27 14:00:00,243.90431546715763
2012-06-27 15:00:00,277.7975720326539
2012-06-27 16:00:00,418.07195100466623
2012-06-27 17:00:00,788.1245155018058
2012-06-27 18:00:00,767.4218657614135
2012-06-27 19:00:00,560.9662286759707
2012-06-27 20:00:00,435.45345722358206
2012-06-27 21:00:00,316.05642688115216
2012-06-27 22:00:00,242.5923830466921
2012-06-27 23:00:00,144.37868724509096
2012-06-28 00:00:00,63.11651484257437
2012-06-28 01:00:00,19.832829027901298
2012-06-28 02:00:00,11.640627210401341
2012-06-28 03:00:00,5.972659734992061
2012-06-28 04:00:00,6.710610209162483
2012-06-28 05:00:00,35.773206635332095
2012-06-28 06:00:00,151.1369154926289
2012-06-28 07:00:00,472.91675105284753
2012-06-28 08:00:00,633.8406682737591
2012-06-28 09:00:00,336.4820944791949
2012-06-28 10:00:00,204.19775204672513
2012-06-28 11:00:00,235.85572158881726
2012-06-28 12:00:00,280.90463146576377
2012-06-28 13:00:00,286.92954631736495
2012-06-28 14:00:00,243.74379098338315
2012-06-28 15:00:00,269.9593153739118
2012-06-28 16:00:00,432.63705815327876
2012-06-28 17:00:00,760.7472700218016
2012-06-28 18:00:00,759.3941629053397
2012-06-28 19:00:00,530.5523465865314
2012-06-28 20:00:00,440.70593113682025
2012-06-28 21:00:00,335.42872266804704
2012-06-28 22:00:00,262.30899287610697
2012-06-28 23:00:00,155.99556030936859
2012-06-29 00:00:00,82.3874308840482
2012-06-29 01:00:00,37.7692170386597
2012-06-29 02:00:00,16.75852940660647
2012-06-29 03:00:00,7.6312607270408055
2012-06-29 04:00:00,7.617160100458715
2012-06-29 05:00:00,34.35309948525557
2012-06-29 06:00:00,131.86212278051244
2012-06-29 07:00:00,385.36883862029356
2012-06-29 08:00:00,661.134541579534
2012-06-29 09:00:00,361.94273539428366
2012-06-29 10:00:00,232.73861893498292
2012-06-29 11:00:00,266.6537182213399
2012-06-29 12:00:00,340.30257570675707
2012-06-29 13:00:00,328.31754225343764
2012-06-29 14:00:00,305.70721152503364
2012-06-29 15:00:00,321.46353182417954
2012-06-29 16:00:00,427.93250134584673
2012-06-29 17:00:00,704.9566297050296
2012-06-29 18:00:00,574.0265888326365
2012-06-29 19:00:00,448.5400145566275
2012-06-29 20:00:00,337.15005156550313
2012-06-29 21:00:00,281.94638527700704
2012-06-29 22:00:00,178.51452740897633
2012-06-29 23:00:00,135.91889961601092
2012-06-30 00:00:00,91.53027374060495
2012-06-30 01:00:00,90.99689809174546
2012-06-30 02:00:00,72.36014541558572
2012-06-30 03:00:00,36.27995238824665
2012-06-30 04:00:00,10.667357131160358
2012-06-30 05:00:00,10.79631626089212
2012-06-30 06:00:00,28.839620135038505
2012-06-30 07:00:00,64.27647196349385
2012-06-30 08:00:00,155.9234828413604
2012-06-30 09:00:00,222.48662364173225
2012-06-30 10:00:00,352.8113109327319
2012-06-30 11:00:00,428.35264071182183
2012-06-30 12:00:00,485.3815285529565
2012-06-30 13:00:00,502.1377616440937
2012-06-30 14:00:00,492.7385122237067
2012-06-30 15:00:00,478.5341699305661
2012-06-30 16:00:00,434.46334000282775
2012-06-30 17:00:00,437.354607745571
2012-06-30 18:00:00,430.19507570659783
2012-06-30 19:00:00,411.00359613770524
2012-06-30 20:00:00,311.2653016478363
2012-06-30 21:00:00,256.68791618895034
2012-06-30 22:00:00,228.9333695957533
2012-06-30 23:00:00,184.2245452983278
2012-07-20 00:00:00,58.01343544708037
2012-07-20 01:00:00,36.04377971338037
2012-07-20 02:00:00,12.963649952279528
2012-07-20 03:00:00,7.077299066540487
2012-07-20 04:00:00,7.7942534715398715
2012-07-20 05:00:00,35.80535754017149
2012-07-20 06:00:00,130.88531827984156
2012-07-20 07:00:00,408.14322652246096
2012-07-20 08:00:00,643.8319627464682
2012-07-20 09:00:00,349.97037892749154
2012-07-20 10:00:00,209.4745869163121
2012-07-20 11:00:00,206.16686976410756
2012-07-20 12:00:00,171.0185639926998
2012-07-20 13:00:00,178.46589772304867
2012-07-20 14:00:00,146.75956862974954
2012-07-20 15:00:00,294.5019935096591
2012-07-20 16:00:00,356.7621125538552
2012-07-20 17:00:00,476.2590314654672
2012-07-20 18:00:00,530.7050908585567
2012-07-20 19:00:00,330.03408309564804
2012-07-20 20:00:00,102.20221841730321
2012-07-20 21:00:00,151.3269309614239
2012-07-20 22:00:00,205.39396474476573
2012-07-20 23:00:00,168.84896495644358
2012-07-21 00:00:00,96.97046982613142
2012-07-21 01:00:00,107.4786115332121
2012-07-21 02:00:00,56.84377270300145
2012-07-21 03:00:00,26.45782058386891
2012-07-21 04:00:00,8.128506845623088
2012-07-21 05:00:00,8.687711573592583
2012-07-21 06:00:00,24.303609983280342
2012-07-21 07:00:00,58.753632506668076
2012-07-21 08:00:00,174.04919450434505
2012-07-21 09:00:00,229.93677699506077
2012-07-21 10:00:00,181.32766966753417
2012-07-21 11:00:00,386.77952888249683
2012-07-21 12:00:00,271.6478398409347
2012-07-21 13:00:00,239.4403427047944
2012-07-21 14:00:00,405.9014338616093
2012-07-21 15:00:00,325.3361835241672
2012-07-21 16:00:00,169.6964235906183
2012-07-21 17:00:00,191.06992345492722
2012-07-21 18:00:00,290.0994937394896
2012-07-21 19:00:00,268.91503367263647
2012-07-21 20:00:00,127.75758628295272
2012-07-21 21:00:00,154.72295558134104
2012-07-21 22:00:00,135.19770842890892
2012-07-21 23:00:00,129.86317822312876
2012-07-22 00:00:00,118.36129263145077
2012-07-22 01:00:00,112.66029975990698
2012-07-22 02:00:00,85.93660555466597
2012-07-22 03:00:00,37.91393191901342
2012-07-22 04:00:00,13.088257495167865
2012-07-22 05:00:00,13.232476645861748
2012-07-22 06:00:00,19.16577152189533
2012-07-22 07:00:00,45.364614259988215
2012-07-22 08:00:00,133.27672290853286
2012-07-22 09:00:00,260.29490106226825
2012-07-22 10:00:00,384.82430525503105
2012-07-22 11:00:00,406.4055937213062
2012-07-22 12:00:00,469.81769867925266
2012-07-22 13:00:00,483.1167292289984
2012-07-22 14:00:00,508.5097025672759
2012-07-22 15:00:00,477.6399427708155
2012-07-22 16:00:00,463.69387450909653
2012-07-22 17:00:00,480.30988481730077
2012-07-22 18:00:00,404.3702978165509
2012-07-22 19:00:00,342.5994421454078
2012-07-22 20:00:00,265.26085846364333
2012-07-22 21:00:00,197.17465095460278
2012-07-22 22:00:00,153.5118688142493
2012-07-22 23:00:00,101.26005400195487
2012-07-23 00:00:00,42.618378547886806
2012-07-23 01:00:00,15.3768769479054
2012-07-23 02:00:00,7.463122169770201
2012-07-23 03:00:00,6.262458789005519
2012-07-23 04:00:00,7.340858888601423
2012-07-23 05:00:00,32.29403573618259
2012-07-23 06:00:00,148.93678426665392
2012-07-23 07:00:00,442.9715995874268
2012-07-23 08:00:00,650.8700868643756
2012-07-23 09:00:00,329.7083278269234
2012-07-23 10:00:00,196.97128858165775
2012-07-23 11:00:00,219.62237852179334
2012-07-23 12:00:00,276.043418317056
2012-07-23 13:00:00,268.3833703331797
2012-07-23 14:00:00,242.8976186153736
2012-07-23 15:00:00,270.4036391726753
2012-07-23 16:00:00,436.88180570420235
2012-07-23 17:00:00,820.7364976557376
2012-07-23 18:00:00,823.9049165485008
2012-07-23 19:00:00,579.9900568794992
2012-07-23 20:00:00,440.54999845229605
2012-07-23 21:00:00,303.7162231135073
2012-07-23 22:00:00,208.33428195369123
2012-07-23 23:00:00,132.02234128668042
2012-07-24 00:00:00,54.74278845222631
2012-07-24 01:00:00,21.623137898021064
2012-07-24 02:00:00,8.529726309906444
2012-07-24 03:00:00,5.30909074998004
2012-07-24 04:00:00,7.094127198830888
2012-07-24 05:00:00,40.11385293683935
2012-07-24 06:00:00,167.54557118937612
2012-07-24 07:00:00,487.393871236951
2012-07-24 08:00:00,663.2046935161682
2012-07-24 09:00:00,305.2556810220938
2012-07-24 10:00:00,198.1165196600211
2012-07-24 11:00:00,210.8987212517797
2012-07-24 12:00:00,272.47302858455566
2012-07-24 13:00:00,258.1271169395203
2012-07-24 14:00:00,242.3239566566939
2012-07-24 15:00:00,274.97449441754327
2012-07-24 16:00:00,425.72932967877057
2012-07-24 17:00:00,821.7479793656662
2012-07-24 18:00:00,805.8244754538889
2012-07-24 19:00:00,592.4039650737295
2012-07-24 20:00:00,452.5054940895237
2012-07-24 21:00:00,308.90623127418553
2012-07-24 22:00:00,201.7493708024503
2012-07-24 23:00:00,117.48921617987622
2012-07-25 00:00:00,44.294883927230394
2012-07-25 01:00:00,17.692113326728137
2012-07-25 02:00:00,8.810801047363343
2012-07-25 03:00:00,5.015466705567395
2012-07-25 04:00:00,5.9762527299510655
2012-07-25 05:00:00,39.288023368794896
2012-07-25 06:00:00,162.3528054831918
2012-07-25 07:00:00,433.79164542453077
2012-07-25 08:00:00,643.1592149099539
2012-07-25 09:00:00,329.33513216542985
2012-07-25 10:00:00,193.64508066559307
2012-07-25 11:00:00,233.91199180921282
2012-07-25 12:00:00,304.75793629816053
2012-07-25 13:00:00,276.0124128399046
2012-07-25 14:00:00,243.35487560727603
2012-07-25 15:00:00,293.23276998528934
2012-07-25 16:00:00,431.19596368515795
2012-07-25 17:00:00,833.996296656808
2012-07-25 18:00:00,800.011421224179
2012-07-25 19:00:00,589.2860802821518
2012-07-25 20:00:00,454.0485642137434
2012-07-25 21:00:00,325.9183746432142
2012-07-25 22:00:00,243.62863889820687
2012-07-25 23:00:00,134.77456421060154
2012-07-26 00:00:00,57.527502179773855
2012-07-26 01:00:00,20.857186062714064
2012-07-26 02:00:00,10.766327517434867
2012-07-26 03:00:00,6.20828477256542
2012-07-26 04:00:00,6.1402535842832435
2012-07-26 05:00:00,39.39818299216511
2012-07-26 06:00:00,171.6889157141282
2012-07-26 07:00:00,475.1689293031027
2012-07-26 08:00:00,683.7901240465746
2012-07-26 09:00:00,329.99364011143626
2012-07-26 10:00:00,209.04902227997343
2012-07-26 11:00:00,226.97666347990955
2012-07-26 12:00:00,281.0345589487988
2012-07-26 13:00:00,280.06332852192395
2012-07-26 14:00:00,235.9872261236927
2012-07-26 15:00:00,257.82814551175477
2012-07-26 16:00:00,411.7530480169081
2012-07-26 17:00:00,743.1446209116793
2012-07-26 18:00:00,708.7426637027949
2012-07-26 19:00:00,523.661299348076
2012-07-26 20:00:00,444.9733854656976
2012-07-26 21:00:00,287.64935397004626
2012-07-26 22:00:00,215.64677666857403
2012-07-26 23:00:00,155.773421780903
2012-07-27 00:00:00,79.45989255369408
2012-07-27 01:00:00,42.05700180536465
2012-07-27 02:00:00,16.005012574666928
2012-07-27 03:00:00,7.327528685412286
2012-07-27 04:00:00,8.580745238694375
2012-07-27 05:00:00,37.02783902097532
2012-07-27 06:00:00,147.58113005385377
2012-07-27 07:00:00,383.8534304810671
2012-07-27 08:00:00,659.4953617379592
2012-07-27 09:00:00,349.61453638761566
2012-07-27 10:00:00,233.18154554170442
2012-07-27 11:00:00,277.59754195389195
2012-07-27 12:00:00,337.4513862262993
2012-07-27 13:00:00,348.8530777814592
2012-07-27 14:00:00,315.61951336688674
2012-07-27 15:00:00,371.342394616922
2012-07-27 16:00:00,470.1838408881708
2012-07-27 17:00:00,760.9595368813783
2012-07-27 18:00:00,663.0325882867387
2012-07-27 19:00:00,474.6745690266579
2012-07-27 20:00:00,367.2208684460928
2012-07-27 21:00:00,291.74173467149905
2012-07-27 22:00:00,255.69263683014975
2012-07-27 23:00:00,184.32649330323792
2012-07-28 00:00:00,157.97562375123053
2012-07-28 01:00:00,90.82754169674263
2012-07-28 02:00:00,75.97995435730266
2012-07-28 03:00:00,34.84238595115833
2012-07-28 04:00:00,9.832182479287043
2012-07-28 05:00:00,13.534820626663864
2012-07-28 06:00:00,32.6687573504781
2012-07-28 07:00:00,67.70577609326428
2012-07-28 08:00:00,173.69778538716082
2012-07-28 09:00:00,266.5519021577899
2012-07-28 10:00:00,399.3819635576287
2012-07-28 11:00:00,463.5057819243379
2012-07-28 12:00:00,535.7405130798087
2012-07-28 13:00:00,539.7240383365748
2012-07-28 14:00:00,526.3858946576712
2012-07-28 15:00:00,481.92970587198283
2012-07-28 16:00:00,508.92089906893926
2012-07-28 17:00:00,474.28986954315843
2012-07-28 18:00:00,473.0125669934306
2012-07-28 19:00:00,320.2001629240262
2012-07-28 20:00:00,238.2724028443928
2012-07-28 21:00:00,222.3616808884168
2012-07-28 22:00:00,198.3678791658371
2012-07-28 23:00:00,167.85835947061457
2012-07-29 00:00:00,148.06621432767213
2012-07-29 01:00:00,106.90640301509441
2012-07-29 02:00:00,84.27723459546188
2012-07-29 03:00:00,41.2187122179706
2012-07-29 04:00:00,9.765531763959697
2012-07-29 05:00:00,14.396690165557386
2012-07-29 06:00:00,21.58502741849012
2012-07-29 07:00:00,57.43141357710003
2012-07-29 08:00:00,137.1931901114016
2012-07-29 09:00:00,262.72305556641834
2012-07-29 10:00:00,388.7928157196303
2012-07-29 11:00:00,474.01180116940253
2012-07-29 12:00:00,552.2874037772871
2012-07-29 13:00:00,537.9084574271917
2012-07-29 14:00:00,542.4382693102045
2012-07-29 15:00:00,527.2509395719578
2012-07-29 16:00:00,510.20064388882423
2012-07-29 17:00:00,476.81408127149854
2012-07-29 18:00:00,465.81215252777747
2012-07-29 19:00:00,355.1124276730719
2012-07-29 20:00:00,288.0488903288448
2012-07-29 21:00:00,207.50575939885215
2012-07-29 22:00:00,146.70662431257273
2012-07-29 23:00:00,99.48459775593564
2012-07-30 00:00:00,51.50219776701528
2012-07-30 01:00:00,16.640920094174476
2012-07-30 02:00:00,11.521705160642343
2012-07-30 03:00:00,6.014377931466459
2012-07-30 04:00:00,8.780873917114235
2012-07-30 05:00:00,41.6745182982071
2012-07-30 06:00:00,146.0491908373952
2012-07-30 07:00:00,452.8320936942818
2012-07-30 08:00:00,654.3366770541289
2012-07-30 09:00:00,336.5599890345492
2012-07-30 10:00:00,200.77163669718473
2012-07-30 11:00:00,223.31042294269372
2012-07-30 12:00:00,277.1039768765388
2012-07-30 13:00:00,271.58641432917096
2012-07-30 14:00:00,247.9601518850414
2012-07-30 15:00:00,267.14404352327455
2012-07-30 16:00:00,424.7324102353667
2012-07-30 17:00:00,818.0447033858009
2012-07-30 18:00:00,763.6811491233505
2012-07-30 19:00:00,587.2492617938227
2012-07-30 20:00:00,413.9614815040943
2012-07-30 21:00:00,296.48107343603334
2012-07-30 22:00:00,185.57357857741624
2012-07-30 23:00:00,121.994423173242
2012-07-31 00:00:00,47.576475395066595
2012-07-31 01:00:00,21.811734042136685
2012-07-31 02:00:00,8.179875047963355
2012-07-31 03:00:00,6.54561030386899
2012-07-31 04:00:00,7.094127198830888
2012-07-31 05:00:00,38.81125393693347
2012-07-31 06:00:00,161.98483124168615
2012-07-31 07:00:00,424.230894008583
2012-07-31 08:00:00,648.164183187803
2012-07-31 09:00:00,327.40426181889495
2012-07-31 10:00:00,206.31638722973736
2012-07-31 11:00:00,219.16254334911224
2012-07-31 12:00:00,285.793938988161
2012-07-31 13:00:00,271.41253375606686
2012-07-31 14:00:00,258.44104273005445
2012-07-31 15:00:00,280.1723940736998
2012-07-31 16:00:00,406.95339958987876
2012-07-31 17:00:00,843.20507264757
2012-07-31 18:00:00,832.962358194903
2012-07-31 19:00:00,427.89272309681076
2012-07-31 20:00:00,290.8213292842182
2012-07-31 21:00:00,256.47419274796226
2012-07-31 22:00:00,186.30012963833184
2012-07-31 23:00:00,119.21685256470246
2012-08-20 00:00:00,34.33014444950117
2012-08-20 01:00:00,16.53904612077674
2012-08-20 02:00:00,7.5202410024530595
2012-08-20 03:00:00,6.191576971180295
2012-08-20 04:00:00,8.67579706252529
2012-08-20 05:00:00,36.868853291867694
2012-08-20 06:00:00,151.39957461083551
2012-08-20 07:00:00,452.56064716082244
2012-08-20 08:00:00,667.8599235243009
2012-08-20 09:00:00,338.09560840412
2012-08-20 10:00:00,203.4467869085
2012-08-20 11:00:00,235.9948877431093
2012-08-20 12:00:00,284.9101333745692
2012-08-20 13:00:00,286.37950106078694
2012-08-20 14:00:00,254.38152575273568
2012-08-20 15:00:00,283.92407919104335
2012-08-20 16:00:00,428.78662974670937
2012-08-20 17:00:00,817.0657996511457
2012-08-20 18:00:00,648.7462319563367
2012-08-20 19:00:00,429.18537256937907
2012-08-20 20:00:00,270.36594291787526
2012-08-20 21:00:00,222.8876778390282
2012-08-20 22:00:00,154.0976517561095
2012-08-20 23:00:00,97.6057698359478
2012-08-21 00:00:00,34.836169289620024
2012-08-21 01:00:00,15.382501754520419
2012-08-21 02:00:00,5.982092108914306
2012-08-21 03:00:00,6.047325478491109
2012-08-21 04:00:00,7.05264556949419
2012-08-21 05:00:00,40.81557347621048
2012-08-21 06:00:00,167.52195337144065
2012-08-21 07:00:00,499.8303110091801
2012-08-21 08:00:00,680.5405079803747
2012-08-21 09:00:00,333.7585844753555
2012-08-21 10:00:00,197.284156520183
2012-08-21 11:00:00,222.84348521447123
2012-08-21 12:00:00,298.9875242136762
2012-08-21 13:00:00,295.6411770007701
2012-08-21 14:00:00,251.57655376614883
2012-08-21 15:00:00,303.0107507249718
2012-08-21 16:00:00,455.35958966362284
2012-08-21 17:00:00,832.2252186118512
2012-08-21 18:00:00,825.4879708167887
2012-08-21 19:00:00,362.6436348586774
2012-08-21 20:00:00,401.13064171036655
2012-08-21 21:00:00,278.81298738843765
2012-08-21 22:00:00,201.01575267182974
2012-08-21 23:00:00,127.86548555212255
2012-08-22 00:00:00,46.760374837519905
2012-08-22 01:00:00,20.383558520038306
2012-08-22 02:00:00,8.442006192448883
2012-08-22 03:00:00,6.617472044144558
2012-08-22 04:00:00,6.01456980920944
2012-08-22 05:00:00,40.90793118975768
2012-08-22 06:00:00,174.2031781578961
2012-08-22 07:00:00,500.4459854031205
2012-08-22 08:00:00,713.5747370469912
2012-08-22 09:00:00,333.51375408946274
2012-08-22 10:00:00,209.775057101047
2012-08-22 11:00:00,232.3627500930723
2012-08-22 12:00:00,297.9815703124344
2012-08-22 13:00:00,284.44856805109237
2012-08-22 14:00:00,244.43977498718414
2012-08-22 15:00:00,288.1868774348044
2012-08-22 16:00:00,371.8680665796095
2012-08-22 17:00:00,759.7837259301552
2012-08-22 18:00:00,736.4037311053667
2012-08-22 19:00:00,489.4207449361468
2012-08-22 20:00:00,413.7810084735952
2012-08-22 21:00:00,301.1211471432312
2012-08-22 22:00:00,237.20593086407848
2012-08-22 23:00:00,143.84724437078717
2012-08-23 00:00:00,64.38151030478895
2012-08-23 01:00:00,22.05479176669361
2012-08-23 02:00:00,9.47942058813558
2012-08-23 03:00:00,7.207991972531562
2012-08-23 04:00:00,6.904861188778329
2012-08-23 05:00:00,42.73605646324643
2012-08-23 06:00:00,167.16470768140698
2012-08-23 07:00:00,378.4731975118692
2012-08-23 08:00:00,689.8086878590452
2012-08-23 09:00:00,341.7000914508877
2012-08-23 10:00:00,202.82999492688973
2012-08-23 11:00:00,237.164644827483
2012-08-23 12:00:00,303.3965941495822
2012-08-23 13:00:00,282.8831897405856
2012-08-23 14:00:00,232.26250204541134
2012-08-23 15:00:00,287.22819894416443
2012-08-23 16:00:00,428.7241688527713
2012-08-23 17:00:00,817.4451780678908
2012-08-23 18:00:00,834.0445485533685
2012-08-23 19:00:00,600.693341933788
2012-08-23 20:00:00,434.3270965065111
2012-08-23 21:00:00,323.28262699495406
2012-08-23 22:00:00,229.10023103591513
2012-08-23 23:00:00,157.92675492387548
2012-08-24 00:00:00,77.88978243958135
2012-08-24 01:00:00,38.63001806363475
2012-08-24 02:00:00,18.81518268431194
2012-08-24 03:00:00,9.362383312280468
2012-08-24 04:00:00,8.019193992047054
2012-08-24 05:00:00,37.167673210918146
2012-08-24 06:00:00,134.97237704123594
2012-08-24 07:00:00,395.91032399124146
2012-08-24 08:00:00,677.1384636496123
2012-08-24 09:00:00,385.9558733584335
2012-08-24 10:00:00,257.8744498280411
2012-08-24 11:00:00,278.3202165424437
2012-08-24 12:00:00,363.0637120733626
2012-08-24 13:00:00,367.0828007301578
2012-08-24 14:00:00,337.49043613864
2012-08-24 15:00:00,364.5802124643585
2012-08-24 16:00:00,487.84033718361104
2012-08-24 17:00:00,805.2803334052815
2012-08-24 18:00:00,700.1714800866577
2012-08-24 19:00:00,507.04471513590715
2012-08-24 20:00:00,364.83438660343234
2012-08-24 21:00:00,282.34835747553905
2012-08-24 22:00:00,244.63149604210489
2012-08-24 23:00:00,178.5440189972399
2012-08-25 00:00:00,140.11166553047258
2012-08-25 01:00:00,101.88301832770797
2012-08-25 02:00:00,87.71532476873568
2012-08-25 03:00:00,35.46949677073188
2012-08-25 04:00:00,9.93022163982966
2012-08-25 05:00:00,8.842326345331529
2012-08-25 06:00:00,31.466557181926625
2012-08-25 07:00:00,54.745545374390396
2012-08-25 08:00:00,161.14277552310114
2012-08-25 09:00:00,262.39917115861346
2012-08-25 10:00:00,404.3448826638469
2012-08-25 11:00:00,481.82946265864206
2012-08-25 12:00:00,451.27165772927935
2012-08-25 13:00:00,576.1017497427812
2012-08-25 14:00:00,339.62271598335207
2012-08-25 15:00:00,451.372697042907
2012-08-25 16:00:00,469.87917658640475
2012-08-25 17:00:00,460.9659049457167
2012-08-25 18:00:00,403.02677994229987
2012-08-25 19:00:00,311.66975195744334
2012-08-25 20:00:00,141.25586623668272
2012-08-25 21:00:00,212.0661678738312
2012-08-25 22:00:00,182.41545362693955
2012-08-25 23:00:00,134.6722935482166
2012-08-26 00:00:00,142.3812370708264
2012-08-26 01:00:00,109.43710355336913
2012-08-26 02:00:00,92.94367833110036
2012-08-26 03:00:00,40.82938720503856
2012-08-26 04:00:00,12.022330344085782
2012-08-26 05:00:00,11.551405977860892
2012-08-26 06:00:00,20.004256242499082
2012-08-26 07:00:00,50.74123749928275
2012-08-26 08:00:00,138.51002631681715
2012-08-26 09:00:00,245.74297880906525
2012-08-26 10:00:00,389.8084047973218
2012-08-26 11:00:00,466.95010748443013
2012-08-26 12:00:00,402.7823707004401
2012-08-26 13:00:00,303.56792955272175
2012-08-26 14:00:00,359.7006917628372
2012-08-26 15:00:00,262.88714842031004
2012-08-26 16:00:00,199.78814831625544
2012-08-26 17:00:00,320.71441971255433
2012-08-26 18:00:00,287.48890436128545
2012-08-26 19:00:00,253.89047028853363
2012-08-26 20:00:00,182.40904300611464
2012-08-26 21:00:00,187.0844082262847
2012-08-26 22:00:00,126.4130987961862
2012-08-26 23:00:00,105.47565765355469
2012-08-27 00:00:00,43.14754236258384
2012-08-27 01:00:00,14.590532551961877
2012-08-27 02:00:00,7.413677131097914
2012-08-27 03:00:00,6.163722176316401
2012-08-27 04:00:00,8.308761188256597
2012-08-27 05:00:00,37.609731828789094
2012-08-27 06:00:00,148.6452583001489
2012-08-27 07:00:00,389.6649389350231
2012-08-27 08:00:00,578.2118698520517
2012-08-27 09:00:00,333.8208390359956
2012-08-27 10:00:00,198.9214822951379
2012-08-27 11:00:00,226.82866436018105
2012-08-27 12:00:00,285.7673177993603
2012-08-27 13:00:00,270.9333549515538
2012-08-27 14:00:00,249.52681654655325
2012-08-27 15:00:00,273.48427552195204
2012-08-27 16:00:00,415.254712678899
2012-08-27 17:00:00,825.4171221550747
2012-08-27 18:00:00,824.6802241740766
2012-08-27 19:00:00,572.1712292909278
2012-08-27 20:00:00,431.0591468492711
2012-08-27 21:00:00,285.9027606353596
2012-08-27 22:00:00,171.42958135440352
2012-08-27 23:00:00,119.38341798944361
2012-08-28 00:00:00,42.01566499143757
2012-08-28 01:00:00,17.23949944029654
2012-08-28 02:00:00,8.36264645341868
2012-08-28 03:00:00,5.6625450045713
2012-08-28 04:00:00,6.924282569102349
2012-08-28 05:00:00,37.77322820242389
2012-08-28 06:00:00,165.78043385748248
2012-08-28 07:00:00,351.69383317091547
2012-08-28 08:00:00,608.3377487927422
2012-08-28 09:00:00,330.98551831993854
2012-08-28 10:00:00,193.16871394775188
2012-08-28 11:00:00,220.01486752720737
2012-08-28 12:00:00,280.0541561849377
2012-08-28 13:00:00,269.9505705260149
2012-08-28 14:00:00,245.435095323151
2012-08-28 15:00:00,270.81785884453245
2012-08-28 16:00:00,418.8663152091928
2012-08-28 17:00:00,818.2906255676573
2012-08-28 18:00:00,822.8895245066485
2012-08-28 19:00:00,587.8577682619069
2012-08-28 20:00:00,431.30587741171007
2012-08-28 21:00:00,309.3095670913372
2012-08-28 22:00:00,225.65279888800524
2012-08-28 23:00:00,135.56722229794426
2012-08-29 00:00:00,52.42627553902164
2012-08-29 01:00:00,19.09653385145024
2012-08-29 02:00:00,8.58983153789592
2012-08-29 03:00:00,7.79352003827025
2012-08-29 04:00:00,5.998786410947983
2012-08-29 05:00:00,40.55956680201877
2012-08-29 06:00:00,170.70312571165758
2012-08-29 07:00:00,471.77061668276144
2012-08-29 08:00:00,688.5585556368283
2012-08-29 09:00:00,328.1064561232408
2012-08-29 10:00:00,202.6961240153551
2012-08-29 11:00:00,230.7642847106845
2012-08-29 12:00:00,297.3644836001521
2012-08-29 13:00:00,305.4465025182144
2012-08-29 14:00:00,249.87927437444995
2012-08-29 15:00:00,281.12341224975773
2012-08-29 16:00:00,462.52700723570644
2012-08-29 17:00:00,843.8763252081144
2012-08-29 18:00:00,840.661871388292
2012-08-29 19:00:00,611.8405393570557
2012-08-29 20:00:00,428.49848582757267
2012-08-29 21:00:00,328.27777953249375
2012-08-29 22:00:00,247.20773352121353
2012-08-29 23:00:00,144.23354903552146
2012-08-30 00:00:00,66.17651146010571
2012-08-30 01:00:00,20.561371631796316
2012-08-30 02:00:00,9.579078646277747
2012-08-30 03:00:00,6.917501659448458
2012-08-30 04:00:00,6.398444484397596
2012-08-30 05:00:00,40.785161877134975
2012-08-30 06:00:00,170.50350317612717
2012-08-30 07:00:00,498.6657994897043
2012-08-30 08:00:00,703.4527036187616
2012-08-30 09:00:00,333.7458076141671
2012-08-30 10:00:00,195.30833449047407
2012-08-30 11:00:00,251.73598803190694
2012-08-30 12:00:00,292.4267353093928
2012-08-30 13:00:00,281.6003930227853
2012-08-30 14:00:00,239.66796603657681
2012-08-30 15:00:00,282.1875552520534
2012-08-30 16:00:00,425.67461441846683
2012-08-30 17:00:00,856.6011478798982
2012-08-30 18:00:00,806.8506802852771
2012-08-30 19:00:00,622.5031882810216
2012-08-30 20:00:00,470.06058873304517
2012-08-30 21:00:00,327.9002595435908
2012-08-30 22:00:00,241.8412148424411
2012-08-30 23:00:00,159.44716281493166
2012-08-31 00:00:00,84.89931798245559
2012-08-31 01:00:00,39.41373844231248
2012-08-31 02:00:00,13.235613316709124
2012-08-31 03:00:00,7.947710480916929
2012-08-31 04:00:00,8.355057790695675
2012-08-31 05:00:00,36.19667962920106
2012-08-31 06:00:00,128.12657366222658
2012-08-31 07:00:00,402.9570313256706
2012-08-31 08:00:00,673.3082956894408
2012-08-31 09:00:00,365.09559963695114
2012-08-31 10:00:00,228.76213003413483
2012-08-31 11:00:00,267.87941041234853
2012-08-31 12:00:00,345.9009132695264
2012-08-31 13:00:00,338.8430308369336
2012-08-31 14:00:00,297.36071592804205
2012-08-31 15:00:00,339.93258401357076
2012-08-31 16:00:00,431.8731897006748
2012-08-31 17:00:00,712.7467310713313
2012-08-31 18:00:00,636.8802641938415
2012-08-31 19:00:00,464.742365598163
2012-08-31 20:00:00,366.87118359605006
2012-08-31 21:00:00,294.85706272629807
2012-08-31 22:00:00,258.6027173480784
2012-08-31 23:00:00,184.47638788716665
2012-09-20 00:00:00,50.080280897515046
2012-09-20 01:00:00,21.207666884163768
2012-09-20 02:00:00,10.320057303451208
2012-09-20 03:00:00,6.579408001324386
2012-09-20 04:00:00,5.858840581777814
2012-09-20 05:00:00,37.75921584047826
2012-09-20 06:00:00,166.81753174071414
2012-09-20 07:00:00,484.2106171076639
2012-09-20 08:00:00,729.421269599288
2012-09-20 09:00:00,329.21755484345437
2012-09-20 10:00:00,200.96504205526995
2012-09-20 11:00:00,240.75338522805458
2012-09-20 12:00:00,312.1736031459187
2012-09-20 13:00:00,295.5603725875101
2012-09-20 14:00:00,258.7695957847419
2012-09-20 15:00:00,296.56107526349103
2012-09-20 16:00:00,435.0442068116125
2012-09-20 17:00:00,845.920994978863
2012-09-20 18:00:00,827.6411176229616
2012-09-20 19:00:00,577.1759908993808
2012-09-20 20:00:00,424.3535645941905
2012-09-20 21:00:00,302.9059629504686
2012-09-20 22:00:00,218.70946324391932
2012-09-20 23:00:00,139.0371772365617
2012-09-21 00:00:00,79.66931854602413
2012-09-21 01:00:00,39.45718028046864
2012-09-21 02:00:00,20.377460311546976
2012-09-21 03:00:00,10.442344361512063
2012-09-21 04:00:00,10.470428517116783
2012-09-21 05:00:00,40.00089964323849
2012-09-21 06:00:00,149.9455702499062
2012-09-21 07:00:00,416.12963235341556
2012-09-21 08:00:00,679.9078011720162
2012-09-21 09:00:00,357.8463349100517
2012-09-21 10:00:00,231.9945998134885
2012-09-21 11:00:00,294.0346323393016
2012-09-21 12:00:00,362.8920899952094
2012-09-21 13:00:00,384.9971712890972
2012-09-21 14:00:00,331.05179302065534
2012-09-21 15:00:00,376.7391488802923
2012-09-21 16:00:00,499.5948176299578
2012-09-21 17:00:00,762.8019858666989
2012-09-21 18:00:00,686.7855400082801
2012-09-21 19:00:00,506.60827229272917
2012-09-21 20:00:00,343.0350457923906
2012-09-21 21:00:00,278.25474193481034
2012-09-21 22:00:00,247.64373060181586
2012-09-21 23:00:00,183.98864450520523
2012-09-22 00:00:00,154.33281958803693
2012-09-22 01:00:00,113.63128696623123
2012-09-22 02:00:00,69.23606704185465
2012-09-22 03:00:00,33.83708390975968
2012-09-22 04:00:00,11.250406982126716
2012-09-22 05:00:00,12.322689911807434
2012-09-22 06:00:00,30.65779480316035
2012-09-22 07:00:00,63.61075916637044
2012-09-22 08:00:00,173.3910891277198
2012-09-22 09:00:00,291.3381882351138
2012-09-22 10:00:00,439.982054860041
2012-09-22 11:00:00,511.96160467800746
2012-09-22 12:00:00,592.9765161976986
2012-09-22 13:00:00,583.5458505032758
2012-09-22 14:00:00,565.1558299530152
2012-09-22 15:00:00,563.0209844152591
2012-09-22 16:00:00,550.8837964590036
2012-09-22 17:00:00,532.9391095929063
2012-09-22 18:00:00,482.09526320265485
2012-09-22 19:00:00,402.59126850335633
2012-09-22 20:00:00,314.0335523888452
2012-09-22 21:00:00,268.13659629067337
2012-09-22 22:00:00,232.3199433830122
2012-09-22 23:00:00,162.55949995469945
2012-09-23 00:00:00,131.1509206942692
2012-09-23 01:00:00,92.99813163652836
2012-09-23 02:00:00,68.20404833894712
2012-09-23 03:00:00,31.02313056627327
2012-09-23 04:00:00,10.597344840953252
2012-09-23 05:00:00,11.357015489822256
2012-09-23 06:00:00,22.090858787116158
2012-09-23 07:00:00,55.91301433967102
2012-09-23 08:00:00,130.39110198328493
2012-09-23 09:00:00,234.57933020368
2012-09-23 10:00:00,391.27614619858656
2012-09-23 11:00:00,501.26780621357256
2012-09-23 12:00:00,594.6255836127855
2012-09-23 13:00:00,639.8376144277593
2012-09-23 14:00:00,624.0418099590285
2012-09-23 15:00:00,636.7438737142719
2012-09-23 16:00:00,572.3072328243454
2012-09-23 17:00:00,527.9987843295183
2012-09-23 18:00:00,452.7176154381499
2012-09-23 19:00:00,329.4670353538404
2012-09-23 20:00:00,252.36424636586023
2012-09-23 21:00:00,166.9699034325574
2012-09-23 22:00:00,145.40441907234904
2012-09-23 23:00:00,95.15933423469029
2012-09-24 00:00:00,40.09289153406961
2012-09-24 01:00:00,16.121901158177486
2012-09-24 02:00:00,7.01105752742122
2012-09-24 03:00:00,4.787547925214236
2012-09-24 04:00:00,8.050245125628166
2012-09-24 05:00:00,36.53489160058384
2012-09-24 06:00:00,144.13468222591405
2012-09-24 07:00:00,454.2815447987595
2012-09-24 08:00:00,684.9399620889244
2012-09-24 09:00:00,341.79782902573464
2012-09-24 10:00:00,186.96648575418556
2012-09-24 11:00:00,241.28455597671356
2012-09-24 12:00:00,293.38037286329916
2012-09-24 13:00:00,292.7892515110584
2012-09-24 14:00:00,265.74250200522334
2012-09-24 15:00:00,302.4104402568044
2012-09-24 16:00:00,435.32252465870164
2012-09-24 17:00:00,808.4191172091018
2012-09-24 18:00:00,772.704050510914
2012-09-24 19:00:00,512.875946433923
2012-09-24 20:00:00,362.42306960967517
2012-09-24 21:00:00,246.2553378446814
2012-09-24 22:00:00,150.866268915962
2012-09-24 23:00:00,90.12711499048822
2012-09-25 00:00:00,41.97060515847328
2012-09-25 01:00:00,15.808611789695929
2012-09-25 02:00:00,6.571229959242411
2012-09-25 03:00:00,3.5289853911320215
2012-09-25 04:00:00,6.459745780917933
2012-09-25 05:00:00,36.19281222158534
2012-09-25 06:00:00,152.03065716943914
2012-09-25 07:00:00,461.6010178855538
2012-09-25 08:00:00,735.0274428294379
2012-09-25 09:00:00,353.67575843711
2012-09-25 10:00:00,204.16919671285336
2012-09-25 11:00:00,240.02832845194658
2012-09-25 12:00:00,302.7098781464329
2012-09-25 13:00:00,304.86628910060745
2012-09-25 14:00:00,276.4225072075167
2012-09-25 15:00:00,310.7280418279514
2012-09-25 16:00:00,448.5162993507538
2012-09-25 17:00:00,857.4308918829995
2012-09-25 18:00:00,847.0860067437084
2012-09-25 19:00:00,546.416829544201
2012-09-25 20:00:00,401.16871660864143
2012-09-25 21:00:00,263.57703957954845
2012-09-25 22:00:00,190.66908708478832
2012-09-25 23:00:00,106.86554138247321
2012-09-26 00:00:00,38.37368977658973
2012-09-26 01:00:00,16.078660563375855
2012-09-26 02:00:00,6.390512842081078
2012-09-26 03:00:00,4.824861626319004
2012-09-26 04:00:00,6.987716264133937
2012-09-26 05:00:00,40.911047333220424
2012-09-26 06:00:00,165.15018165800586
2012-09-26 07:00:00,489.50885225625626
2012-09-26 08:00:00,735.2136196596156
2012-09-26 09:00:00,351.31537819277764
2012-09-26 10:00:00,186.47793159197232
2012-09-26 11:00:00,239.9147918070129
2012-09-26 12:00:00,319.2619327662245
2012-09-26 13:00:00,298.2104933792311
2012-09-26 14:00:00,261.206903313917
2012-09-26 15:00:00,299.89399677277004
2012-09-26 16:00:00,443.2518581113391
2012-09-26 17:00:00,846.2513067091315
2012-09-26 18:00:00,833.9312373223818
2012-09-26 19:00:00,575.6562837746773
2012-09-26 20:00:00,429.1761525583063
2012-09-26 21:00:00,302.8944617859371
2012-09-26 22:00:00,149.98117833160555
2012-09-26 23:00:00,115.55015812055686
2012-09-27 00:00:00,58.68733055649004
2012-09-27 01:00:00,21.540583048484216
2012-09-27 02:00:00,10.909697029197034
2012-09-27 03:00:00,7.853859286711096
2012-09-27 04:00:00,6.590899542688521
2012-09-27 05:00:00,41.623086404749984
2012-09-27 06:00:00,166.1517830811938
2012-09-27 07:00:00,487.94106358482986
2012-09-27 08:00:00,736.9658598119279
2012-09-27 09:00:00,344.8150844884718
2012-09-27 10:00:00,197.1389372064264
2012-09-27 11:00:00,238.3068216263421
2012-09-27 12:00:00,308.4215416760577
2012-09-27 13:00:00,295.0033044567676
2012-09-27 14:00:00,253.70362946732405
2012-09-27 15:00:00,308.1344164429961
2012-09-27 16:00:00,416.7086243977148
2012-09-27 17:00:00,769.2833233451667
2012-09-27 18:00:00,779.3226195076243
2012-09-27 19:00:00,581.2192761619265
2012-09-27 20:00:00,378.9831561382754
2012-09-27 21:00:00,192.82832127477053
2012-09-27 22:00:00,129.01899913358824
2012-09-27 23:00:00,92.34219536936571
2012-09-28 00:00:00,53.29973718118184
2012-09-28 01:00:00,20.76480054182922
2012-09-28 02:00:00,9.91096381853702
2012-09-28 03:00:00,6.441798033781306
2012-09-28 04:00:00,5.628939093190703
2012-09-28 05:00:00,36.70195955287943
2012-09-28 06:00:00,130.55697541049597
2012-09-28 07:00:00,350.1250173560292
2012-09-28 08:00:00,602.1446570048406
2012-09-28 09:00:00,346.94584835613193
2012-09-28 10:00:00,207.78327793000486
2012-09-28 11:00:00,264.67818973322414
2012-09-28 12:00:00,381.0867029324722
2012-09-28 13:00:00,382.78960574490105
2012-09-28 14:00:00,351.9949396835814
2012-09-28 15:00:00,380.46852723912036
2012-09-28 16:00:00,516.1624055388849
2012-09-28 17:00:00,749.873474003771
2012-09-28 18:00:00,676.1874438412912
2012-09-28 19:00:00,337.77565279826143
2012-09-28 20:00:00,225.0802875405362
2012-09-28 21:00:00,188.7738138017781
2012-09-28 22:00:00,232.4360964601341
2012-09-28 23:00:00,158.05302231270707
2012-09-29 00:00:00,146.1626666012956
2012-09-29 01:00:00,107.52397324635537
2012-09-29 02:00:00,66.5190380705902
2012-09-29 03:00:00,33.80120608011985
2012-09-29 04:00:00,12.526728095487739
2012-09-29 05:00:00,11.395655475589708
2012-09-29 06:00:00,29.839998475326897
2012-09-29 07:00:00,71.4491692370705
2012-09-29 08:00:00,160.43510919689214
2012-09-29 09:00:00,284.8687526023297
2012-09-29 10:00:00,411.715544546327
2012-09-29 11:00:00,518.0762578288286
2012-09-29 12:00:00,614.7013808693333
2012-09-29 13:00:00,630.3379905474743
2012-09-29 14:00:00,598.7692131505921
2012-09-29 15:00:00,596.6830776389585
2012-09-29 16:00:00,600.8856409453505
2012-09-29 17:00:00,562.2350706354099
2012-09-29 18:00:00,455.8373107958332
2012-09-29 19:00:00,335.19693164358864
2012-09-29 20:00:00,264.24939180894467
2012-09-29 21:00:00,225.0952346594061
2012-09-29 22:00:00,179.60594562773952
2012-09-29 23:00:00,162.12458309830947
2012-09-30 00:00:00,137.40722648601584
2012-09-30 01:00:00,105.40650045896874
2012-09-30 02:00:00,65.1667594435449
2012-09-30 03:00:00,32.386695367310814
2012-09-30 04:00:00,10.116339566065943
2012-09-30 05:00:00,10.16153434742835
2012-09-30 06:00:00,27.53529277628612
2012-09-30 07:00:00,61.407815008077215
2012-09-30 08:00:00,122.85670297515877
2012-09-30 09:00:00,252.15870936933996
2012-09-30 10:00:00,414.48378309977784
2012-09-30 11:00:00,500.9370636264938
2012-09-30 12:00:00,589.6807505801685
2012-09-30 13:00:00,624.7615905342066
2012-09-30 14:00:00,594.2455098193408
2012-09-30 15:00:00,639.9021165487261
2012-09-30 16:00:00,625.7306126941761
2012-09-30 17:00:00,547.8409644172831
2012-09-30 18:00:00,408.9411037692835
2012-09-30 19:00:00,209.58642490150834
2012-09-30 20:00:00,159.90113812284406
2012-09-30 21:00:00,173.2250051929858
2012-09-30 22:00:00,125.97209507922167
2012-09-30 23:00:00,91.08159375674677
2012-10-20 00:00:00,131.0768333902966
2012-10-20 01:00:00,97.5501945623716
2012-10-20 02:00:00,65.47920695941278
2012-10-20 03:00:00,29.412082326207766
2012-10-20 04:00:00,9.368051666509729
2012-10-20 05:00:00,10.799225807791357
2012-10-20 06:00:00,27.239644987267617
2012-10-20 07:00:00,72.40385038873823
2012-10-20 08:00:00,156.92106369811856
2012-10-20 09:00:00,279.58730893594554
2012-10-20 10:00:00,388.27341678057775
2012-10-20 11:00:00,515.8564966510735
2012-10-20 12:00:00,599.3882441753217
2012-10-20 13:00:00,627.8109892619132
2012-10-20 14:00:00,603.3182217058986
2012-10-20 15:00:00,576.6668280103752
2012-10-20 16:00:00,591.8670069972727
2012-10-20 17:00:00,554.0758851408383
2012-10-20 18:00:00,464.65672044523296
2012-10-20 19:00:00,334.2802297313895
2012-10-20 20:00:00,247.97157607211196
2012-10-20 21:00:00,191.0054689126209
2012-10-20 22:00:00,173.511221465901
2012-10-20 23:00:00,153.04035409017354
2012-10-21 00:00:00,123.85476422679628
2012-10-21 01:00:00,100.06651086777089
2012-10-21 02:00:00,64.00534192222429
2012-10-21 03:00:00,29.727439299052968
2012-10-21 04:00:00,10.324232142184472
2012-10-21 05:00:00,9.062778049063676
2012-10-21 06:00:00,21.229076133615873
2012-10-21 07:00:00,56.82198265955756
2012-10-21 08:00:00,125.78109860322445
2012-10-21 09:00:00,222.42609417511048
2012-10-21 10:00:00,377.56758015119334
2012-10-21 11:00:00,473.62805771512524
2012-10-21 12:00:00,580.7381406496595
2012-10-21 13:00:00,618.1646749129752
2012-10-21 14:00:00,627.1508365575568
2012-10-21 15:00:00,597.4747858194984
2012-10-21 16:00:00,627.9770764313573
2012-10-21 17:00:00,516.6569048878072
2012-10-21 18:00:00,432.22855377694606
2012-10-21 19:00:00,317.5230802170028
2012-10-21 20:00:00,228.37970660616503
2012-10-21 21:00:00,150.8783824419625
2012-10-21 22:00:00,126.59821030987419
2012-10-21 23:00:00,90.981478539119
2012-10-22 00:00:00,35.01112928795343
2012-10-22 01:00:00,13.930417729379226
2012-10-22 02:00:00,6.953139336399245
2012-10-22 03:00:00,4.910048493812441
2012-10-22 04:00:00,6.495517881481764
2012-10-22 05:00:00,33.177207805086034
2012-10-22 06:00:00,130.06943860101418
2012-10-22 07:00:00,407.1611754097883
2012-10-22 08:00:00,740.2749053957757
2012-10-22 09:00:00,321.2646025888465
2012-10-22 10:00:00,178.81762895152883
2012-10-22 11:00:00,241.88572554726693
2012-10-22 12:00:00,303.20603282960053
2012-10-22 13:00:00,301.4979738500573
2012-10-22 14:00:00,266.7430054234273
2012-10-22 15:00:00,315.11043382885174
2012-10-22 16:00:00,470.2035149948764
2012-10-22 17:00:00,805.8890335716544
2012-10-22 18:00:00,707.301690936799
2012-10-22 19:00:00,503.0535502609825
2012-10-22 20:00:00,360.9575353106283
2012-10-22 21:00:00,224.4921609216264
2012-10-22 22:00:00,142.20720419297535
2012-10-22 23:00:00,96.58100535662487
2012-10-23 00:00:00,39.6604161502209
2012-10-23 01:00:00,14.927667189057475
2012-10-23 02:00:00,6.656831803389113
2012-10-23 03:00:00,5.19072287251808
2012-10-23 04:00:00,7.062122672770955
2012-10-23 05:00:00,37.51813373895503
2012-10-23 06:00:00,145.06460642053082
2012-10-23 07:00:00,430.38966508718534
2012-10-23 08:00:00,745.9065278627647
2012-10-23 09:00:00,350.06623670208876
2012-10-23 10:00:00,187.83372341769837
2012-10-23 11:00:00,248.03079835113573
2012-10-23 12:00:00,305.5381578531162
2012-10-23 13:00:00,293.75968829880173
2012-10-23 14:00:00,265.86333413083
2012-10-23 15:00:00,301.9666218457495
2012-10-23 16:00:00,459.51852337309674
2012-10-23 17:00:00,879.370912052798
2012-10-23 18:00:00,786.5915882873088
2012-10-23 19:00:00,526.8008790054773
2012-10-23 20:00:00,412.7266851763987
2012-10-23 21:00:00,263.46513037557787
2012-10-23 22:00:00,197.86644841183315
2012-10-23 23:00:00,111.57163283289867
2012-10-24 00:00:00,45.65669798434368
2012-10-24 01:00:00,17.49764061794785
2012-10-24 02:00:00,9.007348882446536
2012-10-24 03:00:00,6.743366131157713
2012-10-24 04:00:00,6.323724685582544
2012-10-24 05:00:00,42.75946338650504
2012-10-24 06:00:00,173.6817986340496
2012-10-24 07:00:00,435.006835014722
2012-10-24 08:00:00,651.7491444235193
2012-10-24 09:00:00,356.88105733465704
2012-10-24 10:00:00,194.79340823778693
2012-10-24 11:00:00,242.6909079727572
2012-10-24 12:00:00,309.8839385395324
2012-10-24 13:00:00,302.16232445718475
2012-10-24 14:00:00,259.28224852635276
2012-10-24 15:00:00,322.0607732518936
2012-10-24 16:00:00,470.46867573608523
2012-10-24 17:00:00,861.0811462626443
2012-10-24 18:00:00,828.5266078851336
2012-10-24 19:00:00,509.8955018360784
2012-10-24 20:00:00,385.87547133444133
2012-10-24 21:00:00,268.99966988533595
2012-10-24 22:00:00,213.23727198533734
2012-10-24 23:00:00,124.53083982200152
2012-10-25 00:00:00,48.471289488123226
2012-10-25 01:00:00,19.896801878592797
2012-10-25 02:00:00,9.98536246139607
2012-10-25 03:00:00,6.09755748510127
2012-10-25 04:00:00,7.06625830217156
2012-10-25 05:00:00,34.804496743531544
2012-10-25 06:00:00,145.41565381385578
2012-10-25 07:00:00,408.38283196375926
2012-10-25 08:00:00,641.088208389015
2012-10-25 09:00:00,347.22722399894207
2012-10-25 10:00:00,172.41915390220177
2012-10-25 11:00:00,177.13175188937313
2012-10-25 12:00:00,247.7260442484528
2012-10-25 13:00:00,241.17907642802052
2012-10-25 14:00:00,242.54353757862393
2012-10-25 15:00:00,297.9175820278314
2012-10-25 16:00:00,422.91173059569996
2012-10-25 17:00:00,772.2644967152304
2012-10-25 18:00:00,482.49425836836656
2012-10-25 19:00:00,383.0976835513592
2012-10-25 20:00:00,296.42867948287824
2012-10-25 21:00:00,213.82012104589498
2012-10-25 22:00:00,193.64257278116017
2012-10-25 23:00:00,111.76623292124962
2012-10-26 00:00:00,69.28296035845244
2012-10-26 01:00:00,28.58378553764731
2012-10-26 02:00:00,10.699885561160494
2012-10-26 03:00:00,6.855349674578103
2012-10-26 04:00:00,6.885118542039431
2012-10-26 05:00:00,33.59090292053933
2012-10-26 06:00:00,132.00451222076862
2012-10-26 07:00:00,399.5277453557771
2012-10-26 08:00:00,551.852186890055
2012-10-26 09:00:00,338.27082987808893
2012-10-26 10:00:00,189.78942227884642
2012-10-26 11:00:00,243.2115336786677
2012-10-26 12:00:00,339.6142347822968
2012-10-26 13:00:00,338.7007479777766
2012-10-26 14:00:00,336.29638309135015
2012-10-26 15:00:00,366.34723920052494
2012-10-26 16:00:00,459.5353713466703
2012-10-26 17:00:00,602.8265429218753
2012-10-26 18:00:00,465.4750975237257
2012-10-26 19:00:00,312.9852439277292
2012-10-26 20:00:00,254.73273628648948
2012-10-26 21:00:00,223.65426103255066
2012-10-26 22:00:00,185.4136402287685
2012-10-26 23:00:00,160.68145260842226
2012-10-27 00:00:00,140.41469333633918
2012-10-27 01:00:00,98.443893202111
2012-10-27 02:00:00,61.80688220290139
2012-10-27 03:00:00,34.0846601970655
2012-10-27 04:00:00,10.121615019395993
2012-10-27 05:00:00,10.261273020751142
2012-10-27 06:00:00,28.136183589061368
2012-10-27 07:00:00,75.16296461038583
2012-10-27 08:00:00,159.9996266879438
2012-10-27 09:00:00,263.57140486254866
2012-10-27 10:00:00,423.26540377082637
2012-10-27 11:00:00,526.5608088018118
2012-10-27 12:00:00,598.8827064482805
2012-10-27 13:00:00,619.9341628849692
2012-10-27 14:00:00,575.2697109380891
2012-10-27 15:00:00,529.2594567750596
2012-10-27 16:00:00,502.5625156561215
2012-10-27 17:00:00,495.3066090923912
2012-10-27 18:00:00,417.96147073809544
2012-10-27 19:00:00,330.356324617257
2012-10-27 20:00:00,252.56282399536363
2012-10-27 21:00:00,197.02352887500388
2012-10-27 22:00:00,166.30171591944006
2012-10-27 23:00:00,118.1585094826874
2012-10-28 00:00:00,93.25136993205642
2012-10-28 01:00:00,103.02733756814904
2012-10-28 02:00:00,75.78465825818446
2012-10-28 03:00:00,31.505472781596268
2012-10-28 04:00:00,10.802271611030756
2012-10-28 05:00:00,11.082501451769918
2012-10-28 06:00:00,22.00933085767456
2012-10-28 07:00:00,55.410472117779435
2012-10-28 08:00:00,125.5239143684731
2012-10-28 09:00:00,229.82294019513375
2012-10-28 10:00:00,321.60121762469544
2012-10-28 11:00:00,425.91084763202576
2012-10-28 12:00:00,465.3491515052118
2012-10-28 13:00:00,468.88891060336823
2012-10-28 14:00:00,469.7260851614934
2012-10-28 15:00:00,442.6785727623213
2012-10-28 16:00:00,293.1033573643008
2012-10-28 17:00:00,238.38740280719207
2012-10-28 18:00:00,127.16507687153498
2012-10-28 19:00:00,122.0737083045907
2012-10-28 20:00:00,113.0447733486723
2012-10-28 21:00:00,89.91013503411378
2012-10-28 22:00:00,77.54425943001674
2012-10-28 23:00:00,59.91062971550914
2012-10-29 00:00:00,23.778114012608462
2012-10-30 13:00:00,121.19337771598728
2012-10-30 14:00:00,104.64389817989417
2012-10-30 15:00:00,99.8903740076926
2012-10-30 16:00:00,158.83123554198005
2012-10-30 17:00:00,268.7463889813606
2012-10-30 18:00:00,305.04343607735706
2012-10-30 19:00:00,488.05733552683535
2012-10-30 20:00:00,237.41534566478012
2012-10-30 21:00:00,168.03241240093243
2012-10-30 22:00:00,125.08122929047659
2012-10-30 23:00:00,97.49643231437433
2012-10-31 00:00:00,37.799455720224174
2012-10-31 01:00:00,16.355224651295227
2012-10-31 02:00:00,6.90863490561983
2012-10-31 03:00:00,4.193899107827256
2012-10-31 04:00:00,6.398719660555607
2012-10-31 05:00:00,30.09681827175848
2012-10-31 06:00:00,126.98374588511822
2012-10-31 07:00:00,352.03099974944564
2012-10-31 08:00:00,616.2631847063411
2012-10-31 09:00:00,313.5269282542275
2012-10-31 10:00:00,156.23424085172104
2012-10-31 11:00:00,175.79539945077053
2012-10-31 12:00:00,237.46040829544592
2012-10-31 13:00:00,223.8605223261916
2012-10-31 14:00:00,206.46516748188284
2012-10-31 15:00:00,240.85245047664984
2012-10-31 16:00:00,335.6426772423223
2012-10-31 17:00:00,602.1009528039581
2012-10-31 18:00:00,600.1164432103643
2012-10-31 19:00:00,419.9649194723992
2012-10-31 20:00:00,279.26285676284186
2012-10-31 21:00:00,207.959602659258
2012-10-31 22:00:00,153.03630371624337
2012-10-31 23:00:00,102.30840232384502
2012-11-20 00:00:00,30.13234985978315
2012-11-20 01:00:00,15.221326646527212
2012-11-20 02:00:00,4.822957387975636
2012-11-20 03:00:00,3.585045914246431
2012-11-20 04:00:00,7.765999108080356
2012-11-20 05:00:00,33.267606160558465
2012-11-20 06:00:00,125.59642994447458
2012-11-20 07:00:00,388.25152888586047
2012-11-20 08:00:00,644.0223771692471
2012-11-20 09:00:00,308.3845679406519
2012-11-20 10:00:00,168.74984210024758
2012-11-20 11:00:00,192.14918680291393
2012-11-20 12:00:00,228.53181030741075
2012-11-20 13:00:00,234.0557157277752
2012-11-20 14:00:00,212.07953872319715
2012-11-20 15:00:00,241.43414795463573
2012-11-20 16:00:00,349.24581429891055
2012-11-20 17:00:00,597.3699735135008
2012-11-20 18:00:00,571.778426970179
2012-11-20 19:00:00,413.05721707991563
2012-11-20 20:00:00,282.9214572197631
2012-11-20 21:00:00,194.45892523839262
2012-11-20 22:00:00,153.37896642171316
2012-11-20 23:00:00,98.52400607801526
2012-11-21 00:00:00,35.75528554033682
2012-11-21 01:00:00,18.265449506555512
2012-11-21 02:00:00,5.617488499270999
2012-11-21 03:00:00,4.701198603982261
2012-11-21 04:00:00,5.5992703060942635
2012-11-21 05:00:00,29.60849939103279
2012-11-21 06:00:00,117.93520348618307
2012-11-21 07:00:00,357.88383638938177
2012-11-21 08:00:00,619.8096456337066
2012-11-21 09:00:00,312.52497443232534
2012-11-21 10:00:00,168.6981354410997
2012-11-21 11:00:00,198.15325059313227
2012-11-21 12:00:00,249.05624656752278
2012-11-21 13:00:00,241.51970934268562
2012-11-21 14:00:00,249.49229091238485
2012-11-21 15:00:00,277.20237351532415
2012-11-21 16:00:00,372.93197471993267
2012-11-21 17:00:00,603.5537193446004
2012-11-21 18:00:00,575.1398359618956
2012-11-21 19:00:00,402.72735079861735
2012-11-21 20:00:00,269.63972913476437
2012-11-21 21:00:00,199.27729913229587
2012-11-21 22:00:00,138.1053824477714
2012-11-21 23:00:00,106.91620261474317
2012-11-22 00:00:00,72.16970865257967
2012-11-22 01:00:00,50.21501403167673
2012-11-22 02:00:00,32.19088755398231
2012-11-22 03:00:00,13.007285522963432
2012-11-22 04:00:00,6.811159553188703
2012-11-22 05:00:00,10.26840294891984
2012-11-22 06:00:00,29.08084106937775
2012-11-22 07:00:00,77.6673315701166
2012-11-22 08:00:00,163.03616343468457
2012-11-22 09:00:00,223.49942669488686
2012-11-22 10:00:00,323.25202939777256
2012-11-22 11:00:00,419.54710781242716
2012-11-22 12:00:00,475.5355248194724
2012-11-22 13:00:00,498.4276573538822
2012-11-22 14:00:00,494.03441056591885
2012-11-22 15:00:00,480.87708170155656
2012-11-22 16:00:00,468.3473867794115
2012-11-22 17:00:00,475.36556547311056
2012-11-22 18:00:00,356.5248340584709
2012-11-22 19:00:00,283.51318941439547
2012-11-22 20:00:00,213.73806385210975
2012-11-22 21:00:00,174.23334420615345
2012-11-22 22:00:00,161.6947180568932
2012-11-22 23:00:00,107.77071088116877
2012-11-23 00:00:00,48.264893906218454
2012-11-23 01:00:00,24.548184534873354
2012-11-23 02:00:00,10.799290566095216
2012-11-23 03:00:00,6.044989017510168
2012-11-23 04:00:00,8.707215676714071
2012-11-23 05:00:00,27.074135094417873
2012-11-23 06:00:00,112.8522129716217
2012-11-23 07:00:00,326.7253722069879
2012-11-23 08:00:00,552.9718972490135
2012-11-23 09:00:00,324.3330041946839
2012-11-23 10:00:00,189.66256084605368
2012-11-23 11:00:00,232.08199772019873
2012-11-23 12:00:00,289.6281216023394
2012-11-23 13:00:00,311.2447153957427
2012-11-23 14:00:00,339.73808800073226
2012-11-23 15:00:00,365.665159242751
2012-11-23 16:00:00,461.1773810467082
2012-11-23 17:00:00,675.9471142996117
2012-11-23 18:00:00,560.9320915869708
2012-11-23 19:00:00,422.01381587666725
2012-11-23 20:00:00,279.2422652963865
2012-11-23 21:00:00,207.11089940324908
2012-11-23 22:00:00,160.91244616029036
2012-11-23 23:00:00,111.00974537726874
2012-11-24 00:00:00,93.64757921036542
2012-11-24 01:00:00,71.93965085021905
2012-11-24 02:00:00,40.74907016620363
2012-11-24 03:00:00,17.651555445124945
2012-11-24 04:00:00,7.126952437553614
2012-11-24 05:00:00,6.765332583775275
2012-11-24 06:00:00,18.901329996800442
2012-11-24 07:00:00,48.006690580703406
2012-11-24 08:00:00,134.17915336090434
2012-11-24 09:00:00,188.10843620401897
2012-11-24 10:00:00,250.3419787356626
2012-11-24 11:00:00,300.46570108911345
2012-11-24 12:00:00,343.35538226725015
2012-11-24 13:00:00,432.775110673476
2012-11-24 14:00:00,408.67010964898765
2012-11-24 15:00:00,374.9920334824517
2012-11-24 16:00:00,344.87401448856633
2012-11-24 17:00:00,290.33925661558516
2012-11-24 18:00:00,255.34543836408642
2012-11-24 19:00:00,209.35386641794923
2012-11-24 20:00:00,168.682385483124
2012-11-24 21:00:00,137.36549852242314
2012-11-24 22:00:00,114.72747523927652
2012-11-24 23:00:00,89.7408102827617
2012-11-25 00:00:00,84.34800649462632
2012-11-25 01:00:00,73.06099127276943
2012-11-25 02:00:00,42.291056883185846
2012-11-25 03:00:00,18.52393054509414
2012-11-25 04:00:00,6.666008311248898
2012-11-25 05:00:00,6.9980185350491215
2012-11-25 06:00:00,13.171680251421094
2012-11-25 07:00:00,36.79186353801698
2012-11-25 08:00:00,107.12594372616249
2012-11-25 09:00:00,160.8689156672695
2012-11-25 10:00:00,259.98505633521637
2012-11-25 11:00:00,283.77953100052855
2012-11-25 12:00:00,356.00394322979525
2012-11-25 13:00:00,357.35787543548196
2012-11-25 14:00:00,361.02688803606225
2012-11-25 15:00:00,363.36816192185915
2012-11-25 16:00:00,350.7117573768304
2012-11-25 17:00:00,272.8069426731125
2012-11-25 18:00:00,216.12873522807675
2012-11-25 19:00:00,188.5794733179766
2012-11-25 20:00:00,135.6854559625094
2012-11-25 21:00:00,113.89009087169897
2012-11-25 22:00:00,101.5902267113859
2012-11-25 23:00:00,68.8252202099105
2012-11-26 00:00:00,24.851680441387746
2012-11-26 01:00:00,10.072824709431494
2012-11-26 02:00:00,4.400400910132368
2012-11-26 03:00:00,4.121252668909883
2012-11-26 04:00:00,5.461181238146013
2012-11-26 05:00:00,32.36856732514315
2012-11-26 06:00:00,125.86441724223432
2012-11-26 07:00:00,368.5188259111336
2012-11-26 08:00:00,634.5585513633571
2012-11-26 09:00:00,298.285608549984
2012-11-26 10:00:00,170.9320989275837
2012-11-26 11:00:00,193.73059190058217
2012-11-26 12:00:00,261.2217422161322
2012-11-26 13:00:00,248.22400488059475
2012-11-26 14:00:00,222.72600531048218
2012-11-26 15:00:00,256.4551394370294
2012-11-26 16:00:00,378.1750651297569
2012-11-26 17:00:00,624.4033273954793
2012-11-26 18:00:00,558.3915517677862
2012-11-26 19:00:00,390.85202727158526
2012-11-26 20:00:00,267.7177265878484
2012-11-26 21:00:00,187.92931127215346
2012-11-26 22:00:00,129.01304888668724
2012-11-26 23:00:00,84.05463739533924
2012-11-27 00:00:00,29.98508775551607
2012-11-27 01:00:00,13.665929682432722
2012-11-27 02:00:00,5.030536151452615
2012-11-27 03:00:00,3.7020919029049106
2012-11-27 04:00:00,5.948593583282138
2012-11-27 05:00:00,25.82254359803472
2012-11-27 06:00:00,124.1897291690287
2012-11-27 07:00:00,190.90498623519392
2012-11-27 08:00:00,289.6587982829371
2012-11-27 09:00:00,291.6520619024964
2012-11-27 10:00:00,88.17003963280749
2012-11-27 11:00:00,91.6932377541745
2012-11-27 12:00:00,106.35369903041867
2012-11-27 13:00:00,109.79931269022077
2012-11-27 14:00:00,99.40403733811607
2012-11-27 15:00:00,186.9245606216017
2012-11-27 16:00:00,298.76965585025374
2012-11-27 17:00:00,474.35809492670774
2012-11-27 18:00:00,425.22626552439493
2012-11-27 19:00:00,355.66998517610756
2012-11-27 20:00:00,236.47786663308494
2012-11-27 21:00:00,166.97892263801853
2012-11-27 22:00:00,124.70011891642034
2012-11-27 23:00:00,76.0870678353837
2012-11-28 00:00:00,31.828843593085764
2012-11-28 01:00:00,18.631969016709817
2012-11-28 02:00:00,7.458428259631108
2012-11-28 03:00:00,3.964760042984421
2012-11-28 04:00:00,6.220259723340322
2012-11-28 05:00:00,32.17280073916953
2012-11-28 06:00:00,129.77884682350773
2012-11-28 07:00:00,354.8696701955622
2012-11-28 08:00:00,637.2984776487407
2012-11-28 09:00:00,312.2836682410773
2012-11-28 10:00:00,181.62524706606322
2012-11-28 11:00:00,185.2300587352344
2012-11-28 12:00:00,226.327655432636
2012-11-28 13:00:00,234.1926532803629
2012-11-28 14:00:00,208.7982904570253
2012-11-28 15:00:00,243.05071403183152
2012-11-28 16:00:00,339.5682087749461
2012-11-28 17:00:00,571.2594990244394
2012-11-28 18:00:00,530.3377502479161
2012-11-28 19:00:00,377.11463479819844
2012-11-28 20:00:00,260.9620013705459
2012-11-28 21:00:00,192.43777198233312
2012-11-28 22:00:00,130.1144907465614
2012-11-28 23:00:00,75.79837380563059
2012-11-29 00:00:00,34.10669032548639
2012-11-29 01:00:00,13.408121738941741
2012-11-29 02:00:00,5.415143195190218
2012-11-29 04:00:00,5.521001446661132
2012-11-29 05:00:00,30.645989490259645
2012-11-29 06:00:00,129.9235656603809
2012-11-29 07:00:00,368.52201240310126
2012-11-29 08:00:00,621.3020305029726
2012-11-29 09:00:00,308.34501996418425
2012-11-29 10:00:00,158.21203803028266
2012-11-29 11:00:00,194.80069235393177
2012-11-29 12:00:00,261.3611497803803
2012-11-29 13:00:00,255.70494225521998
2012-11-29 14:00:00,209.98356820662008
2012-11-29 15:00:00,250.91660385256796
2012-11-29 16:00:00,358.23807259533
2012-11-29 17:00:00,576.0969073727698
2012-11-29 18:00:00,554.8147806115353
2012-11-29 19:00:00,374.5543131559208
2012-11-29 20:00:00,262.3982728648634
2012-11-29 21:00:00,182.4960437827712
2012-11-29 22:00:00,143.4761986547305
2012-11-29 23:00:00,108.41009900336492
2012-11-30 00:00:00,48.94176176790499
2012-11-30 01:00:00,25.173844207260945
2012-11-30 02:00:00,9.993172444200027
2012-11-30 03:00:00,6.271772117628894
2012-11-30 04:00:00,7.362414558982347
2012-11-30 05:00:00,27.423827547968646
2012-11-30 06:00:00,106.66301303847065
2012-11-30 07:00:00,327.00331926793183
2012-11-30 08:00:00,545.249505784734
2012-11-30 09:00:00,325.6633342033463
2012-11-30 10:00:00,176.79377500825478
2012-11-30 11:00:00,212.40398929687643
2012-11-30 12:00:00,274.7058878846473
2012-11-30 13:00:00,282.964541314578
2012-11-30 14:00:00,268.8026840262788
2012-11-30 15:00:00,291.5394437867218
2012-11-30 16:00:00,416.06125736548177
2012-11-30 17:00:00,586.1489756991504
2012-11-30 18:00:00,498.55454931118453
2012-11-30 19:00:00,349.7327868489354
2012-11-30 20:00:00,233.43135018917215
2012-11-30 21:00:00,177.6832377891872
2012-11-30 22:00:00,151.04548986338546
2012-11-30 23:00:00,130.47832969404828
2012-12-20 00:00:00,36.19426424686995
2012-12-20 01:00:00,16.875641864498938
2012-12-20 02:00:00,10.158680902748781
2012-12-20 03:00:00,3.1827507236310835
2012-12-20 04:00:00,5.766508101415793
2012-12-20 05:00:00,32.61721263772669
2012-12-20 06:00:00,131.95597396787386
2012-12-20 07:00:00,379.5308348044704
2012-12-20 08:00:00,636.043333119333
2012-12-20 09:00:00,298.9805717092202
2012-12-20 10:00:00,162.12068169843133
2012-12-20 11:00:00,174.39326052628448
2012-12-20 12:00:00,224.85605053390833
2012-12-20 13:00:00,223.84086358150864
2012-12-20 14:00:00,194.58687865119634
2012-12-20 15:00:00,215.03332066979752
2012-12-20 16:00:00,311.1920375776782
2012-12-20 17:00:00,583.5499555696772
2012-12-20 18:00:00,546.5353985013171
2012-12-20 19:00:00,253.46144139947677
2012-12-20 20:00:00,178.30080376527883
2012-12-20 21:00:00,122.27459121125892
2012-12-20 22:00:00,78.52040708885932
2012-12-20 23:00:00,62.07677326400525
2012-12-21 00:00:00,30.74847452638767
2012-12-21 01:00:00,20.049752360999666
2012-12-21 02:00:00,8.454106438585145
2012-12-21 03:00:00,3.4631218659032514
2012-12-21 04:00:00,2.5843157882855343
2012-12-21 05:00:00,19.198621279605334
2012-12-21 06:00:00,78.50590671235783
2012-12-21 07:00:00,234.57925684789734
2012-12-21 08:00:00,448.44352690061163
2012-12-21 09:00:00,238.28959928387928
2012-12-21 10:00:00,131.13215560296618
2012-12-21 11:00:00,152.87682457471317
2012-12-21 12:00:00,183.9656601816884
2012-12-21 13:00:00,189.33049448445394
2012-12-21 14:00:00,159.38434587834342
2012-12-21 15:00:00,165.86339771560165
2012-12-21 16:00:00,220.74007286114866
2012-12-21 17:00:00,344.912416408106
2012-12-21 18:00:00,306.86387686069116
2012-12-21 19:00:00,215.12631772264064
2012-12-21 20:00:00,140.25171296818655
2012-12-21 21:00:00,111.92660134595158
2012-12-21 22:00:00,88.59026861459598
2012-12-21 23:00:00,67.31232350666474
2012-12-22 00:00:00,52.482047420008584
2012-12-22 01:00:00,37.30131230744681
2012-12-22 02:00:00,29.30990575933723
2012-12-22 03:00:00,16.469761258601157
2012-12-22 04:00:00,4.87150165866249
2012-12-22 05:00:00,4.3620674651543805
2012-12-22 06:00:00,9.163137945536894
2012-12-22 07:00:00,24.60248306353334
2012-12-22 08:00:00,83.11895084803692
2012-12-22 09:00:00,119.08719847488955
2012-12-22 10:00:00,186.24222739908618
2012-12-22 11:00:00,215.35723397321732
2012-12-22 12:00:00,224.86187333183298
2012-12-22 13:00:00,276.1555204086014
2012-12-22 14:00:00,254.49862030510758
2012-12-22 15:00:00,246.77816229414145
2012-12-22 16:00:00,210.1113450399963
2012-12-22 17:00:00,169.33872239640553
2012-12-22 18:00:00,146.59686016265323
2012-12-22 19:00:00,116.17865205116898
2012-12-22 20:00:00,105.02547491529852
2012-12-22 21:00:00,79.55978613503937
2012-12-22 22:00:00,71.59073055287071
2012-12-22 23:00:00,55.8003775819129
2012-12-23 00:00:00,57.34138666603481
2012-12-23 01:00:00,51.0115792605601
2012-12-23 02:00:00,38.23688166861019
2012-12-23 03:00:00,24.500618321198623
2012-12-23 04:00:00,6.932552360499898
2012-12-23 05:00:00,4.0363664174563105
2012-12-23 06:00:00,5.659884310037942
2012-12-23 07:00:00,18.29454101521998
2012-12-23 08:00:00,49.36022746143639
2012-12-23 09:00:00,87.31522662919215
2012-12-23 10:00:00,147.82795801262913
2012-12-23 11:00:00,185.94244367029745
2012-12-23 12:00:00,273.0213239880442
2012-12-23 13:00:00,289.66054262931743
2012-12-23 14:00:00,322.388919380713
2012-12-23 15:00:00,300.4591909043396
2012-12-23 16:00:00,270.8233848292375
2012-12-23 17:00:00,228.80510009648125
2012-12-23 18:00:00,170.6614314020088
2012-12-23 19:00:00,119.42752804053251
2012-12-23 20:00:00,76.77560051074676
2012-12-23 21:00:00,72.4782571708773
2012-12-23 22:00:00,82.04551437392792
2012-12-23 23:00:00,44.26782303930108
2012-12-24 00:00:00,16.1157037368651
2012-12-24 01:00:00,5.345967448342702
2012-12-24 02:00:00,3.2533982777842447
2012-12-24 03:00:00,2.292241701879945
2012-12-24 05:00:00,17.986191257133086
2012-12-24 06:00:00,79.74719941419039
2012-12-24 07:00:00,248.56306121064156
2012-12-24 08:00:00,458.04679714909554
2012-12-24 09:00:00,213.65329594053244
2012-12-24 10:00:00,96.5333768461802
2012-12-24 11:00:00,101.30586944739665
2012-12-24 12:00:00,118.2277490060691
2012-12-24 13:00:00,70.66011243977567
2012-12-24 14:00:00,68.92090469921672
2012-12-24 15:00:00,72.31105932059653
2012-12-24 16:00:00,86.26175341941268
2012-12-24 17:00:00,157.10331006030344
2012-12-24 18:00:00,161.91513129676022
2012-12-24 19:00:00,198.4902859249451
2012-12-24 20:00:00,95.38880916093156
2012-12-24 21:00:00,84.33155506684345
2012-12-24 22:00:00,77.77311253850195
2012-12-24 23:00:00,31.077013542470894
2012-12-25 00:00:00,27.800622149064566
2012-12-25 01:00:00,26.78459652314861
2012-12-25 02:00:00,18.988208231449903
2012-12-25 04:00:00,4.43606800996889
2012-12-25 05:00:00,4.261616367856316
2012-12-25 06:00:00,9.587863327355233
2012-12-25 07:00:00,21.75661905605544
2012-12-25 08:00:00,79.80761095476836
2012-12-25 09:00:00,93.59529702951768
2012-12-25 10:00:00,159.42068510102797
2012-12-25 11:00:00,203.8119358914963
2012-12-25 12:00:00,244.75986756070682
2012-12-25 13:00:00,261.1273879576834
2012-12-25 14:00:00,263.45705676011386
2012-12-25 15:00:00,247.45447304706275
2012-12-25 16:00:00,235.30422800060498
2012-12-25 17:00:00,210.39213568731665
2012-12-25 18:00:00,190.90829036022083
2012-12-25 19:00:00,152.54252155795533
2012-12-25 20:00:00,106.60741025994925
2012-12-25 21:00:00,79.7058876984714
2012-12-25 22:00:00,71.48852758115136
2012-12-25 23:00:00,44.91279888533458
2012-12-26 00:00:00,17.64540843008045
2012-12-26 01:00:00,5.24154279630241
2012-12-26 02:00:00,3.727196803496277
2012-12-26 03:00:00,2.600538513799295
2012-12-26 04:00:00,2.1810761637886387
2012-12-26 05:00:00,16.864667186678375
2012-12-26 06:00:00,83.10649390010704
2012-12-26 07:00:00,141.7363606398954
2012-12-26 08:00:00,188.5181400529645
2012-12-26 09:00:00,109.62470089937158
2012-12-26 10:00:00,63.577980804184165
2012-12-26 11:00:00,63.20114221656171
2012-12-26 12:00:00,67.73625612545656
2012-12-26 13:00:00,69.73466394160936
2012-12-26 14:00:00,64.1267412629058
2012-12-26 15:00:00,70.1410534316287
2012-12-26 16:00:00,90.96543554374414
2012-12-26 17:00:00,144.39413379151085
2012-12-26 18:00:00,132.16600303400517
2012-12-26 19:00:00,120.17393340291223
2012-12-26 20:00:00,69.33792927296035
2012-12-26 21:00:00,95.0703254159647
2012-12-26 22:00:00,50.65355947998191
2012-12-26 23:00:00,20.185088099201984
2012-12-27 00:00:00,12.519077069828032
2012-12-27 01:00:00,4.747559155547053
2012-12-27 02:00:00,4.551550168356613
2012-12-27 03:00:00,2.6029094749321255
2012-12-27 04:00:00,1.9893920160685146
2012-12-27 05:00:00,19.535675880035953
2012-12-27 06:00:00,81.29977432359382
2012-12-27 07:00:00,263.44247228855613
2012-12-27 08:00:00,493.6517199908692
2012-12-27 09:00:00,219.1534364911743
2012-12-27 10:00:00,101.1176134002867
2012-12-27 11:00:00,107.09703226115985
2012-12-27 12:00:00,139.76250054865545
2012-12-27 13:00:00,137.8548885779738
2012-12-27 14:00:00,112.8710797775174
2012-12-27 15:00:00,121.59792978194088
2012-12-27 16:00:00,182.40430555136248
2012-12-27 17:00:00,356.9616246508564
2012-12-27 18:00:00,341.4415926558893
2012-12-27 19:00:00,229.09143829335684
2012-12-27 20:00:00,169.60634586078277
2012-12-27 21:00:00,110.82175220332778
2012-12-27 22:00:00,85.76485839244941
2012-12-27 23:00:00,55.78280130992487
2012-12-28 00:00:00,31.549748966205577
2012-12-28 01:00:00,13.776717068434293
2012-12-28 02:00:00,7.056821319962232
2012-12-28 03:00:00,3.350452575577728
2012-12-28 04:00:00,2.5302988301378
2012-12-28 05:00:00,16.643296476975433
2012-12-28 06:00:00,75.61492486033963
2012-12-28 07:00:00,225.70439827246483
2012-12-28 08:00:00,436.52702872079726
2012-12-28 09:00:00,232.88171637584045
2012-12-28 10:00:00,118.91939832301594
2012-12-28 11:00:00,140.80211014543653
2012-12-28 12:00:00,185.86465720516557
2012-12-28 13:00:00,189.47399575338784
2012-12-28 14:00:00,157.59908890073373
2012-12-28 15:00:00,174.02997253128257
2012-12-28 16:00:00,240.68221533836677
2012-12-28 17:00:00,340.4885037845694
2012-12-28 18:00:00,304.71870118929627
2012-12-28 19:00:00,206.30774534885603
2012-12-28 20:00:00,135.64681997003373
2012-12-28 21:00:00,106.35304264081688
2012-12-28 22:00:00,92.22164770668394
2012-12-28 23:00:00,67.46938637915976
2012-12-29 00:00:00,51.81033840176981
2012-12-29 01:00:00,46.11534465559826
2012-12-29 02:00:00,39.734633414297555
2012-12-29 03:00:00,17.246480753035137
2012-12-29 04:00:00,5.0117419146158895
2012-12-29 05:00:00,2.3574320869747227
2012-12-29 06:00:00,6.8126758059848145
2012-12-29 07:00:00,27.923796626446837
2012-12-29 08:00:00,74.96619273647738
2012-12-29 09:00:00,109.71636048431655
2012-12-29 10:00:00,120.51472556918954
2012-12-29 11:00:00,138.93268370651433
2012-12-29 12:00:00,137.96459250448066
2012-12-29 13:00:00,138.30444314058812
2012-12-29 14:00:00,219.96655646883588
2012-12-29 15:00:00,216.53047863996832
2012-12-29 16:00:00,233.57741993654795
2012-12-29 17:00:00,168.62299562432258
2012-12-29 18:00:00,160.1046804595771
2012-12-29 19:00:00,123.99318788324855
2012-12-29 20:00:00,96.45200026027163
2012-12-29 21:00:00,80.5382888334375
2012-12-29 22:00:00,76.83086004763607
2012-12-29 23:00:00,64.21447980252834
2012-12-30 00:00:00,61.511081671522255
2012-12-30 01:00:00,42.238819660474974
2012-12-30 02:00:00,41.91120671546556
2012-12-30 03:00:00,18.424259460627905
2012-12-30 04:00:00,5.6239087430579975
2012-12-30 05:00:00,2.9212430241897716
2012-12-30 06:00:00,4.925225980965333
2012-12-30 07:00:00,15.715955790031579
2012-12-30 08:00:00,54.844760766667285
2012-12-30 09:00:00,91.86441815773892
2012-12-30 10:00:00,150.18111216462088
2012-12-30 11:00:00,179.69374938846795
2012-12-30 12:00:00,197.4211686833637
2012-12-30 13:00:00,208.70559343320681
2012-12-30 14:00:00,197.9101878208666
2012-12-30 15:00:00,223.06708691391685
2012-12-30 16:00:00,201.21158929844358
2012-12-30 17:00:00,154.1927231241986
2012-12-30 18:00:00,144.5383492982462
2012-12-30 19:00:00,138.39410569352344
2012-12-30 20:00:00,79.45118617198118
2012-12-30 21:00:00,66.17606730932619
2012-12-30 22:00:00,58.29300714974588
2012-12-30 23:00:00,33.70001299313495
2012-12-31 00:00:00,14.680118476791034
2012-12-31 01:00:00,5.898346681001811
2012-12-31 02:00:00,3.906039069630784
2012-12-31 03:00:00,2.0965472657407562
2012-12-31 04:00:00,2.2971667091494643
2012-12-31 05:00:00,14.814773422094367
2012-12-31 06:00:00,77.59060846472401
2012-12-31 07:00:00,241.2306205595907
2012-12-31 08:00:00,419.3875140154176
2012-12-31 09:00:00,209.8980205101326
2012-12-31 10:00:00,90.59334491362458
2012-12-31 11:00:00,90.33704357776622
2012-12-31 12:00:00,110.64637395339606
2012-12-31 13:00:00,112.71311050109719
2012-12-31 14:00:00,119.3611887546922
2012-12-31 15:00:00,125.30048824023773
2012-12-31 16:00:00,173.8668944637181
2012-12-31 17:00:00,339.8697472979087
2012-12-31 18:00:00,332.2794692012259
2012-12-31 19:00:00,230.22781151657676
2012-12-31 20:00:00,170.0523284602355
2012-12-31 21:00:00,118.14623013440887
2012-12-31 22:00:00,95.4171208986911
2012-12-31 23:00:00,48.20864109368152
