datetime,count
2011-01-20 00:00:00,14.030538464906755
2011-01-20 01:00:00,5.9831162875364
2011-01-20 02:00:00,4.303968054969657
2011-01-20 03:00:00,3.293142603956585
2011-01-20 04:00:00,2.460979853849742
2011-01-20 05:00:00,5.913907263106366
2011-01-20 06:00:00,33.861927630162306
2011-01-20 07:00:00,90.91249525298281
2011-01-20 08:00:00,186.624304569272
2011-01-20 09:00:00,109.34568707164286
2011-01-20 10:00:00,35.48968962920231
2011-01-20 11:00:00,54.71870429653252
2011-01-20 12:00:00,75.69450787042105
2011-01-20 13:00:00,63.883585070748104
2011-01-20 14:00:00,69.39425611006976
2011-01-20 15:00:00,80.00736913800343
2011-01-20 16:00:00,89.11001014317
2011-01-20 17:00:00,179.9227244640112
2011-01-20 18:00:00,160.64961206652228
2011-01-20 19:00:00,97.35196058373623
2011-01-20 20:00:00,68.94585932937959
2011-01-20 21:00:00,49.210337496757845
2011-01-20 22:00:00,39.730465882734336
2011-01-20 23:00:00,20.827260836118214
2011-01-21 00:00:00,15.327688253869953
2011-01-21 01:00:00,5.658493237315312
2011-01-21 02:00:00,4.625025983624258
2011-01-21 03:00:00,2.9100570644111894
2011-01-21 04:00:00,2.007995444068444
2011-01-21 05:00:00,3.9675943964822715
2011-01-21 06:00:00,29.555592138249906
2011-01-21 07:00:00,84.34532243102002
2011-01-21 08:00:00,171.93620990768318
2011-01-21 09:00:00,98.22926290982423
2011-01-21 10:00:00,18.669555826452246
2011-01-21 11:00:00,23.132262734409576
2011-01-21 12:00:00,24.384296486950777
2011-01-21 13:00:00,23.436263364742082
2011-01-21 14:00:00,23.612236328271077
2011-01-21 15:00:00,22.128127220910457
2011-01-21 16:00:00,51.31233355880598
2011-01-21 17:00:00,125.9969277664042
2011-01-21 18:00:00,119.63122848256869
2011-01-21 19:00:00,94.72398650157783
2011-01-21 20:00:00,56.018894121706
2011-01-21 21:00:00,41.248982625768846
2011-01-21 22:00:00,30.8526882798853
2011-01-21 23:00:00,17.56111979741359
2011-01-22 00:00:00,22.019013509498016
2011-01-22 01:00:00,16.224492612423795
2011-01-22 02:00:00,11.745281384579103
2011-01-22 03:00:00,6.88902416815659
2011-01-22 04:00:00,2.238284241180668
2011-01-22 06:00:00,4.269643430822316
2011-01-22 07:00:00,9.244466226140656
2011-01-22 08:00:00,22.493396583297706
2011-01-22 09:00:00,28.683928890414652
2011-01-22 10:00:00,41.88464324974007
2011-01-22 11:00:00,46.82830193329893
2011-01-22 12:00:00,52.748158220038164
2011-01-22 13:00:00,61.72794274669795
2011-01-22 14:00:00,58.03114797114689
2011-01-22 15:00:00,59.91239736951911
2011-01-22 16:00:00,56.74825935443622
2011-01-22 17:00:00,63.63370572089878
2011-01-22 18:00:00,45.502047693438
2011-01-22 19:00:00,37.316973016336576
2011-01-22 20:00:00,36.83031589933287
2011-01-22 21:00:00,36.4765506962399
2011-01-22 22:00:00,28.493817953048854
2011-01-22 23:00:00,16.70153380378284
2011-01-23 00:00:00,24.151961538150072
2011-01-23 01:00:00,18.335716680679653
2011-01-23 02:00:00,12.5219493940111
2011-01-23 03:00:00,9.62502294703766
2011-01-23 05:00:00,2.0543617022732126
2011-01-23 06:00:00,2.3040312445692375
2011-01-23 07:00:00,7.916031244124768
2011-01-23 08:00:00,18.255878438192084
2011-01-23 09:00:00,24.357065521215205
2011-01-23 10:00:00,45.49028599746283
2011-01-23 11:00:00,49.43240495823331
2011-01-23 12:00:00,56.06157504998003
2011-01-23 13:00:00,54.11909682465398
2011-01-23 14:00:00,59.787212047618915
2011-01-23 15:00:00,59.34498603915914
2011-01-23 16:00:00,63.214603058198286
2011-01-23 17:00:00,58.14241400189535
2011-01-23 18:00:00,50.92625632500104
2011-01-23 19:00:00,39.68567666422743
2011-01-23 20:00:00,36.365136656684015
2011-01-23 21:00:00,28.10852083186407
2011-01-23 22:00:00,19.529105444613272
2011-01-23 23:00:00,15.410149152541385
2011-01-24 00:00:00,11.108694647913726
2011-01-24 01:00:00,4.2096235180801385
2011-01-24 03:00:00,2.2544060072303034
2011-01-24 04:00:00,2.311075241699132
2011-01-24 05:00:00,4.960479252996617
2011-01-24 06:00:00,26.69981835089354
2011-01-24 07:00:00,71.36187257827494
2011-01-24 08:00:00,153.51637269162362
2011-01-24 09:00:00,98.95014325058793
2011-01-24 10:00:00,25.166987106508206
2011-01-24 11:00:00,23.78190664605646
2011-01-24 12:00:00,23.407951588611077
2011-01-24 13:00:00,23.67075904611637
2011-01-24 14:00:00,23.89254970977425
2011-01-24 15:00:00,28.878127075605793
2011-01-24 16:00:00,49.406813769549075
2011-01-24 17:00:00,116.87330833682367
2011-01-24 18:00:00,116.17847466866505
2011-01-24 19:00:00,90.8954589407117
2011-01-24 20:00:00,61.76518980157247
2011-01-24 21:00:00,37.46006555171876
2011-01-24 22:00:00,24.937384990519902
2011-01-24 23:00:00,16.715904157623886
2011-01-25 00:00:00,10.950552129843455
2011-01-25 01:00:00,4.736814786853395
2011-01-25 02:00:00,2.6453246750183705
2011-01-25 04:00:00,2.178235884032662
2011-01-25 05:00:00,5.188891234365165
2011-01-25 06:00:00,31.03715165209973
2011-01-25 07:00:00,68.47894986778208
2011-01-25 08:00:00,151.95133748461197
2011-01-25 09:00:00,102.40141368305297
2011-01-25 10:00:00,36.91086669870951
2011-01-25 11:00:00,46.7206441438945
2011-01-25 12:00:00,59.958323784386735
2011-01-25 13:00:00,61.53150005290995
2011-01-25 14:00:00,72.39333315743359
2011-01-25 15:00:00,77.60059125541363
2011-01-25 16:00:00,99.57038383025352
2011-01-25 17:00:00,179.0697094812693
2011-01-25 18:00:00,171.24493373014278
2011-01-25 19:00:00,112.61012317309408
2011-01-25 20:00:00,75.4079071466836
2011-01-25 21:00:00,47.477347359225696
2011-01-25 22:00:00,33.544482608377
2011-01-25 23:00:00,18.03709309047636
2011-01-26 00:00:00,13.054290733789358
2011-01-26 01:00:00,5.6434136022455
2011-01-26 02:00:00,3.266790927743965
2011-01-26 05:00:00,3.9538810402247178
2011-01-26 06:00:00,24.43255862751852
2011-01-26 07:00:00,67.09158040513343
2011-01-26 08:00:00,111.96011934411399
2011-01-26 09:00:00,71.24756386796398
2011-01-26 10:00:00,25.207308400237974
2011-01-26 11:00:00,19.747958374408327
2011-01-26 12:00:00,19.977743423746706
2011-01-26 13:00:00,21.542371464893574
2011-01-26 14:00:00,21.45771785557494
2011-01-26 15:00:00,19.994413190839573
2011-01-26 16:00:00,41.18074362171238
2011-01-26 17:00:00,84.46843167375201
2011-01-27 16:00:00,68.41125936026211
2011-01-27 17:00:00,147.9793557317844
2011-01-27 18:00:00,134.48206823645037
2011-01-27 19:00:00,99.42995282619742
2011-01-27 20:00:00,75.35341041959445
2011-01-27 21:00:00,45.509783970622
2011-01-27 22:00:00,36.18425499655322
2011-01-27 23:00:00,19.674432178988873
2011-01-28 00:00:00,13.631152692853997
2011-01-28 01:00:00,7.023734995465423
2011-01-28 02:00:00,3.0003819661244786
2011-01-28 03:00:00,2.438845747257285
2011-01-28 05:00:00,6.442713486378909
2011-01-28 06:00:00,28.082656808871725
2011-01-28 07:00:00,69.02992325519236
2011-01-28 08:00:00,133.75359791005693
2011-01-28 09:00:00,64.05669293145422
2011-01-28 10:00:00,26.499231064813216
2011-01-28 11:00:00,29.627160050581548
2011-01-28 12:00:00,30.147336423818874
2011-01-28 13:00:00,31.324155730992764
2011-01-28 14:00:00,40.64838378504707
2011-01-28 15:00:00,38.98629381727035
2011-01-28 16:00:00,65.8853040847936
2011-01-28 17:00:00,145.61603042064786
2011-01-28 18:00:00,139.7895474264418
2011-01-28 19:00:00,102.50929974492047
2011-01-28 20:00:00,74.02485087570871
2011-01-28 21:00:00,46.24960853950884
2011-01-28 22:00:00,38.9320317054993
2011-01-28 23:00:00,22.543390673274608
2011-01-29 00:00:00,25.38202639119789
2011-01-29 01:00:00,20.30784011268582
2011-01-29 02:00:00,15.477850613430155
2011-01-29 03:00:00,10.574357185195629
2011-01-29 04:00:00,2.9508925545973206
2011-01-29 06:00:00,4.42055650667893
2011-01-29 07:00:00,9.783560183723313
2011-01-29 08:00:00,27.335502177492128
2011-01-29 09:00:00,37.134426363285826
2011-01-29 10:00:00,55.18185193389073
2011-01-29 11:00:00,56.53098561335953
2011-01-29 12:00:00,64.47616491214944
2011-01-29 13:00:00,74.55537069770365
2011-01-29 14:00:00,73.96431408107874
2011-01-29 15:00:00,69.92313150121346
2011-01-29 16:00:00,84.65997120031508
2011-01-29 17:00:00,80.14409200473017
2011-01-29 18:00:00,74.99928590879303
2011-01-29 19:00:00,54.032306658148904
2011-01-29 20:00:00,51.427898800338056
2011-01-29 21:00:00,38.11237145360535
2011-01-29 22:00:00,28.550583074893076
2011-01-29 23:00:00,19.035547953078705
2011-01-30 00:00:00,26.47862741098265
2011-01-30 01:00:00,23.87937196939642
2011-01-30 02:00:00,16.45993980560717
2011-01-30 03:00:00,10.613957032884198
2011-01-30 04:00:00,3.627734793242389
2011-01-30 05:00:00,2.7449471990135934
2011-01-30 07:00:00,7.456026827349071
2011-01-30 08:00:00,18.323341347213965
2011-01-30 09:00:00,30.092774898842233
2011-01-30 10:00:00,57.373928722827806
2011-01-30 11:00:00,63.055266271721365
2011-01-30 12:00:00,90.76092625201892
2011-01-30 13:00:00,81.24456433024883
2011-01-30 14:00:00,87.11750747669205
2011-01-30 15:00:00,95.59203025806451
2011-01-30 16:00:00,97.9924089515724
2011-01-30 17:00:00,83.6980560029427
2011-01-30 18:00:00,74.41158037649272
2011-01-30 19:00:00,55.60522910909924
2011-01-30 20:00:00,49.31393477109027
2011-01-30 21:00:00,28.22797305250176
2011-01-30 22:00:00,18.992660503618747
2011-01-30 23:00:00,15.117358286180622
2011-01-31 00:00:00,14.466761277241256
2011-01-31 01:00:00,4.10502740654762
2011-01-31 02:00:00,3.0942720856355415
2011-01-31 03:00:00,2.477624264849801
2011-01-31 04:00:00,2.006977650434556
2011-01-31 05:00:00,3.0621504311400596
2011-01-31 06:00:00,30.214706104902405
2011-01-31 07:00:00,66.64715246352729
2011-01-31 08:00:00,133.3095223272191
2011-01-31 09:00:00,75.19297748965768
2011-01-31 10:00:00,24.82050946948354
2011-01-31 11:00:00,24.965583252723135
2011-01-31 12:00:00,33.204292422139595
2011-01-31 13:00:00,34.009909988581526
2011-01-31 14:00:00,30.26499660178607
2011-01-31 15:00:00,25.786859005294012
2011-01-31 16:00:00,52.88095654013325
2011-01-31 17:00:00,123.93340315048083
2011-01-31 18:00:00,119.73063508109595
2011-01-31 19:00:00,122.2709464299166
2011-01-31 20:00:00,70.07394673233271
2011-01-31 21:00:00,41.68794032698714
2011-01-31 22:00:00,27.67454280349592
2011-01-31 23:00:00,17.237469227493612
2011-02-20 00:00:00,30.45885501129613
2011-02-20 01:00:00,22.5336260356637
2011-02-20 02:00:00,13.25196938602534
2011-02-20 03:00:00,8.927712607458421
2011-02-20 04:00:00,1.9441556768692405
2011-02-20 06:00:00,3.3864995739125257
2011-02-20 07:00:00,9.726688208737302
2011-02-20 08:00:00,23.216418564282122
2011-02-20 09:00:00,37.94572295740417
2011-02-20 10:00:00,87.33755333983332
2011-02-20 11:00:00,99.16497922869529
2011-02-20 12:00:00,107.14388746211078
2011-02-20 13:00:00,133.6985157555807
2011-02-20 14:00:00,120.07898879987329
2011-02-20 15:00:00,123.89709395505719
2011-02-20 16:00:00,124.18048184200057
2011-02-20 17:00:00,118.42148349278018
2011-02-20 18:00:00,100.32296434006321
2011-02-20 19:00:00,86.15451487763896
2011-02-20 20:00:00,69.4997913130947
2011-02-20 21:00:00,51.79957428148217
2011-02-20 22:00:00,43.17488204786311
2011-02-20 23:00:00,33.23222346741536
2011-02-21 00:00:00,16.81996450330597
2011-02-21 01:00:00,9.26004230102288
2011-02-21 02:00:00,8.806738990342337
2011-02-21 03:00:00,4.161692982321943
2011-02-21 04:00:00,3.0701517655544612
2011-02-21 05:00:00,4.607996816786487
2011-02-21 06:00:00,15.130015704593472
2011-02-21 07:00:00,40.77911752395328
2011-02-21 08:00:00,77.59872012682568
2011-02-21 09:00:00,84.80089097713469
2011-02-21 10:00:00,78.73409314592257
2011-02-21 11:00:00,81.5492388018358
2011-02-21 12:00:00,90.38557386526912
2011-02-21 13:00:00,41.2775137688507
2011-02-21 14:00:00,87.87638929942773
2011-02-21 15:00:00,69.94730212917212
2011-02-21 16:00:00,59.63688000242873
2011-02-21 17:00:00,94.49112809903443
2011-02-21 18:00:00,68.00338006126839
2011-02-21 19:00:00,56.30535572641106
2011-02-21 20:00:00,41.35978480637348
2011-02-21 21:00:00,31.1907036338019
2011-02-21 22:00:00,19.117262596072084
2011-02-21 23:00:00,11.636174533833117
2011-02-22 06:00:00,30.785234054724743
2011-02-22 07:00:00,77.56882727070688
2011-02-22 08:00:00,169.23198852729394
2011-02-22 09:00:00,94.30025912170129
2011-02-22 10:00:00,27.184718458049662
2011-02-22 11:00:00,33.53559387663367
2011-02-22 12:00:00,34.14328936092825
2011-02-22 13:00:00,40.354181776341235
2011-02-22 14:00:00,41.32859447089452
2011-02-22 15:00:00,56.607168889793826
2011-02-22 16:00:00,65.73198787199809
2011-02-22 17:00:00,147.09379367179645
2011-02-22 18:00:00,145.69502228368864
2011-02-22 19:00:00,101.51054804349154
2011-02-22 20:00:00,76.71999312302171
2011-02-22 21:00:00,55.19498297163707
2011-02-22 22:00:00,31.943569241431504
2011-02-22 23:00:00,19.37572152469817
2011-02-23 00:00:00,12.991374979280458
2011-02-23 01:00:00,5.894577860791814
2011-02-23 02:00:00,2.5499040001304567
2011-02-23 03:00:00,1.7899290300552964
2011-02-23 05:00:00,6.176920358991129
2011-02-23 06:00:00,30.996832721950796
2011-02-23 07:00:00,74.56890315258137
2011-02-23 08:00:00,172.4150508192123
2011-02-23 09:00:00,109.99274515529487
2011-02-23 10:00:00,38.80090676787849
2011-02-23 11:00:00,52.27339294184996
2011-02-23 12:00:00,61.68559436660393
2011-02-23 13:00:00,67.97499130722206
2011-02-23 14:00:00,77.41499296696188
2011-02-23 15:00:00,77.87261093037078
2011-02-23 16:00:00,106.5513408393223
2011-02-23 17:00:00,194.04710632500908
2011-02-23 18:00:00,178.6271887232018
2011-02-23 19:00:00,136.04111927246024
2011-02-23 20:00:00,80.643838376265
2011-02-23 21:00:00,63.18871031188032
2011-02-23 22:00:00,48.26698389884245
2011-02-23 23:00:00,27.65854540110562
2011-02-24 00:00:00,13.379792419407782
2011-02-24 01:00:00,6.636278030056664
2011-02-24 02:00:00,3.1008466379703146
2011-02-24 03:00:00,2.3502978458245334
2011-02-24 05:00:00,6.64060302749428
2011-02-24 06:00:00,33.54791243377926
2011-02-24 07:00:00,91.5340101872732
2011-02-24 08:00:00,220.48269189137972
2011-02-24 09:00:00,104.34613801724105
2011-02-24 10:00:00,38.39469156303231
2011-02-24 11:00:00,58.76036552965946
2011-02-24 12:00:00,85.75666822086033
2011-02-24 13:00:00,84.10518681513194
2011-02-24 14:00:00,83.85365382059031
2011-02-24 15:00:00,37.73817286010842
2011-02-24 16:00:00,56.620365307691515
2011-02-24 17:00:00,85.91912632864654
2011-02-24 18:00:00,114.29256900529379
2011-02-24 19:00:00,64.59805651272865
2011-02-24 20:00:00,62.3592566276029
2011-02-24 21:00:00,54.16884552995737
2011-02-24 22:00:00,31.52306312571212
2011-02-24 23:00:00,33.13849737464802
2011-02-25 00:00:00,14.720313357278494
2011-02-25 01:00:00,8.790913237889605
2011-02-25 02:00:00,6.301223696440057
2011-02-25 03:00:00,2.903949560814825
2011-02-25 05:00:00,7.017010773537418
2011-02-25 06:00:00,28.239407261111662
2011-02-25 07:00:00,47.99021462196194
2011-02-25 08:00:00,71.98497244833922
2011-02-25 09:00:00,56.82904439976717
2011-02-25 10:00:00,37.79437049832988
2011-02-25 11:00:00,115.0821208819437
2011-02-25 12:00:00,78.35260434601332
2011-02-25 13:00:00,76.0062470461908
2011-02-25 14:00:00,79.76904933221562
2011-02-25 15:00:00,181.91226159470995
2011-02-25 16:00:00,92.25278993878149
2011-02-25 17:00:00,180.2409528098915
2011-02-25 18:00:00,159.1823487148342
2011-02-25 19:00:00,115.68404318273814
2011-02-25 20:00:00,69.86416347388204
2011-02-25 21:00:00,53.64518345543689
2011-02-25 22:00:00,43.6194257570386
2011-02-25 23:00:00,26.18009025607679
2011-02-26 00:00:00,29.850327283183315
2011-02-26 01:00:00,21.37410214388455
2011-02-26 02:00:00,13.49452796766953
2011-02-26 03:00:00,12.317006034230591
2011-02-26 04:00:00,2.9665218977604146
2011-02-26 05:00:00,2.5050829147140665
2011-02-26 06:00:00,5.338743209113246
2011-02-26 07:00:00,9.87738473720058
2011-02-26 08:00:00,28.435935427853966
2011-02-26 09:00:00,46.15460103982173
2011-02-26 10:00:00,92.13991354974632
2011-02-26 11:00:00,104.98669876595343
2011-02-26 12:00:00,116.22612786623833
2011-02-26 13:00:00,125.6481417819595
2011-02-26 14:00:00,124.5593808936859
2011-02-26 15:00:00,115.0484226130443
2011-02-26 16:00:00,116.10929066159993
2011-02-26 17:00:00,119.04822018895963
2011-02-26 18:00:00,104.9157736366176
2011-02-26 19:00:00,76.06235184266272
2011-02-26 20:00:00,59.2826778539938
2011-02-26 21:00:00,44.39042412770985
2011-02-26 22:00:00,45.1472805128713
2011-02-26 23:00:00,37.43161371867642
2011-02-27 00:00:00,31.884612787102043
2011-02-27 01:00:00,29.38391208590372
2011-02-27 02:00:00,19.87089118690561
2011-02-27 03:00:00,12.210905091423957
2011-02-27 04:00:00,3.0278541038157254
2011-02-27 06:00:00,4.209270419570568
2011-02-27 07:00:00,10.266978551414002
2011-02-27 08:00:00,26.306405562965928
2011-02-27 09:00:00,41.86332877795661
2011-02-27 10:00:00,78.26798262883432
2011-02-27 11:00:00,112.0161776224426
2011-02-27 12:00:00,110.47342184245674
2011-02-27 13:00:00,129.31237837775234
2011-02-27 14:00:00,142.33389938989
2011-02-27 15:00:00,209.9466436097664
2011-02-27 16:00:00,224.7966375129267
2011-02-27 17:00:00,126.13459686397364
2011-02-27 18:00:00,108.94076277113729
2011-02-27 19:00:00,97.62555166369037
2011-02-27 20:00:00,70.83888484789844
2011-02-27 21:00:00,67.9044030155511
2011-02-27 22:00:00,62.67922166223705
2011-02-27 23:00:00,38.7775048136414
2011-02-28 00:00:00,17.58730276785561
2011-02-28 01:00:00,3.944451585900544
2011-02-28 03:00:00,2.938056988725197
2011-02-28 05:00:00,6.8481341529890765
2011-02-28 06:00:00,36.990290234963155
2011-02-28 07:00:00,68.50274062457818
2011-02-28 08:00:00,151.1146619544956
2011-02-28 09:00:00,95.24077480397806
2011-02-28 10:00:00,85.18921670562781
2011-02-28 11:00:00,97.75542913915726
2011-02-28 12:00:00,117.53705979332504
2011-02-28 13:00:00,45.88944605498358
2011-02-28 14:00:00,35.62126913758722
2011-02-28 15:00:00,36.20909741027819
2011-02-28 16:00:00,44.646099171552635
2011-02-28 17:00:00,46.95589536745387
2011-02-28 18:00:00,70.41550250445133
2011-02-28 19:00:00,55.318157005249255
2011-02-28 20:00:00,55.722091776947835
2011-02-28 21:00:00,71.85199235758915
2011-02-28 22:00:00,33.3939611271481
2011-02-28 23:00:00,26.64462697528913
2011-03-20 00:00:00,37.550427536188856
2011-03-20 01:00:00,33.209682554647145
2011-03-20 02:00:00,19.241690696129204
2011-03-20 03:00:00,11.756209212288116
2011-03-20 04:00:00,1.814897989830095
2011-03-20 05:00:00,2.1960543800052217
2011-03-20 06:00:00,5.317320666031819
2011-03-20 07:00:00,16.329723355021287
2011-03-20 08:00:00,35.868985585382376
2011-03-20 09:00:00,63.277703227496
2011-03-20 10:00:00,112.85205222799812
2011-03-20 11:00:00,124.27463247175544
2011-03-20 12:00:00,127.9069023590873
2011-03-20 13:00:00,121.8648904176314
2011-03-20 14:00:00,124.7749129446335
2011-03-20 15:00:00,121.86115717461246
2011-03-20 16:00:00,129.3271569800558
2011-03-20 17:00:00,126.66249641596869
2011-03-20 18:00:00,130.6747544336832
2011-03-20 19:00:00,101.25924561909596
2011-03-20 20:00:00,86.01760381207592
2011-03-20 21:00:00,51.256664411113846
2011-03-20 22:00:00,47.430955717803464
2011-03-20 23:00:00,34.57662515904509
2011-03-21 00:00:00,11.790006566319722
2011-03-21 01:00:00,5.3096208502112985
2011-03-21 02:00:00,4.118840341764157
2011-03-21 03:00:00,2.9875434760751167
2011-03-21 05:00:00,7.141586929233017
2011-03-21 06:00:00,36.86474938419241
2011-03-21 07:00:00,66.79948585950841
2011-03-21 08:00:00,209.54340275649045
2011-03-21 09:00:00,112.10995840082178
2011-03-21 10:00:00,80.69902308240286
2011-03-21 11:00:00,83.81208648132449
2011-03-21 12:00:00,94.16935421626533
2011-03-21 13:00:00,126.30062843439822
2011-03-21 14:00:00,125.6872683269803
2011-03-21 15:00:00,138.3571715403743
2011-03-21 16:00:00,173.43335846215396
2011-03-21 17:00:00,317.0239151696063
2011-03-21 18:00:00,297.32937247542475
2011-03-21 19:00:00,238.4272953596521
2011-03-21 20:00:00,168.29193140504435
2011-03-21 21:00:00,86.14821025969732
2011-03-21 22:00:00,83.73489053684044
2011-03-21 23:00:00,50.52684154336265
2011-03-22 00:00:00,27.49751500427664
2011-03-22 01:00:00,5.5839352481738045
2011-03-22 02:00:00,7.019292880353648
2011-03-22 03:00:00,4.1145509156321936
2011-03-22 04:00:00,4.007746430740204
2011-03-22 05:00:00,10.035067039679726
2011-03-22 06:00:00,48.99904610970233
2011-03-22 07:00:00,78.04988276481066
2011-03-22 08:00:00,144.78003181480062
2011-03-22 09:00:00,110.61296615449335
2011-03-22 10:00:00,92.61866075688098
2011-03-22 11:00:00,101.5886027794831
2011-03-22 12:00:00,124.18339274104619
2011-03-22 13:00:00,126.17507668317337
2011-03-22 14:00:00,132.3943639388569
2011-03-22 15:00:00,128.84792400036903
2011-03-22 16:00:00,177.44430900603177
2011-03-22 17:00:00,324.17485035120774
2011-03-22 18:00:00,305.41088649883534
2011-03-22 19:00:00,177.49744599815978
2011-03-22 20:00:00,132.81132554665527
2011-03-22 21:00:00,102.18082822007418
2011-03-22 22:00:00,79.23594530814154
2011-03-22 23:00:00,41.33223901925871
2011-03-23 00:00:00,15.941394980763876
2011-03-23 01:00:00,6.607421900745049
2011-03-23 02:00:00,4.936896153279315
2011-03-23 03:00:00,3.424261144592669
2011-03-23 05:00:00,7.9493188533552175
2011-03-23 06:00:00,45.37957952474162
2011-03-23 07:00:00,97.146839680595
2011-03-23 08:00:00,205.86195244496204
2011-03-23 09:00:00,133.0488085707396
2011-03-23 10:00:00,64.42842263948495
2011-03-23 11:00:00,62.109545853452595
2011-03-23 12:00:00,61.34949730535659
2011-03-23 13:00:00,50.679191876293864
2011-03-23 14:00:00,69.4331219557874
2011-03-23 15:00:00,78.18407297532478
2011-03-23 16:00:00,125.28259024407033
2011-03-23 17:00:00,177.49564387173245
2011-03-23 18:00:00,98.76144745844923
2011-03-23 19:00:00,88.64330684107352
2011-03-23 20:00:00,44.05514241373781
2011-03-23 21:00:00,40.834626221934975
2011-03-23 22:00:00,36.612666362277636
2011-03-23 23:00:00,29.4764525047774
2011-03-24 00:00:00,16.007715786873582
2011-03-24 01:00:00,4.993869753418291
2011-03-24 02:00:00,4.580926682353651
2011-03-24 03:00:00,2.9084548968798303
2011-03-24 04:00:00,2.2156458030016553
2011-03-24 05:00:00,7.668807976022185
2011-03-24 06:00:00,42.17026597235045
2011-03-24 07:00:00,67.13265699387306
2011-03-24 08:00:00,109.06837164861508
2011-03-24 09:00:00,122.43703298277866
2011-03-24 10:00:00,34.75304514840351
2011-03-24 11:00:00,45.38200272704135
2011-03-24 12:00:00,59.47282148231294
2011-03-24 13:00:00,79.05168838522934
2011-03-24 14:00:00,76.91621991970541
2011-03-24 15:00:00,70.10890295077542
2011-03-24 16:00:00,95.76990681035454
2011-03-24 17:00:00,190.2958858351103
2011-03-24 18:00:00,175.50939795525557
2011-03-24 19:00:00,122.26686199728196
2011-03-24 20:00:00,86.39874309881263
2011-03-24 21:00:00,59.292938332791834
2011-03-24 22:00:00,50.163177166384386
2011-03-24 23:00:00,29.666146610194815
2011-03-25 00:00:00,16.35417251016578
2011-03-25 01:00:00,7.072461781394554
2011-03-25 02:00:00,2.9910856024588677
2011-03-25 03:00:00,2.85320618605779
2011-03-25 04:00:00,2.0580470417110277
2011-03-25 05:00:00,7.105962692292326
2011-03-25 06:00:00,33.68631305088494
2011-03-25 07:00:00,104.70341606072353
2011-03-25 08:00:00,214.73900008034937
2011-03-25 09:00:00,131.54449470605712
2011-03-25 10:00:00,67.9406308174194
2011-03-25 11:00:00,65.22486919879914
2011-03-25 12:00:00,91.85287594822424
2011-03-25 13:00:00,92.3918734676632
2011-03-25 14:00:00,98.0911449249285
2011-03-25 15:00:00,93.62613870605165
2011-03-25 16:00:00,113.07581318752484
2011-03-25 17:00:00,189.7971262072648
2011-03-25 18:00:00,197.40902181159353
2011-03-25 19:00:00,144.98469326687933
2011-03-25 20:00:00,90.19029838622639
2011-03-25 21:00:00,63.98338917894187
2011-03-25 22:00:00,45.28198405126044
2011-03-25 23:00:00,30.7026775543312
2011-03-26 00:00:00,30.86258877113843
2011-03-26 01:00:00,22.964062810894738
2011-03-26 02:00:00,15.918133035147353
2011-03-26 03:00:00,9.651240990161678
2011-03-26 04:00:00,2.8420767188291673
2011-03-26 05:00:00,2.7575115734481352
2011-03-26 06:00:00,8.917847556538693
2011-03-26 07:00:00,19.292866427293614
2011-03-26 08:00:00,41.19207186851985
2011-03-26 09:00:00,57.14411642489374
2011-03-26 10:00:00,93.53187461186924
2011-03-26 11:00:00,97.44293486194141
2011-03-26 12:00:00,106.12221664831586
2011-03-26 13:00:00,128.3603005183116
2011-03-26 14:00:00,134.62963625931852
2011-03-26 15:00:00,134.37913043742927
2011-03-26 16:00:00,140.56083378002054
2011-03-26 17:00:00,129.21764233301195
2011-03-26 18:00:00,110.11647012069756
2011-03-26 19:00:00,67.90699500618247
2011-03-26 20:00:00,61.93873359971515
2011-03-26 21:00:00,49.96111509570678
2011-03-26 22:00:00,45.828262826423334
2011-03-26 23:00:00,31.259079973624857
2011-03-27 00:00:00,34.727004935451156
2011-03-27 01:00:00,24.870676415188825
2011-03-27 02:00:00,18.22178364713689
2011-03-27 03:00:00,10.109070416622558
2011-03-27 04:00:00,3.4218037036311286
2011-03-27 06:00:00,7.129676951155375
2011-03-27 07:00:00,17.311640272202826
2011-03-27 08:00:00,36.52467995238885
2011-03-27 09:00:00,48.71158356301494
2011-03-27 10:00:00,74.73010552066141
2011-03-27 11:00:00,85.96667815298446
2011-03-27 12:00:00,100.80352688923877
2011-03-27 13:00:00,107.34750212346229
2011-03-27 14:00:00,123.14983117004978
2011-03-27 15:00:00,124.75897718996407
2011-03-27 16:00:00,143.56341374974448
2011-03-27 17:00:00,122.95813102883932
2011-03-27 18:00:00,94.61418070274993
2011-03-27 19:00:00,70.52304402075795
2011-03-27 20:00:00,56.9987062928664
2011-03-27 21:00:00,39.47440142322344
2011-03-27 22:00:00,38.395586437518695
2011-03-27 23:00:00,31.05513604961437
2011-03-28 00:00:00,13.74166719054573
2011-03-28 01:00:00,4.612687328412396
2011-03-28 02:00:00,3.532485723291695
2011-03-28 03:00:00,2.3135964289686486
2011-03-28 05:00:00,4.986614691720521
2011-03-28 06:00:00,35.7895589317322
2011-03-28 07:00:00,104.03404623325324
2011-03-28 08:00:00,209.76941908072905
2011-03-28 09:00:00,124.3604585579957
2011-03-28 10:00:00,57.760638639386386
2011-03-28 11:00:00,48.79471084635412
2011-03-28 12:00:00,66.32913491718917
2011-03-28 13:00:00,71.6602704574436
2011-03-28 14:00:00,80.03370070012598
2011-03-28 15:00:00,74.2658527427165
2011-03-28 16:00:00,115.39795981197541
2011-03-28 17:00:00,220.8002318595267
2011-03-28 18:00:00,208.04515067714604
2011-03-28 19:00:00,146.4465223001778
2011-03-28 20:00:00,99.48952191535085
2011-03-28 21:00:00,72.57046943458737
2011-03-28 22:00:00,51.96182999663111
2011-03-28 23:00:00,26.8357902598805
2011-03-29 00:00:00,12.93934366961722
2011-03-29 01:00:00,3.4161824030284476
2011-03-29 02:00:00,3.599642502877576
2011-03-29 03:00:00,2.806062436589521
2011-03-29 04:00:00,1.8651432458662898
2011-03-29 05:00:00,6.166080898743968
2011-03-29 06:00:00,38.77489317789195
2011-03-29 07:00:00,109.16070715047839
2011-03-29 08:00:00,226.21784721903006
2011-03-29 09:00:00,136.1795781386363
2011-03-29 10:00:00,57.96997617736871
2011-03-29 11:00:00,70.31533424029934
2011-03-29 12:00:00,88.04907339842264
2011-03-29 13:00:00,81.8906945117989
2011-03-29 14:00:00,93.2133898436467
2011-03-29 15:00:00,104.13272352632093
2011-03-29 16:00:00,120.76251175802823
2011-03-29 17:00:00,191.38750963515847
2011-03-29 18:00:00,207.7086652885278
2011-03-29 19:00:00,153.1224843831083
2011-03-29 20:00:00,107.15755754908679
2011-03-29 21:00:00,84.4021905429338
2011-03-29 22:00:00,65.84150828244934
2011-03-29 23:00:00,28.436972798750933
2011-03-30 00:00:00,16.81019858838002
2011-03-30 01:00:00,8.736366660055458
2011-03-30 02:00:00,5.337807210875315
2011-03-30 03:00:00,3.7449416745709545
2011-03-30 04:00:00,3.3829580379260933
2011-03-30 05:00:00,8.27362675921344
2011-03-30 06:00:00,46.07790493694745
2011-03-30 07:00:00,103.37293400342027
2011-03-30 08:00:00,205.37098789505285
2011-03-30 09:00:00,141.29097410330255
2011-03-30 10:00:00,77.68445362662335
2011-03-30 11:00:00,79.51438564527966
2011-03-30 12:00:00,87.91281506774511
2011-03-30 13:00:00,92.91092731004706
2011-03-30 14:00:00,86.90617153113847
2011-03-30 15:00:00,30.363057494030127
2011-03-30 16:00:00,48.7339685191921
2011-03-30 17:00:00,101.49411389468021
2011-03-30 18:00:00,132.0689314660543
2011-03-30 19:00:00,97.52565782550664
2011-03-30 20:00:00,57.21166108711941
2011-03-30 21:00:00,53.594606147228916
2011-03-30 22:00:00,32.35459604992127
2011-03-30 23:00:00,20.58912592980397
2011-03-31 00:00:00,8.789407941190134
2011-03-31 01:00:00,5.2367645765423525
2011-03-31 02:00:00,3.889275441291026
2011-03-31 03:00:00,3.054756166403087
2011-03-31 04:00:00,2.6078979129868105
2011-03-31 05:00:00,6.908460111546943
2011-03-31 06:00:00,28.92681376845615
2011-03-31 07:00:00,67.84113988433649
2011-03-31 08:00:00,176.99557267285334
2011-03-31 09:00:00,70.40882693750055
2011-03-31 10:00:00,32.329689575352084
2011-03-31 11:00:00,34.91401406074974
2011-03-31 12:00:00,36.72636210231538
2011-03-31 13:00:00,40.22932756047265
2011-03-31 14:00:00,39.3460132962871
2011-03-31 15:00:00,28.905903848587965
2011-03-31 16:00:00,79.85883378072549
2011-03-31 17:00:00,163.19199797817927
2011-03-31 18:00:00,159.81613738802145
2011-03-31 19:00:00,123.36868857154282
2011-03-31 20:00:00,56.30514152294676
2011-03-31 21:00:00,60.504264546305414
2011-03-31 22:00:00,34.91285814253655
2011-03-31 23:00:00,30.306470141081814
2011-04-20 00:00:00,25.551691339112768
2011-04-20 01:00:00,6.850029080471217
2011-04-20 02:00:00,6.867648761813917
2011-04-20 03:00:00,4.104650454070271
2011-04-20 04:00:00,3.7898609499746536
2011-04-20 05:00:00,13.183311421834171
2011-04-20 06:00:00,51.91311547842489
2011-04-20 07:00:00,107.24232566639674
2011-04-20 08:00:00,259.9305692608094
2011-04-20 09:00:00,152.19488388112617
2011-04-20 10:00:00,112.74394932545529
2011-04-20 11:00:00,115.97536150813166
2011-04-20 12:00:00,146.59600259533005
2011-04-20 13:00:00,150.6464208411902
2011-04-20 14:00:00,151.78895303052954
2011-04-20 15:00:00,150.73868752730306
2011-04-20 16:00:00,192.3936839217759
2011-04-20 17:00:00,349.9090023712131
2011-04-20 18:00:00,355.47708667723055
2011-04-20 19:00:00,274.6947768298793
2011-04-20 20:00:00,169.9526914244897
2011-04-20 21:00:00,137.8442982871099
2011-04-20 22:00:00,118.7344219037737
2011-04-20 23:00:00,80.59980080187009
2011-04-21 00:00:00,27.90725303092448
2011-04-21 01:00:00,13.694408027769429
2011-04-21 02:00:00,10.292454845058431
2011-04-21 03:00:00,4.419371717546628
2011-04-21 04:00:00,3.9778235551712795
2011-04-21 05:00:00,8.081743272867634
2011-04-21 06:00:00,51.60727315361308
2011-04-21 07:00:00,102.3206546145829
2011-04-21 08:00:00,137.60842260940254
2011-04-21 09:00:00,119.67434337731625
2011-04-21 10:00:00,109.46833002608024
2011-04-21 11:00:00,120.68551233039621
2011-04-21 12:00:00,141.09610731393082
2011-04-21 13:00:00,136.1786378948791
2011-04-21 14:00:00,136.29813467074797
2011-04-21 15:00:00,137.09830800729168
2011-04-21 16:00:00,188.12232296348606
2011-04-21 17:00:00,339.3336407953811
2011-04-21 18:00:00,311.37077663954756
2011-04-21 19:00:00,213.29617770656097
2011-04-21 20:00:00,167.23661431031599
2011-04-21 21:00:00,110.28685843194454
2011-04-21 22:00:00,95.88535813780197
2011-04-21 23:00:00,46.9286563983011
2011-04-22 00:00:00,26.809080784484053
2011-04-22 01:00:00,10.567648843166708
2011-04-22 02:00:00,8.628528757190846
2011-04-22 03:00:00,4.467650611878497
2011-04-22 04:00:00,3.8461245824624815
2011-04-22 05:00:00,10.137266231086874
2011-04-22 06:00:00,49.975090501445536
2011-04-22 07:00:00,106.73873087035696
2011-04-22 08:00:00,180.39643385634514
2011-04-22 09:00:00,84.0206066954012
2011-04-22 10:00:00,87.45151965119605
2011-04-22 11:00:00,61.564152996402036
2011-04-22 12:00:00,69.92082789989168
2011-04-22 13:00:00,55.2347345305215
2011-04-22 14:00:00,26.535790071069847
2011-04-22 15:00:00,57.84768516125179
2011-04-22 16:00:00,86.38904536992389
2011-04-22 17:00:00,82.07902378065246
2011-04-22 18:00:00,81.43234926394487
2011-04-22 19:00:00,62.381068033854994
2011-04-22 20:00:00,56.09302357338807
2011-04-22 21:00:00,43.661449265389244
2011-04-22 22:00:00,35.06090917169573
2011-04-22 23:00:00,34.774693110588686
2011-04-23 00:00:00,29.700355107143594
2011-04-23 01:00:00,26.853701192134935
2011-04-23 02:00:00,19.770838034122225
2011-04-23 03:00:00,15.1234785146941
2011-04-23 04:00:00,4.733706265724596
2011-04-23 05:00:00,4.429727021234156
2011-04-23 06:00:00,10.556740398094558
2011-04-23 07:00:00,37.46754220309786
2011-04-23 08:00:00,37.27742264888534
2011-04-23 09:00:00,56.59473180968141
2011-04-23 10:00:00,85.20907993823482
2011-04-23 11:00:00,103.68274347638575
2011-04-23 12:00:00,119.31439287673453
2011-04-23 13:00:00,129.21925009326083
2011-04-23 14:00:00,195.7556793905082
2011-04-23 15:00:00,218.26865287368764
2011-04-23 16:00:00,224.91174230355614
2011-04-23 17:00:00,272.9119610427593
2011-04-23 18:00:00,238.8859133685588
2011-04-23 19:00:00,143.02268509945378
2011-04-23 20:00:00,100.72287431710365
2011-04-23 21:00:00,111.83501503014834
2011-04-23 22:00:00,98.40081696960618
2011-04-23 23:00:00,72.86255469660665
2011-04-24 00:00:00,39.94267175928732
2011-04-24 01:00:00,29.94552953014769
2011-04-24 02:00:00,28.599544625515453
2011-04-24 03:00:00,19.868532379966293
2011-04-24 04:00:00,6.420904764684989
2011-04-24 05:00:00,6.892023495990438
2011-04-24 06:00:00,9.265504824425136
2011-04-24 07:00:00,40.286661317421945
2011-04-24 08:00:00,70.81157573890742
2011-04-24 09:00:00,100.11575592934068
2011-04-24 10:00:00,203.76708612725366
2011-04-24 11:00:00,277.8066199018985
2011-04-24 12:00:00,290.97678010973135
2011-04-24 13:00:00,298.61453908729095
2011-04-24 14:00:00,305.5514779205574
2011-04-24 15:00:00,301.6286069970885
2011-04-24 16:00:00,295.1414273424965
2011-04-24 17:00:00,302.3592461779026
2011-04-24 18:00:00,282.12447291781797
2011-04-24 19:00:00,132.6995585605171
2011-04-24 20:00:00,102.66881241204837
2011-04-24 21:00:00,51.01613116776459
2011-04-24 22:00:00,30.916205140237416
2011-04-24 23:00:00,36.097749316642066
2011-04-25 00:00:00,18.13059799260966
2011-04-25 01:00:00,7.292900445314161
2011-04-25 02:00:00,6.195751840753281
2011-04-25 03:00:00,4.109726210713877
2011-04-25 04:00:00,4.202096427791165
2011-04-25 05:00:00,12.562216930284297
2011-04-25 06:00:00,54.269953845258414
2011-04-25 07:00:00,108.46882882655694
2011-04-25 08:00:00,200.3795049265798
2011-04-25 09:00:00,125.29719455421133
2011-04-25 10:00:00,102.60244985118345
2011-04-25 11:00:00,109.34178101883154
2011-04-25 12:00:00,128.37796150109008
2011-04-25 13:00:00,144.03521686748607
2011-04-25 14:00:00,153.67889189098992
2011-04-25 15:00:00,157.09882973757666
2011-04-25 16:00:00,190.3078492994664
2011-04-25 17:00:00,371.6234403404719
2011-04-25 18:00:00,373.863062093003
2011-04-25 19:00:00,288.79436259046605
2011-04-25 20:00:00,170.52709426984933
2011-04-25 21:00:00,148.3266834587232
2011-04-25 22:00:00,98.5299391453891
2011-04-25 23:00:00,51.91004917649978
2011-04-26 00:00:00,28.0224867092801
2011-04-26 01:00:00,10.958257599309222
2011-04-26 02:00:00,6.150393358940934
2011-04-26 03:00:00,4.063547505630277
2011-04-26 04:00:00,3.9755209100450237
2011-04-26 05:00:00,9.42129609813802
2011-04-26 06:00:00,54.00586736922136
2011-04-26 07:00:00,151.4347694195984
2011-04-26 08:00:00,211.23069130260018
2011-04-26 09:00:00,132.52001756777017
2011-04-26 10:00:00,100.96221966618012
2011-04-26 11:00:00,112.20604639595759
2011-04-26 12:00:00,131.8606748011468
2011-04-26 13:00:00,145.8640085044031
2011-04-26 14:00:00,142.63469888252115
2011-04-26 15:00:00,140.60889627818247
2011-04-26 16:00:00,189.8407685278508
2011-04-26 17:00:00,378.9161413040065
2011-04-26 18:00:00,375.47173231611043
2011-04-26 19:00:00,260.3384993942387
2011-04-26 20:00:00,161.49619783823118
2011-04-26 21:00:00,138.74061322234283
2011-04-26 22:00:00,104.59314399657498
2011-04-26 23:00:00,49.36200408697492
2011-04-27 00:00:00,26.313643859593803
2011-04-27 01:00:00,11.840898724665434
2011-04-27 02:00:00,5.630908944925405
2011-04-27 03:00:00,3.425178925170524
2011-04-27 04:00:00,3.8990410740211296
2011-04-27 05:00:00,8.584231219959264
2011-04-27 06:00:00,54.60929332951859
2011-04-27 07:00:00,154.61010712248506
2011-04-27 08:00:00,206.24353958184554
2011-04-27 09:00:00,101.1842578449401
2011-04-27 10:00:00,78.3315337928086
2011-04-27 11:00:00,92.9089275335615
2011-04-27 12:00:00,109.26450677329731
2011-04-27 13:00:00,112.42384325031783
2011-04-27 14:00:00,125.25180803233846
2011-04-27 15:00:00,132.76500910098284
2011-04-27 16:00:00,177.932070469912
2011-04-27 17:00:00,153.17146544779078
2011-04-27 18:00:00,155.9827452476122
2011-04-27 19:00:00,219.10765016944697
2011-04-27 20:00:00,116.0769081885724
2011-04-27 21:00:00,116.33125432715894
2011-04-27 22:00:00,96.66344112100849
2011-04-27 23:00:00,62.99017244207748
2011-04-28 00:00:00,30.665113127730955
2011-04-28 01:00:00,12.563027502887255
2011-04-28 02:00:00,7.618325439255726
2011-04-28 03:00:00,4.598422701504765
2011-04-28 04:00:00,3.8701417535390013
2011-04-28 05:00:00,8.97012351799896
2011-04-28 06:00:00,55.7326593098731
2011-04-28 07:00:00,159.5144338950054
2011-04-28 08:00:00,224.10889891364712
2011-04-28 09:00:00,93.78773698882729
2011-04-28 10:00:00,85.4028885109305
2011-04-28 11:00:00,81.69411470500226
2011-04-28 12:00:00,106.54774373014624
2011-04-28 13:00:00,91.37665588845479
2011-04-28 14:00:00,94.42711250333417
2011-04-28 15:00:00,134.78709366911662
2011-04-28 16:00:00,176.001654233202
2011-04-28 17:00:00,359.15142314184504
2011-04-28 18:00:00,351.1663191161135
2011-04-28 19:00:00,264.22271298262183
2011-04-28 20:00:00,168.1967458574782
2011-04-28 21:00:00,134.5942867326649
2011-04-28 22:00:00,100.33908024326787
2011-04-28 23:00:00,60.42715111331758
2011-04-29 00:00:00,35.12508748472848
2011-04-29 01:00:00,17.22839448997905
2011-04-29 02:00:00,10.325099507707552
2011-04-29 03:00:00,4.953620550973584
2011-04-29 04:00:00,3.98958742516547
2011-04-29 05:00:00,11.585412014717242
2011-04-29 06:00:00,51.84488713419037
2011-04-29 07:00:00,186.78896287853726
2011-04-29 08:00:00,278.73838145513247
2011-04-29 09:00:00,164.38062244506344
2011-04-29 10:00:00,152.59326481403644
2011-04-29 11:00:00,155.53593998736804
2011-04-29 12:00:00,174.25298787195536
2011-04-29 13:00:00,176.56361317752913
2011-04-29 14:00:00,184.97189992222724
2011-04-29 15:00:00,173.6441857663913
2011-04-29 16:00:00,223.31008143617615
2011-04-29 17:00:00,324.7340850634091
2011-04-29 18:00:00,319.30464585992877
2011-04-29 19:00:00,203.39017518114568
2011-04-29 20:00:00,148.8653695517651
2011-04-29 21:00:00,118.37765752938375
2011-04-29 22:00:00,99.38862341371464
2011-04-29 23:00:00,50.804593906813096
2011-04-30 00:00:00,36.58187392296517
2011-04-30 01:00:00,33.533279419015045
2011-04-30 02:00:00,27.031732061936793
2011-04-30 03:00:00,14.416316895298174
2011-04-30 04:00:00,3.743120088846318
2011-04-30 05:00:00,3.962442908755536
2011-04-30 06:00:00,18.833157799408266
2011-04-30 07:00:00,38.02578286804322
2011-04-30 08:00:00,78.64968994526146
2011-04-30 09:00:00,132.25455808691527
2011-04-30 10:00:00,203.63053227840192
2011-04-30 11:00:00,234.68306265563353
2011-04-30 12:00:00,260.6613672404352
2011-04-30 13:00:00,250.94245617072917
2011-04-30 14:00:00,255.11376772909125
2011-04-30 15:00:00,272.4341944051456
2011-04-30 16:00:00,273.3281261280978
2011-04-30 17:00:00,306.5049985551037
2011-04-30 18:00:00,283.15463659176595
2011-04-30 19:00:00,226.28807207487716
2011-04-30 20:00:00,140.76282908812675
2011-04-30 21:00:00,107.21010709600088
2011-04-30 22:00:00,88.2268167835885
2011-04-30 23:00:00,55.28082833212656
2011-05-20 00:00:00,25.571859618836044
2011-05-20 01:00:00,12.501723220002887
2011-05-20 02:00:00,11.181848951196153
2011-05-20 03:00:00,4.925856960866499
2011-05-20 04:00:00,5.457792934502329
2011-05-20 05:00:00,17.355440070078025
2011-05-20 06:00:00,85.04564248607697
2011-05-20 07:00:00,256.1759045275802
2011-05-20 08:00:00,398.7898545880854
2011-05-20 09:00:00,202.18614536997094
2011-05-20 10:00:00,153.3049600118067
2011-05-20 11:00:00,161.47481907509206
2011-05-20 12:00:00,225.7603143969378
2011-05-20 13:00:00,212.34934531603136
2011-05-20 14:00:00,233.38628877767502
2011-05-20 15:00:00,225.37104420601037
2011-05-20 16:00:00,354.90866177752406
2011-05-20 17:00:00,420.49134563433677
2011-05-20 18:00:00,464.2681793081874
2011-05-20 19:00:00,313.70391279409677
2011-05-20 20:00:00,217.22211431036808
2011-05-20 21:00:00,175.7666244055659
2011-05-20 22:00:00,126.83272073701188
2011-05-20 23:00:00,107.44150131566806
2011-05-21 00:00:00,94.79861400432405
2011-05-21 01:00:00,74.14147209357827
2011-05-21 02:00:00,65.29941929399749
2011-05-21 03:00:00,27.674182798188188
2011-05-21 04:00:00,5.755178117839391
2011-05-21 05:00:00,7.202628415029274
2011-05-21 06:00:00,23.124308346323858
2011-05-21 07:00:00,54.51167552160226
2011-05-21 08:00:00,118.53669795270422
2011-05-21 09:00:00,193.7894220598393
2011-05-21 10:00:00,280.5368503366519
2011-05-21 11:00:00,377.14998435632475
2011-05-21 12:00:00,376.1464189753342
2011-05-21 13:00:00,381.64000447662954
2011-05-21 14:00:00,376.33853013736115
2011-05-21 15:00:00,389.9675272390791
2011-05-21 16:00:00,402.9838316453151
2011-05-21 17:00:00,400.6175407678064
2011-05-21 18:00:00,360.27049168258907
2011-05-21 19:00:00,338.25102722229525
2011-05-21 20:00:00,221.28467982732792
2011-05-21 21:00:00,179.6022079513567
2011-05-21 22:00:00,126.53336614465427
2011-05-21 23:00:00,98.97918427990005
2011-05-22 00:00:00,104.1545171180588
2011-05-22 01:00:00,64.7741144478707
2011-05-22 02:00:00,62.894664609422755
2011-05-22 03:00:00,29.430261895771697
2011-05-22 04:00:00,9.546736166425653
2011-05-22 05:00:00,9.342517541442312
2011-05-22 06:00:00,10.409161367966064
2011-05-22 07:00:00,54.302033905404315
2011-05-22 08:00:00,92.88700707061412
2011-05-22 09:00:00,168.5782978731179
2011-05-22 10:00:00,255.1586262953833
2011-05-22 11:00:00,373.8827187544077
2011-05-22 12:00:00,373.8875686810368
2011-05-22 13:00:00,374.96164003266375
2011-05-22 14:00:00,275.80886170484166
2011-05-22 15:00:00,363.59123635606846
2011-05-22 16:00:00,392.00409231083313
2011-05-22 17:00:00,371.84158832046387
2011-05-22 18:00:00,336.32529587363996
2011-05-22 19:00:00,320.4437561034609
2011-05-22 20:00:00,227.15281949662398
2011-05-22 21:00:00,161.58978518845487
2011-05-22 22:00:00,119.70964702348547
2011-05-22 23:00:00,71.47417666874591
2011-05-23 00:00:00,27.48782623723057
2011-05-23 01:00:00,12.016296179216317
2011-05-23 02:00:00,6.49236756340957
2011-05-23 03:00:00,3.845676283221559
2011-05-23 04:00:00,4.722526238485156
2011-05-23 05:00:00,15.241715965354341
2011-05-23 06:00:00,90.54600564100126
2011-05-23 07:00:00,176.26668316237436
2011-05-23 08:00:00,377.76205249280224
2011-05-23 09:00:00,199.7279503231351
2011-05-23 10:00:00,123.94645579472231
2011-05-23 11:00:00,149.1228779370823
2011-05-23 12:00:00,189.23065057515345
2011-05-23 13:00:00,175.44178446823946
2011-05-23 14:00:00,167.4958878616412
2011-05-23 15:00:00,170.18809113637911
2011-05-23 16:00:00,290.8126424798739
2011-05-23 17:00:00,437.56799302196595
2011-05-23 18:00:00,478.85432770977
2011-05-23 19:00:00,380.6670869130743
2011-05-23 20:00:00,178.23048140707579
2011-05-23 21:00:00,132.87597088795945
2011-05-23 22:00:00,108.60020033042326
2011-05-23 23:00:00,63.600497275708975
2011-05-24 00:00:00,21.16044392591384
2011-05-24 01:00:00,9.32941982509238
2011-05-24 02:00:00,7.217937848937569
2011-05-24 03:00:00,4.38302833846726
2011-05-24 04:00:00,4.975582145711696
2011-05-24 05:00:00,15.28254927166433
2011-05-24 06:00:00,102.83866926043365
2011-05-24 07:00:00,136.8208910691879
2011-05-24 08:00:00,238.0964461760393
2011-05-24 09:00:00,210.65487486915154
2011-05-24 10:00:00,116.51104077710592
2011-05-24 11:00:00,153.44521446228123
2011-05-24 12:00:00,178.91588970941365
2011-05-24 13:00:00,180.10038704381913
2011-05-24 14:00:00,167.90929510777067
2011-05-24 15:00:00,169.61914416285555
2011-05-24 16:00:00,301.7628805369724
2011-05-24 17:00:00,428.07981005762565
2011-05-24 18:00:00,505.20824088330755
2011-05-24 19:00:00,378.1750812970424
2011-05-24 20:00:00,264.1954312075905
2011-05-24 21:00:00,183.1037968367003
2011-05-24 22:00:00,62.15026214308161
2011-05-24 23:00:00,83.54837369682517
2011-05-25 00:00:00,24.623992416214755
2011-05-25 01:00:00,12.594970065799057
2011-05-25 02:00:00,7.781291616275574
2011-05-25 03:00:00,4.355885924785046
2011-05-25 04:00:00,4.809538022546221
2011-05-25 05:00:00,19.99777419953537
2011-05-25 06:00:00,99.44459491337105
2011-05-25 07:00:00,280.0626228761817
2011-05-25 08:00:00,395.4513854412121
2011-05-25 09:00:00,212.76449621822525
2011-05-25 10:00:00,119.03605176492987
2011-05-25 11:00:00,157.49984446335455
2011-05-25 12:00:00,178.65162701198759
2011-05-25 13:00:00,172.6892279359652
2011-05-25 14:00:00,164.59771292585492
2011-05-25 15:00:00,165.6935287536087
2011-05-25 16:00:00,289.0965471183106
2011-05-25 17:00:00,559.1276179675112
2011-05-25 18:00:00,532.1117981524194
2011-05-25 19:00:00,390.12548693316137
2011-05-25 20:00:00,280.39979119975783
2011-05-25 21:00:00,195.33070030055632
2011-05-25 22:00:00,149.52583083580407
2011-05-25 23:00:00,93.87031244061043
2011-05-26 00:00:00,42.4281081707289
2011-05-26 01:00:00,17.622833807201147
2011-05-26 02:00:00,11.484082148064811
2011-05-26 03:00:00,4.571492471023457
2011-05-26 04:00:00,5.3023811182570775
2011-05-26 05:00:00,19.16163548029878
2011-05-26 06:00:00,94.78247564751001
2011-05-26 07:00:00,177.25573159338867
2011-05-26 08:00:00,418.5835926307817
2011-05-26 09:00:00,212.75466800934927
2011-05-26 10:00:00,122.26187860551163
2011-05-26 11:00:00,157.08152822765487
2011-05-26 12:00:00,180.09163374626877
2011-05-26 13:00:00,171.18022745841083
2011-05-26 14:00:00,163.59919625403506
2011-05-26 15:00:00,172.43831743570922
2011-05-26 16:00:00,292.37857392868085
2011-05-26 17:00:00,529.3273928586533
2011-05-26 18:00:00,528.8253329835512
2011-05-26 19:00:00,359.46342566007786
2011-05-26 20:00:00,273.44911556082167
2011-05-26 21:00:00,193.14391802274054
2011-05-26 22:00:00,158.56914394954043
2011-05-26 23:00:00,120.71555858816242
2011-05-27 00:00:00,54.74941492199984
2011-05-27 01:00:00,25.455520737863647
2011-05-27 02:00:00,15.293692733707783
2011-05-27 03:00:00,5.148781261969536
2011-05-27 04:00:00,5.097879804026155
2011-05-27 05:00:00,23.45837475342816
2011-05-27 06:00:00,98.64643167313372
2011-05-27 07:00:00,266.30488885360904
2011-05-27 08:00:00,400.98229410029467
2011-05-27 09:00:00,206.61380614419897
2011-05-27 10:00:00,153.8123364405151
2011-05-27 11:00:00,160.16174031914807
2011-05-27 12:00:00,218.52341284738907
2011-05-27 13:00:00,222.50327344006018
2011-05-27 14:00:00,220.02514216865058
2011-05-27 15:00:00,222.61328415075735
2011-05-27 16:00:00,340.9364004604658
2011-05-27 17:00:00,520.0377310251188
2011-05-27 18:00:00,435.20745553689125
2011-05-27 19:00:00,284.4101482738029
2011-05-27 20:00:00,222.20027524221553
2011-05-27 21:00:00,145.9232853009147
2011-05-27 22:00:00,134.36450854312974
2011-05-27 23:00:00,100.86572256212034
2011-05-28 00:00:00,101.20669401938908
2011-05-28 01:00:00,83.44104079265415
2011-05-28 02:00:00,59.043096805916534
2011-05-28 03:00:00,27.248978442995266
2011-05-28 04:00:00,5.000649401732312
2011-05-28 05:00:00,6.9217951170033905
2011-05-28 06:00:00,25.50956792972654
2011-05-28 07:00:00,53.97643231152912
2011-05-28 08:00:00,113.21372901633049
2011-05-28 09:00:00,187.37685433630523
2011-05-28 10:00:00,269.38578786950984
2011-05-28 11:00:00,369.3594635234798
2011-05-28 12:00:00,378.6014976271097
2011-05-28 13:00:00,381.85250565811384
2011-05-28 14:00:00,369.95815848653126
2011-05-28 15:00:00,388.8551406112044
2011-05-28 16:00:00,409.15542822986345
2011-05-28 17:00:00,387.0034980824966
2011-05-28 18:00:00,346.21265224506584
2011-05-28 19:00:00,311.2217290238862
2011-05-28 20:00:00,255.3985891274474
2011-05-28 21:00:00,180.32787362324018
2011-05-28 22:00:00,162.73837731351892
2011-05-28 23:00:00,135.22613555918178
2011-05-29 00:00:00,104.78419794317993
2011-05-29 01:00:00,83.66890998998632
2011-05-29 02:00:00,63.53466310448598
2011-05-29 03:00:00,27.21806144262879
2011-05-29 04:00:00,8.695140922564752
2011-05-29 05:00:00,8.576035028629251
2011-05-29 06:00:00,13.129417260548026
2011-05-29 07:00:00,44.47122235185025
2011-05-29 08:00:00,76.09541299574664
2011-05-29 09:00:00,73.19854512727638
2011-05-29 10:00:00,195.92240462310897
2011-05-29 11:00:00,224.39285685489864
2011-05-29 12:00:00,356.9897561316236
2011-05-29 13:00:00,364.36009140538124
2011-05-29 14:00:00,347.43134191837237
2011-05-29 15:00:00,352.07086217088124
2011-05-29 16:00:00,356.72158260008416
2011-05-29 17:00:00,361.475803207176
2011-05-29 18:00:00,274.1956982757297
2011-05-29 19:00:00,272.8199368584829
2011-05-29 20:00:00,211.84258204028066
2011-05-29 21:00:00,154.6029663073063
2011-05-29 22:00:00,122.95173854361896
2011-05-29 23:00:00,96.01919694362864
2011-05-30 00:00:00,36.957118120983765
2011-05-30 01:00:00,49.34080871423729
2011-05-30 02:00:00,36.344211388098095
2011-05-30 03:00:00,12.50034568493956
2011-05-30 04:00:00,7.272022407795286
2011-05-30 05:00:00,8.292714040062199
2011-05-30 06:00:00,21.684710605203435
2011-05-30 07:00:00,88.04106608417705
2011-05-30 08:00:00,115.30772102596222
2011-05-30 09:00:00,221.16259751286736
2011-05-30 10:00:00,289.5752212103919
2011-05-30 11:00:00,369.42858859329453
2011-05-30 12:00:00,377.02483263177174
2011-05-30 13:00:00,372.30126027899803
2011-05-30 14:00:00,365.52644758336316
2011-05-30 15:00:00,357.2788317810116
2011-05-30 16:00:00,301.82416648483866
2011-05-30 17:00:00,464.55433278590675
2011-05-30 18:00:00,443.5284704368518
2011-05-30 19:00:00,321.38229088122716
2011-05-30 20:00:00,296.964231356561
2011-05-30 21:00:00,295.8158784230311
2011-05-30 22:00:00,179.43074117027595
2011-05-30 23:00:00,83.62651539641296
2011-05-31 00:00:00,38.15349830508067
2011-05-31 01:00:00,16.6667529840328
2011-05-31 02:00:00,7.809128366841941
2011-05-31 03:00:00,3.966743654199421
2011-05-31 04:00:00,5.155802974380677
2011-05-31 05:00:00,19.576115243390166
2011-05-31 06:00:00,109.98545151839187
2011-05-31 07:00:00,284.15019834678003
2011-05-31 08:00:00,407.65947222992
2011-05-31 09:00:00,188.47298362511214
2011-05-31 10:00:00,120.46933500627247
2011-05-31 11:00:00,142.8934600727244
2011-05-31 12:00:00,154.12015695934372
2011-05-31 13:00:00,153.34631864142983
2011-05-31 14:00:00,147.64166578859295
2011-05-31 15:00:00,154.08397217301123
2011-05-31 16:00:00,238.26622982472935
2011-05-31 17:00:00,506.06441662374795
2011-05-31 18:00:00,508.75986613632074
2011-05-31 19:00:00,380.2994525113684
2011-05-31 20:00:00,259.53570401595283
2011-05-31 21:00:00,194.7386092392453
2011-05-31 22:00:00,150.52559797926602
2011-05-31 23:00:00,79.33151308167577
2011-06-20 00:00:00,34.16317033560229
2011-06-20 01:00:00,12.99201944500397
2011-06-20 02:00:00,7.57532804676376
2011-06-20 03:00:00,3.602747509463219
2011-06-20 04:00:00,4.2838035014583635
2011-06-20 05:00:00,14.649133718197152
2011-06-20 06:00:00,85.2202977014309
2011-06-20 07:00:00,135.32284995541153
2011-06-20 08:00:00,243.6217900240183
2011-06-20 09:00:00,206.0382588025804
2011-06-20 10:00:00,121.51693482035904
2011-06-20 11:00:00,128.61852325607973
2011-06-20 12:00:00,176.3113204946202
2011-06-20 13:00:00,180.60582832785934
2011-06-20 14:00:00,177.83839594116645
2011-06-20 15:00:00,180.066295339659
2011-06-20 16:00:00,304.23701126452085
2011-06-20 17:00:00,478.4828521172435
2011-06-20 18:00:00,524.7923915166973
2011-06-20 19:00:00,387.21813190239106
2011-06-20 20:00:00,270.6239199226353
2011-06-20 21:00:00,188.7709658483314
2011-06-20 22:00:00,118.55572649944371
2011-06-20 23:00:00,80.4460116753436
2011-06-21 00:00:00,34.021044367837526
2011-06-21 01:00:00,10.831398733683436
2011-06-21 02:00:00,6.154930582247714
2011-06-21 03:00:00,4.1301843071885544
2011-06-21 04:00:00,5.12264585083877
2011-06-21 05:00:00,21.23382660804038
2011-06-21 06:00:00,108.17299418398892
2011-06-21 07:00:00,171.20748383611476
2011-06-21 08:00:00,355.9098983676297
2011-06-21 09:00:00,204.83315261493857
2011-06-21 10:00:00,123.47998622967746
2011-06-21 11:00:00,125.7757671303596
2011-06-21 12:00:00,163.21268610665817
2011-06-21 13:00:00,166.64037400842182
2011-06-21 14:00:00,162.3704586993001
2011-06-21 15:00:00,166.61033375351877
2011-06-21 16:00:00,290.6794296180117
2011-06-21 17:00:00,557.3522209570675
2011-06-21 18:00:00,511.25638172496394
2011-06-21 19:00:00,362.1416859523964
2011-06-21 20:00:00,228.0939928718915
2011-06-21 21:00:00,199.2617185003179
2011-06-21 22:00:00,157.55380641512707
2011-06-21 23:00:00,85.53072157649156
2011-06-22 00:00:00,36.33577033716102
2011-06-22 01:00:00,16.98567709466236
2011-06-22 02:00:00,6.827262664922443
2011-06-22 03:00:00,4.7832215381778
2011-06-22 04:00:00,5.124023866460458
2011-06-22 05:00:00,19.976155405682718
2011-06-22 06:00:00,108.50581827372301
2011-06-22 07:00:00,303.8613077490026
2011-06-22 08:00:00,404.928790527112
2011-06-22 09:00:00,199.6224579084021
2011-06-22 10:00:00,121.03007297806322
2011-06-22 11:00:00,145.9317561333853
2011-06-22 12:00:00,169.8372300298507
2011-06-22 13:00:00,156.59498488746797
2011-06-22 14:00:00,161.36960388598754
2011-06-22 15:00:00,156.2090810711077
2011-06-22 16:00:00,265.4449575227698
2011-06-22 17:00:00,532.3777116800829
2011-06-22 18:00:00,518.7001814765302
2011-06-22 19:00:00,374.03960951579415
2011-06-22 20:00:00,263.59379633568585
2011-06-22 21:00:00,190.56889352726694
2011-06-22 22:00:00,158.39319977282827
2011-06-22 23:00:00,92.31484774195582
2011-06-23 00:00:00,47.636227939216745
2011-06-23 01:00:00,19.279394759601082
2011-06-23 02:00:00,9.220050655099115
2011-06-23 03:00:00,4.444889376146197
2011-06-23 04:00:00,5.368297921687641
2011-06-23 05:00:00,21.922904999073324
2011-06-23 06:00:00,118.05831285969043
2011-06-23 07:00:00,313.2259503834885
2011-06-23 08:00:00,394.1913691282376
2011-06-23 09:00:00,214.0114680897192
2011-06-23 10:00:00,120.64970143320326
2011-06-23 11:00:00,122.91559980888137
2011-06-23 12:00:00,169.66472608182713
2011-06-23 13:00:00,174.0692012988378
2011-06-23 14:00:00,165.72983113533294
2011-06-23 15:00:00,167.01509546172187
2011-06-23 16:00:00,289.63604227855507
2011-06-23 17:00:00,530.7397551685717
2011-06-23 18:00:00,513.6170867448345
2011-06-23 19:00:00,359.3784897081099
2011-06-23 20:00:00,273.11645705997455
2011-06-23 21:00:00,197.37470857817303
2011-06-23 22:00:00,153.8921811856899
2011-06-23 23:00:00,121.76621334492
2011-06-24 00:00:00,48.4731089734812
2011-06-24 01:00:00,21.25449793289674
2011-06-24 02:00:00,11.081115769442508
2011-06-24 03:00:00,5.396120713686534
2011-06-24 04:00:00,5.6832002767943255
2011-06-24 05:00:00,20.65711860296897
2011-06-24 06:00:00,97.04183364926527
2011-06-24 07:00:00,261.86269791751187
2011-06-24 08:00:00,402.3546171523025
2011-06-24 09:00:00,216.08479839884978
2011-06-24 10:00:00,141.7361218288494
2011-06-24 11:00:00,153.4359943210405
2011-06-24 12:00:00,217.60556030786725
2011-06-24 13:00:00,217.76186691171685
2011-06-24 14:00:00,222.99001726631232
2011-06-24 15:00:00,206.09998277634048
2011-06-24 16:00:00,339.8953657594579
2011-06-24 17:00:00,545.3952754953908
2011-06-24 18:00:00,484.22168800027697
2011-06-24 19:00:00,363.1500782607583
2011-06-24 20:00:00,278.05310822157384
2011-06-24 21:00:00,229.1437794254518
2011-06-24 22:00:00,194.84984176360842
2011-06-24 23:00:00,150.453348007576
2011-06-25 00:00:00,114.79844216908661
2011-06-25 01:00:00,80.33438714216511
2011-06-25 02:00:00,75.09161355226108
2011-06-25 03:00:00,31.747086155985695
2011-06-25 04:00:00,7.5923631720767935
2011-06-25 05:00:00,9.950885465728668
2011-06-25 06:00:00,29.708582405391912
2011-06-25 07:00:00,65.08078127410299
2011-06-25 08:00:00,140.1908393751021
2011-06-25 09:00:00,201.9191247969532
2011-06-25 10:00:00,292.998936200646
2011-06-25 11:00:00,380.29243720085856
2011-06-25 12:00:00,403.5305994809753
2011-06-25 13:00:00,403.1568233344629
2011-06-25 14:00:00,402.80616411556633
2011-06-25 15:00:00,386.35130078810937
2011-06-25 16:00:00,400.10660194659613
2011-06-25 17:00:00,430.9779952684541
2011-06-25 18:00:00,383.1717896537139
2011-06-25 19:00:00,354.4824695488591
2011-06-25 20:00:00,274.47209928951116
2011-06-25 21:00:00,225.91566821740975
2011-06-25 22:00:00,193.6505420007564
2011-06-25 23:00:00,137.92022338050523
2011-06-26 00:00:00,95.9470954932588
2011-06-26 01:00:00,89.85767349310348
2011-06-26 02:00:00,79.79614805479643
2011-06-26 03:00:00,33.76130925596961
2011-06-26 04:00:00,11.69333335900539
2011-06-26 05:00:00,11.818891447505797
2011-06-26 06:00:00,25.2315223980641
2011-06-26 07:00:00,50.54894940325613
2011-06-26 08:00:00,110.40388610201654
2011-06-26 09:00:00,177.35158449523044
2011-06-26 10:00:00,305.240595582803
2011-06-26 11:00:00,385.1242756313483
2011-06-26 12:00:00,395.80592794124266
2011-06-26 13:00:00,384.89117198723847
2011-06-26 14:00:00,382.56766914761823
2011-06-26 15:00:00,380.1025620792269
2011-06-26 16:00:00,399.29858576849193
2011-06-26 17:00:00,406.2347158233559
2011-06-26 18:00:00,376.63221348360787
2011-06-26 19:00:00,345.76281311436367
2011-06-26 20:00:00,238.15804782103248
2011-06-26 21:00:00,208.37914815056092
2011-06-26 22:00:00,185.81846211546377
2011-06-26 23:00:00,88.2024105766973
2011-06-27 00:00:00,31.77873691979137
2011-06-27 01:00:00,10.998672651679843
2011-06-27 02:00:00,6.525122234329411
2011-06-27 03:00:00,4.028955250958843
2011-06-27 04:00:00,5.187279596215229
2011-06-27 05:00:00,21.64266774030489
2011-06-27 06:00:00,110.04700401765676
2011-06-27 07:00:00,311.65125335849564
2011-06-27 08:00:00,385.75470796063667
2011-06-27 09:00:00,204.6545270892888
2011-06-27 10:00:00,116.04837185520199
2011-06-27 11:00:00,154.66586978863938
2011-06-27 12:00:00,168.54978850744243
2011-06-27 13:00:00,169.30920465905876
2011-06-27 14:00:00,164.7330467086998
2011-06-27 15:00:00,165.59964994020947
2011-06-27 16:00:00,291.34705803052566
2011-06-27 17:00:00,556.3657084251278
2011-06-27 18:00:00,483.731680944735
2011-06-27 19:00:00,393.9727895101894
2011-06-27 20:00:00,272.5484209546045
2011-06-27 21:00:00,187.100907795611
2011-06-27 22:00:00,123.74720264244178
2011-06-27 23:00:00,88.23453485292598
2011-06-28 00:00:00,36.45051499976338
2011-06-28 01:00:00,15.454831478948373
2011-06-28 02:00:00,9.707193038651674
2011-06-28 03:00:00,4.707193177837011
2011-06-28 04:00:00,4.8085098247266655
2011-06-28 05:00:00,19.88488429569382
2011-06-28 06:00:00,108.89170922033986
2011-06-28 07:00:00,295.3201143919847
2011-06-28 08:00:00,423.94972591818765
2011-06-28 09:00:00,205.56350876655722
2011-06-28 10:00:00,118.47701009494568
2011-06-28 11:00:00,141.79712897056723
2011-06-28 12:00:00,168.42954461727973
2011-06-28 13:00:00,167.88277737219613
2011-06-28 14:00:00,153.81036680124598
2011-06-28 15:00:00,152.47207587493955
2011-06-28 16:00:00,247.7037035208865
2011-06-28 17:00:00,391.8705750972507
2011-06-28 18:00:00,378.9127137588265
2011-06-28 19:00:00,324.9194534734551
2011-06-28 20:00:00,268.0153489085036
2011-06-28 21:00:00,198.64834426413915
2011-06-28 22:00:00,154.7078924599058
2011-06-28 23:00:00,94.52326318633061
2011-06-29 00:00:00,39.037938496349824
2011-06-29 01:00:00,17.818487870526248
2011-06-29 02:00:00,8.484687904492914
2011-06-29 03:00:00,5.068848974207803
2011-06-29 04:00:00,5.397356105756486
2011-06-29 05:00:00,21.568971917302473
2011-06-29 06:00:00,112.24443869634362
2011-06-29 07:00:00,316.9301375415755
2011-06-29 08:00:00,424.5959698434585
2011-06-29 09:00:00,206.93921073598295
2011-06-29 10:00:00,117.31228445149941
2011-06-29 11:00:00,157.79309042781125
2011-06-29 12:00:00,185.19614568777484
2011-06-29 13:00:00,184.53101307295458
2011-06-29 14:00:00,164.67636886799244
2011-06-29 15:00:00,167.01403066094383
2011-06-29 16:00:00,295.85314413453506
2011-06-29 17:00:00,554.9954212232398
2011-06-29 18:00:00,553.6306419835028
2011-06-29 19:00:00,375.7278664547358
2011-06-29 20:00:00,284.1688685958188
2011-06-29 21:00:00,226.44795557044077
2011-06-29 22:00:00,164.55557274668598
2011-06-29 23:00:00,100.82209285635963
2011-06-30 00:00:00,46.97751082280985
2011-06-30 01:00:00,18.72648730364819
2011-06-30 02:00:00,8.719929713640411
2011-06-30 03:00:00,5.550798198266662
2011-06-30 04:00:00,4.964032653877957
2011-06-30 05:00:00,23.53292819205368
2011-06-30 06:00:00,111.82356571891475
2011-06-30 07:00:00,323.2044020462458
2011-06-30 08:00:00,420.6964899973091
2011-06-30 09:00:00,211.8018983727955
2011-06-30 10:00:00,121.10462363552514
2011-06-30 11:00:00,161.05986042506018
2011-06-30 12:00:00,181.5957828727732
2011-06-30 13:00:00,182.55409055048196
2011-06-30 14:00:00,166.94960294440867
2011-06-30 15:00:00,174.7502853549331
2011-06-30 16:00:00,292.3701717614425
2011-06-30 17:00:00,574.4133365636928
2011-06-30 18:00:00,546.4342025389119
2011-06-30 19:00:00,381.15843074751774
2011-06-30 20:00:00,287.8295828212425
2011-06-30 21:00:00,223.78937005813708
2011-06-30 22:00:00,167.1942474699821
2011-06-30 23:00:00,129.85230816920088
2011-07-20 00:00:00,40.91657734877251
2011-07-20 01:00:00,16.51515658659784
2011-07-20 02:00:00,7.515260565132226
2011-07-20 03:00:00,5.195567936006745
2011-07-20 04:00:00,5.736032515924064
2011-07-20 05:00:00,20.94558318194218
2011-07-20 06:00:00,116.33513370716902
2011-07-20 07:00:00,289.7520633510444
2011-07-20 08:00:00,405.03066658702585
2011-07-20 09:00:00,204.2418106290716
2011-07-20 10:00:00,114.53794448067482
2011-07-20 11:00:00,141.75826183599654
2011-07-20 12:00:00,159.13606578436216
2011-07-20 13:00:00,155.78311372463318
2011-07-20 14:00:00,156.12568021442334
2011-07-20 15:00:00,157.05646881582882
2011-07-20 16:00:00,248.87924796003878
2011-07-20 17:00:00,483.62292242479356
2011-07-20 18:00:00,491.109038113674
2011-07-20 19:00:00,383.09408343144963
2011-07-20 20:00:00,264.8828440135659
2011-07-20 21:00:00,207.24035321697846
2011-07-20 22:00:00,159.50297531248407
2011-07-20 23:00:00,92.75897473002414
2011-07-21 00:00:00,51.057490042153724
2011-07-21 01:00:00,18.201579529936648
2011-07-21 02:00:00,7.929038252914175
2011-07-21 03:00:00,3.9381553064823906
2011-07-21 04:00:00,4.739155722304076
2011-07-21 05:00:00,21.10788144360123
2011-07-21 06:00:00,115.9962849349487
2011-07-21 07:00:00,295.91655386550843
2011-07-21 08:00:00,425.0650305517878
2011-07-21 09:00:00,198.63080599874593
2011-07-21 10:00:00,117.82829765150956
2011-07-21 11:00:00,133.8479555575427
2011-07-21 12:00:00,145.28609901590994
2011-07-21 13:00:00,145.2017537953979
2011-07-21 14:00:00,142.2862697931744
2011-07-21 15:00:00,145.0515787885763
2011-07-21 16:00:00,242.40910448525335
2011-07-21 17:00:00,453.11211860464255
2011-07-21 18:00:00,457.6834013282408
2011-07-21 19:00:00,362.3380050256396
2011-07-21 20:00:00,262.56431291458716
2011-07-21 21:00:00,200.87511483527766
2011-07-21 22:00:00,165.62689469532626
2011-07-21 23:00:00,118.94199916908696
2011-07-22 00:00:00,60.32353785799398
2011-07-22 01:00:00,26.923627630376593
2011-07-22 02:00:00,18.977539789207256
2011-07-22 03:00:00,4.039563490298399
2011-07-22 04:00:00,4.739990829396895
2011-07-22 05:00:00,20.671875790247217
2011-07-22 06:00:00,102.14685995977928
2011-07-22 07:00:00,281.5393746124172
2011-07-22 08:00:00,400.29455585654443
2011-07-22 09:00:00,212.96166347046395
2011-07-22 10:00:00,142.308113099513
2011-07-22 11:00:00,151.50498295373478
2011-07-22 12:00:00,204.02464447629345
2011-07-22 13:00:00,202.957822129973
2011-07-22 14:00:00,197.3441531261681
2011-07-22 15:00:00,186.5326486225906
2011-07-22 16:00:00,290.85425334785737
2011-07-22 17:00:00,483.322607387321
2011-07-22 18:00:00,462.1945421926942
2011-07-22 19:00:00,352.1797174613937
2011-07-22 20:00:00,261.97321672097326
2011-07-22 21:00:00,206.7722588283346
2011-07-22 22:00:00,185.73664985571594
2011-07-22 23:00:00,142.46092456369888
2011-07-23 00:00:00,99.61764580145957
2011-07-23 01:00:00,79.56506435788093
2011-07-23 02:00:00,75.05754085782321
2011-07-23 03:00:00,29.849551671392376
2011-07-23 04:00:00,10.339670337857324
2011-07-23 05:00:00,10.555627013610227
2011-07-23 06:00:00,32.520599268161945
2011-07-23 07:00:00,64.98833720029121
2011-07-23 08:00:00,150.90966366665876
2011-07-23 09:00:00,211.70943955476093
2011-07-23 10:00:00,289.9676975970142
2011-07-23 11:00:00,340.12734690678855
2011-07-23 12:00:00,365.89828644677846
2011-07-23 13:00:00,355.738228273916
2011-07-23 14:00:00,354.64725399953034
2011-07-23 15:00:00,356.92566848210504
2011-07-23 16:00:00,381.2840225584605
2011-07-23 17:00:00,419.2245013888613
2011-07-23 18:00:00,391.58481398312756
2011-07-23 19:00:00,339.96903569189715
2011-07-23 20:00:00,261.27427287560624
2011-07-23 21:00:00,221.48587653522605
2011-07-23 22:00:00,190.44074659357057
2011-07-23 23:00:00,140.36041880671948
2011-07-24 00:00:00,102.44421523009544
2011-07-24 01:00:00,79.46191936473281
2011-07-24 02:00:00,83.00742272355652
2011-07-24 03:00:00,32.3833703791896
2011-07-24 04:00:00,11.03487638460375
2011-07-24 05:00:00,11.506965552468653
2011-07-24 06:00:00,24.559384967336293
2011-07-24 07:00:00,55.95050940188852
2011-07-24 08:00:00,128.76573622409796
2011-07-24 09:00:00,184.9804803011205
2011-07-24 10:00:00,282.82054094726476
2011-07-24 11:00:00,340.0995936852986
2011-07-24 12:00:00,363.764792135137
2011-07-24 13:00:00,352.1633455885559
2011-07-24 14:00:00,338.82983879460136
2011-07-24 15:00:00,341.1123550304988
2011-07-24 16:00:00,371.09791063765994
2011-07-24 17:00:00,408.9280654204742
2011-07-24 18:00:00,388.35800967830033
2011-07-24 19:00:00,359.50777101865
2011-07-24 20:00:00,249.8700183316527
2011-07-24 21:00:00,213.87283015631914
2011-07-24 22:00:00,154.95694268733658
2011-07-24 23:00:00,83.451507691584
2011-07-25 00:00:00,42.336100159049835
2011-07-25 01:00:00,15.649958706483552
2011-07-25 02:00:00,7.230824731655938
2011-07-25 03:00:00,4.049553216586002
2011-07-25 04:00:00,4.621699098729948
2011-07-25 05:00:00,19.916557585940893
2011-07-25 06:00:00,114.95088771881994
2011-07-25 07:00:00,298.0016138959427
2011-07-25 08:00:00,394.0373050496035
2011-07-25 09:00:00,189.8125195103157
2011-07-25 10:00:00,117.52812741044154
2011-07-25 11:00:00,134.8420710934937
2011-07-25 12:00:00,160.26703149490373
2011-07-25 13:00:00,155.75970340368522
2011-07-25 14:00:00,132.7954296403885
2011-07-25 15:00:00,136.0229933785699
2011-07-25 16:00:00,244.04739097932992
2011-07-25 17:00:00,486.4433819871575
2011-07-25 18:00:00,483.1072802433871
2011-07-25 19:00:00,387.86782141425266
2011-07-25 20:00:00,259.5318569806472
2011-07-25 21:00:00,150.75269964084214
2011-07-25 22:00:00,119.85465995402225
2011-07-25 23:00:00,75.0919202197355
2011-07-26 00:00:00,45.32467094378646
2011-07-26 01:00:00,18.355704325689008
2011-07-26 02:00:00,8.528361104876025
2011-07-26 03:00:00,5.4159721655712705
2011-07-26 04:00:00,5.436462756789178
2011-07-26 05:00:00,20.37897556454016
2011-07-26 06:00:00,110.32640357544315
2011-07-26 07:00:00,311.89990184604505
2011-07-26 08:00:00,404.3302441289111
2011-07-26 09:00:00,199.94314582393181
2011-07-26 10:00:00,121.74664006922254
2011-07-26 11:00:00,154.84342136735646
2011-07-26 12:00:00,182.9956424948608
2011-07-26 13:00:00,185.50813309788032
2011-07-26 14:00:00,170.22590584945468
2011-07-26 15:00:00,176.44596872112743
2011-07-26 16:00:00,281.59561767978107
2011-07-26 17:00:00,554.3597392985158
2011-07-26 18:00:00,550.9240460503413
2011-07-26 19:00:00,374.25333010578896
2011-07-26 20:00:00,274.56934938576273
2011-07-26 21:00:00,232.31601364601298
2011-07-26 22:00:00,157.9166249477828
2011-07-26 23:00:00,85.9122931630603
2011-07-27 00:00:00,45.7729533928182
2011-07-27 01:00:00,16.33664911755561
2011-07-27 02:00:00,9.398359426820134
2011-07-27 03:00:00,4.726033547077147
2011-07-27 04:00:00,4.746700880183875
2011-07-27 05:00:00,23.5147750658703
2011-07-27 06:00:00,116.04117110610959
2011-07-27 07:00:00,307.10997822268155
2011-07-27 08:00:00,418.81509087133435
2011-07-27 09:00:00,200.61174589309203
2011-07-27 10:00:00,117.07432673476292
2011-07-27 11:00:00,160.43893135640462
2011-07-27 12:00:00,194.21252489092217
2011-07-27 13:00:00,187.5345931609394
2011-07-27 14:00:00,166.85971011929195
2011-07-27 15:00:00,171.74298045155575
2011-07-27 16:00:00,281.9615960811102
2011-07-27 17:00:00,554.6870887520342
2011-07-27 18:00:00,558.128833987023
2011-07-27 19:00:00,390.64878932605416
2011-07-27 20:00:00,285.81485623681823
2011-07-27 21:00:00,229.09231683567822
2011-07-27 22:00:00,160.682440896265
2011-07-27 23:00:00,96.61242494999986
2011-07-28 00:00:00,51.03315888264062
2011-07-28 01:00:00,18.27030575181073
2011-07-28 02:00:00,9.165229692466024
2011-07-28 03:00:00,4.900518796595602
2011-07-28 04:00:00,5.436836885593447
2011-07-28 05:00:00,21.373783628783578
2011-07-28 06:00:00,115.30211064673455
2011-07-28 07:00:00,309.5498466507257
2011-07-28 08:00:00,395.77303022579525
2011-07-28 09:00:00,195.94005710294346
2011-07-28 10:00:00,117.34013962803013
2011-07-28 11:00:00,135.47227925789366
2011-07-28 12:00:00,152.04966632387018
2011-07-28 13:00:00,147.19580456142097
2011-07-28 14:00:00,149.92390101312162
2011-07-28 15:00:00,147.9276435373322
2011-07-28 16:00:00,242.22754835878652
2011-07-28 17:00:00,503.5656074405111
2011-07-28 18:00:00,478.07881094699246
2011-07-28 19:00:00,369.35189697403155
2011-07-28 20:00:00,260.58766045794187
2011-07-28 21:00:00,201.7450839710789
2011-07-28 22:00:00,155.3734602177801
2011-07-28 23:00:00,117.09695587962958
2011-07-29 00:00:00,49.49573370932896
2011-07-29 01:00:00,25.713967354374127
2011-07-29 02:00:00,18.146299930589002
2011-07-29 03:00:00,3.9773009738183753
2011-07-29 04:00:00,5.117070810296062
2011-07-29 05:00:00,19.952133222901487
2011-07-29 06:00:00,99.06910048782032
2011-07-29 07:00:00,277.4406297728044
2011-07-29 08:00:00,405.6737562471574
2011-07-29 09:00:00,213.51708688638553
2011-07-29 10:00:00,144.19086104182873
2011-07-29 11:00:00,152.76327853831825
2011-07-29 12:00:00,202.40743677968226
2011-07-29 13:00:00,204.04677739825962
2011-07-29 14:00:00,202.85242065995925
2011-07-29 15:00:00,192.24796438277292
2011-07-29 16:00:00,293.46362067064325
2011-07-29 17:00:00,482.4409024889175
2011-07-29 18:00:00,459.32765447650456
2011-07-29 19:00:00,357.7039209039825
2011-07-29 20:00:00,264.72573895657615
2011-07-29 21:00:00,237.2469408656327
2011-07-29 22:00:00,185.94696466358027
2011-07-29 23:00:00,139.82470696103388
2011-07-30 00:00:00,122.73425597044694
2011-07-30 01:00:00,78.94653354940908
2011-07-30 02:00:00,76.75612026334493
2011-07-30 03:00:00,32.118548774293885
2011-07-30 04:00:00,9.240881431760213
2011-07-30 05:00:00,9.03485877893153
2011-07-30 06:00:00,28.86530248007678
2011-07-30 07:00:00,55.37507667854714
2011-07-30 08:00:00,142.23607603840136
2011-07-30 09:00:00,222.91724883544558
2011-07-30 10:00:00,289.9848565271657
2011-07-30 11:00:00,352.3732217289542
2011-07-30 12:00:00,378.20942129209726
2011-07-30 13:00:00,374.73855675511857
2011-07-30 14:00:00,360.6204205903057
2011-07-30 15:00:00,352.3871433082758
2011-07-30 16:00:00,375.90857014322046
2011-07-30 17:00:00,411.9365441081398
2011-07-30 18:00:00,368.1936809817056
2011-07-30 19:00:00,358.5237811512139
2011-07-30 20:00:00,247.94164617469332
2011-07-30 21:00:00,234.192288932012
2011-07-30 22:00:00,184.27102885545852
2011-07-30 23:00:00,140.81253386255332
2011-07-31 00:00:00,102.53956952003033
2011-07-31 01:00:00,78.70401420192078
2011-07-31 02:00:00,84.74352830356874
2011-07-31 03:00:00,31.63497060628708
2011-07-31 04:00:00,11.000561897411904
2011-07-31 05:00:00,12.054614319073877
2011-07-31 06:00:00,25.355365774785444
2011-07-31 07:00:00,59.28808859213363
2011-07-31 08:00:00,123.97051730480082
2011-07-31 09:00:00,188.64818122981063
2011-07-31 10:00:00,287.28548220083945
2011-07-31 11:00:00,352.6002775937899
2011-07-31 12:00:00,376.5427046526732
2011-07-31 13:00:00,369.51536956688057
2011-07-31 14:00:00,353.6910610822121
2011-07-31 15:00:00,350.5752598111145
2011-07-31 16:00:00,365.67723601293994
2011-07-31 17:00:00,386.0246530068448
2011-07-31 18:00:00,387.4337193147793
2011-07-31 19:00:00,342.88022379868585
2011-07-31 20:00:00,252.23295041904947
2011-07-31 21:00:00,210.52253247201867
2011-07-31 22:00:00,154.22990544328917
2011-07-31 23:00:00,84.59148618009478
2011-08-20 00:00:00,104.76351828920477
2011-08-20 01:00:00,83.55647123659435
2011-08-20 02:00:00,68.65478158106407
2011-08-20 03:00:00,32.76075300485371
2011-08-20 04:00:00,9.21491381241094
2011-08-20 05:00:00,10.570630179600652
2011-08-20 06:00:00,24.757384852238413
2011-08-20 07:00:00,52.89431471300716
2011-08-20 08:00:00,115.98636000026474
2011-08-20 09:00:00,202.17932918045187
2011-08-20 10:00:00,285.87631577008966
2011-08-20 11:00:00,375.35800557945015
2011-08-20 12:00:00,373.5885236252128
2011-08-20 13:00:00,365.6363821485511
2011-08-20 14:00:00,367.54673819809227
2011-08-20 15:00:00,367.9537069833764
2011-08-20 16:00:00,383.2817701068211
2011-08-20 17:00:00,398.72702403042695
2011-08-20 18:00:00,374.5477570892641
2011-08-20 19:00:00,341.3329474479393
2011-08-20 20:00:00,251.00214725971333
2011-08-20 21:00:00,197.465886872574
2011-08-20 22:00:00,154.40655647765448
2011-08-20 23:00:00,131.6559951163903
2011-08-21 00:00:00,119.1201780605696
2011-08-21 01:00:00,76.92217963268628
2011-08-21 02:00:00,82.85463547196025
2011-08-21 03:00:00,38.128558027610794
2011-08-21 04:00:00,6.733355592640278
2011-08-21 05:00:00,7.852859529521461
2011-08-21 06:00:00,11.860026144080571
2011-08-21 07:00:00,51.87515824070444
2011-08-21 08:00:00,96.82328014932973
2011-08-21 09:00:00,185.92414503307432
2011-08-21 10:00:00,281.1931097686823
2011-08-21 11:00:00,337.72662910510206
2011-08-21 12:00:00,352.47029641219734
2011-08-21 13:00:00,378.4874188966478
2011-08-21 14:00:00,195.05367647553078
2011-08-21 15:00:00,206.0902109367267
2011-08-21 16:00:00,275.935475365596
2011-08-21 17:00:00,240.16905291981243
2011-08-21 18:00:00,233.48452335693096
2011-08-21 19:00:00,333.2456549087711
2011-08-21 20:00:00,210.93664337354704
2011-08-21 21:00:00,176.11289423847217
2011-08-21 22:00:00,149.0303583524059
2011-08-21 23:00:00,84.71598522706503
2011-08-22 00:00:00,37.81772531196617
2011-08-22 01:00:00,17.35107073717941
2011-08-22 02:00:00,9.097379347446784
2011-08-22 03:00:00,4.239018884513895
2011-08-22 04:00:00,5.767964696414001
2011-08-22 05:00:00,23.543297645417756
2011-08-22 06:00:00,111.40568249318076
2011-08-22 07:00:00,305.166062939704
2011-08-22 08:00:00,378.49943943257847
2011-08-22 09:00:00,199.6465436603948
2011-08-22 10:00:00,119.81362047075957
2011-08-22 11:00:00,157.56830530758822
2011-08-22 12:00:00,193.18480623858267
2011-08-22 13:00:00,188.94884686686356
2011-08-22 14:00:00,182.736158831026
2011-08-22 15:00:00,183.4544044787815
2011-08-22 16:00:00,304.2851033891196
2011-08-22 17:00:00,576.428807773493
2011-08-22 18:00:00,552.3742982662537
2011-08-22 19:00:00,394.40817081649936
2011-08-22 20:00:00,289.97531086787865
2011-08-22 21:00:00,221.0240121477749
2011-08-22 22:00:00,129.51570896924764
2011-08-22 23:00:00,91.75804339050367
2011-08-23 00:00:00,32.54368687517137
2011-08-23 01:00:00,14.143162293653493
2011-08-23 02:00:00,9.023974273612978
2011-08-23 03:00:00,3.5451317542778478
2011-08-23 04:00:00,4.690200404043935
2011-08-23 05:00:00,22.504361375869106
2011-08-23 06:00:00,112.81104412420925
2011-08-23 07:00:00,314.46904817666854
2011-08-23 08:00:00,417.47225440792187
2011-08-23 09:00:00,209.87572493298438
2011-08-23 10:00:00,116.08940264856581
2011-08-23 11:00:00,159.38831176255113
2011-08-23 12:00:00,205.6062052862762
2011-08-23 13:00:00,193.30916588324516
2011-08-23 14:00:00,178.38933245659288
2011-08-23 15:00:00,183.54582303516955
2011-08-23 16:00:00,306.7646527079788
2011-08-23 17:00:00,581.3588933930816
2011-08-23 18:00:00,560.3036792188616
2011-08-23 19:00:00,385.8673237931035
2011-08-23 20:00:00,285.67341567798553
2011-08-23 21:00:00,188.0734604612533
2011-08-23 22:00:00,150.4947655861679
2011-08-23 23:00:00,88.41316266987818
2011-08-24 00:00:00,35.03376695407203
2011-08-24 01:00:00,16.260344179285333
2011-08-24 02:00:00,7.805702535484157
2011-08-24 03:00:00,4.579185006542332
2011-08-24 04:00:00,5.342927464999798
2011-08-24 05:00:00,21.441275615083697
2011-08-24 06:00:00,107.91733252780227
2011-08-24 07:00:00,317.452444432591
2011-08-24 08:00:00,396.2308053986402
2011-08-24 09:00:00,212.5929803692961
2011-08-24 10:00:00,117.13374828965492
2011-08-24 11:00:00,149.00101604497002
2011-08-24 12:00:00,182.1605132226765
2011-08-24 13:00:00,183.81239225128581
2011-08-24 14:00:00,176.1528768516356
2011-08-24 15:00:00,179.15325932167627
2011-08-24 16:00:00,290.39070556042316
2011-08-24 17:00:00,571.3914426556078
2011-08-24 18:00:00,541.1882027281913
2011-08-24 19:00:00,365.39291357797487
2011-08-24 20:00:00,266.973793932371
2011-08-24 21:00:00,191.8117286353397
2011-08-24 22:00:00,151.89875034423537
2011-08-24 23:00:00,100.69222130290903
2011-08-25 00:00:00,46.71389690090837
2011-08-25 01:00:00,19.94916436767739
2011-08-25 02:00:00,7.935423483996463
2011-08-25 03:00:00,5.00970489193713
2011-08-25 04:00:00,5.258398822663413
2011-08-25 05:00:00,23.16862390058924
2011-08-25 06:00:00,98.5315790544759
2011-08-25 07:00:00,294.0054986286977
2011-08-25 08:00:00,393.86124481671004
2011-08-25 09:00:00,220.6428070286728
2011-08-25 10:00:00,120.68249503931922
2011-08-25 11:00:00,73.4668978654208
2011-08-25 12:00:00,78.80292808119752
2011-08-25 13:00:00,139.6846933993147
2011-08-25 14:00:00,150.71751166746301
2011-08-25 15:00:00,162.30255882690938
2011-08-25 16:00:00,237.5545411944341
2011-08-25 17:00:00,310.91613206748565
2011-08-25 18:00:00,304.63976294957564
2011-08-25 19:00:00,322.14328570485685
2011-08-25 20:00:00,202.00151904543748
2011-08-25 21:00:00,181.9453690982799
2011-08-25 22:00:00,133.67364651676627
2011-08-25 23:00:00,116.07113982822653
2011-08-26 00:00:00,45.750981802300345
2011-08-26 01:00:00,21.438926819921306
2011-08-26 02:00:00,11.18652632851311
2011-08-26 03:00:00,4.985278333024078
2011-08-26 04:00:00,5.800236423039455
2011-08-26 05:00:00,19.904857409935776
2011-08-26 06:00:00,92.66858439627691
2011-08-26 07:00:00,260.2671310306081
2011-08-26 08:00:00,387.37077177926426
2011-08-26 09:00:00,209.09167678824085
2011-08-26 10:00:00,152.43464296633843
2011-08-26 11:00:00,153.2951628013496
2011-08-26 12:00:00,220.75931379110645
2011-08-26 13:00:00,225.44256711182038
2011-08-26 14:00:00,213.42303245646823
2011-08-26 15:00:00,213.3685739162186
2011-08-26 16:00:00,325.17513614762663
2011-08-26 17:00:00,466.75945756750775
2011-08-26 18:00:00,406.82414512214405
2011-08-26 19:00:00,314.82254459528485
2011-08-26 20:00:00,210.4336043954263
2011-08-26 21:00:00,175.31545206707133
2011-08-26 22:00:00,154.06933124076735
2011-08-26 23:00:00,121.12555664898676
2011-08-27 00:00:00,105.05898286222438
2011-08-27 01:00:00,76.7702957458721
2011-08-27 02:00:00,74.11815897137993
2011-08-27 03:00:00,36.63087538464559
2011-08-27 04:00:00,6.748623736189375
2011-08-27 05:00:00,8.541393524597893
2011-08-27 06:00:00,18.83956192029034
2011-08-27 07:00:00,59.88480944669267
2011-08-27 08:00:00,113.16660376148081
2011-08-27 09:00:00,153.16828660113288
2011-08-27 10:00:00,224.56899659191822
2011-08-27 11:00:00,124.58087835761046
2011-08-27 12:00:00,159.64362131521435
2011-08-27 13:00:00,175.98945854167002
2011-08-27 14:00:00,102.84648495557177
2011-08-27 15:00:00,104.19749286257735
2011-08-27 16:00:00,109.4458108762371
2011-08-27 17:00:00,93.0366749419544
2011-08-28 07:00:00,73.5348321886199
2011-08-28 08:00:00,117.6337607451028
2011-08-28 09:00:00,175.84612137690038
2011-08-28 10:00:00,274.63979588005844
2011-08-28 11:00:00,361.82505270375117
2011-08-28 12:00:00,396.6925446375397
2011-08-28 13:00:00,418.74843939115374
2011-08-28 14:00:00,374.4598022382146
2011-08-28 15:00:00,374.81413505543514
2011-08-28 16:00:00,371.9838333528728
2011-08-28 17:00:00,417.6258830614285
2011-08-28 18:00:00,387.0165076478368
2011-08-28 19:00:00,349.0386638628309
2011-08-28 20:00:00,239.4993024100629
2011-08-28 21:00:00,197.5976998384062
2011-08-28 22:00:00,134.6595759259633
2011-08-28 23:00:00,76.89071643842696
2011-08-29 00:00:00,34.03129743184809
2011-08-29 01:00:00,12.37756226916748
2011-08-29 02:00:00,9.697707313092739
2011-08-29 03:00:00,5.153027835935549
2011-08-29 04:00:00,5.146902445158617
2011-08-29 05:00:00,21.245787737459658
2011-08-29 06:00:00,110.21550766648608
2011-08-29 07:00:00,316.8842837240544
2011-08-29 08:00:00,384.85793208528884
2011-08-29 09:00:00,198.82208990879576
2011-08-29 10:00:00,120.54464689943512
2011-08-29 11:00:00,153.65177421848446
2011-08-29 12:00:00,198.25330394310254
2011-08-29 13:00:00,205.52073437965825
2011-08-29 14:00:00,179.6363793808846
2011-08-29 15:00:00,181.18052317242802
2011-08-29 16:00:00,308.8001580530422
2011-08-29 17:00:00,544.5164387260659
2011-08-29 18:00:00,528.1640118471456
2011-08-29 19:00:00,392.51820704630694
2011-08-29 20:00:00,283.29668622708016
2011-08-29 21:00:00,227.125089970809
2011-08-29 22:00:00,137.03281133568663
2011-08-29 23:00:00,78.71301517157055
2011-08-30 00:00:00,34.16552834617989
2011-08-30 01:00:00,13.112222636178892
2011-08-30 02:00:00,8.887053005061283
2011-08-30 03:00:00,4.487310440713039
2011-08-30 04:00:00,5.19855679153505
2011-08-30 05:00:00,20.147017117749563
2011-08-30 06:00:00,109.83597114612948
2011-08-30 07:00:00,324.46819935118924
2011-08-30 08:00:00,410.69214099722274
2011-08-30 09:00:00,204.82324266520283
2011-08-30 10:00:00,119.89823917479252
2011-08-30 11:00:00,158.60601698326352
2011-08-30 12:00:00,201.83381147260653
2011-08-30 13:00:00,196.42800227320916
2011-08-30 14:00:00,179.1208046948833
2011-08-30 15:00:00,184.3665757558205
2011-08-30 16:00:00,310.2418525616085
2011-08-30 17:00:00,576.7359379347246
2011-08-30 18:00:00,546.2556019973616
2011-08-30 19:00:00,381.6496906974474
2011-08-30 20:00:00,276.7426066531806
2011-08-30 21:00:00,185.4082813314318
2011-08-30 22:00:00,148.25489723464858
2011-08-30 23:00:00,89.63305091625946
2011-08-31 00:00:00,29.807878206627077
2011-08-31 01:00:00,15.930823199862482
2011-08-31 02:00:00,7.950009971376819
2011-08-31 03:00:00,4.517923100793013
2011-08-31 04:00:00,5.136040464304278
2011-08-31 05:00:00,20.902461418446087
2011-08-31 06:00:00,106.47975793422805
2011-08-31 07:00:00,302.6921129483754
2011-08-31 08:00:00,399.38064227630923
2011-08-31 09:00:00,212.96498449097493
2011-08-31 10:00:00,119.8424807873897
2011-08-31 11:00:00,151.1763490689645
2011-08-31 12:00:00,182.25063537586527
2011-08-31 13:00:00,197.52386473416698
2011-08-31 14:00:00,175.75159388289646
2011-08-31 15:00:00,177.43605231156928
2011-08-31 16:00:00,295.841032778764
2011-08-31 17:00:00,576.9494050833384
2011-08-31 18:00:00,535.7140810297027
2011-08-31 19:00:00,367.25609807003343
2011-08-31 20:00:00,278.90064046868673
2011-08-31 21:00:00,196.84700072507428
2011-08-31 22:00:00,140.002115302859
2011-08-31 23:00:00,73.39472365641757
2011-09-20 00:00:00,33.53189429995679
2011-09-20 01:00:00,10.102506918102526
2011-09-20 02:00:00,5.494123100309757
2011-09-20 03:00:00,4.375251223589717
2011-09-20 04:00:00,4.943011759392944
2011-09-20 05:00:00,22.252484779061323
2011-09-20 06:00:00,104.88313476281542
2011-09-20 07:00:00,257.27849578821684
2011-09-20 08:00:00,168.2394111966397
2011-09-20 09:00:00,143.60952983182256
2011-09-20 10:00:00,112.11893217783351
2011-09-20 11:00:00,107.18160847686306
2011-09-20 12:00:00,95.70166303327032
2011-09-20 13:00:00,97.78844325693572
2011-09-20 14:00:00,150.72762242878207
2011-09-20 15:00:00,164.52738560954896
2011-09-20 16:00:00,257.4641365279484
2011-09-20 17:00:00,323.1933118807254
2011-09-20 18:00:00,315.7461354557262
2011-09-20 19:00:00,231.21380918814552
2011-09-20 20:00:00,110.66586495457456
2011-09-20 21:00:00,89.9448361773452
2011-09-20 22:00:00,100.9944757854935
2011-09-20 23:00:00,62.645649380522286
2011-09-21 00:00:00,24.710906687539882
2011-09-21 01:00:00,8.987951088585802
2011-09-21 02:00:00,7.1612616382500205
2011-09-21 03:00:00,4.503102924021785
2011-09-21 04:00:00,4.734938149012888
2011-09-21 05:00:00,11.998794025401718
2011-09-21 06:00:00,97.6441956648408
2011-09-21 07:00:00,156.40088430759275
2011-09-21 08:00:00,198.85189930941115
2011-09-21 09:00:00,116.2808072402955
2011-09-21 10:00:00,106.24711700331608
2011-09-21 11:00:00,120.74195050054905
2011-09-21 12:00:00,160.38435556743474
2011-09-21 13:00:00,170.44509164315122
2011-09-21 14:00:00,164.90205157543696
2011-09-21 15:00:00,166.63906929753912
2011-09-21 16:00:00,295.1911499072043
2011-09-21 17:00:00,397.36226851797386
2011-09-21 18:00:00,302.4782614087372
2011-09-21 19:00:00,141.54458184716353
2011-09-21 20:00:00,129.06387890748258
2011-09-21 21:00:00,87.50976179759135
2011-09-21 22:00:00,102.50276739686379
2011-09-21 23:00:00,61.72701900261418
2011-09-22 00:00:00,22.906675092827093
2011-09-22 01:00:00,8.842180510505397
2011-09-22 02:00:00,8.642047853322081
2011-09-22 03:00:00,4.817843676504727
2011-09-22 04:00:00,4.9608069948443205
2011-09-22 05:00:00,15.686300954577925
2011-09-22 06:00:00,101.09829525651486
2011-09-22 07:00:00,173.9515707407129
2011-09-22 08:00:00,200.36540264456602
2011-09-22 09:00:00,133.22192941552953
2011-09-22 10:00:00,132.39642341848017
2011-09-22 11:00:00,135.07303219642435
2011-09-22 12:00:00,142.02731423942524
2011-09-22 13:00:00,144.24812989609057
2011-09-22 14:00:00,138.8362631993083
2011-09-22 15:00:00,138.04564601085926
2011-09-22 16:00:00,295.5324524620817
2011-09-22 17:00:00,440.4019256645092
2011-09-22 18:00:00,290.4495285235231
2011-09-22 19:00:00,208.75775584556618
2011-09-22 20:00:00,120.28937115407454
2011-09-22 21:00:00,128.65969219865352
2011-09-22 22:00:00,104.34790573385146
2011-09-22 23:00:00,74.20119159776522
2011-09-23 00:00:00,21.40235281296395
2011-09-23 01:00:00,11.90708567312921
2011-09-23 02:00:00,8.883784284289373
2011-09-23 03:00:00,5.083305730805888
2011-09-23 04:00:00,4.423891720724573
2011-09-23 05:00:00,14.883349983544178
2011-09-23 06:00:00,84.33021625035599
2011-09-23 07:00:00,152.57525447434392
2011-09-23 08:00:00,183.96642952446783
2011-09-23 09:00:00,125.08196284131644
2011-09-23 10:00:00,116.64523695915199
2011-09-23 11:00:00,122.07434858281624
2011-09-23 12:00:00,133.6521823914455
2011-09-23 13:00:00,133.38560062279217
2011-09-23 14:00:00,134.73857188735406
2011-09-23 15:00:00,131.52050959218275
2011-09-23 16:00:00,137.44209296204224
2011-09-23 17:00:00,138.1671457875355
2011-09-23 18:00:00,137.81230874361069
2011-09-23 19:00:00,158.67193262966077
2011-09-23 20:00:00,131.95905469840798
2011-09-23 21:00:00,105.10889760584561
2011-09-23 22:00:00,119.22119285745715
2011-09-23 23:00:00,83.83772894825563
2011-09-24 00:00:00,77.88735456063333
2011-09-24 01:00:00,70.15422399704482
2011-09-24 02:00:00,62.22893861601727
2011-09-24 03:00:00,29.814166310043696
2011-09-24 04:00:00,8.601899637414553
2011-09-24 05:00:00,9.452609723769934
2011-09-24 06:00:00,14.106239081838757
2011-09-24 07:00:00,68.57045177069378
2011-09-24 08:00:00,101.44953493916368
2011-09-24 09:00:00,138.13984540020678
2011-09-24 10:00:00,165.55111681709516
2011-09-24 11:00:00,236.99927369239404
2011-09-24 12:00:00,251.33807119370792
2011-09-24 13:00:00,316.3219132449701
2011-09-24 14:00:00,349.76118478509767
2011-09-24 15:00:00,350.7774032243459
2011-09-24 16:00:00,296.34720787419985
2011-09-24 17:00:00,299.7312291756251
2011-09-24 18:00:00,275.78866288061425
2011-09-24 19:00:00,185.37277836220386
2011-09-24 20:00:00,159.37808430531945
2011-09-24 21:00:00,131.20927118784522
2011-09-24 22:00:00,123.28678610408069
2011-09-24 23:00:00,83.74456253812886
2011-09-25 00:00:00,94.712397180755
2011-09-25 01:00:00,79.82578007632077
2011-09-25 02:00:00,58.72637128288838
2011-09-25 03:00:00,32.85418401115462
2011-09-25 04:00:00,5.998529579397557
2011-09-25 05:00:00,11.45678922017634
2011-09-25 06:00:00,14.544878355763805
2011-09-25 07:00:00,50.80367165438609
2011-09-25 08:00:00,81.37807767775243
2011-09-25 09:00:00,160.9908943971608
2011-09-25 10:00:00,211.46423973554616
2011-09-25 11:00:00,300.52179122115035
2011-09-25 12:00:00,306.3420501542208
2011-09-25 13:00:00,362.7040964547115
2011-09-25 14:00:00,303.62693619736496
2011-09-25 15:00:00,304.2625787846338
2011-09-25 16:00:00,369.51116400664506
2011-09-25 17:00:00,288.8029250180239
2011-09-25 18:00:00,280.91223699409153
2011-09-25 19:00:00,211.77409478479055
2011-09-25 20:00:00,162.5311131904796
2011-09-25 21:00:00,101.01377350907909
2011-09-25 22:00:00,126.70658217133492
2011-09-25 23:00:00,75.1935363783849
2011-09-26 00:00:00,27.20240799855436
2011-09-26 01:00:00,9.984722223611959
2011-09-26 02:00:00,5.812693280438099
2011-09-26 03:00:00,3.9880224310168932
2011-09-26 04:00:00,4.60652076326861
2011-09-26 05:00:00,20.75806823886866
2011-09-26 06:00:00,98.636291801141
2011-09-26 07:00:00,173.12480564720994
2011-09-26 08:00:00,206.17349425529875
2011-09-26 09:00:00,188.10743910139348
2011-09-26 10:00:00,131.08335420088858
2011-09-26 11:00:00,129.8432501274824
2011-09-26 12:00:00,139.91953967585513
2011-09-26 13:00:00,159.81492020914706
2011-09-26 14:00:00,176.03701424186843
2011-09-26 15:00:00,172.1707208444787
2011-09-26 16:00:00,300.76743331279204
2011-09-26 17:00:00,567.9717779356524
2011-09-26 18:00:00,312.5761547645283
2011-09-26 19:00:00,265.00597536512703
2011-09-26 20:00:00,157.86466737775172
2011-09-26 21:00:00,140.2427119048948
2011-09-26 22:00:00,111.4584239270031
2011-09-26 23:00:00,63.39157595490133
2011-09-27 00:00:00,26.64060029536398
2011-09-27 01:00:00,9.05938059765884
2011-09-27 02:00:00,6.276304894631955
2011-09-27 03:00:00,4.358472382404555
2011-09-27 04:00:00,3.8593574157366097
2011-09-27 05:00:00,10.830886444693157
2011-09-27 06:00:00,101.3587200383079
2011-09-27 07:00:00,180.36704297973026
2011-09-27 08:00:00,300.90479437610753
2011-09-27 09:00:00,153.7072217776316
2011-09-27 10:00:00,109.40094615805893
2011-09-27 11:00:00,116.3697476454812
2011-09-27 12:00:00,138.0442337790993
2011-09-27 13:00:00,160.91962769360848
2011-09-27 14:00:00,134.0295833235296
2011-09-27 15:00:00,135.40613862449965
2011-09-27 16:00:00,246.69948628693652
2011-09-27 17:00:00,188.58954513292952
2011-09-27 18:00:00,210.0859834868472
2011-09-27 19:00:00,203.0128843801777
2011-09-27 20:00:00,209.17091548842825
2011-09-27 21:00:00,144.9372733442597
2011-09-27 22:00:00,123.25947549024127
2011-09-27 23:00:00,57.846265349356855
2011-09-28 00:00:00,26.420477212015484
2011-09-28 01:00:00,11.89898082446317
2011-09-28 02:00:00,5.893348796831799
2011-09-28 03:00:00,4.720387500708187
2011-09-28 04:00:00,5.804877094265151
2011-09-28 05:00:00,15.645350273983386
2011-09-28 06:00:00,63.65909579088782
2011-09-28 07:00:00,122.34247684590274
2011-09-28 08:00:00,183.58268964003716
2011-09-28 09:00:00,157.30025842807322
2011-09-28 10:00:00,69.68145274150902
2011-09-28 11:00:00,122.70190336922185
2011-09-28 12:00:00,127.23253256819774
2011-09-28 13:00:00,164.61019062131805
2011-09-28 14:00:00,167.1170246262206
2011-09-28 15:00:00,175.9276411717134
2011-09-28 16:00:00,299.24893212693826
2011-09-28 17:00:00,571.7424828713433
2011-09-28 18:00:00,291.2124894467316
2011-09-28 19:00:00,256.2114726830983
2011-09-28 20:00:00,99.89430868167086
2011-09-28 21:00:00,99.0983292492065
2011-09-28 22:00:00,122.66982781429805
2011-09-28 23:00:00,61.64396008866344
2011-09-29 00:00:00,24.352563462937116
2011-09-29 01:00:00,8.80159687789557
2011-09-29 02:00:00,7.766329094445699
2011-09-29 03:00:00,4.582391837117468
2011-09-29 04:00:00,5.361833340050637
2011-09-29 05:00:00,21.191414132096494
2011-09-29 06:00:00,106.19128933367078
2011-09-29 07:00:00,263.6986979234802
2011-09-29 08:00:00,428.9741321359455
2011-09-29 09:00:00,211.7420927658701
2011-09-29 10:00:00,124.27111557620692
2011-09-29 11:00:00,155.20336508369556
2011-09-29 12:00:00,192.4558755762594
2011-09-29 13:00:00,190.60531865431818
2011-09-29 14:00:00,186.07687358882106
2011-09-29 15:00:00,185.4869407459696
2011-09-29 16:00:00,298.87182219892526
2011-09-29 17:00:00,564.7390800925513
2011-09-29 18:00:00,534.442178283696
2011-09-29 19:00:00,347.7649577529603
2011-09-29 20:00:00,260.3648999932363
2011-09-29 21:00:00,180.91719306202918
2011-09-29 22:00:00,128.17593772793774
2011-09-29 23:00:00,93.4982739107796
2011-09-30 00:00:00,46.30948649156787
2011-09-30 01:00:00,25.28375865531215
2011-09-30 02:00:00,10.17587468307034
2011-09-30 03:00:00,5.015148815502531
2011-09-30 04:00:00,5.36999195209216
2011-09-30 05:00:00,21.393863755088574
2011-09-30 06:00:00,89.23326354859687
2011-09-30 07:00:00,265.5691836437573
2011-09-30 08:00:00,422.36112269287145
2011-09-30 09:00:00,206.0630681968987
2011-09-30 10:00:00,158.90015553387718
2011-09-30 11:00:00,169.14114999000657
2011-09-30 12:00:00,217.2308979098862
2011-09-30 13:00:00,203.52338678326106
2011-09-30 14:00:00,209.0685165631947
2011-09-30 15:00:00,211.05791981655585
2011-09-30 16:00:00,352.4452562822306
2011-09-30 17:00:00,513.7540544982373
2011-09-30 18:00:00,474.3809792191075
2011-09-30 19:00:00,284.26879740799416
2011-09-30 20:00:00,200.68984093407659
2011-09-30 21:00:00,164.58959775620744
2011-09-30 22:00:00,121.62763017374564
2011-09-30 23:00:00,99.91344043492745
2011-10-20 00:00:00,23.70051541954391
2011-10-20 01:00:00,12.901502174749641
2011-10-20 02:00:00,7.174725409578804
2011-10-20 03:00:00,3.8815313620134093
2011-10-20 04:00:00,4.473193695322572
2011-10-20 05:00:00,23.366663823584933
2011-10-20 06:00:00,80.65852481699898
2011-10-20 07:00:00,278.7387452479736
2011-10-20 08:00:00,344.6447358426456
2011-10-20 09:00:00,212.67133282351094
2011-10-20 10:00:00,123.55491535754173
2011-10-20 11:00:00,134.6693582624629
2011-10-20 12:00:00,170.0272875990012
2011-10-20 13:00:00,172.7125629747669
2011-10-20 14:00:00,149.4755849231927
2011-10-20 15:00:00,148.89260529231066
2011-10-20 16:00:00,239.78453087086103
2011-10-20 17:00:00,431.47076167191096
2011-10-20 18:00:00,394.3590833430211
2011-10-20 19:00:00,259.5949354645064
2011-10-20 20:00:00,168.36109202464218
2011-10-20 21:00:00,136.04327298154917
2011-10-20 22:00:00,117.09103570880298
2011-10-20 23:00:00,78.34285614291429
2011-10-21 00:00:00,48.55748874304764
2011-10-21 01:00:00,22.304650081951685
2011-10-21 02:00:00,12.338756102095427
2011-10-21 03:00:00,5.038901552910351
2011-10-21 04:00:00,4.793705435328784
2011-10-21 05:00:00,22.394520002445574
2011-10-21 06:00:00,86.99883524587773
2011-10-21 07:00:00,256.8894572138464
2011-10-21 08:00:00,383.30892141013703
2011-10-21 09:00:00,202.3370766482357
2011-10-21 10:00:00,156.87917215299453
2011-10-21 11:00:00,162.05277806158853
2011-10-21 12:00:00,198.1916561570008
2011-10-21 13:00:00,190.13204854231952
2011-10-21 14:00:00,199.305672878692
2011-10-21 15:00:00,201.8858782332168
2011-10-21 16:00:00,306.7938928760888
2011-10-21 17:00:00,416.13339674315563
2011-10-21 18:00:00,368.8586954600333
2011-10-21 19:00:00,246.18467087111804
2011-10-21 20:00:00,169.31244791048758
2011-10-21 21:00:00,142.16546768580582
2011-10-21 22:00:00,116.3089414209274
2011-10-21 23:00:00,82.49114402430183
2011-10-22 00:00:00,88.1221238212005
2011-10-22 01:00:00,67.67678785809152
2011-10-22 02:00:00,66.17604448437642
2011-10-22 03:00:00,29.551492150779357
2011-10-22 04:00:00,5.673936695990122
2011-10-22 05:00:00,6.003120202117419
2011-10-22 06:00:00,17.11110416379956
2011-10-22 07:00:00,50.583272936136034
2011-10-22 08:00:00,98.22508006055475
2011-10-22 09:00:00,167.3323245141192
2011-10-22 10:00:00,245.969832473689
2011-10-22 11:00:00,279.36946190584644
2011-10-22 12:00:00,321.1789650331432
2011-10-22 13:00:00,356.62953820159044
2011-10-22 14:00:00,334.94059007380235
2011-10-22 15:00:00,330.4009119157672
2011-10-22 16:00:00,311.05128754233635
2011-10-22 17:00:00,293.9447800279458
2011-10-22 18:00:00,267.1039784463575
2011-10-22 19:00:00,236.90203706731964
2011-10-22 20:00:00,161.4842640981808
2011-10-22 21:00:00,125.9872052194621
2011-10-22 22:00:00,112.6776957941331
2011-10-22 23:00:00,72.24788918410304
2011-10-23 00:00:00,78.66617895656458
2011-10-23 01:00:00,61.56743662769067
2011-10-23 02:00:00,63.856132539807135
2011-10-23 03:00:00,36.20869105524222
2011-10-23 04:00:00,7.150694444276102
2011-10-23 05:00:00,7.337686424465614
2011-10-23 06:00:00,13.01354695218674
2011-10-23 07:00:00,44.80198778756126
2011-10-23 08:00:00,86.3528528317178
2011-10-23 09:00:00,142.1724929666483
2011-10-23 10:00:00,247.59915839127052
2011-10-23 11:00:00,281.42785587076844
2011-10-23 12:00:00,344.1426031656043
2011-10-23 13:00:00,354.2012267633097
2011-10-23 14:00:00,354.81817677567335
2011-10-23 15:00:00,359.0018339493766
2011-10-23 16:00:00,332.29476783701375
2011-10-23 17:00:00,289.9551606724899
2011-10-23 18:00:00,264.77932730494854
2011-10-23 19:00:00,213.9364313630556
2011-10-23 20:00:00,153.45173910606132
2011-10-23 21:00:00,117.86890583241748
2011-10-23 22:00:00,87.92956676412746
2011-10-23 23:00:00,66.85568356530557
2011-10-24 00:00:00,33.05221916220624
2011-10-24 01:00:00,8.823749052531571
2011-10-24 02:00:00,5.163244750880384
2011-10-24 03:00:00,5.445187874540113
2011-10-24 04:00:00,5.2843138092638355
2011-10-24 05:00:00,20.442671236861898
2011-10-24 06:00:00,92.67225894262002
2011-10-24 07:00:00,221.3194815175754
2011-10-24 08:00:00,342.650028374959
2011-10-24 09:00:00,190.67220560652163
2011-10-24 10:00:00,117.13550323760067
2011-10-24 11:00:00,131.57603143814515
2011-10-24 12:00:00,175.03442958846748
2011-10-24 13:00:00,173.8111429806865
2011-10-24 14:00:00,172.3035470557038
2011-10-24 15:00:00,182.68794228533494
2011-10-24 16:00:00,288.8813086890219
2011-10-24 17:00:00,508.48022225407976
2011-10-24 18:00:00,520.2439640656861
2011-10-24 19:00:00,234.68145366242297
2011-10-24 20:00:00,189.26421212841709
2011-10-24 21:00:00,137.3006905293284
2011-10-24 22:00:00,118.65000032109553
2011-10-24 23:00:00,66.24663505883777
2011-10-25 00:00:00,40.11400027463225
2011-10-25 01:00:00,10.725224884351531
2011-10-25 02:00:00,5.31848049626633
2011-10-25 03:00:00,4.8665982180917435
2011-10-25 04:00:00,5.868610441321962
2011-10-25 05:00:00,20.90761410454951
2011-10-25 06:00:00,93.59647442111262
2011-10-25 07:00:00,282.46682826964206
2011-10-25 08:00:00,397.3480935778939
2011-10-25 09:00:00,206.73487836391922
2011-10-25 10:00:00,119.45387613929613
2011-10-25 11:00:00,136.09465127240998
2011-10-25 12:00:00,188.8190977510963
2011-10-25 13:00:00,190.88174529592982
2011-10-25 14:00:00,166.13824322172917
2011-10-25 15:00:00,177.13120542931944
2011-10-25 16:00:00,305.441757609586
2011-10-25 17:00:00,573.5024152863107
2011-10-25 18:00:00,481.27043332844096
2011-10-25 19:00:00,296.0372460391047
2011-10-25 20:00:00,205.89935378246162
2011-10-25 21:00:00,151.59988389827296
2011-10-25 22:00:00,130.08101562715345
2011-10-25 23:00:00,69.13001274937494
2011-10-26 00:00:00,40.135355169667896
2011-10-26 01:00:00,13.012293956172359
2011-10-26 02:00:00,6.710722732140488
2011-10-26 03:00:00,4.5572691224819994
2011-10-26 04:00:00,4.173378397832897
2011-10-26 05:00:00,23.508664220568747
2011-10-26 06:00:00,101.1781000598168
2011-10-26 07:00:00,293.59015361419983
2011-10-26 08:00:00,362.2635481076218
2011-10-26 09:00:00,209.46714384826498
2011-10-26 10:00:00,119.35531646994846
2011-10-26 11:00:00,135.89815256403955
2011-10-26 12:00:00,183.52603589877822
2011-10-26 13:00:00,162.16254468758686
2011-10-26 14:00:00,148.29386006463963
2011-10-26 15:00:00,158.01230165968028
2011-10-26 16:00:00,275.7750827488888
2011-10-26 17:00:00,436.6773827876571
2011-10-26 18:00:00,430.7385516024136
2011-10-26 19:00:00,244.8465618102669
2011-10-26 20:00:00,150.38291469651801
2011-10-26 21:00:00,156.4304237251259
2011-10-26 22:00:00,116.00773308674714
2011-10-26 23:00:00,64.78991837402052
2011-10-27 00:00:00,28.32338114560088
2011-10-27 01:00:00,8.089187938137448
2011-10-27 02:00:00,7.722775819074759
2011-10-27 03:00:00,3.975386476468701
2011-10-27 04:00:00,4.786019165382061
2011-10-27 05:00:00,13.510889385796126
2011-10-27 06:00:00,49.35090287035695
2011-10-27 07:00:00,198.50330025622796
2011-10-27 08:00:00,166.92507390201342
2011-10-27 09:00:00,211.04241023493208
2011-10-27 10:00:00,103.40019024046079
2011-10-27 11:00:00,98.59323966148708
2011-10-27 12:00:00,95.49165418401392
2011-10-27 13:00:00,147.2183570978419
2011-10-27 14:00:00,127.86505542053726
2011-10-27 15:00:00,148.80772119943225
2011-10-27 16:00:00,294.916206276873
2011-10-27 17:00:00,377.741130542193
2011-10-27 18:00:00,392.09488265535015
2011-10-27 19:00:00,235.75221910315213
2011-10-27 20:00:00,162.3590499140372
2011-10-27 21:00:00,90.0845877233103
2011-10-27 22:00:00,60.3865648887998
2011-10-27 23:00:00,56.653998232264705
2011-10-28 00:00:00,46.09761424935148
2011-10-28 01:00:00,19.43728152388006
2011-10-28 02:00:00,11.054498290422602
2011-10-28 03:00:00,2.885689862484604
2011-10-28 04:00:00,3.0626414873100734
2011-10-28 05:00:00,21.446478690332597
2011-10-28 06:00:00,85.07186597661904
2011-10-28 07:00:00,196.9897470884891
2011-10-28 08:00:00,279.2405370902801
2011-10-28 09:00:00,173.93298932511146
2011-10-28 10:00:00,124.18639087136738
2011-10-28 11:00:00,158.02361658307055
2011-10-28 12:00:00,175.47772033148377
2011-10-28 13:00:00,181.54438796686094
2011-10-28 14:00:00,164.99088901718918
2011-10-28 15:00:00,170.85719574023437
2011-10-28 16:00:00,223.83093882029596
2011-10-28 17:00:00,328.58710081319816
2011-10-28 18:00:00,308.55919882548613
2011-10-28 19:00:00,210.65660230947225
2011-10-28 20:00:00,120.70131477194785
2011-10-28 21:00:00,81.00947578456098
2011-10-28 22:00:00,58.422023346159335
2011-10-28 23:00:00,48.69459485530591
2011-10-29 00:00:00,48.10888076113329
2011-10-29 01:00:00,36.028791865419
2011-10-29 02:00:00,38.895965997510174
2011-10-29 03:00:00,14.164569081030166
2011-10-29 04:00:00,3.3596349481666143
2011-10-29 05:00:00,3.3885610463803295
2011-10-29 06:00:00,11.573216609268153
2011-10-29 07:00:00,33.70312505338368
2011-10-29 08:00:00,74.7125053935511
2011-10-29 09:00:00,88.82035363024951
2011-10-29 10:00:00,97.45906819823293
2011-10-29 11:00:00,102.42463584341283
2011-10-29 12:00:00,95.88228033144303
2011-10-29 13:00:00,92.49733358658204
2011-10-29 14:00:00,104.53203834196613
2011-10-29 15:00:00,88.09489658718077
2011-10-29 16:00:00,89.03430034739168
2011-10-29 17:00:00,89.12486687695137
2011-10-29 18:00:00,83.47700578293876
2011-10-29 19:00:00,103.62348932801906
2011-10-29 20:00:00,83.51138197011007
2011-10-29 21:00:00,58.88936229365611
2011-10-29 22:00:00,57.37022926946511
2011-10-29 23:00:00,45.483105647839
2011-10-30 00:00:00,56.164757443971986
2011-10-30 01:00:00,43.667521215460596
2011-10-30 02:00:00,40.721660583329125
2011-10-30 03:00:00,14.77617612594434
2011-10-30 04:00:00,3.875896850281635
2011-10-30 05:00:00,3.1671403650822487
2011-10-30 06:00:00,12.44173339654525
2011-10-30 07:00:00,27.93056297220616
2011-10-30 08:00:00,71.78331125489726
2011-10-30 09:00:00,108.48255523001116
2011-10-30 10:00:00,179.93087911126338
2011-10-30 11:00:00,240.30709357931454
2011-10-30 12:00:00,272.4041039688646
2011-10-30 13:00:00,296.6744433622554
2011-10-30 14:00:00,324.1993331409939
2011-10-30 15:00:00,325.0917748887869
2011-10-30 16:00:00,293.5958593180629
2011-10-30 17:00:00,247.4689370931029
2011-10-30 18:00:00,204.22070115938075
2011-10-30 19:00:00,297.74306310988896
2011-10-30 20:00:00,100.72569058494943
2011-10-30 21:00:00,86.92265832472559
2011-10-30 22:00:00,63.35142179984127
2011-10-30 23:00:00,44.01080877947732
2011-10-31 00:00:00,18.694315890423947
2011-10-31 01:00:00,7.59021941924237
2011-10-31 02:00:00,3.6561418850528664
2011-10-31 03:00:00,3.676690910472172
2011-10-31 04:00:00,4.125184773361829
2011-10-31 05:00:00,20.998413787371963
2011-10-31 06:00:00,87.46067271641247
2011-10-31 07:00:00,220.71641015278738
2011-10-31 08:00:00,289.4246657631178
2011-10-31 09:00:00,161.5607669272178
2011-10-31 10:00:00,110.79445028307003
2011-10-31 11:00:00,134.26061958957925
2011-10-31 12:00:00,161.76018963633916
2011-10-31 13:00:00,157.3235868410974
2011-10-31 14:00:00,153.04389479891273
2011-10-31 15:00:00,173.32571970888773
2011-10-31 16:00:00,267.61684348008725
2011-10-31 17:00:00,456.3874176931138
2011-10-31 18:00:00,400.2666444877872
2011-10-31 19:00:00,276.7693015449969
2011-10-31 20:00:00,195.13763553749612
2011-10-31 21:00:00,125.99868525716505
2011-10-31 22:00:00,96.66465480686884
2011-10-31 23:00:00,55.518109397850985
2011-11-20 00:00:00,79.64259882403974
2011-11-20 01:00:00,65.34470124854367
2011-11-20 02:00:00,67.1574647346066
2011-11-20 03:00:00,28.95228841457719
2011-11-20 04:00:00,3.3970179475974533
2011-11-20 05:00:00,4.504276094230999
2011-11-20 06:00:00,16.137723650027596
2011-11-20 07:00:00,53.586680289941086
2011-11-20 08:00:00,89.64926012347274
2011-11-20 09:00:00,147.89682904808842
2011-11-20 10:00:00,246.3415627322368
2011-11-20 11:00:00,323.16622789874856
2011-11-20 12:00:00,331.5486781992423
2011-11-20 13:00:00,352.1757149416412
2011-11-20 14:00:00,349.72473472713716
2011-11-20 15:00:00,344.7580229856236
2011-11-20 16:00:00,317.0798297418328
2011-11-20 17:00:00,273.3539395148491
2011-11-20 18:00:00,271.7347647043783
2011-11-20 19:00:00,231.33515169426443
2011-11-20 20:00:00,170.00866600125505
2011-11-20 21:00:00,129.2481789049227
2011-11-20 22:00:00,53.65668713012963
2011-11-20 23:00:00,46.187513486413245
2011-11-21 00:00:00,27.579211681620496
2011-11-21 01:00:00,6.591404709128554
2011-11-21 02:00:00,6.160843186050565
2011-11-21 03:00:00,3.6110621001309022
2011-11-21 04:00:00,4.137104125927382
2011-11-21 05:00:00,10.88966977782332
2011-11-21 06:00:00,76.91369369093225
2011-11-21 07:00:00,196.14567505172062
2011-11-21 08:00:00,261.3209055541031
2011-11-21 09:00:00,146.97539828993428
2011-11-21 10:00:00,108.65686925098376
2011-11-21 11:00:00,120.88865425460992
2011-11-21 12:00:00,165.081330747154
2011-11-21 13:00:00,164.00676482373325
2011-11-21 14:00:00,139.12390171200045
2011-11-21 15:00:00,83.48912464238774
2011-11-21 16:00:00,98.20677337065324
2011-11-21 17:00:00,101.76251575007561
2011-11-21 18:00:00,162.1248916565827
2011-11-21 19:00:00,102.6701782477507
2011-11-21 20:00:00,114.99417672277266
2011-11-21 21:00:00,98.78761779199363
2011-11-21 22:00:00,70.54228679723148
2011-11-21 23:00:00,48.52052949213716
2011-11-22 00:00:00,19.27799842917574
2011-11-22 01:00:00,7.121185729217533
2011-11-22 02:00:00,5.621682557247147
2011-11-22 03:00:00,3.991487629272658
2011-11-22 04:00:00,4.398726832046621
2011-11-22 05:00:00,11.63131814254045
2011-11-22 06:00:00,77.57004377617994
2011-11-22 07:00:00,131.31477659310642
2011-11-22 08:00:00,154.24681624031888
2011-11-22 09:00:00,128.47187278610704
2011-11-22 10:00:00,84.25855494540816
2011-11-22 11:00:00,83.51662775294301
2011-11-22 12:00:00,84.4839554886481
2011-11-22 13:00:00,78.77962329956739
2011-11-22 14:00:00,78.23102460392816
2011-11-22 15:00:00,80.74129864251067
2011-11-22 16:00:00,95.5999300976355
2011-11-22 17:00:00,107.11764948213641
2011-11-22 18:00:00,113.52344601855143
2011-11-22 19:00:00,126.86408353847297
2011-11-22 20:00:00,136.9185794760418
2011-11-22 21:00:00,104.40496271518064
2011-11-22 22:00:00,115.90290017793662
2011-11-22 23:00:00,69.51233551855307
2011-11-23 00:00:00,23.29265378297731
2011-11-23 01:00:00,8.69458020642555
2011-11-23 02:00:00,5.19684750880971
2011-11-23 03:00:00,3.1546453758791637
2011-11-23 04:00:00,4.307728497682984
2011-11-23 05:00:00,16.394711358187298
2011-11-23 06:00:00,75.75419865092152
2011-11-23 07:00:00,176.43638281980344
2011-11-23 08:00:00,250.88254067214632
2011-11-23 09:00:00,138.8675651127907
2011-11-23 10:00:00,90.56227971318566
2011-11-23 11:00:00,128.85127419366043
2011-11-23 12:00:00,167.48882046527552
2011-11-23 13:00:00,152.53913213993303
2011-11-23 14:00:00,153.384420544383
2011-11-23 15:00:00,145.96654998125388
2011-11-23 16:00:00,207.81401430467392
2011-11-23 17:00:00,243.4646271362817
2011-11-23 18:00:00,340.1390360228154
2011-11-23 19:00:00,241.96018211157795
2011-11-23 20:00:00,152.9265405903391
2011-11-23 21:00:00,78.90885171783583
2011-11-23 22:00:00,60.871423921304654
2011-11-23 23:00:00,62.195065276566986
2011-11-24 00:00:00,33.590793857882275
2011-11-24 01:00:00,23.960465757532845
2011-11-24 02:00:00,16.34599986165509
2011-11-24 03:00:00,7.264900665074799
2011-11-24 04:00:00,5.47797329639944
2011-11-24 05:00:00,8.662749936190444
2011-11-24 06:00:00,44.387067345890294
2011-11-24 07:00:00,120.8478683191914
2011-11-24 08:00:00,210.94857709631708
2011-11-24 09:00:00,184.85489541889012
2011-11-24 10:00:00,203.481820973413
2011-11-24 11:00:00,258.8587531569978
2011-11-24 12:00:00,274.73730538493595
2011-11-24 13:00:00,285.89390338978797
2011-11-24 14:00:00,302.51830563021525
2011-11-24 15:00:00,299.8728863245191
2011-11-24 16:00:00,286.16051852097974
2011-11-24 17:00:00,378.1267316347411
2011-11-24 18:00:00,330.65733863032784
2011-11-24 19:00:00,229.43117007738556
2011-11-24 20:00:00,151.97475231333286
2011-11-24 21:00:00,118.96137884007591
2011-11-24 22:00:00,99.58896976430148
2011-11-24 23:00:00,67.50671819907308
2011-11-25 00:00:00,43.14071255750158
2011-11-25 01:00:00,19.527909366340378
2011-11-25 02:00:00,10.026340128595471
2011-11-25 03:00:00,3.8719718447140865
2011-11-25 04:00:00,3.5903190140789554
2011-11-25 05:00:00,21.569440523582216
2011-11-25 06:00:00,78.51897330450679
2011-11-25 07:00:00,245.6176510025941
2011-11-25 08:00:00,291.0658355317319
2011-11-25 09:00:00,203.17365935902066
2011-11-25 10:00:00,143.26001712377231
2011-11-25 11:00:00,162.16967216824753
2011-11-25 12:00:00,202.03205797527156
2011-11-25 13:00:00,202.96352828917375
2011-11-25 14:00:00,203.54948713498987
2011-11-25 15:00:00,207.63223659785342
2011-11-25 16:00:00,304.72273999728503
2011-11-25 17:00:00,444.2829340934627
2011-11-25 18:00:00,416.16460667931824
2011-11-25 19:00:00,255.95480135847512
2011-11-25 20:00:00,183.34672051790668
2011-11-25 21:00:00,133.01799214612032
2011-11-25 22:00:00,102.81338911343715
2011-11-25 23:00:00,71.41063976198431
2011-11-26 00:00:00,71.38073447375974
2011-11-26 01:00:00,53.769566355123274
2011-11-26 02:00:00,53.660771794664115
2011-11-26 03:00:00,25.778476198382656
2011-11-26 04:00:00,6.244029771636919
2011-11-26 05:00:00,5.945635794342203
2011-11-26 06:00:00,15.544514872144177
2011-11-26 07:00:00,35.5923182760177
2011-11-26 08:00:00,108.23853372101556
2011-11-26 09:00:00,140.9079303954169
2011-11-26 10:00:00,193.50981093715882
2011-11-26 11:00:00,287.7681217932857
2011-11-26 12:00:00,321.46437419854783
2011-11-26 13:00:00,335.6091080739003
2011-11-26 14:00:00,333.9019024252624
2011-11-26 15:00:00,358.4081190603058
2011-11-26 16:00:00,287.510299862754
2011-11-26 17:00:00,272.8471269607309
2011-11-26 18:00:00,238.34057701252277
2011-11-26 19:00:00,201.1954226656781
2011-11-26 20:00:00,157.6097546268632
2011-11-26 21:00:00,113.89654567400214
2011-11-26 22:00:00,105.34462394789296
2011-11-26 23:00:00,71.66591424103352
2011-11-27 00:00:00,77.83085382696709
2011-11-27 01:00:00,65.37702613354041
2011-11-27 02:00:00,59.4331272178301
2011-11-27 03:00:00,36.474057335405384
2011-11-27 04:00:00,6.123131605689984
2011-11-27 05:00:00,5.508339887375955
2011-11-27 06:00:00,14.876304760939844
2011-11-27 07:00:00,54.88336890213152
2011-11-27 08:00:00,88.08655748022522
2011-11-27 09:00:00,142.968584134206
2011-11-27 10:00:00,244.06521750681117
2011-11-27 11:00:00,316.7952486006278
2011-11-27 12:00:00,356.8132572491761
2011-11-27 13:00:00,355.7102836244245
2011-11-27 14:00:00,409.42396175075544
2011-11-27 15:00:00,417.73159614811425
2011-11-27 16:00:00,387.57307132602
2011-11-27 17:00:00,293.5749847612957
2011-11-27 18:00:00,247.9963013139282
2011-11-27 19:00:00,227.39411981304258
2011-11-27 20:00:00,159.50807740686196
2011-11-27 21:00:00,126.09709275011598
2011-11-27 22:00:00,107.53162588731274
2011-11-27 23:00:00,74.14070479110632
2011-11-28 00:00:00,41.252610693425346
2011-11-28 01:00:00,12.068270939341005
2011-11-28 03:00:00,4.77885259456802
2011-11-28 04:00:00,5.6930665546138695
2011-11-28 05:00:00,20.17668623189914
2011-11-28 06:00:00,84.76742438368615
2011-11-28 07:00:00,274.0109195983523
2011-11-28 08:00:00,266.34471511880497
2011-11-28 09:00:00,193.84501970302438
2011-11-28 10:00:00,117.44949906055835
2011-11-28 11:00:00,130.3797274173209
2011-11-28 12:00:00,193.82571921950722
2011-11-28 13:00:00,185.73182913344118
2011-11-28 14:00:00,181.73113338149898
2011-11-28 15:00:00,189.12528006670038
2011-11-28 16:00:00,298.3821537400605
2011-11-28 17:00:00,536.1444550481833
2011-11-28 18:00:00,504.68604155013463
2011-11-28 19:00:00,322.2871267485471
2011-11-28 20:00:00,228.5168830985629
2011-11-28 21:00:00,174.29080333146544
2011-11-28 22:00:00,118.3923013671001
2011-11-28 23:00:00,65.6884868440689
2011-11-29 00:00:00,28.357588396229286
2011-11-29 01:00:00,11.19009743288248
2011-11-29 02:00:00,6.312502029934749
2011-11-29 03:00:00,4.4736590554881905
2011-11-29 04:00:00,4.191014536755507
2011-11-29 05:00:00,21.85744209566034
2011-11-29 06:00:00,94.06067945296903
2011-11-29 07:00:00,299.17512747861844
2011-11-29 08:00:00,441.4857723350377
2011-11-29 09:00:00,205.59817115726705
2011-11-29 10:00:00,104.36648078346586
2011-11-29 11:00:00,94.44400415518216
2011-11-29 12:00:00,89.11020757165736
2011-11-29 13:00:00,103.95508496497744
2011-11-29 14:00:00,84.8818599371751
2011-11-29 15:00:00,81.6368563281814
2011-11-29 16:00:00,114.8289792465956
2011-11-29 17:00:00,202.55331022882729
2011-11-29 18:00:00,246.41707680175014
2011-11-29 19:00:00,199.9588136437957
2011-11-29 20:00:00,159.22645212977017
2011-11-29 21:00:00,124.13369821811376
2011-11-29 22:00:00,96.69605612356946
2011-11-29 23:00:00,47.99238637350362
2011-11-30 00:00:00,24.484704351938568
2011-11-30 01:00:00,13.101751121361742
2011-11-30 02:00:00,5.611597108369287
2011-11-30 03:00:00,3.51417117674449
2011-11-30 04:00:00,3.8708400918552948
2011-11-30 05:00:00,20.62124304690085
2011-11-30 06:00:00,81.65556767745996
2011-11-30 07:00:00,224.92764873960434
2011-11-30 08:00:00,324.2526836487093
2011-11-30 09:00:00,207.2319367147893
2011-11-30 10:00:00,114.24965103734417
2011-11-30 11:00:00,128.03411384932937
2011-11-30 12:00:00,135.55794190391143
2011-11-30 13:00:00,142.47267401085705
2011-11-30 14:00:00,141.5823705178739
2011-11-30 15:00:00,140.1446977696392
2011-11-30 16:00:00,210.86060677988908
2011-11-30 17:00:00,317.58370001521627
2011-11-30 18:00:00,333.9644595331059
2011-11-30 19:00:00,221.71983527293054
2011-11-30 20:00:00,159.56981985215083
2011-11-30 21:00:00,93.06470959709029
2011-11-30 22:00:00,90.47137597558793
2011-11-30 23:00:00,57.332803218427074
2011-12-20 00:00:00,25.48311969013156
2011-12-20 01:00:00,11.84528639480364
2011-12-20 02:00:00,5.931969377499591
2011-12-20 03:00:00,4.150487375464135
2011-12-20 04:00:00,4.167640506906707
2011-12-20 05:00:00,21.006873476875313
2011-12-20 06:00:00,82.69000969365771
2011-12-20 07:00:00,268.98690821499133
2011-12-20 08:00:00,385.8712231737886
2011-12-20 09:00:00,229.15235272306603
2011-12-20 10:00:00,118.95576333590861
2011-12-20 11:00:00,133.42579132967825
2011-12-20 12:00:00,157.45119800055258
2011-12-20 13:00:00,155.702873029702
2011-12-20 14:00:00,151.2848416626998
2011-12-20 15:00:00,147.51413004559976
2011-12-20 16:00:00,258.88823860323333
2011-12-20 17:00:00,380.94698079666273
2011-12-20 18:00:00,371.9939124379267
2011-12-20 19:00:00,266.81219563425526
2011-12-20 20:00:00,186.28108145285944
2011-12-20 21:00:00,137.83373192968355
2011-12-20 22:00:00,104.42001071402326
2011-12-20 23:00:00,65.97702759211298
2011-12-21 00:00:00,26.32195144107653
2011-12-21 01:00:00,11.061995833833942
2011-12-21 02:00:00,6.0497359679314275
2011-12-21 03:00:00,4.143012135572532
2011-12-21 04:00:00,4.231212036873042
2011-12-21 05:00:00,19.807480886739715
2011-12-21 06:00:00,67.6962940667151
2011-12-21 07:00:00,186.14615944148096
2011-12-21 08:00:00,125.21354651955822
2011-12-21 09:00:00,165.3952736120046
2011-12-21 10:00:00,110.74764499079969
2011-12-21 11:00:00,113.0221692197513
2011-12-21 12:00:00,72.91670267449167
2011-12-21 13:00:00,56.77361624017404
2011-12-21 14:00:00,136.39376665589347
2011-12-21 15:00:00,142.98477810131706
2011-12-21 16:00:00,62.239804834952494
2011-12-21 17:00:00,68.34804742086335
2011-12-21 18:00:00,131.67027576045706
2011-12-21 19:00:00,125.79236189733336
2011-12-21 20:00:00,114.5189162622866
2011-12-21 21:00:00,123.75111949660484
2011-12-21 22:00:00,113.95840368743553
2011-12-21 23:00:00,71.08843504522379
2011-12-22 00:00:00,37.93127560857927
2011-12-22 01:00:00,8.898220146246366
2011-12-22 02:00:00,9.495206604586024
2011-12-22 03:00:00,4.572041267568869
2011-12-22 04:00:00,4.9770492686483285
2011-12-22 05:00:00,19.874041889755773
2011-12-22 06:00:00,69.71740613411146
2011-12-22 07:00:00,211.8127898318517
2011-12-22 08:00:00,288.3299050979691
2011-12-22 09:00:00,166.8546502144426
2011-12-22 10:00:00,99.45974265399926
2011-12-22 11:00:00,111.88546211036835
2011-12-22 12:00:00,149.92753739137612
2011-12-22 13:00:00,146.04036456115077
2011-12-22 14:00:00,141.05272540369532
2011-12-22 15:00:00,144.5270767287533
2011-12-22 16:00:00,228.27391928516795
2011-12-22 17:00:00,317.19039198530123
2011-12-22 18:00:00,321.3909453209112
2011-12-22 19:00:00,249.07691761333325
2011-12-22 20:00:00,121.25069683156231
2011-12-22 21:00:00,96.38736121660685
2011-12-22 22:00:00,55.17183393954555
2011-12-22 23:00:00,45.92692663139039
2011-12-23 00:00:00,33.75055048474523
2011-12-23 01:00:00,15.798387660419223
2011-12-23 02:00:00,9.572156193193
2011-12-23 03:00:00,4.16125753293332
2011-12-23 04:00:00,3.756982161336854
2011-12-23 05:00:00,18.029331405983992
2011-12-23 06:00:00,70.41275074349448
2011-12-23 07:00:00,194.06653041478376
2011-12-23 08:00:00,337.7115053342029
2011-12-23 09:00:00,183.2939128572052
2011-12-23 10:00:00,126.70206290515125
2011-12-23 11:00:00,142.1614209598194
2011-12-23 12:00:00,163.04660135633821
2011-12-23 13:00:00,161.24126663630443
2011-12-23 14:00:00,157.2366214551107
2011-12-23 15:00:00,150.6966398849655
2011-12-23 16:00:00,197.77680176567668
2011-12-23 17:00:00,297.4946546813977
2011-12-23 18:00:00,285.0680226486975
2011-12-23 19:00:00,182.38492810883946
2011-12-23 20:00:00,114.58093383248057
2011-12-23 21:00:00,96.80828259060158
2011-12-23 22:00:00,75.55552911848714
2011-12-23 23:00:00,58.158924936679284
2011-12-24 00:00:00,64.83793185190311
2011-12-24 01:00:00,59.27902871273209
2011-12-24 02:00:00,54.23442841867871
2011-12-24 03:00:00,26.105070889934986
2011-12-24 04:00:00,5.266469528306359
2011-12-24 05:00:00,5.26362522071042
2011-12-24 06:00:00,11.147300277253045
2011-12-24 07:00:00,29.083055905794687
2011-12-24 08:00:00,70.71870706874952
2011-12-24 09:00:00,121.29145222570898
2011-12-24 10:00:00,154.554381464575
2011-12-24 11:00:00,176.72484757518774
2011-12-24 12:00:00,198.98547799446735
2011-12-24 13:00:00,203.72839312711997
2011-12-24 14:00:00,202.8826489260386
2011-12-24 15:00:00,185.1362972086439
2011-12-24 16:00:00,174.98024959172506
2011-12-24 17:00:00,136.54171112873956
2011-12-24 18:00:00,156.40604919808666
2011-12-24 19:00:00,139.45408770807262
2011-12-24 20:00:00,91.53327600265244
2011-12-24 21:00:00,74.5759025523285
2011-12-24 22:00:00,70.10963739475164
2011-12-24 23:00:00,49.37799963491865
2011-12-25 00:00:00,56.93004600099229
2011-12-25 01:00:00,52.681444014521986
2011-12-25 02:00:00,44.92155561800878
2011-12-25 03:00:00,21.238459396125364
2011-12-25 05:00:00,4.419118711845026
2011-12-25 06:00:00,7.415509999762493
2011-12-25 07:00:00,20.795420964799156
2011-12-25 08:00:00,58.86476414986666
2011-12-25 09:00:00,81.9017496745496
2011-12-25 10:00:00,113.89365392616672
2011-12-25 11:00:00,138.41417943184314
2011-12-25 12:00:00,144.77527912931208
2011-12-25 13:00:00,163.7684089281031
2011-12-25 14:00:00,181.8442647522848
2011-12-25 15:00:00,188.33801200203595
2011-12-25 16:00:00,196.08485786482484
2011-12-25 17:00:00,187.37644105427498
2011-12-25 18:00:00,144.48654204983126
2011-12-25 19:00:00,146.97299431638106
2011-12-25 20:00:00,108.37666707246285
2011-12-25 21:00:00,70.61987323836024
2011-12-25 22:00:00,56.5736945155095
2011-12-25 23:00:00,40.3992826032137
2011-12-26 00:00:00,23.06642933780766
2011-12-26 01:00:00,26.41206888904953
2011-12-26 02:00:00,19.049160323452863
2011-12-26 04:00:00,5.061022042743364
2011-12-26 05:00:00,7.911861907316572
2011-12-26 06:00:00,28.640319587784127
2011-12-26 07:00:00,97.6084365880657
2011-12-26 08:00:00,143.4768640583389
2011-12-26 09:00:00,161.97023524362373
2011-12-26 10:00:00,147.49329591834316
2011-12-26 11:00:00,133.35927761732822
2011-12-26 12:00:00,163.05563663449556
2011-12-26 13:00:00,184.91292002494498
2011-12-26 14:00:00,184.7810552705426
2011-12-26 15:00:00,188.51179607780978
2011-12-26 16:00:00,188.61852435586167
2011-12-26 17:00:00,233.65677502182862
2011-12-26 18:00:00,213.10688454413165
2011-12-26 19:00:00,154.01626563194284
2011-12-26 20:00:00,116.84662960678614
2011-12-26 21:00:00,77.06013064223525
2011-12-26 22:00:00,65.98798207391187
2011-12-26 23:00:00,41.986259942260745
2011-12-27 00:00:00,18.639334713158593
2011-12-27 01:00:00,8.546964070036386
2011-12-27 02:00:00,4.56785534706528
2011-12-27 03:00:00,2.9876456538081975
2011-12-27 04:00:00,3.3698505937592196
2011-12-27 05:00:00,18.040226819008815
2011-12-27 06:00:00,67.8596006296468
2011-12-27 07:00:00,170.36027933672483
2011-12-27 08:00:00,276.769347244504
2011-12-27 09:00:00,123.93679222055404
2011-12-27 10:00:00,97.0406103575821
2011-12-27 11:00:00,77.05837458759042
2011-12-27 12:00:00,74.66194063292176
2011-12-27 13:00:00,67.59081843455728
2011-12-27 14:00:00,64.49625677377621
2011-12-27 15:00:00,67.55000106562878
2011-12-27 16:00:00,89.25725527796794
2011-12-27 17:00:00,117.35171875856959
2011-12-27 18:00:00,198.92997218269994
2011-12-27 19:00:00,162.05008689168565
2011-12-27 20:00:00,117.417048119824
2011-12-27 21:00:00,95.79050876157618
2011-12-27 22:00:00,74.04546365316838
2011-12-27 23:00:00,44.26158755087062
2011-12-28 00:00:00,21.39392132927212
2011-12-28 01:00:00,10.691741266600609
2011-12-28 02:00:00,5.716170147825195
2011-12-28 03:00:00,2.5484087416298347
2011-12-28 05:00:00,18.43879898194009
2011-12-28 06:00:00,69.94138922240057
2011-12-28 07:00:00,185.55319424576015
2011-12-28 08:00:00,294.7034185995414
2011-12-28 09:00:00,176.87150940666587
2011-12-28 10:00:00,98.25378625179172
2011-12-28 11:00:00,105.2120400143782
2011-12-28 12:00:00,106.70058651626354
2011-12-28 13:00:00,110.57048513655212
2011-12-28 14:00:00,100.6221315302172
2011-12-28 15:00:00,103.61935677500855
2011-12-28 16:00:00,132.01456097912487
2011-12-28 17:00:00,234.75366947936783
2011-12-28 18:00:00,197.05571939050697
2011-12-28 19:00:00,144.6759390266493
2011-12-28 20:00:00,117.13471043606908
2011-12-28 21:00:00,78.8294844662709
2011-12-28 22:00:00,67.3980368826556
2011-12-28 23:00:00,39.106063658211795
2011-12-29 00:00:00,22.187203274868025
2011-12-29 01:00:00,9.737193284459984
2011-12-29 02:00:00,6.81385869076247
2011-12-29 03:00:00,2.755217236243503
2011-12-29 04:00:00,3.005012209132231
2011-12-29 05:00:00,18.860036387338273
2011-12-29 06:00:00,65.81353021955042
2011-12-29 07:00:00,146.610221044053
2011-12-29 08:00:00,220.03746212335977
2011-12-29 09:00:00,162.23329506065045
2011-12-29 10:00:00,75.60779190917555
2011-12-29 11:00:00,90.67656788424179
2011-12-29 12:00:00,103.25064240544086
2011-12-29 13:00:00,108.68512473124608
2011-12-29 14:00:00,117.26644253210412
2011-12-29 15:00:00,115.41360283642435
2011-12-29 16:00:00,145.1014292733436
2011-12-29 17:00:00,250.1613080547752
2011-12-29 18:00:00,242.87975766404833
2011-12-29 19:00:00,174.36015201301632
2011-12-29 20:00:00,121.36413495179141
2011-12-29 21:00:00,94.46516861750779
2011-12-29 22:00:00,73.46507808057974
2011-12-29 23:00:00,55.53762235165052
2011-12-30 00:00:00,29.507694784093957
2011-12-30 01:00:00,12.13244846232293
2011-12-30 02:00:00,10.923572989599066
2011-12-30 03:00:00,3.853199750323238
2011-12-30 04:00:00,3.1608933460700572
2011-12-30 05:00:00,18.73680447894254
2011-12-30 06:00:00,63.80006282772869
2011-12-30 07:00:00,171.57873070600766
2011-12-30 08:00:00,244.55340662295725
2011-12-30 09:00:00,190.42879100886614
2011-12-30 10:00:00,95.31642586645782
2011-12-30 11:00:00,116.01767331441783
2011-12-30 12:00:00,129.41319011210265
2011-12-30 13:00:00,141.19034968090213
2011-12-30 14:00:00,156.2709720438314
2011-12-30 15:00:00,169.35435361315962
2011-12-30 16:00:00,234.45094743133473
2011-12-30 17:00:00,293.40780890001554
2011-12-30 18:00:00,285.8083798671833
2011-12-30 19:00:00,176.6820805733585
2011-12-30 20:00:00,143.76329896463687
2011-12-30 21:00:00,115.58136999487677
2011-12-30 22:00:00,85.53832491521696
2011-12-30 23:00:00,63.768800800839934
2011-12-31 00:00:00,69.1707485349458
2011-12-31 01:00:00,63.83766473256466
2011-12-31 02:00:00,59.83857638667499
2011-12-31 03:00:00,23.17705752567231
2011-12-31 04:00:00,3.400808941843486
2011-12-31 05:00:00,4.249773321258047
2011-12-31 06:00:00,13.827273888783145
2011-12-31 07:00:00,37.089987734314384
2011-12-31 08:00:00,92.62744637595966
2011-12-31 09:00:00,121.74204675280589
2011-12-31 10:00:00,173.01710813571387
2011-12-31 11:00:00,235.52042754681423
2011-12-31 12:00:00,335.3651476468956
2011-12-31 13:00:00,337.6612357845897
2011-12-31 14:00:00,288.8665226883784
2011-12-31 15:00:00,292.5523271712505
2011-12-31 16:00:00,247.44872239068917
2011-12-31 17:00:00,233.66850491024314
2011-12-31 18:00:00,214.56245027849036
2011-12-31 19:00:00,204.0499308301488
2011-12-31 20:00:00,138.12007198487618
2011-12-31 21:00:00,118.30150443424614
2011-12-31 22:00:00,96.70086806544671
2011-12-31 23:00:00,65.61430443121259
2012-01-20 00:00:00,20.267695525106596
2012-01-20 01:00:00,9.852178514900867
2012-01-20 02:00:00,7.579066905630047
2012-01-20 03:00:00,3.7008840843155064
2012-01-20 04:00:00,2.725320664259698
2012-01-20 05:00:00,20.517272783908442
2012-01-20 06:00:00,77.73291826126479
2012-01-20 07:00:00,200.89494695780795
2012-01-20 08:00:00,380.467635811592
2012-01-20 09:00:00,212.53027177555228
2012-01-20 10:00:00,119.05029841534324
2012-01-20 11:00:00,124.55195757252038
2012-01-20 12:00:00,136.42368754620068
2012-01-20 13:00:00,138.00992401047316
2012-01-20 14:00:00,139.18655648533385
2012-01-20 15:00:00,135.18429789644387
2012-01-20 16:00:00,178.8620097857325
2012-01-20 17:00:00,255.87104873704448
2012-01-20 18:00:00,245.6890239538581
2012-01-20 19:00:00,209.58621219569898
2012-01-20 20:00:00,169.54053355170853
2012-01-20 21:00:00,91.6674220764883
2012-01-20 22:00:00,66.74246325028466
2012-01-20 23:00:00,51.08883049589257
2012-01-21 00:00:00,32.06016799440238
2012-01-21 01:00:00,32.752231975495654
2012-01-21 02:00:00,29.433003461208912
2012-01-21 03:00:00,15.83895405765966
2012-01-21 04:00:00,4.593086195743192
2012-01-21 05:00:00,3.275265795702916
2012-01-21 06:00:00,5.196345366344
2012-01-21 07:00:00,25.52720980473107
2012-01-21 08:00:00,68.63198448915911
2012-01-21 09:00:00,115.051135935772
2012-01-21 10:00:00,116.99595322815786
2012-01-21 11:00:00,173.81284092343833
2012-01-21 12:00:00,195.8787044181026
2012-01-21 13:00:00,195.4297581683563
2012-01-21 14:00:00,118.11616213126607
2012-01-21 15:00:00,116.42921390207246
2012-01-21 16:00:00,172.95643760222384
2012-01-21 17:00:00,141.28054884605422
2012-01-21 18:00:00,132.1066580812665
2012-01-21 19:00:00,104.66735788104451
2012-01-21 20:00:00,98.12126300188359
2012-01-21 21:00:00,66.64858208512587
2012-01-21 22:00:00,55.793382576997715
2012-01-21 23:00:00,46.48937308532464
2012-01-22 00:00:00,52.240361349776876
2012-01-22 01:00:00,46.146747954717284
2012-01-22 02:00:00,36.6511877226177
2012-01-22 03:00:00,18.721284132779935
2012-01-22 04:00:00,4.149924909418862
2012-01-22 05:00:00,3.567323174791393
2012-01-22 06:00:00,3.0493370136494624
2012-01-22 07:00:00,23.207316875475996
2012-01-22 08:00:00,58.813765815531504
2012-01-22 09:00:00,109.34315593669423
2012-01-22 10:00:00,131.5956714776595
2012-01-22 11:00:00,117.28787333408516
2012-01-22 12:00:00,147.71804220935303
2012-01-22 13:00:00,170.65347309819873
2012-01-22 14:00:00,163.63965929215652
2012-01-22 15:00:00,142.55932478237912
2012-01-22 16:00:00,139.25523677237427
2012-01-22 17:00:00,130.07541000211185
2012-01-22 18:00:00,123.29121545546788
2012-01-22 19:00:00,112.97238806481495
2012-01-22 20:00:00,88.8297721066163
2012-01-22 21:00:00,57.390051217267725
2012-01-22 22:00:00,49.03845925192537
2012-01-22 23:00:00,39.75566350099892
2012-01-23 00:00:00,17.821070149478913
2012-01-23 01:00:00,7.433478363117857
2012-01-23 02:00:00,4.202708493477821
2012-01-23 03:00:00,2.7838392991088483
2012-01-23 04:00:00,2.8221980555476733
2012-01-23 05:00:00,21.398488321754666
2012-01-23 06:00:00,77.73631255536515
2012-01-23 07:00:00,111.43632869514124
2012-01-23 08:00:00,147.4783250265294
2012-01-23 09:00:00,211.3946836271669
2012-01-23 10:00:00,103.38423759822028
2012-01-23 11:00:00,101.62193068336948
2012-01-23 12:00:00,102.73093733685107
2012-01-23 13:00:00,61.19502177027703
2012-01-23 14:00:00,57.13317681067531
2012-01-23 15:00:00,108.29506319344623
2012-01-23 16:00:00,125.75695796352358
2012-01-23 17:00:00,146.3745545468219
2012-01-23 18:00:00,151.9665380318288
2012-01-23 19:00:00,143.50240674334864
2012-01-23 20:00:00,122.4269375111078
2012-01-23 21:00:00,84.16389669998475
2012-01-23 22:00:00,72.01281550773189
2012-01-23 23:00:00,48.35744833640603
2012-01-24 00:00:00,15.611602868373824
2012-01-24 01:00:00,5.942315046133222
2012-01-24 02:00:00,5.055274127103912
2012-01-24 03:00:00,3.0662230070059793
2012-01-24 04:00:00,2.9416348584208754
2012-01-24 05:00:00,21.358296692148237
2012-01-24 06:00:00,84.36134368768396
2012-01-24 07:00:00,204.37219494518664
2012-01-24 08:00:00,328.41580316633036
2012-01-24 09:00:00,187.48943595909293
2012-01-24 10:00:00,90.88005439890088
2012-01-24 11:00:00,92.11227620130433
2012-01-24 12:00:00,98.14656009232141
2012-01-24 13:00:00,97.41851372392858
2012-01-24 14:00:00,123.7270500345039
2012-01-24 15:00:00,127.51618209025135
2012-01-24 16:00:00,229.8181611065902
2012-01-24 17:00:00,429.83704990856603
2012-01-24 18:00:00,394.6462808224719
2012-01-24 19:00:00,276.97440482769764
2012-01-24 20:00:00,168.33688623777078
2012-01-24 21:00:00,132.27601439989772
2012-01-24 22:00:00,100.81346743948156
2012-01-24 23:00:00,58.10403769116538
2012-01-25 00:00:00,18.098355013328792
2012-01-25 01:00:00,7.38047994235343
2012-01-25 02:00:00,4.825996534213269
2012-01-25 03:00:00,2.826045017732348
2012-01-25 04:00:00,2.5367658109191815
2012-01-25 05:00:00,21.385487022708922
2012-01-25 06:00:00,78.13623706915737
2012-01-25 07:00:00,215.66544936441068
2012-01-25 08:00:00,400.02774028075396
2012-01-25 09:00:00,212.33630443612276
2012-01-25 10:00:00,114.34771374380652
2012-01-25 11:00:00,115.22303789334714
2012-01-25 12:00:00,128.35130516604497
2012-01-25 13:00:00,127.2464599330299
2012-01-25 14:00:00,124.05851185348178
2012-01-25 15:00:00,139.2726993913425
2012-01-25 16:00:00,207.94989283785497
2012-01-25 17:00:00,347.1399709263165
2012-01-25 18:00:00,299.6800108726421
2012-01-25 19:00:00,240.14174521166453
2012-01-25 20:00:00,176.94499460994683
2012-01-25 21:00:00,115.7672246999847
2012-01-25 22:00:00,95.78741042911338
2012-01-25 23:00:00,55.720325705387246
2012-01-26 00:00:00,21.094605077737583
2012-01-26 01:00:00,7.294006318800831
2012-01-26 02:00:00,5.404749908171665
2012-01-26 03:00:00,2.6045224573307637
2012-01-26 04:00:00,3.2227598832588855
2012-01-26 05:00:00,22.06559769611109
2012-01-26 06:00:00,81.97515263724627
2012-01-26 07:00:00,228.17676390114005
2012-01-26 08:00:00,417.9110012133706
2012-01-26 09:00:00,208.95941337555044
2012-01-26 10:00:00,117.20240549634588
2012-01-26 11:00:00,112.21647672804781
2012-01-26 12:00:00,114.10072295960583
2012-01-26 13:00:00,135.40588517307333
2012-01-26 14:00:00,138.37274370881818
2012-01-26 15:00:00,141.3915161786441
2012-01-26 16:00:00,231.45458913170447
2012-01-26 17:00:00,426.88274546531136
2012-01-26 18:00:00,422.69730778117037
2012-01-26 19:00:00,271.54629043892845
2012-01-26 20:00:00,193.2443842409548
2012-01-26 21:00:00,147.15865998111184
2012-01-26 22:00:00,112.05041029163682
2012-01-26 23:00:00,89.94821648455695
2012-01-27 00:00:00,38.363292716319854
2012-01-27 01:00:00,11.047000238914674
2012-01-27 02:00:00,8.176487620246563
2012-01-27 03:00:00,4.14851360710455
2012-01-27 04:00:00,3.4789154129544957
2012-01-27 05:00:00,24.030958966614488
2012-01-27 06:00:00,93.94695404277218
2012-01-27 07:00:00,266.23907280392507
2012-01-27 08:00:00,136.55370701917334
2012-01-27 09:00:00,131.42319614551508
2012-01-27 10:00:00,114.49534085996734
2012-01-27 11:00:00,173.65393391070597
2012-01-27 12:00:00,203.08008463960064
2012-01-27 13:00:00,204.88144084776835
2012-01-27 14:00:00,201.37803843831878
2012-01-27 15:00:00,208.57201126040133
2012-01-27 16:00:00,284.0127245878462
2012-01-27 17:00:00,421.7130288855202
2012-01-27 18:00:00,381.2151898883591
2012-01-27 19:00:00,250.51435607429198
2012-01-27 20:00:00,181.17437285594264
2012-01-27 21:00:00,119.94594152128285
2012-01-27 22:00:00,101.96799149109843
2012-01-27 23:00:00,68.5664377284624
2012-01-28 00:00:00,60.30059026798559
2012-01-28 01:00:00,53.28662508614139
2012-01-28 02:00:00,39.62346594524906
2012-01-28 03:00:00,20.154628559857954
2012-01-28 04:00:00,4.746113790950711
2012-01-28 05:00:00,2.7732216058736223
2012-01-28 06:00:00,6.3378046369083565
2012-01-28 07:00:00,33.14243474726147
2012-01-28 08:00:00,91.33723194998936
2012-01-28 09:00:00,118.36550987960108
2012-01-28 10:00:00,176.81976085034302
2012-01-28 11:00:00,208.52939170554896
2012-01-28 12:00:00,206.04981765751808
2012-01-28 13:00:00,220.15928890103925
2012-01-28 14:00:00,302.28903668283476
2012-01-28 15:00:00,325.45967740482854
2012-01-28 16:00:00,361.85758542198215
2012-01-28 17:00:00,302.0568951873764
2012-01-28 18:00:00,285.65386817884945
2012-01-28 19:00:00,211.1733366371745
2012-01-28 20:00:00,151.142078902575
2012-01-28 21:00:00,117.7361820470352
2012-01-28 22:00:00,102.62703047921012
2012-01-28 23:00:00,74.19725101981261
2012-01-29 00:00:00,69.26064891265736
2012-01-29 01:00:00,61.35416463698957
2012-01-29 02:00:00,44.408246494261164
2012-01-29 03:00:00,19.897396760243257
2012-01-29 04:00:00,4.744924714780802
2012-01-29 05:00:00,3.1989239399905394
2012-01-29 06:00:00,3.3994001215234855
2012-01-29 07:00:00,26.519293695926546
2012-01-29 08:00:00,67.85158514739283
2012-01-29 09:00:00,99.7124351958116
2012-01-29 10:00:00,161.38595579624143
2012-01-29 11:00:00,204.47930514173385
2012-01-29 12:00:00,238.04001451926408
2012-01-29 13:00:00,239.7391590761654
2012-01-29 14:00:00,237.50408990343652
2012-01-29 15:00:00,300.46017047972936
2012-01-29 16:00:00,288.4719231482658
2012-01-29 17:00:00,253.0256702925999
2012-01-29 18:00:00,209.24664990942819
2012-01-29 19:00:00,154.53495068190665
2012-01-29 20:00:00,104.2590029175943
2012-01-29 21:00:00,81.11096521817574
2012-01-29 22:00:00,73.18277199790205
2012-01-29 23:00:00,48.13767595773207
2012-01-30 00:00:00,20.68569007878033
2012-01-30 01:00:00,6.0187369074329276
2012-01-30 02:00:00,4.224573753499067
2012-01-30 03:00:00,2.3252932990532864
2012-01-30 04:00:00,2.2692747867403424
2012-01-30 05:00:00,20.6942433786907
2012-01-30 06:00:00,78.36106392397926
2012-01-30 07:00:00,219.88252301295793
2012-01-30 08:00:00,373.56790854172147
2012-01-30 09:00:00,202.23633888566172
2012-01-30 10:00:00,109.5433404107004
2012-01-30 11:00:00,113.79200072636735
2012-01-30 12:00:00,126.70486793796373
2012-01-30 13:00:00,119.79084250254286
2012-01-30 14:00:00,125.54515715533638
2012-01-30 15:00:00,131.04313228113537
2012-01-30 16:00:00,219.12916866885172
2012-01-30 17:00:00,378.75681124002097
2012-01-30 18:00:00,373.23349913308334
2012-01-30 19:00:00,220.95262057634778
2012-01-30 20:00:00,169.7694786994577
2012-01-30 21:00:00,118.92641588118018
2012-01-30 22:00:00,79.41690824770507
2012-01-30 23:00:00,49.39863094156485
2012-01-31 00:00:00,17.246064243289
2012-01-31 01:00:00,6.6912614651127305
2012-01-31 02:00:00,4.422379848920513
2012-01-31 03:00:00,2.4436893136167903
2012-01-31 04:00:00,2.218899422729977
2012-01-31 05:00:00,21.23859390221017
2012-01-31 06:00:00,82.27239211728785
2012-01-31 07:00:00,224.80562816072313
2012-01-31 08:00:00,434.4351359053718
2012-01-31 09:00:00,209.15825337980394
2012-01-31 10:00:00,112.59555148270573
2012-01-31 11:00:00,128.3886601388374
2012-01-31 12:00:00,142.04307871653754
2012-01-31 13:00:00,171.03599586762385
2012-01-31 14:00:00,182.31020238161682
2012-01-31 15:00:00,197.90135147865237
2012-01-31 16:00:00,312.18802308125265
2012-01-31 17:00:00,488.3148249302143
2012-01-31 18:00:00,488.92981599073494
2012-01-31 19:00:00,344.51627282444883
2012-01-31 20:00:00,184.29982269931506
2012-01-31 21:00:00,158.40197848185605
2012-01-31 22:00:00,115.24024652647908
2012-01-31 23:00:00,68.7373492722685
2012-02-20 00:00:00,21.894315515990048
2012-02-20 01:00:00,15.970758321820965
2012-02-20 02:00:00,12.374145891866949
2012-02-20 03:00:00,5.167503303895742
2012-02-20 05:00:00,5.269014969501995
2012-02-20 06:00:00,14.902768258041265
2012-02-20 07:00:00,35.00140873300206
2012-02-20 08:00:00,95.20847231387718
2012-02-20 09:00:00,115.54345125157943
2012-02-20 10:00:00,163.02602954306036
2012-02-20 11:00:00,182.72668372920407
2012-02-20 12:00:00,204.29633379862435
2012-02-20 13:00:00,208.79447661381266
2012-02-20 14:00:00,229.63132272412668
2012-02-20 15:00:00,228.22522894081052
2012-02-20 16:00:00,283.4837454515602
2012-02-20 17:00:00,367.9087199443197
2012-02-20 18:00:00,266.7434472748641
2012-02-20 19:00:00,191.91800759145707
2012-02-20 20:00:00,153.27946963691133
2012-02-20 21:00:00,97.0590604804317
2012-02-20 22:00:00,75.31012016213678
2012-02-20 23:00:00,51.12243942788514
2012-02-21 00:00:00,20.160766616823846
2012-02-21 01:00:00,6.6299494005832695
2012-02-21 02:00:00,4.121333877034091
2012-02-21 04:00:00,2.3473636226324004
2012-02-21 05:00:00,22.004626098660303
2012-02-21 06:00:00,78.0868816363344
2012-02-21 07:00:00,257.4226382831185
2012-02-21 08:00:00,412.62798038516615
2012-02-21 09:00:00,237.55214195412012
2012-02-21 10:00:00,110.17564141340732
2012-02-21 11:00:00,112.92097554523023
2012-02-21 12:00:00,132.37553451437103
2012-02-21 13:00:00,147.94729298888976
2012-02-21 14:00:00,144.91861034582055
2012-02-21 15:00:00,149.96385053701334
2012-02-21 16:00:00,238.72991139956585
2012-02-21 17:00:00,419.7486265928912
2012-02-21 18:00:00,420.7196726008365
2012-02-21 19:00:00,278.222488436911
2012-02-21 20:00:00,191.74312724160308
2012-02-21 21:00:00,158.19325244870754
2012-02-21 22:00:00,108.26716049870015
2012-02-21 23:00:00,54.4109958794818
2012-02-22 00:00:00,23.505271448114883
2012-02-22 01:00:00,8.253790770726047
2012-02-22 02:00:00,5.596384622851944
2012-02-22 03:00:00,3.239024325980965
2012-02-22 04:00:00,2.5193524829257723
2012-02-22 05:00:00,22.802605229172535
2012-02-22 06:00:00,84.95335813978969
2012-02-22 07:00:00,266.89572641073585
2012-02-22 08:00:00,437.9443777545565
2012-02-22 09:00:00,229.00457644264813
2012-02-22 10:00:00,118.9305619863432
2012-02-22 11:00:00,137.1976388993521
2012-02-22 12:00:00,154.19545458459174
2012-02-22 13:00:00,163.10948033971803
2012-02-22 14:00:00,165.71657746758672
2012-02-22 15:00:00,193.44280353241797
2012-02-22 16:00:00,314.4475717963574
2012-02-22 17:00:00,494.80165635370173
2012-02-22 18:00:00,459.7532153944604
2012-02-22 19:00:00,300.3491382169043
2012-02-22 20:00:00,199.02953434443367
2012-02-22 21:00:00,166.57512093098757
2012-02-22 22:00:00,119.50629977032472
2012-02-22 23:00:00,77.12976668333238
2012-02-23 00:00:00,31.741689706812423
2012-02-23 01:00:00,8.76387321384176
2012-02-23 02:00:00,8.735302825159497
2012-02-23 03:00:00,4.104751878713779
2012-02-23 04:00:00,3.459512695776438
2012-02-23 05:00:00,25.02817998356283
2012-02-23 06:00:00,87.8933531041358
2012-02-23 07:00:00,262.162459831069
2012-02-23 08:00:00,376.71695935097785
2012-02-23 09:00:00,218.12928738114547
2012-02-23 10:00:00,155.97789048922695
2012-02-23 11:00:00,174.3892359401058
2012-02-23 12:00:00,201.87031876412243
2012-02-23 13:00:00,200.34636739296002
2012-02-23 14:00:00,213.91611111223875
2012-02-23 15:00:00,217.18917907691093
2012-02-23 16:00:00,319.8951849226836
2012-02-23 17:00:00,521.8315438021631
2012-02-23 18:00:00,514.3082475524657
2012-02-23 19:00:00,351.9562941993041
2012-02-23 20:00:00,209.8535732598789
2012-02-23 21:00:00,156.00832346723664
2012-02-23 22:00:00,126.91177445265043
2012-02-23 23:00:00,97.93481978849199
2012-02-24 00:00:00,41.67261210851069
2012-02-24 01:00:00,14.193525276381497
2012-02-24 02:00:00,7.5701635020748546
2012-02-24 03:00:00,4.7654324005006
2012-02-24 04:00:00,3.3499970421547474
2012-02-24 05:00:00,25.891243335411485
2012-02-24 06:00:00,87.2665980742191
2012-02-24 07:00:00,291.9037060402794
2012-02-24 08:00:00,396.8583047135913
2012-02-24 09:00:00,122.7828214606207
2012-02-24 10:00:00,79.176124343359
2012-02-24 11:00:00,139.93090993270837
2012-02-24 12:00:00,173.08121721845743
2012-02-24 13:00:00,171.1825109459865
2012-02-24 14:00:00,194.49705341747057
2012-02-24 15:00:00,111.48733484330923
2012-02-24 16:00:00,162.30295441258522
2012-02-24 17:00:00,212.54031653531453
2012-02-24 18:00:00,328.90662157974634
2012-02-24 19:00:00,257.38748234775073
2012-02-24 20:00:00,178.1327409582616
2012-02-24 21:00:00,138.08817252172116
2012-02-24 22:00:00,118.9687553671767
2012-02-24 23:00:00,85.422410234316
2012-02-25 00:00:00,70.47906972182147
2012-02-25 01:00:00,63.44959464124104
2012-02-25 02:00:00,43.293541941855224
2012-02-25 03:00:00,16.373043292759796
2012-02-25 04:00:00,4.298491371420722
2012-02-25 05:00:00,3.691000053374383
2012-02-25 06:00:00,7.226582624003064
2012-02-25 07:00:00,32.86134968398243
2012-02-25 08:00:00,76.0134242178554
2012-02-25 09:00:00,104.58402510753199
2012-02-25 10:00:00,179.08891220916388
2012-02-25 11:00:00,201.18684869879803
2012-02-25 12:00:00,239.21342123035836
2012-02-25 13:00:00,269.17604719996365
2012-02-25 14:00:00,230.70253593115584
2012-02-25 15:00:00,263.3067116805046
2012-02-25 16:00:00,221.0441604829946
2012-02-25 17:00:00,172.9723646050751
2012-02-25 18:00:00,164.85897827515237
2012-02-25 19:00:00,121.55794157985727
2012-02-25 20:00:00,101.54527820485832
2012-02-25 21:00:00,72.80009982730444
2012-02-25 22:00:00,60.83211768534009
2012-02-25 23:00:00,55.11661038496373
2012-02-26 00:00:00,64.37856401600799
2012-02-26 01:00:00,57.0271925089888
2012-02-26 02:00:00,40.585878526050706
2012-02-26 03:00:00,20.181985876634915
2012-02-26 04:00:00,3.481590601061355
2012-02-26 05:00:00,2.855469424530536
2012-02-26 06:00:00,4.200867357595616
2012-02-26 07:00:00,21.56878527691648
2012-02-26 08:00:00,63.84232206449734
2012-02-26 09:00:00,102.51372304028199
2012-02-26 10:00:00,182.41578601633933
2012-02-26 11:00:00,208.32591490459134
2012-02-26 12:00:00,241.32978207028128
2012-02-26 13:00:00,279.95135067462667
2012-02-26 14:00:00,277.84707626109224
2012-02-26 15:00:00,316.98210672368197
2012-02-26 16:00:00,312.7399891045891
2012-02-26 17:00:00,277.94493656731225
2012-02-26 18:00:00,218.96809102653663
2012-02-26 19:00:00,174.39998151872751
2012-02-26 20:00:00,118.36190413735324
2012-02-26 21:00:00,82.83955307974034
2012-02-26 22:00:00,71.50058555768898
2012-02-26 23:00:00,44.331997509895906
2012-02-27 00:00:00,17.43421074595256
2012-02-27 01:00:00,7.3837413055323315
2012-02-27 02:00:00,4.651294561668077
2012-02-27 03:00:00,2.65943804181878
2012-02-27 04:00:00,2.3399396954802327
2012-02-27 05:00:00,21.533175921854607
2012-02-27 06:00:00,82.9724969416216
2012-02-27 07:00:00,245.0906784827643
2012-02-27 08:00:00,423.880872546601
2012-02-27 09:00:00,223.40518315401167
2012-02-27 10:00:00,134.47232258961455
2012-02-27 11:00:00,145.1973730331346
2012-02-27 12:00:00,157.78675221883523
2012-02-27 13:00:00,161.934035667317
2012-02-27 14:00:00,179.85010229769273
2012-02-27 15:00:00,194.230112946058
2012-02-27 16:00:00,315.03761750238704
2012-02-27 17:00:00,507.50504282989243
2012-02-27 18:00:00,479.55875157681646
2012-02-27 19:00:00,355.75749027897035
2012-02-27 20:00:00,211.08149220115317
2012-02-27 21:00:00,159.46492946455152
2012-02-27 22:00:00,115.25966939034579
2012-02-27 23:00:00,69.53692600366128
2012-02-28 00:00:00,28.233066227228818
2012-02-28 01:00:00,8.751895751336345
2012-02-28 02:00:00,7.76410479154772
2012-02-28 03:00:00,3.203858005310056
2012-02-28 04:00:00,2.3831764140651672
2012-02-28 05:00:00,20.54361674228386
2012-02-28 06:00:00,84.86272485599594
2012-02-28 07:00:00,259.965891068089
2012-02-28 08:00:00,415.6941256105884
2012-02-28 09:00:00,231.60185733797232
2012-02-28 10:00:00,124.43986478241206
2012-02-28 11:00:00,133.21653744130614
2012-02-28 12:00:00,144.8725567167737
2012-02-28 13:00:00,148.0248712985171
2012-02-28 14:00:00,155.3644042056417
2012-02-28 15:00:00,159.98698569485202
2012-02-28 16:00:00,264.4239191301816
2012-02-28 17:00:00,460.4826756647959
2012-02-28 18:00:00,462.9559010175896
2012-02-28 19:00:00,281.3732147523493
2012-02-28 20:00:00,186.7825288390423
2012-02-28 21:00:00,146.3706844164362
2012-02-28 22:00:00,110.14627671906334
2012-02-28 23:00:00,56.39209934467233
2012-02-29 00:00:00,24.1129227060399
2012-02-29 01:00:00,8.507138275358802
2012-02-29 02:00:00,4.918668533273468
2012-02-29 03:00:00,2.1973358061651194
2012-02-29 05:00:00,23.022497544937682
2012-02-29 06:00:00,83.45388239379768
2012-02-29 07:00:00,245.59929035043842
2012-02-29 08:00:00,439.1251919928253
2012-02-29 09:00:00,113.44666460110831
2012-02-29 10:00:00,56.766338101548754
2012-02-29 11:00:00,57.5580750668597
2012-02-29 12:00:00,61.40386104376922
2012-02-29 13:00:00,101.89527810412733
2012-02-29 14:00:00,100.10418044267443
2012-02-29 15:00:00,154.88624557677971
2012-02-29 16:00:00,158.50719065760083
2012-02-29 17:00:00,315.1019989756504
2012-02-29 18:00:00,252.02350850804356
2012-02-29 19:00:00,254.8991557480008
2012-02-29 20:00:00,134.7517291186519
2012-02-29 21:00:00,89.24193484348763
2012-02-29 22:00:00,64.91061148425598
2012-02-29 23:00:00,73.6496637809919
2012-03-20 00:00:00,27.53416003856451
2012-03-20 01:00:00,15.307649486374462
2012-03-20 02:00:00,5.412226017116865
2012-03-20 03:00:00,3.627485420010175
2012-03-20 04:00:00,3.671686659861301
2012-03-20 05:00:00,29.066929931931284
2012-03-20 06:00:00,120.35362391982868
2012-03-20 07:00:00,116.06127144494415
2012-03-20 08:00:00,497.4403184193561
2012-03-20 09:00:00,311.2400131789756
2012-03-20 10:00:00,153.35986609861158
2012-03-20 11:00:00,156.21218098706086
2012-03-20 12:00:00,203.73490083066318
2012-03-20 13:00:00,218.74245864613474
2012-03-20 14:00:00,219.2305935681346
2012-03-20 15:00:00,254.86023052184484
2012-03-20 16:00:00,312.5502640719366
2012-03-20 17:00:00,668.1212354532853
2012-03-20 18:00:00,654.9509763643277
2012-03-20 19:00:00,484.30330736582187
2012-03-20 20:00:00,312.4188362640545
2012-03-20 21:00:00,223.49777956436327
2012-03-20 22:00:00,146.31907634005157
2012-03-20 23:00:00,86.17306872829994
2012-03-21 00:00:00,34.165235588424196
2012-03-21 01:00:00,17.344690957663854
2012-03-21 02:00:00,6.224522236283908
2012-03-21 03:00:00,3.600031658356815
2012-03-21 04:00:00,3.7899386111731035
2012-03-21 05:00:00,29.13507609316791
2012-03-21 06:00:00,128.03148284503618
2012-03-21 07:00:00,116.61019830633187
2012-03-21 08:00:00,135.706813362346
2012-03-21 09:00:00,306.90228907341356
2012-03-21 10:00:00,151.51013736535432
2012-03-21 11:00:00,144.0172566907758
2012-03-21 12:00:00,223.61907447914177
2012-03-21 13:00:00,214.50123290520287
2012-03-21 14:00:00,208.51904005279644
2012-03-21 15:00:00,223.4656484589222
2012-03-21 16:00:00,298.47000049207173
2012-03-21 17:00:00,676.2765545215874
2012-03-21 18:00:00,682.8427144545853
2012-03-21 19:00:00,521.569823977699
2012-03-21 20:00:00,281.50985101100986
2012-03-21 21:00:00,209.60271054865143
2012-03-21 22:00:00,162.20651892468894
2012-03-21 23:00:00,102.11527189774088
2012-03-22 00:00:00,44.10713810278899
2012-03-22 01:00:00,18.254027639549992
2012-03-22 02:00:00,6.874627928008251
2012-03-22 03:00:00,4.48370084841237
2012-03-22 04:00:00,4.045903670362941
2012-03-22 05:00:00,28.540699575138508
2012-03-22 06:00:00,125.86226428704705
2012-03-22 07:00:00,357.79935462889495
2012-03-22 08:00:00,511.46018048075746
2012-03-22 09:00:00,292.7956331810125
2012-03-22 10:00:00,147.9459750235769
2012-03-22 11:00:00,140.03872567807014
2012-03-22 12:00:00,190.27080869455045
2012-03-22 13:00:00,215.9376359793639
2012-03-22 14:00:00,221.98555768746508
2012-03-22 15:00:00,257.2149195123318
2012-03-22 16:00:00,341.4931826827844
2012-03-22 17:00:00,715.1005086146538
2012-03-22 18:00:00,732.9235642273245
2012-03-22 19:00:00,519.175399904048
2012-03-22 20:00:00,346.4691123630846
2012-03-22 21:00:00,226.53699845241977
2012-03-22 22:00:00,174.51105987959033
2012-03-22 23:00:00,110.12288069338383
2012-03-23 00:00:00,52.30475011295572
2012-03-23 01:00:00,21.35766198193797
2012-03-23 02:00:00,7.449810378829215
2012-03-23 03:00:00,4.456127487566253
2012-03-23 04:00:00,4.18107143978327
2012-03-23 05:00:00,27.893321623921413
2012-03-23 06:00:00,127.12584271898055
2012-03-23 07:00:00,353.8896599674804
2012-03-23 08:00:00,510.38354487776934
2012-03-23 09:00:00,302.60154837787843
2012-03-23 10:00:00,198.5379654868119
2012-03-23 11:00:00,251.12466535491018
2012-03-23 12:00:00,301.96060394131746
2012-03-23 13:00:00,327.85518698099327
2012-03-23 14:00:00,326.75122828381484
2012-03-23 15:00:00,328.82859605177634
2012-03-23 16:00:00,433.54307770676587
2012-03-23 17:00:00,755.0345834366412
2012-03-23 18:00:00,733.9594496537077
2012-03-23 19:00:00,509.8911051960199
2012-03-23 20:00:00,334.0359578869783
2012-03-23 21:00:00,257.86674947401497
2012-03-23 22:00:00,223.06044534731348
2012-03-23 23:00:00,160.71928387878626
2012-03-24 00:00:00,107.86851468405905
2012-03-24 01:00:00,100.16384293926127
2012-03-24 02:00:00,49.83066576416135
2012-03-24 03:00:00,28.516835409598645
2012-03-24 04:00:00,9.021218655177641
2012-03-24 05:00:00,8.18713833384938
2012-03-24 06:00:00,24.849860719239256
2012-03-24 07:00:00,78.46217745992233
2012-03-24 08:00:00,207.2711759107341
2012-03-24 09:00:00,280.0869997809303
2012-03-24 10:00:00,352.28092502554694
2012-03-24 11:00:00,391.81006366434997
2012-03-24 12:00:00,95.58798421329755
2012-03-24 13:00:00,98.08440895372846
2012-03-24 14:00:00,100.3823484047149
2012-03-24 15:00:00,118.02492797135577
2012-03-24 16:00:00,140.1352584115742
2012-03-24 17:00:00,171.80717863296107
2012-03-24 18:00:00,177.27145579275776
2012-03-24 19:00:00,160.55265781664056
2012-03-24 20:00:00,107.68627788277165
2012-03-24 21:00:00,84.62075603719254
2012-03-24 22:00:00,68.04423166114269
2012-03-24 23:00:00,118.04244842487547
2012-03-25 00:00:00,90.09057657943794
2012-03-25 01:00:00,80.89203670558676
2012-03-25 02:00:00,46.2147145124241
2012-03-25 03:00:00,18.601444933011013
2012-03-25 04:00:00,7.032564214285213
2012-03-25 05:00:00,6.76727826080034
2012-03-25 06:00:00,9.945792115657113
2012-03-25 07:00:00,56.01501844898347
2012-03-25 08:00:00,104.71765799736505
2012-03-25 09:00:00,173.10269474874121
2012-03-25 10:00:00,249.03676248210044
2012-03-25 11:00:00,266.16008118322895
2012-03-25 12:00:00,271.57254993454643
2012-03-25 13:00:00,333.7333487889213
2012-03-25 14:00:00,345.5070782891558
2012-03-25 15:00:00,340.64920335537613
2012-03-25 16:00:00,336.4611442576687
2012-03-25 17:00:00,438.28699639742206
2012-03-25 18:00:00,395.7983795797462
2012-03-25 19:00:00,305.8944600668625
2012-03-25 20:00:00,200.70332638551815
2012-03-25 21:00:00,155.7842134709362
2012-03-25 22:00:00,108.77166521157747
2012-03-25 23:00:00,58.28270215117053
2012-03-26 00:00:00,27.677410506534603
2012-03-26 01:00:00,13.135650722445899
2012-03-26 02:00:00,6.907118946368629
2012-03-26 03:00:00,3.8907772459060608
2012-03-26 04:00:00,3.9496845690277356
2012-03-26 05:00:00,28.386109512718054
2012-03-26 06:00:00,119.25078391607342
2012-03-26 07:00:00,372.67054792183654
2012-03-26 08:00:00,607.5665375140827
2012-03-26 09:00:00,304.3999819394375
2012-03-26 10:00:00,182.41154108932608
2012-03-26 11:00:00,208.99101515515457
2012-03-26 12:00:00,232.6494625770516
2012-03-26 13:00:00,225.06413097072002
2012-03-26 14:00:00,222.90506722769518
2012-03-26 15:00:00,233.06651886529374
2012-03-26 16:00:00,319.0277290420666
2012-03-26 17:00:00,549.9259327635307
2012-03-26 18:00:00,498.1309770335213
2012-03-26 19:00:00,324.4883312598272
2012-03-26 20:00:00,217.07052851973128
2012-03-26 21:00:00,166.04557248459705
2012-03-26 22:00:00,113.64516881126248
2012-03-26 23:00:00,62.20893833448303
2012-03-27 00:00:00,23.112126703926908
2012-03-27 01:00:00,7.330933450349187
2012-03-27 02:00:00,4.110975888314361
2012-03-27 03:00:00,2.770302987540792
2012-03-27 04:00:00,2.44024783850365
2012-03-27 05:00:00,21.636313172976074
2012-03-27 06:00:00,87.16777246771242
2012-03-27 07:00:00,279.2659876375457
2012-03-27 08:00:00,476.94699556222764
2012-03-27 09:00:00,260.38050614006454
2012-03-27 10:00:00,140.29989349248783
2012-03-27 11:00:00,155.14329488570547
2012-03-27 12:00:00,181.87034781824704
2012-03-27 13:00:00,178.45794562208644
2012-03-27 14:00:00,190.92990393841717
2012-03-27 15:00:00,204.8682385760328
2012-03-27 16:00:00,319.5048215928127
2012-03-27 17:00:00,519.4581453241226
2012-03-27 18:00:00,496.48630763195047
2012-03-27 19:00:00,314.73853006104656
2012-03-27 20:00:00,233.0918669366321
2012-03-27 21:00:00,163.74613157086412
2012-03-27 22:00:00,122.67923493646862
2012-03-27 23:00:00,71.09115991569782
2012-03-28 00:00:00,27.87372546121628
2012-03-28 01:00:00,9.65223073849377
2012-03-28 02:00:00,4.735257287928981
2012-03-28 03:00:00,2.6794879293930878
2012-03-28 04:00:00,2.4988601501046404
2012-03-28 05:00:00,24.919382594170617
2012-03-28 06:00:00,101.9298882464365
2012-03-28 07:00:00,310.08279137537124
2012-03-28 08:00:00,557.6186194148945
2012-03-28 09:00:00,318.6296739808022
2012-03-28 10:00:00,182.80906941609456
2012-03-28 11:00:00,210.4528284602257
2012-03-28 12:00:00,258.08729382784793
2012-03-28 13:00:00,243.579260622662
2012-03-28 14:00:00,241.93838246012746
2012-03-28 15:00:00,260.15053322639864
2012-03-28 16:00:00,299.80513390708563
2012-03-28 17:00:00,706.7175578118621
2012-03-28 18:00:00,714.4648271952631
2012-03-28 19:00:00,520.7475512651482
2012-03-28 20:00:00,358.57334741610657
2012-03-28 21:00:00,245.25290709084155
2012-03-28 22:00:00,186.6595670293212
2012-03-28 23:00:00,108.06331513164055
2012-03-29 00:00:00,44.41398336489623
2012-03-29 01:00:00,18.46915779586533
2012-03-29 02:00:00,9.732475140113168
2012-03-29 03:00:00,4.957897489723329
2012-03-29 04:00:00,5.0406335966190285
2012-03-29 05:00:00,28.743360369790988
2012-03-29 06:00:00,124.16685689693495
2012-03-29 07:00:00,384.88931933230685
2012-03-29 08:00:00,592.7576298601907
2012-03-29 09:00:00,319.1112711797741
2012-03-29 10:00:00,178.69133161637805
2012-03-29 11:00:00,213.90288905642723
2012-03-29 12:00:00,249.332727426823
2012-03-29 13:00:00,239.10597130220577
2012-03-29 14:00:00,231.08084517664685
2012-03-29 15:00:00,248.38931052530594
2012-03-29 16:00:00,364.25436789820674
2012-03-29 17:00:00,621.2249087844729
2012-03-29 18:00:00,610.7168990649822
2012-03-29 19:00:00,404.72616766190345
2012-03-29 20:00:00,253.0214803214074
2012-03-29 21:00:00,183.64170328009854
2012-03-29 22:00:00,139.80566085969625
2012-03-29 23:00:00,97.08969441201839
2012-03-30 00:00:00,47.48231277395871
2012-03-30 01:00:00,19.696589382620374
2012-03-30 02:00:00,9.083268170645582
2012-03-30 03:00:00,3.791563427763541
2012-03-30 04:00:00,3.774322316972702
2012-03-30 05:00:00,23.333538293623064
2012-03-30 06:00:00,91.33480713657687
2012-03-30 07:00:00,284.88959591747755
2012-03-30 08:00:00,558.6073487556091
2012-03-30 09:00:00,278.26608789355043
2012-03-30 10:00:00,169.12958922716481
2012-03-30 11:00:00,184.4903263239396
2012-03-30 12:00:00,231.65359704441997
2012-03-30 13:00:00,111.2905304829946
2012-03-30 14:00:00,103.75975568831656
2012-03-30 15:00:00,110.06262328904573
2012-03-30 16:00:00,155.42712920959715
2012-03-30 17:00:00,452.5398177911676
2012-03-30 18:00:00,485.97603643691167
2012-03-30 19:00:00,301.0287362609085
2012-03-30 20:00:00,215.67369319454173
2012-03-30 21:00:00,168.2654007257703
2012-03-30 22:00:00,132.22949754250175
2012-03-30 23:00:00,113.79210422588099
2012-03-31 00:00:00,82.02455833811577
2012-03-31 01:00:00,75.2986227460673
2012-03-31 02:00:00,44.50946962462068
2012-03-31 03:00:00,21.6553642973535
2012-03-31 04:00:00,6.618656729535599
2012-03-31 05:00:00,7.096497617745902
2012-03-31 06:00:00,12.50400745887174
2012-03-31 07:00:00,55.19167872651945
2012-03-31 08:00:00,134.55784630943782
2012-03-31 09:00:00,235.2924958840526
2012-03-31 10:00:00,271.29268672305403
2012-03-31 11:00:00,454.2194664870238
2012-03-31 12:00:00,453.00343859820435
2012-03-31 13:00:00,522.9106741297039
2012-03-31 14:00:00,460.0977390853842
2012-03-31 15:00:00,481.3774447349801
2012-03-31 16:00:00,479.5425366037418
2012-03-31 17:00:00,414.287568083205
2012-03-31 18:00:00,317.385828704731
2012-03-31 19:00:00,242.24605695678088
2012-03-31 20:00:00,164.19115540712266
2012-03-31 21:00:00,150.6066468259567
2012-03-31 22:00:00,130.5564136640615
2012-03-31 23:00:00,94.6967063755667
2012-04-20 00:00:00,55.487340625210024
2012-04-20 01:00:00,22.043894300367704
2012-04-20 02:00:00,8.806272193012855
2012-04-20 03:00:00,4.984931840605684
2012-04-20 04:00:00,4.066496503990837
2012-04-20 05:00:00,27.48028544342995
2012-04-20 06:00:00,119.39725814234353
2012-04-20 07:00:00,330.03703750399336
2012-04-20 08:00:00,542.739297208459
2012-04-20 09:00:00,312.01274116887396
2012-04-20 10:00:00,216.2438881003057
2012-04-20 11:00:00,263.80957301694184
2012-04-20 12:00:00,359.8458688208397
2012-04-20 13:00:00,371.55576257682486
2012-04-20 14:00:00,366.4082768726988
2012-04-20 15:00:00,374.9364075652586
2012-04-20 16:00:00,456.6097129327383
2012-04-20 17:00:00,712.7919100582344
2012-04-20 18:00:00,683.6387151592535
2012-04-20 19:00:00,521.3753724012347
2012-04-20 20:00:00,323.7429379575842
2012-04-20 21:00:00,243.7050884518486
2012-04-20 22:00:00,203.36878379707898
2012-04-20 23:00:00,155.82397988599476
2012-04-21 00:00:00,113.6351543715311
2012-04-21 01:00:00,104.12333235254938
2012-04-21 02:00:00,56.912683049367665
2012-04-21 03:00:00,25.93585905565248
2012-04-21 04:00:00,9.764417855374017
2012-04-21 05:00:00,11.142793341598285
2012-04-21 06:00:00,30.897304978878633
2012-04-21 07:00:00,70.8222995709644
2012-04-21 08:00:00,203.81601465911285
2012-04-21 09:00:00,288.877867696657
2012-04-21 10:00:00,436.4048509829274
2012-04-21 11:00:00,458.6507432208287
2012-04-21 12:00:00,549.7786028172976
2012-04-21 13:00:00,592.3408639949585
2012-04-21 14:00:00,607.6073224135149
2012-04-21 15:00:00,616.6539799776443
2012-04-21 16:00:00,566.6329887622579
2012-04-21 17:00:00,618.2447004708164
2012-04-21 18:00:00,501.2677966433502
2012-04-21 19:00:00,314.94312186565855
2012-04-21 20:00:00,96.49311896874747
2012-04-21 21:00:00,86.96474189989475
2012-04-21 22:00:00,166.39243371376716
2012-04-21 23:00:00,115.9459100472547
2012-04-22 00:00:00,109.84550213343098
2012-04-22 01:00:00,100.20451690666678
2012-04-22 02:00:00,55.0321718638953
2012-04-22 03:00:00,29.17245599499821
2012-04-22 04:00:00,12.494597634263327
2012-04-22 05:00:00,11.590965429006225
2012-04-22 06:00:00,20.367798649835564
2012-04-22 07:00:00,56.07026426891861
2012-04-22 08:00:00,65.42091253917786
2012-04-22 09:00:00,76.80661982131164
2012-04-22 10:00:00,80.89412341285814
2012-04-22 11:00:00,86.07958011546674
2012-04-22 12:00:00,85.77816488379958
2012-04-22 13:00:00,86.14295995496722
2012-04-22 14:00:00,92.44879582436857
2012-04-22 15:00:00,117.8245397347063
2012-04-22 16:00:00,157.86855365257372
2012-04-22 17:00:00,172.88885640379593
2012-04-22 18:00:00,160.44591687275704
2012-04-22 19:00:00,141.23781871068013
2012-04-22 20:00:00,102.81119063114618
2012-04-22 21:00:00,79.08069014073597
2012-04-22 22:00:00,65.23743419042387
2012-04-22 23:00:00,57.98115560762236
2012-04-23 00:00:00,21.12091929578749
2012-04-23 01:00:00,6.558148954323301
2012-04-23 02:00:00,5.139481522444148
2012-04-23 03:00:00,2.8885214259298015
2012-04-23 04:00:00,2.7084394576278332
2012-04-23 05:00:00,22.163961936597012
2012-04-23 06:00:00,96.14644173002054
2012-04-23 07:00:00,163.4932568754567
2012-04-23 08:00:00,522.8509227626354
2012-04-23 09:00:00,276.0571412865539
2012-04-23 10:00:00,154.21719127792414
2012-04-23 11:00:00,159.26247290212606
2012-04-23 12:00:00,107.25378843585493
2012-04-23 13:00:00,108.72807149538949
2012-04-23 14:00:00,109.19004604052145
2012-04-23 15:00:00,168.32885795978365
2012-04-23 16:00:00,165.11010911275855
2012-04-23 17:00:00,267.28614036459663
2012-04-23 18:00:00,269.2563724903435
2012-04-23 19:00:00,308.62570200128175
2012-04-23 20:00:00,218.2863832545841
2012-04-23 21:00:00,149.84157955530327
2012-04-23 22:00:00,117.33827047058521
2012-04-23 23:00:00,70.34755256630542
2012-04-24 00:00:00,23.882305467160386
2012-04-24 01:00:00,9.509224706111251
2012-04-24 02:00:00,5.227164792958329
2012-04-24 03:00:00,2.739456868798595
2012-04-24 04:00:00,2.362579847371221
2012-04-24 05:00:00,24.391942798743088
2012-04-24 06:00:00,100.17263915743874
2012-04-24 07:00:00,317.67802976741336
2012-04-24 08:00:00,590.3474860439188
2012-04-24 09:00:00,319.8173060373444
2012-04-24 10:00:00,188.70261849988907
2012-04-24 11:00:00,219.46019567949918
2012-04-24 12:00:00,242.2630746569516
2012-04-24 13:00:00,237.134010044568
2012-04-24 14:00:00,238.02306910959575
2012-04-24 15:00:00,258.78341751369635
2012-04-24 16:00:00,393.91771857624155
2012-04-24 17:00:00,675.7554883008845
2012-04-24 18:00:00,690.5306786029265
2012-04-24 19:00:00,507.6851979839451
2012-04-24 20:00:00,294.1317241988367
2012-04-24 21:00:00,232.14194471069922
2012-04-24 22:00:00,159.45741035971378
2012-04-24 23:00:00,89.8181561035853
2012-04-25 00:00:00,33.43118730469935
2012-04-25 01:00:00,10.209692944279938
2012-04-25 02:00:00,6.632746380602151
2012-04-25 03:00:00,2.803579991888853
2012-04-25 04:00:00,2.6754203177146834
2012-04-25 05:00:00,26.603423548500214
2012-04-25 06:00:00,103.43502766549003
2012-04-25 07:00:00,338.49756910005544
2012-04-25 08:00:00,540.1342436686273
2012-04-25 09:00:00,324.18890135561344
2012-04-25 10:00:00,197.25702932780882
2012-04-25 11:00:00,233.97627301893374
2012-04-25 12:00:00,267.58765515882834
2012-04-25 13:00:00,258.5413737260026
2012-04-25 14:00:00,252.76314751649676
2012-04-25 15:00:00,280.01077989678663
2012-04-25 16:00:00,376.0075661123527
2012-04-25 17:00:00,718.9538424507132
2012-04-25 18:00:00,717.7252971708515
2012-04-25 19:00:00,539.0808128416426
2012-04-25 20:00:00,349.8931099890652
2012-04-25 21:00:00,257.7875307309183
2012-04-25 22:00:00,202.02408797225885
2012-04-25 23:00:00,115.11483746126552
2012-04-26 00:00:00,39.722502727170586
2012-04-26 01:00:00,15.396088921846394
2012-04-26 02:00:00,10.42127561848832
2012-04-26 03:00:00,4.916194579735923
2012-04-26 04:00:00,4.949541235030283
2012-04-26 05:00:00,29.10776308006247
2012-04-26 06:00:00,132.2221447777789
2012-04-26 07:00:00,120.87421506235255
2012-04-26 08:00:00,129.5468719983662
2012-04-26 09:00:00,113.76449695850089
2012-04-26 10:00:00,149.8904629335799
2012-04-26 11:00:00,131.04363450217045
2012-04-26 12:00:00,212.22251571033235
2012-04-26 13:00:00,207.71156996240688
2012-04-26 14:00:00,205.17305831577644
2012-04-26 15:00:00,206.28862106423858
2012-04-26 16:00:00,270.26737962072394
2012-04-26 17:00:00,472.3948472117814
2012-04-26 18:00:00,505.07350880694366
2012-04-26 19:00:00,427.9790518141334
2012-04-26 20:00:00,285.643354105917
2012-04-26 21:00:00,221.36474673994857
2012-04-26 22:00:00,193.52721385114722
2012-04-26 23:00:00,111.80506621972646
2012-04-27 00:00:00,51.26083397799822
2012-04-27 01:00:00,26.785787242095207
2012-04-27 02:00:00,12.172329547711549
2012-04-27 03:00:00,5.793765127008684
2012-04-27 04:00:00,4.17460894336719
2012-04-27 05:00:00,28.369150397812685
2012-04-27 06:00:00,100.95181581298075
2012-04-27 07:00:00,332.06299699145853
2012-04-27 08:00:00,604.6748651745041
2012-04-27 09:00:00,333.5585027980399
2012-04-27 10:00:00,216.73567829538774
2012-04-27 11:00:00,249.58872159965978
2012-04-27 12:00:00,330.817690310707
2012-04-27 13:00:00,340.9269543267561
2012-04-27 14:00:00,338.4139715048882
2012-04-27 15:00:00,375.4352793302982
2012-04-27 16:00:00,451.1974016240228
2012-04-27 17:00:00,677.343891906738
2012-04-27 18:00:00,647.9395272307528
2012-04-27 19:00:00,491.3196372411391
2012-04-27 20:00:00,257.8006162376303
2012-04-27 21:00:00,194.09144064293284
2012-04-27 22:00:00,150.59708403503305
2012-04-27 23:00:00,104.4990413091522
2012-04-28 00:00:00,85.73293615902723
2012-04-28 01:00:00,65.94855709776897
2012-04-28 02:00:00,52.33256079173343
2012-04-28 03:00:00,23.517104840638893
2012-04-28 04:00:00,9.85503262155021
2012-04-28 05:00:00,9.65341447442697
2012-04-28 06:00:00,23.711060565179654
2012-04-28 07:00:00,79.80335879234691
2012-04-28 08:00:00,167.27376016294684
2012-04-28 09:00:00,269.8244750560233
2012-04-28 10:00:00,322.7565890507316
2012-04-28 11:00:00,418.08767601772524
2012-04-28 12:00:00,415.7406968391014
2012-04-28 13:00:00,467.672910734074
2012-04-28 14:00:00,491.83396541658334
2012-04-28 15:00:00,457.4931289947714
2012-04-28 16:00:00,428.84442535214555
2012-04-28 17:00:00,391.5523930172849
2012-04-28 18:00:00,262.56203369777865
2012-04-28 19:00:00,208.3181538323501
2012-04-28 20:00:00,207.52977909298002
2012-04-28 21:00:00,124.15955446476849
2012-04-28 22:00:00,137.4833965516374
2012-04-28 23:00:00,125.15230868518796
2012-04-29 00:00:00,43.40809523244215
2012-04-29 01:00:00,72.73201780834981
2012-04-29 02:00:00,59.06628671238731
2012-04-29 03:00:00,24.61034148507252
2012-04-29 04:00:00,11.180709572897847
2012-04-29 05:00:00,10.661931414708409
2012-04-29 06:00:00,13.368208779313385
2012-04-29 07:00:00,57.91546496516318
2012-04-29 08:00:00,111.84264268762517
2012-04-29 09:00:00,230.188352359304
2012-04-29 10:00:00,333.8515853414126
2012-04-29 11:00:00,461.5543156212676
2012-04-29 12:00:00,518.9823045094658
2012-04-29 13:00:00,527.9508048940055
2012-04-29 14:00:00,558.0772171969556
2012-04-29 15:00:00,548.5593181015278
2012-04-29 16:00:00,548.6528522890048
2012-04-29 17:00:00,520.529440561322
2012-04-29 18:00:00,458.4323163236026
2012-04-29 19:00:00,390.3755204752355
2012-04-29 20:00:00,276.94097905246844
2012-04-29 21:00:00,164.19258249116274
2012-04-29 22:00:00,124.68828864854002
2012-04-29 23:00:00,67.11382858855285
2012-04-30 00:00:00,33.84336063861083
2012-04-30 01:00:00,9.32572540382004
2012-04-30 02:00:00,7.019401711792696
2012-04-30 03:00:00,3.9955649136830296
2012-04-30 04:00:00,3.8075018006739167
2012-04-30 05:00:00,27.19941044384618
2012-04-30 06:00:00,111.07826527536929
2012-04-30 07:00:00,345.4475838048255
2012-04-30 08:00:00,604.9510149369374
2012-04-30 09:00:00,319.2236184242554
2012-04-30 10:00:00,190.26966108733478
2012-04-30 11:00:00,200.25677047639638
2012-04-30 12:00:00,213.39664409775364
2012-04-30 13:00:00,241.10037712745063
2012-04-30 14:00:00,236.43034025347006
2012-04-30 15:00:00,253.18499391063227
2012-04-30 16:00:00,355.97416498704547
2012-04-30 17:00:00,734.1049860465196
2012-04-30 18:00:00,721.075889378219
2012-04-30 19:00:00,493.0078650251517
2012-04-30 20:00:00,293.8604067428093
2012-04-30 21:00:00,232.16830249948083
2012-04-30 22:00:00,149.55282621632128
2012-04-30 23:00:00,83.10626598652362
2012-05-20 00:00:00,144.31592739643094
2012-05-20 01:00:00,103.50057520780857
2012-05-20 02:00:00,71.74799605790703
2012-05-20 03:00:00,32.790061851994125
2012-05-20 04:00:00,14.746350504264488
2012-05-20 05:00:00,13.106833190476433
2012-05-20 06:00:00,22.66068494475109
2012-05-20 07:00:00,57.55826127586036
2012-05-20 08:00:00,138.9519958767954
2012-05-20 09:00:00,249.59855758815468
2012-05-20 10:00:00,435.03436919239545
2012-05-20 11:00:00,546.1578657960234
2012-05-20 12:00:00,636.2129549245985
2012-05-20 13:00:00,641.5083063381696
2012-05-20 14:00:00,594.2823584957989
2012-05-20 15:00:00,583.8164563999844
2012-05-20 16:00:00,550.5160717237148
2012-05-20 17:00:00,521.1753995266785
2012-05-20 18:00:00,473.63964781167783
2012-05-20 19:00:00,360.0480604743136
2012-05-20 20:00:00,276.5619114117521
2012-05-20 21:00:00,200.54991239573036
2012-05-20 22:00:00,121.3268348223505
2012-05-20 23:00:00,68.56719973074948
2012-05-21 00:00:00,29.019215879817565
2012-05-21 01:00:00,14.187792580140476
2012-05-21 02:00:00,4.285683181420355
2012-05-21 03:00:00,3.7154670625175132
2012-05-21 04:00:00,4.022972897578265
2012-05-21 05:00:00,28.63004401893078
2012-05-21 06:00:00,72.10136206096604
2012-05-21 07:00:00,121.7711496213345
2012-05-21 08:00:00,123.093414217022
2012-05-21 09:00:00,115.69599556672969
2012-05-21 10:00:00,105.41854810086147
2012-05-21 11:00:00,133.19573903043135
2012-05-21 12:00:00,167.32557409001708
2012-05-21 13:00:00,103.28407298389475
2012-05-21 14:00:00,103.74439553980586
2012-05-21 15:00:00,198.60496431822457
2012-05-21 16:00:00,273.68560395063116
2012-05-21 17:00:00,647.6301593411454
2012-05-21 18:00:00,696.6779596835845
2012-05-21 19:00:00,518.4243095522665
2012-05-21 20:00:00,364.30128127169917
2012-05-21 21:00:00,253.75224050687476
2012-05-21 22:00:00,150.205603640628
2012-05-21 23:00:00,93.6286598639231
2012-05-22 00:00:00,38.8987146825764
2012-05-22 01:00:00,15.440802518518343
2012-05-22 02:00:00,6.233912251521812
2012-05-22 03:00:00,5.907427243592398
2012-05-22 04:00:00,5.043358002945547
2012-05-22 05:00:00,29.105864294028386
2012-05-22 06:00:00,77.50295998579914
2012-05-22 07:00:00,117.19974143819354
2012-05-22 08:00:00,518.1321023521418
2012-05-22 09:00:00,308.6099773324618
2012-05-22 10:00:00,188.2994683209517
2012-05-22 11:00:00,210.2853071662031
2012-05-22 12:00:00,210.50568832110753
2012-05-22 13:00:00,223.49040171522785
2012-05-22 14:00:00,201.5416359978811
2012-05-22 15:00:00,266.44535268448203
2012-05-22 16:00:00,347.34206430270444
2012-05-22 17:00:00,801.4714382556436
2012-05-22 18:00:00,753.6409791316407
2012-05-22 19:00:00,521.8167056076692
2012-05-22 20:00:00,366.6996265433984
2012-05-22 21:00:00,234.41102385329748
2012-05-22 22:00:00,181.99146178843282
2012-05-22 23:00:00,101.34361288323603
2012-05-23 00:00:00,45.1421644343165
2012-05-23 01:00:00,18.315686966923685
2012-05-23 02:00:00,7.230274041819565
2012-05-23 03:00:00,5.846337204735019
2012-05-23 04:00:00,5.639698289765808
2012-05-23 05:00:00,29.594177842768865
2012-05-23 06:00:00,153.56208575945382
2012-05-23 07:00:00,385.41379958051954
2012-05-23 08:00:00,506.64983495663904
2012-05-23 09:00:00,321.7522655328078
2012-05-23 10:00:00,191.58394067836255
2012-05-23 11:00:00,215.07264608634435
2012-05-23 12:00:00,284.83901465997116
2012-05-23 13:00:00,211.67267944201114
2012-05-23 14:00:00,243.59845669909035
2012-05-23 15:00:00,277.65812303509216
2012-05-23 16:00:00,310.123758517304
2012-05-23 17:00:00,489.0253124929061
2012-05-23 18:00:00,506.97704937444195
2012-05-23 19:00:00,327.9142336604436
2012-05-23 20:00:00,237.90776196276488
2012-05-23 21:00:00,197.72595348661164
2012-05-23 22:00:00,163.6637028702081
2012-05-23 23:00:00,115.08452970113424
2012-05-24 00:00:00,65.22736826391584
2012-05-24 01:00:00,18.548038354941554
2012-05-24 02:00:00,11.506612952856448
2012-05-24 03:00:00,5.666669126077698
2012-05-24 04:00:00,5.134455972215012
2012-05-24 05:00:00,30.579206217112596
2012-05-24 06:00:00,152.97165451934225
2012-05-24 07:00:00,407.75893807545947
2012-05-24 08:00:00,662.4879279039736
2012-05-24 09:00:00,331.4672602765246
2012-05-24 10:00:00,189.41625591029478
2012-05-24 11:00:00,222.16557081360457
2012-05-24 12:00:00,298.1672238551919
2012-05-24 13:00:00,284.36034193756456
2012-05-24 14:00:00,242.0528288598338
2012-05-24 15:00:00,275.24922954876865
2012-05-24 16:00:00,353.22143619856934
2012-05-24 17:00:00,753.4646277025411
2012-05-24 18:00:00,745.2990440087306
2012-05-24 19:00:00,559.9154246278928
2012-05-24 20:00:00,356.2349531562959
2012-05-24 21:00:00,140.39378281455586
2012-05-24 22:00:00,161.39933348176862
2012-05-24 23:00:00,142.29776971860474
2012-05-25 00:00:00,69.98106502397049
2012-05-25 01:00:00,36.430516816349474
2012-05-25 02:00:00,12.084613439579966
2012-05-25 03:00:00,7.077473411929722
2012-05-25 04:00:00,6.489906981151279
2012-05-25 05:00:00,30.932556853624895
2012-05-25 06:00:00,153.63923946784882
2012-05-25 07:00:00,391.1251765374714
2012-05-25 08:00:00,525.5323474581932
2012-05-25 09:00:00,294.4214080490965
2012-05-25 10:00:00,226.00777396318145
2012-05-25 11:00:00,254.99070319883123
2012-05-25 12:00:00,331.7414068696702
2012-05-25 13:00:00,336.73262694286365
2012-05-25 14:00:00,338.1552286495379
2012-05-25 15:00:00,323.8025231148482
2012-05-25 16:00:00,428.76713067967967
2012-05-25 17:00:00,670.9097331590903
2012-05-25 18:00:00,703.7511100275862
2012-05-25 19:00:00,529.2936515668797
2012-05-25 20:00:00,365.6600180712413
2012-05-25 21:00:00,258.33545846669335
2012-05-25 22:00:00,266.9358891480377
2012-05-25 23:00:00,194.59359570903385
2012-05-26 00:00:00,133.87126383100093
2012-05-26 01:00:00,118.01895890090132
2012-05-26 02:00:00,72.75101797336734
2012-05-26 03:00:00,29.141669728714092
2012-05-26 04:00:00,11.652759776316
2012-05-26 05:00:00,13.125136386201703
2012-05-26 06:00:00,24.785766742229807
2012-05-26 07:00:00,68.6299971065682
2012-05-26 08:00:00,176.13329190028895
2012-05-26 09:00:00,269.04049941435994
2012-05-26 10:00:00,365.82703555442475
2012-05-26 11:00:00,445.37707823355083
2012-05-26 12:00:00,476.5222789519484
2012-05-26 13:00:00,478.532507798387
2012-05-26 14:00:00,466.1911447061743
2012-05-26 15:00:00,453.7291038175317
2012-05-26 16:00:00,491.4102877670252
2012-05-26 17:00:00,542.4066056695999
2012-05-26 18:00:00,507.1490233750434
2012-05-26 19:00:00,395.62821308936816
2012-05-26 20:00:00,296.0354289552655
2012-05-26 21:00:00,250.34622642198767
2012-05-26 22:00:00,242.43495234633457
2012-05-26 23:00:00,197.6222505167008
2012-05-27 00:00:00,134.62841149865136
2012-05-27 01:00:00,113.50289161903066
2012-05-27 02:00:00,86.14293154611852
2012-05-27 03:00:00,31.72258429353446
2012-05-27 04:00:00,13.38667073940094
2012-05-27 05:00:00,13.290606171385175
2012-05-27 06:00:00,20.045707018066402
2012-05-27 07:00:00,61.3289293779848
2012-05-27 08:00:00,138.05837376425208
2012-05-27 09:00:00,236.59456990646427
2012-05-27 10:00:00,381.272231878064
2012-05-27 11:00:00,430.9067934651116
2012-05-27 12:00:00,451.19790445607674
2012-05-27 13:00:00,506.3115220729664
2012-05-27 14:00:00,496.51773464773015
2012-05-27 15:00:00,500.80783457554156
2012-05-27 16:00:00,494.62141599044924
2012-05-27 17:00:00,516.0022448931909
2012-05-27 18:00:00,473.7101230594021
2012-05-27 19:00:00,369.5004387768494
2012-05-27 20:00:00,293.1641176280371
2012-05-27 21:00:00,171.01593233509848
2012-05-27 22:00:00,97.91657356918277
2012-05-27 23:00:00,71.38073464261909
2012-05-28 00:00:00,47.58734245780283
2012-05-28 01:00:00,47.48035151481196
2012-05-28 02:00:00,33.956099646116215
2012-05-28 03:00:00,13.061784165282946
2012-05-28 04:00:00,8.533546710874294
2012-05-28 05:00:00,16.83869197636384
2012-05-28 06:00:00,54.622811077735435
2012-05-28 07:00:00,124.20048550174074
2012-05-28 08:00:00,208.05348831697384
2012-05-28 09:00:00,296.90099606641775
2012-05-28 10:00:00,325.4316083991401
2012-05-28 11:00:00,321.81647226503935
2012-05-28 12:00:00,307.0469435110337
2012-05-28 13:00:00,300.94391935051976
2012-05-28 14:00:00,297.58729275846315
2012-05-28 15:00:00,292.4793147638587
2012-05-28 16:00:00,368.61327343969094
2012-05-28 17:00:00,527.345387019167
2012-05-28 18:00:00,509.3193587614038
2012-05-28 19:00:00,411.9948542785421
2012-05-28 20:00:00,352.17957541590783
2012-05-28 21:00:00,274.0624316490852
2012-05-28 22:00:00,247.144562934509
2012-05-28 23:00:00,115.70225616785315
2012-05-29 00:00:00,50.33625570991926
2012-05-29 01:00:00,17.257038385048023
2012-05-29 02:00:00,9.112959046929308
2012-05-29 03:00:00,4.790447168795584
2012-05-29 04:00:00,7.0347238018884655
2012-05-29 05:00:00,31.845840266856634
2012-05-29 06:00:00,161.2529248387037
2012-05-29 07:00:00,398.25229354953234
2012-05-29 08:00:00,649.7881696859728
2012-05-29 09:00:00,323.7558153471177
2012-05-29 10:00:00,180.37672760024265
2012-05-29 11:00:00,218.0969251205935
2012-05-29 12:00:00,269.88881530211836
2012-05-29 13:00:00,257.2766085511558
2012-05-29 14:00:00,240.77591126277719
2012-05-29 15:00:00,271.59958425842774
2012-05-29 16:00:00,354.85624443368357
2012-05-29 17:00:00,727.2640140101578
2012-05-29 18:00:00,726.5068213834247
2012-05-29 19:00:00,545.1471086425857
2012-05-29 20:00:00,309.7729121809576
2012-05-29 21:00:00,133.7769171023341
2012-05-29 22:00:00,141.84889854949475
2012-05-29 23:00:00,78.97499137395387
2012-05-30 00:00:00,33.749776310765675
2012-05-30 01:00:00,13.810174255599483
2012-05-30 02:00:00,6.569500294001694
2012-05-30 03:00:00,4.576057943999832
2012-05-30 04:00:00,5.520857247503367
2012-05-30 05:00:00,31.061241986011513
2012-05-30 06:00:00,158.85174511037013
2012-05-30 07:00:00,146.13590379790284
2012-05-30 08:00:00,654.0224959744444
2012-05-30 09:00:00,330.95678133026036
2012-05-30 10:00:00,182.05692854255042
2012-05-30 11:00:00,219.5318970319193
2012-05-30 12:00:00,305.014856062362
2012-05-30 13:00:00,294.0221379610731
2012-05-30 14:00:00,253.5730225284992
2012-05-30 15:00:00,270.1138896649096
2012-05-30 16:00:00,362.7852644877753
2012-05-30 17:00:00,806.0954485372899
2012-05-30 18:00:00,817.9235314590744
2012-05-30 19:00:00,533.1847674064398
2012-05-30 20:00:00,330.2713838449254
2012-05-30 21:00:00,270.3307093054081
2012-05-30 22:00:00,277.41949639967106
2012-05-30 23:00:00,143.0755552157435
2012-05-31 00:00:00,65.40793944656
2012-05-31 01:00:00,21.969846334154084
2012-05-31 02:00:00,9.730409114511945
2012-05-31 03:00:00,6.431715650601564
2012-05-31 04:00:00,7.677825160432285
2012-05-31 05:00:00,32.552521116893544
2012-05-31 06:00:00,163.2971927261623
2012-05-31 07:00:00,438.91669587623016
2012-05-31 08:00:00,665.3208264985162
2012-05-31 09:00:00,322.5785515733303
2012-05-31 10:00:00,196.330067147439
2012-05-31 11:00:00,240.70211106133294
2012-05-31 12:00:00,311.26215257479134
2012-05-31 13:00:00,289.18107137843094
2012-05-31 14:00:00,243.21907129673315
2012-05-31 15:00:00,278.5079555396064
2012-05-31 16:00:00,387.31541959484446
2012-05-31 17:00:00,819.8189167846738
2012-05-31 18:00:00,816.2086927625733
2012-05-31 19:00:00,536.8270802946739
2012-05-31 20:00:00,388.48961471572954
2012-05-31 21:00:00,277.48711947683665
2012-05-31 22:00:00,274.2743689371476
2012-05-31 23:00:00,176.16342277747827
2012-06-20 00:00:00,49.54554202582825
2012-06-20 01:00:00,20.38466929585694
2012-06-20 02:00:00,9.491500785923883
2012-06-20 03:00:00,5.6669452929650195
2012-06-20 04:00:00,7.705012325565136
2012-06-20 05:00:00,39.127144897966915
2012-06-20 06:00:00,160.16684064127494
2012-06-20 07:00:00,352.28415824991896
2012-06-20 08:00:00,634.9968520408624
2012-06-20 09:00:00,324.25443968802875
2012-06-20 10:00:00,185.35527860447138
2012-06-20 11:00:00,208.75220236773038
2012-06-20 12:00:00,266.6020708734722
2012-06-20 13:00:00,252.779040817992
2012-06-20 14:00:00,221.3751851334468
2012-06-20 15:00:00,255.12759065803186
2012-06-20 16:00:00,381.6089419920271
2012-06-20 17:00:00,745.09068318558
2012-06-20 18:00:00,743.2716593199
2012-06-20 19:00:00,541.0750050307338
2012-06-20 20:00:00,447.387900686882
2012-06-20 21:00:00,368.21027348394216
2012-06-20 22:00:00,293.63519119147225
2012-06-20 23:00:00,135.78186977514383
2012-06-21 00:00:00,65.06158613163497
2012-06-21 01:00:00,22.794138719027906
2012-06-21 02:00:00,10.720818090120947
2012-06-21 03:00:00,5.327023734517971
2012-06-21 04:00:00,7.297217136621705
2012-06-21 05:00:00,39.553025042728414
2012-06-21 06:00:00,163.9139950931114
2012-06-21 07:00:00,383.1971366737444
2012-06-21 08:00:00,676.3672787720437
2012-06-21 09:00:00,308.74323909255605
2012-06-21 10:00:00,172.94251305859007
2012-06-21 11:00:00,212.3770206290948
2012-06-21 12:00:00,266.8368695818029
2012-06-21 13:00:00,259.05135010124985
2012-06-21 14:00:00,220.66121834049085
2012-06-21 15:00:00,244.5953910845579
2012-06-21 16:00:00,391.0202036399069
2012-06-21 17:00:00,751.1470501059664
2012-06-21 18:00:00,770.8449461315894
2012-06-21 19:00:00,537.7973187757107
2012-06-21 20:00:00,449.790170527115
2012-06-21 21:00:00,339.8250450291288
2012-06-21 22:00:00,299.66868580558855
2012-06-21 23:00:00,150.2386847463317
2012-06-22 00:00:00,74.26435016060171
2012-06-22 01:00:00,38.42197165463889
2012-06-22 02:00:00,17.424199588956572
2012-06-22 03:00:00,6.893043792042987
2012-06-22 04:00:00,7.756742746726877
2012-06-22 05:00:00,37.15556050439211
2012-06-22 06:00:00,157.0241825408204
2012-06-22 07:00:00,395.5810223948485
2012-06-22 08:00:00,640.470858267736
2012-06-22 09:00:00,350.190718860969
2012-06-22 10:00:00,243.61868023361012
2012-06-22 11:00:00,277.1941087418168
2012-06-22 12:00:00,321.9914676003292
2012-06-22 13:00:00,327.501469879596
2012-06-22 14:00:00,326.1292545624774
2012-06-22 15:00:00,308.2214423694182
2012-06-22 16:00:00,399.3204524252728
2012-06-22 17:00:00,780.1506226971253
2012-06-22 18:00:00,718.2040267268604
2012-06-22 19:00:00,523.0909753831974
2012-06-22 20:00:00,358.82187009214994
2012-06-22 21:00:00,211.0931062057393
2012-06-22 22:00:00,273.80549792611276
2012-06-22 23:00:00,195.04407691836246
2012-06-23 00:00:00,154.3348004587438
2012-06-23 01:00:00,119.78558426918778
2012-06-23 02:00:00,83.47071446521596
2012-06-23 03:00:00,29.048280584763862
2012-06-23 04:00:00,11.826296965818038
2012-06-23 05:00:00,11.500250911693051
2012-06-23 06:00:00,34.68033734777285
2012-06-23 07:00:00,63.94178691218548
2012-06-23 08:00:00,178.97889302034022
2012-06-23 09:00:00,290.57526889179445
2012-06-23 10:00:00,400.99908446119707
2012-06-23 11:00:00,489.8798670896011
2012-06-23 12:00:00,541.1492643931963
2012-06-23 13:00:00,567.5033783426959
2012-06-23 14:00:00,577.0836119343019
2012-06-23 15:00:00,533.8800569661379
2012-06-23 16:00:00,533.1325857134223
2012-06-23 17:00:00,579.160777423813
2012-06-23 18:00:00,540.9194413956521
2012-06-23 19:00:00,426.14468785730736
2012-06-23 20:00:00,340.33855393113276
2012-06-23 21:00:00,317.8440215750956
2012-06-23 22:00:00,285.95936029948376
2012-06-23 23:00:00,209.81998313953392
2012-06-24 00:00:00,167.13460248264963
2012-06-24 01:00:00,130.04460754517163
2012-06-24 02:00:00,98.03292227534922
2012-06-24 03:00:00,33.30584374757985
2012-06-24 04:00:00,15.042066246767357
2012-06-24 05:00:00,14.11386564133646
2012-06-24 06:00:00,21.900352780289875
2012-06-24 07:00:00,55.43773933696605
2012-06-24 08:00:00,126.92915824291897
2012-06-24 09:00:00,247.5084825103536
2012-06-24 10:00:00,395.3160830611701
2012-06-24 11:00:00,479.04799293683607
2012-06-24 12:00:00,530.1893355906454
2012-06-24 13:00:00,541.6238141291697
2012-06-24 14:00:00,506.75408442590464
2012-06-24 15:00:00,487.42394377087317
2012-06-24 16:00:00,521.74645232649
2012-06-24 17:00:00,553.1322106816954
2012-06-24 18:00:00,541.0770273170104
2012-06-24 19:00:00,418.5597910163134
2012-06-24 20:00:00,325.8717152001444
2012-06-24 21:00:00,220.7071189337204
2012-06-24 22:00:00,136.92827891864806
2012-06-24 23:00:00,88.65035826854157
2012-06-25 00:00:00,46.66768772593253
2012-06-25 01:00:00,19.066500854124936
2012-06-25 02:00:00,9.450544056651943
2012-06-25 03:00:00,5.227220711949646
2012-06-25 04:00:00,8.300775597225732
2012-06-25 05:00:00,40.67339053970253
2012-06-25 06:00:00,152.51906392970307
2012-06-25 07:00:00,462.8383913745677
2012-06-25 08:00:00,657.6034484520399
2012-06-25 09:00:00,323.70712763948325
2012-06-25 10:00:00,177.59999688170635
2012-06-25 11:00:00,233.0221738728591
2012-06-25 12:00:00,263.8973714264032
2012-06-25 13:00:00,257.18956901619396
2012-06-25 14:00:00,244.22805747264832
2012-06-25 15:00:00,269.7977260015848
2012-06-25 16:00:00,382.55016885927427
2012-06-25 17:00:00,739.7824864447942
2012-06-25 18:00:00,742.1601144674457
2012-06-25 19:00:00,571.0179644465234
2012-06-25 20:00:00,419.14858421477015
2012-06-25 21:00:00,293.77818500562506
2012-06-25 22:00:00,209.0400659601446
2012-06-25 23:00:00,117.71103627967054
2012-06-26 00:00:00,40.62312661352987
2012-06-26 01:00:00,16.713551358454833
2012-06-26 02:00:00,8.907765161467768
2012-06-26 03:00:00,4.702301733036165
2012-06-26 04:00:00,7.914506397235777
2012-06-26 05:00:00,41.05286102411871
2012-06-26 06:00:00,151.8005928423151
2012-06-26 07:00:00,466.62436966788096
2012-06-26 08:00:00,647.9565160959313
2012-06-26 09:00:00,318.18226564861186
2012-06-26 10:00:00,199.01395868345344
2012-06-26 11:00:00,237.2682185807934
2012-06-26 12:00:00,270.2172889767706
2012-06-26 13:00:00,258.87522591141635
2012-06-26 14:00:00,246.80100433540628
2012-06-26 15:00:00,269.82622130970884
2012-06-26 16:00:00,386.25755136946555
2012-06-26 17:00:00,747.603269874247
2012-06-26 18:00:00,747.4117598873343
2012-06-26 19:00:00,555.9670129144007
2012-06-26 20:00:00,421.17236510473344
2012-06-26 21:00:00,309.31559823723353
2012-06-26 22:00:00,216.40337598573726
2012-06-26 23:00:00,126.09953972448918
2012-06-27 00:00:00,42.060079334341836
2012-06-27 01:00:00,16.718815540974727
2012-06-27 02:00:00,8.134507466274044
2012-06-27 03:00:00,5.76167483251599
2012-06-27 04:00:00,7.247856538990357
2012-06-27 05:00:00,41.10615435009272
2012-06-27 06:00:00,153.749122887297
2012-06-27 07:00:00,456.3441749385978
2012-06-27 08:00:00,655.959105008744
2012-06-27 09:00:00,321.8926328292583
2012-06-27 10:00:00,200.3620382969306
2012-06-27 11:00:00,234.25352973453772
2012-06-27 12:00:00,284.30537379023866
2012-06-27 13:00:00,267.96700471341495
2012-06-27 14:00:00,255.64126553899362
2012-06-27 15:00:00,278.49658425390044
2012-06-27 16:00:00,380.57386838343746
2012-06-27 17:00:00,747.1438284590398
2012-06-27 18:00:00,749.9505951059114
2012-06-27 19:00:00,564.5493640910355
2012-06-27 20:00:00,441.80892793479984
2012-06-27 21:00:00,336.7360999194859
2012-06-27 22:00:00,284.87955045401134
2012-06-27 23:00:00,156.88114903384258
2012-06-28 00:00:00,55.53289257717894
2012-06-28 01:00:00,21.600518472677077
2012-06-28 02:00:00,9.18117076498546
2012-06-28 03:00:00,6.3704350730381405
2012-06-28 04:00:00,7.7597056740905686
2012-06-28 05:00:00,39.14960701045437
2012-06-28 06:00:00,151.823722840569
2012-06-28 07:00:00,477.3617889944793
2012-06-28 08:00:00,653.4375783754724
2012-06-28 09:00:00,326.61253397692826
2012-06-28 10:00:00,196.00956985745455
2012-06-28 11:00:00,235.68147860689464
2012-06-28 12:00:00,282.3380398031758
2012-06-28 13:00:00,269.91604044465066
2012-06-28 14:00:00,245.11577482122186
2012-06-28 15:00:00,274.0056573171777
2012-06-28 16:00:00,390.1327548556572
2012-06-28 17:00:00,752.0378359115737
2012-06-28 18:00:00,765.7630036570349
2012-06-28 19:00:00,553.2105402745117
2012-06-28 20:00:00,453.6811984358394
2012-06-28 21:00:00,326.7645925849387
2012-06-28 22:00:00,275.70865863683713
2012-06-28 23:00:00,179.00726911180544
2012-06-29 00:00:00,68.24761183308384
2012-06-29 01:00:00,36.30807711281753
2012-06-29 02:00:00,16.889103864691297
2012-06-29 03:00:00,6.528577013922682
2012-06-29 04:00:00,7.602806388151751
2012-06-29 05:00:00,36.25775180046899
2012-06-29 06:00:00,151.93358753693286
2012-06-29 07:00:00,396.0592939913617
2012-06-29 08:00:00,642.9340766860893
2012-06-29 09:00:00,349.9808687271217
2012-06-29 10:00:00,246.09605838814477
2012-06-29 11:00:00,281.82653234912294
2012-06-29 12:00:00,302.9548839153484
2012-06-29 13:00:00,300.742767920607
2012-06-29 14:00:00,296.64414653008464
2012-06-29 15:00:00,303.7880481827498
2012-06-29 16:00:00,386.34223411243397
2012-06-29 17:00:00,715.3272178576408
2012-06-29 18:00:00,680.6914129500744
2012-06-29 19:00:00,502.61235190438737
2012-06-29 20:00:00,380.009309298619
2012-06-29 21:00:00,394.2585571590096
2012-06-29 22:00:00,191.3767713010424
2012-06-29 23:00:00,121.37447743853056
2012-06-30 00:00:00,118.33850882415632
2012-06-30 01:00:00,122.39542506038043
2012-06-30 02:00:00,73.2159148006463
2012-06-30 03:00:00,29.593458287570105
2012-06-30 04:00:00,13.626588572835493
2012-06-30 05:00:00,11.702845891978454
2012-06-30 06:00:00,22.657136988681614
2012-06-30 07:00:00,65.86542174444716
2012-06-30 08:00:00,174.8041035940903
2012-06-30 09:00:00,268.9389972038141
2012-06-30 10:00:00,374.4339430927755
2012-06-30 11:00:00,476.78395200785087
2012-06-30 12:00:00,509.5761177539363
2012-06-30 13:00:00,512.2253209728574
2012-06-30 14:00:00,510.7169628409453
2012-06-30 15:00:00,504.03907639339604
2012-06-30 16:00:00,475.18205751001886
2012-06-30 17:00:00,513.012196588995
2012-06-30 18:00:00,501.9124513012151
2012-06-30 19:00:00,412.69736902921596
2012-06-30 20:00:00,318.0206309951457
2012-06-30 21:00:00,310.940793957677
2012-06-30 22:00:00,256.9186717074663
2012-06-30 23:00:00,204.2779402356776
2012-07-20 00:00:00,53.779131454667635
2012-07-20 01:00:00,29.459828510012418
2012-07-20 02:00:00,11.196779957840171
2012-07-20 03:00:00,6.259773612994889
2012-07-20 04:00:00,7.11964110698689
2012-07-20 05:00:00,37.5831968218426
2012-07-20 06:00:00,158.94239368247563
2012-07-20 07:00:00,389.7270146554776
2012-07-20 08:00:00,551.2906618904888
2012-07-20 09:00:00,338.82091185244224
2012-07-20 10:00:00,232.2687342097546
2012-07-20 11:00:00,238.72209140018114
2012-07-20 12:00:00,123.25803200950217
2012-07-20 13:00:00,138.81869492235717
2012-07-20 14:00:00,148.75139018162548
2012-07-20 15:00:00,290.5718752622219
2012-07-20 16:00:00,302.9551612382004
2012-07-20 17:00:00,351.80627333809133
2012-07-20 18:00:00,419.35997132044395
2012-07-20 19:00:00,334.43273329798546
2012-07-20 20:00:00,176.36276083474868
2012-07-20 21:00:00,192.98004277153655
2012-07-20 22:00:00,170.8647868414336
2012-07-20 23:00:00,163.15041558657703
2012-07-21 00:00:00,116.5789956211262
2012-07-21 01:00:00,114.00112683409546
2012-07-21 02:00:00,58.412482210060425
2012-07-21 03:00:00,25.79046359871546
2012-07-21 04:00:00,10.021557427974017
2012-07-21 05:00:00,8.699764659605203
2012-07-21 06:00:00,23.502649525140477
2012-07-21 07:00:00,70.66232937115136
2012-07-21 08:00:00,200.06043835589725
2012-07-21 09:00:00,281.15614395849525
2012-07-21 10:00:00,138.63804269457495
2012-07-21 11:00:00,405.789821676472
2012-07-21 12:00:00,141.68721998481817
2012-07-21 13:00:00,137.71763741830657
2012-07-21 14:00:00,391.5914251529665
2012-07-21 15:00:00,232.19076800047085
2012-07-21 16:00:00,224.7635168003298
2012-07-21 17:00:00,228.4535322249537
2012-07-21 18:00:00,306.63484268771026
2012-07-21 19:00:00,276.007063738969
2012-07-21 20:00:00,189.24808248931424
2012-07-21 21:00:00,190.65548932134502
2012-07-21 22:00:00,163.50526710017795
2012-07-21 23:00:00,154.88119638634825
2012-07-22 00:00:00,126.13730314861755
2012-07-22 01:00:00,119.52828804596022
2012-07-22 02:00:00,72.77184951612003
2012-07-22 03:00:00,34.42115227792203
2012-07-22 04:00:00,14.080311786194326
2012-07-22 05:00:00,12.74630577824217
2012-07-22 06:00:00,21.625319004069553
2012-07-22 07:00:00,55.96672931991209
2012-07-22 08:00:00,129.0847364206953
2012-07-22 09:00:00,269.12289546922653
2012-07-22 10:00:00,395.7467697842494
2012-07-22 11:00:00,415.56373288466966
2012-07-22 12:00:00,451.5207921193997
2012-07-22 13:00:00,443.0391122050611
2012-07-22 14:00:00,449.94600678619616
2012-07-22 15:00:00,444.66253187112005
2012-07-22 16:00:00,429.70761744387835
2012-07-22 17:00:00,487.5604031118375
2012-07-22 18:00:00,454.9691912509037
2012-07-22 19:00:00,353.3543908335431
2012-07-22 20:00:00,278.0972181024981
2012-07-22 21:00:00,209.04314900000247
2012-07-22 22:00:00,132.36341919883262
2012-07-22 23:00:00,84.6983983363548
2012-07-23 00:00:00,42.88320552528306
2012-07-23 01:00:00,14.316503601064307
2012-07-23 02:00:00,6.935762591285585
2012-07-23 03:00:00,6.856859380006934
2012-07-23 04:00:00,8.317293781314504
2012-07-23 05:00:00,38.508718388151124
2012-07-23 06:00:00,148.47744212704796
2012-07-23 07:00:00,362.94275342264245
2012-07-23 08:00:00,619.0399854430641
2012-07-23 09:00:00,319.3555166439976
2012-07-23 10:00:00,182.48622685936155
2012-07-23 11:00:00,231.42652756922365
2012-07-23 12:00:00,270.10643859191975
2012-07-23 13:00:00,262.40081896264184
2012-07-23 14:00:00,239.12179899013034
2012-07-23 15:00:00,264.8749042029586
2012-07-23 16:00:00,363.2981014638632
2012-07-23 17:00:00,800.3680033522304
2012-07-23 18:00:00,789.0940899624661
2012-07-23 19:00:00,547.0398652962203
2012-07-23 20:00:00,422.52507509925573
2012-07-23 21:00:00,303.3142188347214
2012-07-23 22:00:00,220.40455297204522
2012-07-23 23:00:00,128.73836609621344
2012-07-24 00:00:00,54.662155192387225
2012-07-24 01:00:00,17.501213865485106
2012-07-24 02:00:00,9.590880775043557
2012-07-24 03:00:00,5.475127464870419
2012-07-24 04:00:00,7.643839411957563
2012-07-24 05:00:00,40.57248910415934
2012-07-24 06:00:00,167.35342900923538
2012-07-24 07:00:00,491.79197484524803
2012-07-24 08:00:00,662.2169440493966
2012-07-24 09:00:00,309.4801134779314
2012-07-24 10:00:00,181.30999693776585
2012-07-24 11:00:00,208.41997949370602
2012-07-24 12:00:00,260.328179860074
2012-07-24 13:00:00,247.20498157117436
2012-07-24 14:00:00,229.6013646458316
2012-07-24 15:00:00,271.7329406156558
2012-07-24 16:00:00,346.3029000539693
2012-07-24 17:00:00,747.5759579320313
2012-07-24 18:00:00,646.9584617962059
2012-07-24 19:00:00,544.2710565859446
2012-07-24 20:00:00,417.80299146492206
2012-07-24 21:00:00,309.5537553181705
2012-07-24 22:00:00,225.99625729204027
2012-07-24 23:00:00,124.46068814765249
2012-07-25 00:00:00,46.4344885943606
2012-07-25 01:00:00,20.081221067025155
2012-07-25 02:00:00,8.081606829242427
2012-07-25 03:00:00,5.015621948167595
2012-07-25 04:00:00,6.804002099447685
2012-07-25 05:00:00,39.98047959888994
2012-07-25 06:00:00,168.6126487364777
2012-07-25 07:00:00,446.054548000087
2012-07-25 08:00:00,649.2223547008771
2012-07-25 09:00:00,320.63215434437075
2012-07-25 10:00:00,197.9737976137474
2012-07-25 11:00:00,236.10312619961073
2012-07-25 12:00:00,299.90630324639466
2012-07-25 13:00:00,274.1246281477839
2012-07-25 14:00:00,242.03258754737598
2012-07-25 15:00:00,262.61687395187266
2012-07-25 16:00:00,380.94156223429184
2012-07-25 17:00:00,788.0717823340116
2012-07-25 18:00:00,794.9276287284422
2012-07-25 19:00:00,562.9456483682291
2012-07-25 20:00:00,432.7892484409338
2012-07-25 21:00:00,338.49529397288677
2012-07-25 22:00:00,274.22162178467653
2012-07-25 23:00:00,140.87596048286483
2012-07-26 00:00:00,63.35238918645881
2012-07-26 01:00:00,21.884807871346858
2012-07-26 02:00:00,9.028391159090267
2012-07-26 03:00:00,5.662178631462236
2012-07-26 04:00:00,7.1647132824868835
2012-07-26 05:00:00,40.40613714140508
2012-07-26 06:00:00,167.76827593604187
2012-07-26 07:00:00,472.5370694018993
2012-07-26 08:00:00,664.2422957063374
2012-07-26 09:00:00,324.07164158925644
2012-07-26 10:00:00,196.16661925815845
2012-07-26 11:00:00,212.09993134269402
2012-07-26 12:00:00,263.1860739366976
2012-07-26 13:00:00,246.59105471063617
2012-07-26 14:00:00,194.7527979944433
2012-07-26 15:00:00,209.0587569493896
2012-07-26 16:00:00,387.52765411890016
2012-07-26 17:00:00,689.4244759814881
2012-07-26 18:00:00,680.5553698701401
2012-07-26 19:00:00,544.3031007656507
2012-07-26 20:00:00,457.96525539630375
2012-07-26 21:00:00,333.39256029252346
2012-07-26 22:00:00,255.93949557252276
2012-07-26 23:00:00,158.57011828479648
2012-07-27 00:00:00,73.63514930731785
2012-07-27 01:00:00,39.61058875666954
2012-07-27 02:00:00,18.364652105673397
2012-07-27 03:00:00,6.629385382316855
2012-07-27 04:00:00,8.237018743523084
2012-07-27 05:00:00,37.461425818570746
2012-07-27 06:00:00,159.9033493610084
2012-07-27 07:00:00,406.385341143226
2012-07-27 08:00:00,648.6597366612705
2012-07-27 09:00:00,346.4291433454238
2012-07-27 10:00:00,241.37240257239503
2012-07-27 11:00:00,278.048336073676
2012-07-27 12:00:00,320.49154275459546
2012-07-27 13:00:00,324.3090069577279
2012-07-27 14:00:00,322.7047172792951
2012-07-27 15:00:00,333.2938755850033
2012-07-27 16:00:00,413.5181224847509
2012-07-27 17:00:00,717.9018212910009
2012-07-27 18:00:00,726.0903661093802
2012-07-27 19:00:00,505.89839719978335
2012-07-27 20:00:00,370.321996414478
2012-07-27 21:00:00,307.6354985604928
2012-07-27 22:00:00,275.7471444295037
2012-07-27 23:00:00,202.16565544891654
2012-07-28 00:00:00,164.3928690057802
2012-07-28 01:00:00,122.19779154162633
2012-07-28 02:00:00,88.54112126789683
2012-07-28 03:00:00,31.339010166582476
2012-07-28 04:00:00,12.88996597019137
2012-07-28 05:00:00,13.977442294279493
2012-07-28 06:00:00,34.38036128761014
2012-07-28 07:00:00,65.40804357090522
2012-07-28 08:00:00,177.24947138820576
2012-07-28 09:00:00,268.538689122337
2012-07-28 10:00:00,384.525038881815
2012-07-28 11:00:00,488.8673742475672
2012-07-28 12:00:00,524.1062722912217
2012-07-28 13:00:00,530.0645906921503
2012-07-28 14:00:00,530.5258324068064
2012-07-28 15:00:00,510.8751201027675
2012-07-28 16:00:00,490.9749480805152
2012-07-28 17:00:00,499.6284072300303
2012-07-28 18:00:00,511.3776302331667
2012-07-28 19:00:00,338.7002706311541
2012-07-28 20:00:00,252.5628314720123
2012-07-28 21:00:00,243.91443633253655
2012-07-28 22:00:00,222.21864021357572
2012-07-28 23:00:00,201.4420358543577
2012-07-29 00:00:00,143.8299029391182
2012-07-29 01:00:00,128.4219506540209
2012-07-29 02:00:00,91.18820814924925
2012-07-29 03:00:00,34.09193038701692
2012-07-29 04:00:00,15.610226309310278
2012-07-29 05:00:00,12.748111975541786
2012-07-29 06:00:00,23.02120412582966
2012-07-29 07:00:00,58.14813173154399
2012-07-29 08:00:00,130.7847138561736
2012-07-29 09:00:00,246.30498316541892
2012-07-29 10:00:00,399.3229896780832
2012-07-29 11:00:00,463.5877651510399
2012-07-29 12:00:00,512.9010666084833
2012-07-29 13:00:00,508.78505448678976
2012-07-29 14:00:00,514.9275633173592
2012-07-29 15:00:00,512.9026197739422
2012-07-29 16:00:00,496.7293239301835
2012-07-29 17:00:00,496.4583956448009
2012-07-29 18:00:00,504.2507652947772
2012-07-29 19:00:00,374.5191774980333
2012-07-29 20:00:00,282.7478476631486
2012-07-29 21:00:00,206.67563041112248
2012-07-29 22:00:00,129.01619464405724
2012-07-29 23:00:00,82.97802871493714
2012-07-30 00:00:00,51.755084794911426
2012-07-30 01:00:00,16.356685408650385
2012-07-30 02:00:00,10.162424464513775
2012-07-30 03:00:00,6.15241854837466
2012-07-30 04:00:00,8.632116714728422
2012-07-30 05:00:00,40.63625158687317
2012-07-30 06:00:00,150.5637205211184
2012-07-30 07:00:00,401.7134883141308
2012-07-30 08:00:00,655.2296117976333
2012-07-30 09:00:00,320.2787201289386
2012-07-30 10:00:00,185.1825705183482
2012-07-30 11:00:00,231.50709323680212
2012-07-30 12:00:00,274.5826800387033
2012-07-30 13:00:00,264.0348196902384
2012-07-30 14:00:00,242.42800338361283
2012-07-30 15:00:00,272.99370921319354
2012-07-30 16:00:00,366.8360490233597
2012-07-30 17:00:00,721.9260511696724
2012-07-30 18:00:00,694.8885806908831
2012-07-30 19:00:00,552.0330545449439
2012-07-30 20:00:00,405.17883138180457
2012-07-30 21:00:00,289.0751019868788
2012-07-30 22:00:00,189.23122802370136
2012-07-30 23:00:00,121.22402898887655
2012-07-31 00:00:00,46.916653785669
2012-07-31 01:00:00,15.528524410132167
2012-07-31 02:00:00,9.23840640100601
2012-07-31 03:00:00,6.395541338477236
2012-07-31 04:00:00,7.643839411957563
2012-07-31 05:00:00,40.58231145466607
2012-07-31 06:00:00,165.9730357663276
2012-07-31 07:00:00,356.5895971388872
2012-07-31 08:00:00,628.8335954088319
2012-07-31 09:00:00,323.74619555120637
2012-07-31 10:00:00,190.6922367517973
2012-07-31 11:00:00,228.4565676964768
2012-07-31 12:00:00,284.9367554181377
2012-07-31 13:00:00,256.0692864345473
2012-07-31 14:00:00,242.17734052496365
2012-07-31 15:00:00,263.07450112455285
2012-07-31 16:00:00,357.48887544983256
2012-07-31 17:00:00,807.1555395230839
2012-07-31 18:00:00,727.7103230364702
2012-07-31 19:00:00,474.4958942937657
2012-07-31 20:00:00,351.2166497685997
2012-07-31 21:00:00,282.7685377663959
2012-07-31 22:00:00,217.5090778639543
2012-07-31 23:00:00,125.88664706063543
2012-08-20 00:00:00,36.32487952872424
2012-08-20 01:00:00,15.045652120894495
2012-08-20 02:00:00,7.743364300197435
2012-08-20 03:00:00,6.773650643159391
2012-08-20 04:00:00,8.921109008940668
2012-08-20 05:00:00,39.49546039105365
2012-08-20 06:00:00,150.85553473066182
2012-08-20 07:00:00,439.90012246180095
2012-08-20 08:00:00,683.975483722589
2012-08-20 09:00:00,329.3051449920663
2012-08-20 10:00:00,203.68680152065355
2012-08-20 11:00:00,226.1407844338582
2012-08-20 12:00:00,294.123798068488
2012-08-20 13:00:00,286.6518261044828
2012-08-20 14:00:00,262.0788401407967
2012-08-20 15:00:00,286.07440387904114
2012-08-20 16:00:00,431.56328043668907
2012-08-20 17:00:00,852.0647006022507
2012-08-20 18:00:00,481.724934960285
2012-08-20 19:00:00,409.04379273228113
2012-08-20 20:00:00,275.160261389964
2012-08-20 21:00:00,223.60210098418764
2012-08-20 22:00:00,142.4638503995666
2012-08-20 23:00:00,99.99555122816335
2012-08-21 00:00:00,35.479565177838886
2012-08-21 01:00:00,14.492113391656346
2012-08-21 02:00:00,4.552966118053089
2012-08-21 03:00:00,6.484476193558303
2012-08-21 04:00:00,6.9139908486283845
2012-08-21 05:00:00,39.702507046390636
2012-08-21 06:00:00,164.69911842651229
2012-08-21 07:00:00,457.8719807028349
2012-08-21 08:00:00,674.4213115994886
2012-08-21 09:00:00,335.26533873010635
2012-08-21 10:00:00,197.62026095247987
2012-08-21 11:00:00,240.82605395788414
2012-08-21 12:00:00,293.06668946720293
2012-08-21 13:00:00,287.9054398211208
2012-08-21 14:00:00,260.538605234434
2012-08-21 15:00:00,288.23220801994506
2012-08-21 16:00:00,449.2620391943773
2012-08-21 17:00:00,842.6145907793831
2012-08-21 18:00:00,847.7821862300636
2012-08-21 19:00:00,414.37486414046293
2012-08-21 20:00:00,396.89933249805614
2012-08-21 21:00:00,287.67853584044434
2012-08-21 22:00:00,160.72628820756046
2012-08-21 23:00:00,110.63504766041811
2012-08-22 00:00:00,44.43163253412486
2012-08-22 01:00:00,21.616677159020725
2012-08-22 02:00:00,6.890532132793194
2012-08-22 03:00:00,6.884660131432076
2012-08-22 04:00:00,7.400388362862953
2012-08-22 05:00:00,40.5321466997673
2012-08-22 06:00:00,171.88486316443112
2012-08-22 07:00:00,444.1387291670062
2012-08-22 08:00:00,697.3058730830746
2012-08-22 09:00:00,338.80529635940326
2012-08-22 10:00:00,197.65619845455467
2012-08-22 11:00:00,237.880202539243
2012-08-22 12:00:00,296.1602062187513
2012-08-22 13:00:00,287.24862386030065
2012-08-22 14:00:00,261.5816399435675
2012-08-22 15:00:00,285.8926620352942
2012-08-22 16:00:00,415.2832792871783
2012-08-22 17:00:00,721.479204959124
2012-08-22 18:00:00,702.8002131472931
2012-08-22 19:00:00,522.0011320173211
2012-08-22 20:00:00,405.98477143691844
2012-08-22 21:00:00,303.07410401669387
2012-08-22 22:00:00,262.15345688033995
2012-08-22 23:00:00,129.64607481517706
2012-08-23 00:00:00,67.21033033619833
2012-08-23 01:00:00,21.604709691001233
2012-08-23 02:00:00,10.526302370003933
2012-08-23 03:00:00,6.296160280655943
2012-08-23 04:00:00,7.054240626558236
2012-08-23 05:00:00,40.67253347004649
2012-08-23 06:00:00,159.379251775472
2012-08-23 07:00:00,397.87181677987047
2012-08-23 08:00:00,694.3344984717396
2012-08-23 09:00:00,336.8209949382715
2012-08-23 10:00:00,201.13853996033538
2012-08-23 11:00:00,239.34837214263175
2012-08-23 12:00:00,303.96489152797585
2012-08-23 13:00:00,289.57425176116897
2012-08-23 14:00:00,250.73902650878216
2012-08-23 15:00:00,276.79143813846787
2012-08-23 16:00:00,423.2387974610025
2012-08-23 17:00:00,828.0772386802564
2012-08-23 18:00:00,824.2618457376018
2012-08-23 19:00:00,594.5412602981911
2012-08-23 20:00:00,429.6453450282682
2012-08-23 21:00:00,326.04917631592076
2012-08-23 22:00:00,236.55389325394657
2012-08-23 23:00:00,165.55784391006213
2012-08-24 00:00:00,71.6367554019716
2012-08-24 01:00:00,34.15094444978472
2012-08-24 02:00:00,18.498327877587272
2012-08-24 03:00:00,7.403895492997524
2012-08-24 04:00:00,7.8063276422206735
2012-08-24 05:00:00,37.93961036039648
2012-08-24 06:00:00,154.50592539109377
2012-08-24 07:00:00,375.80628179379346
2012-08-24 08:00:00,634.4886685906349
2012-08-24 09:00:00,365.3039448911608
2012-08-24 10:00:00,254.1220334696526
2012-08-24 11:00:00,283.71074820021585
2012-08-24 12:00:00,360.6330682935104
2012-08-24 13:00:00,355.81498751064305
2012-08-24 14:00:00,357.81819933948987
2012-08-24 15:00:00,356.67138148587657
2012-08-24 16:00:00,472.03649035589984
2012-08-24 17:00:00,813.8996433062453
2012-08-24 18:00:00,745.2732273972347
2012-08-24 19:00:00,526.64212806768
2012-08-24 20:00:00,372.4882274785313
2012-08-24 21:00:00,288.6658878971941
2012-08-24 22:00:00,231.3805333184085
2012-08-24 23:00:00,196.44823462347
2012-08-25 00:00:00,162.43577012647052
2012-08-25 01:00:00,128.3996524821758
2012-08-25 02:00:00,95.43711413920266
2012-08-25 03:00:00,34.616748115629825
2012-08-25 04:00:00,14.357944808924657
2012-08-25 05:00:00,11.888497145292963
2012-08-25 06:00:00,29.974538323186483
2012-08-25 07:00:00,57.76430517968122
2012-08-25 08:00:00,184.43988296639935
2012-08-25 09:00:00,294.4989977494179
2012-08-25 10:00:00,422.746357371189
2012-08-25 11:00:00,461.3629743504863
2012-08-25 12:00:00,312.3639016289522
2012-08-25 13:00:00,538.5569245866444
2012-08-25 14:00:00,244.13952621916516
2012-08-25 15:00:00,365.2134347033693
2012-08-25 16:00:00,469.29645081911224
2012-08-25 17:00:00,442.49449814126865
2012-08-25 18:00:00,465.7037401170317
2012-08-25 19:00:00,342.6328313131271
2012-08-25 20:00:00,194.29168534738335
2012-08-25 21:00:00,216.76787609971194
2012-08-25 22:00:00,181.23785209727336
2012-08-25 23:00:00,159.55906213402358
2012-08-26 00:00:00,134.96258000667171
2012-08-26 01:00:00,126.82216520760093
2012-08-26 02:00:00,77.82328003785591
2012-08-26 03:00:00,38.111238901659135
2012-08-26 04:00:00,13.3786760354437
2012-08-26 05:00:00,11.643589972484918
2012-08-26 06:00:00,13.7345561499252
2012-08-26 07:00:00,62.427498415506854
2012-08-26 08:00:00,129.97922638241067
2012-08-26 09:00:00,248.69691032384412
2012-08-26 10:00:00,407.84074782464836
2012-08-26 11:00:00,424.98383207824605
2012-08-26 12:00:00,293.97683772495765
2012-08-26 13:00:00,190.02436407779643
2012-08-26 14:00:00,337.72886962181326
2012-08-26 15:00:00,197.46440539614815
2012-08-26 16:00:00,222.26027731181637
2012-08-26 17:00:00,307.64568481205833
2012-08-26 18:00:00,315.4328283772118
2012-08-26 19:00:00,272.33548852712175
2012-08-26 20:00:00,187.53952871657285
2012-08-26 21:00:00,177.15011575362922
2012-08-26 22:00:00,106.78272894118992
2012-08-26 23:00:00,70.26695818333467
2012-08-27 00:00:00,45.332781675985714
2012-08-27 01:00:00,13.918091609820431
2012-08-27 02:00:00,6.895096318391256
2012-08-27 03:00:00,6.69865919168188
2012-08-27 04:00:00,8.521331763371208
2012-08-27 05:00:00,39.19884491893005
2012-08-27 06:00:00,150.40588848338106
2012-08-27 07:00:00,280.9497001041223
2012-08-27 08:00:00,544.9848453044491
2012-08-27 09:00:00,313.87389648970003
2012-08-27 10:00:00,189.77607284182022
2012-08-27 11:00:00,223.1894294985018
2012-08-27 12:00:00,290.1623764610842
2012-08-27 13:00:00,277.1422106954783
2012-08-27 14:00:00,253.75374906914348
2012-08-27 15:00:00,273.5985754528958
2012-08-27 16:00:00,427.90832267210453
2012-08-27 17:00:00,837.4825969271485
2012-08-27 18:00:00,832.3222268338142
2012-08-27 19:00:00,580.6783034173042
2012-08-27 20:00:00,410.9307367136863
2012-08-27 21:00:00,296.3194678596924
2012-08-27 22:00:00,198.04923123924368
2012-08-27 23:00:00,112.59838481283265
2012-08-28 00:00:00,46.08486806872389
2012-08-28 01:00:00,16.616530287023036
2012-08-28 02:00:00,8.552848160852946
2012-08-28 03:00:00,5.893716218728856
2012-08-28 04:00:00,7.655104726638824
2012-08-28 05:00:00,39.0931773555489
2012-08-28 06:00:00,162.76827767773148
2012-08-28 07:00:00,313.58029821547296
2012-08-28 08:00:00,578.9820800807072
2012-08-28 09:00:00,333.14663331331343
2012-08-28 10:00:00,198.74729502429932
2012-08-28 11:00:00,238.32300346803234
2012-08-28 12:00:00,279.3365862911664
2012-08-28 13:00:00,269.891809732446
2012-08-28 14:00:00,252.14949548796625
2012-08-28 15:00:00,275.13433958804444
2012-08-28 16:00:00,437.4473091310979
2012-08-28 17:00:00,820.4261700748923
2012-08-28 18:00:00,836.4745684845279
2012-08-28 19:00:00,578.6255621975674
2012-08-28 20:00:00,421.00980531942616
2012-08-28 21:00:00,311.99762205642645
2012-08-28 22:00:00,228.0973339271992
2012-08-28 23:00:00,148.12659335015599
2012-08-29 00:00:00,48.763518316542445
2012-08-29 01:00:00,17.598334722876068
2012-08-29 02:00:00,8.370727360588814
2012-08-29 03:00:00,6.140930631366064
2012-08-29 04:00:00,6.925380767769049
2012-08-29 05:00:00,40.277581178151294
2012-08-29 06:00:00,170.06660620037135
2012-08-29 07:00:00,428.1209408409681
2012-08-29 08:00:00,697.7267998836943
2012-08-29 09:00:00,352.23110983595154
2012-08-29 10:00:00,198.92664655769644
2012-08-29 11:00:00,239.47671795971215
2012-08-29 12:00:00,301.33788971015514
2012-08-29 13:00:00,297.1225665662132
2012-08-29 14:00:00,259.8922156743533
2012-08-29 15:00:00,283.92948548686724
2012-08-29 16:00:00,443.76818733702964
2012-08-29 17:00:00,870.372182977272
2012-08-29 18:00:00,844.7724347187814
2012-08-29 19:00:00,591.8891746353207
2012-08-29 20:00:00,419.7962129508009
2012-08-29 21:00:00,321.3716654968326
2012-08-29 22:00:00,268.9899782312884
2012-08-29 23:00:00,147.21261374540853
2012-08-30 00:00:00,66.19640992684577
2012-08-30 01:00:00,22.532451647660636
2012-08-30 02:00:00,10.171347521627473
2012-08-30 03:00:00,5.990402171403768
2012-08-30 04:00:00,7.100904227247078
2012-08-30 05:00:00,40.51468247909029
2012-08-30 06:00:00,165.24023677232307
2012-08-30 07:00:00,442.4709862841025
2012-08-30 08:00:00,698.3214782133841
2012-08-30 09:00:00,337.20493433520176
2012-08-30 10:00:00,198.13683203512264
2012-08-30 11:00:00,246.72956217322462
2012-08-30 12:00:00,298.558980346455
2012-08-30 13:00:00,289.67339544316803
2012-08-30 14:00:00,260.85190063467616
2012-08-30 15:00:00,277.70985499142165
2012-08-30 16:00:00,426.175403893359
2012-08-30 17:00:00,859.7767017254583
2012-08-30 18:00:00,832.4498634424181
2012-08-30 19:00:00,601.0718843126191
2012-08-30 20:00:00,451.59298776479073
2012-08-30 21:00:00,327.4568267553321
2012-08-30 22:00:00,263.7613900603927
2012-08-30 23:00:00,161.10683226928205
2012-08-31 00:00:00,69.22310992312657
2012-08-31 01:00:00,33.62009918136401
2012-08-31 02:00:00,12.098160588744552
2012-08-31 03:00:00,6.850256489628277
2012-08-31 04:00:00,7.788000482673008
2012-08-31 05:00:00,37.134594650773344
2012-08-31 06:00:00,158.77747784309875
2012-08-31 07:00:00,365.77078339570096
2012-08-31 08:00:00,633.9176256158648
2012-08-31 09:00:00,355.33390060153476
2012-08-31 10:00:00,244.2863593808788
2012-08-31 11:00:00,276.1111874354215
2012-08-31 12:00:00,331.0135051449047
2012-08-31 13:00:00,325.4122130185908
2012-08-31 14:00:00,299.290528444428
2012-08-31 15:00:00,303.1057342752474
2012-08-31 16:00:00,458.49701554602746
2012-08-31 17:00:00,813.717815864545
2012-08-31 18:00:00,771.0681233772417
2012-08-31 19:00:00,529.4942119707806
2012-08-31 20:00:00,377.4819306157624
2012-08-31 21:00:00,300.34990804745075
2012-08-31 22:00:00,252.92195621989694
2012-08-31 23:00:00,207.2295779633062
2012-09-20 00:00:00,54.25779274946764
2012-09-20 01:00:00,17.4864967927624
2012-09-20 02:00:00,10.61391356730039
2012-09-20 03:00:00,6.614227072518966
2012-09-20 04:00:00,6.802135048744685
2012-09-20 05:00:00,44.218179085648664
2012-09-20 06:00:00,176.57239504608498
2012-09-20 07:00:00,496.8462975439743
2012-09-20 08:00:00,778.4654583114866
2012-09-20 09:00:00,340.7431842119506
2012-09-20 10:00:00,201.20292632808832
2012-09-20 11:00:00,244.75549686597344
2012-09-20 12:00:00,327.815586463489
2012-09-20 13:00:00,319.7183660887397
2012-09-20 14:00:00,320.27275283099743
2012-09-20 15:00:00,338.574398846175
2012-09-20 16:00:00,447.7438312462859
2012-09-20 17:00:00,858.166529722475
2012-09-20 18:00:00,854.3619502956499
2012-09-20 19:00:00,554.6621947160372
2012-09-20 20:00:00,415.07092378734205
2012-09-20 21:00:00,293.7111041217056
2012-09-20 22:00:00,232.2427478704083
2012-09-20 23:00:00,141.3705009226695
2012-09-21 00:00:00,68.56383415543759
2012-09-21 01:00:00,37.58519953516797
2012-09-21 02:00:00,18.70459046929614
2012-09-21 03:00:00,8.227618510629398
2012-09-21 04:00:00,9.342179143280193
2012-09-21 05:00:00,43.88457046532441
2012-09-21 06:00:00,163.94515697624718
2012-09-21 07:00:00,432.90104760581585
2012-09-21 08:00:00,670.0884101181546
2012-09-21 09:00:00,355.8135098648932
2012-09-21 10:00:00,245.35709448066763
2012-09-21 11:00:00,284.70969068040233
2012-09-21 12:00:00,370.4219186523911
2012-09-21 13:00:00,400.2196517514231
2012-09-21 14:00:00,387.13553574003316
2012-09-21 15:00:00,388.0347861252164
2012-09-21 16:00:00,492.84814857468075
2012-09-21 17:00:00,837.1476113866883
2012-09-21 18:00:00,775.528610689634
2012-09-21 19:00:00,531.0355489610664
2012-09-21 20:00:00,366.96703502276165
2012-09-21 21:00:00,267.4963770437839
2012-09-21 22:00:00,232.77811269397358
2012-09-21 23:00:00,176.62726754387936
2012-09-22 00:00:00,138.06302802054736
2012-09-22 01:00:00,111.46005814932562
2012-09-22 02:00:00,69.14008582987678
2012-09-22 03:00:00,30.00197849034906
2012-09-22 04:00:00,13.058976143263322
2012-09-22 05:00:00,11.444960570243227
2012-09-22 06:00:00,28.436160967160223
2012-09-22 07:00:00,70.35998756503894
2012-09-22 08:00:00,193.02301522464256
2012-09-22 09:00:00,323.84729745740236
2012-09-22 10:00:00,436.2566469652969
2012-09-22 11:00:00,542.9020822628642
2012-09-22 12:00:00,579.1114670879365
2012-09-22 13:00:00,582.7339742814647
2012-09-22 14:00:00,576.2472596703279
2012-09-22 15:00:00,566.4114710421497
2012-09-22 16:00:00,551.4892520771623
2012-09-22 17:00:00,547.5432057472607
2012-09-22 18:00:00,520.3480271015021
2012-09-22 19:00:00,425.94884715703273
2012-09-22 20:00:00,315.27135669659975
2012-09-22 21:00:00,284.0239353647304
2012-09-22 22:00:00,259.2835665003413
2012-09-22 23:00:00,198.19181020035663
2012-09-23 00:00:00,150.44683473445625
2012-09-23 01:00:00,109.27590340458126
2012-09-23 02:00:00,73.09212658766123
2012-09-23 03:00:00,35.27146701120338
2012-09-23 04:00:00,14.701494851222812
2012-09-23 05:00:00,13.39496663488865
2012-09-23 06:00:00,19.227192843458727
2012-09-23 07:00:00,57.247474684848484
2012-09-23 08:00:00,118.63067369109505
2012-09-23 09:00:00,252.69913986667308
2012-09-23 10:00:00,387.8462784009755
2012-09-23 11:00:00,506.957811258419
2012-09-23 12:00:00,592.5220795001845
2012-09-23 13:00:00,643.099842358072
2012-09-23 14:00:00,623.3690635563092
2012-09-23 15:00:00,614.4569223146259
2012-09-23 16:00:00,618.1430875458109
2012-09-23 17:00:00,545.8599127061988
2012-09-23 18:00:00,483.2014076032019
2012-09-23 19:00:00,364.2589725636741
2012-09-23 20:00:00,257.7454015977149
2012-09-23 21:00:00,164.49056083433402
2012-09-23 22:00:00,129.0780385781594
2012-09-23 23:00:00,66.98184676034177
2012-09-24 00:00:00,42.89703884118273
2012-09-24 01:00:00,13.149987523133104
2012-09-24 02:00:00,8.240568147802065
2012-09-24 03:00:00,4.7342070733703565
2012-09-24 04:00:00,7.958242887747819
2012-09-24 05:00:00,44.54606993502617
2012-09-24 06:00:00,156.26479695439272
2012-09-24 07:00:00,458.48754177502207
2012-09-24 08:00:00,751.728388002823
2012-09-24 09:00:00,342.9678419760299
2012-09-24 10:00:00,195.6568663326905
2012-09-24 11:00:00,244.95217384014322
2012-09-24 12:00:00,318.58535220475864
2012-09-24 13:00:00,316.4989872685883
2012-09-24 14:00:00,307.9492773462387
2012-09-24 15:00:00,314.4841920838173
2012-09-24 16:00:00,457.23072075366827
2012-09-24 17:00:00,868.4693845972255
2012-09-24 18:00:00,847.6838866826502
2012-09-24 19:00:00,519.6650571471127
2012-09-24 20:00:00,356.8900648149095
2012-09-24 21:00:00,262.11587230604533
2012-09-24 22:00:00,137.62558817727836
2012-09-24 23:00:00,91.64944791688461
2012-09-25 00:00:00,43.95634034093899
2012-09-25 01:00:00,12.405115997022541
2012-09-25 02:00:00,7.497940731511674
2012-09-25 03:00:00,4.144072270772934
2012-09-25 04:00:00,7.2018632329283845
2012-09-25 05:00:00,44.3412629003908
2012-09-25 06:00:00,173.59933489760212
2012-09-25 07:00:00,477.85788006561205
2012-09-25 08:00:00,764.1300242778012
2012-09-25 09:00:00,347.74415035006405
2012-09-25 10:00:00,197.74797450014162
2012-09-25 11:00:00,241.29946370802375
2012-09-25 12:00:00,314.746949125518
2012-09-25 13:00:00,317.8074191199482
2012-09-25 14:00:00,317.64276507291703
2012-09-25 15:00:00,334.2411795543279
2012-09-25 16:00:00,460.2393774860607
2012-09-25 17:00:00,887.0517991231841
2012-09-25 18:00:00,879.6774802845794
2012-09-25 19:00:00,569.3490285111192
2012-09-25 20:00:00,419.7603660686851
2012-09-25 21:00:00,272.7870529441608
2012-09-25 22:00:00,207.94934292888706
2012-09-25 23:00:00,110.1386707979658
2012-09-26 00:00:00,42.78160304825541
2012-09-26 01:00:00,18.039372228485245
2012-09-26 02:00:00,4.85952576020712
2012-09-26 03:00:00,4.81211865982608
2012-09-26 04:00:00,6.759299214021291
2012-09-26 05:00:00,42.54771952734026
2012-09-26 06:00:00,175.25613529870364
2012-09-26 07:00:00,527.553297145369
2012-09-26 08:00:00,761.0327642029499
2012-09-26 09:00:00,354.49586273480463
2012-09-26 10:00:00,188.67734093051672
2012-09-26 11:00:00,223.65510367306413
2012-09-26 12:00:00,332.6656937299686
2012-09-26 13:00:00,321.1407399187426
2012-09-26 14:00:00,299.1564345146914
2012-09-26 15:00:00,309.1033004736071
2012-09-26 16:00:00,445.4393029907976
2012-09-26 17:00:00,818.3450595570221
2012-09-26 18:00:00,837.2340457591949
2012-09-26 19:00:00,583.5721343056789
2012-09-26 20:00:00,422.40788195834966
2012-09-26 21:00:00,309.5110134985977
2012-09-26 22:00:00,167.3486452819443
2012-09-26 23:00:00,114.7999624309441
2012-09-27 00:00:00,65.101281905982
2012-09-27 01:00:00,22.936310181283933
2012-09-27 02:00:00,10.4568632066504
2012-09-27 03:00:00,6.849465111497462
2012-09-27 04:00:00,6.45073674637142
2012-09-27 05:00:00,41.77900482423223
2012-09-27 06:00:00,166.41202121641805
2012-09-27 07:00:00,466.9354021522519
2012-09-27 08:00:00,744.5250811462993
2012-09-27 09:00:00,342.2868945911146
2012-09-27 10:00:00,202.54979044995633
2012-09-27 11:00:00,246.38607664871222
2012-09-27 12:00:00,318.35722290472853
2012-09-27 13:00:00,304.24363757144073
2012-09-27 14:00:00,300.4109370962798
2012-09-27 15:00:00,310.6004950483748
2012-09-27 16:00:00,446.4245177904877
2012-09-27 17:00:00,768.804648406907
2012-09-27 18:00:00,796.6086605757157
2012-09-27 19:00:00,586.5684560372947
2012-09-27 20:00:00,377.7547457183513
2012-09-27 21:00:00,201.89634842087492
2012-09-27 22:00:00,131.35606196003297
2012-09-27 23:00:00,98.99774915827068
2012-09-28 00:00:00,52.76312264427336
2012-09-28 01:00:00,23.508698939019233
2012-09-28 02:00:00,8.410943158124308
2012-09-28 03:00:00,5.871494886989291
2012-09-28 04:00:00,5.932238993694048
2012-09-28 05:00:00,38.98972364955591
2012-09-28 06:00:00,151.9017293212136
2012-09-28 07:00:00,382.97271961570976
2012-09-28 08:00:00,638.8733961609095
2012-09-28 09:00:00,335.4102221865901
2012-09-28 10:00:00,221.24623774810937
2012-09-28 11:00:00,277.08023945019136
2012-09-28 12:00:00,394.9242041990449
2012-09-28 13:00:00,394.3972141963249
2012-09-28 14:00:00,392.5777579505516
2012-09-28 15:00:00,392.2655066191454
2012-09-28 16:00:00,507.0971932775422
2012-09-28 17:00:00,808.964657323533
2012-09-28 18:00:00,825.2922307141125
2012-09-28 19:00:00,476.78106832281486
2012-09-28 20:00:00,328.8994332001429
2012-09-28 21:00:00,225.80469376363052
2012-09-28 22:00:00,209.6691864289683
2012-09-28 23:00:00,165.1969816845412
2012-09-29 00:00:00,140.30659684791138
2012-09-29 01:00:00,105.48061517413588
2012-09-29 02:00:00,74.33166366590676
2012-09-29 03:00:00,33.53761522611661
2012-09-29 04:00:00,15.452786715379075
2012-09-29 05:00:00,14.248904510757844
2012-09-29 06:00:00,30.481921111896256
2012-09-29 07:00:00,75.78789569556571
2012-09-29 08:00:00,188.3808266366929
2012-09-29 09:00:00,304.64563343692157
2012-09-29 10:00:00,395.10510903884233
2012-09-29 11:00:00,518.1185911674502
2012-09-29 12:00:00,630.210055860998
2012-09-29 13:00:00,637.961784329444
2012-09-29 14:00:00,616.1493226126056
2012-09-29 15:00:00,557.7211689745856
2012-09-29 16:00:00,606.0094990047986
2012-09-29 17:00:00,595.7417771866785
2012-09-29 18:00:00,498.4390370921372
2012-09-29 19:00:00,379.17311535730624
2012-09-29 20:00:00,259.6911000118032
2012-09-29 21:00:00,241.52482065006993
2012-09-29 22:00:00,218.12053476467187
2012-09-29 23:00:00,174.08771469695316
2012-09-30 00:00:00,155.02535174766368
2012-09-30 01:00:00,110.79210229560053
2012-09-30 02:00:00,70.88263435035091
2012-09-30 03:00:00,43.13503771200743
2012-09-30 04:00:00,12.928438111977904
2012-09-30 05:00:00,11.726799627942107
2012-09-30 06:00:00,27.621208770903497
2012-09-30 07:00:00,58.37270679292737
2012-09-30 08:00:00,119.8624417011848
2012-09-30 09:00:00,258.80615933805234
2012-09-30 10:00:00,405.6388750374944
2012-09-30 11:00:00,535.253811187617
2012-09-30 12:00:00,619.3695210727826
2012-09-30 13:00:00,630.2984163874703
2012-09-30 14:00:00,602.9399394375763
2012-09-30 15:00:00,605.1556641192203
2012-09-30 16:00:00,638.498685539608
2012-09-30 17:00:00,593.362235800424
2012-09-30 18:00:00,434.04008426508193
2012-09-30 19:00:00,285.7871263499485
2012-09-30 20:00:00,199.6937303046759
2012-09-30 21:00:00,167.80052417527043
2012-09-30 22:00:00,129.796224382472
2012-09-30 23:00:00,67.5881589045123
2012-10-20 00:00:00,130.5034638482089
2012-10-20 01:00:00,104.97901051542917
2012-10-20 02:00:00,72.93018008066966
2012-10-20 03:00:00,32.69819854673379
2012-10-20 04:00:00,11.768569132700641
2012-10-20 05:00:00,10.793944015699076
2012-10-20 06:00:00,29.559493472177568
2012-10-20 07:00:00,76.87953748323685
2012-10-20 08:00:00,178.05099816507857
2012-10-20 09:00:00,303.70711743261586
2012-10-20 10:00:00,375.2581240894327
2012-10-20 11:00:00,515.9339745041731
2012-10-20 12:00:00,586.3368112025952
2012-10-20 13:00:00,595.6167194561863
2012-10-20 14:00:00,592.1166353792335
2012-10-20 15:00:00,552.1535955228425
2012-10-20 16:00:00,603.3549738648148
2012-10-20 17:00:00,579.3052873151478
2012-10-20 18:00:00,511.0200915961576
2012-10-20 19:00:00,365.4249709207017
2012-10-20 20:00:00,241.37103871647287
2012-10-20 21:00:00,230.78487966165193
2012-10-20 22:00:00,186.4853159372464
2012-10-20 23:00:00,153.2780735122645
2012-10-21 00:00:00,131.47584326262333
2012-10-21 01:00:00,107.12722519540122
2012-10-21 02:00:00,69.29873375328462
2012-10-21 03:00:00,41.5192276067053
2012-10-21 04:00:00,12.467317482660118
2012-10-21 05:00:00,10.84989162867079
2012-10-21 06:00:00,24.99433442337697
2012-10-21 07:00:00,53.52062990264494
2012-10-21 08:00:00,102.38582390555416
2012-10-21 09:00:00,239.33718735373503
2012-10-21 10:00:00,374.6454100486366
2012-10-21 11:00:00,505.770090469434
2012-10-21 12:00:00,580.8168893295468
2012-10-21 13:00:00,604.6040448704787
2012-10-21 14:00:00,605.9819791746608
2012-10-21 15:00:00,581.6607153826488
2012-10-21 16:00:00,601.7357143454655
2012-10-21 17:00:00,533.9394883222144
2012-10-21 18:00:00,467.4922146974219
2012-10-21 19:00:00,344.6168413453039
2012-10-21 20:00:00,227.67512283942776
2012-10-21 21:00:00,146.80279991465062
2012-10-21 22:00:00,114.00449657077436
2012-10-21 23:00:00,66.5570130635818
2012-10-22 00:00:00,36.737160310886615
2012-10-22 01:00:00,12.262303707912874
2012-10-22 02:00:00,7.264620867946499
2012-10-22 03:00:00,4.557960865483041
2012-10-22 04:00:00,7.550001665908853
2012-10-22 05:00:00,37.341444809142715
2012-10-22 06:00:00,148.44639639716826
2012-10-22 07:00:00,397.5913119330119
2012-10-22 08:00:00,771.2719981461169
2012-10-22 09:00:00,334.131884380752
2012-10-22 10:00:00,196.23684903741523
2012-10-22 11:00:00,247.46018441413912
2012-10-22 12:00:00,313.05277064335985
2012-10-22 13:00:00,316.6213768943557
2012-10-22 14:00:00,313.3625870209325
2012-10-22 15:00:00,328.5428319472735
2012-10-22 16:00:00,466.9920554366971
2012-10-22 17:00:00,920.5542364448219
2012-10-22 18:00:00,744.6421484955556
2012-10-22 19:00:00,511.8171764078382
2012-10-22 20:00:00,352.7885637340827
2012-10-22 21:00:00,246.96079091991615
2012-10-22 22:00:00,137.46748414646265
2012-10-22 23:00:00,94.2805152965127
2012-10-23 00:00:00,40.24908175377102
2012-10-23 01:00:00,12.750419540320376
2012-10-23 02:00:00,6.012298692286031
2012-10-23 03:00:00,5.205111496792721
2012-10-23 04:00:00,7.167247687662484
2012-10-23 05:00:00,43.6603256733483
2012-10-23 06:00:00,165.81484694444208
2012-10-23 07:00:00,461.5031278167146
2012-10-23 08:00:00,754.3811316060271
2012-10-23 09:00:00,344.9846605455278
2012-10-23 10:00:00,196.0881327356065
2012-10-23 11:00:00,245.37721245890643
2012-10-23 12:00:00,314.15365510378643
2012-10-23 13:00:00,305.60408000860406
2012-10-23 14:00:00,309.6282175474683
2012-10-23 15:00:00,319.3786602805675
2012-10-23 16:00:00,462.6085699787815
2012-10-23 17:00:00,898.1101251245901
2012-10-23 18:00:00,878.8565163749876
2012-10-23 19:00:00,564.2167774050378
2012-10-23 20:00:00,414.31727126682705
2012-10-23 21:00:00,272.45785111740855
2012-10-23 22:00:00,177.8080672932584
2012-10-23 23:00:00,99.9759446956658
2012-10-24 00:00:00,46.67862444608499
2012-10-24 01:00:00,17.90702727671999
2012-10-24 02:00:00,7.445873848274158
2012-10-24 03:00:00,6.454285553718606
2012-10-24 04:00:00,6.519592760283334
2012-10-24 05:00:00,46.1263954228603
2012-10-24 06:00:00,177.12763601426798
2012-10-24 07:00:00,456.21611665981413
2012-10-24 08:00:00,722.458679072626
2012-10-24 09:00:00,362.8833740477463
2012-10-24 10:00:00,194.09012056627589
2012-10-24 11:00:00,224.43073385419217
2012-10-24 12:00:00,323.0273948026579
2012-10-24 13:00:00,312.0662508042499
2012-10-24 14:00:00,316.01557065581346
2012-10-24 15:00:00,316.05630698415155
2012-10-24 16:00:00,461.8924871521229
2012-10-24 17:00:00,876.4986815279442
2012-10-24 18:00:00,863.251954724261
2012-10-24 19:00:00,557.0285742895353
2012-10-24 20:00:00,396.0628345761427
2012-10-24 21:00:00,278.78782669364523
2012-10-24 22:00:00,230.40483723572237
2012-10-24 23:00:00,127.96167577202569
2012-10-25 00:00:00,57.79045353742602
2012-10-25 01:00:00,21.7707534852067
2012-10-25 02:00:00,10.75325887259298
2012-10-25 03:00:00,5.122570934674349
2012-10-25 04:00:00,6.264366086849073
2012-10-25 05:00:00,43.78902683322315
2012-10-25 06:00:00,165.9661939906482
2012-10-25 07:00:00,465.0600053563143
2012-10-25 08:00:00,723.4593950789542
2012-10-25 09:00:00,358.9998833984681
2012-10-25 10:00:00,172.015651526974
2012-10-25 11:00:00,157.011767730751
2012-10-25 12:00:00,229.44128754206676
2012-10-25 13:00:00,228.05793500018777
2012-10-25 14:00:00,250.90980701509588
2012-10-25 15:00:00,336.66727902283185
2012-10-25 16:00:00,442.0793516943713
2012-10-25 17:00:00,769.1298404143115
2012-10-25 18:00:00,275.1895263510386
2012-10-25 19:00:00,296.4950640962742
2012-10-25 20:00:00,255.92360725161518
2012-10-25 21:00:00,236.92453610503932
2012-10-25 22:00:00,183.84756782306357
2012-10-25 23:00:00,127.09139780186426
2012-10-26 00:00:00,59.425964969846866
2012-10-26 01:00:00,23.247758756929834
2012-10-26 02:00:00,9.85922475598238
2012-10-26 03:00:00,5.676247520515947
2012-10-26 04:00:00,6.897907230870209
2012-10-26 05:00:00,41.33986126954177
2012-10-26 06:00:00,155.47055642690208
2012-10-26 07:00:00,418.09081106104156
2012-10-26 08:00:00,643.1127873845314
2012-10-26 09:00:00,353.6438786387402
2012-10-26 10:00:00,215.77512090018155
2012-10-26 11:00:00,252.14014389306388
2012-10-26 12:00:00,339.20993740578
2012-10-26 13:00:00,351.9203612706432
2012-10-26 14:00:00,365.4581205146186
2012-10-26 15:00:00,374.01781997558237
2012-10-26 16:00:00,462.46128800089946
2012-10-26 17:00:00,528.5100483863874
2012-10-26 18:00:00,403.18032177502437
2012-10-26 19:00:00,267.3494808327223
2012-10-26 20:00:00,243.20446899044575
2012-10-26 21:00:00,243.683987711139
2012-10-26 22:00:00,183.5518503606949
2012-10-26 23:00:00,149.24217445710343
2012-10-27 00:00:00,139.06112808445613
2012-10-27 01:00:00,111.68487306960768
2012-10-27 02:00:00,66.76273130772765
2012-10-27 03:00:00,33.55559673983849
2012-10-27 04:00:00,12.916667021572254
2012-10-27 05:00:00,12.47349396343383
2012-10-27 06:00:00,27.400678973389585
2012-10-27 07:00:00,71.9003113682176
2012-10-27 08:00:00,187.07122671512326
2012-10-27 09:00:00,302.74392325787494
2012-10-27 10:00:00,398.5867365849191
2012-10-27 11:00:00,461.5806396691622
2012-10-27 12:00:00,591.0468042981615
2012-10-27 13:00:00,621.642718235621
2012-10-27 14:00:00,584.9661617042084
2012-10-27 15:00:00,465.6686941238389
2012-10-27 16:00:00,508.1088037747619
2012-10-27 17:00:00,518.5462540499195
2012-10-27 18:00:00,481.72381796441084
2012-10-27 19:00:00,368.05442144266857
2012-10-27 20:00:00,247.37234051520562
2012-10-27 21:00:00,221.94229082664356
2012-10-27 22:00:00,179.58471732712047
2012-10-27 23:00:00,141.3872755390059
2012-10-28 00:00:00,119.43926901900147
2012-10-28 01:00:00,106.22753965975119
2012-10-28 02:00:00,74.72707630885036
2012-10-28 03:00:00,33.37210801522751
2012-10-28 04:00:00,13.644508838144109
2012-10-28 05:00:00,14.092429992214146
2012-10-28 06:00:00,20.00992232603517
2012-10-28 07:00:00,56.06495077403824
2012-10-28 08:00:00,116.23989536243676
2012-10-28 09:00:00,248.49043903791912
2012-10-28 10:00:00,344.4717528381035
2012-10-28 11:00:00,477.0709619212468
2012-10-28 12:00:00,488.53504431368833
2012-10-28 13:00:00,493.63322331454714
2012-10-28 14:00:00,480.27114610278846
2012-10-28 15:00:00,450.49449547448165
2012-10-28 16:00:00,339.35996918979276
2012-10-28 17:00:00,224.05591115645683
2012-10-28 18:00:00,152.7937839302951
2012-10-28 19:00:00,140.13567692979225
2012-10-28 20:00:00,130.2686315223651
2012-10-28 21:00:00,118.63549010005798
2012-10-28 22:00:00,73.11514567426784
2012-10-28 23:00:00,61.696961290722484
2012-10-29 00:00:00,24.02546731113774
2012-10-30 13:00:00,115.88999208200133
2012-10-30 14:00:00,117.29397268782886
2012-10-30 15:00:00,136.55855224904036
2012-10-30 16:00:00,197.6466853828968
2012-10-30 17:00:00,314.0472961234431
2012-10-30 18:00:00,316.1183517512225
2012-10-30 19:00:00,512.1280617806854
2012-10-30 20:00:00,233.64955376929544
2012-10-30 21:00:00,164.54435889700432
2012-10-30 22:00:00,136.98201793513462
2012-10-30 23:00:00,102.41117394679142
2012-10-31 00:00:00,29.74590101879161
2012-10-31 01:00:00,12.09434637122791
2012-10-31 02:00:00,5.158149974297786
2012-10-31 03:00:00,4.8797500129768565
2012-10-31 04:00:00,6.114229299266018
2012-10-31 05:00:00,33.93912732960484
2012-10-31 06:00:00,137.0640441787727
2012-10-31 07:00:00,330.0487235356963
2012-10-31 08:00:00,633.1742963372384
2012-10-31 09:00:00,313.9894881562409
2012-10-31 10:00:00,159.6916379720803
2012-10-31 11:00:00,169.8736870709616
2012-10-31 12:00:00,225.23694061001552
2012-10-31 13:00:00,234.7056260558375
2012-10-31 14:00:00,218.56641168404082
2012-10-31 15:00:00,229.547488879406
2012-10-31 16:00:00,352.40227790048584
2012-10-31 17:00:00,550.634900743298
2012-10-31 18:00:00,551.030581757596
2012-10-31 19:00:00,361.6971996570742
2012-10-31 20:00:00,271.0087943579785
2012-10-31 21:00:00,199.6582030525246
2012-10-31 22:00:00,145.5873211757306
2012-10-31 23:00:00,106.28784682162258
2012-11-20 00:00:00,29.901220081512733
2012-11-20 01:00:00,13.798751513684389
2012-11-20 02:00:00,5.23210360094034
2012-11-20 03:00:00,3.7643659441315434
2012-11-20 04:00:00,7.502809680458771
2012-11-20 05:00:00,39.40445314905007
2012-11-20 06:00:00,141.2820212568035
2012-11-20 07:00:00,370.37535095885426
2012-11-20 08:00:00,625.2164443397722
2012-11-20 09:00:00,320.4276754595788
2012-11-20 10:00:00,168.71157252716833
2012-11-20 11:00:00,198.22100460120936
2012-11-20 12:00:00,228.48018757027194
2012-11-20 13:00:00,234.42184240429717
2012-11-20 14:00:00,216.72811009796604
2012-11-20 15:00:00,279.13570966606983
2012-11-20 16:00:00,365.2233809732682
2012-11-20 17:00:00,530.2114462642601
2012-11-20 18:00:00,520.3740481529767
2012-11-20 19:00:00,368.8854403954007
2012-11-20 20:00:00,258.2370039853056
2012-11-20 21:00:00,203.08178450078353
2012-11-20 22:00:00,150.08338240877342
2012-11-20 23:00:00,103.1963044276195
2012-11-21 00:00:00,28.586712165341822
2012-11-21 01:00:00,12.928225232071311
2012-11-21 02:00:00,4.671605196044134
2012-11-21 03:00:00,5.000764456741941
2012-11-21 04:00:00,5.558177868631988
2012-11-21 05:00:00,27.006411793596826
2012-11-21 06:00:00,129.3067057361787
2012-11-21 07:00:00,327.28337967682717
2012-11-21 08:00:00,598.2465397473487
2012-11-21 09:00:00,312.42551010846165
2012-11-21 10:00:00,170.3404939323837
2012-11-21 11:00:00,198.22160821739607
2012-11-21 12:00:00,233.12730471215804
2012-11-21 13:00:00,239.43488780660593
2012-11-21 14:00:00,281.3437626165537
2012-11-21 15:00:00,293.03346699999446
2012-11-21 16:00:00,359.84181650883744
2012-11-21 17:00:00,574.5531372039206
2012-11-21 18:00:00,524.9759405406404
2012-11-21 19:00:00,354.55252989539076
2012-11-21 20:00:00,263.8821262939163
2012-11-21 21:00:00,203.08773673071934
2012-11-21 22:00:00,139.4710398576514
2012-11-21 23:00:00,112.97918512458365
2012-11-22 00:00:00,47.21003871392996
2012-11-22 01:00:00,33.04074942440129
2012-11-22 02:00:00,19.885497719686814
2012-11-22 03:00:00,8.699588095277788
2012-11-22 04:00:00,6.5633253956340845
2012-11-22 05:00:00,10.775070051471832
2012-11-22 06:00:00,44.76736244802753
2012-11-22 07:00:00,111.38799258465619
2012-11-22 08:00:00,204.28175108028267
2012-11-22 09:00:00,250.13514384165455
2012-11-22 10:00:00,251.14145835562618
2012-11-22 11:00:00,351.4459652984235
2012-11-22 12:00:00,403.65260973098253
2012-11-22 13:00:00,448.048807888041
2012-11-22 14:00:00,461.41131485132166
2012-11-22 15:00:00,456.2672844506126
2012-11-22 16:00:00,406.01634708635527
2012-11-22 17:00:00,539.1715388315031
2012-11-22 18:00:00,460.87938771078944
2012-11-22 19:00:00,324.8566987735568
2012-11-22 20:00:00,237.37863076360406
2012-11-22 21:00:00,194.244012610189
2012-11-22 22:00:00,146.6195072829453
2012-11-22 23:00:00,123.6185696348059
2012-11-23 00:00:00,43.51666018532238
2012-11-23 01:00:00,21.464757792919034
2012-11-23 02:00:00,10.275530725655052
2012-11-23 03:00:00,5.632178232981682
2012-11-23 04:00:00,8.00500789802504
2012-11-23 05:00:00,30.769065243582734
2012-11-23 06:00:00,127.07293118396275
2012-11-23 07:00:00,337.67297808817034
2012-11-23 08:00:00,577.3751763862399
2012-11-23 09:00:00,310.4451412647413
2012-11-23 10:00:00,188.04498593453624
2012-11-23 11:00:00,231.4246687998211
2012-11-23 12:00:00,277.2240533776319
2012-11-23 13:00:00,289.2058949758343
2012-11-23 14:00:00,316.29075245667786
2012-11-23 15:00:00,321.18329143904134
2012-11-23 16:00:00,440.7127187960185
2012-11-23 17:00:00,672.4020836227921
2012-11-23 18:00:00,619.8404971410289
2012-11-23 19:00:00,404.5369438707058
2012-11-23 20:00:00,289.47205075112777
2012-11-23 21:00:00,239.60309437848755
2012-11-23 22:00:00,151.70468927001588
2012-11-23 23:00:00,109.91216393626698
2012-11-24 00:00:00,120.19347602043096
2012-11-24 01:00:00,102.52368116161153
2012-11-24 02:00:00,48.41361957430597
2012-11-24 03:00:00,19.66391540398795
2012-11-24 04:00:00,7.54011373865973
2012-11-24 05:00:00,5.942034507459229
2012-11-24 06:00:00,17.33390614989385
2012-11-24 07:00:00,60.08477233414678
2012-11-24 08:00:00,133.3969034570978
2012-11-24 09:00:00,180.0595619505204
2012-11-24 10:00:00,237.1079967086915
2012-11-24 11:00:00,283.89191226272226
2012-11-24 12:00:00,296.916186155703
2012-11-24 13:00:00,367.88565048197495
2012-11-24 14:00:00,344.03437220964645
2012-11-24 15:00:00,303.6125280974476
2012-11-24 16:00:00,281.56211045559127
2012-11-24 17:00:00,258.0937303459583
2012-11-24 18:00:00,236.3823362101324
2012-11-24 19:00:00,185.44731200358189
2012-11-24 20:00:00,141.2967168429073
2012-11-24 21:00:00,118.22805742031852
2012-11-24 22:00:00,100.37069764216861
2012-11-24 23:00:00,80.88460280531947
2012-11-25 00:00:00,112.56935765506532
2012-11-25 01:00:00,113.28222043484007
2012-11-25 02:00:00,46.10341940502515
2012-11-25 03:00:00,22.913743825846097
2012-11-25 04:00:00,7.096946024897076
2012-11-25 05:00:00,7.4685187136912
2012-11-25 06:00:00,15.894088993774398
2012-11-25 07:00:00,47.790324576100936
2012-11-25 08:00:00,113.20017786743497
2012-11-25 09:00:00,156.53763837895366
2012-11-25 10:00:00,214.92093706434014
2012-11-25 11:00:00,256.1342804072869
2012-11-25 12:00:00,274.5105024226299
2012-11-25 13:00:00,276.1984734813011
2012-11-25 14:00:00,296.0061948157515
2012-11-25 15:00:00,295.8301099980938
2012-11-25 16:00:00,292.1563012365301
2012-11-25 17:00:00,224.3839204512522
2012-11-25 18:00:00,195.88196395115602
2012-11-25 19:00:00,164.68581669931837
2012-11-25 20:00:00,120.96115377197805
2012-11-25 21:00:00,99.08581887953433
2012-11-25 22:00:00,78.78645833226616
2012-11-25 23:00:00,59.1293909658932
2012-11-26 00:00:00,22.03011599524745
2012-11-26 01:00:00,12.839318927187922
2012-11-26 02:00:00,6.798075702247773
2012-11-26 03:00:00,4.464508589433693
2012-11-26 04:00:00,6.888369229000249
2012-11-26 05:00:00,36.248978869202695
2012-11-26 06:00:00,137.314436315742
2012-11-26 07:00:00,359.77597425603585
2012-11-26 08:00:00,659.1460743484852
2012-11-26 09:00:00,304.86921883589685
2012-11-26 10:00:00,164.5117248601122
2012-11-26 11:00:00,195.40679493361262
2012-11-26 12:00:00,236.76729756613338
2012-11-26 13:00:00,236.4659337149542
2012-11-26 14:00:00,226.5621562100392
2012-11-26 15:00:00,236.06882552889704
2012-11-26 16:00:00,366.9122900358549
2012-11-26 17:00:00,554.0302344927493
2012-11-26 18:00:00,557.9977496730886
2012-11-26 19:00:00,367.3107246813676
2012-11-26 20:00:00,263.7145294045275
2012-11-26 21:00:00,193.01857257400283
2012-11-26 22:00:00,122.95430818207032
2012-11-26 23:00:00,79.98278048349817
2012-11-27 00:00:00,28.28632971622707
2012-11-27 01:00:00,13.539555110942644
2012-11-27 02:00:00,5.054564393053401
2012-11-27 03:00:00,3.9526952390945285
2012-11-27 04:00:00,5.978444479628723
2012-11-27 05:00:00,32.61742503616499
2012-11-27 06:00:00,132.5723568561608
2012-11-27 07:00:00,158.2801685715504
2012-11-27 08:00:00,221.55570512144877
2012-11-27 09:00:00,293.06063860717023
2012-11-27 10:00:00,133.61061456992215
2012-11-27 11:00:00,122.65920410334074
2012-11-27 12:00:00,133.43966327109217
2012-11-27 13:00:00,140.75889845915947
2012-11-27 14:00:00,134.194482475629
2012-11-27 15:00:00,177.16078124653257
2012-11-27 16:00:00,285.3478860553434
2012-11-27 17:00:00,447.1912397681477
2012-11-27 18:00:00,390.1949767253648
2012-11-27 19:00:00,322.33042947972945
2012-11-27 20:00:00,230.21350361968953
2012-11-27 21:00:00,133.8362277603135
2012-11-27 22:00:00,114.94434248297131
2012-11-27 23:00:00,78.80068728819957
2012-11-28 00:00:00,22.558456564498865
2012-11-28 01:00:00,19.019867642113457
2012-11-28 02:00:00,8.285294796030032
2012-11-28 03:00:00,3.512331948976785
2012-11-28 04:00:00,6.569915228489761
2012-11-28 05:00:00,35.09510439237248
2012-11-28 06:00:00,133.27442246780646
2012-11-28 07:00:00,369.8231595842749
2012-11-28 08:00:00,668.7902764766122
2012-11-28 09:00:00,323.1812646711218
2012-11-28 10:00:00,159.2624180527623
2012-11-28 11:00:00,184.92082149744877
2012-11-28 12:00:00,204.21252716044052
2012-11-28 13:00:00,226.2683003828906
2012-11-28 14:00:00,225.50797891233776
2012-11-28 15:00:00,234.6201248453085
2012-11-28 16:00:00,345.2980587750809
2012-11-28 17:00:00,551.616194484362
2012-11-28 18:00:00,530.4784290039306
2012-11-28 19:00:00,366.8530084962422
2012-11-28 20:00:00,251.65311501912657
2012-11-28 21:00:00,178.85754154176144
2012-11-28 22:00:00,116.99945083702684
2012-11-28 23:00:00,78.76192750043231
2012-11-29 00:00:00,28.806638229399834
2012-11-29 01:00:00,17.35608967494938
2012-11-29 02:00:00,6.474027373886782
2012-11-29 04:00:00,5.511720012363121
2012-11-29 05:00:00,34.0643131985127
2012-11-29 06:00:00,134.4584608525217
2012-11-29 07:00:00,359.14438910216006
2012-11-29 08:00:00,635.7654265826267
2012-11-29 09:00:00,310.7797015750782
2012-11-29 10:00:00,164.63524295022196
2012-11-29 11:00:00,191.61477842434613
2012-11-29 12:00:00,235.3404885990892
2012-11-29 13:00:00,235.62551441072594
2012-11-29 14:00:00,222.38327905194575
2012-11-29 15:00:00,250.63252488604454
2012-11-29 16:00:00,355.31902349687124
2012-11-29 17:00:00,572.8944123833709
2012-11-29 18:00:00,548.1069711007235
2012-11-29 19:00:00,376.2229297868066
2012-11-29 20:00:00,259.87056644068423
2012-11-29 21:00:00,154.9259650386034
2012-11-29 22:00:00,141.52921414075425
2012-11-29 23:00:00,120.31960057706249
2012-11-30 00:00:00,41.1516719462892
2012-11-30 01:00:00,21.80134220702928
2012-11-30 02:00:00,10.367780499421144
2012-11-30 03:00:00,6.408812453994516
2012-11-30 04:00:00,7.516528857974919
2012-11-30 05:00:00,31.414864222460405
2012-11-30 06:00:00,126.42666776673184
2012-11-30 07:00:00,340.35497786993903
2012-11-30 08:00:00,565.775325844983
2012-11-30 09:00:00,309.88637027408424
2012-11-30 10:00:00,182.13625558790756
2012-11-30 11:00:00,195.77685899581044
2012-11-30 12:00:00,270.0357930711643
2012-11-30 13:00:00,272.6489715831186
2012-11-30 14:00:00,261.4099123998899
2012-11-30 15:00:00,266.3010786550669
2012-11-30 16:00:00,395.87586763640877
2012-11-30 17:00:00,567.5844076111653
2012-11-30 18:00:00,490.27130030697117
2012-11-30 19:00:00,350.7991968534753
2012-11-30 20:00:00,248.5438397961382
2012-11-30 21:00:00,186.61000373241302
2012-11-30 22:00:00,149.59629547919218
2012-11-30 23:00:00,131.7860021662734
2012-12-20 00:00:00,42.40116450021628
2012-12-20 01:00:00,17.450288364863155
2012-12-20 02:00:00,6.734108263573884
2012-12-20 03:00:00,3.292921226666558
2012-12-20 04:00:00,5.862993218798241
2012-12-20 05:00:00,35.447962809075264
2012-12-20 06:00:00,129.21627878053056
2012-12-20 07:00:00,358.88297722569746
2012-12-20 08:00:00,617.516268248903
2012-12-20 09:00:00,297.4192343930093
2012-12-20 10:00:00,166.10665939203432
2012-12-20 11:00:00,176.6431921020554
2012-12-20 12:00:00,226.76616679353174
2012-12-20 13:00:00,227.27431418857387
2012-12-20 14:00:00,223.07691351305417
2012-12-20 15:00:00,231.1631071768617
2012-12-20 16:00:00,325.21156026021845
2012-12-20 17:00:00,546.4542836402383
2012-12-20 18:00:00,516.7927633403815
2012-12-20 19:00:00,294.3808886868592
2012-12-20 20:00:00,203.16118438451628
2012-12-20 21:00:00,112.28847937821428
2012-12-20 22:00:00,75.74967046804976
2012-12-20 23:00:00,92.2798199239922
2012-12-21 00:00:00,42.372617069895014
2012-12-21 01:00:00,19.30027890029381
2012-12-21 02:00:00,8.244177851003071
2012-12-21 03:00:00,5.163320246607918
2012-12-21 04:00:00,8.13083293620078
2012-12-21 05:00:00,31.515005368835777
2012-12-21 06:00:00,103.56439925688474
2012-12-21 07:00:00,325.46620343505776
2012-12-21 08:00:00,587.9286972195196
2012-12-21 09:00:00,288.87952153577027
2012-12-21 10:00:00,171.003196327457
2012-12-21 11:00:00,184.0622845381332
2012-12-21 12:00:00,193.92293151113083
2012-12-21 13:00:00,194.14182792692577
2012-12-21 14:00:00,188.9642382367643
2012-12-21 15:00:00,192.1804210522298
2012-12-21 16:00:00,277.3744806762006
2012-12-21 17:00:00,417.1012366546545
2012-12-21 18:00:00,406.0357307567873
2012-12-21 19:00:00,296.5057820811804
2012-12-21 20:00:00,206.02261663482258
2012-12-21 21:00:00,134.24002060234744
2012-12-21 22:00:00,99.51960914395907
2012-12-21 23:00:00,81.55179763805448
2012-12-22 00:00:00,106.63660587901265
2012-12-22 01:00:00,102.09273745646074
2012-12-22 02:00:00,45.964304594807494
2012-12-22 03:00:00,20.11792807275268
2012-12-22 04:00:00,6.824565075107402
2012-12-22 05:00:00,4.792489033141376
2012-12-22 06:00:00,13.359135302872867
2012-12-22 07:00:00,48.12656323908318
2012-12-22 08:00:00,121.02781749887325
2012-12-22 09:00:00,162.1268903423839
2012-12-22 10:00:00,224.34844568985125
2012-12-22 11:00:00,263.3311686186653
2012-12-22 12:00:00,273.286224811461
2012-12-22 13:00:00,326.72633254462073
2012-12-22 14:00:00,320.70812543444293
2012-12-22 15:00:00,289.0879887956781
2012-12-22 16:00:00,254.453833929577
2012-12-22 17:00:00,225.51308970398696
2012-12-22 18:00:00,210.12024997531717
2012-12-22 19:00:00,158.54481114893292
2012-12-22 20:00:00,120.33999435751099
2012-12-22 21:00:00,95.49502529768961
2012-12-22 22:00:00,73.89751167937855
2012-12-22 23:00:00,64.6286889642564
2012-12-23 00:00:00,111.1889318687227
2012-12-23 01:00:00,108.46420002253453
2012-12-23 02:00:00,49.26095479196035
2012-12-23 03:00:00,23.47411667162176
2012-12-23 04:00:00,7.763262469850687
2012-12-23 05:00:00,4.892122341288989
2012-12-23 06:00:00,9.91225876186046
2012-12-23 07:00:00,37.51255637212401
2012-12-23 08:00:00,95.60570393314688
2012-12-23 09:00:00,138.4856349336629
2012-12-23 10:00:00,193.00186874163091
2012-12-23 11:00:00,228.24757435437553
2012-12-23 12:00:00,279.9327173015839
2012-12-23 13:00:00,333.09783568307853
2012-12-23 14:00:00,345.65081500836396
2012-12-23 15:00:00,348.6545609084794
2012-12-23 16:00:00,326.04931296186743
2012-12-23 17:00:00,271.68573044596707
2012-12-23 18:00:00,209.72166009172687
2012-12-23 19:00:00,160.78837186850234
2012-12-23 20:00:00,115.99798221298232
2012-12-23 21:00:00,87.17319884118868
2012-12-23 22:00:00,64.1658443947606
2012-12-23 23:00:00,58.007644453097534
2012-12-24 00:00:00,22.462556984532654
2012-12-24 01:00:00,10.552781996514515
2012-12-24 02:00:00,5.924693285832921
2012-12-24 03:00:00,5.08099200055171
2012-12-24 05:00:00,27.080064170653355
2012-12-24 06:00:00,108.1001835832679
2012-12-24 07:00:00,309.42073378580506
2012-12-24 08:00:00,557.2099243071832
2012-12-24 09:00:00,263.84069340202376
2012-12-24 10:00:00,143.27542829183358
2012-12-24 11:00:00,141.76795970813595
2012-12-24 12:00:00,159.2208546729978
2012-12-24 13:00:00,111.60145806455124
2012-12-24 14:00:00,112.741832661078
2012-12-24 15:00:00,120.62450270303354
2012-12-24 16:00:00,167.98041964196335
2012-12-24 17:00:00,262.87477870294236
2012-12-24 18:00:00,272.04245294453136
2012-12-24 19:00:00,247.17897578955146
2012-12-24 20:00:00,173.9872590240463
2012-12-24 21:00:00,100.04066507247487
2012-12-24 22:00:00,105.24658868999778
2012-12-24 23:00:00,72.6449584802626
2012-12-25 00:00:00,21.067080000130666
2012-12-25 01:00:00,26.55184279087833
2012-12-25 02:00:00,20.2465238986242
2012-12-25 04:00:00,6.1598369933515675
2012-12-25 05:00:00,7.090207962153767
2012-12-25 06:00:00,24.844812788203882
2012-12-25 07:00:00,69.44375432248388
2012-12-25 08:00:00,174.22837685877437
2012-12-25 09:00:00,185.45901906051927
2012-12-25 10:00:00,207.47006595873617
2012-12-25 11:00:00,223.69836276806157
2012-12-25 12:00:00,263.5066798156325
2012-12-25 13:00:00,307.90612957540316
2012-12-25 14:00:00,300.59845170845716
2012-12-25 15:00:00,286.7637224834448
2012-12-25 16:00:00,312.63863397737873
2012-12-25 17:00:00,343.26476928755017
2012-12-25 18:00:00,324.3969947328174
2012-12-25 19:00:00,250.7526214749057
2012-12-25 20:00:00,181.1704343338891
2012-12-25 21:00:00,124.13971944826922
2012-12-25 22:00:00,102.51348796595535
2012-12-25 23:00:00,63.5200786811046
2012-12-26 00:00:00,23.972518718585206
2012-12-26 01:00:00,14.52840687183758
2012-12-26 02:00:00,6.82607322076215
2012-12-26 03:00:00,3.8529629416494156
2012-12-26 04:00:00,5.994332711944761
2012-12-26 05:00:00,31.750775782117614
2012-12-26 06:00:00,109.78646849306719
2012-12-26 07:00:00,149.4156700659389
2012-12-26 08:00:00,225.24768011205856
2012-12-26 09:00:00,158.5439571222588
2012-12-26 10:00:00,101.92761286669466
2012-12-26 11:00:00,104.23807148862068
2012-12-26 12:00:00,109.46441366488139
2012-12-26 13:00:00,107.07967504134355
2012-12-26 14:00:00,112.9770557959092
2012-12-26 15:00:00,118.15366654150823
2012-12-26 16:00:00,160.8180262692764
2012-12-26 17:00:00,249.85210963110262
2012-12-26 18:00:00,257.248211520208
2012-12-26 19:00:00,226.9160991407935
2012-12-26 20:00:00,149.40753292176774
2012-12-26 21:00:00,130.40076890815817
2012-12-26 22:00:00,69.19925318678249
2012-12-26 23:00:00,68.46524664091466
2012-12-27 00:00:00,20.30103654204351
2012-12-27 01:00:00,7.297285309403747
2012-12-27 02:00:00,6.374264490330971
2012-12-27 03:00:00,4.427461329751999
2012-12-27 04:00:00,5.2971123629593375
2012-12-27 05:00:00,31.712015137403696
2012-12-27 06:00:00,98.60481574320123
2012-12-27 07:00:00,335.1158492779838
2012-12-27 08:00:00,582.1817709848287
2012-12-27 09:00:00,294.02809281421895
2012-12-27 10:00:00,150.79146050960406
2012-12-27 11:00:00,157.58295639850996
2012-12-27 12:00:00,182.69442357290927
2012-12-27 13:00:00,180.86841845737305
2012-12-27 14:00:00,163.5903223252109
2012-12-27 15:00:00,169.96480850352475
2012-12-27 16:00:00,257.09699430810593
2012-12-27 17:00:00,421.47929021884863
2012-12-27 18:00:00,415.5865151399839
2012-12-27 19:00:00,297.2057172245059
2012-12-27 20:00:00,210.46765771989888
2012-12-27 21:00:00,125.6250989466145
2012-12-27 22:00:00,97.20120828418071
2012-12-27 23:00:00,80.585753711116
2012-12-28 00:00:00,35.88301657046324
2012-12-28 01:00:00,18.502438176748473
2012-12-28 02:00:00,10.7484511962755
2012-12-28 03:00:00,5.566505801863933
2012-12-28 04:00:00,6.711228904299911
2012-12-28 05:00:00,31.56462984453228
2012-12-28 06:00:00,107.07858744786643
2012-12-28 07:00:00,310.8409802129417
2012-12-28 08:00:00,580.946602693279
2012-12-28 09:00:00,285.49766491524554
2012-12-28 10:00:00,161.63013077622122
2012-12-28 11:00:00,172.11563146876034
2012-12-28 12:00:00,192.54400768696547
2012-12-28 13:00:00,191.93733576687373
2012-12-28 14:00:00,189.5805925180699
2012-12-28 15:00:00,206.43006451082593
2012-12-28 16:00:00,277.1488663649932
2012-12-28 17:00:00,427.76561919368316
2012-12-28 18:00:00,395.1979887012561
2012-12-28 19:00:00,295.9121486263167
2012-12-28 20:00:00,200.86056260839376
2012-12-28 21:00:00,127.02341114109113
2012-12-28 22:00:00,102.16165700605647
2012-12-28 23:00:00,84.4941839077096
2012-12-29 00:00:00,103.19773301496322
2012-12-29 01:00:00,100.60421463197936
2012-12-29 02:00:00,52.70713974470819
2012-12-29 03:00:00,22.38165423745638
2012-12-29 04:00:00,6.715737093130566
2012-12-29 05:00:00,4.95141361155138
2012-12-29 06:00:00,12.344085811556518
2012-12-29 07:00:00,46.993876327122805
2012-12-29 08:00:00,112.63179967253579
2012-12-29 09:00:00,171.64475084335672
2012-12-29 10:00:00,155.07983894224668
2012-12-29 11:00:00,164.18873180669357
2012-12-29 12:00:00,163.68929434564012
2012-12-29 13:00:00,165.296726849278
2012-12-29 14:00:00,232.0810576394735
2012-12-29 15:00:00,222.41232283641415
2012-12-29 16:00:00,247.59702812609052
2012-12-29 17:00:00,207.96289603248536
2012-12-29 18:00:00,198.45575620013994
2012-12-29 19:00:00,173.15525225958132
2012-12-29 20:00:00,132.02019731670975
2012-12-29 21:00:00,78.53603483773958
2012-12-29 22:00:00,68.56397582500755
2012-12-29 23:00:00,82.03747529889483
2012-12-30 00:00:00,111.38003218060696
2012-12-30 01:00:00,104.2665582122483
2012-12-30 02:00:00,48.43369674447766
2012-12-30 03:00:00,21.443336822703415
2012-12-30 04:00:00,6.905232609580321
2012-12-30 05:00:00,5.038513209867613
2012-12-30 06:00:00,10.05337298809301
2012-12-30 07:00:00,34.67332664051256
2012-12-30 08:00:00,99.42435532397579
2012-12-30 09:00:00,137.73323475893852
2012-12-30 10:00:00,208.33113808497228
2012-12-30 11:00:00,240.71922882289306
2012-12-30 12:00:00,254.00524309863232
2012-12-30 13:00:00,262.45143895265807
2012-12-30 14:00:00,262.44223624544315
2012-12-30 15:00:00,246.17257314197857
2012-12-30 16:00:00,231.84780439480545
2012-12-30 17:00:00,205.8350322220242
2012-12-30 18:00:00,180.20578413189565
2012-12-30 19:00:00,182.51409766352225
2012-12-30 20:00:00,107.21453870967784
2012-12-30 21:00:00,71.64928425718774
2012-12-30 22:00:00,57.84846698298096
2012-12-30 23:00:00,47.04175697973602
2012-12-31 00:00:00,22.023924960990403
2012-12-31 01:00:00,10.5524172636772
2012-12-31 02:00:00,9.359548785634125
2012-12-31 03:00:00,4.536109706106971
2012-12-31 04:00:00,6.622644321069675
2012-12-31 05:00:00,27.655041811084594
2012-12-31 06:00:00,106.72610263500299
2012-12-31 07:00:00,309.6333194800937
2012-12-31 08:00:00,534.7262675731308
2012-12-31 09:00:00,256.05230597924157
2012-12-31 10:00:00,139.5252652596722
2012-12-31 11:00:00,142.58622024305973
2012-12-31 12:00:00,151.97496661753584
2012-12-31 13:00:00,161.50141218481548
2012-12-31 14:00:00,162.34863982377556
2012-12-31 15:00:00,169.05832067352287
2012-12-31 16:00:00,245.63856367798883
2012-12-31 17:00:00,415.6495859333556
2012-12-31 18:00:00,401.47155595974385
2012-12-31 19:00:00,298.49186240759326
2012-12-31 20:00:00,206.9051527857782
2012-12-31 21:00:00,124.37075188916386
2012-12-31 22:00:00,100.292495184909
2012-12-31 23:00:00,61.041459783186404
