datetime,count
2011-01-20 00:00:00,9.235901408347306
2011-01-20 01:00:00,4.11366363200859
2011-01-20 02:00:00,2.972977627728694
2011-01-20 03:00:00,2.760853723062622
2011-01-20 04:00:00,2.2085414413413877
2011-01-20 05:00:00,6.77864485245173
2011-01-20 06:00:00,27.648590163108793
2011-01-20 07:00:00,89.29522331908402
2011-01-20 08:00:00,181.7768462008662
2011-01-20 09:00:00,113.82443947945205
2011-01-20 10:00:00,48.15635722969492
2011-01-20 11:00:00,51.55463205531356
2011-01-20 12:00:00,66.44636892614865
2011-01-20 13:00:00,61.06034838975018
2011-01-20 14:00:00,60.74621460823474
2011-01-20 15:00:00,67.20123313817106
2011-01-20 16:00:00,81.25587478357662
2011-01-20 17:00:00,182.38991166998437
2011-01-20 18:00:00,166.00071895374424
2011-01-20 19:00:00,99.40078699930214
2011-01-20 20:00:00,75.91045463531967
2011-01-20 21:00:00,48.942100646758945
2011-01-20 22:00:00,39.39249750467569
2011-01-20 23:00:00,17.03175527385903
2011-01-21 00:00:00,14.738588922187624
2011-01-21 01:00:00,6.653199951101904
2011-01-21 02:00:00,3.4157691118509352
2011-01-21 03:00:00,2.7290889019406097
2011-01-21 04:00:00,1.9497752119990062
2011-01-21 05:00:00,5.299554501502576
2011-01-21 06:00:00,21.905765886961063
2011-01-21 07:00:00,92.63235232931076
2011-01-21 08:00:00,175.17818899965087
2011-01-21 09:00:00,105.76085761402075
2011-01-21 10:00:00,22.02293363376184
2011-01-21 11:00:00,27.95119918115907
2011-01-21 12:00:00,63.32507104112329
2011-01-21 13:00:00,62.518076336834646
2011-01-21 14:00:00,52.81360365370289
2011-01-21 15:00:00,58.353043114474296
2011-01-21 16:00:00,68.26329749328944
2011-01-21 17:00:00,166.08386024337688
2011-01-21 18:00:00,143.4787350587053
2011-01-21 19:00:00,55.204665581404626
2011-01-21 20:00:00,37.47760223331391
2011-01-21 21:00:00,20.81309280601422
2011-01-21 22:00:00,19.36402156970555
2011-01-21 23:00:00,21.262381065335102
2011-01-22 00:00:00,21.98927879878159
2011-01-22 01:00:00,15.622638951901664
2011-01-22 02:00:00,11.711874792953784
2011-01-22 03:00:00,4.9083389947804825
2011-01-22 04:00:00,2.084296312714036
2011-01-22 06:00:00,4.295451803530841
2011-01-22 07:00:00,6.310481448942676
2011-01-22 08:00:00,21.773421814287957
2011-01-22 09:00:00,21.214286200415373
2011-01-22 10:00:00,55.73166307788692
2011-01-22 11:00:00,58.257468224630806
2011-01-22 12:00:00,81.26242158750082
2011-01-22 13:00:00,98.63184977423063
2011-01-22 14:00:00,83.50972911142425
2011-01-22 15:00:00,88.57342341857603
2011-01-22 16:00:00,82.02667356069476
2011-01-22 17:00:00,82.72936750005331
2011-01-22 18:00:00,52.788534312211326
2011-01-22 19:00:00,42.36500365839004
2011-01-22 20:00:00,23.18108871352727
2011-01-22 21:00:00,23.57644341309377
2011-01-22 22:00:00,23.287876258852485
2011-01-22 23:00:00,16.09116330253553
2011-01-23 00:00:00,20.603941085413616
2011-01-23 01:00:00,15.467349370474487
2011-01-23 02:00:00,13.024550272052933
2011-01-23 03:00:00,6.802821537634706
2011-01-23 05:00:00,1.839591814676757
2011-01-23 06:00:00,3.610384920296843
2011-01-23 07:00:00,6.959172675339869
2011-01-23 08:00:00,16.33878950351502
2011-01-23 09:00:00,18.64133018960103
2011-01-23 10:00:00,52.2092241938811
2011-01-23 11:00:00,58.728129828351754
2011-01-23 12:00:00,75.91700635283989
2011-01-23 13:00:00,78.09702280557414
2011-01-23 14:00:00,78.50632366803679
2011-01-23 15:00:00,77.29373088102696
2011-01-23 16:00:00,80.12701182299082
2011-01-23 17:00:00,57.84608701402472
2011-01-23 18:00:00,51.2356320030331
2011-01-23 19:00:00,41.525707225666245
2011-01-23 20:00:00,22.357714996528763
2011-01-23 21:00:00,22.08738928169681
2011-01-23 22:00:00,16.98738469077972
2011-01-23 23:00:00,12.928393266122743
2011-01-24 00:00:00,6.520156170934569
2011-01-24 01:00:00,3.5453243728389134
2011-01-24 03:00:00,2.034898824491206
2011-01-24 04:00:00,2.1309084571670733
2011-01-24 05:00:00,5.188347642547789
2011-01-24 06:00:00,25.476769256180496
2011-01-24 07:00:00,69.20300402502771
2011-01-24 08:00:00,168.26040544922952
2011-01-24 09:00:00,95.73656938955011
2011-01-24 10:00:00,22.16107579520252
2011-01-24 11:00:00,20.524389697168985
2011-01-24 12:00:00,21.743785276434156
2011-01-24 13:00:00,22.757192404330286
2011-01-24 14:00:00,22.307696823678313
2011-01-24 15:00:00,23.802090216098385
2011-01-24 16:00:00,69.84489863574636
2011-01-24 17:00:00,159.73554912607736
2011-01-24 18:00:00,152.11306266027475
2011-01-24 19:00:00,90.89687757966563
2011-01-24 20:00:00,58.8561015906499
2011-01-24 21:00:00,21.8412800572755
2011-01-24 22:00:00,20.539773298648353
2011-01-24 23:00:00,14.660965340321354
2011-01-25 00:00:00,8.261093771458503
2011-01-25 01:00:00,3.9509143803255404
2011-01-25 02:00:00,2.79809263994012
2011-01-25 04:00:00,2.0184272709311886
2011-01-25 05:00:00,5.544844943582933
2011-01-25 06:00:00,27.893853733831122
2011-01-25 07:00:00,79.02086627948165
2011-01-25 08:00:00,161.41354215235532
2011-01-25 09:00:00,111.09065413850087
2011-01-25 10:00:00,40.66699330537151
2011-01-25 11:00:00,44.79675860607617
2011-01-25 12:00:00,60.676487453462755
2011-01-25 13:00:00,61.429410058380086
2011-01-25 14:00:00,61.22437928529295
2011-01-25 15:00:00,67.84262129218031
2011-01-25 16:00:00,96.57625716816403
2011-01-25 17:00:00,192.26369212624303
2011-01-25 18:00:00,176.0458051930559
2011-01-25 19:00:00,106.39532242797821
2011-01-25 20:00:00,73.77712451715915
2011-01-25 21:00:00,50.28082756585542
2011-01-25 22:00:00,36.32262211678008
2011-01-25 23:00:00,15.144830201973797
2011-01-26 00:00:00,8.475952854111226
2011-01-26 01:00:00,3.984968420513993
2011-01-26 02:00:00,2.9753982623991306
2011-01-26 05:00:00,4.812049580915824
2011-01-26 06:00:00,20.774349094543794
2011-01-26 07:00:00,48.676449123398264
2011-01-26 08:00:00,104.22917307299778
2011-01-26 09:00:00,45.45705042927429
2011-01-26 10:00:00,21.206625246246197
2011-01-26 11:00:00,18.459541240032117
2011-01-26 12:00:00,20.392337839271512
2011-01-26 13:00:00,18.084747041499302
2011-01-26 14:00:00,17.842688357380432
2011-01-26 15:00:00,16.13615248554388
2011-01-26 16:00:00,46.123556962543475
2011-01-26 17:00:00,101.00559509698218
2011-01-27 16:00:00,74.84350465368311
2011-01-27 17:00:00,163.43436075751438
2011-01-27 18:00:00,155.11205844408389
2011-01-27 19:00:00,99.42997656387874
2011-01-27 20:00:00,73.58394585162078
2011-01-27 21:00:00,30.439943825832614
2011-01-27 22:00:00,29.69248945354897
2011-01-27 23:00:00,16.698682058500545
2011-01-28 00:00:00,14.358135503598083
2011-01-28 01:00:00,7.543498547044509
2011-01-28 02:00:00,3.0641617016730867
2011-01-28 03:00:00,2.406940117110612
2011-01-28 05:00:00,7.115925730684398
2011-01-28 06:00:00,22.006516907593056
2011-01-28 07:00:00,90.13936652864942
2011-01-28 08:00:00,165.25230419397917
2011-01-28 09:00:00,54.17360138613228
2011-01-28 10:00:00,23.414298185954035
2011-01-28 11:00:00,28.38650044994893
2011-01-28 12:00:00,46.23704570868282
2011-01-28 13:00:00,49.42356101956882
2011-01-28 14:00:00,48.00840082328466
2011-01-28 15:00:00,78.650625067356
2011-01-28 16:00:00,89.9871345587976
2011-01-28 17:00:00,163.73576843222608
2011-01-28 18:00:00,144.95791979739369
2011-01-28 19:00:00,82.37196593949183
2011-01-28 20:00:00,62.32093750981064
2011-01-28 21:00:00,37.39659535554569
2011-01-28 22:00:00,38.34576866950587
2011-01-28 23:00:00,23.36898321857084
2011-01-29 00:00:00,23.318644525029008
2011-01-29 01:00:00,17.439551369992657
2011-01-29 02:00:00,14.84518680781909
2011-01-29 03:00:00,8.96834370402525
2011-01-29 04:00:00,2.3996914583547353
2011-01-29 06:00:00,5.456944680909958
2011-01-29 07:00:00,9.171965380523435
2011-01-29 08:00:00,23.59003654495951
2011-01-29 09:00:00,28.020201003338773
2011-01-29 10:00:00,67.76560451569654
2011-01-29 11:00:00,70.22209101853205
2011-01-29 12:00:00,85.95716934717436
2011-01-29 13:00:00,100.6624653167692
2011-01-29 14:00:00,94.44290837588544
2011-01-29 15:00:00,90.99186412204993
2011-01-29 16:00:00,102.11235085160492
2011-01-29 17:00:00,88.66297292179296
2011-01-29 18:00:00,74.282586816842
2011-01-29 19:00:00,65.49135661652915
2011-01-29 20:00:00,31.204228065866875
2011-01-29 21:00:00,29.781807859216038
2011-01-29 22:00:00,22.84782825646346
2011-01-29 23:00:00,17.514963627526747
2011-01-30 00:00:00,22.16687490158829
2011-01-30 01:00:00,16.650585773333027
2011-01-30 02:00:00,14.483864111521328
2011-01-30 03:00:00,8.161898573191403
2011-01-30 04:00:00,3.0415997571301987
2011-01-30 05:00:00,2.638978635756978
2011-01-30 07:00:00,8.477523305516861
2011-01-30 08:00:00,19.312285775068037
2011-01-30 09:00:00,27.170537895230005
2011-01-30 10:00:00,72.11426954287269
2011-01-30 11:00:00,81.30345610167737
2011-01-30 12:00:00,103.61659741469937
2011-01-30 13:00:00,106.07348437328389
2011-01-30 14:00:00,103.62141194571973
2011-01-30 15:00:00,112.8877627396576
2011-01-30 16:00:00,113.02630395506436
2011-01-30 17:00:00,86.79111570187582
2011-01-30 18:00:00,76.78884706107895
2011-01-30 19:00:00,66.68110867230122
2011-01-30 20:00:00,39.69967521596471
2011-01-30 21:00:00,34.68948292122536
2011-01-30 22:00:00,19.27684054150837
2011-01-30 23:00:00,13.761584498203982
2011-01-31 00:00:00,7.499169651915466
2011-01-31 01:00:00,3.332996467836917
2011-01-31 02:00:00,2.6512671626246362
2011-01-31 03:00:00,2.3313212414649813
2011-01-31 04:00:00,1.8513828342601582
2011-01-31 05:00:00,4.108598235613678
2011-01-31 06:00:00,26.359199337262222
2011-01-31 07:00:00,74.77924271538907
2011-01-31 08:00:00,161.85345700661517
2011-01-31 09:00:00,85.23215577138708
2011-01-31 10:00:00,22.341354566168867
2011-01-31 11:00:00,20.99785641515015
2011-01-31 12:00:00,30.818722222934145
2011-01-31 13:00:00,32.470872255556635
2011-01-31 14:00:00,27.928160921122377
2011-01-31 15:00:00,23.11526397673866
2011-01-31 16:00:00,72.24036579312485
2011-01-31 17:00:00,152.14091376689368
2011-01-31 18:00:00,150.9942181671817
2011-01-31 19:00:00,114.44243880698767
2011-01-31 20:00:00,61.835468048915594
2011-01-31 21:00:00,31.320392587433076
2011-01-31 22:00:00,22.165052738271875
2011-01-31 23:00:00,14.47611577931526
2011-02-20 00:00:00,24.133200678514672
2011-02-20 01:00:00,17.514534572072442
2011-02-20 02:00:00,13.689243719477702
2011-02-20 03:00:00,7.506859259200274
2011-02-20 04:00:00,2.269669843266804
2011-02-20 06:00:00,3.753206793725359
2011-02-20 07:00:00,8.614936411263104
2011-02-20 08:00:00,23.011626703059306
2011-02-20 09:00:00,34.12311732027915
2011-02-20 10:00:00,95.27568157391013
2011-02-20 11:00:00,114.49601916488326
2011-02-20 12:00:00,160.52506001664383
2011-02-20 13:00:00,184.78991260918065
2011-02-20 14:00:00,159.33103099027
2011-02-20 15:00:00,159.7464385072675
2011-02-20 16:00:00,146.01548544910912
2011-02-20 17:00:00,128.81043934770497
2011-02-20 18:00:00,99.35250069277225
2011-02-20 19:00:00,90.5712777453607
2011-02-20 20:00:00,55.13578709310775
2011-02-20 21:00:00,47.097247788258315
2011-02-20 22:00:00,43.7186124720602
2011-02-20 23:00:00,34.0645252773
2011-02-21 00:00:00,31.53144948605654
2011-02-21 01:00:00,25.33626453949625
2011-02-21 02:00:00,20.101852431132148
2011-02-21 03:00:00,6.340206651084864
2011-02-21 04:00:00,4.54135553257244
2011-02-21 05:00:00,5.216362873655392
2011-02-21 06:00:00,6.056347630506177
2011-02-21 07:00:00,12.653118979587315
2011-02-21 08:00:00,41.72123487071033
2011-02-21 09:00:00,59.044426587953055
2011-02-21 10:00:00,107.0541162054633
2011-02-21 11:00:00,119.71492425278645
2011-02-21 12:00:00,156.89972437595796
2011-02-21 13:00:00,75.84555144532168
2011-02-21 14:00:00,143.88937033337933
2011-02-21 15:00:00,139.08507442391507
2011-02-21 16:00:00,55.86570210253325
2011-02-21 17:00:00,104.03086066114751
2011-02-21 18:00:00,83.29403181165995
2011-02-21 19:00:00,77.55283695656522
2011-02-21 20:00:00,20.637920603199547
2011-02-21 21:00:00,20.345734249343067
2011-02-21 22:00:00,17.892188348054923
2011-02-21 23:00:00,12.476491665540063
2011-02-22 06:00:00,25.682701927078043
2011-02-22 07:00:00,99.9237997412508
2011-02-22 08:00:00,209.5410681021746
2011-02-22 09:00:00,114.18982126375043
2011-02-22 10:00:00,29.295897463283726
2011-02-22 11:00:00,34.54941608020555
2011-02-22 12:00:00,35.60539293949245
2011-02-22 13:00:00,46.21320197376873
2011-02-22 14:00:00,43.991915235633876
2011-02-22 15:00:00,54.250058124104775
2011-02-22 16:00:00,85.23795619394797
2011-02-22 17:00:00,203.61526079434947
2011-02-22 18:00:00,196.41986556117365
2011-02-22 19:00:00,109.34887641442211
2011-02-22 20:00:00,89.06124731294139
2011-02-22 21:00:00,34.33311757128155
2011-02-22 22:00:00,26.366583253690283
2011-02-22 23:00:00,17.850123215012143
2011-02-23 00:00:00,9.997573969446515
2011-02-23 01:00:00,4.6416171071631185
2011-02-23 02:00:00,2.5526754839135246
2011-02-23 03:00:00,1.7842465993385646
2011-02-23 05:00:00,6.929423537676051
2011-02-23 06:00:00,29.17204472634754
2011-02-23 07:00:00,102.07399911480809
2011-02-23 08:00:00,220.87197680489191
2011-02-23 09:00:00,122.34655019234403
2011-02-23 10:00:00,40.62455539805947
2011-02-23 11:00:00,50.15328520390433
2011-02-23 12:00:00,61.0641485798576
2011-02-23 13:00:00,67.67329386190126
2011-02-23 14:00:00,70.7016457103799
2011-02-23 15:00:00,79.6826014976455
2011-02-23 16:00:00,114.63047013009636
2011-02-23 17:00:00,244.36759704697658
2011-02-23 18:00:00,233.09271823159762
2011-02-23 19:00:00,135.57998981591658
2011-02-23 20:00:00,89.56954134078401
2011-02-23 21:00:00,59.02054805454318
2011-02-23 22:00:00,44.33074294344085
2011-02-23 23:00:00,24.812353414612797
2011-02-24 00:00:00,12.023091441752403
2011-02-24 01:00:00,5.338881270067549
2011-02-24 02:00:00,2.694021084629493
2011-02-24 03:00:00,2.0414159300538244
2011-02-24 05:00:00,7.7260496187135885
2011-02-24 06:00:00,29.68997235869659
2011-02-24 07:00:00,108.57564352857364
2011-02-24 08:00:00,242.095968309827
2011-02-24 09:00:00,120.04766495066981
2011-02-24 10:00:00,48.60351610945097
2011-02-24 11:00:00,59.788188873553715
2011-02-24 12:00:00,84.25902625378612
2011-02-24 13:00:00,86.06688365823827
2011-02-24 14:00:00,80.78292018540223
2011-02-24 15:00:00,20.675955239617263
2011-02-24 16:00:00,44.62940193266934
2011-02-24 17:00:00,112.54819429220174
2011-02-24 18:00:00,204.1867306351561
2011-02-24 19:00:00,55.324544356999276
2011-02-24 20:00:00,94.40955849205429
2011-02-24 21:00:00,65.66014863250855
2011-02-24 22:00:00,21.370223120061837
2011-02-24 23:00:00,28.9468395404534
2011-02-25 00:00:00,15.115568152524082
2011-02-25 01:00:00,7.195643208387698
2011-02-25 02:00:00,5.297842342859067
2011-02-25 03:00:00,3.1673304332769265
2011-02-25 05:00:00,6.875536931351783
2011-02-25 06:00:00,27.267316627699568
2011-02-25 07:00:00,41.19646057038598
2011-02-25 08:00:00,110.39448622619375
2011-02-25 09:00:00,41.21937764164713
2011-02-25 10:00:00,21.885192711297705
2011-02-25 11:00:00,114.21798942842237
2011-02-25 12:00:00,61.930318428617035
2011-02-25 13:00:00,61.94482334035335
2011-02-25 14:00:00,65.7445915694053
2011-02-25 15:00:00,165.08964486338772
2011-02-25 16:00:00,114.06890914376633
2011-02-25 17:00:00,223.68708171183067
2011-02-25 18:00:00,204.16481225637511
2011-02-25 19:00:00,107.19441648783351
2011-02-25 20:00:00,69.70370278256219
2011-02-25 21:00:00,48.519556770995
2011-02-25 22:00:00,42.768865895698156
2011-02-25 23:00:00,27.718367770271232
2011-02-26 00:00:00,29.225589129540655
2011-02-26 01:00:00,19.234172134515575
2011-02-26 02:00:00,14.599553564247465
2011-02-26 03:00:00,9.706688132138398
2011-02-26 04:00:00,2.9355951549498087
2011-02-26 05:00:00,2.4882713154868448
2011-02-26 06:00:00,5.83104479024068
2011-02-26 07:00:00,11.72564856074888
2011-02-26 08:00:00,36.34789757163425
2011-02-26 09:00:00,45.02716672987327
2011-02-26 10:00:00,99.66378281714039
2011-02-26 11:00:00,115.02638920117133
2011-02-26 12:00:00,159.64696654815353
2011-02-26 13:00:00,179.76053483256172
2011-02-26 14:00:00,147.42816157733165
2011-02-26 15:00:00,156.75837886251867
2011-02-26 16:00:00,145.3785606099182
2011-02-26 17:00:00,133.64578690687546
2011-02-26 18:00:00,105.40073804180089
2011-02-26 19:00:00,81.62708068103953
2011-02-26 20:00:00,55.64035048824042
2011-02-26 21:00:00,44.766814782435084
2011-02-26 22:00:00,45.3961492979964
2011-02-26 23:00:00,40.42886499681562
2011-02-27 00:00:00,29.55055334719865
2011-02-27 01:00:00,29.37233225145591
2011-02-27 02:00:00,20.766997692026738
2011-02-27 03:00:00,10.693553577328837
2011-02-27 04:00:00,3.306069321953968
2011-02-27 06:00:00,4.966485596263789
2011-02-27 07:00:00,10.534777135252362
2011-02-27 08:00:00,36.762855336045114
2011-02-27 09:00:00,42.616669125899875
2011-02-27 10:00:00,100.39389595470128
2011-02-27 11:00:00,138.12479946890932
2011-02-27 12:00:00,174.58066115583165
2011-02-27 13:00:00,195.91616083657019
2011-02-27 14:00:00,189.07550028471854
2011-02-27 15:00:00,216.60741730222588
2011-02-27 16:00:00,216.2057970337189
2011-02-27 17:00:00,150.18297105952874
2011-02-27 18:00:00,134.79050316000476
2011-02-27 19:00:00,126.90281491038081
2011-02-27 20:00:00,59.30672494456955
2011-02-27 21:00:00,56.530596566984684
2011-02-27 22:00:00,50.88483601028311
2011-02-27 23:00:00,38.317813008949656
2011-02-28 00:00:00,12.027841116155924
2011-02-28 01:00:00,3.984801368648186
2011-02-28 03:00:00,2.652983840849662
2011-02-28 05:00:00,6.513719920282938
2011-02-28 06:00:00,34.83339100296551
2011-02-28 07:00:00,109.51913054136412
2011-02-28 08:00:00,231.2420137466802
2011-02-28 09:00:00,119.32231093823407
2011-02-28 10:00:00,74.8030619070488
2011-02-28 11:00:00,80.82249815631621
2011-02-28 12:00:00,118.74860661873588
2011-02-28 13:00:00,32.287096876450974
2011-02-28 14:00:00,25.007589216212438
2011-02-28 15:00:00,25.82299589679129
2011-02-28 16:00:00,45.64461593986097
2011-02-28 17:00:00,104.5402223702157
2011-02-28 18:00:00,118.40644521391863
2011-02-28 19:00:00,56.02280986820859
2011-02-28 20:00:00,47.25341175770103
2011-02-28 21:00:00,66.16658888603992
2011-02-28 22:00:00,24.208635636794078
2011-02-28 23:00:00,25.966531029306264
2011-03-20 00:00:00,37.62986894825119
2011-03-20 01:00:00,32.28808625125559
2011-03-20 02:00:00,21.382240766436475
2011-03-20 03:00:00,10.491213528685597
2011-03-20 04:00:00,1.9649436694889848
2011-03-20 05:00:00,1.9585802633517893
2011-03-20 06:00:00,4.7274170595984195
2011-03-20 07:00:00,11.18615453974023
2011-03-20 08:00:00,38.16162109084782
2011-03-20 09:00:00,55.34937453667414
2011-03-20 10:00:00,119.77603609693817
2011-03-20 11:00:00,135.9501568542845
2011-03-20 12:00:00,183.7509690216093
2011-03-20 13:00:00,200.5903592636758
2011-03-20 14:00:00,175.03150903810436
2011-03-20 15:00:00,173.78667979539512
2011-03-20 16:00:00,157.02096359493632
2011-03-20 17:00:00,145.65351887608972
2011-03-20 18:00:00,126.5150599993327
2011-03-20 19:00:00,100.93692436074429
2011-03-20 20:00:00,72.93073536635146
2011-03-20 21:00:00,60.03207195192387
2011-03-20 22:00:00,47.76216855589185
2011-03-20 23:00:00,25.2320457766428
2011-03-21 00:00:00,9.045190706617761
2011-03-21 01:00:00,4.892471341897071
2011-03-21 02:00:00,3.746802972019996
2011-03-21 03:00:00,2.7348365072656917
2011-03-21 05:00:00,7.872199245814908
2011-03-21 06:00:00,31.531615070775334
2011-03-21 07:00:00,39.92930544357617
2011-03-21 08:00:00,256.8318226596812
2011-03-21 09:00:00,136.66620385637407
2011-03-21 10:00:00,71.75505886170117
2011-03-21 11:00:00,75.83031160459444
2011-03-21 12:00:00,90.57038424975622
2011-03-21 13:00:00,117.8232051463004
2011-03-21 14:00:00,100.32153055995322
2011-03-21 15:00:00,138.26278153336366
2011-03-21 16:00:00,159.1342224999779
2011-03-21 17:00:00,325.66865162844465
2011-03-21 18:00:00,301.7493700339994
2011-03-21 19:00:00,247.12857346106097
2011-03-21 20:00:00,159.25946141538992
2011-03-21 21:00:00,83.69584334228409
2011-03-21 22:00:00,67.11151123689493
2011-03-21 23:00:00,41.65781935880253
2011-03-22 00:00:00,18.458986303126274
2011-03-22 01:00:00,5.680308107188975
2011-03-22 02:00:00,6.332515792578759
2011-03-22 03:00:00,3.6603355165144773
2011-03-22 04:00:00,4.009584687087302
2011-03-22 05:00:00,9.672878183903363
2011-03-22 06:00:00,45.79654908133895
2011-03-22 07:00:00,158.45915116328354
2011-03-22 08:00:00,295.376704173825
2011-03-22 09:00:00,148.93989170155777
2011-03-22 10:00:00,78.51186527611735
2011-03-22 11:00:00,81.97384172596983
2011-03-22 12:00:00,106.01311925343373
2011-03-22 13:00:00,124.65200152064762
2011-03-22 14:00:00,97.89058407115206
2011-03-22 15:00:00,124.36365170633853
2011-03-22 16:00:00,163.0451719276561
2011-03-22 17:00:00,323.58845061641546
2011-03-22 18:00:00,309.26246650681423
2011-03-22 19:00:00,200.96328221462048
2011-03-22 20:00:00,146.7538873018322
2011-03-22 21:00:00,93.82031762655691
2011-03-22 22:00:00,81.00401057223809
2011-03-22 23:00:00,37.73867524503794
2011-03-23 00:00:00,10.628577448289427
2011-03-23 01:00:00,5.92457046171313
2011-03-23 02:00:00,3.7475481867020854
2011-03-23 03:00:00,2.9648300154478875
2011-03-23 05:00:00,7.503453010969052
2011-03-23 06:00:00,43.443705011409584
2011-03-23 07:00:00,96.65988369788845
2011-03-23 08:00:00,279.97348977444983
2011-03-23 09:00:00,140.04851233738745
2011-03-23 10:00:00,67.46126070567816
2011-03-23 11:00:00,63.05752718007889
2011-03-23 12:00:00,71.74084432952588
2011-03-23 13:00:00,41.794315614122766
2011-03-23 14:00:00,75.93453879890531
2011-03-23 15:00:00,93.82061214638247
2011-03-23 16:00:00,146.71811219491894
2011-03-23 17:00:00,285.4578355888696
2011-03-23 18:00:00,142.81030846239136
2011-03-23 19:00:00,72.91095402013913
2011-03-23 20:00:00,33.91825957862403
2011-03-23 21:00:00,34.712806557724434
2011-03-23 22:00:00,40.81063150949447
2011-03-23 23:00:00,27.806532387480424
2011-03-24 00:00:00,12.282634923901242
2011-03-24 01:00:00,4.484779856612046
2011-03-24 02:00:00,3.4245766869573733
2011-03-24 03:00:00,2.69355628752551
2011-03-24 04:00:00,2.410100842859234
2011-03-24 05:00:00,7.985974029047002
2011-03-24 06:00:00,41.203648158911165
2011-03-24 07:00:00,37.287378250965645
2011-03-24 08:00:00,96.50359345948324
2011-03-24 09:00:00,98.18777962571879
2011-03-24 10:00:00,44.0589701762138
2011-03-24 11:00:00,53.57348624559341
2011-03-24 12:00:00,64.21223586934087
2011-03-24 13:00:00,79.50129490322779
2011-03-24 14:00:00,69.31968202796465
2011-03-24 15:00:00,67.18870336849322
2011-03-24 16:00:00,111.97618725583689
2011-03-24 17:00:00,280.22678755742464
2011-03-24 18:00:00,268.65732176127545
2011-03-24 19:00:00,148.89367125269715
2011-03-24 20:00:00,104.41906348531512
2011-03-24 21:00:00,59.226545735305066
2011-03-24 22:00:00,50.79748239609508
2011-03-24 23:00:00,23.180717740698036
2011-03-25 00:00:00,16.646651016693585
2011-03-25 01:00:00,9.197782218939663
2011-03-25 02:00:00,3.543768749353076
2011-03-25 03:00:00,2.7459206856150127
2011-03-25 04:00:00,1.9447200759660797
2011-03-25 05:00:00,9.448674789973145
2011-03-25 06:00:00,28.745546080584887
2011-03-25 07:00:00,115.48317223334399
2011-03-25 08:00:00,269.73508832327104
2011-03-25 09:00:00,127.1444940738485
2011-03-25 10:00:00,60.42539013875794
2011-03-25 11:00:00,67.34283652697476
2011-03-25 12:00:00,113.00252805898057
2011-03-25 13:00:00,112.13828520369064
2011-03-25 14:00:00,107.50720670516043
2011-03-25 15:00:00,112.1927547131097
2011-03-25 16:00:00,139.3415572775108
2011-03-25 17:00:00,268.90995304043923
2011-03-25 18:00:00,249.5102022461665
2011-03-25 19:00:00,127.7132834636591
2011-03-25 20:00:00,87.55415018380891
2011-03-25 21:00:00,66.72314371422301
2011-03-25 22:00:00,49.06850294043708
2011-03-25 23:00:00,37.26143577117777
2011-03-26 00:00:00,31.01426455722236
2011-03-26 01:00:00,21.367597172835545
2011-03-26 02:00:00,17.336977426644218
2011-03-26 03:00:00,10.362016636236847
2011-03-26 04:00:00,2.489829932912401
2011-03-26 05:00:00,2.4572193986345945
2011-03-26 06:00:00,7.646908217473854
2011-03-26 07:00:00,12.338275501690426
2011-03-26 08:00:00,32.70347819977785
2011-03-26 09:00:00,56.394152938234804
2011-03-26 10:00:00,114.99665058523404
2011-03-26 11:00:00,131.58780954638263
2011-03-26 12:00:00,191.7686686226823
2011-03-26 13:00:00,202.27365303056223
2011-03-26 14:00:00,183.6773123866417
2011-03-26 15:00:00,183.81025203546287
2011-03-26 16:00:00,168.5500095982737
2011-03-26 17:00:00,137.3204013011515
2011-03-26 18:00:00,110.80557734981211
2011-03-26 19:00:00,99.56252557016755
2011-03-26 20:00:00,59.59327662110457
2011-03-26 21:00:00,50.2985360136147
2011-03-26 22:00:00,47.6311935628479
2011-03-26 23:00:00,30.576563126781718
2011-03-27 00:00:00,33.43045174705674
2011-03-27 01:00:00,19.22659524280964
2011-03-27 02:00:00,15.821536822989561
2011-03-27 03:00:00,8.481519147960062
2011-03-27 04:00:00,3.250841324966028
2011-03-27 06:00:00,6.682021815414472
2011-03-27 07:00:00,10.085304649532612
2011-03-27 08:00:00,24.30441405507947
2011-03-27 09:00:00,49.133800223586285
2011-03-27 10:00:00,113.70821586274549
2011-03-27 11:00:00,127.81341157602326
2011-03-27 12:00:00,180.20107379904297
2011-03-27 13:00:00,200.1608460194532
2011-03-27 14:00:00,181.32188619461903
2011-03-27 15:00:00,173.75999086602258
2011-03-27 16:00:00,170.38679265754456
2011-03-27 17:00:00,138.85734278123192
2011-03-27 18:00:00,115.5970919042232
2011-03-27 19:00:00,105.67225595590001
2011-03-27 20:00:00,59.661059748636
2011-03-27 21:00:00,45.65184766165193
2011-03-27 22:00:00,43.80841371717243
2011-03-27 23:00:00,33.46200181193383
2011-03-28 00:00:00,11.555650400403902
2011-03-28 01:00:00,4.748269385174852
2011-03-28 02:00:00,2.9597088329179937
2011-03-28 03:00:00,2.2041198189693594
2011-03-28 05:00:00,7.534935200268356
2011-03-28 06:00:00,32.60267782890094
2011-03-28 07:00:00,125.45221707310972
2011-03-28 08:00:00,271.38783929402234
2011-03-28 09:00:00,133.7616807820001
2011-03-28 10:00:00,56.53263870500018
2011-03-28 11:00:00,52.84695669771497
2011-03-28 12:00:00,62.37905988762376
2011-03-28 13:00:00,69.32470397991888
2011-03-28 14:00:00,76.53393410309116
2011-03-28 15:00:00,77.05115269366243
2011-03-28 16:00:00,125.63557879082693
2011-03-28 17:00:00,274.314249543942
2011-03-28 18:00:00,270.25056658718984
2011-03-28 19:00:00,158.76427899359237
2011-03-28 20:00:00,115.67009036365236
2011-03-28 21:00:00,76.29403672049743
2011-03-28 22:00:00,54.148029419840476
2011-03-28 23:00:00,27.881699543779376
2011-03-29 00:00:00,11.606013544019243
2011-03-29 01:00:00,3.748692619698341
2011-03-29 02:00:00,3.2076485671520296
2011-03-29 03:00:00,2.28460659261175
2011-03-29 04:00:00,1.9804503917864937
2011-03-29 05:00:00,7.84191209279029
2011-03-29 06:00:00,34.80994098039818
2011-03-29 07:00:00,127.93336300835722
2011-03-29 08:00:00,275.22427430653676
2011-03-29 09:00:00,137.01832138029351
2011-03-29 10:00:00,59.49234045462621
2011-03-29 11:00:00,70.26396567769409
2011-03-29 12:00:00,85.74585349575528
2011-03-29 13:00:00,80.54115371229682
2011-03-29 14:00:00,87.96221082214974
2011-03-29 15:00:00,99.16191257924288
2011-03-29 16:00:00,137.37168350473286
2011-03-29 17:00:00,284.4910075819541
2011-03-29 18:00:00,282.6646534876999
2011-03-29 19:00:00,162.77817957639914
2011-03-29 20:00:00,132.87881719254966
2011-03-29 21:00:00,82.44554414045625
2011-03-29 22:00:00,71.9920121147404
2011-03-29 23:00:00,31.471655382240233
2011-03-30 00:00:00,13.10158194575328
2011-03-30 01:00:00,7.152390952368345
2011-03-30 02:00:00,4.657332367474913
2011-03-30 03:00:00,3.41957570475892
2011-03-30 04:00:00,3.599273742709846
2011-03-30 05:00:00,9.131742207104855
2011-03-30 06:00:00,42.375400903750645
2011-03-30 07:00:00,138.73677781627254
2011-03-30 08:00:00,290.2372013317514
2011-03-30 09:00:00,140.73637347766126
2011-03-30 10:00:00,73.79085608611759
2011-03-30 11:00:00,76.67006480129973
2011-03-30 12:00:00,86.1693016308617
2011-03-30 13:00:00,94.28427311491306
2011-03-30 14:00:00,87.53686557872157
2011-03-30 15:00:00,30.306691417276067
2011-03-30 16:00:00,34.43226563219019
2011-03-30 17:00:00,135.56881633495178
2011-03-30 18:00:00,232.6319809685855
2011-03-30 19:00:00,124.854894084156
2011-03-30 20:00:00,39.731340230386984
2011-03-30 21:00:00,51.63285873888714
2011-03-30 22:00:00,28.543521341438563
2011-03-30 23:00:00,20.701499763207444
2011-03-31 00:00:00,9.058643980704524
2011-03-31 01:00:00,4.81812927558922
2011-03-31 02:00:00,3.298596427788155
2011-03-31 03:00:00,2.481392677193812
2011-03-31 04:00:00,2.462811046187162
2011-03-31 05:00:00,7.227744741146566
2011-03-31 06:00:00,24.890142300691075
2011-03-31 07:00:00,39.74444185706365
2011-03-31 08:00:00,241.84644348388926
2011-03-31 09:00:00,35.76902801960988
2011-03-31 10:00:00,25.486977777117
2011-03-31 11:00:00,29.72504781219448
2011-03-31 12:00:00,34.72236222543591
2011-03-31 13:00:00,33.80035636605501
2011-03-31 14:00:00,33.25733222165768
2011-03-31 15:00:00,27.65794635857873
2011-03-31 16:00:00,106.25815324833796
2011-03-31 17:00:00,257.38209874345984
2011-03-31 18:00:00,263.49604421641493
2011-03-31 19:00:00,148.94012221174984
2011-03-31 20:00:00,37.53195440824066
2011-03-31 21:00:00,56.78649657932076
2011-03-31 22:00:00,25.247747828759536
2011-03-31 23:00:00,25.761654922384892
2011-04-20 00:00:00,23.55888313102204
2011-04-20 01:00:00,6.234946509017008
2011-04-20 02:00:00,7.015777741156725
2011-04-20 03:00:00,4.158586863742081
2011-04-20 04:00:00,3.9757413314772614
2011-04-20 05:00:00,12.557444576997712
2011-04-20 06:00:00,55.04496486082375
2011-04-20 07:00:00,78.67958442424992
2011-04-20 08:00:00,401.8866497516543
2011-04-20 09:00:00,176.0414125596504
2011-04-20 10:00:00,93.86753974514365
2011-04-20 11:00:00,113.02264451502924
2011-04-20 12:00:00,144.4777373118357
2011-04-20 13:00:00,144.18353999226292
2011-04-20 14:00:00,116.90142723775516
2011-04-20 15:00:00,145.58316517625653
2011-04-20 16:00:00,181.21054881624735
2011-04-20 17:00:00,377.994704809712
2011-04-20 18:00:00,375.9907429357313
2011-04-20 19:00:00,300.81451992004503
2011-04-20 20:00:00,178.15458789836592
2011-04-20 21:00:00,144.86361386807147
2011-04-20 22:00:00,91.5635164863965
2011-04-20 23:00:00,66.76438964818193
2011-04-21 00:00:00,24.59357726694094
2011-04-21 01:00:00,12.845226575664112
2011-04-21 02:00:00,8.7245010597067
2011-04-21 03:00:00,3.438000001899682
2011-04-21 04:00:00,4.401927966651357
2011-04-21 05:00:00,13.033304062247476
2011-04-21 06:00:00,49.82396299394605
2011-04-21 07:00:00,188.81360386494055
2011-04-21 08:00:00,311.23491115404715
2011-04-21 09:00:00,169.5302265198
2011-04-21 10:00:00,80.24946540766024
2011-04-21 11:00:00,91.00515559965402
2011-04-21 12:00:00,113.88642632506972
2011-04-21 13:00:00,117.34853433544644
2011-04-21 14:00:00,104.5010044829227
2011-04-21 15:00:00,130.2383567136193
2011-04-21 16:00:00,179.59473074503362
2011-04-21 17:00:00,352.71980277925996
2011-04-21 18:00:00,342.89780337266984
2011-04-21 19:00:00,257.26207600660496
2011-04-21 20:00:00,179.54001742145493
2011-04-21 21:00:00,107.77187771622081
2011-04-21 22:00:00,91.79697364283248
2011-04-21 23:00:00,43.2258625812085
2011-04-22 00:00:00,28.483694397860074
2011-04-22 01:00:00,11.3563117946567
2011-04-22 02:00:00,7.709579196596785
2011-04-22 03:00:00,4.556592961975568
2011-04-22 04:00:00,3.4933079781563423
2011-04-22 05:00:00,12.006602733238598
2011-04-22 06:00:00,40.66378411767808
2011-04-22 07:00:00,134.60022069170324
2011-04-22 08:00:00,298.0398393550301
2011-04-22 09:00:00,55.04689618834614
2011-04-22 10:00:00,87.47161804368301
2011-04-22 11:00:00,63.54645703500365
2011-04-22 12:00:00,49.193418385153755
2011-04-22 13:00:00,40.550126206330674
2011-04-22 14:00:00,27.257513456065844
2011-04-22 15:00:00,34.5972607179681
2011-04-22 16:00:00,87.50894910413207
2011-04-22 17:00:00,184.41838265115263
2011-04-22 18:00:00,177.2563473656561
2011-04-22 19:00:00,44.1168357033123
2011-04-22 20:00:00,31.52254647369434
2011-04-22 21:00:00,42.37276128668309
2011-04-22 22:00:00,39.49140477346279
2011-04-22 23:00:00,36.40441190055443
2011-04-23 00:00:00,34.45121102148591
2011-04-23 01:00:00,27.124605440063497
2011-04-23 02:00:00,15.720098294260092
2011-04-23 03:00:00,8.78678240289661
2011-04-23 04:00:00,3.846816606973543
2011-04-23 05:00:00,3.8082814292380682
2011-04-23 06:00:00,8.730992774095254
2011-04-23 07:00:00,12.781813991481101
2011-04-23 08:00:00,46.19910525775444
2011-04-23 09:00:00,78.55477091306645
2011-04-23 10:00:00,148.38552006131314
2011-04-23 11:00:00,185.25599171429457
2011-04-23 12:00:00,226.16192059429946
2011-04-23 13:00:00,233.26718744619245
2011-04-23 14:00:00,305.31319340748536
2011-04-23 15:00:00,316.4661300586966
2011-04-23 16:00:00,315.6695464896966
2011-04-23 17:00:00,302.81750653306915
2011-04-23 18:00:00,223.9333392122065
2011-04-23 19:00:00,187.08374193916723
2011-04-23 20:00:00,112.0819471850293
2011-04-23 21:00:00,76.54242715991043
2011-04-23 22:00:00,81.96301385195906
2011-04-23 23:00:00,58.8695366989031
2011-04-24 00:00:00,52.50652165039978
2011-04-24 01:00:00,47.90208557583303
2011-04-24 02:00:00,39.00346451580968
2011-04-24 03:00:00,15.334510231692075
2011-04-24 04:00:00,6.9847460309202685
2011-04-24 05:00:00,7.249850507597801
2011-04-24 06:00:00,8.544937024930261
2011-04-24 07:00:00,21.57899032269035
2011-04-24 08:00:00,63.71395429322908
2011-04-24 09:00:00,114.38181171739872
2011-04-24 10:00:00,188.47505706180954
2011-04-24 11:00:00,285.79188801576146
2011-04-24 12:00:00,334.98072285882057
2011-04-24 13:00:00,332.5601818524384
2011-04-24 14:00:00,307.87011234198616
2011-04-24 15:00:00,332.3508837869373
2011-04-24 16:00:00,312.591015329014
2011-04-24 17:00:00,315.6679751117533
2011-04-24 18:00:00,241.84753378569627
2011-04-24 19:00:00,131.19574694032207
2011-04-24 20:00:00,107.96300023876428
2011-04-24 21:00:00,88.0927699950397
2011-04-24 22:00:00,47.89837488244857
2011-04-24 23:00:00,41.413447691325075
2011-04-25 00:00:00,10.43831274313074
2011-04-25 01:00:00,6.827166827505123
2011-04-25 02:00:00,6.523153456888577
2011-04-25 03:00:00,4.012038859592424
2011-04-25 04:00:00,4.46165054848111
2011-04-25 05:00:00,10.227796010793618
2011-04-25 06:00:00,56.28992629807886
2011-04-25 07:00:00,80.87614216634526
2011-04-25 08:00:00,351.1156313893416
2011-04-25 09:00:00,173.56896705346423
2011-04-25 10:00:00,86.61027912070708
2011-04-25 11:00:00,90.9513858842648
2011-04-25 12:00:00,139.24614548851173
2011-04-25 13:00:00,141.08931172385869
2011-04-25 14:00:00,115.15523202637205
2011-04-25 15:00:00,156.0232305685584
2011-04-25 16:00:00,180.404744351618
2011-04-25 17:00:00,389.1376997235789
2011-04-25 18:00:00,384.1179562490706
2011-04-25 19:00:00,309.74376434674906
2011-04-25 20:00:00,171.46480221671447
2011-04-25 21:00:00,138.00899633243654
2011-04-25 22:00:00,86.90645487089165
2011-04-25 23:00:00,51.85685516621196
2011-04-26 00:00:00,24.98549432479409
2011-04-26 01:00:00,10.692287681752614
2011-04-26 02:00:00,6.273076290788023
2011-04-26 03:00:00,3.647775102994581
2011-04-26 04:00:00,4.442556090214914
2011-04-26 05:00:00,15.939646549007872
2011-04-26 06:00:00,63.82703726126436
2011-04-26 07:00:00,198.08094086294898
2011-04-26 08:00:00,361.7542691967933
2011-04-26 09:00:00,175.8389856569429
2011-04-26 10:00:00,85.52216994573875
2011-04-26 11:00:00,91.20289819993333
2011-04-26 12:00:00,138.44689179685264
2011-04-26 13:00:00,141.98316448110847
2011-04-26 14:00:00,114.5308375860262
2011-04-26 15:00:00,141.65721603264603
2011-04-26 16:00:00,178.93104931113265
2011-04-26 17:00:00,390.06085933004704
2011-04-26 18:00:00,383.1144624412765
2011-04-26 19:00:00,314.71008912556727
2011-04-26 20:00:00,170.42155312663033
2011-04-26 21:00:00,123.12516306907136
2011-04-26 22:00:00,75.71303470481146
2011-04-26 23:00:00,54.54543094352328
2011-04-27 00:00:00,24.119850600793416
2011-04-27 01:00:00,10.099283167972269
2011-04-27 02:00:00,6.669930084971276
2011-04-27 03:00:00,3.2335144891692513
2011-04-27 04:00:00,4.511109302456228
2011-04-27 05:00:00,11.548775980242388
2011-04-27 06:00:00,62.151666169019954
2011-04-27 07:00:00,184.3652337034688
2011-04-27 08:00:00,332.98439025047105
2011-04-27 09:00:00,156.64367486784576
2011-04-27 10:00:00,80.60194142673673
2011-04-27 11:00:00,83.20805852825502
2011-04-27 12:00:00,122.35135675331854
2011-04-27 13:00:00,123.00223971727628
2011-04-27 14:00:00,107.8488495781414
2011-04-27 15:00:00,126.57433261017474
2011-04-27 16:00:00,178.0682889107029
2011-04-27 17:00:00,256.69139195110426
2011-04-27 18:00:00,245.02424176873436
2011-04-27 19:00:00,315.8576534275401
2011-04-27 20:00:00,170.23005230876782
2011-04-27 21:00:00,108.88218025251372
2011-04-27 22:00:00,87.72250411704029
2011-04-27 23:00:00,53.70927345962269
2011-04-28 00:00:00,25.988887200873442
2011-04-28 01:00:00,9.743530607359475
2011-04-28 02:00:00,5.664215420601306
2011-04-28 03:00:00,3.8927094288544586
2011-04-28 04:00:00,4.267718841725108
2011-04-28 05:00:00,15.660195245389655
2011-04-28 06:00:00,66.63215831923458
2011-04-28 07:00:00,205.91600124851522
2011-04-28 08:00:00,395.68772242552217
2011-04-28 09:00:00,116.52662519118593
2011-04-28 10:00:00,82.10112634133532
2011-04-28 11:00:00,74.28549406176361
2011-04-28 12:00:00,123.14691694828228
2011-04-28 13:00:00,110.57866033863789
2011-04-28 14:00:00,80.048368765307
2011-04-28 15:00:00,136.4849690900753
2011-04-28 16:00:00,187.060198565837
2011-04-28 17:00:00,385.19685795819134
2011-04-28 18:00:00,378.611925737826
2011-04-28 19:00:00,297.6665024919305
2011-04-28 20:00:00,184.36030698447604
2011-04-28 21:00:00,149.45680732672434
2011-04-28 22:00:00,91.27408096832083
2011-04-28 23:00:00,55.55792794356716
2011-04-29 00:00:00,39.176915234880184
2011-04-29 01:00:00,15.832946699618386
2011-04-29 02:00:00,10.952658209434698
2011-04-29 03:00:00,8.07256777675084
2011-04-29 04:00:00,4.457875235944286
2011-04-29 05:00:00,16.163726604088797
2011-04-29 06:00:00,56.00390893954602
2011-04-29 07:00:00,181.01909816462768
2011-04-29 08:00:00,361.91356930612636
2011-04-29 09:00:00,188.06300573181056
2011-04-29 10:00:00,103.76531952960534
2011-04-29 11:00:00,152.75981548212243
2011-04-29 12:00:00,194.06806175400916
2011-04-29 13:00:00,192.10279840719662
2011-04-29 14:00:00,179.1011524925071
2011-04-29 15:00:00,186.8921434300983
2011-04-29 16:00:00,279.0861625365157
2011-04-29 17:00:00,332.5852012537621
2011-04-29 18:00:00,323.7047678122412
2011-04-29 19:00:00,186.73674666058122
2011-04-29 20:00:00,136.28349834597418
2011-04-29 21:00:00,107.21812374495518
2011-04-29 22:00:00,93.498570528442
2011-04-29 23:00:00,64.31114818097625
2011-04-30 00:00:00,37.36086288301928
2011-04-30 01:00:00,30.21437734706606
2011-04-30 02:00:00,31.877612175052718
2011-04-30 03:00:00,19.160056128273293
2011-04-30 04:00:00,5.654619353118695
2011-04-30 05:00:00,5.017638695894197
2011-04-30 06:00:00,11.661845864858664
2011-04-30 07:00:00,30.229336203764934
2011-04-30 08:00:00,53.594573043585946
2011-04-30 09:00:00,100.5220577990936
2011-04-30 10:00:00,177.79548053940067
2011-04-30 11:00:00,250.32929541573063
2011-04-30 12:00:00,326.3880951917365
2011-04-30 13:00:00,329.17136389064626
2011-04-30 14:00:00,316.9518040192692
2011-04-30 15:00:00,311.76833270983474
2011-04-30 16:00:00,312.36404932035714
2011-04-30 17:00:00,301.5276856184969
2011-04-30 18:00:00,234.91939866503913
2011-04-30 19:00:00,193.90913165051268
2011-04-30 20:00:00,106.50862592175947
2011-04-30 21:00:00,92.47307757335192
2011-04-30 22:00:00,75.40049106937492
2011-04-30 23:00:00,52.80487591738968
2011-05-20 00:00:00,42.15976253163474
2011-05-20 01:00:00,15.71522060440475
2011-05-20 02:00:00,6.284521184352345
2011-05-20 03:00:00,7.637124166306123
2011-05-20 04:00:00,6.422425886872039
2011-05-20 05:00:00,15.413974742953581
2011-05-20 06:00:00,87.68317843667685
2011-05-20 07:00:00,247.13807726385733
2011-05-20 08:00:00,451.8046351821662
2011-05-20 09:00:00,230.69232858379576
2011-05-20 10:00:00,149.76098332956178
2011-05-20 11:00:00,178.13200994091585
2011-05-20 12:00:00,236.41114708283922
2011-05-20 13:00:00,215.11079751250622
2011-05-20 14:00:00,228.53927762784593
2011-05-20 15:00:00,237.78270059271517
2011-05-20 16:00:00,359.1785746191068
2011-05-20 17:00:00,408.74976939467064
2011-05-20 18:00:00,445.73104405988767
2011-05-20 19:00:00,296.18738640813547
2011-05-20 20:00:00,226.24569367898127
2011-05-20 21:00:00,177.4679575083204
2011-05-20 22:00:00,149.66811030680435
2011-05-20 23:00:00,131.9991564708778
2011-05-21 00:00:00,93.7547801320454
2011-05-21 01:00:00,71.93285251566165
2011-05-21 02:00:00,62.07788180655762
2011-05-21 03:00:00,24.874320728193712
2011-05-21 04:00:00,6.21683036208315
2011-05-21 05:00:00,7.350390383028201
2011-05-21 06:00:00,18.230512774092126
2011-05-21 07:00:00,51.81542622128537
2011-05-21 08:00:00,106.91828123588317
2011-05-21 09:00:00,197.71218464802155
2011-05-21 10:00:00,283.11588766195615
2011-05-21 11:00:00,371.55860122815716
2011-05-21 12:00:00,388.1683158892816
2011-05-21 13:00:00,394.4260412690367
2011-05-21 14:00:00,383.35433731018225
2011-05-21 15:00:00,396.43430860650744
2011-05-21 16:00:00,397.7709815359794
2011-05-21 17:00:00,398.1295025487712
2011-05-21 18:00:00,324.8283776955208
2011-05-21 19:00:00,342.4612398240937
2011-05-21 20:00:00,201.02042451998568
2011-05-21 21:00:00,173.786944391715
2011-05-21 22:00:00,139.99640060655304
2011-05-21 23:00:00,96.24998364967308
2011-05-22 00:00:00,88.62085989919693
2011-05-22 01:00:00,63.777890955705764
2011-05-22 02:00:00,54.31574978785845
2011-05-22 03:00:00,22.373359121754177
2011-05-22 04:00:00,9.376189609496018
2011-05-22 05:00:00,9.228729289947843
2011-05-22 06:00:00,10.603657389161398
2011-05-22 07:00:00,44.633769873233675
2011-05-22 08:00:00,94.7479093811117
2011-05-22 09:00:00,182.14047440098864
2011-05-22 10:00:00,273.822920171977
2011-05-22 11:00:00,369.1530148116185
2011-05-22 12:00:00,389.8902272311963
2011-05-22 13:00:00,388.7410918528616
2011-05-22 14:00:00,313.3042845428652
2011-05-22 15:00:00,379.65022525967385
2011-05-22 16:00:00,395.43999537192815
2011-05-22 17:00:00,387.0789590052906
2011-05-22 18:00:00,310.0684020323731
2011-05-22 19:00:00,323.3627875035667
2011-05-22 20:00:00,209.0977099281137
2011-05-22 21:00:00,153.99282651058112
2011-05-22 22:00:00,127.31188691124585
2011-05-22 23:00:00,75.66973286581279
2011-05-23 00:00:00,27.38898114744831
2011-05-23 01:00:00,10.827203354887597
2011-05-23 02:00:00,6.6666827061329945
2011-05-23 03:00:00,3.7131770663059767
2011-05-23 04:00:00,5.085044545751893
2011-05-23 05:00:00,15.22173020164325
2011-05-23 06:00:00,74.8796990542755
2011-05-23 07:00:00,209.95969740545536
2011-05-23 08:00:00,384.4238598101258
2011-05-23 09:00:00,193.24921292188174
2011-05-23 10:00:00,118.78065406299022
2011-05-23 11:00:00,140.10126436750724
2011-05-23 12:00:00,185.52282939418322
2011-05-23 13:00:00,174.12266436143386
2011-05-23 14:00:00,158.0917689966106
2011-05-23 15:00:00,173.32592973286842
2011-05-23 16:00:00,272.7679116007723
2011-05-23 17:00:00,387.7857199070327
2011-05-23 18:00:00,497.49678802913814
2011-05-23 19:00:00,371.46354265558784
2011-05-23 20:00:00,198.34893022505827
2011-05-23 21:00:00,117.82902212769562
2011-05-23 22:00:00,91.23806829776814
2011-05-23 23:00:00,64.157028130385
2011-05-24 00:00:00,19.6753997390351
2011-05-24 01:00:00,9.084187712682159
2011-05-24 02:00:00,7.697748987273194
2011-05-24 03:00:00,4.141370318953741
2011-05-24 04:00:00,5.359539956669238
2011-05-24 05:00:00,14.529824060329451
2011-05-24 06:00:00,92.95828811603974
2011-05-24 07:00:00,186.84333511251765
2011-05-24 08:00:00,365.6040800046659
2011-05-24 09:00:00,208.00966624428818
2011-05-24 10:00:00,120.19797074676102
2011-05-24 11:00:00,152.7758279161329
2011-05-24 12:00:00,180.62369739491913
2011-05-24 13:00:00,181.3562609689822
2011-05-24 14:00:00,162.26035989541577
2011-05-24 15:00:00,153.42256479302665
2011-05-24 16:00:00,288.0316207585636
2011-05-24 17:00:00,436.1514683934037
2011-05-24 18:00:00,497.81807803451596
2011-05-24 19:00:00,372.98740036802593
2011-05-24 20:00:00,285.64435031531275
2011-05-24 21:00:00,199.8064438750661
2011-05-24 22:00:00,96.37537759248569
2011-05-24 23:00:00,76.17826541182829
2011-05-25 00:00:00,24.223012441636236
2011-05-25 01:00:00,11.355190375703302
2011-05-25 02:00:00,8.29821831584691
2011-05-25 03:00:00,4.292523853451252
2011-05-25 04:00:00,5.448255603573073
2011-05-25 05:00:00,21.02177118637676
2011-05-25 06:00:00,100.27495120024082
2011-05-25 07:00:00,305.71498732439295
2011-05-25 08:00:00,418.11274650345644
2011-05-25 09:00:00,208.13909640142805
2011-05-25 10:00:00,122.46466424657365
2011-05-25 11:00:00,155.63131162172334
2011-05-25 12:00:00,182.47489528529954
2011-05-25 13:00:00,178.4015989706274
2011-05-25 14:00:00,164.84127606447106
2011-05-25 15:00:00,170.89524406549162
2011-05-25 16:00:00,285.02227496501155
2011-05-25 17:00:00,549.1975577794226
2011-05-25 18:00:00,523.9866757018118
2011-05-25 19:00:00,391.964598712359
2011-05-25 20:00:00,296.2735183779135
2011-05-25 21:00:00,219.19276284694843
2011-05-25 22:00:00,155.31970535281187
2011-05-25 23:00:00,91.44791386314506
2011-05-26 00:00:00,38.46955194752429
2011-05-26 01:00:00,15.528343361975242
2011-05-26 02:00:00,8.79605482265546
2011-05-26 03:00:00,4.545945384443726
2011-05-26 04:00:00,5.57099436692196
2011-05-26 05:00:00,21.378986830629
2011-05-26 06:00:00,77.85936922741068
2011-05-26 07:00:00,213.37902335248882
2011-05-26 08:00:00,417.02864450657603
2011-05-26 09:00:00,210.39428162410417
2011-05-26 10:00:00,120.56031472835888
2011-05-26 11:00:00,152.0322598753746
2011-05-26 12:00:00,180.45694011284905
2011-05-26 13:00:00,168.21876142091438
2011-05-26 14:00:00,153.96524684664107
2011-05-26 15:00:00,168.8562658635448
2011-05-26 16:00:00,271.3331329809632
2011-05-26 17:00:00,531.3677074385212
2011-05-26 18:00:00,515.5772497229487
2011-05-26 19:00:00,383.38901006656096
2011-05-26 20:00:00,290.751607698657
2011-05-26 21:00:00,204.90581512194643
2011-05-26 22:00:00,158.5632152741913
2011-05-26 23:00:00,99.39367758583423
2011-05-27 00:00:00,66.87168983891007
2011-05-27 01:00:00,23.34972120660753
2011-05-27 02:00:00,17.177580670353688
2011-05-27 03:00:00,6.956068085769261
2011-05-27 04:00:00,6.096557913563583
2011-05-27 05:00:00,22.915018762189984
2011-05-27 06:00:00,97.63286371821326
2011-05-27 07:00:00,244.26443837841762
2011-05-27 08:00:00,423.98934526022697
2011-05-27 09:00:00,221.5903385734624
2011-05-27 10:00:00,154.18550651707062
2011-05-27 11:00:00,170.73623828909575
2011-05-27 12:00:00,220.66483808237157
2011-05-27 13:00:00,226.2122163029355
2011-05-27 14:00:00,216.3883058062014
2011-05-27 15:00:00,225.73125810135696
2011-05-27 16:00:00,346.00684085738953
2011-05-27 17:00:00,524.7089481842712
2011-05-27 18:00:00,434.5154968659083
2011-05-27 19:00:00,255.31702152800528
2011-05-27 20:00:00,236.6736886586159
2011-05-27 21:00:00,145.44234417347312
2011-05-27 22:00:00,150.04141271347964
2011-05-27 23:00:00,125.48450602771257
2011-05-28 00:00:00,97.44628008705754
2011-05-28 01:00:00,64.58855613282356
2011-05-28 02:00:00,50.524761996954986
2011-05-28 03:00:00,24.95884263603562
2011-05-28 04:00:00,6.565289180389993
2011-05-28 05:00:00,7.754007253587103
2011-05-28 06:00:00,16.872435935898725
2011-05-28 07:00:00,52.381695047414375
2011-05-28 08:00:00,116.17248843851178
2011-05-28 09:00:00,196.63231256933773
2011-05-28 10:00:00,273.1052652895772
2011-05-28 11:00:00,348.4295159890934
2011-05-28 12:00:00,379.2144952712284
2011-05-28 13:00:00,388.1624611592725
2011-05-28 14:00:00,360.5776570948875
2011-05-28 15:00:00,396.7830273579836
2011-05-28 16:00:00,392.17611160656156
2011-05-28 17:00:00,386.719216995315
2011-05-28 18:00:00,307.9011057905257
2011-05-28 19:00:00,311.0892124520303
2011-05-28 20:00:00,234.0443407680101
2011-05-28 21:00:00,166.6732648267948
2011-05-28 22:00:00,160.44944666008058
2011-05-28 23:00:00,110.93315021206897
2011-05-29 00:00:00,99.37754768089921
2011-05-29 01:00:00,71.10466897658513
2011-05-29 02:00:00,57.24604064578042
2011-05-29 03:00:00,24.091115841094084
2011-05-29 04:00:00,8.85616786236259
2011-05-29 05:00:00,8.916543133512913
2011-05-29 06:00:00,14.131561338370823
2011-05-29 07:00:00,39.72151890232119
2011-05-29 08:00:00,83.47645856562056
2011-05-29 09:00:00,88.82581822100224
2011-05-29 10:00:00,225.25572648983146
2011-05-29 11:00:00,285.12863440839857
2011-05-29 12:00:00,347.9419981883427
2011-05-29 13:00:00,387.8435453555039
2011-05-29 14:00:00,349.1106203719944
2011-05-29 15:00:00,372.4448096056189
2011-05-29 16:00:00,371.30185320519706
2011-05-29 17:00:00,353.6831699888584
2011-05-29 18:00:00,271.80724204739965
2011-05-29 19:00:00,301.2851223288953
2011-05-29 20:00:00,210.1308689095713
2011-05-29 21:00:00,161.92555645504808
2011-05-29 22:00:00,120.91909139870543
2011-05-29 23:00:00,83.742932158114
2011-05-30 00:00:00,94.73422427895684
2011-05-30 01:00:00,53.22163086305457
2011-05-30 02:00:00,41.852815900913555
2011-05-30 03:00:00,15.516102382444329
2011-05-30 04:00:00,7.7957857135617745
2011-05-30 05:00:00,9.100867041375778
2011-05-30 06:00:00,12.10554353839355
2011-05-30 07:00:00,43.831011346832156
2011-05-30 08:00:00,87.01275983136851
2011-05-30 09:00:00,204.36238091694125
2011-05-30 10:00:00,274.2507705560638
2011-05-30 11:00:00,348.0583438204795
2011-05-30 12:00:00,381.7589755705893
2011-05-30 13:00:00,386.16391635536365
2011-05-30 14:00:00,377.1075360286371
2011-05-30 15:00:00,365.35577722021867
2011-05-30 16:00:00,375.53709227433706
2011-05-30 17:00:00,379.3876150283812
2011-05-30 18:00:00,345.82598204103954
2011-05-30 19:00:00,244.97907272276043
2011-05-30 20:00:00,272.62280255904204
2011-05-30 21:00:00,276.95830557521793
2011-05-30 22:00:00,222.48501434986477
2011-05-30 23:00:00,105.04054806712888
2011-05-31 00:00:00,37.10148195916226
2011-05-31 01:00:00,13.034555407942044
2011-05-31 02:00:00,7.595857794555684
2011-05-31 03:00:00,4.265263445074327
2011-05-31 04:00:00,5.741240757623322
2011-05-31 05:00:00,21.33948483160645
2011-05-31 06:00:00,112.09565597704926
2011-05-31 07:00:00,300.69780007506483
2011-05-31 08:00:00,432.7853386437625
2011-05-31 09:00:00,190.66278628554232
2011-05-31 10:00:00,120.96610396324657
2011-05-31 11:00:00,140.03748433100958
2011-05-31 12:00:00,158.41587304668985
2011-05-31 13:00:00,153.4940469074977
2011-05-31 14:00:00,147.2503560577786
2011-05-31 15:00:00,153.78787045363737
2011-05-31 16:00:00,239.71768406682662
2011-05-31 17:00:00,513.2929138551108
2011-05-31 18:00:00,504.30337754232033
2011-05-31 19:00:00,382.49635604356183
2011-05-31 20:00:00,280.30179451556313
2011-05-31 21:00:00,218.07688041136873
2011-05-31 22:00:00,150.83818745235737
2011-05-31 23:00:00,78.84754103006813
2011-06-20 00:00:00,33.07842525179065
2011-06-20 01:00:00,10.66951663881665
2011-06-20 02:00:00,7.815936697299621
2011-06-20 03:00:00,3.820336205280424
2011-06-20 04:00:00,4.612572348686177
2011-06-20 05:00:00,20.895123554601604
2011-06-20 06:00:00,77.03805149586499
2011-06-20 07:00:00,170.13074327142445
2011-06-20 08:00:00,356.39459404125273
2011-06-20 09:00:00,206.70699177145394
2011-06-20 10:00:00,119.31465878743475
2011-06-20 11:00:00,128.63782942362312
2011-06-20 12:00:00,176.6075734166277
2011-06-20 13:00:00,185.13812892460942
2011-06-20 14:00:00,171.8540688299823
2011-06-20 15:00:00,178.04059019447433
2011-06-20 16:00:00,301.2118103323903
2011-06-20 17:00:00,503.0440723667988
2011-06-20 18:00:00,530.2050154462268
2011-06-20 19:00:00,394.0276731457319
2011-06-20 20:00:00,286.2291099763022
2011-06-20 21:00:00,204.19021005057806
2011-06-20 22:00:00,124.98332467993288
2011-06-20 23:00:00,85.6549951229218
2011-06-21 00:00:00,34.30235746875042
2011-06-21 01:00:00,13.190361153754413
2011-06-21 02:00:00,6.264678708249864
2011-06-21 03:00:00,4.548022050678847
2011-06-21 04:00:00,5.387642734258259
2011-06-21 05:00:00,22.304674074308863
2011-06-21 06:00:00,101.26222839403017
2011-06-21 07:00:00,215.94498623898068
2011-06-21 08:00:00,395.93024714015075
2011-06-21 09:00:00,190.77408797612725
2011-06-21 10:00:00,119.23329692956622
2011-06-21 11:00:00,134.50955102509374
2011-06-21 12:00:00,175.9828620656034
2011-06-21 13:00:00,173.57765693839178
2011-06-21 14:00:00,158.86138809911472
2011-06-21 15:00:00,171.7823503554895
2011-06-21 16:00:00,285.0167265725587
2011-06-21 17:00:00,567.4997952112312
2011-06-21 18:00:00,525.8094629773758
2011-06-21 19:00:00,323.60677434357
2011-06-21 20:00:00,203.00913397944208
2011-06-21 21:00:00,213.55578540186798
2011-06-21 22:00:00,151.27222145827326
2011-06-21 23:00:00,86.9058266393717
2011-06-22 00:00:00,36.35963617142336
2011-06-22 01:00:00,18.30976067236657
2011-06-22 02:00:00,7.08141412176161
2011-06-22 03:00:00,5.540498758553753
2011-06-22 04:00:00,5.494330001044416
2011-06-22 05:00:00,21.13616099351266
2011-06-22 06:00:00,107.9577533941048
2011-06-22 07:00:00,307.5857791307135
2011-06-22 08:00:00,413.9912491010161
2011-06-22 09:00:00,192.25865813657595
2011-06-22 10:00:00,126.23554718769168
2011-06-22 11:00:00,148.43213360493704
2011-06-22 12:00:00,172.03703570156574
2011-06-22 13:00:00,162.1272286792244
2011-06-22 14:00:00,152.62038436283868
2011-06-22 15:00:00,165.7108255325524
2011-06-22 16:00:00,262.18631039670566
2011-06-22 17:00:00,553.4355687788183
2011-06-22 18:00:00,544.0482755375181
2011-06-22 19:00:00,389.55562464194577
2011-06-22 20:00:00,281.32131641317164
2011-06-22 21:00:00,202.1910754720102
2011-06-22 22:00:00,154.66074629524277
2011-06-22 23:00:00,91.61647088112102
2011-06-23 00:00:00,40.703614049208056
2011-06-23 01:00:00,18.0002585882076
2011-06-23 02:00:00,8.777051672460253
2011-06-23 03:00:00,4.850274011633458
2011-06-23 04:00:00,5.697109366400306
2011-06-23 05:00:00,23.881587795897968
2011-06-23 06:00:00,118.2108080361231
2011-06-23 07:00:00,313.9709825085435
2011-06-23 08:00:00,411.6516613481376
2011-06-23 09:00:00,206.62718090294845
2011-06-23 10:00:00,123.07501389045392
2011-06-23 11:00:00,138.5697199202096
2011-06-23 12:00:00,173.84617891321238
2011-06-23 13:00:00,170.88671030746713
2011-06-23 14:00:00,158.78140760201742
2011-06-23 15:00:00,173.16945563934496
2011-06-23 16:00:00,278.1247693508879
2011-06-23 17:00:00,557.0988937763401
2011-06-23 18:00:00,517.3310221912604
2011-06-23 19:00:00,375.5733674275339
2011-06-23 20:00:00,289.71101223826884
2011-06-23 21:00:00,216.80676046272237
2011-06-23 22:00:00,155.64397067476673
2011-06-23 23:00:00,106.37952332935953
2011-06-24 00:00:00,60.501837152353666
2011-06-24 01:00:00,22.271681729831048
2011-06-24 02:00:00,14.065998735026094
2011-06-24 03:00:00,6.4437703316399855
2011-06-24 04:00:00,5.97893912508826
2011-06-24 05:00:00,19.74311677371795
2011-06-24 06:00:00,101.9093435746444
2011-06-24 07:00:00,237.02050648506457
2011-06-24 08:00:00,420.0579679569488
2011-06-24 09:00:00,219.36536835148632
2011-06-24 10:00:00,140.5510945990162
2011-06-24 11:00:00,174.16797977962324
2011-06-24 12:00:00,216.52383438642994
2011-06-24 13:00:00,227.28757088948032
2011-06-24 14:00:00,214.00655053549667
2011-06-24 15:00:00,216.8014333561895
2011-06-24 16:00:00,343.53611791757424
2011-06-24 17:00:00,553.2294421323153
2011-06-24 18:00:00,458.9950203003445
2011-06-24 19:00:00,342.47850183559785
2011-06-24 20:00:00,284.7869553533726
2011-06-24 21:00:00,232.4586638795856
2011-06-24 22:00:00,197.3609198959302
2011-06-24 23:00:00,157.438214555079
2011-06-25 00:00:00,109.40819847585661
2011-06-25 01:00:00,87.06712607627452
2011-06-25 02:00:00,67.95769094924579
2011-06-25 03:00:00,30.611191281782624
2011-06-25 04:00:00,9.430019152332285
2011-06-25 05:00:00,10.403830153181765
2011-06-25 06:00:00,25.610673937942337
2011-06-25 07:00:00,63.00439129335914
2011-06-25 08:00:00,133.0905235960786
2011-06-25 09:00:00,204.9470973863912
2011-06-25 10:00:00,291.9625510160851
2011-06-25 11:00:00,373.8006738431167
2011-06-25 12:00:00,411.49714705337146
2011-06-25 13:00:00,414.96580773557196
2011-06-25 14:00:00,401.7613571646202
2011-06-25 15:00:00,396.06508188348323
2011-06-25 16:00:00,414.1640441546208
2011-06-25 17:00:00,416.5583173244385
2011-06-25 18:00:00,360.9078887857769
2011-06-25 19:00:00,345.4105975931102
2011-06-25 20:00:00,247.57660017564723
2011-06-25 21:00:00,193.87466925090806
2011-06-25 22:00:00,178.4373402849447
2011-06-25 23:00:00,126.94365123542607
2011-06-26 00:00:00,101.62733778526854
2011-06-26 01:00:00,87.51143355465616
2011-06-26 02:00:00,73.23167639093987
2011-06-26 03:00:00,31.78235798951666
2011-06-26 04:00:00,11.253493715981953
2011-06-26 05:00:00,11.532387796717373
2011-06-26 06:00:00,23.923685243714612
2011-06-26 07:00:00,54.592901094347205
2011-06-26 08:00:00,111.31168806438879
2011-06-26 09:00:00,188.78877124340272
2011-06-26 10:00:00,293.77749305833134
2011-06-26 11:00:00,381.12112437591
2011-06-26 12:00:00,404.152417169031
2011-06-26 13:00:00,395.0346739645256
2011-06-26 14:00:00,389.01714722695215
2011-06-26 15:00:00,387.0605608487826
2011-06-26 16:00:00,399.74400959831513
2011-06-26 17:00:00,396.834876332132
2011-06-26 18:00:00,354.4403295897343
2011-06-26 19:00:00,344.5895254554656
2011-06-26 20:00:00,229.06016957779505
2011-06-26 21:00:00,182.95195145232321
2011-06-26 22:00:00,167.79537211801718
2011-06-26 23:00:00,106.65547984192223
2011-06-27 00:00:00,32.28693565514978
2011-06-27 01:00:00,12.342924529674015
2011-06-27 02:00:00,6.350207624973872
2011-06-27 03:00:00,4.924953693949945
2011-06-27 04:00:00,4.964818090941036
2011-06-27 05:00:00,22.25132844719377
2011-06-27 06:00:00,107.70401325136613
2011-06-27 07:00:00,313.59553856717497
2011-06-27 08:00:00,388.0392870568508
2011-06-27 09:00:00,206.09295457926717
2011-06-27 10:00:00,119.85494898070593
2011-06-27 11:00:00,153.29746958185422
2011-06-27 12:00:00,171.37318731270517
2011-06-27 13:00:00,170.36727023314626
2011-06-27 14:00:00,162.58659812186312
2011-06-27 15:00:00,169.753984029768
2011-06-27 16:00:00,289.22048850833016
2011-06-27 17:00:00,567.0229295494374
2011-06-27 18:00:00,499.2720957524236
2011-06-27 19:00:00,388.9799675151815
2011-06-27 20:00:00,290.6936348527915
2011-06-27 21:00:00,194.2170569096769
2011-06-27 22:00:00,132.3001018164568
2011-06-27 23:00:00,86.22281827298625
2011-06-28 00:00:00,35.2519719280025
2011-06-28 01:00:00,15.247044113449737
2011-06-28 02:00:00,9.376066724303346
2011-06-28 03:00:00,5.132469542921852
2011-06-28 04:00:00,5.617671926457074
2011-06-28 05:00:00,21.218100972839093
2011-06-28 06:00:00,111.26751105592237
2011-06-28 07:00:00,302.53057342468037
2011-06-28 08:00:00,414.2023331214778
2011-06-28 09:00:00,198.8155395746174
2011-06-28 10:00:00,118.5461766009002
2011-06-28 11:00:00,143.19475096436668
2011-06-28 12:00:00,168.06291687136186
2011-06-28 13:00:00,164.07959285142334
2011-06-28 14:00:00,150.33574245453275
2011-06-28 15:00:00,156.85802175528008
2011-06-28 16:00:00,251.90360427956892
2011-06-28 17:00:00,399.9560970244265
2011-06-28 18:00:00,377.8597266192613
2011-06-28 19:00:00,371.5259001039075
2011-06-28 20:00:00,292.0391193010729
2011-06-28 21:00:00,210.0670840012886
2011-06-28 22:00:00,152.34309458839957
2011-06-28 23:00:00,93.5632101572175
2011-06-29 00:00:00,36.97121072731922
2011-06-29 01:00:00,17.479328095968643
2011-06-29 02:00:00,8.295154293614008
2011-06-29 03:00:00,5.348404520290188
2011-06-29 04:00:00,5.622101339479237
2011-06-29 05:00:00,22.631105511345787
2011-06-29 06:00:00,112.93914004840835
2011-06-29 07:00:00,329.7361104825148
2011-06-29 08:00:00,458.26280695932394
2011-06-29 09:00:00,197.68277197885365
2011-06-29 10:00:00,120.1051043478943
2011-06-29 11:00:00,157.55207943464546
2011-06-29 12:00:00,183.3096417240173
2011-06-29 13:00:00,183.2114694626419
2011-06-29 14:00:00,164.03275602420612
2011-06-29 15:00:00,169.84974866769429
2011-06-29 16:00:00,285.1513023356889
2011-06-29 17:00:00,558.0488600806586
2011-06-29 18:00:00,554.6301454725647
2011-06-29 19:00:00,396.97869336879467
2011-06-29 20:00:00,303.20295180319977
2011-06-29 21:00:00,231.60720076809804
2011-06-29 22:00:00,164.42147546383865
2011-06-29 23:00:00,99.75296915037117
2011-06-30 00:00:00,42.306296599373454
2011-06-30 01:00:00,16.887536133534063
2011-06-30 02:00:00,8.029653483438459
2011-06-30 03:00:00,5.154926211409601
2011-06-30 04:00:00,5.4844629905371365
2011-06-30 05:00:00,24.356446801037873
2011-06-30 06:00:00,113.3778619881286
2011-06-30 07:00:00,326.89659212839945
2011-06-30 08:00:00,458.12683079119745
2011-06-30 09:00:00,210.1016838658756
2011-06-30 10:00:00,124.1368779491684
2011-06-30 11:00:00,155.76782364755255
2011-06-30 12:00:00,178.84471046631745
2011-06-30 13:00:00,179.48670147843492
2011-06-30 14:00:00,167.96247446178626
2011-06-30 15:00:00,173.91741455870044
2011-06-30 16:00:00,287.4557534406233
2011-06-30 17:00:00,582.8706518032793
2011-06-30 18:00:00,557.8376191833146
2011-06-30 19:00:00,392.37325989895567
2011-06-30 20:00:00,305.97446910866904
2011-06-30 21:00:00,229.32087444179103
2011-06-30 22:00:00,163.18907777851814
2011-06-30 23:00:00,108.26108570156748
2011-07-20 00:00:00,34.933302751315
2011-07-20 01:00:00,13.781486348266785
2011-07-20 02:00:00,7.738442496135704
2011-07-20 03:00:00,5.319545849829101
2011-07-20 04:00:00,5.685271646679456
2011-07-20 05:00:00,23.124841777892215
2011-07-20 06:00:00,108.34286257702864
2011-07-20 07:00:00,291.82295507088253
2011-07-20 08:00:00,409.6115699312422
2011-07-20 09:00:00,198.27282305661234
2011-07-20 10:00:00,118.20565228548008
2011-07-20 11:00:00,142.93104825209565
2011-07-20 12:00:00,163.3687232838298
2011-07-20 13:00:00,158.27988272636208
2011-07-20 14:00:00,145.68575756500587
2011-07-20 15:00:00,159.20163261930458
2011-07-20 16:00:00,255.67578440284822
2011-07-20 17:00:00,484.03820096638344
2011-07-20 18:00:00,485.6500532795317
2011-07-20 19:00:00,368.2011910564762
2011-07-20 20:00:00,264.4997978618373
2011-07-20 21:00:00,209.87025282964112
2011-07-20 22:00:00,154.89035652071118
2011-07-20 23:00:00,97.54292131755135
2011-07-21 00:00:00,43.03529366419998
2011-07-21 01:00:00,14.321173718977787
2011-07-21 02:00:00,7.418879447911996
2011-07-21 03:00:00,4.758211867173909
2011-07-21 04:00:00,5.404243922923568
2011-07-21 05:00:00,22.09474282968782
2011-07-21 06:00:00,115.85851851148756
2011-07-21 07:00:00,290.743238014318
2011-07-21 08:00:00,417.3224100447588
2011-07-21 09:00:00,193.8589206954384
2011-07-21 10:00:00,121.87520024932677
2011-07-21 11:00:00,136.68664317089386
2011-07-21 12:00:00,153.40975757411294
2011-07-21 13:00:00,152.03549166854833
2011-07-21 14:00:00,140.1945507716527
2011-07-21 15:00:00,152.13458399411704
2011-07-21 16:00:00,239.52630614420266
2011-07-21 17:00:00,452.0367043918239
2011-07-21 18:00:00,454.1722601323244
2011-07-21 19:00:00,363.68151319827075
2011-07-21 20:00:00,260.745269045574
2011-07-21 21:00:00,207.8706570466121
2011-07-21 22:00:00,151.33563933771768
2011-07-21 23:00:00,100.70640660631008
2011-07-22 00:00:00,65.15159181477394
2011-07-22 01:00:00,24.101512769832105
2011-07-22 02:00:00,18.17594139180188
2011-07-22 03:00:00,7.187329590566339
2011-07-22 04:00:00,6.689199862250875
2011-07-22 05:00:00,22.646212177284475
2011-07-22 06:00:00,102.90863281387291
2011-07-22 07:00:00,240.91382260338477
2011-07-22 08:00:00,418.99275995858085
2011-07-22 09:00:00,214.4482527882826
2011-07-22 10:00:00,133.5136609626841
2011-07-22 11:00:00,153.57126886558555
2011-07-22 12:00:00,199.74791566091696
2011-07-22 13:00:00,200.74190519083047
2011-07-22 14:00:00,197.44716079520174
2011-07-22 15:00:00,198.87239642710597
2011-07-22 16:00:00,291.9620991319263
2011-07-22 17:00:00,453.6132786128789
2011-07-22 18:00:00,435.6495692199967
2011-07-22 19:00:00,323.3513795096245
2011-07-22 20:00:00,255.43090095323137
2011-07-22 21:00:00,198.82439603823406
2011-07-22 22:00:00,168.17803150360032
2011-07-22 23:00:00,160.62609539884073
2011-07-23 00:00:00,112.38900762974583
2011-07-23 01:00:00,83.32751326276501
2011-07-23 02:00:00,72.21304268286414
2011-07-23 03:00:00,29.99690173863896
2011-07-23 04:00:00,10.427883730926963
2011-07-23 05:00:00,10.88617850177127
2011-07-23 06:00:00,28.444359840172375
2011-07-23 07:00:00,64.43846584337162
2011-07-23 08:00:00,128.63671143670584
2011-07-23 09:00:00,176.62259117869058
2011-07-23 10:00:00,256.70872325918
2011-07-23 11:00:00,335.0366011560171
2011-07-23 12:00:00,378.6434560991369
2011-07-23 13:00:00,375.66981326620635
2011-07-23 14:00:00,367.21236026636825
2011-07-23 15:00:00,370.42956438106165
2011-07-23 16:00:00,373.08692273281656
2011-07-23 17:00:00,368.835226118268
2011-07-23 18:00:00,340.423568731781
2011-07-23 19:00:00,299.79464756171683
2011-07-23 20:00:00,240.051030047313
2011-07-23 21:00:00,175.47425207216867
2011-07-23 22:00:00,181.30830102999172
2011-07-23 23:00:00,131.97416048133888
2011-07-24 00:00:00,110.83891081292244
2011-07-24 01:00:00,82.18544873290281
2011-07-24 02:00:00,77.37913060653742
2011-07-24 03:00:00,31.771073236394134
2011-07-24 04:00:00,10.669157495817311
2011-07-24 05:00:00,10.605798497149632
2011-07-24 06:00:00,24.68555221237031
2011-07-24 07:00:00,57.667909033985
2011-07-24 08:00:00,105.19966606304592
2011-07-24 09:00:00,174.3333338797852
2011-07-24 10:00:00,255.49733013731517
2011-07-24 11:00:00,335.86871576328366
2011-07-24 12:00:00,374.1773965134794
2011-07-24 13:00:00,376.1463485367069
2011-07-24 14:00:00,350.6416061130059
2011-07-24 15:00:00,348.51471136562975
2011-07-24 16:00:00,364.39803663624804
2011-07-24 17:00:00,367.60889429898145
2011-07-24 18:00:00,338.4778986574313
2011-07-24 19:00:00,307.61180877043074
2011-07-24 20:00:00,230.95890485377004
2011-07-24 21:00:00,168.15457165710603
2011-07-24 22:00:00,151.3316974180325
2011-07-24 23:00:00,92.15357154331642
2011-07-25 00:00:00,42.197647249977116
2011-07-25 01:00:00,15.190386793924478
2011-07-25 02:00:00,7.696246707311944
2011-07-25 03:00:00,4.266532585038003
2011-07-25 04:00:00,5.794427170417492
2011-07-25 05:00:00,21.295203754226485
2011-07-25 06:00:00,114.04098444800047
2011-07-25 07:00:00,299.3705202584896
2011-07-25 08:00:00,392.83755436980454
2011-07-25 09:00:00,183.05813773973665
2011-07-25 10:00:00,116.50478464494577
2011-07-25 11:00:00,136.42141052982709
2011-07-25 12:00:00,160.04391915198536
2011-07-25 13:00:00,161.8696716152771
2011-07-25 14:00:00,128.2257885757832
2011-07-25 15:00:00,125.45871303406778
2011-07-25 16:00:00,210.02831192660375
2011-07-25 17:00:00,504.98461563061534
2011-07-25 18:00:00,495.4244244210603
2011-07-25 19:00:00,384.8320443144048
2011-07-25 20:00:00,276.26980009788304
2011-07-25 21:00:00,171.73183695171647
2011-07-25 22:00:00,121.95017722398634
2011-07-25 23:00:00,76.3922878786976
2011-07-26 00:00:00,42.27755270464049
2011-07-26 01:00:00,17.423828764507558
2011-07-26 02:00:00,8.80328386986613
2011-07-26 03:00:00,5.205895335486147
2011-07-26 04:00:00,5.8391926516399755
2011-07-26 05:00:00,20.874032284413563
2011-07-26 06:00:00,114.40873103761227
2011-07-26 07:00:00,313.13059332577365
2011-07-26 08:00:00,431.8806918046326
2011-07-26 09:00:00,199.15574292375118
2011-07-26 10:00:00,124.16871707532582
2011-07-26 11:00:00,152.14643067325247
2011-07-26 12:00:00,174.8222985246533
2011-07-26 13:00:00,182.73890834144828
2011-07-26 14:00:00,164.37861548636033
2011-07-26 15:00:00,165.9429847162331
2011-07-26 16:00:00,276.6511759177553
2011-07-26 17:00:00,560.2919737055905
2011-07-26 18:00:00,553.2582935690009
2011-07-26 19:00:00,367.3230529882678
2011-07-26 20:00:00,294.7691859609197
2011-07-26 21:00:00,236.61149383519538
2011-07-26 22:00:00,158.4737953059267
2011-07-26 23:00:00,85.94642276485965
2011-07-27 00:00:00,45.54287415404768
2011-07-27 01:00:00,16.471499146250938
2011-07-27 02:00:00,8.747767474436799
2011-07-27 03:00:00,4.639318912491396
2011-07-27 04:00:00,5.577584137609941
2011-07-27 05:00:00,24.016468061341257
2011-07-27 06:00:00,122.01973953851311
2011-07-27 07:00:00,328.0957239510404
2011-07-27 08:00:00,446.64196350073587
2011-07-27 09:00:00,200.43359203663695
2011-07-27 10:00:00,119.00038245432508
2011-07-27 11:00:00,155.3163876855203
2011-07-27 12:00:00,187.98698602028654
2011-07-27 13:00:00,183.65078701956233
2011-07-27 14:00:00,165.88523989316133
2011-07-27 15:00:00,171.81476858757196
2011-07-27 16:00:00,281.134551874228
2011-07-27 17:00:00,562.4363010931987
2011-07-27 18:00:00,544.6835289669468
2011-07-27 19:00:00,392.65256405122307
2011-07-27 20:00:00,300.397155405088
2011-07-27 21:00:00,233.2514361189986
2011-07-27 22:00:00,157.47993917821302
2011-07-27 23:00:00,94.27105884502433
2011-07-28 00:00:00,47.47223159533415
2011-07-28 01:00:00,17.31694819719306
2011-07-28 02:00:00,9.064245885413849
2011-07-28 03:00:00,4.8289104978897965
2011-07-28 04:00:00,5.777402526991459
2011-07-28 05:00:00,23.129263637201326
2011-07-28 06:00:00,117.05936418061289
2011-07-28 07:00:00,319.42593162996207
2011-07-28 08:00:00,410.5513989858624
2011-07-28 09:00:00,199.84929382408004
2011-07-28 10:00:00,118.54541044258782
2011-07-28 11:00:00,135.90341314151362
2011-07-28 12:00:00,160.03112255526986
2011-07-28 13:00:00,154.26644518912224
2011-07-28 14:00:00,148.0797524607836
2011-07-28 15:00:00,157.13267031282885
2011-07-28 16:00:00,246.54410430646465
2011-07-28 17:00:00,509.4617461020307
2011-07-28 18:00:00,477.30170460769205
2011-07-28 19:00:00,370.6445190679938
2011-07-28 20:00:00,264.78824193064395
2011-07-28 21:00:00,211.14653109653324
2011-07-28 22:00:00,156.02355484400917
2011-07-28 23:00:00,101.37838017635072
2011-07-29 00:00:00,60.2226286939397
2011-07-29 01:00:00,24.32152158668245
2011-07-29 02:00:00,18.22875273619281
2011-07-29 03:00:00,5.362653629969152
2011-07-29 04:00:00,5.962133184282729
2011-07-29 05:00:00,20.465040905877743
2011-07-29 06:00:00,102.72449745593758
2011-07-29 07:00:00,225.7978741163902
2011-07-29 08:00:00,411.29203739815824
2011-07-29 09:00:00,213.4163933220328
2011-07-29 10:00:00,132.4390457301844
2011-07-29 11:00:00,154.62114967896574
2011-07-29 12:00:00,200.34209316366048
2011-07-29 13:00:00,206.5843626761269
2011-07-29 14:00:00,198.22013328848814
2011-07-29 15:00:00,206.78012280279398
2011-07-29 16:00:00,327.0616604605258
2011-07-29 17:00:00,458.58613096988813
2011-07-29 18:00:00,439.9273212109163
2011-07-29 19:00:00,330.823390861768
2011-07-29 20:00:00,265.54742588575425
2011-07-29 21:00:00,226.60232266891393
2011-07-29 22:00:00,184.9311016787363
2011-07-29 23:00:00,159.8647173628881
2011-07-30 00:00:00,121.07807344302879
2011-07-30 01:00:00,81.09893108493775
2011-07-30 02:00:00,70.88064327667982
2011-07-30 03:00:00,33.43232406054675
2011-07-30 04:00:00,10.159736748697975
2011-07-30 05:00:00,10.125184741045192
2011-07-30 06:00:00,25.794002792100045
2011-07-30 07:00:00,59.28419392986809
2011-07-30 08:00:00,132.76258752045243
2011-07-30 09:00:00,188.37449073256786
2011-07-30 10:00:00,281.8325386092883
2011-07-30 11:00:00,354.3042038249216
2011-07-30 12:00:00,383.9548894958681
2011-07-30 13:00:00,392.5930076649706
2011-07-30 14:00:00,370.9699371744093
2011-07-30 15:00:00,361.271162094313
2011-07-30 16:00:00,375.01749933432075
2011-07-30 17:00:00,372.5004679194002
2011-07-30 18:00:00,348.9942824953269
2011-07-30 19:00:00,342.39273251592317
2011-07-30 20:00:00,250.49355844911764
2011-07-30 21:00:00,198.30890170612963
2011-07-30 22:00:00,180.26469977049095
2011-07-30 23:00:00,130.60546732532637
2011-07-31 00:00:00,110.26113347745985
2011-07-31 01:00:00,81.04870506436652
2011-07-31 02:00:00,78.121289427973
2011-07-31 03:00:00,31.88128825808795
2011-07-31 04:00:00,11.284243478153646
2011-07-31 05:00:00,11.806148308589911
2011-07-31 06:00:00,24.271522665253404
2011-07-31 07:00:00,59.55251943859788
2011-07-31 08:00:00,114.36111668319539
2011-07-31 09:00:00,186.3175842985607
2011-07-31 10:00:00,277.6322594601614
2011-07-31 11:00:00,352.32961885144607
2011-07-31 12:00:00,378.9988450386242
2011-07-31 13:00:00,383.58983614432935
2011-07-31 14:00:00,358.27218137040876
2011-07-31 15:00:00,345.3967019329714
2011-07-31 16:00:00,360.0827007961209
2011-07-31 17:00:00,367.68812939576435
2011-07-31 18:00:00,339.31826171363474
2011-07-31 19:00:00,327.3087170743664
2011-07-31 20:00:00,241.33473020200063
2011-07-31 21:00:00,182.55381327253514
2011-07-31 22:00:00,153.86500803679635
2011-07-31 23:00:00,90.35431861232519
2011-08-20 00:00:00,98.60931692868458
2011-08-20 01:00:00,85.6222595252726
2011-08-20 02:00:00,63.961794143803985
2011-08-20 03:00:00,27.734073296593575
2011-08-20 04:00:00,7.513675095087925
2011-08-20 05:00:00,9.23929277848108
2011-08-20 06:00:00,19.81491759268827
2011-08-20 07:00:00,50.39040104836072
2011-08-20 08:00:00,111.3632105788395
2011-08-20 09:00:00,199.9886463296553
2011-08-20 10:00:00,282.9794777202287
2011-08-20 11:00:00,376.4237475509724
2011-08-20 12:00:00,379.1892489291138
2011-08-20 13:00:00,372.12211943074726
2011-08-20 14:00:00,370.65353501742527
2011-08-20 15:00:00,371.08565234103776
2011-08-20 16:00:00,377.2955940806196
2011-08-20 17:00:00,383.6103755016355
2011-08-20 18:00:00,348.89298509495086
2011-08-20 19:00:00,318.63207649774085
2011-08-20 20:00:00,230.88639538662434
2011-08-20 21:00:00,177.28531724363359
2011-08-20 22:00:00,158.1192351543808
2011-08-20 23:00:00,109.29880714432258
2011-08-21 00:00:00,95.87888530126402
2011-08-21 01:00:00,81.28405085943274
2011-08-21 02:00:00,71.02343874604806
2011-08-21 03:00:00,28.826809476699243
2011-08-21 04:00:00,8.111344549489328
2011-08-21 05:00:00,7.685370085439321
2011-08-21 06:00:00,11.797591404952076
2011-08-21 07:00:00,51.63292178049838
2011-08-21 08:00:00,88.10831786436201
2011-08-21 09:00:00,185.88582604244056
2011-08-21 10:00:00,278.1656561604686
2011-08-21 11:00:00,320.19201748937263
2011-08-21 12:00:00,371.3775093377168
2011-08-21 13:00:00,376.98310875552835
2011-08-21 14:00:00,227.26766098784964
2011-08-21 15:00:00,301.2299288251244
2011-08-21 16:00:00,329.5675180520227
2011-08-21 17:00:00,288.62781104513357
2011-08-21 18:00:00,264.23016027801526
2011-08-21 19:00:00,307.3781469469576
2011-08-21 20:00:00,202.69505841173105
2011-08-21 21:00:00,167.9567433709273
2011-08-21 22:00:00,146.82263807520937
2011-08-21 23:00:00,83.50587718325568
2011-08-22 00:00:00,39.005870765050645
2011-08-22 01:00:00,17.2991443896661
2011-08-22 02:00:00,9.442279343102136
2011-08-22 03:00:00,4.606356508788268
2011-08-22 04:00:00,6.038760689727769
2011-08-22 05:00:00,23.295041655295876
2011-08-22 06:00:00,111.33534937207602
2011-08-22 07:00:00,310.9732975766832
2011-08-22 08:00:00,377.0270571909251
2011-08-22 09:00:00,200.1855919276625
2011-08-22 10:00:00,122.25194640514745
2011-08-22 11:00:00,148.8953444325286
2011-08-22 12:00:00,190.32952388031046
2011-08-22 13:00:00,188.57296075348398
2011-08-22 14:00:00,166.53779105452784
2011-08-22 15:00:00,182.49813179500825
2011-08-22 16:00:00,286.97452922693185
2011-08-22 17:00:00,574.6636347840357
2011-08-22 18:00:00,557.2308101794654
2011-08-22 19:00:00,398.4355076169483
2011-08-22 20:00:00,304.15308854105484
2011-08-22 21:00:00,211.304456409503
2011-08-22 22:00:00,138.75450339970416
2011-08-22 23:00:00,91.00913192475362
2011-08-23 00:00:00,33.71408563105928
2011-08-23 01:00:00,13.924641639415679
2011-08-23 02:00:00,8.37556145172997
2011-08-23 03:00:00,3.0680154581626997
2011-08-23 04:00:00,5.141520352218903
2011-08-23 05:00:00,23.35052874410767
2011-08-23 06:00:00,104.27927977175318
2011-08-23 07:00:00,327.6606616194623
2011-08-23 08:00:00,426.0522085854347
2011-08-23 09:00:00,207.6989882858214
2011-08-23 10:00:00,119.56563983444065
2011-08-23 11:00:00,154.66024585595957
2011-08-23 12:00:00,201.30544939922999
2011-08-23 13:00:00,192.54197522172421
2011-08-23 14:00:00,172.52593084350366
2011-08-23 15:00:00,183.03876845682638
2011-08-23 16:00:00,295.19854843647977
2011-08-23 17:00:00,587.3159042670982
2011-08-23 18:00:00,561.7981864579561
2011-08-23 19:00:00,400.1466793527363
2011-08-23 20:00:00,293.8560230505801
2011-08-23 21:00:00,194.6583154210948
2011-08-23 22:00:00,156.21234430620348
2011-08-23 23:00:00,87.52800645083585
2011-08-24 00:00:00,37.34102789407855
2011-08-24 01:00:00,16.180654865545915
2011-08-24 02:00:00,8.274281503204929
2011-08-24 03:00:00,4.679997117069289
2011-08-24 04:00:00,6.267220937840265
2011-08-24 05:00:00,22.212669729248336
2011-08-24 06:00:00,102.96890369176194
2011-08-24 07:00:00,310.1945776639918
2011-08-24 08:00:00,404.9468833802851
2011-08-24 09:00:00,207.67772312198406
2011-08-24 10:00:00,121.19335084705594
2011-08-24 11:00:00,152.54611505417913
2011-08-24 12:00:00,185.72531489146746
2011-08-24 13:00:00,184.12172856060357
2011-08-24 14:00:00,167.4056623678816
2011-08-24 15:00:00,176.1377331635473
2011-08-24 16:00:00,274.91652729159296
2011-08-24 17:00:00,572.2816459585797
2011-08-24 18:00:00,547.708698983165
2011-08-24 19:00:00,385.19679817266314
2011-08-24 20:00:00,283.99390399685956
2011-08-24 21:00:00,206.6602093374674
2011-08-24 22:00:00,157.00803903726253
2011-08-24 23:00:00,100.58606029749362
2011-08-25 00:00:00,39.09588229345348
2011-08-25 01:00:00,17.792917792076416
2011-08-25 02:00:00,8.403447117885067
2011-08-25 03:00:00,5.634856338569072
2011-08-25 04:00:00,5.936475209849345
2011-08-25 05:00:00,23.08193789789778
2011-08-25 06:00:00,102.69630857683651
2011-08-25 07:00:00,294.62536142105625
2011-08-25 08:00:00,412.4943076504642
2011-08-25 09:00:00,213.22121703294553
2011-08-25 10:00:00,123.25009626535449
2011-08-25 11:00:00,120.70982084649515
2011-08-25 12:00:00,121.20357129784819
2011-08-25 13:00:00,143.43092675939985
2011-08-25 14:00:00,150.2783737383734
2011-08-25 15:00:00,163.44488057882216
2011-08-25 16:00:00,201.62311824665414
2011-08-25 17:00:00,370.8832513362155
2011-08-25 18:00:00,383.8042193429884
2011-08-25 19:00:00,298.75292685290185
2011-08-25 20:00:00,248.16429225516418
2011-08-25 21:00:00,204.6823023987636
2011-08-25 22:00:00,139.72860867693893
2011-08-25 23:00:00,93.72571392328757
2011-08-26 00:00:00,54.3869808491534
2011-08-26 01:00:00,20.729091630006426
2011-08-26 02:00:00,9.871966751585362
2011-08-26 03:00:00,6.565699202898754
2011-08-26 04:00:00,6.25815970907546
2011-08-26 05:00:00,18.921269894843938
2011-08-26 06:00:00,95.95692906349757
2011-08-26 07:00:00,226.64984812682295
2011-08-26 08:00:00,405.82442470055526
2011-08-26 09:00:00,211.42438733087295
2011-08-26 10:00:00,152.24929691826569
2011-08-26 11:00:00,163.06240321328795
2011-08-26 12:00:00,218.87915819910995
2011-08-26 13:00:00,225.14966351539752
2011-08-26 14:00:00,202.0296209052093
2011-08-26 15:00:00,219.38575400785942
2011-08-26 16:00:00,333.606633518858
2011-08-26 17:00:00,519.0879873430463
2011-08-26 18:00:00,399.72132938738633
2011-08-26 19:00:00,303.97180180755254
2011-08-26 20:00:00,223.39762253182099
2011-08-26 21:00:00,187.137026639289
2011-08-26 22:00:00,158.71737585176902
2011-08-26 23:00:00,144.3268306712244
2011-08-27 00:00:00,101.43638659683316
2011-08-27 01:00:00,77.71788505332289
2011-08-27 02:00:00,64.16423160304032
2011-08-27 03:00:00,28.667728622148392
2011-08-27 04:00:00,7.924709998261754
2011-08-27 05:00:00,8.839567167046107
2011-08-27 06:00:00,14.773991506613834
2011-08-27 07:00:00,45.96244037865915
2011-08-27 08:00:00,108.61735635050812
2011-08-27 09:00:00,139.53763133451207
2011-08-27 10:00:00,233.82990954961554
2011-08-27 11:00:00,145.3475822100517
2011-08-27 12:00:00,174.78785940434977
2011-08-27 13:00:00,217.66335407422594
2011-08-27 14:00:00,98.99192399254625
2011-08-27 15:00:00,98.5400071121299
2011-08-27 16:00:00,98.10989521259815
2011-08-27 17:00:00,90.15793806961997
2011-08-28 07:00:00,37.62755729915842
2011-08-28 08:00:00,64.70995770703449
2011-08-28 09:00:00,180.29913741605222
2011-08-28 10:00:00,264.0215335114765
2011-08-28 11:00:00,360.5623242234503
2011-08-28 12:00:00,417.3030222680826
2011-08-28 13:00:00,425.4244236403161
2011-08-28 14:00:00,380.78459201463625
2011-08-28 15:00:00,382.3022361107206
2011-08-28 16:00:00,372.78154521839116
2011-08-28 17:00:00,403.39153437377
2011-08-28 18:00:00,363.7804053685201
2011-08-28 19:00:00,337.24373451579777
2011-08-28 20:00:00,224.92290045560466
2011-08-28 21:00:00,178.27237506404322
2011-08-28 22:00:00,129.53812286595942
2011-08-28 23:00:00,82.83362563063707
2011-08-29 00:00:00,36.39883072353901
2011-08-29 01:00:00,13.457248528673508
2011-08-29 02:00:00,9.059331994668986
2011-08-29 03:00:00,5.202585967511441
2011-08-29 04:00:00,5.738240650806841
2011-08-29 05:00:00,22.841677049872573
2011-08-29 06:00:00,103.95014773674619
2011-08-29 07:00:00,320.8207432464787
2011-08-29 08:00:00,384.9030276220638
2011-08-29 09:00:00,200.91071641724216
2011-08-29 10:00:00,120.83102577036306
2011-08-29 11:00:00,155.03963715827282
2011-08-29 12:00:00,191.11253303552525
2011-08-29 13:00:00,202.4812908728025
2011-08-29 14:00:00,172.06559971831436
2011-08-29 15:00:00,181.19444110996886
2011-08-29 16:00:00,295.92360591989654
2011-08-29 17:00:00,555.6863308663388
2011-08-29 18:00:00,529.4759119246257
2011-08-29 19:00:00,402.2356814193325
2011-08-29 20:00:00,291.5499458916431
2011-08-29 21:00:00,212.84859565395016
2011-08-29 22:00:00,144.73206803871702
2011-08-29 23:00:00,79.15523374105707
2011-08-30 00:00:00,34.18421347922853
2011-08-30 01:00:00,13.524842495089306
2011-08-30 02:00:00,8.59548690024039
2011-08-30 03:00:00,4.600896324543272
2011-08-30 04:00:00,5.8883404544537274
2011-08-30 05:00:00,21.5793156897301
2011-08-30 06:00:00,104.12618577175832
2011-08-30 07:00:00,322.0760961283362
2011-08-30 08:00:00,415.9430399189062
2011-08-30 09:00:00,202.65939948697363
2011-08-30 10:00:00,123.38909154929799
2011-08-30 11:00:00,156.0469961064644
2011-08-30 12:00:00,196.3034121604458
2011-08-30 13:00:00,196.19072396242325
2011-08-30 14:00:00,173.43786665527614
2011-08-30 15:00:00,184.30592314532828
2011-08-30 16:00:00,293.8376042293918
2011-08-30 17:00:00,584.1990935933311
2011-08-30 18:00:00,551.9292977672527
2011-08-30 19:00:00,393.39162675012244
2011-08-30 20:00:00,293.28434678650785
2011-08-30 21:00:00,192.24125526176368
2011-08-30 22:00:00,153.95377764986108
2011-08-30 23:00:00,89.42772564996788
2011-08-31 00:00:00,29.716730524355224
2011-08-31 01:00:00,15.94082784188894
2011-08-31 02:00:00,7.79014662711666
2011-08-31 03:00:00,5.05284761378691
2011-08-31 04:00:00,5.937038451094756
2011-08-31 05:00:00,21.487085813877098
2011-08-31 06:00:00,101.124861913979
2011-08-31 07:00:00,317.06949806732223
2011-08-31 08:00:00,404.1729772086511
2011-08-31 09:00:00,209.73918538798722
2011-08-31 10:00:00,123.26987001824006
2011-08-31 11:00:00,156.70609772224924
2011-08-31 12:00:00,183.76822472107844
2011-08-31 13:00:00,196.21948149880092
2011-08-31 14:00:00,172.66068405513374
2011-08-31 15:00:00,178.92106244962204
2011-08-31 16:00:00,287.90661519006153
2011-08-31 17:00:00,585.9349918358995
2011-08-31 18:00:00,540.241898643098
2011-08-31 19:00:00,371.1932879709416
2011-08-31 20:00:00,291.6980634629712
2011-08-31 21:00:00,194.52929446630077
2011-08-31 22:00:00,146.8952631993091
2011-08-31 23:00:00,82.10617813386031
2011-09-20 00:00:00,33.24426156929443
2011-09-20 01:00:00,9.574156197103907
2011-09-20 02:00:00,5.974951594842421
2011-09-20 03:00:00,4.33698620531697
2011-09-20 04:00:00,5.54437567687037
2011-09-20 05:00:00,21.150874829297216
2011-09-20 06:00:00,96.23964347469949
2011-09-20 07:00:00,283.50544121858724
2011-09-20 08:00:00,221.90197019554904
2011-09-20 09:00:00,154.08117122959806
2011-09-20 10:00:00,92.00342755781163
2011-09-20 11:00:00,102.82191293132362
2011-09-20 12:00:00,90.12358282618717
2011-09-20 13:00:00,96.85464074007027
2011-09-20 14:00:00,116.09944080987054
2011-09-20 15:00:00,172.3695059826026
2011-09-20 16:00:00,221.56091582188367
2011-09-20 17:00:00,365.20279985998883
2011-09-20 18:00:00,371.6412967649785
2011-09-20 19:00:00,264.68970359536763
2011-09-20 20:00:00,149.01973312743536
2011-09-20 21:00:00,93.22770318668947
2011-09-20 22:00:00,94.74514902008437
2011-09-20 23:00:00,65.45452895530582
2011-09-21 00:00:00,21.059295970492975
2011-09-21 01:00:00,8.725290329867766
2011-09-21 02:00:00,6.582242438556717
2011-09-21 03:00:00,4.636554757755739
2011-09-21 04:00:00,5.194618103368255
2011-09-21 05:00:00,13.224504382822465
2011-09-21 06:00:00,80.3817350433338
2011-09-21 07:00:00,209.27748835934403
2011-09-21 08:00:00,338.37409472189415
2011-09-21 09:00:00,154.9002160576016
2011-09-21 10:00:00,90.43370837664074
2011-09-21 11:00:00,117.22629664019063
2011-09-21 12:00:00,172.19575330655124
2011-09-21 13:00:00,175.46882907038773
2011-09-21 14:00:00,159.6675692332509
2011-09-21 15:00:00,171.44150364834292
2011-09-21 16:00:00,281.26583870374543
2011-09-21 17:00:00,387.01066334882364
2011-09-21 18:00:00,327.0559315382721
2011-09-21 19:00:00,207.0258909874467
2011-09-21 20:00:00,128.5773486620196
2011-09-21 21:00:00,78.27954547564589
2011-09-21 22:00:00,77.63699683842299
2011-09-21 23:00:00,63.80583765161519
2011-09-22 00:00:00,21.955756092751397
2011-09-22 01:00:00,8.363118612260777
2011-09-22 02:00:00,6.976380133846766
2011-09-22 03:00:00,5.179440745540531
2011-09-22 04:00:00,5.442262566593099
2011-09-22 05:00:00,14.55833000968777
2011-09-22 06:00:00,81.99686285879851
2011-09-22 07:00:00,223.1886523484262
2011-09-22 08:00:00,312.0547952085518
2011-09-22 09:00:00,144.88902390824862
2011-09-22 10:00:00,101.2741779478309
2011-09-22 11:00:00,105.40517600211572
2011-09-22 12:00:00,132.77478363263276
2011-09-22 13:00:00,138.63347148768415
2011-09-22 14:00:00,139.96743857604517
2011-09-22 15:00:00,141.38519134963082
2011-09-22 16:00:00,281.68287490288543
2011-09-22 17:00:00,503.3847818367955
2011-09-22 18:00:00,354.46878381478734
2011-09-22 19:00:00,227.08189793996576
2011-09-22 20:00:00,128.97858799010956
2011-09-22 21:00:00,106.54565011325568
2011-09-22 22:00:00,71.96646119321214
2011-09-22 23:00:00,64.27174692256034
2011-09-23 00:00:00,34.95232604424823
2011-09-23 01:00:00,12.890506433155272
2011-09-23 02:00:00,7.4438126459280385
2011-09-23 03:00:00,5.956856538932964
2011-09-23 04:00:00,5.155746360595121
2011-09-23 05:00:00,13.016902685117593
2011-09-23 06:00:00,87.56007330034831
2011-09-23 07:00:00,146.31916836060955
2011-09-23 08:00:00,219.30138124940893
2011-09-23 09:00:00,119.62216665587114
2011-09-23 10:00:00,87.04848734443303
2011-09-23 11:00:00,92.97476132740721
2011-09-23 12:00:00,152.8155862145487
2011-09-23 13:00:00,122.71561804127326
2011-09-23 14:00:00,104.26236796187601
2011-09-23 15:00:00,147.78179016188858
2011-09-23 16:00:00,179.45284585889215
2011-09-23 17:00:00,281.3193109457706
2011-09-23 18:00:00,277.27314938596214
2011-09-23 19:00:00,222.31589052844538
2011-09-23 20:00:00,145.1548863487092
2011-09-23 21:00:00,100.32913241964971
2011-09-23 22:00:00,106.95933934730671
2011-09-23 23:00:00,85.40525407229758
2011-09-24 00:00:00,84.92907782815476
2011-09-24 01:00:00,58.498162305688425
2011-09-24 02:00:00,51.61325296455881
2011-09-24 03:00:00,21.082928570404235
2011-09-24 04:00:00,7.856820614598164
2011-09-24 05:00:00,9.123498880982659
2011-09-24 06:00:00,10.498018755903168
2011-09-24 07:00:00,43.88191238147264
2011-09-24 08:00:00,89.4477998777507
2011-09-24 09:00:00,113.37599131411153
2011-09-24 10:00:00,211.3821391298834
2011-09-24 11:00:00,283.2607644834407
2011-09-24 12:00:00,287.1382335540497
2011-09-24 13:00:00,349.3631088443851
2011-09-24 14:00:00,317.84846984611835
2011-09-24 15:00:00,321.76101868273065
2011-09-24 16:00:00,300.8008467800287
2011-09-24 17:00:00,335.9863060928641
2011-09-24 18:00:00,287.2262935016266
2011-09-24 19:00:00,188.80716192327924
2011-09-24 20:00:00,137.83391848169197
2011-09-24 21:00:00,142.50106990460438
2011-09-24 22:00:00,95.93850310393115
2011-09-24 23:00:00,95.57685575595505
2011-09-25 00:00:00,85.4438759390923
2011-09-25 01:00:00,61.11086209101675
2011-09-25 02:00:00,41.37596713307336
2011-09-25 03:00:00,11.72128236344136
2011-09-25 04:00:00,5.264915187154282
2011-09-25 05:00:00,10.242734254820736
2011-09-25 06:00:00,13.475229583776047
2011-09-25 07:00:00,38.88133616788591
2011-09-25 08:00:00,83.9405249380272
2011-09-25 09:00:00,137.42721716147597
2011-09-25 10:00:00,211.63526377689715
2011-09-25 11:00:00,308.77203862176196
2011-09-25 12:00:00,329.3024288690228
2011-09-25 13:00:00,342.3499995650437
2011-09-25 14:00:00,309.85682640725184
2011-09-25 15:00:00,309.7552135947426
2011-09-25 16:00:00,383.616696817797
2011-09-25 17:00:00,337.2563772601172
2011-09-25 18:00:00,288.5130034574522
2011-09-25 19:00:00,205.1593783252934
2011-09-25 20:00:00,139.18757548572253
2011-09-25 21:00:00,106.0077307177298
2011-09-25 22:00:00,112.79729803274104
2011-09-25 23:00:00,74.65076897741417
2011-09-26 00:00:00,20.853828177968673
2011-09-26 01:00:00,9.409400960631563
2011-09-26 02:00:00,5.881157201400682
2011-09-26 03:00:00,3.961537636830233
2011-09-26 04:00:00,5.0278563307804855
2011-09-26 05:00:00,20.375183944631154
2011-09-26 06:00:00,93.97056464855467
2011-09-26 07:00:00,211.81698985623524
2011-09-26 08:00:00,294.9119782594656
2011-09-26 09:00:00,182.12121689363192
2011-09-26 10:00:00,98.88924210723118
2011-09-26 11:00:00,126.54243187648811
2011-09-26 12:00:00,138.8418796905313
2011-09-26 13:00:00,171.027409090732
2011-09-26 14:00:00,154.26354383038012
2011-09-26 15:00:00,175.92488184308885
2011-09-26 16:00:00,289.81033634246813
2011-09-26 17:00:00,567.5286195694885
2011-09-26 18:00:00,364.4289291210329
2011-09-26 19:00:00,290.8819225269031
2011-09-26 20:00:00,156.6238227532979
2011-09-26 21:00:00,119.20269631442358
2011-09-26 22:00:00,104.36419548458669
2011-09-26 23:00:00,62.25037392845508
2011-09-27 00:00:00,21.830408102517797
2011-09-27 01:00:00,7.7650534758440966
2011-09-27 02:00:00,6.654268619750638
2011-09-27 03:00:00,4.3422020675023205
2011-09-27 04:00:00,4.463600093408733
2011-09-27 05:00:00,9.310945785926503
2011-09-27 06:00:00,95.59545248299615
2011-09-27 07:00:00,212.6633262450357
2011-09-27 08:00:00,338.8876468069144
2011-09-27 09:00:00,168.1216040644449
2011-09-27 10:00:00,76.2073862718232
2011-09-27 11:00:00,102.6488842468819
2011-09-27 12:00:00,111.75436831029117
2011-09-27 13:00:00,172.37702066030693
2011-09-27 14:00:00,138.23405631497812
2011-09-27 15:00:00,129.8694597391157
2011-09-27 16:00:00,210.3238448595756
2011-09-27 17:00:00,297.46276432879824
2011-09-27 18:00:00,282.93845650746664
2011-09-27 19:00:00,222.5925736818005
2011-09-27 20:00:00,250.41702398781024
2011-09-27 21:00:00,147.26529300393844
2011-09-27 22:00:00,121.7276164192359
2011-09-27 23:00:00,62.61624365677217
2011-09-28 00:00:00,25.140137326899996
2011-09-28 01:00:00,9.853948770429177
2011-09-28 02:00:00,4.953235121200263
2011-09-28 03:00:00,4.782069062399364
2011-09-28 04:00:00,6.047791750321794
2011-09-28 05:00:00,14.553697508659132
2011-09-28 06:00:00,49.667644241453395
2011-09-28 07:00:00,135.74983474359533
2011-09-28 08:00:00,208.03324988199967
2011-09-28 09:00:00,162.9511109701819
2011-09-28 10:00:00,71.52679779559435
2011-09-28 11:00:00,127.67553978476192
2011-09-28 12:00:00,140.49238597475502
2011-09-28 13:00:00,177.50364136624444
2011-09-28 14:00:00,162.68414808614642
2011-09-28 15:00:00,173.15108866161927
2011-09-28 16:00:00,288.9624617787921
2011-09-28 17:00:00,571.9466879050987
2011-09-28 18:00:00,324.6615972887282
2011-09-28 19:00:00,265.7455005408479
2011-09-28 20:00:00,150.92617840153014
2011-09-28 21:00:00,101.66257499518998
2011-09-28 22:00:00,121.86056875893291
2011-09-28 23:00:00,63.37890626824852
2011-09-29 00:00:00,22.74478523546952
2011-09-29 01:00:00,7.560809281664396
2011-09-29 02:00:00,6.902750021253731
2011-09-29 03:00:00,4.909225909594165
2011-09-29 04:00:00,5.463159564788446
2011-09-29 05:00:00,21.78737069985867
2011-09-29 06:00:00,101.25047213336478
2011-09-29 07:00:00,290.75627974600724
2011-09-29 08:00:00,417.0570435278321
2011-09-29 09:00:00,207.65728065250198
2011-09-29 10:00:00,122.90776794029709
2011-09-29 11:00:00,155.31976053386305
2011-09-29 12:00:00,191.96437522812306
2011-09-29 13:00:00,190.63097045788595
2011-09-29 14:00:00,173.3309967199148
2011-09-29 15:00:00,182.51653134598456
2011-09-29 16:00:00,300.5431653245029
2011-09-29 17:00:00,576.825019384153
2011-09-29 18:00:00,545.6594039755804
2011-09-29 19:00:00,397.7391345086113
2011-09-29 20:00:00,291.04872239676905
2011-09-29 21:00:00,182.3646370315811
2011-09-29 22:00:00,135.56161438120355
2011-09-29 23:00:00,81.20615062144842
2011-09-30 00:00:00,50.36980763635457
2011-09-30 01:00:00,22.783297452672798
2011-09-30 02:00:00,10.911154668163313
2011-09-30 03:00:00,6.369606519862692
2011-09-30 04:00:00,6.2227269629217075
2011-09-30 05:00:00,21.947179189642895
2011-09-30 06:00:00,90.68684078648266
2011-09-30 07:00:00,241.09630096585494
2011-09-30 08:00:00,445.42736018675333
2011-09-30 09:00:00,219.57718760076443
2011-09-30 10:00:00,153.219920971694
2011-09-30 11:00:00,186.39816887854596
2011-09-30 12:00:00,230.30272712717712
2011-09-30 13:00:00,220.11446067080237
2011-09-30 14:00:00,219.74133129027302
2011-09-30 15:00:00,232.99980489214946
2011-09-30 16:00:00,365.7898796657671
2011-09-30 17:00:00,544.955481920383
2011-09-30 18:00:00,445.7368712418442
2011-09-30 19:00:00,310.3926337529055
2011-09-30 20:00:00,212.20619756995026
2011-09-30 21:00:00,163.73378038300945
2011-09-30 22:00:00,144.57319168645137
2011-09-30 23:00:00,120.46750748244796
2011-10-20 00:00:00,22.49909538343859
2011-10-20 01:00:00,9.53704208992167
2011-10-20 02:00:00,6.0967258930839705
2011-10-20 03:00:00,4.185273370591841
2011-10-20 04:00:00,5.400044235520957
2011-10-20 05:00:00,24.085568000259123
2011-10-20 06:00:00,99.18602425279786
2011-10-20 07:00:00,276.9512593782462
2011-10-20 08:00:00,383.1979297704946
2011-10-20 09:00:00,205.91121450918575
2011-10-20 10:00:00,114.15401544710224
2011-10-20 11:00:00,118.50571042873344
2011-10-20 12:00:00,151.89316425887586
2011-10-20 13:00:00,170.18064794004283
2011-10-20 14:00:00,135.28543267234596
2011-10-20 15:00:00,151.16131444635545
2011-10-20 16:00:00,230.1068033916787
2011-10-20 17:00:00,421.1108221908077
2011-10-20 18:00:00,406.31864908549727
2011-10-20 19:00:00,277.6185007971454
2011-10-20 20:00:00,214.97061746385367
2011-10-20 21:00:00,143.44475466503232
2011-10-20 22:00:00,108.90133259255657
2011-10-20 23:00:00,71.44884200392872
2011-10-21 00:00:00,54.6310969465394
2011-10-21 01:00:00,24.242470122274998
2011-10-21 02:00:00,11.541437715812876
2011-10-21 03:00:00,5.7260223063854045
2011-10-21 04:00:00,5.027680787768617
2011-10-21 05:00:00,24.615123287438742
2011-10-21 06:00:00,73.3343636483798
2011-10-21 07:00:00,241.0466728277171
2011-10-21 08:00:00,425.32266945006694
2011-10-21 09:00:00,220.23706848899383
2011-10-21 10:00:00,142.80129908830526
2011-10-21 11:00:00,172.30451953473965
2011-10-21 12:00:00,210.2726379259863
2011-10-21 13:00:00,211.8961131207383
2011-10-21 14:00:00,201.93632108372265
2011-10-21 15:00:00,221.32193969262667
2011-10-21 16:00:00,301.37164395532267
2011-10-21 17:00:00,430.54016678070263
2011-10-21 18:00:00,397.1088841515121
2011-10-21 19:00:00,252.74175042270824
2011-10-21 20:00:00,182.69881245126464
2011-10-21 21:00:00,137.64281039771905
2011-10-21 22:00:00,132.86309733468255
2011-10-21 23:00:00,99.344802396805
2011-10-22 00:00:00,88.47221723063768
2011-10-22 01:00:00,70.76924612014687
2011-10-22 02:00:00,59.412265104905394
2011-10-22 03:00:00,25.60161400340104
2011-10-22 04:00:00,6.1186150020083305
2011-10-22 05:00:00,6.413668050326372
2011-10-22 06:00:00,15.067857384663558
2011-10-22 07:00:00,40.86929030694253
2011-10-22 08:00:00,89.34485896732954
2011-10-22 09:00:00,144.84389326359744
2011-10-22 10:00:00,226.38153195115493
2011-10-22 11:00:00,291.79463115060054
2011-10-22 12:00:00,329.31447749129165
2011-10-22 13:00:00,338.72119264450737
2011-10-22 14:00:00,335.4040064856126
2011-10-22 15:00:00,321.40814985905314
2011-10-22 16:00:00,328.3567603644425
2011-10-22 17:00:00,279.5079918523037
2011-10-22 18:00:00,239.50677344114536
2011-10-22 19:00:00,210.00106979614304
2011-10-22 20:00:00,138.76940164137113
2011-10-22 21:00:00,107.2014626698051
2011-10-22 22:00:00,99.13508680489771
2011-10-22 23:00:00,73.05464999186424
2011-10-23 00:00:00,66.86316102643357
2011-10-23 01:00:00,52.63880138392887
2011-10-23 02:00:00,45.59986476107437
2011-10-23 03:00:00,19.304609193969245
2011-10-23 04:00:00,6.708510802050343
2011-10-23 05:00:00,6.816702438837523
2011-10-23 06:00:00,13.344137701252127
2011-10-23 07:00:00,34.25296698612036
2011-10-23 08:00:00,69.36453045275964
2011-10-23 09:00:00,132.43784587399313
2011-10-23 10:00:00,220.97449229636842
2011-10-23 11:00:00,292.0071905407493
2011-10-23 12:00:00,330.539438634667
2011-10-23 13:00:00,344.25413159873176
2011-10-23 14:00:00,348.69084434491936
2011-10-23 15:00:00,340.80378248005115
2011-10-23 16:00:00,340.01548972149163
2011-10-23 17:00:00,286.4779228655172
2011-10-23 18:00:00,267.0152576061804
2011-10-23 19:00:00,198.85164877934713
2011-10-23 20:00:00,137.0174507454778
2011-10-23 21:00:00,103.3985226280594
2011-10-23 22:00:00,87.05033182499042
2011-10-23 23:00:00,80.08624175850089
2011-10-24 00:00:00,35.86082533424414
2011-10-24 01:00:00,8.388778918989201
2011-10-24 02:00:00,5.7178737630649765
2011-10-24 03:00:00,5.594160124182132
2011-10-24 04:00:00,5.546643658625991
2011-10-24 05:00:00,19.487405892403977
2011-10-24 06:00:00,92.18317395274786
2011-10-24 07:00:00,254.51083408308946
2011-10-24 08:00:00,372.69863361596185
2011-10-24 09:00:00,206.85200049352594
2011-10-24 10:00:00,106.97269434180986
2011-10-24 11:00:00,126.27928604078868
2011-10-24 12:00:00,176.0960665555686
2011-10-24 13:00:00,177.6993765740447
2011-10-24 14:00:00,155.20718739419237
2011-10-24 15:00:00,187.23437384557474
2011-10-24 16:00:00,265.110868033325
2011-10-24 17:00:00,476.50164774411104
2011-10-24 18:00:00,495.56077001496925
2011-10-24 19:00:00,205.36008362066636
2011-10-24 20:00:00,227.9949507181086
2011-10-24 21:00:00,138.7730876918927
2011-10-24 22:00:00,112.82995331531473
2011-10-24 23:00:00,67.58458673678841
2011-10-25 00:00:00,37.58768136881174
2011-10-25 01:00:00,11.03513311288233
2011-10-25 02:00:00,5.948530690235406
2011-10-25 03:00:00,4.891908915421546
2011-10-25 04:00:00,5.885877383734194
2011-10-25 05:00:00,21.063934847175197
2011-10-25 06:00:00,95.57192955354834
2011-10-25 07:00:00,281.4384088163393
2011-10-25 08:00:00,454.7885958199151
2011-10-25 09:00:00,211.37494652247946
2011-10-25 10:00:00,120.97907799725004
2011-10-25 11:00:00,133.35633361256782
2011-10-25 12:00:00,190.3703904174892
2011-10-25 13:00:00,189.9532673982215
2011-10-25 14:00:00,159.89849336132517
2011-10-25 15:00:00,185.5086052745773
2011-10-25 16:00:00,289.5666986717838
2011-10-25 17:00:00,564.2418378771109
2011-10-25 18:00:00,473.16578105948406
2011-10-25 19:00:00,292.3890260543886
2011-10-25 20:00:00,220.67940979168995
2011-10-25 21:00:00,152.5109391636353
2011-10-25 22:00:00,120.14508615258679
2011-10-25 23:00:00,72.76669814432815
2011-10-26 00:00:00,39.66056711669301
2011-10-26 01:00:00,12.025212780604386
2011-10-26 02:00:00,6.9656128420295085
2011-10-26 03:00:00,4.468387536898618
2011-10-26 04:00:00,4.681803871743493
2011-10-26 05:00:00,24.553482741268702
2011-10-26 06:00:00,99.66088650976829
2011-10-26 07:00:00,292.5752774853862
2011-10-26 08:00:00,438.33277295033247
2011-10-26 09:00:00,215.58755379479732
2011-10-26 10:00:00,119.63856389451956
2011-10-26 11:00:00,132.991043844775
2011-10-26 12:00:00,151.5139271470133
2011-10-26 13:00:00,149.30277548162724
2011-10-26 14:00:00,146.76629147592817
2011-10-26 15:00:00,170.6371355247178
2011-10-26 16:00:00,272.4653178910823
2011-10-26 17:00:00,454.66674338649915
2011-10-26 18:00:00,454.0333449875272
2011-10-26 19:00:00,271.2004682694583
2011-10-26 20:00:00,211.83463411811317
2011-10-26 21:00:00,171.38469492312953
2011-10-26 22:00:00,107.259200815145
2011-10-26 23:00:00,67.33506885744704
2011-10-27 00:00:00,25.291445647564395
2011-10-27 01:00:00,7.153291219763244
2011-10-27 02:00:00,6.484471317592028
2011-10-27 03:00:00,4.004703454408832
2011-10-27 04:00:00,5.018359985255985
2011-10-27 05:00:00,16.555095722818606
2011-10-27 06:00:00,46.61968132307783
2011-10-27 07:00:00,253.78955031698914
2011-10-27 08:00:00,249.36261565758412
2011-10-27 09:00:00,212.93544818718658
2011-10-27 10:00:00,90.8165255952567
2011-10-27 11:00:00,100.74454652330755
2011-10-27 12:00:00,95.55061918667805
2011-10-27 13:00:00,115.9002606891951
2011-10-27 14:00:00,133.29838538982617
2011-10-27 15:00:00,133.36208631674685
2011-10-27 16:00:00,275.65334405673906
2011-10-27 17:00:00,407.6175539181113
2011-10-27 18:00:00,396.4510458359129
2011-10-27 19:00:00,255.60709452236438
2011-10-27 20:00:00,210.7434515483191
2011-10-27 21:00:00,98.25216675984893
2011-10-27 22:00:00,79.13725598286912
2011-10-27 23:00:00,40.53841406784828
2011-10-28 00:00:00,38.1168294521204
2011-10-28 01:00:00,22.404366116533033
2011-10-28 02:00:00,11.073598849704059
2011-10-28 03:00:00,3.9474424005353828
2011-10-28 04:00:00,3.7716801572619754
2011-10-28 05:00:00,18.060023304197337
2011-10-28 06:00:00,63.86895553928189
2011-10-28 07:00:00,221.194025620651
2011-10-28 08:00:00,405.62809783181393
2011-10-28 09:00:00,216.87975010765493
2011-10-28 10:00:00,116.9519122082425
2011-10-28 11:00:00,134.66401150386457
2011-10-28 12:00:00,172.56801388345377
2011-10-28 13:00:00,170.02470225506192
2011-10-28 14:00:00,167.80264668487132
2011-10-28 15:00:00,176.41974772605306
2011-10-28 16:00:00,239.04730590086345
2011-10-28 17:00:00,396.02948821155644
2011-10-28 18:00:00,352.6624976146631
2011-10-28 19:00:00,219.2355951745293
2011-10-28 20:00:00,57.13005354812233
2011-10-28 21:00:00,71.6483453981972
2011-10-28 22:00:00,59.90416808111951
2011-10-28 23:00:00,44.11370192537929
2011-10-29 00:00:00,38.04107908193795
2011-10-29 01:00:00,29.373093692538447
2011-10-29 02:00:00,29.16838672640855
2011-10-29 03:00:00,12.32250124176431
2011-10-29 04:00:00,3.947340567063365
2011-10-29 05:00:00,3.500852183495155
2011-10-29 06:00:00,11.462268225902276
2011-10-29 07:00:00,18.266212172259408
2011-10-29 08:00:00,45.96971234512499
2011-10-29 09:00:00,51.706486912206444
2011-10-29 10:00:00,52.574067820863704
2011-10-29 11:00:00,63.06467021978919
2011-10-29 12:00:00,87.80671419335383
2011-10-29 13:00:00,80.92687202920521
2011-10-29 14:00:00,103.72595762583725
2011-10-29 15:00:00,150.24151610112457
2011-10-29 16:00:00,89.06109996854268
2011-10-29 17:00:00,68.77851028172168
2011-10-29 18:00:00,53.63220173709027
2011-10-29 19:00:00,151.6746397134528
2011-10-29 20:00:00,86.4345083111082
2011-10-29 21:00:00,90.38205410449159
2011-10-29 22:00:00,63.8804239222164
2011-10-29 23:00:00,47.548060334201644
2011-10-30 00:00:00,56.25462096911642
2011-10-30 01:00:00,39.65896747636316
2011-10-30 02:00:00,29.839522952355406
2011-10-30 03:00:00,14.084575448915007
2011-10-30 04:00:00,4.355780117281481
2011-10-30 05:00:00,3.5586485879548224
2011-10-30 06:00:00,10.915568712318493
2011-10-30 07:00:00,28.91562327755223
2011-10-30 08:00:00,66.98170539480573
2011-10-30 09:00:00,124.66212160687517
2011-10-30 10:00:00,192.13083610483122
2011-10-30 11:00:00,240.3605800281323
2011-10-30 12:00:00,283.8845815014622
2011-10-30 13:00:00,303.3241872253976
2011-10-30 14:00:00,322.60885155630774
2011-10-30 15:00:00,316.2832542564147
2011-10-30 16:00:00,308.5398832869859
2011-10-30 17:00:00,250.75594848898862
2011-10-30 18:00:00,188.38208667381753
2011-10-30 19:00:00,276.31085583299466
2011-10-30 20:00:00,115.93506616204374
2011-10-30 21:00:00,88.02639807313795
2011-10-30 22:00:00,69.44251727388028
2011-10-30 23:00:00,41.07165370341418
2011-10-31 00:00:00,19.608677401105098
2011-10-31 01:00:00,6.784202825903778
2011-10-31 02:00:00,3.4277203624882
2011-10-31 03:00:00,3.4778766709952067
2011-10-31 04:00:00,4.033486098411698
2011-10-31 05:00:00,17.282205714415223
2011-10-31 06:00:00,73.52368832416016
2011-10-31 07:00:00,241.1354795983878
2011-10-31 08:00:00,393.5851844399711
2011-10-31 09:00:00,200.94260700731115
2011-10-31 10:00:00,104.26368694228293
2011-10-31 11:00:00,124.33564815235145
2011-10-31 12:00:00,148.94186464368127
2011-10-31 13:00:00,147.67075435088088
2011-10-31 14:00:00,134.86864051122453
2011-10-31 15:00:00,152.03006514201675
2011-10-31 16:00:00,227.87266416344872
2011-10-31 17:00:00,448.5340102913673
2011-10-31 18:00:00,417.78878225510084
2011-10-31 19:00:00,277.7065869714409
2011-10-31 20:00:00,206.363745611
2011-10-31 21:00:00,129.30491672065423
2011-10-31 22:00:00,100.07297576111264
2011-10-31 23:00:00,53.34033381176057
2011-11-20 00:00:00,74.93543758515882
2011-11-20 01:00:00,70.05114334143838
2011-11-20 02:00:00,59.44387955052811
2011-11-20 03:00:00,26.484580538131503
2011-11-20 04:00:00,4.42927332375702
2011-11-20 05:00:00,4.84642580977283
2011-11-20 06:00:00,15.32432542718861
2011-11-20 07:00:00,50.27335947038184
2011-11-20 08:00:00,75.95813449117209
2011-11-20 09:00:00,139.5534883595312
2011-11-20 10:00:00,219.54624347121018
2011-11-20 11:00:00,296.9896301873956
2011-11-20 12:00:00,330.9598265738846
2011-11-20 13:00:00,337.4865148017989
2011-11-20 14:00:00,332.72847074415193
2011-11-20 15:00:00,330.82341881318376
2011-11-20 16:00:00,327.87342986714344
2011-11-20 17:00:00,292.840916953392
2011-11-20 18:00:00,298.0077766971224
2011-11-20 19:00:00,216.64473133193493
2011-11-20 20:00:00,172.13641535444023
2011-11-20 21:00:00,118.10072673546566
2011-11-20 22:00:00,58.844287075220784
2011-11-20 23:00:00,45.98394618586153
2011-11-21 00:00:00,23.30170852741941
2011-11-21 01:00:00,6.658692511901207
2011-11-21 02:00:00,6.13936421601598
2011-11-21 03:00:00,3.7824149567519214
2011-11-21 04:00:00,4.487750870702769
2011-11-21 05:00:00,14.736299246748022
2011-11-21 06:00:00,79.24464114278538
2011-11-21 07:00:00,246.0297366643436
2011-11-21 08:00:00,365.6253058969771
2011-11-21 09:00:00,185.22292528721414
2011-11-21 10:00:00,110.23668232805655
2011-11-21 11:00:00,114.51608207736069
2011-11-21 12:00:00,172.55213172355008
2011-11-21 13:00:00,169.36504837476934
2011-11-21 14:00:00,127.90818211385007
2011-11-21 15:00:00,65.58903746435996
2011-11-21 16:00:00,98.61063620004552
2011-11-21 17:00:00,143.51958795968733
2011-11-21 18:00:00,215.5908313813196
2011-11-21 19:00:00,156.75466779514608
2011-11-21 20:00:00,94.78021514334262
2011-11-21 21:00:00,76.30159049116662
2011-11-21 22:00:00,61.82865933892716
2011-11-21 23:00:00,40.64211134031959
2011-11-22 00:00:00,11.049654848923986
2011-11-22 01:00:00,6.751458942361086
2011-11-22 02:00:00,6.084389982210848
2011-11-22 03:00:00,4.190285458062376
2011-11-22 04:00:00,4.63232749752578
2011-11-22 05:00:00,8.22476424035008
2011-11-22 06:00:00,83.87449100825256
2011-11-22 07:00:00,87.43787528089541
2011-11-22 08:00:00,189.78151752832426
2011-11-22 09:00:00,96.16426527947294
2011-11-22 10:00:00,50.49775238292462
2011-11-22 11:00:00,62.82915070540929
2011-11-22 12:00:00,58.73900572926344
2011-11-22 13:00:00,57.603754117221946
2011-11-22 14:00:00,56.27823134376009
2011-11-22 15:00:00,58.83925806836959
2011-11-22 16:00:00,105.80472217736937
2011-11-22 17:00:00,184.86759140343005
2011-11-22 18:00:00,167.2845844747966
2011-11-22 19:00:00,186.9157040154773
2011-11-22 20:00:00,173.89270820017828
2011-11-22 21:00:00,95.33701029056813
2011-11-22 22:00:00,93.26266051060767
2011-11-22 23:00:00,65.34391994262923
2011-11-23 00:00:00,22.011425186545832
2011-11-23 01:00:00,7.871331227953695
2011-11-23 02:00:00,4.839324184178543
2011-11-23 03:00:00,3.090628372910189
2011-11-23 04:00:00,4.720572333287571
2011-11-23 05:00:00,16.559883951617536
2011-11-23 06:00:00,75.78074527308165
2011-11-23 07:00:00,242.36514871471607
2011-11-23 08:00:00,368.4726938564556
2011-11-23 09:00:00,176.92241038595085
2011-11-23 10:00:00,84.34470295758527
2011-11-23 11:00:00,124.83860493066408
2011-11-23 12:00:00,159.05175464454075
2011-11-23 13:00:00,122.04371716281725
2011-11-23 14:00:00,133.7958050168629
2011-11-23 15:00:00,140.83668872650122
2011-11-23 16:00:00,209.97706117632163
2011-11-23 17:00:00,243.56412957238504
2011-11-23 18:00:00,365.79750187163864
2011-11-23 19:00:00,254.21619241088428
2011-11-23 20:00:00,193.06945128984745
2011-11-23 21:00:00,130.24374487401056
2011-11-23 22:00:00,97.9438832228562
2011-11-23 23:00:00,41.29238788741011
2011-11-24 00:00:00,67.12076851924044
2011-11-24 01:00:00,29.52110965307489
2011-11-24 02:00:00,23.58275102764171
2011-11-24 03:00:00,12.832715983741858
2011-11-24 04:00:00,6.871251030518414
2011-11-24 05:00:00,8.238494609860389
2011-11-24 06:00:00,23.044365822715744
2011-11-24 07:00:00,37.95004528619114
2011-11-24 08:00:00,103.56971674427835
2011-11-24 09:00:00,146.9827954395963
2011-11-24 10:00:00,210.52232838100946
2011-11-24 11:00:00,269.11528895923965
2011-11-24 12:00:00,264.99286598927955
2011-11-24 13:00:00,268.0358351065627
2011-11-24 14:00:00,274.198753584988
2011-11-24 15:00:00,263.4587051500495
2011-11-24 16:00:00,268.00940409688764
2011-11-24 17:00:00,260.5926285446948
2011-11-24 18:00:00,230.16053388873092
2011-11-24 19:00:00,204.27999792537167
2011-11-24 20:00:00,127.14904850531649
2011-11-24 21:00:00,109.18997393936873
2011-11-24 22:00:00,105.4199804490459
2011-11-24 23:00:00,58.75138209039742
2011-11-25 00:00:00,39.91618725945044
2011-11-25 01:00:00,22.125896529294852
2011-11-25 02:00:00,9.85564486926559
2011-11-25 03:00:00,4.368815893216308
2011-11-25 04:00:00,4.3699322683443445
2011-11-25 05:00:00,23.86154095023666
2011-11-25 06:00:00,63.8304322403359
2011-11-25 07:00:00,234.63199897558118
2011-11-25 08:00:00,385.841988221112
2011-11-25 09:00:00,229.6628607526165
2011-11-25 10:00:00,125.48009488506862
2011-11-25 11:00:00,153.50858489389367
2011-11-25 12:00:00,202.38966327858355
2011-11-25 13:00:00,216.09707151667556
2011-11-25 14:00:00,197.26852658419517
2011-11-25 15:00:00,216.6555057128469
2011-11-25 16:00:00,295.743597369662
2011-11-25 17:00:00,464.0386210930901
2011-11-25 18:00:00,421.8645438859974
2011-11-25 19:00:00,247.27039040040202
2011-11-25 20:00:00,180.22480953147482
2011-11-25 21:00:00,129.51428825850218
2011-11-25 22:00:00,118.11652580393124
2011-11-25 23:00:00,92.11101160310659
2011-11-26 00:00:00,74.04467899960989
2011-11-26 01:00:00,56.04213127868621
2011-11-26 02:00:00,45.99164060882564
2011-11-26 03:00:00,22.800061060556445
2011-11-26 04:00:00,5.805789856336314
2011-11-26 05:00:00,6.187076858104781
2011-11-26 06:00:00,16.5177785116589
2011-11-26 07:00:00,28.27471193487675
2011-11-26 08:00:00,82.96449729529914
2011-11-26 09:00:00,128.84878137953035
2011-11-26 10:00:00,213.17055706814372
2011-11-26 11:00:00,272.20324960799013
2011-11-26 12:00:00,331.39436381585165
2011-11-26 13:00:00,333.41413068212864
2011-11-26 14:00:00,333.4756639727307
2011-11-26 15:00:00,329.7950671556506
2011-11-26 16:00:00,308.19923379724924
2011-11-26 17:00:00,273.2849286439614
2011-11-26 18:00:00,216.58305957193093
2011-11-26 19:00:00,192.3192593764249
2011-11-26 20:00:00,139.07269836247403
2011-11-26 21:00:00,102.41364454083127
2011-11-26 22:00:00,95.46215279118337
2011-11-26 23:00:00,63.61467450891108
2011-11-27 00:00:00,67.57413099931361
2011-11-27 01:00:00,57.31832083495517
2011-11-27 02:00:00,51.36819986601182
2011-11-27 03:00:00,19.411874505320164
2011-11-27 04:00:00,6.3577980829674
2011-11-27 05:00:00,5.610056725389328
2011-11-27 06:00:00,14.296488058021417
2011-11-27 07:00:00,39.35426738307131
2011-11-27 08:00:00,74.47747072606826
2011-11-27 09:00:00,140.07118439061838
2011-11-27 10:00:00,224.49678520847488
2011-11-27 11:00:00,287.2255200507609
2011-11-27 12:00:00,338.64081556099154
2011-11-27 13:00:00,338.4471679846957
2011-11-27 14:00:00,388.8117164016864
2011-11-27 15:00:00,389.6134904933233
2011-11-27 16:00:00,386.56507190105765
2011-11-27 17:00:00,307.3199570081034
2011-11-27 18:00:00,260.29049371903864
2011-11-27 19:00:00,215.3805156199601
2011-11-27 20:00:00,165.90631825919215
2011-11-27 21:00:00,118.29713429701249
2011-11-27 22:00:00,97.43428288810048
2011-11-27 23:00:00,76.5815326939063
2011-11-28 00:00:00,38.59747565380065
2011-11-28 01:00:00,11.513689137403794
2011-11-28 03:00:00,4.772514655983594
2011-11-28 04:00:00,5.918157222062561
2011-11-28 05:00:00,20.069697161685028
2011-11-28 06:00:00,96.21229619596814
2011-11-28 07:00:00,293.7927912622949
2011-11-28 08:00:00,378.4659150012237
2011-11-28 09:00:00,202.77814521657587
2011-11-28 10:00:00,108.67848817385095
2011-11-28 11:00:00,127.1476558841017
2011-11-28 12:00:00,192.72208299762116
2011-11-28 13:00:00,184.20259327561627
2011-11-28 14:00:00,170.03654523087397
2011-11-28 15:00:00,187.1659034436787
2011-11-28 16:00:00,285.4114471641862
2011-11-28 17:00:00,547.6291362038052
2011-11-28 18:00:00,503.5569741159344
2011-11-28 19:00:00,315.46251863532484
2011-11-28 20:00:00,243.7324696607691
2011-11-28 21:00:00,181.81301251173937
2011-11-28 22:00:00,114.7873943117182
2011-11-28 23:00:00,64.50490544051183
2011-11-29 00:00:00,27.236827777966138
2011-11-29 01:00:00,10.041523483969165
2011-11-29 02:00:00,6.149364154137305
2011-11-29 03:00:00,4.307678860059333
2011-11-29 04:00:00,4.815027479700088
2011-11-29 05:00:00,21.476848239865024
2011-11-29 06:00:00,95.84217947282808
2011-11-29 07:00:00,280.23045460835164
2011-11-29 08:00:00,431.95197563867964
2011-11-29 09:00:00,165.02257618567887
2011-11-29 10:00:00,93.71420585624986
2011-11-29 11:00:00,104.41430218174958
2011-11-29 12:00:00,67.93254554088232
2011-11-29 13:00:00,98.94546867337033
2011-11-29 14:00:00,62.3366247209649
2011-11-29 15:00:00,79.57348432664429
2011-11-29 16:00:00,88.59587278210553
2011-11-29 17:00:00,297.1297835035126
2011-11-29 18:00:00,316.6017212117689
2011-11-29 19:00:00,199.99380144116014
2011-11-29 20:00:00,179.9483512081755
2011-11-29 21:00:00,133.65040380070266
2011-11-29 22:00:00,99.01991217315015
2011-11-29 23:00:00,44.49272120614094
2011-11-30 00:00:00,25.799622132762316
2011-11-30 01:00:00,12.030658361198313
2011-11-30 02:00:00,5.322067064642388
2011-11-30 03:00:00,3.5884198726776724
2011-11-30 04:00:00,4.515044371868608
2011-11-30 05:00:00,21.405703737563996
2011-11-30 06:00:00,73.62270560492895
2011-11-30 07:00:00,235.72198527063853
2011-11-30 08:00:00,389.65703103967354
2011-11-30 09:00:00,212.07826002311478
2011-11-30 10:00:00,91.88144524994914
2011-11-30 11:00:00,121.77828175059987
2011-11-30 12:00:00,134.0522781626723
2011-11-30 13:00:00,138.27166735664588
2011-11-30 14:00:00,131.84041624683616
2011-11-30 15:00:00,125.42896242138556
2011-11-30 16:00:00,211.3020938369338
2011-11-30 17:00:00,380.9156457734959
2011-11-30 18:00:00,368.85374386680166
2011-11-30 19:00:00,222.7795482390509
2011-11-30 20:00:00,181.63647844684718
2011-11-30 21:00:00,129.73808307900458
2011-11-30 22:00:00,88.27900551106691
2011-11-30 23:00:00,43.45067857669342
2011-12-20 00:00:00,27.050345677363993
2011-12-20 01:00:00,11.745474516737927
2011-12-20 02:00:00,5.245939034401071
2011-12-20 03:00:00,3.760565544552909
2011-12-20 04:00:00,4.753173497447209
2011-12-20 05:00:00,23.195597569624976
2011-12-20 06:00:00,95.60309976391994
2011-12-20 07:00:00,246.42830078105266
2011-12-20 08:00:00,427.7799391284214
2011-12-20 09:00:00,218.29417905743406
2011-12-20 10:00:00,115.87545270894819
2011-12-20 11:00:00,129.0545618846474
2011-12-20 12:00:00,158.1044867880124
2011-12-20 13:00:00,153.86636342873922
2011-12-20 14:00:00,139.39911271238535
2011-12-20 15:00:00,157.6052763302107
2011-12-20 16:00:00,226.79526635480585
2011-12-20 17:00:00,406.7729887652021
2011-12-20 18:00:00,376.8558491377439
2011-12-20 19:00:00,262.21286315802786
2011-12-20 20:00:00,196.04136974990075
2011-12-20 21:00:00,137.91721447629195
2011-12-20 22:00:00,107.62249097048041
2011-12-20 23:00:00,64.18444472749597
2011-12-21 00:00:00,23.877474773709466
2011-12-21 01:00:00,12.565840720593947
2011-12-21 02:00:00,5.434762909197669
2011-12-21 03:00:00,3.809194523163518
2011-12-21 04:00:00,4.260183258289853
2011-12-21 05:00:00,17.45267663823644
2011-12-21 06:00:00,71.269240935998
2011-12-21 07:00:00,184.33505397482202
2011-12-21 08:00:00,119.37793655282312
2011-12-21 09:00:00,167.71676705934016
2011-12-21 10:00:00,100.3650582861456
2011-12-21 11:00:00,105.85029551685939
2011-12-21 12:00:00,47.893998015629975
2011-12-21 13:00:00,43.60169790222393
2011-12-21 14:00:00,106.49646173511422
2011-12-21 15:00:00,114.90865804908697
2011-12-21 16:00:00,48.51380618148255
2011-12-21 17:00:00,85.36424643184286
2011-12-21 18:00:00,237.01732527996975
2011-12-21 19:00:00,152.49663017824108
2011-12-21 20:00:00,135.23668414869658
2011-12-21 21:00:00,109.25604091877506
2011-12-21 22:00:00,105.37972549290427
2011-12-21 23:00:00,64.74797907882734
2011-12-22 00:00:00,24.919651028257977
2011-12-22 01:00:00,8.288662302570522
2011-12-22 02:00:00,6.459315949411055
2011-12-22 03:00:00,4.205287847538764
2011-12-22 04:00:00,4.931204013040947
2011-12-22 05:00:00,17.755635165476235
2011-12-22 06:00:00,73.57883585923364
2011-12-22 07:00:00,176.2395109169509
2011-12-22 08:00:00,338.23674167677854
2011-12-22 09:00:00,173.9354700123354
2011-12-22 10:00:00,97.77743102542341
2011-12-22 11:00:00,108.71694366839832
2011-12-22 12:00:00,143.5925136671001
2011-12-22 13:00:00,141.2925254728901
2011-12-22 14:00:00,128.07405043243736
2011-12-22 15:00:00,141.5186468263609
2011-12-22 16:00:00,193.080198928841
2011-12-22 17:00:00,338.2268607577144
2011-12-22 18:00:00,331.0701815808773
2011-12-22 19:00:00,229.02403012628378
2011-12-22 20:00:00,61.62966966268987
2011-12-22 21:00:00,61.78979568091584
2011-12-22 22:00:00,44.247901573544794
2011-12-22 23:00:00,35.65225207052385
2011-12-23 00:00:00,27.530599524519182
2011-12-23 01:00:00,12.72569731270957
2011-12-23 02:00:00,6.802803741736647
2011-12-23 03:00:00,5.104256461981614
2011-12-23 04:00:00,3.7063519405167216
2011-12-23 05:00:00,14.855841054896302
2011-12-23 06:00:00,70.70722404468746
2011-12-23 07:00:00,177.4591670182105
2011-12-23 08:00:00,347.677301266502
2011-12-23 09:00:00,188.69352287300728
2011-12-23 10:00:00,113.4452667601176
2011-12-23 11:00:00,128.24572793722294
2011-12-23 12:00:00,166.1147711716742
2011-12-23 13:00:00,164.64181152008268
2011-12-23 14:00:00,161.0367491395629
2011-12-23 15:00:00,160.6116521287548
2011-12-23 16:00:00,189.62424014599378
2011-12-23 17:00:00,330.9847659859745
2011-12-23 18:00:00,297.3555583356325
2011-12-23 19:00:00,165.290608222864
2011-12-23 20:00:00,126.49779864415049
2011-12-23 21:00:00,100.49583823173526
2011-12-23 22:00:00,91.40815646785178
2011-12-23 23:00:00,75.3180636051372
2011-12-24 00:00:00,61.24532748813366
2011-12-24 01:00:00,50.18660646874993
2011-12-24 02:00:00,42.71368810762147
2011-12-24 03:00:00,19.934095600208174
2011-12-24 04:00:00,5.26620096872162
2011-12-24 05:00:00,5.138407134008023
2011-12-24 06:00:00,12.752259200811823
2011-12-24 07:00:00,24.30064593742626
2011-12-24 08:00:00,66.28895916740467
2011-12-24 09:00:00,97.08725932118237
2011-12-24 10:00:00,140.3506318090203
2011-12-24 11:00:00,158.6445455389885
2011-12-24 12:00:00,206.06036528932145
2011-12-24 13:00:00,213.85371721444173
2011-12-24 14:00:00,194.6580320894544
2011-12-24 15:00:00,189.72678809098755
2011-12-24 16:00:00,184.05902069967192
2011-12-24 17:00:00,141.701983963862
2011-12-24 18:00:00,138.79931895449698
2011-12-24 19:00:00,125.20357689068666
2011-12-24 20:00:00,88.58917396742419
2011-12-24 21:00:00,70.25229214724
2011-12-24 22:00:00,61.732812620518395
2011-12-24 23:00:00,47.5721655808187
2011-12-25 00:00:00,46.49372449326502
2011-12-25 01:00:00,36.62487515392946
2011-12-25 02:00:00,34.893571503896794
2011-12-25 03:00:00,15.663150593472338
2011-12-25 05:00:00,4.434575261648233
2011-12-25 06:00:00,8.947463803521966
2011-12-25 07:00:00,20.764230115257792
2011-12-25 08:00:00,46.71527477207243
2011-12-25 09:00:00,73.7661232972837
2011-12-25 10:00:00,128.5932159810157
2011-12-25 11:00:00,161.13021357449995
2011-12-25 12:00:00,187.0876946111914
2011-12-25 13:00:00,200.8767621005893
2011-12-25 14:00:00,192.76756098744534
2011-12-25 15:00:00,200.78980831602465
2011-12-25 16:00:00,201.87925671026608
2011-12-25 17:00:00,165.0869237207356
2011-12-25 18:00:00,132.1845373332204
2011-12-25 19:00:00,126.96599871941069
2011-12-25 20:00:00,98.52778498717664
2011-12-25 21:00:00,68.92375312842077
2011-12-25 22:00:00,57.50916222462457
2011-12-25 23:00:00,44.21141400099143
2011-12-26 00:00:00,50.10077008811059
2011-12-26 01:00:00,37.148473135496346
2011-12-26 02:00:00,36.516907209051155
2011-12-26 04:00:00,6.0654647130706865
2011-12-26 05:00:00,6.62083061380022
2011-12-26 06:00:00,17.6422499940764
2011-12-26 07:00:00,42.01075796563433
2011-12-26 08:00:00,77.41383372844474
2011-12-26 09:00:00,119.93417659249631
2011-12-26 10:00:00,148.70272455636905
2011-12-26 11:00:00,134.83091525867007
2011-12-26 12:00:00,197.38446779075792
2011-12-26 13:00:00,216.85805622582896
2011-12-26 14:00:00,199.93830716885003
2011-12-26 15:00:00,198.52125933987668
2011-12-26 16:00:00,183.11727885496595
2011-12-26 17:00:00,166.34552318935815
2011-12-26 18:00:00,145.77463516196138
2011-12-26 19:00:00,131.4384686217103
2011-12-26 20:00:00,107.05063726940496
2011-12-26 21:00:00,73.14071133673896
2011-12-26 22:00:00,64.48304174276568
2011-12-26 23:00:00,41.590515398701434
2011-12-27 00:00:00,20.157753114418433
2011-12-27 01:00:00,8.918828534148277
2011-12-27 02:00:00,3.8377086135112446
2011-12-27 03:00:00,2.838383617174114
2011-12-27 04:00:00,3.4693928136678127
2011-12-27 05:00:00,14.96424016162868
2011-12-27 06:00:00,62.295453836463494
2011-12-27 07:00:00,169.344777435627
2011-12-27 08:00:00,330.1214451450922
2011-12-27 09:00:00,47.57608946598088
2011-12-27 10:00:00,89.88487183842176
2011-12-27 11:00:00,58.268669545704164
2011-12-27 12:00:00,54.5758855896042
2011-12-27 13:00:00,46.24684559995475
2011-12-27 14:00:00,46.58515436330119
2011-12-27 15:00:00,45.95427516020324
2011-12-27 16:00:00,55.927176548572774
2011-12-27 17:00:00,133.94558329591842
2011-12-27 18:00:00,289.3003537726211
2011-12-27 19:00:00,182.91463000917366
2011-12-27 20:00:00,135.43648050800002
2011-12-27 21:00:00,109.89203407529764
2011-12-27 22:00:00,76.40792991737558
2011-12-27 23:00:00,42.26865796009235
2011-12-28 00:00:00,21.426165008587827
2011-12-28 01:00:00,11.920760239012473
2011-12-28 02:00:00,4.295295448762546
2011-12-28 03:00:00,2.8056510476687304
2011-12-28 05:00:00,14.39922820505805
2011-12-28 06:00:00,68.49942943095887
2011-12-28 07:00:00,172.35304468817142
2011-12-28 08:00:00,337.2171484115399
2011-12-28 09:00:00,177.47190053074763
2011-12-28 10:00:00,85.63790192869804
2011-12-28 11:00:00,101.39537638620118
2011-12-28 12:00:00,80.8304933869534
2011-12-28 13:00:00,111.68530571808466
2011-12-28 14:00:00,106.13830093245303
2011-12-28 15:00:00,106.99985085550736
2011-12-28 16:00:00,139.75719948150223
2011-12-28 17:00:00,305.7610380291643
2011-12-28 18:00:00,288.29641910578164
2011-12-28 19:00:00,160.5576295224918
2011-12-28 20:00:00,126.16561666650634
2011-12-28 21:00:00,82.47686849419634
2011-12-28 22:00:00,65.5605999464822
2011-12-28 23:00:00,39.899385570883
2011-12-29 00:00:00,15.67707398103133
2011-12-29 01:00:00,8.190956473460487
2011-12-29 02:00:00,4.133898722921649
2011-12-29 03:00:00,2.559930687554864
2011-12-29 04:00:00,2.8977702498506233
2011-12-29 05:00:00,15.413249597715623
2011-12-29 06:00:00,61.39447244082147
2011-12-29 07:00:00,157.6460442145814
2011-12-29 08:00:00,326.6153149636408
2011-12-29 09:00:00,169.64016943954366
2011-12-29 10:00:00,70.81355838858681
2011-12-29 11:00:00,82.27566125919097
2011-12-29 12:00:00,93.39507174871295
2011-12-29 13:00:00,104.38483928503169
2011-12-29 14:00:00,101.5317776541592
2011-12-29 15:00:00,110.6223307738771
2011-12-29 16:00:00,143.4887746841295
2011-12-29 17:00:00,308.0188183826509
2011-12-29 18:00:00,298.689613988526
2011-12-29 19:00:00,178.83695838101505
2011-12-29 20:00:00,132.09070599788308
2011-12-29 21:00:00,101.90177775719899
2011-12-29 22:00:00,71.4429747337077
2011-12-29 23:00:00,49.00125857547512
2011-12-30 00:00:00,33.23573314214025
2011-12-30 01:00:00,15.04051720904287
2011-12-30 02:00:00,7.923642698328611
2011-12-30 03:00:00,3.81906204496922
2011-12-30 04:00:00,3.3942814420080594
2011-12-30 05:00:00,15.366815165566427
2011-12-30 06:00:00,53.967973512962566
2011-12-30 07:00:00,160.05824757045218
2011-12-30 08:00:00,328.0433574311074
2011-12-30 09:00:00,173.35596365534775
2011-12-30 10:00:00,94.32315123522784
2011-12-30 11:00:00,120.22853353304086
2011-12-30 12:00:00,145.24808309318811
2011-12-30 13:00:00,153.24141743514602
2011-12-30 14:00:00,159.12505091025312
2011-12-30 15:00:00,167.74098551667413
2011-12-30 16:00:00,205.32776551387275
2011-12-30 17:00:00,333.24782443576976
2011-12-30 18:00:00,301.3903622044436
2011-12-30 19:00:00,156.60587314567672
2011-12-30 20:00:00,143.24912322260133
2011-12-30 21:00:00,111.26939668659294
2011-12-30 22:00:00,98.3499794663254
2011-12-30 23:00:00,75.82428346950698
2011-12-31 00:00:00,63.12486596308254
2011-12-31 01:00:00,58.90085411480953
2011-12-31 02:00:00,45.5638427470007
2011-12-31 03:00:00,19.67214714122549
2011-12-31 04:00:00,4.203516412223883
2011-12-31 05:00:00,4.57481606753094
2011-12-31 06:00:00,13.436572163260541
2011-12-31 07:00:00,23.567525373691716
2011-12-31 08:00:00,67.67143471987802
2011-12-31 09:00:00,109.95820795141995
2011-12-31 10:00:00,177.46734351600222
2011-12-31 11:00:00,209.69019751339664
2011-12-31 12:00:00,313.5298651129265
2011-12-31 13:00:00,304.04222707706504
2011-12-31 14:00:00,274.3743907816682
2011-12-31 15:00:00,266.2447821463411
2011-12-31 16:00:00,238.98669616191995
2011-12-31 17:00:00,206.7468198206086
2011-12-31 18:00:00,181.30714129843759
2011-12-31 19:00:00,166.2702141873932
2011-12-31 20:00:00,125.59384458159798
2011-12-31 21:00:00,98.89742971009728
2011-12-31 22:00:00,88.10744664742833
2011-12-31 23:00:00,61.938964327841575
2012-01-20 00:00:00,33.71954156113169
2012-01-20 01:00:00,18.259533484856675
2012-01-20 02:00:00,6.30848456835662
2012-01-20 03:00:00,3.3714557065826485
2012-01-20 04:00:00,2.6860382212016454
2012-01-20 05:00:00,17.72215454388856
2012-01-20 06:00:00,68.89727556733607
2012-01-20 07:00:00,209.62758123118687
2012-01-20 08:00:00,440.92554061537226
2012-01-20 09:00:00,210.90987509110727
2012-01-20 10:00:00,104.71332812080772
2012-01-20 11:00:00,104.78571783185322
2012-01-20 12:00:00,143.63421596796454
2012-01-20 13:00:00,163.19275798539098
2012-01-20 14:00:00,147.23206550255395
2012-01-20 15:00:00,167.42631748872913
2012-01-20 16:00:00,185.6340593946063
2012-01-20 17:00:00,330.0560735629831
2012-01-20 18:00:00,288.6745014014375
2012-01-20 19:00:00,178.9682269596115
2012-01-20 20:00:00,130.341685617422
2012-01-20 21:00:00,97.62272143967087
2012-01-20 22:00:00,85.38655671191285
2012-01-20 23:00:00,63.56408117886737
2012-01-21 00:00:00,49.69132944264654
2012-01-21 01:00:00,32.98269676344768
2012-01-21 02:00:00,26.033681113662894
2012-01-21 03:00:00,15.449449285469086
2012-01-21 04:00:00,3.91274589792742
2012-01-21 05:00:00,2.8463617415081357
2012-01-21 06:00:00,6.3236855729834796
2012-01-21 07:00:00,16.98264320687898
2012-01-21 08:00:00,70.76739460395433
2012-01-21 09:00:00,92.41161510672887
2012-01-21 10:00:00,140.90345107544044
2012-01-21 11:00:00,188.48128520879436
2012-01-21 12:00:00,219.73079312563533
2012-01-21 13:00:00,233.20135047725594
2012-01-21 14:00:00,162.55871060330685
2012-01-21 15:00:00,158.25001931454483
2012-01-21 16:00:00,190.9365762688752
2012-01-21 17:00:00,151.86807403447133
2012-01-21 18:00:00,135.9900217123814
2012-01-21 19:00:00,116.11307303051088
2012-01-21 20:00:00,90.21135865452666
2012-01-21 21:00:00,78.20866411209994
2012-01-21 22:00:00,66.9835881944604
2012-01-21 23:00:00,51.094290421498556
2012-01-22 00:00:00,49.881926378860754
2012-01-22 01:00:00,44.3362813121735
2012-01-22 02:00:00,34.878160902326044
2012-01-22 03:00:00,18.58047283968891
2012-01-22 04:00:00,3.7911063862296692
2012-01-22 05:00:00,3.1346682834813624
2012-01-22 06:00:00,4.389014865140221
2012-01-22 07:00:00,18.908735965058394
2012-01-22 08:00:00,51.93144396688903
2012-01-22 09:00:00,91.65326522700076
2012-01-22 10:00:00,133.89152087752223
2012-01-22 11:00:00,149.43399819848355
2012-01-22 12:00:00,204.05510068168533
2012-01-22 13:00:00,231.9411026409125
2012-01-22 14:00:00,205.5737001095042
2012-01-22 15:00:00,192.41938877493754
2012-01-22 16:00:00,183.80285587179998
2012-01-22 17:00:00,155.04216328261603
2012-01-22 18:00:00,109.32223656610245
2012-01-22 19:00:00,107.54256977936035
2012-01-22 20:00:00,65.85518709856848
2012-01-22 21:00:00,60.739442765281304
2012-01-22 22:00:00,49.474000997674175
2012-01-22 23:00:00,39.570058263782585
2012-01-23 00:00:00,14.85199550344879
2012-01-23 01:00:00,4.417127365216963
2012-01-23 02:00:00,3.327416544363863
2012-01-23 03:00:00,2.834027636842477
2012-01-23 04:00:00,2.8730073917832164
2012-01-23 05:00:00,16.24196054251479
2012-01-23 06:00:00,83.53285167251167
2012-01-23 07:00:00,137.6078341034269
2012-01-23 08:00:00,177.52656555142258
2012-01-23 09:00:00,210.82418057309192
2012-01-23 10:00:00,93.76724880729591
2012-01-23 11:00:00,96.20904139792238
2012-01-23 12:00:00,95.84290238755247
2012-01-23 13:00:00,68.19490655909084
2012-01-23 14:00:00,59.40872048881037
2012-01-23 15:00:00,94.54709931969956
2012-01-23 16:00:00,163.05936258333014
2012-01-23 17:00:00,309.8479025007732
2012-01-23 18:00:00,309.5958995716346
2012-01-23 19:00:00,199.82503372471612
2012-01-23 20:00:00,167.44944872447383
2012-01-23 21:00:00,94.60846537796624
2012-01-23 22:00:00,82.84593202957709
2012-01-23 23:00:00,47.19500281435888
2012-01-24 00:00:00,16.440196077958447
2012-01-24 01:00:00,4.9312501107564675
2012-01-24 02:00:00,3.8978591663492987
2012-01-24 03:00:00,2.7973264926806083
2012-01-24 04:00:00,2.8461723135836254
2012-01-24 05:00:00,17.72161594349307
2012-01-24 06:00:00,81.3958265268609
2012-01-24 07:00:00,239.49544365247533
2012-01-24 08:00:00,476.9113415012297
2012-01-24 09:00:00,225.6480702277595
2012-01-24 10:00:00,91.49673020670042
2012-01-24 11:00:00,93.20176205866188
2012-01-24 12:00:00,110.0281700117983
2012-01-24 13:00:00,107.67482256219955
2012-01-24 14:00:00,122.88652346724052
2012-01-24 15:00:00,124.16090696466142
2012-01-24 16:00:00,232.0396578796332
2012-01-24 17:00:00,473.5369152494675
2012-01-24 18:00:00,444.7423384377834
2012-01-24 19:00:00,332.79508958647864
2012-01-24 20:00:00,199.6979992296106
2012-01-24 21:00:00,134.24491270563695
2012-01-24 22:00:00,101.31255277700744
2012-01-24 23:00:00,58.14111172473789
2012-01-25 00:00:00,20.72798507696894
2012-01-25 01:00:00,5.46034301068955
2012-01-25 02:00:00,4.333382260904367
2012-01-25 03:00:00,2.991537073023203
2012-01-25 04:00:00,2.49474280280361
2012-01-25 05:00:00,19.153980395791027
2012-01-25 06:00:00,80.39725541899449
2012-01-25 07:00:00,232.53125975420522
2012-01-25 08:00:00,465.0178943044844
2012-01-25 09:00:00,212.5801946230614
2012-01-25 10:00:00,95.783088524881
2012-01-25 11:00:00,103.66419995109047
2012-01-25 12:00:00,133.8245476746921
2012-01-25 13:00:00,128.73468512260482
2012-01-25 14:00:00,120.41420582572724
2012-01-25 15:00:00,132.16148666725815
2012-01-25 16:00:00,207.8596480661273
2012-01-25 17:00:00,417.0991212159697
2012-01-25 18:00:00,404.9058561575573
2012-01-25 19:00:00,264.02798748911334
2012-01-25 20:00:00,193.72018643727336
2012-01-25 21:00:00,119.99893137399918
2012-01-25 22:00:00,101.1351872746535
2012-01-25 23:00:00,50.941964771497084
2012-01-26 00:00:00,20.062589127087254
2012-01-26 01:00:00,5.8433116039338255
2012-01-26 02:00:00,4.379241650243666
2012-01-26 03:00:00,2.8334349378155945
2012-01-26 04:00:00,3.0810188571761215
2012-01-26 05:00:00,19.95687780031036
2012-01-26 06:00:00,87.64661683289674
2012-01-26 07:00:00,240.51241814837675
2012-01-26 08:00:00,483.71879879144774
2012-01-26 09:00:00,226.80507880846264
2012-01-26 10:00:00,94.214746458496
2012-01-26 11:00:00,93.6672620444031
2012-01-26 12:00:00,112.0019700967231
2012-01-26 13:00:00,117.00023938930443
2012-01-26 14:00:00,117.41769231160634
2012-01-26 15:00:00,132.2790723165807
2012-01-26 16:00:00,224.9629823626714
2012-01-26 17:00:00,471.8452866960276
2012-01-26 18:00:00,466.04092584694183
2012-01-26 19:00:00,313.90916264447765
2012-01-26 20:00:00,203.22244631753802
2012-01-26 21:00:00,128.60960365338096
2012-01-26 22:00:00,112.72204756279494
2012-01-26 23:00:00,72.39243423694063
2012-01-27 00:00:00,40.57994329104663
2012-01-27 01:00:00,20.80155192620275
2012-01-27 02:00:00,9.308417883554675
2012-01-27 03:00:00,5.231289691907557
2012-01-27 04:00:00,2.7412906256628795
2012-01-27 05:00:00,19.571865532765088
2012-01-27 06:00:00,84.84789260633846
2012-01-27 07:00:00,238.6577061355987
2012-01-27 08:00:00,365.732454257245
2012-01-27 09:00:00,178.41509600986706
2012-01-27 10:00:00,82.52895892348563
2012-01-27 11:00:00,163.9056005899546
2012-01-27 12:00:00,268.7076949455216
2012-01-27 13:00:00,269.7397348280847
2012-01-27 14:00:00,251.65237834401066
2012-01-27 15:00:00,226.6879340998257
2012-01-27 16:00:00,280.3153635617575
2012-01-27 17:00:00,456.89607634052703
2012-01-27 18:00:00,379.14508292550977
2012-01-27 19:00:00,239.50577110009363
2012-01-27 20:00:00,150.9306831375248
2012-01-27 21:00:00,121.27497628695535
2012-01-27 22:00:00,112.16709116595865
2012-01-27 23:00:00,66.07429014199899
2012-01-28 00:00:00,61.27627806145537
2012-01-28 01:00:00,48.96546302001703
2012-01-28 02:00:00,39.76881696627457
2012-01-28 03:00:00,19.600663822336493
2012-01-28 04:00:00,4.49751365309052
2012-01-28 05:00:00,2.7382762616825773
2012-01-28 06:00:00,7.329223362293142
2012-01-28 07:00:00,21.92401266272656
2012-01-28 08:00:00,77.91305898260825
2012-01-28 09:00:00,112.83122801248227
2012-01-28 10:00:00,193.66108094477167
2012-01-28 11:00:00,227.45161348305737
2012-01-28 12:00:00,239.79540234067804
2012-01-28 13:00:00,296.1802180458784
2012-01-28 14:00:00,328.6103665260331
2012-01-28 15:00:00,354.5764613248059
2012-01-28 16:00:00,383.0479274278532
2012-01-28 17:00:00,272.4803536482425
2012-01-28 18:00:00,240.3420139348007
2012-01-28 19:00:00,185.14310411304257
2012-01-28 20:00:00,135.92257687383483
2012-01-28 21:00:00,109.02169914268383
2012-01-28 22:00:00,83.99458004060904
2012-01-28 23:00:00,64.97868692370315
2012-01-29 00:00:00,59.56731149637527
2012-01-29 01:00:00,51.3893478111248
2012-01-29 02:00:00,44.76776028800623
2012-01-29 03:00:00,17.456113374812745
2012-01-29 04:00:00,4.878497902936267
2012-01-29 05:00:00,3.5399212171568397
2012-01-29 06:00:00,5.29516763050162
2012-01-29 07:00:00,21.288382022145974
2012-01-29 08:00:00,55.6916590757163
2012-01-29 09:00:00,98.21679591508469
2012-01-29 10:00:00,173.34629499900979
2012-01-29 11:00:00,207.74563623195553
2012-01-29 12:00:00,280.53274139148465
2012-01-29 13:00:00,300.92221553081
2012-01-29 14:00:00,259.79603292670015
2012-01-29 15:00:00,299.26342309938417
2012-01-29 16:00:00,297.10033454832524
2012-01-29 17:00:00,240.80676393493027
2012-01-29 18:00:00,198.31083083006672
2012-01-29 19:00:00,162.1839359289165
2012-01-29 20:00:00,112.95886848192328
2012-01-29 21:00:00,92.17106661490655
2012-01-29 22:00:00,62.129653293971295
2012-01-29 23:00:00,45.9193426589833
2012-01-30 00:00:00,17.14566769740439
2012-01-30 01:00:00,3.967402975260174
2012-01-30 02:00:00,3.550236074485388
2012-01-30 03:00:00,2.3477401259177615
2012-01-30 04:00:00,2.472326386177886
2012-01-30 05:00:00,18.795082760133923
2012-01-30 06:00:00,73.12039089031062
2012-01-30 07:00:00,217.22206869474172
2012-01-30 08:00:00,411.50436265787386
2012-01-30 09:00:00,199.13868214909476
2012-01-30 10:00:00,95.41496306122312
2012-01-30 11:00:00,98.53182598097017
2012-01-30 12:00:00,117.73251950643943
2012-01-30 13:00:00,123.40883179330632
2012-01-30 14:00:00,114.99757586702414
2012-01-30 15:00:00,124.32591157563935
2012-01-30 16:00:00,213.43313841187518
2012-01-30 17:00:00,405.2653777731349
2012-01-30 18:00:00,403.4239267325805
2012-01-30 19:00:00,241.0982051457891
2012-01-30 20:00:00,184.58213928631903
2012-01-30 21:00:00,126.98006810868864
2012-01-30 22:00:00,85.04541546806968
2012-01-30 23:00:00,46.814202907794375
2012-01-31 00:00:00,17.42153101485469
2012-01-31 01:00:00,4.641474612914951
2012-01-31 02:00:00,4.171903596663861
2012-01-31 03:00:00,2.5885155447734736
2012-01-31 04:00:00,2.480679665381404
2012-01-31 05:00:00,18.85256765346688
2012-01-31 06:00:00,79.62586256070844
2012-01-31 07:00:00,228.2067674951503
2012-01-31 08:00:00,473.85401393220764
2012-01-31 09:00:00,209.32524068310371
2012-01-31 10:00:00,97.50495926915092
2012-01-31 11:00:00,119.71291490542507
2012-01-31 12:00:00,148.76797843992108
2012-01-31 13:00:00,166.96797967485975
2012-01-31 14:00:00,179.71702705430985
2012-01-31 15:00:00,224.33835256196855
2012-01-31 16:00:00,306.9057236894967
2012-01-31 17:00:00,482.69231621310627
2012-01-31 18:00:00,486.4668879437813
2012-01-31 19:00:00,409.9027728408348
2012-01-31 20:00:00,203.02646360665818
2012-01-31 21:00:00,160.84920128048526
2012-01-31 22:00:00,110.11798950454084
2012-01-31 23:00:00,73.44672519149908
2012-02-20 00:00:00,47.468887776420615
2012-02-20 01:00:00,34.525460384943756
2012-02-20 02:00:00,22.179596143905602
2012-02-20 03:00:00,11.052192053078189
2012-02-20 05:00:00,2.788726730271901
2012-02-20 06:00:00,7.997464118594088
2012-02-20 07:00:00,15.02391528559429
2012-02-20 08:00:00,60.32380042363467
2012-02-20 09:00:00,101.91762044847445
2012-02-20 10:00:00,160.6402735724118
2012-02-20 11:00:00,206.36139961074045
2012-02-20 12:00:00,224.30673608812896
2012-02-20 13:00:00,266.20857852964315
2012-02-20 14:00:00,273.10428960950514
2012-02-20 15:00:00,279.95703062934325
2012-02-20 16:00:00,337.4743994510493
2012-02-20 17:00:00,285.2699135915283
2012-02-20 18:00:00,207.29949630606149
2012-02-20 19:00:00,173.64029210107327
2012-02-20 20:00:00,126.69337900603112
2012-02-20 21:00:00,87.08849900371828
2012-02-20 22:00:00,50.840701085474215
2012-02-20 23:00:00,42.390819863913975
2012-02-21 00:00:00,18.12321437376987
2012-02-21 01:00:00,5.422904751475461
2012-02-21 02:00:00,3.5805137758193957
2012-02-21 04:00:00,2.119874647668275
2012-02-21 05:00:00,17.158073497291916
2012-02-21 06:00:00,89.0552282145818
2012-02-21 07:00:00,264.68249434604655
2012-02-21 08:00:00,454.2294771140891
2012-02-21 09:00:00,234.8197425455632
2012-02-21 10:00:00,100.02314460443694
2012-02-21 11:00:00,103.20070561330537
2012-02-21 12:00:00,144.67929569863492
2012-02-21 13:00:00,146.43139815337523
2012-02-21 14:00:00,120.97065073198232
2012-02-21 15:00:00,149.4543421773717
2012-02-21 16:00:00,228.64584002195357
2012-02-21 17:00:00,426.88006504741736
2012-02-21 18:00:00,424.6227318678044
2012-02-21 19:00:00,274.27157344584
2012-02-21 20:00:00,201.5471521889313
2012-02-21 21:00:00,161.2146378369231
2012-02-21 22:00:00,105.93163737455549
2012-02-21 23:00:00,52.16752538226818
2012-02-22 00:00:00,19.921057110940122
2012-02-22 01:00:00,6.849256960383261
2012-02-22 02:00:00,4.6466340324743545
2012-02-22 03:00:00,2.9064353166085053
2012-02-22 04:00:00,2.3783070934235457
2012-02-22 05:00:00,21.18074602779153
2012-02-22 06:00:00,85.5525761150932
2012-02-22 07:00:00,276.840407149453
2012-02-22 08:00:00,497.8136564474828
2012-02-22 09:00:00,247.21122540779734
2012-02-22 10:00:00,108.76691439474752
2012-02-22 11:00:00,125.47739377406326
2012-02-22 12:00:00,162.28043854368792
2012-02-22 13:00:00,162.94697619385778
2012-02-22 14:00:00,139.97635420841516
2012-02-22 15:00:00,197.56238313860212
2012-02-22 16:00:00,308.29924289511916
2012-02-22 17:00:00,489.0525235657361
2012-02-22 18:00:00,474.4317102858751
2012-02-22 19:00:00,355.6759692365353
2012-02-22 20:00:00,207.3447684684056
2012-02-22 21:00:00,174.2446988443856
2012-02-22 22:00:00,118.01695969168905
2012-02-22 23:00:00,73.4946180155555
2012-02-23 00:00:00,25.335735387212665
2012-02-23 01:00:00,8.777069378266518
2012-02-23 02:00:00,8.563886734792014
2012-02-23 03:00:00,3.24142473437014
2012-02-23 04:00:00,3.079108709859366
2012-02-23 05:00:00,22.132938302239868
2012-02-23 06:00:00,89.20323832902272
2012-02-23 07:00:00,279.51762362477314
2012-02-23 08:00:00,487.37829568776255
2012-02-23 09:00:00,245.41384181201525
2012-02-23 10:00:00,126.63524675538861
2012-02-23 11:00:00,163.1800500558095
2012-02-23 12:00:00,205.07354055255126
2012-02-23 13:00:00,214.1075543438758
2012-02-23 14:00:00,214.77887702871408
2012-02-23 15:00:00,232.84072052298342
2012-02-23 16:00:00,330.8721484269846
2012-02-23 17:00:00,508.6761463862334
2012-02-23 18:00:00,509.8652577083981
2012-02-23 19:00:00,437.4219707135655
2012-02-23 20:00:00,217.1618223326195
2012-02-23 21:00:00,170.25362467895332
2012-02-23 22:00:00,126.29140945774277
2012-02-23 23:00:00,77.53609847359316
2012-02-24 00:00:00,44.71293771096177
2012-02-24 01:00:00,23.402044373308883
2012-02-24 02:00:00,8.193712063722867
2012-02-24 03:00:00,5.7730343421140855
2012-02-24 04:00:00,2.5950707381990368
2012-02-24 05:00:00,22.04491076532227
2012-02-24 06:00:00,82.3669224085888
2012-02-24 07:00:00,256.7514330603106
2012-02-24 08:00:00,461.7233877462324
2012-02-24 09:00:00,140.76737949482944
2012-02-24 10:00:00,59.51619644423388
2012-02-24 11:00:00,128.2933480798898
2012-02-24 12:00:00,214.477773814668
2012-02-24 13:00:00,220.12227458408805
2012-02-24 14:00:00,194.65900834625887
2012-02-24 15:00:00,120.90130769325935
2012-02-24 16:00:00,127.36000677102076
2012-02-24 17:00:00,373.1673495383483
2012-02-24 18:00:00,417.3214989270372
2012-02-24 19:00:00,279.9979751530039
2012-02-24 20:00:00,181.61418016251596
2012-02-24 21:00:00,137.6558805261157
2012-02-24 22:00:00,122.76619390176447
2012-02-24 23:00:00,85.63021682388572
2012-02-25 00:00:00,72.43242522038933
2012-02-25 01:00:00,56.31145754990504
2012-02-25 02:00:00,44.804143124042604
2012-02-25 03:00:00,19.61331773733908
2012-02-25 04:00:00,4.176787026587155
2012-02-25 05:00:00,3.7348923733598935
2012-02-25 06:00:00,8.968803199284956
2012-02-25 07:00:00,24.52845412545512
2012-02-25 08:00:00,72.78762645770792
2012-02-25 09:00:00,57.86367432528129
2012-02-25 10:00:00,189.1383677838509
2012-02-25 11:00:00,207.5238097501532
2012-02-25 12:00:00,220.48574861970758
2012-02-25 13:00:00,288.0815072593427
2012-02-25 14:00:00,209.24348375858204
2012-02-25 15:00:00,249.01783976792518
2012-02-25 16:00:00,204.2693351638812
2012-02-25 17:00:00,184.04411953699224
2012-02-25 18:00:00,178.14301448209764
2012-02-25 19:00:00,147.1537515893852
2012-02-25 20:00:00,106.91320593351674
2012-02-25 21:00:00,85.55380549184996
2012-02-25 22:00:00,57.72701087740865
2012-02-25 23:00:00,43.757300329840135
2012-02-26 00:00:00,55.527098915063036
2012-02-26 01:00:00,47.56375528680377
2012-02-26 02:00:00,44.08914548394512
2012-02-26 03:00:00,17.446335482099276
2012-02-26 04:00:00,4.079060444153407
2012-02-26 05:00:00,3.527965730370423
2012-02-26 06:00:00,5.619135483425695
2012-02-26 07:00:00,19.740093110533408
2012-02-26 08:00:00,54.537906996874796
2012-02-26 09:00:00,102.08566393411938
2012-02-26 10:00:00,188.25999244412776
2012-02-26 11:00:00,208.97558256468204
2012-02-26 12:00:00,285.0322094044092
2012-02-26 13:00:00,319.3382371241263
2012-02-26 14:00:00,290.27013978684425
2012-02-26 15:00:00,316.59752822324845
2012-02-26 16:00:00,311.737480249396
2012-02-26 17:00:00,264.7500104230674
2012-02-26 18:00:00,202.53867298165682
2012-02-26 19:00:00,172.3007885051017
2012-02-26 20:00:00,114.16240211300526
2012-02-26 21:00:00,89.6706065172725
2012-02-26 22:00:00,60.025566602670196
2012-02-26 23:00:00,43.31538154056335
2012-02-27 00:00:00,17.201879301234964
2012-02-27 01:00:00,4.301745197678731
2012-02-27 02:00:00,3.50839170035352
2012-02-27 03:00:00,2.3027176865250993
2012-02-27 04:00:00,2.0020489206853376
2012-02-27 05:00:00,19.17368458954718
2012-02-27 06:00:00,81.6275770858564
2012-02-27 07:00:00,250.5162907019704
2012-02-27 08:00:00,456.0448690551201
2012-02-27 09:00:00,227.33133761699142
2012-02-27 10:00:00,106.69362222680812
2012-02-27 11:00:00,127.15045072407186
2012-02-27 12:00:00,154.87094277735915
2012-02-27 13:00:00,158.8600806487961
2012-02-27 14:00:00,155.66064383744504
2012-02-27 15:00:00,206.8101415212588
2012-02-27 16:00:00,310.232689732721
2012-02-27 17:00:00,494.9391691825866
2012-02-27 18:00:00,483.9230133870024
2012-02-27 19:00:00,423.0295880330268
2012-02-27 20:00:00,238.72738962066927
2012-02-27 21:00:00,171.59635589656318
2012-02-27 22:00:00,124.41115650079033
2012-02-27 23:00:00,66.06622235117483
2012-02-28 00:00:00,23.561559740178467
2012-02-28 01:00:00,8.33403269763839
2012-02-28 02:00:00,7.012730231866229
2012-02-28 03:00:00,2.9443976131399707
2012-02-28 04:00:00,2.1448543005296137
2012-02-28 05:00:00,19.22783014738676
2012-02-28 06:00:00,79.50348847614615
2012-02-28 07:00:00,253.14394780083185
2012-02-28 08:00:00,457.20882978177843
2012-02-28 09:00:00,230.14460433386645
2012-02-28 10:00:00,104.18633685056409
2012-02-28 11:00:00,117.7376268886729
2012-02-28 12:00:00,155.20475393697194
2012-02-28 13:00:00,141.98454918746668
2012-02-28 14:00:00,137.57193313118088
2012-02-28 15:00:00,152.94571374542753
2012-02-28 16:00:00,259.09842552067244
2012-02-28 17:00:00,482.23479882649747
2012-02-28 18:00:00,479.9685038259567
2012-02-28 19:00:00,357.7894041518266
2012-02-28 20:00:00,210.25366230395628
2012-02-28 21:00:00,160.65798874019288
2012-02-28 22:00:00,112.55609239548505
2012-02-28 23:00:00,51.865368750565246
2012-02-29 00:00:00,20.458290690992097
2012-02-29 01:00:00,6.841810836381106
2012-02-29 02:00:00,4.121611808596084
2012-02-29 03:00:00,2.2743629172278426
2012-02-29 05:00:00,21.44183872455197
2012-02-29 06:00:00,85.49427023695856
2012-02-29 07:00:00,263.5425529726987
2012-02-29 08:00:00,484.92523942074524
2012-02-29 09:00:00,119.74662963867836
2012-02-29 10:00:00,50.958275761396855
2012-02-29 11:00:00,52.8838999575305
2012-02-29 12:00:00,42.74134718415145
2012-02-29 13:00:00,109.51078234318626
2012-02-29 14:00:00,106.65646434876754
2012-02-29 15:00:00,137.57930314382955
2012-02-29 16:00:00,109.20761843492589
2012-02-29 17:00:00,434.18266749150973
2012-02-29 18:00:00,360.95759813213925
2012-02-29 19:00:00,327.8467364577363
2012-02-29 20:00:00,113.26171990107053
2012-02-29 21:00:00,76.50675470259094
2012-02-29 22:00:00,74.22428649486979
2012-02-29 23:00:00,65.57296174509555
2012-03-20 00:00:00,30.552166684579454
2012-03-20 01:00:00,12.617945452367458
2012-03-20 02:00:00,5.089758733140399
2012-03-20 03:00:00,3.5531709806757217
2012-03-20 04:00:00,3.7144986115950447
2012-03-20 05:00:00,30.627413591265533
2012-03-20 06:00:00,137.4650837174665
2012-03-20 07:00:00,205.33711854077
2012-03-20 08:00:00,586.2720375266985
2012-03-20 09:00:00,335.0878768317193
2012-03-20 10:00:00,155.85439103604173
2012-03-20 11:00:00,168.99762096512626
2012-03-20 12:00:00,243.08569998616647
2012-03-20 13:00:00,239.94070702595474
2012-03-20 14:00:00,218.39469235861682
2012-03-20 15:00:00,263.667115880609
2012-03-20 16:00:00,367.5797554039947
2012-03-20 17:00:00,683.4499685402754
2012-03-20 18:00:00,693.2493830628414
2012-03-20 19:00:00,522.3338030260279
2012-03-20 20:00:00,347.46984973471996
2012-03-20 21:00:00,239.4470121030571
2012-03-20 22:00:00,161.76771715386457
2012-03-20 23:00:00,100.25492342641657
2012-03-21 00:00:00,37.900698044097446
2012-03-21 01:00:00,13.815335767179592
2012-03-21 02:00:00,5.517175661046018
2012-03-21 03:00:00,3.8551963812471928
2012-03-21 04:00:00,4.04934295302868
2012-03-21 05:00:00,31.984535176750175
2012-03-21 06:00:00,134.48862834325615
2012-03-21 07:00:00,127.1107381739555
2012-03-21 08:00:00,402.3298974556667
2012-03-21 09:00:00,317.3082334142283
2012-03-21 10:00:00,170.76422572734054
2012-03-21 11:00:00,157.63526670091403
2012-03-21 12:00:00,235.04983078956835
2012-03-21 13:00:00,204.15292914345196
2012-03-21 14:00:00,211.0897445754877
2012-03-21 15:00:00,233.38646611112074
2012-03-21 16:00:00,360.6355872409158
2012-03-21 17:00:00,668.4079921489913
2012-03-21 18:00:00,680.7267683463288
2012-03-21 19:00:00,493.3447983734177
2012-03-21 20:00:00,358.1004082361822
2012-03-21 21:00:00,225.63720651870238
2012-03-21 22:00:00,181.81390718021606
2012-03-21 23:00:00,114.87253060670477
2012-03-22 00:00:00,43.52101475452836
2012-03-22 01:00:00,14.406533939034384
2012-03-22 02:00:00,6.131429941507041
2012-03-22 03:00:00,4.4445435263295785
2012-03-22 04:00:00,4.424982788889148
2012-03-22 05:00:00,29.733055797672808
2012-03-22 06:00:00,136.497651241078
2012-03-22 07:00:00,331.6141896159854
2012-03-22 08:00:00,537.9898543220044
2012-03-22 09:00:00,311.35503082745015
2012-03-22 10:00:00,166.0938155269721
2012-03-22 11:00:00,152.66691934091352
2012-03-22 12:00:00,194.51338390024478
2012-03-22 13:00:00,240.0419574523852
2012-03-22 14:00:00,217.71477630054886
2012-03-22 15:00:00,267.7593005480551
2012-03-22 16:00:00,371.73720663160185
2012-03-22 17:00:00,733.6574473202866
2012-03-22 18:00:00,741.9126227710901
2012-03-22 19:00:00,517.6243970223513
2012-03-22 20:00:00,366.6324816279553
2012-03-22 21:00:00,248.84768641307357
2012-03-22 22:00:00,188.24646744328098
2012-03-22 23:00:00,111.56773709179815
2012-03-23 00:00:00,52.33611175927335
2012-03-23 01:00:00,37.20155750302719
2012-03-23 02:00:00,11.487567234128676
2012-03-23 03:00:00,5.603727886312498
2012-03-23 04:00:00,4.034236487007897
2012-03-23 05:00:00,31.20348732694144
2012-03-23 06:00:00,123.71183736394647
2012-03-23 07:00:00,332.3489584727451
2012-03-23 08:00:00,520.0783586683635
2012-03-23 09:00:00,321.7345290119817
2012-03-23 10:00:00,179.6010662186792
2012-03-23 11:00:00,251.39917830342583
2012-03-23 12:00:00,347.6322888381736
2012-03-23 13:00:00,365.7616210654236
2012-03-23 14:00:00,342.8876827881192
2012-03-23 15:00:00,369.8749389638035
2012-03-23 16:00:00,498.15911816173417
2012-03-23 17:00:00,742.7106027615259
2012-03-23 18:00:00,645.4449148729891
2012-03-23 19:00:00,469.9176330081946
2012-03-23 20:00:00,320.1454481369162
2012-03-23 21:00:00,258.72609787854503
2012-03-23 22:00:00,233.47108487786798
2012-03-23 23:00:00,190.94324436034512
2012-03-24 00:00:00,127.55008095852341
2012-03-24 01:00:00,93.70971618250377
2012-03-24 02:00:00,58.6958902060071
2012-03-24 03:00:00,34.655926117179206
2012-03-24 04:00:00,9.228796262533749
2012-03-24 05:00:00,9.113487141614844
2012-03-24 06:00:00,25.746266195585566
2012-03-24 07:00:00,40.91258095860882
2012-03-24 08:00:00,179.54827692203557
2012-03-24 09:00:00,207.1801833093909
2012-03-24 10:00:00,324.6355765439508
2012-03-24 11:00:00,365.69233456953094
2012-03-24 12:00:00,308.76358072765095
2012-03-24 13:00:00,293.2096573647896
2012-03-24 14:00:00,261.67796838495065
2012-03-24 15:00:00,257.04308162957227
2012-03-24 16:00:00,283.0269020592411
2012-03-24 17:00:00,190.48649177823074
2012-03-24 18:00:00,121.77925987566489
2012-03-24 19:00:00,112.97374955652374
2012-03-24 20:00:00,93.11083965313848
2012-03-24 21:00:00,90.98774306296896
2012-03-24 22:00:00,89.1656354390544
2012-03-24 23:00:00,90.88251855669577
2012-03-25 00:00:00,90.52695853939278
2012-03-25 01:00:00,77.73630727588058
2012-03-25 02:00:00,50.13070876571411
2012-03-25 03:00:00,25.859391638007946
2012-03-25 04:00:00,7.13615663407284
2012-03-25 05:00:00,5.776472815281516
2012-03-25 06:00:00,12.88277313411293
2012-03-25 07:00:00,32.250459561294406
2012-03-25 08:00:00,96.09685283040051
2012-03-25 09:00:00,169.52406485488672
2012-03-25 10:00:00,225.92516046785238
2012-03-25 11:00:00,303.9186336741489
2012-03-25 12:00:00,353.34172998789035
2012-03-25 13:00:00,372.3913665644609
2012-03-25 14:00:00,366.7538728631321
2012-03-25 15:00:00,369.3323270727599
2012-03-25 16:00:00,394.47230519713486
2012-03-25 17:00:00,443.6879734174247
2012-03-25 18:00:00,422.4957026406983
2012-03-25 19:00:00,329.61256731513225
2012-03-25 20:00:00,210.0342470612541
2012-03-25 21:00:00,156.32988967812815
2012-03-25 22:00:00,105.15480721141381
2012-03-25 23:00:00,65.60187832655723
2012-03-26 00:00:00,28.94350904029007
2012-03-26 01:00:00,12.15251966447938
2012-03-26 02:00:00,6.344200439615057
2012-03-26 03:00:00,3.523005982975622
2012-03-26 04:00:00,4.382102207164729
2012-03-26 05:00:00,27.876328591789672
2012-03-26 06:00:00,117.71773282978008
2012-03-26 07:00:00,373.2013137436945
2012-03-26 08:00:00,599.0275746922704
2012-03-26 09:00:00,300.12870130555166
2012-03-26 10:00:00,168.32103809060018
2012-03-26 11:00:00,199.7337074951684
2012-03-26 12:00:00,235.6718364376514
2012-03-26 13:00:00,218.11607811882945
2012-03-26 14:00:00,209.59055308816937
2012-03-26 15:00:00,223.8547731224432
2012-03-26 16:00:00,322.57915554707984
2012-03-26 17:00:00,596.0393357683428
2012-03-26 18:00:00,579.6355189445351
2012-03-26 19:00:00,388.6548554866756
2012-03-26 20:00:00,251.48974883817917
2012-03-26 21:00:00,181.90208189447046
2012-03-26 22:00:00,128.591766183245
2012-03-26 23:00:00,56.503415794643516
2012-03-27 00:00:00,22.76258147014373
2012-03-27 01:00:00,6.502817611515152
2012-03-27 02:00:00,3.8028224550298595
2012-03-27 03:00:00,2.606288979917889
2012-03-27 04:00:00,2.44645121029738
2012-03-27 05:00:00,20.220398184619327
2012-03-27 06:00:00,98.1277604818417
2012-03-27 07:00:00,306.6705835246162
2012-03-27 08:00:00,519.4291819814364
2012-03-27 09:00:00,262.32476352353126
2012-03-27 10:00:00,121.05641107855112
2012-03-27 11:00:00,142.48131200574457
2012-03-27 12:00:00,186.39311679044977
2012-03-27 13:00:00,194.3761796711803
2012-03-27 14:00:00,177.84071745793614
2012-03-27 15:00:00,202.80296553662592
2012-03-27 16:00:00,313.022016132387
2012-03-27 17:00:00,599.9284082389572
2012-03-27 18:00:00,529.2980863776681
2012-03-27 19:00:00,395.5415756275631
2012-03-27 20:00:00,276.44700789327976
2012-03-27 21:00:00,180.0625903722761
2012-03-27 22:00:00,133.61357619257006
2012-03-27 23:00:00,74.23073559473055
2012-03-28 00:00:00,26.888375832875447
2012-03-28 01:00:00,7.502788894956376
2012-03-28 02:00:00,4.445033174335238
2012-03-28 03:00:00,2.6701782455415
2012-03-28 04:00:00,2.5492165735318175
2012-03-28 05:00:00,27.25058061133155
2012-03-28 06:00:00,104.76688101175563
2012-03-28 07:00:00,321.347218261443
2012-03-28 08:00:00,563.8724424072802
2012-03-28 09:00:00,295.27111466232805
2012-03-28 10:00:00,166.62839776496003
2012-03-28 11:00:00,211.0500162850621
2012-03-28 12:00:00,258.9169307105533
2012-03-28 13:00:00,253.0179271372239
2012-03-28 14:00:00,237.55156573390497
2012-03-28 15:00:00,267.1158374024984
2012-03-28 16:00:00,185.82950540850618
2012-03-28 17:00:00,717.2886700101606
2012-03-28 18:00:00,721.7406334742146
2012-03-28 19:00:00,531.4810655344365
2012-03-28 20:00:00,374.00574637442975
2012-03-28 21:00:00,262.6262787851795
2012-03-28 22:00:00,201.3840717588478
2012-03-28 23:00:00,116.97712176195583
2012-03-29 00:00:00,40.146851198018766
2012-03-29 01:00:00,16.217074616707883
2012-03-29 02:00:00,6.962281241168308
2012-03-29 03:00:00,3.9942715080789792
2012-03-29 04:00:00,5.460983715491524
2012-03-29 05:00:00,33.82716799940795
2012-03-29 06:00:00,127.2983599578045
2012-03-29 07:00:00,366.14777334593225
2012-03-29 08:00:00,595.2554967981814
2012-03-29 09:00:00,327.97286927187145
2012-03-29 10:00:00,165.5937355259347
2012-03-29 11:00:00,211.94302998074767
2012-03-29 12:00:00,240.84608351034072
2012-03-29 13:00:00,219.68527747907123
2012-03-29 14:00:00,216.8348061407861
2012-03-29 15:00:00,244.456432383951
2012-03-29 16:00:00,368.7469226921884
2012-03-29 17:00:00,611.8088756020475
2012-03-29 18:00:00,617.5542652847635
2012-03-29 19:00:00,441.55840848104594
2012-03-29 20:00:00,284.15353509700924
2012-03-29 21:00:00,193.9923829676489
2012-03-29 22:00:00,148.5823733182278
2012-03-29 23:00:00,85.70814873130016
2012-03-30 00:00:00,49.51572995321182
2012-03-30 01:00:00,28.699508866475117
2012-03-30 02:00:00,7.971955873045817
2012-03-30 03:00:00,4.800749207351606
2012-03-30 04:00:00,3.459057938443441
2012-03-30 05:00:00,24.502411563703212
2012-03-30 06:00:00,91.06549104257704
2012-03-30 07:00:00,279.68323190589734
2012-03-30 08:00:00,558.6052186284995
2012-03-30 09:00:00,310.47295703515334
2012-03-30 10:00:00,162.2036429873221
2012-03-30 11:00:00,184.9520116911444
2012-03-30 12:00:00,254.22324623860456
2012-03-30 13:00:00,140.30660329134528
2012-03-30 14:00:00,131.16611070672505
2012-03-30 15:00:00,141.11602774705347
2012-03-30 16:00:00,159.10330176618248
2012-03-30 17:00:00,551.5934520297735
2012-03-30 18:00:00,451.36424237049545
2012-03-30 19:00:00,317.09770927447715
2012-03-30 20:00:00,221.98416383878515
2012-03-30 21:00:00,167.42599620526732
2012-03-30 22:00:00,145.20566602487852
2012-03-30 23:00:00,122.33969758054391
2012-03-31 00:00:00,92.36542159651928
2012-03-31 01:00:00,75.26676797400455
2012-03-31 02:00:00,52.3414553937111
2012-03-31 03:00:00,26.270290970137204
2012-03-31 04:00:00,7.82044212646353
2012-03-31 05:00:00,7.393585718466349
2012-03-31 06:00:00,13.090146016805488
2012-03-31 07:00:00,37.513367409008254
2012-03-31 08:00:00,119.63450727722217
2012-03-31 09:00:00,208.85144517197529
2012-03-31 10:00:00,274.1826191456234
2012-03-31 11:00:00,387.9855131679523
2012-03-31 12:00:00,462.1284538032644
2012-03-31 13:00:00,545.2701577369971
2012-03-31 14:00:00,476.7064569569717
2012-03-31 15:00:00,487.67619408800243
2012-03-31 16:00:00,471.13087269920953
2012-03-31 17:00:00,405.38697406861326
2012-03-31 18:00:00,312.74009268888807
2012-03-31 19:00:00,260.91490158771705
2012-03-31 20:00:00,166.6357474446865
2012-03-31 21:00:00,157.8450341672423
2012-03-31 22:00:00,126.16145459972113
2012-03-31 23:00:00,78.98844162558453
2012-04-20 00:00:00,60.28386244490648
2012-04-20 01:00:00,36.781275587718795
2012-04-20 02:00:00,8.734228924087917
2012-04-20 03:00:00,6.603144634904517
2012-04-20 04:00:00,4.045742234277433
2012-04-20 05:00:00,31.148157610996304
2012-04-20 06:00:00,112.36354970119835
2012-04-20 07:00:00,318.0861920330464
2012-04-20 08:00:00,489.4119413996842
2012-04-20 09:00:00,335.1593669916906
2012-04-20 10:00:00,206.26557972108296
2012-04-20 11:00:00,267.767740447776
2012-04-20 12:00:00,345.9516038583573
2012-04-20 13:00:00,392.85705134666637
2012-04-20 14:00:00,336.4302211189985
2012-04-20 15:00:00,391.09804031273825
2012-04-20 16:00:00,514.3323186656324
2012-04-20 17:00:00,757.4787125047542
2012-04-20 18:00:00,608.6727750072223
2012-04-20 19:00:00,481.15023867379784
2012-04-20 20:00:00,307.695960133092
2012-04-20 21:00:00,254.21336357590172
2012-04-20 22:00:00,228.8450424462687
2012-04-20 23:00:00,195.1346180618375
2012-04-21 00:00:00,129.82375361406793
2012-04-21 01:00:00,95.24816365964293
2012-04-21 02:00:00,63.095165904003345
2012-04-21 03:00:00,33.15585934895661
2012-04-21 04:00:00,9.01670044447908
2012-04-21 05:00:00,10.788550058491598
2012-04-21 06:00:00,32.819751071369616
2012-04-21 07:00:00,52.72968619597509
2012-04-21 08:00:00,179.73029287173134
2012-04-21 09:00:00,249.26035464911425
2012-04-21 10:00:00,388.57886603662627
2012-04-21 11:00:00,451.0223199657325
2012-04-21 12:00:00,547.8502922872124
2012-04-21 13:00:00,592.8824669102227
2012-04-21 14:00:00,555.2495941878097
2012-04-21 15:00:00,611.2951542470412
2012-04-21 16:00:00,582.8612923531311
2012-04-21 17:00:00,590.3181458805216
2012-04-21 18:00:00,446.00505766534695
2012-04-21 19:00:00,183.36649838104736
2012-04-21 20:00:00,78.89001739948026
2012-04-21 21:00:00,77.62629981495753
2012-04-21 22:00:00,181.24592769693308
2012-04-21 23:00:00,102.55522963291541
2012-04-22 00:00:00,96.70168146822414
2012-04-22 01:00:00,81.46858260926432
2012-04-22 02:00:00,59.82150512948403
2012-04-22 03:00:00,33.80496754387893
2012-04-22 04:00:00,9.862304222942583
2012-04-22 05:00:00,10.204270370946707
2012-04-22 06:00:00,22.113357971949668
2012-04-22 07:00:00,38.47509239781117
2012-04-22 08:00:00,75.80142964743075
2012-04-22 09:00:00,98.34047531823543
2012-04-22 10:00:00,107.83820564835567
2012-04-22 11:00:00,139.38847767572523
2012-04-22 12:00:00,182.8394617538446
2012-04-22 13:00:00,174.75101394496284
2012-04-22 14:00:00,174.2922885024354
2012-04-22 15:00:00,181.18830830029333
2012-04-22 16:00:00,178.57873409418596
2012-04-22 17:00:00,134.04609432893477
2012-04-22 18:00:00,105.73665773791477
2012-04-22 19:00:00,95.56508091187436
2012-04-22 20:00:00,93.96094375977117
2012-04-22 21:00:00,87.80201135880547
2012-04-22 22:00:00,69.13485139782357
2012-04-22 23:00:00,58.05328912947272
2012-04-23 00:00:00,25.07942767197177
2012-04-23 01:00:00,7.065818088284045
2012-04-23 02:00:00,4.14229901340214
2012-04-23 03:00:00,2.8802266742467872
2012-04-23 04:00:00,2.8153181391466133
2012-04-23 05:00:00,24.622557193185205
2012-04-23 06:00:00,100.99933619352461
2012-04-23 07:00:00,135.0732751183156
2012-04-23 08:00:00,573.9794172244926
2012-04-23 09:00:00,297.84487314296825
2012-04-23 10:00:00,141.16284775538327
2012-04-23 11:00:00,150.7991388783736
2012-04-23 12:00:00,126.03884514956654
2012-04-23 13:00:00,128.14476373179528
2012-04-23 14:00:00,121.06684492469158
2012-04-23 15:00:00,187.74360629162345
2012-04-23 16:00:00,129.62568452194986
2012-04-23 17:00:00,388.8524166635793
2012-04-23 18:00:00,423.87065392849905
2012-04-23 19:00:00,346.10683849129134
2012-04-23 20:00:00,281.47441150853405
2012-04-23 21:00:00,159.36262532735617
2012-04-23 22:00:00,130.83565327250517
2012-04-23 23:00:00,69.12136178787486
2012-04-24 00:00:00,26.67417616371551
2012-04-24 01:00:00,10.19103719778074
2012-04-24 02:00:00,4.224282882487138
2012-04-24 03:00:00,2.9086406179511717
2012-04-24 04:00:00,2.560690004131055
2012-04-24 05:00:00,28.059449403641256
2012-04-24 06:00:00,105.95178591105402
2012-04-24 07:00:00,349.3374473342609
2012-04-24 08:00:00,630.8876619454797
2012-04-24 09:00:00,319.2082779137308
2012-04-24 10:00:00,169.6327179361744
2012-04-24 11:00:00,218.9140635537207
2012-04-24 12:00:00,250.77253525978676
2012-04-24 13:00:00,242.29581533436593
2012-04-24 14:00:00,233.02826985719702
2012-04-24 15:00:00,250.29442798959755
2012-04-24 16:00:00,382.8244886012627
2012-04-24 17:00:00,685.6595471932378
2012-04-24 18:00:00,719.5978701365107
2012-04-24 19:00:00,481.3186504768556
2012-04-24 20:00:00,350.8465113009256
2012-04-24 21:00:00,243.57778616766834
2012-04-24 22:00:00,163.67087689848242
2012-04-24 23:00:00,87.44228451456983
2012-04-25 00:00:00,34.8752939298627
2012-04-25 01:00:00,9.868545484948946
2012-04-25 02:00:00,5.257831402770599
2012-04-25 03:00:00,2.9283120419013353
2012-04-25 04:00:00,2.695324785255115
2012-04-25 05:00:00,29.163140490408967
2012-04-25 06:00:00,121.4030777202101
2012-04-25 07:00:00,363.55255057833375
2012-04-25 08:00:00,615.9967926609667
2012-04-25 09:00:00,335.89150585389723
2012-04-25 10:00:00,195.68004060920168
2012-04-25 11:00:00,229.2030687933216
2012-04-25 12:00:00,261.21357376644687
2012-04-25 13:00:00,257.35711980995416
2012-04-25 14:00:00,250.8644021603308
2012-04-25 15:00:00,268.58220575797276
2012-04-25 16:00:00,372.9385164545311
2012-04-25 17:00:00,739.5350478721277
2012-04-25 18:00:00,753.0775145315944
2012-04-25 19:00:00,521.7248928809427
2012-04-25 20:00:00,394.74714916505167
2012-04-25 21:00:00,261.2529369397649
2012-04-25 22:00:00,213.72904495469007
2012-04-25 23:00:00,120.26495719094066
2012-04-26 00:00:00,41.78499831818819
2012-04-26 01:00:00,14.580289988437167
2012-04-26 02:00:00,8.866447044724532
2012-04-26 03:00:00,4.551792409010759
2012-04-26 04:00:00,5.398536164152989
2012-04-26 05:00:00,33.68692116565827
2012-04-26 06:00:00,139.4288208049774
2012-04-26 07:00:00,110.50032028314814
2012-04-26 08:00:00,480.90447504986355
2012-04-26 09:00:00,104.02269769945545
2012-04-26 10:00:00,168.8890403357081
2012-04-26 11:00:00,177.39577077543547
2012-04-26 12:00:00,203.9985659715383
2012-04-26 13:00:00,205.92554615839623
2012-04-26 14:00:00,208.85018137683434
2012-04-26 15:00:00,197.83329838736012
2012-04-26 16:00:00,303.5853024707574
2012-04-26 17:00:00,639.2078049912071
2012-04-26 18:00:00,614.4875306390221
2012-04-26 19:00:00,393.79122561743964
2012-04-26 20:00:00,363.5045081150561
2012-04-26 21:00:00,228.70169506133868
2012-04-26 22:00:00,196.8677618474485
2012-04-26 23:00:00,115.78031533006255
2012-04-27 00:00:00,59.44345231580276
2012-04-27 01:00:00,39.63822848500742
2012-04-27 02:00:00,13.355796191048897
2012-04-27 03:00:00,8.478662430660709
2012-04-27 04:00:00,4.2594743574300615
2012-04-27 05:00:00,32.38828580772893
2012-04-27 06:00:00,97.4777556399304
2012-04-27 07:00:00,324.88690524609154
2012-04-27 08:00:00,622.9731622987822
2012-04-27 09:00:00,348.4587904736684
2012-04-27 10:00:00,199.29571994085939
2012-04-27 11:00:00,214.66279522622057
2012-04-27 12:00:00,327.04465806593487
2012-04-27 13:00:00,354.843676201057
2012-04-27 14:00:00,319.9663070694289
2012-04-27 15:00:00,380.8749441179335
2012-04-27 16:00:00,490.35715739482316
2012-04-27 17:00:00,682.1259062097496
2012-04-27 18:00:00,563.2847063407587
2012-04-27 19:00:00,446.3931185578499
2012-04-27 20:00:00,281.94839084701243
2012-04-27 21:00:00,193.94409080706598
2012-04-27 22:00:00,180.90132477130425
2012-04-27 23:00:00,124.56510214828997
2012-04-28 00:00:00,96.79484405468722
2012-04-28 01:00:00,71.46853372128905
2012-04-28 02:00:00,58.402403342308276
2012-04-28 03:00:00,29.055175175607328
2012-04-28 04:00:00,8.520332494397604
2012-04-28 05:00:00,8.081936203765558
2012-04-28 06:00:00,22.02006595136686
2012-04-28 07:00:00,50.56312325436042
2012-04-28 08:00:00,139.25802693494757
2012-04-28 09:00:00,227.42443879246363
2012-04-28 10:00:00,318.8402001524955
2012-04-28 11:00:00,408.1414415094698
2012-04-28 12:00:00,430.71867885201186
2012-04-28 13:00:00,491.78266571860576
2012-04-28 14:00:00,509.159859106212
2012-04-28 15:00:00,455.60201136357034
2012-04-28 16:00:00,451.63661350617025
2012-04-28 17:00:00,388.92320093899525
2012-04-28 18:00:00,204.79783809888605
2012-04-28 19:00:00,183.75446508243283
2012-04-28 20:00:00,197.2906901876137
2012-04-28 21:00:00,96.92159315520675
2012-04-28 22:00:00,137.07984597652518
2012-04-28 23:00:00,93.39528568510359
2012-04-29 00:00:00,59.307985433087396
2012-04-29 01:00:00,75.28532223044469
2012-04-29 02:00:00,64.55829272817012
2012-04-29 03:00:00,32.296012698744114
2012-04-29 04:00:00,8.057322432773066
2012-04-29 05:00:00,8.149135214000111
2012-04-29 06:00:00,18.19421926595438
2012-04-29 07:00:00,45.888795043956286
2012-04-29 08:00:00,106.43226371144166
2012-04-29 09:00:00,216.41721217433602
2012-04-29 10:00:00,290.2614394102796
2012-04-29 11:00:00,455.58122653120364
2012-04-29 12:00:00,540.1750731403746
2012-04-29 13:00:00,574.4871710868242
2012-04-29 14:00:00,541.0868359624727
2012-04-29 15:00:00,549.4874155789952
2012-04-29 16:00:00,527.2758776221017
2012-04-29 17:00:00,500.37939889339043
2012-04-29 18:00:00,476.3578839115627
2012-04-29 19:00:00,389.04666853535014
2012-04-29 20:00:00,264.39146910883517
2012-04-29 21:00:00,177.40207899099465
2012-04-29 22:00:00,111.57866560294914
2012-04-29 23:00:00,72.23927018478577
2012-04-30 00:00:00,33.28836589725394
2012-04-30 01:00:00,9.977442297113756
2012-04-30 02:00:00,5.556683081099152
2012-04-30 03:00:00,3.8681075581797653
2012-04-30 04:00:00,3.3561702985765414
2012-04-30 05:00:00,29.10393250094156
2012-04-30 06:00:00,117.5611532514058
2012-04-30 07:00:00,365.53431341735205
2012-04-30 08:00:00,632.6939845945144
2012-04-30 09:00:00,318.88537672506163
2012-04-30 10:00:00,163.43088781646662
2012-04-30 11:00:00,200.3932599101051
2012-04-30 12:00:00,217.40117576953452
2012-04-30 13:00:00,241.73230384878198
2012-04-30 14:00:00,237.89316949636174
2012-04-30 15:00:00,259.7153381992133
2012-04-30 16:00:00,359.86011407895217
2012-04-30 17:00:00,724.953947829651
2012-04-30 18:00:00,701.9673639391929
2012-04-30 19:00:00,453.96865912680556
2012-04-30 20:00:00,339.80414052559934
2012-04-30 21:00:00,256.037654057252
2012-04-30 22:00:00,167.03727037336085
2012-04-30 23:00:00,84.94981065066699
2012-05-20 00:00:00,121.97614682446715
2012-05-20 01:00:00,97.21100179873906
2012-05-20 02:00:00,72.7134634592194
2012-05-20 03:00:00,34.90089984042184
2012-05-20 04:00:00,14.156698626818368
2012-05-20 05:00:00,13.202020807677185
2012-05-20 06:00:00,24.81929436924284
2012-05-20 07:00:00,59.141471552602894
2012-05-20 08:00:00,119.85365946440797
2012-05-20 09:00:00,285.7909546242281
2012-05-20 10:00:00,397.68850513660317
2012-05-20 11:00:00,561.7952215618361
2012-05-20 12:00:00,628.6221276500426
2012-05-20 13:00:00,646.9968278404249
2012-05-20 14:00:00,596.9865294926353
2012-05-20 15:00:00,565.070727563943
2012-05-20 16:00:00,560.6896834813639
2012-05-20 17:00:00,515.3173838554194
2012-05-20 18:00:00,436.53059654727537
2012-05-20 19:00:00,360.7116010137215
2012-05-20 20:00:00,286.8336082101703
2012-05-20 21:00:00,208.26654141390034
2012-05-20 22:00:00,115.4010679388792
2012-05-20 23:00:00,65.33458801432893
2012-05-21 00:00:00,28.528320774951183
2012-05-21 01:00:00,13.508066077954313
2012-05-21 02:00:00,4.625179241347954
2012-05-21 03:00:00,3.6316816132623386
2012-05-21 04:00:00,4.387976545806113
2012-05-21 05:00:00,25.676153146962115
2012-05-21 06:00:00,67.85837074274987
2012-05-21 07:00:00,104.68145612282592
2012-05-21 08:00:00,287.91615989828387
2012-05-21 09:00:00,102.60668055257494
2012-05-21 10:00:00,84.73572146241716
2012-05-21 11:00:00,136.72902986330243
2012-05-21 12:00:00,181.22773463833124
2012-05-21 13:00:00,101.81911915671256
2012-05-21 14:00:00,89.0194073197975
2012-05-21 15:00:00,227.2594016778632
2012-05-21 16:00:00,318.75209327394583
2012-05-21 17:00:00,637.542290955781
2012-05-21 18:00:00,644.6483792532955
2012-05-21 19:00:00,471.84795297970953
2012-05-21 20:00:00,377.4748075025748
2012-05-21 21:00:00,276.4689779927882
2012-05-21 22:00:00,175.014941259573
2012-05-21 23:00:00,90.87579257814448
2012-05-22 00:00:00,40.612667235614055
2012-05-22 01:00:00,14.720819484454111
2012-05-22 02:00:00,6.137306206804053
2012-05-22 03:00:00,5.445883233126101
2012-05-22 04:00:00,5.513442720284914
2012-05-22 05:00:00,26.18259229165785
2012-05-22 06:00:00,75.0585803140354
2012-05-22 07:00:00,115.29529266156409
2012-05-22 08:00:00,492.21124806158025
2012-05-22 09:00:00,302.2247813337939
2012-05-22 10:00:00,162.5007509882493
2012-05-22 11:00:00,183.04957473526954
2012-05-22 12:00:00,225.8283543143355
2012-05-22 13:00:00,235.18763851765354
2012-05-22 14:00:00,210.03797543797793
2012-05-22 15:00:00,281.94968378484634
2012-05-22 16:00:00,362.3817121553651
2012-05-22 17:00:00,782.767156901901
2012-05-22 18:00:00,741.0053308416575
2012-05-22 19:00:00,468.1109806967654
2012-05-22 20:00:00,371.5616351808686
2012-05-22 21:00:00,253.12570060840645
2012-05-22 22:00:00,195.70091847793515
2012-05-22 23:00:00,107.83222229688346
2012-05-23 00:00:00,47.38679490257138
2012-05-23 01:00:00,16.44992594021465
2012-05-23 02:00:00,7.007397261690645
2012-05-23 03:00:00,5.5202377627445225
2012-05-23 04:00:00,5.302730642253492
2012-05-23 05:00:00,27.343967746548916
2012-05-23 06:00:00,153.3424933602896
2012-05-23 07:00:00,362.286515479371
2012-05-23 08:00:00,442.4504600544222
2012-05-23 09:00:00,318.57108363374056
2012-05-23 10:00:00,184.33370875584316
2012-05-23 11:00:00,230.92836417086676
2012-05-23 12:00:00,286.4053840576139
2012-05-23 13:00:00,240.5343537848963
2012-05-23 14:00:00,243.73944101965884
2012-05-23 15:00:00,280.6769696320667
2012-05-23 16:00:00,265.10115457623624
2012-05-23 17:00:00,613.4126731868763
2012-05-23 18:00:00,629.6691327436023
2012-05-23 19:00:00,331.1038817815111
2012-05-23 20:00:00,331.5244905241702
2012-05-23 21:00:00,205.04991183536956
2012-05-23 22:00:00,185.8561484729426
2012-05-23 23:00:00,124.61134527735399
2012-05-24 00:00:00,65.82033345198336
2012-05-24 01:00:00,14.122444243061928
2012-05-24 02:00:00,9.808959523671344
2012-05-24 03:00:00,5.166152610772885
2012-05-24 04:00:00,5.514908502764827
2012-05-24 05:00:00,35.58071750583576
2012-05-24 06:00:00,145.58456852088452
2012-05-24 07:00:00,404.7527032832391
2012-05-24 08:00:00,655.4960288673293
2012-05-24 09:00:00,325.8388192754061
2012-05-24 10:00:00,195.3236729301405
2012-05-24 11:00:00,242.0210464028239
2012-05-24 12:00:00,306.3538607238547
2012-05-24 13:00:00,301.2213956685621
2012-05-24 14:00:00,245.45917212808425
2012-05-24 15:00:00,293.53856003422186
2012-05-24 16:00:00,363.3030213251989
2012-05-24 17:00:00,772.9952834019839
2012-05-24 18:00:00,764.5285427262432
2012-05-24 19:00:00,530.2800472014154
2012-05-24 20:00:00,375.0910495633234
2012-05-24 21:00:00,103.92598608231886
2012-05-24 22:00:00,205.94662949833335
2012-05-24 23:00:00,127.91673384658984
2012-05-25 00:00:00,75.02804243543454
2012-05-25 01:00:00,44.64402745497578
2012-05-25 02:00:00,14.65781654343462
2012-05-25 03:00:00,6.59178744294325
2012-05-25 04:00:00,6.672688975751354
2012-05-25 05:00:00,35.80538515550386
2012-05-25 06:00:00,130.4560291491836
2012-05-25 07:00:00,339.8911852741375
2012-05-25 08:00:00,491.54045203830805
2012-05-25 09:00:00,302.7024709339135
2012-05-25 10:00:00,220.12554189887388
2012-05-25 11:00:00,263.1417505080947
2012-05-25 12:00:00,332.29931860414456
2012-05-25 13:00:00,368.798216602706
2012-05-25 14:00:00,316.27193447448116
2012-05-25 15:00:00,363.67237156194125
2012-05-25 16:00:00,474.7197771600151
2012-05-25 17:00:00,691.6417421512253
2012-05-25 18:00:00,597.3379137794253
2012-05-25 19:00:00,489.5203838135807
2012-05-25 20:00:00,316.5497568403506
2012-05-25 21:00:00,273.3296286939424
2012-05-25 22:00:00,229.44834481770528
2012-05-25 23:00:00,202.04954507786454
2012-05-26 00:00:00,150.2032968630478
2012-05-26 01:00:00,106.16457138678251
2012-05-26 02:00:00,74.40547895446656
2012-05-26 03:00:00,32.69252189710061
2012-05-26 04:00:00,10.83373657168858
2012-05-26 05:00:00,11.445940917276337
2012-05-26 06:00:00,30.8218778673019
2012-05-26 07:00:00,59.91360184048511
2012-05-26 08:00:00,192.07917794588894
2012-05-26 09:00:00,230.74244397466956
2012-05-26 10:00:00,370.10767368633344
2012-05-26 11:00:00,441.6517677693274
2012-05-26 12:00:00,478.49941152333986
2012-05-26 13:00:00,495.3939988472335
2012-05-26 14:00:00,460.89210321315045
2012-05-26 15:00:00,465.59973176155415
2012-05-26 16:00:00,523.1670500242212
2012-05-26 17:00:00,488.92493517240194
2012-05-26 18:00:00,458.83654543663044
2012-05-26 19:00:00,362.98142034585203
2012-05-26 20:00:00,294.608683111182
2012-05-26 21:00:00,249.95624913699453
2012-05-26 22:00:00,244.40791557467242
2012-05-26 23:00:00,180.33918061441597
2012-05-27 00:00:00,118.47243836111399
2012-05-27 01:00:00,109.5985452887895
2012-05-27 02:00:00,80.12662831966513
2012-05-27 03:00:00,35.186305698618526
2012-05-27 04:00:00,11.61930087883599
2012-05-27 05:00:00,11.770156865506483
2012-05-27 06:00:00,21.631802023055428
2012-05-27 07:00:00,58.85808138035722
2012-05-27 08:00:00,111.29925218079394
2012-05-27 09:00:00,229.24853248748553
2012-05-27 10:00:00,365.4391044292897
2012-05-27 11:00:00,454.30175708277307
2012-05-27 12:00:00,455.3945678838983
2012-05-27 13:00:00,543.1170519258654
2012-05-27 14:00:00,500.194481222211
2012-05-27 15:00:00,503.8736856138729
2012-05-27 16:00:00,505.25337716604497
2012-05-27 17:00:00,483.1027169211247
2012-05-27 18:00:00,442.5652039811028
2012-05-27 19:00:00,366.14920571348955
2012-05-27 20:00:00,294.87374183812017
2012-05-27 21:00:00,103.81376685424655
2012-05-27 22:00:00,82.59139916298372
2012-05-27 23:00:00,74.85336536718533
2012-05-28 00:00:00,82.07144568310702
2012-05-28 01:00:00,47.19065828272893
2012-05-28 02:00:00,43.07853108223974
2012-05-28 03:00:00,26.483919426548802
2012-05-28 04:00:00,9.508081929570144
2012-05-28 05:00:00,13.815156875445185
2012-05-28 06:00:00,42.37209518133918
2012-05-28 07:00:00,79.00174820495435
2012-05-28 08:00:00,222.7245941610443
2012-05-28 09:00:00,299.43544499560784
2012-05-28 10:00:00,392.67788642406816
2012-05-28 11:00:00,376.6838794819347
2012-05-28 12:00:00,329.9783065162032
2012-05-28 13:00:00,329.3186480580741
2012-05-28 14:00:00,327.2061735229787
2012-05-28 15:00:00,329.84370316840466
2012-05-28 16:00:00,355.06796690815645
2012-05-28 17:00:00,466.95683098547033
2012-05-28 18:00:00,440.48626582541766
2012-05-28 19:00:00,352.92269331647054
2012-05-28 20:00:00,305.13501033413553
2012-05-28 21:00:00,304.9840550171731
2012-05-28 22:00:00,278.3027972886945
2012-05-28 23:00:00,117.00253177415689
2012-05-29 00:00:00,49.676953281669356
2012-05-29 01:00:00,15.968866076892908
2012-05-29 02:00:00,8.629141172011286
2012-05-29 03:00:00,4.824905698510871
2012-05-29 04:00:00,7.64679058606382
2012-05-29 05:00:00,36.26204428781837
2012-05-29 06:00:00,160.12712732919124
2012-05-29 07:00:00,401.6210702712206
2012-05-29 08:00:00,640.032962131253
2012-05-29 09:00:00,320.83555735278736
2012-05-29 10:00:00,189.88219645336684
2012-05-29 11:00:00,231.41378423610487
2012-05-29 12:00:00,280.89798073343337
2012-05-29 13:00:00,275.5426212062167
2012-05-29 14:00:00,243.7942771087114
2012-05-29 15:00:00,273.56613824977177
2012-05-29 16:00:00,365.9561273404543
2012-05-29 17:00:00,745.2947748238842
2012-05-29 18:00:00,748.0778545675656
2012-05-29 19:00:00,536.3109167814304
2012-05-29 20:00:00,271.3607927225092
2012-05-29 21:00:00,97.0385560686709
2012-05-29 22:00:00,153.1649321158191
2012-05-29 23:00:00,79.79397863571275
2012-05-30 00:00:00,34.54573550335292
2012-05-30 01:00:00,12.259692734144142
2012-05-30 02:00:00,5.383298530514251
2012-05-30 03:00:00,4.27490159992116
2012-05-30 04:00:00,5.56158277915231
2012-05-30 05:00:00,37.444675884783614
2012-05-30 06:00:00,153.89770524615722
2012-05-30 07:00:00,203.09300200942786
2012-05-30 08:00:00,655.2965411250826
2012-05-30 09:00:00,327.0911221947878
2012-05-30 10:00:00,187.5643252803415
2012-05-30 11:00:00,234.24669862637964
2012-05-30 12:00:00,307.54371397607883
2012-05-30 13:00:00,297.90821217854386
2012-05-30 14:00:00,257.9406564291154
2012-05-30 15:00:00,291.6495171879548
2012-05-30 16:00:00,367.62090415523915
2012-05-30 17:00:00,803.7077500901123
2012-05-30 18:00:00,823.2054408740413
2012-05-30 19:00:00,542.7073425406664
2012-05-30 20:00:00,369.1640671325788
2012-05-30 21:00:00,294.8684746672651
2012-05-30 22:00:00,262.74701992848105
2012-05-30 23:00:00,150.7735075670933
2012-05-31 00:00:00,63.61700262210345
2012-05-31 01:00:00,17.87514308560796
2012-05-31 02:00:00,8.820801472036894
2012-05-31 03:00:00,5.438291449346676
2012-05-31 04:00:00,7.332564619495376
2012-05-31 05:00:00,37.2220102671517
2012-05-31 06:00:00,159.66068492964538
2012-05-31 07:00:00,468.8126058795792
2012-05-31 08:00:00,672.1360538200324
2012-05-31 09:00:00,333.52117068872553
2012-05-31 10:00:00,201.17935348279113
2012-05-31 11:00:00,251.4367387764396
2012-05-31 12:00:00,319.8243225239834
2012-05-31 13:00:00,311.3366580662311
2012-05-31 14:00:00,246.65827147049947
2012-05-31 15:00:00,298.9157806412787
2012-05-31 16:00:00,386.61383730720894
2012-05-31 17:00:00,824.8436910678572
2012-05-31 18:00:00,821.2615247631202
2012-05-31 19:00:00,601.581490594142
2012-05-31 20:00:00,423.3411293471807
2012-05-31 21:00:00,314.0013229636414
2012-05-31 22:00:00,264.755726814958
2012-05-31 23:00:00,167.04921722985372
2012-06-20 00:00:00,49.52666946085728
2012-06-20 01:00:00,18.708331458508496
2012-06-20 02:00:00,8.514386787676283
2012-06-20 03:00:00,6.032614512711755
2012-06-20 04:00:00,7.634019241763648
2012-06-20 05:00:00,40.716444176228116
2012-06-20 06:00:00,155.05404683470152
2012-06-20 07:00:00,326.04421003365565
2012-06-20 08:00:00,643.7117151454199
2012-06-20 09:00:00,320.3459262215749
2012-06-20 10:00:00,196.9683271208874
2012-06-20 11:00:00,218.1297938203222
2012-06-20 12:00:00,275.7130669041807
2012-06-20 13:00:00,265.3898459139928
2012-06-20 14:00:00,213.71548580805995
2012-06-20 15:00:00,263.5473682487915
2012-06-20 16:00:00,369.67801979154876
2012-06-20 17:00:00,752.4047967649065
2012-06-20 18:00:00,748.4507614583696
2012-06-20 19:00:00,536.9215018388538
2012-06-20 20:00:00,409.31850731895474
2012-06-20 21:00:00,307.1498452881457
2012-06-20 22:00:00,267.39500879902994
2012-06-20 23:00:00,133.40755454161865
2012-06-21 00:00:00,64.58982933087165
2012-06-21 01:00:00,19.29595049231214
2012-06-21 02:00:00,9.112403060534314
2012-06-21 03:00:00,5.169545593957328
2012-06-21 04:00:00,7.645017482056206
2012-06-21 05:00:00,40.272004116133076
2012-06-21 06:00:00,163.29185965015165
2012-06-21 07:00:00,352.5422992795387
2012-06-21 08:00:00,615.859294217556
2012-06-21 09:00:00,304.97981599016305
2012-06-21 10:00:00,182.9104089783802
2012-06-21 11:00:00,221.15917557575182
2012-06-21 12:00:00,262.4672843502275
2012-06-21 13:00:00,264.92618316386006
2012-06-21 14:00:00,213.3792624548857
2012-06-21 15:00:00,254.36769657363524
2012-06-21 16:00:00,368.55729614389827
2012-06-21 17:00:00,765.8252084287247
2012-06-21 18:00:00,770.587990662866
2012-06-21 19:00:00,473.50380132570655
2012-06-21 20:00:00,373.41382599906365
2012-06-21 21:00:00,303.15161763622655
2012-06-21 22:00:00,256.02363391285706
2012-06-21 23:00:00,141.66655967420576
2012-06-22 00:00:00,80.85673208840984
2012-06-22 01:00:00,42.479583886818816
2012-06-22 02:00:00,18.061838460410467
2012-06-22 03:00:00,8.222878888873188
2012-06-22 04:00:00,7.315691499079304
2012-06-22 05:00:00,37.564402803831605
2012-06-22 06:00:00,146.29232223090898
2012-06-22 07:00:00,379.0380686643158
2012-06-22 08:00:00,648.8815580568241
2012-06-22 09:00:00,365.0680950382906
2012-06-22 10:00:00,239.56121846627534
2012-06-22 11:00:00,262.35423818132386
2012-06-22 12:00:00,317.9939078647717
2012-06-22 13:00:00,337.7846010421965
2012-06-22 14:00:00,301.14957995537634
2012-06-22 15:00:00,332.5025128090192
2012-06-22 16:00:00,428.3450288273198
2012-06-22 17:00:00,765.5380164823075
2012-06-22 18:00:00,558.2694941662459
2012-06-22 19:00:00,462.14631238724553
2012-06-22 20:00:00,323.69564421284167
2012-06-22 21:00:00,143.38611207426396
2012-06-22 22:00:00,254.59556112280134
2012-06-22 23:00:00,219.51492431685804
2012-06-23 00:00:00,151.43546820604925
2012-06-23 01:00:00,118.839363460092
2012-06-23 02:00:00,76.55650914349458
2012-06-23 03:00:00,35.32903054851787
2012-06-23 04:00:00,10.752079059759994
2012-06-23 05:00:00,10.57755027578211
2012-06-23 06:00:00,33.69553768323744
2012-06-23 07:00:00,64.45920639401494
2012-06-23 08:00:00,192.17451428706974
2012-06-23 09:00:00,287.2616933155482
2012-06-23 10:00:00,396.8181804834047
2012-06-23 11:00:00,489.2798149733737
2012-06-23 12:00:00,553.7501453353717
2012-06-23 13:00:00,565.8237612569975
2012-06-23 14:00:00,584.80418261809
2012-06-23 15:00:00,536.2213378407826
2012-06-23 16:00:00,533.0111997131424
2012-06-23 17:00:00,530.6514469506488
2012-06-23 18:00:00,490.7911186712106
2012-06-23 19:00:00,379.69263395678945
2012-06-23 20:00:00,318.3335743681988
2012-06-23 21:00:00,273.0214256381612
2012-06-23 22:00:00,259.35659233884934
2012-06-23 23:00:00,198.88168492219808
2012-06-24 00:00:00,136.58092701424206
2012-06-24 01:00:00,126.11045476536404
2012-06-24 02:00:00,86.96959038018717
2012-06-24 03:00:00,37.62787946044584
2012-06-24 04:00:00,15.322889922575714
2012-06-24 05:00:00,14.507948149786984
2012-06-24 06:00:00,22.261086204158705
2012-06-24 07:00:00,59.67227533368543
2012-06-24 08:00:00,118.40738225048716
2012-06-24 09:00:00,276.12921675298105
2012-06-24 10:00:00,398.2918937137189
2012-06-24 11:00:00,514.1013052773754
2012-06-24 12:00:00,540.8032748177519
2012-06-24 13:00:00,554.7701362113673
2012-06-24 14:00:00,513.0193765017316
2012-06-24 15:00:00,497.1003586446532
2012-06-24 16:00:00,505.5917094022484
2012-06-24 17:00:00,517.4257887278083
2012-06-24 18:00:00,529.4485095665019
2012-06-24 19:00:00,377.7041773080647
2012-06-24 20:00:00,310.78545069450155
2012-06-24 21:00:00,229.54007647827368
2012-06-24 22:00:00,129.13537807823556
2012-06-24 23:00:00,88.62036166651092
2012-06-25 00:00:00,43.6030417582951
2012-06-25 01:00:00,18.482894332423687
2012-06-25 02:00:00,8.16738707915668
2012-06-25 03:00:00,5.077727465998919
2012-06-25 04:00:00,8.791576116992157
2012-06-25 05:00:00,41.537622030329366
2012-06-25 06:00:00,143.52756385498202
2012-06-25 07:00:00,452.0819699062671
2012-06-25 08:00:00,647.0813843188585
2012-06-25 09:00:00,326.75475458801077
2012-06-25 10:00:00,192.9228165756242
2012-06-25 11:00:00,239.00465398084899
2012-06-25 12:00:00,272.0641483396387
2012-06-25 13:00:00,276.7840509340258
2012-06-25 14:00:00,238.92408515127377
2012-06-25 15:00:00,270.3220629724169
2012-06-25 16:00:00,377.46029506132595
2012-06-25 17:00:00,771.2484251979581
2012-06-25 18:00:00,774.662597804268
2012-06-25 19:00:00,589.16562282143
2012-06-25 20:00:00,397.74683172139623
2012-06-25 21:00:00,299.9524918317146
2012-06-25 22:00:00,223.3051063228138
2012-06-25 23:00:00,99.51773643228469
2012-06-26 00:00:00,42.08999694801969
2012-06-26 01:00:00,16.840912311790518
2012-06-26 02:00:00,7.444977779715336
2012-06-26 03:00:00,4.095427349526193
2012-06-26 04:00:00,7.938428706834171
2012-06-26 05:00:00,39.336054798843506
2012-06-26 06:00:00,153.77986366689308
2012-06-26 07:00:00,472.8065086256232
2012-06-26 08:00:00,674.3087283847718
2012-06-26 09:00:00,332.3130694844143
2012-06-26 10:00:00,204.0388287276733
2012-06-26 11:00:00,244.3207287364256
2012-06-26 12:00:00,297.25028232584236
2012-06-26 13:00:00,288.6872939193237
2012-06-26 14:00:00,258.9872813799967
2012-06-26 15:00:00,289.7160775902619
2012-06-26 16:00:00,384.10523617884655
2012-06-26 17:00:00,781.9810755635268
2012-06-26 18:00:00,780.3085108077272
2012-06-26 19:00:00,594.8471749256122
2012-06-26 20:00:00,411.1576713881397
2012-06-26 21:00:00,304.30124953038154
2012-06-26 22:00:00,229.6436168862282
2012-06-26 23:00:00,140.181760177992
2012-06-27 00:00:00,43.76447084488868
2012-06-27 01:00:00,16.677900463662702
2012-06-27 02:00:00,8.468364557589075
2012-06-27 03:00:00,4.537169401253769
2012-06-27 04:00:00,7.578279757087772
2012-06-27 05:00:00,40.3043184549458
2012-06-27 06:00:00,156.79174769913894
2012-06-27 07:00:00,468.0399679645034
2012-06-27 08:00:00,673.9249349493635
2012-06-27 09:00:00,337.2374641306411
2012-06-27 10:00:00,201.86948743517712
2012-06-27 11:00:00,241.86541913030587
2012-06-27 12:00:00,300.31717014100036
2012-06-27 13:00:00,274.9449220821858
2012-06-27 14:00:00,247.79053943765203
2012-06-27 15:00:00,280.82334644007705
2012-06-27 16:00:00,378.8991920005411
2012-06-27 17:00:00,766.7445695220824
2012-06-27 18:00:00,774.3320733429106
2012-06-27 19:00:00,586.8301141637932
2012-06-27 20:00:00,417.0166985722409
2012-06-27 21:00:00,331.0064957125044
2012-06-27 22:00:00,269.45714059467673
2012-06-27 23:00:00,163.8544182352364
2012-06-28 00:00:00,52.89440945317742
2012-06-28 01:00:00,19.58451039643039
2012-06-28 02:00:00,9.155780775294087
2012-06-28 03:00:00,5.357517023278559
2012-06-28 04:00:00,7.391752625155933
2012-06-28 05:00:00,40.20856038308669
2012-06-28 06:00:00,157.72784468636027
2012-06-28 07:00:00,491.4707380326117
2012-06-28 08:00:00,679.2326162002616
2012-06-28 09:00:00,334.02666001747156
2012-06-28 10:00:00,205.6625800066951
2012-06-28 11:00:00,243.86223458757334
2012-06-28 12:00:00,278.9390277963775
2012-06-28 13:00:00,278.06140191198415
2012-06-28 14:00:00,238.33887064221204
2012-06-28 15:00:00,275.18287365710484
2012-06-28 16:00:00,384.39948684357904
2012-06-28 17:00:00,778.7899347207587
2012-06-28 18:00:00,773.8444395397519
2012-06-28 19:00:00,540.338619050134
2012-06-28 20:00:00,413.85923527078756
2012-06-28 21:00:00,320.866199164739
2012-06-28 22:00:00,272.41031070607715
2012-06-28 23:00:00,166.29897049630893
2012-06-29 00:00:00,79.20245842134582
2012-06-29 01:00:00,40.50535597798657
2012-06-29 02:00:00,17.99259897185822
2012-06-29 03:00:00,8.033563612397769
2012-06-29 04:00:00,7.7375388175958975
2012-06-29 05:00:00,37.871014993407314
2012-06-29 06:00:00,151.5670770959257
2012-06-29 07:00:00,388.0463084830618
2012-06-29 08:00:00,658.7960567083816
2012-06-29 09:00:00,369.70125030795094
2012-06-29 10:00:00,216.21442206304715
2012-06-29 11:00:00,237.47238814593635
2012-06-29 12:00:00,318.45640199681463
2012-06-29 13:00:00,319.01977215968856
2012-06-29 14:00:00,292.71757570987387
2012-06-29 15:00:00,321.2941043204896
2012-06-29 16:00:00,331.5743278727995
2012-06-29 17:00:00,712.7245921766761
2012-06-29 18:00:00,368.5382266841237
2012-06-29 19:00:00,408.5499210823368
2012-06-29 20:00:00,299.1581861097322
2012-06-29 21:00:00,282.159079473012
2012-06-29 22:00:00,130.147026985428
2012-06-29 23:00:00,115.13830591014413
2012-06-30 00:00:00,87.03252733656285
2012-06-30 01:00:00,82.63585467332308
2012-06-30 02:00:00,75.23103389085578
2012-06-30 03:00:00,35.51287999496952
2012-06-30 04:00:00,11.828203384767798
2012-06-30 05:00:00,10.49402474036725
2012-06-30 06:00:00,30.389599590245922
2012-06-30 07:00:00,65.60679684690572
2012-06-30 08:00:00,183.13879528163307
2012-06-30 09:00:00,218.7061207723434
2012-06-30 10:00:00,363.52693325175323
2012-06-30 11:00:00,468.15773342205546
2012-06-30 12:00:00,534.2548205518036
2012-06-30 13:00:00,546.6305498593781
2012-06-30 14:00:00,530.467112046199
2012-06-30 15:00:00,528.5513369731012
2012-06-30 16:00:00,497.8737686984711
2012-06-30 17:00:00,486.0866223873407
2012-06-30 18:00:00,456.51704201972416
2012-06-30 19:00:00,363.07611317263184
2012-06-30 20:00:00,304.0262010210257
2012-06-30 21:00:00,274.47800095610444
2012-06-30 22:00:00,248.45115020913175
2012-06-30 23:00:00,199.36297623941755
2012-07-20 00:00:00,55.30988345096159
2012-07-20 01:00:00,38.83691606348696
2012-07-20 02:00:00,13.389050812630273
2012-07-20 03:00:00,6.739424708907235
2012-07-20 04:00:00,7.1298472344507475
2012-07-20 05:00:00,36.707404898048935
2012-07-20 06:00:00,132.950795319102
2012-07-20 07:00:00,338.65259102198837
2012-07-20 08:00:00,499.2008088628397
2012-07-20 09:00:00,356.19559304452275
2012-07-20 10:00:00,213.580731678436
2012-07-20 11:00:00,160.130276682535
2012-07-20 12:00:00,173.45102951928783
2012-07-20 13:00:00,176.08325732240098
2012-07-20 14:00:00,165.6861197253385
2012-07-20 15:00:00,310.21663507423773
2012-07-20 16:00:00,349.08541195125275
2012-07-20 17:00:00,541.7566698298881
2012-07-20 18:00:00,367.4629290522513
2012-07-20 19:00:00,345.8569623270737
2012-07-20 20:00:00,126.51710651110677
2012-07-20 21:00:00,138.26446995135555
2012-07-20 22:00:00,199.4036755123384
2012-07-20 23:00:00,188.58985608529048
2012-07-21 00:00:00,77.02862633410314
2012-07-21 01:00:00,102.43222109960809
2012-07-21 02:00:00,51.512811266908905
2012-07-21 03:00:00,24.993721949577527
2012-07-21 04:00:00,9.567160642183513
2012-07-21 05:00:00,9.704781447585159
2012-07-21 06:00:00,24.085101812849054
2012-07-21 07:00:00,55.760959836508256
2012-07-21 08:00:00,189.60497024047982
2012-07-21 09:00:00,222.92075945793627
2012-07-21 10:00:00,138.74228331260457
2012-07-21 11:00:00,359.9014538868395
2012-07-21 12:00:00,219.26078663286808
2012-07-21 13:00:00,200.0375547623382
2012-07-21 14:00:00,306.68988535564233
2012-07-21 15:00:00,233.85460787736002
2012-07-21 16:00:00,224.09026239827668
2012-07-21 17:00:00,187.57932631235605
2012-07-21 18:00:00,311.1146501040147
2012-07-21 19:00:00,299.2181895000622
2012-07-21 20:00:00,140.7414599717708
2012-07-21 21:00:00,163.52572262735202
2012-07-21 22:00:00,187.03781666497406
2012-07-21 23:00:00,148.08648389255632
2012-07-22 00:00:00,102.11716173121054
2012-07-22 01:00:00,96.69283789956727
2012-07-22 02:00:00,73.3068182071402
2012-07-22 03:00:00,34.305689049788306
2012-07-22 04:00:00,12.658247301686352
2012-07-22 05:00:00,12.557309500077782
2012-07-22 06:00:00,22.58279618156623
2012-07-22 07:00:00,53.995325612443544
2012-07-22 08:00:00,103.29851583409646
2012-07-22 09:00:00,276.04250311758
2012-07-22 10:00:00,367.9363127033739
2012-07-22 11:00:00,417.0278988702647
2012-07-22 12:00:00,425.78609506104226
2012-07-22 13:00:00,455.8932057966755
2012-07-22 14:00:00,435.1012780937894
2012-07-22 15:00:00,429.7743335339972
2012-07-22 16:00:00,435.40229883968584
2012-07-22 17:00:00,458.8813999291323
2012-07-22 18:00:00,450.00498033784953
2012-07-22 19:00:00,362.4963181285355
2012-07-22 20:00:00,278.96859984509376
2012-07-22 21:00:00,218.09217036046527
2012-07-22 22:00:00,123.38205521761985
2012-07-22 23:00:00,82.6180088914025
2012-07-23 00:00:00,45.338530879265456
2012-07-23 01:00:00,12.97449541510365
2012-07-23 02:00:00,6.724101761490023
2012-07-23 03:00:00,5.79451481679218
2012-07-23 04:00:00,7.8672782418935405
2012-07-23 05:00:00,34.16896643809217
2012-07-23 06:00:00,140.1607939115473
2012-07-23 07:00:00,343.3097448127925
2012-07-23 08:00:00,615.3188715075596
2012-07-23 09:00:00,317.86907992169165
2012-07-23 10:00:00,201.29632355948465
2012-07-23 11:00:00,236.92480866537045
2012-07-23 12:00:00,264.5396667417285
2012-07-23 13:00:00,267.21927027481
2012-07-23 14:00:00,235.0838605967397
2012-07-23 15:00:00,260.6119445818685
2012-07-23 16:00:00,365.72853571830905
2012-07-23 17:00:00,795.3866683754891
2012-07-23 18:00:00,791.2996951798897
2012-07-23 19:00:00,547.5273264547114
2012-07-23 20:00:00,385.71469453681044
2012-07-23 21:00:00,295.2024183403492
2012-07-23 22:00:00,228.0329663843687
2012-07-23 23:00:00,123.41023612078298
2012-07-24 00:00:00,53.976104684569705
2012-07-24 01:00:00,17.15230451489046
2012-07-24 02:00:00,8.975935789224057
2012-07-24 03:00:00,5.605812333280011
2012-07-24 04:00:00,7.764004849350094
2012-07-24 05:00:00,41.76725899898511
2012-07-24 06:00:00,164.55505954661845
2012-07-24 07:00:00,476.39026739130856
2012-07-24 08:00:00,613.319091148079
2012-07-24 09:00:00,301.91009679767353
2012-07-24 10:00:00,184.750997707968
2012-07-24 11:00:00,208.26574526488415
2012-07-24 12:00:00,262.46657580362097
2012-07-24 13:00:00,265.6162440654658
2012-07-24 14:00:00,218.9539992387394
2012-07-24 15:00:00,262.4521372031818
2012-07-24 16:00:00,358.4468369496377
2012-07-24 17:00:00,758.583906474797
2012-07-24 18:00:00,661.9559797497034
2012-07-24 19:00:00,525.3408203521901
2012-07-24 20:00:00,370.0490448995297
2012-07-24 21:00:00,300.55554864843555
2012-07-24 22:00:00,232.42058188287763
2012-07-24 23:00:00,118.979339749428
2012-07-25 00:00:00,45.95589459019014
2012-07-25 01:00:00,18.7719807472258
2012-07-25 02:00:00,7.618956510456214
2012-07-25 03:00:00,5.184472154342644
2012-07-25 04:00:00,7.238923078726334
2012-07-25 05:00:00,42.27608907253351
2012-07-25 06:00:00,163.87396692405986
2012-07-25 07:00:00,460.37752625663956
2012-07-25 08:00:00,670.332950347727
2012-07-25 09:00:00,342.3005973798547
2012-07-25 10:00:00,206.68497346317287
2012-07-25 11:00:00,247.3425334615082
2012-07-25 12:00:00,306.7894297740589
2012-07-25 13:00:00,281.0681693942097
2012-07-25 14:00:00,236.75834901984703
2012-07-25 15:00:00,284.2254798399112
2012-07-25 16:00:00,375.63832917612825
2012-07-25 17:00:00,800.3808071606538
2012-07-25 18:00:00,813.394975432124
2012-07-25 19:00:00,606.4514657321864
2012-07-25 20:00:00,428.37036502356386
2012-07-25 21:00:00,330.81031685234984
2012-07-25 22:00:00,266.5450034747818
2012-07-25 23:00:00,144.373434426169
2012-07-26 00:00:00,60.16399184650075
2012-07-26 01:00:00,18.680188526756556
2012-07-26 02:00:00,8.811412458155242
2012-07-26 03:00:00,5.741113982580069
2012-07-26 04:00:00,8.031985607419985
2012-07-26 05:00:00,40.83426992986783
2012-07-26 06:00:00,163.47677998015428
2012-07-26 07:00:00,469.54933399609445
2012-07-26 08:00:00,637.8127035626068
2012-07-26 09:00:00,322.55828900617826
2012-07-26 10:00:00,201.9680461114794
2012-07-26 11:00:00,228.45567286103557
2012-07-26 12:00:00,261.3949847130743
2012-07-26 13:00:00,260.7388937156307
2012-07-26 14:00:00,196.26741379094364
2012-07-26 15:00:00,227.10942941051243
2012-07-26 16:00:00,351.9036378024322
2012-07-26 17:00:00,706.3009755945412
2012-07-26 18:00:00,696.6200390295837
2012-07-26 19:00:00,432.5883741566508
2012-07-26 20:00:00,370.5705039420676
2012-07-26 21:00:00,237.31195561883197
2012-07-26 22:00:00,254.22313388913435
2012-07-26 23:00:00,152.33192984267922
2012-07-27 00:00:00,81.1287905519597
2012-07-27 01:00:00,43.16035379083533
2012-07-27 02:00:00,19.938140416734385
2012-07-27 03:00:00,9.6645998658692
2012-07-27 04:00:00,8.497849852750633
2012-07-27 05:00:00,38.40365196828579
2012-07-27 06:00:00,153.04097922400786
2012-07-27 07:00:00,376.5152234333101
2012-07-27 08:00:00,621.3960629831155
2012-07-27 09:00:00,361.499347183989
2012-07-27 10:00:00,238.12381073394812
2012-07-27 11:00:00,256.6193968632157
2012-07-27 12:00:00,316.68322264787633
2012-07-27 13:00:00,354.6615552409352
2012-07-27 14:00:00,301.70879474263984
2012-07-27 15:00:00,344.8116605243639
2012-07-27 16:00:00,470.09545014538156
2012-07-27 17:00:00,731.2191280955799
2012-07-27 18:00:00,571.878428558547
2012-07-27 19:00:00,469.48156328537584
2012-07-27 20:00:00,315.73225581481665
2012-07-27 21:00:00,283.79001208429503
2012-07-27 22:00:00,256.0284450669494
2012-07-27 23:00:00,230.22544250076217
2012-07-28 00:00:00,161.5697184390151
2012-07-28 01:00:00,115.58134046827679
2012-07-28 02:00:00,85.10096272210079
2012-07-28 03:00:00,36.82194341225303
2012-07-28 04:00:00,12.090948670405902
2012-07-28 05:00:00,13.700249555347659
2012-07-28 06:00:00,34.7289421891517
2012-07-28 07:00:00,69.91586627313245
2012-07-28 08:00:00,193.7352693038826
2012-07-28 09:00:00,256.62287119319006
2012-07-28 10:00:00,365.9364051172426
2012-07-28 11:00:00,488.53944801239567
2012-07-28 12:00:00,530.3339381598337
2012-07-28 13:00:00,547.4871705511968
2012-07-28 14:00:00,530.0370496951793
2012-07-28 15:00:00,533.3168878997291
2012-07-28 16:00:00,517.0079603780895
2012-07-28 17:00:00,488.9491854493753
2012-07-28 18:00:00,466.7640657914685
2012-07-28 19:00:00,352.42577724115716
2012-07-28 20:00:00,230.48497934589378
2012-07-28 21:00:00,230.01836158650005
2012-07-28 22:00:00,234.75423757035725
2012-07-28 23:00:00,196.57577944770122
2012-07-29 00:00:00,110.83859684758566
2012-07-29 01:00:00,119.0510177197576
2012-07-29 02:00:00,85.34600287946142
2012-07-29 03:00:00,36.55152995939628
2012-07-29 04:00:00,14.357092464547735
2012-07-29 05:00:00,12.610735987013975
2012-07-29 06:00:00,22.717223583359882
2012-07-29 07:00:00,58.057861541446414
2012-07-29 08:00:00,117.71644512935599
2012-07-29 09:00:00,264.26934113409607
2012-07-29 10:00:00,380.1648348027387
2012-07-29 11:00:00,467.5692194697838
2012-07-29 12:00:00,533.9564023845737
2012-07-29 13:00:00,538.3673820719242
2012-07-29 14:00:00,518.9496096350396
2012-07-29 15:00:00,535.6358442859091
2012-07-29 16:00:00,530.9419801296045
2012-07-29 17:00:00,490.24340475905024
2012-07-29 18:00:00,468.61860409944916
2012-07-29 19:00:00,370.7708838952079
2012-07-29 20:00:00,310.31430828220664
2012-07-29 21:00:00,222.79389089321174
2012-07-29 22:00:00,125.93665506139894
2012-07-29 23:00:00,81.9102620663605
2012-07-30 00:00:00,50.704872644570294
2012-07-30 01:00:00,15.585836473186616
2012-07-30 02:00:00,10.288943793870772
2012-07-30 03:00:00,6.015865327389103
2012-07-30 04:00:00,8.564817069223288
2012-07-30 05:00:00,41.928784045472135
2012-07-30 06:00:00,144.27534715966624
2012-07-30 07:00:00,363.100232350713
2012-07-30 08:00:00,636.3599902231031
2012-07-30 09:00:00,318.41397282935844
2012-07-30 10:00:00,192.10800026153856
2012-07-30 11:00:00,235.62613330426683
2012-07-30 12:00:00,274.74979914578154
2012-07-30 13:00:00,258.86229183773145
2012-07-30 14:00:00,239.46372727308446
2012-07-30 15:00:00,259.2088500533043
2012-07-30 16:00:00,368.95280200504135
2012-07-30 17:00:00,734.6802335175091
2012-07-30 18:00:00,705.4782409938409
2012-07-30 19:00:00,542.2464951672773
2012-07-30 20:00:00,374.5106989928967
2012-07-30 21:00:00,273.7277196696734
2012-07-30 22:00:00,210.5748746425732
2012-07-30 23:00:00,120.28579380692892
2012-07-31 00:00:00,49.7237922128652
2012-07-31 01:00:00,15.332071120764953
2012-07-31 02:00:00,8.630617735547277
2012-07-31 03:00:00,6.33135751909991
2012-07-31 04:00:00,7.764004849350094
2012-07-31 05:00:00,41.0639444263794
2012-07-31 06:00:00,160.29339965108213
2012-07-31 07:00:00,342.61138344456435
2012-07-31 08:00:00,629.9261685143472
2012-07-31 09:00:00,321.4875677367119
2012-07-31 10:00:00,203.78017775550774
2012-07-31 11:00:00,238.14788263830349
2012-07-31 12:00:00,278.55597634432047
2012-07-31 13:00:00,263.3734799055422
2012-07-31 14:00:00,243.12558175257655
2012-07-31 15:00:00,274.2279004674327
2012-07-31 16:00:00,352.4884517551988
2012-07-31 17:00:00,797.0615199951486
2012-07-31 18:00:00,741.2995801441981
2012-07-31 19:00:00,359.34463496283297
2012-07-31 20:00:00,312.33687468362103
2012-07-31 21:00:00,264.88326361494796
2012-07-31 22:00:00,220.09621498058726
2012-07-31 23:00:00,136.24444160640985
2012-08-20 00:00:00,37.3358743571198
2012-08-20 01:00:00,14.247058166086868
2012-08-20 02:00:00,8.261505514377916
2012-08-20 03:00:00,5.8996107450895625
2012-08-20 04:00:00,8.12324106371047
2012-08-20 05:00:00,39.222162937338055
2012-08-20 06:00:00,142.73284958157925
2012-08-20 07:00:00,419.6134948726226
2012-08-20 08:00:00,675.3321274893146
2012-08-20 09:00:00,325.9072893478042
2012-08-20 10:00:00,198.9591217236768
2012-08-20 11:00:00,240.6642234740478
2012-08-20 12:00:00,302.75569658853544
2012-08-20 13:00:00,299.32693411317103
2012-08-20 14:00:00,256.0549138403627
2012-08-20 15:00:00,299.53882538140004
2012-08-20 16:00:00,409.9820716457289
2012-08-20 17:00:00,848.9601941782707
2012-08-20 18:00:00,672.7902332308696
2012-08-20 19:00:00,363.42210966156455
2012-08-20 20:00:00,292.5672433651471
2012-08-20 21:00:00,227.7153251476852
2012-08-20 22:00:00,147.87157224706328
2012-08-20 23:00:00,92.22304644711191
2012-08-21 00:00:00,37.34156905407719
2012-08-21 01:00:00,14.194180623425408
2012-08-21 02:00:00,5.60413661291676
2012-08-21 03:00:00,6.200310549511844
2012-08-21 04:00:00,7.1443945806634
2012-08-21 05:00:00,39.700902074534575
2012-08-21 06:00:00,165.62271880844156
2012-08-21 07:00:00,442.1288241433899
2012-08-21 08:00:00,665.7562198076295
2012-08-21 09:00:00,328.7199214058103
2012-08-21 10:00:00,207.5095675397041
2012-08-21 11:00:00,243.0370748445516
2012-08-21 12:00:00,310.25052852615465
2012-08-21 13:00:00,304.0119692125439
2012-08-21 14:00:00,251.5205029933286
2012-08-21 15:00:00,303.81262576726897
2012-08-21 16:00:00,437.78462535051386
2012-08-21 17:00:00,848.8718943567765
2012-08-21 18:00:00,860.7496104184282
2012-08-21 19:00:00,264.9351632103752
2012-08-21 20:00:00,386.47060347918483
2012-08-21 21:00:00,275.51404359060007
2012-08-21 22:00:00,179.69803877847954
2012-08-21 23:00:00,113.24822349826795
2012-08-22 00:00:00,46.69809114208408
2012-08-22 01:00:00,20.176115583834612
2012-08-22 02:00:00,8.072847454809096
2012-08-22 03:00:00,6.451045187820727
2012-08-22 04:00:00,7.544759448414771
2012-08-22 05:00:00,41.96645095400148
2012-08-22 06:00:00,165.2572105777232
2012-08-22 07:00:00,412.2735494376612
2012-08-22 08:00:00,681.6195938972061
2012-08-22 09:00:00,330.48236791226094
2012-08-22 10:00:00,209.37076875204247
2012-08-22 11:00:00,244.55879328784974
2012-08-22 12:00:00,313.72410100488844
2012-08-22 13:00:00,294.1301949332131
2012-08-22 14:00:00,247.45775943802371
2012-08-22 15:00:00,291.38852539805896
2012-08-22 16:00:00,364.43056323655634
2012-08-22 17:00:00,788.3154781283836
2012-08-22 18:00:00,777.719662800288
2012-08-22 19:00:00,396.90646089661163
2012-08-22 20:00:00,389.23106369964773
2012-08-22 21:00:00,287.3000699989934
2012-08-22 22:00:00,247.00541912726186
2012-08-22 23:00:00,132.5052444266701
2012-08-23 00:00:00,67.13415577887899
2012-08-23 01:00:00,16.724421441540894
2012-08-23 02:00:00,9.210322264152648
2012-08-23 03:00:00,6.500334660446549
2012-08-23 04:00:00,7.3589938920706555
2012-08-23 05:00:00,41.53374985051886
2012-08-23 06:00:00,155.14824334683837
2012-08-23 07:00:00,352.17738902284816
2012-08-23 08:00:00,670.268658098915
2012-08-23 09:00:00,329.6596198231299
2012-08-23 10:00:00,209.33487572178606
2012-08-23 11:00:00,248.34774679015126
2012-08-23 12:00:00,299.4635460840968
2012-08-23 13:00:00,283.243081576502
2012-08-23 14:00:00,244.11151224883054
2012-08-23 15:00:00,283.78088089694415
2012-08-23 16:00:00,414.1934587693757
2012-08-23 17:00:00,840.6386925210618
2012-08-23 18:00:00,843.8212201618545
2012-08-23 19:00:00,545.0090624082347
2012-08-23 20:00:00,424.633513370793
2012-08-23 21:00:00,328.05066382262135
2012-08-23 22:00:00,247.97826146760798
2012-08-23 23:00:00,162.85100079782035
2012-08-24 00:00:00,81.15303764465844
2012-08-24 01:00:00,42.90479189486567
2012-08-24 02:00:00,19.482456344146513
2012-08-24 03:00:00,8.979025680592018
2012-08-24 04:00:00,7.257875120002986
2012-08-24 05:00:00,39.60005037364227
2012-08-24 06:00:00,132.04577807013396
2012-08-24 07:00:00,351.43938011170076
2012-08-24 08:00:00,606.0937911840267
2012-08-24 09:00:00,394.66076007323875
2012-08-24 10:00:00,244.12903571294453
2012-08-24 11:00:00,293.90749076688815
2012-08-24 12:00:00,367.75451543583813
2012-08-24 13:00:00,377.7311249656386
2012-08-24 14:00:00,338.57272891798334
2012-08-24 15:00:00,374.9599410134289
2012-08-24 16:00:00,481.648771769135
2012-08-24 17:00:00,817.9179905937594
2012-08-24 18:00:00,579.9786242210971
2012-08-24 19:00:00,496.3486049258937
2012-08-24 20:00:00,335.45646170342286
2012-08-24 21:00:00,293.23890311918484
2012-08-24 22:00:00,253.76708726219354
2012-08-24 23:00:00,225.5636375329076
2012-08-25 00:00:00,154.18851795249503
2012-08-25 01:00:00,121.5593999732034
2012-08-25 02:00:00,89.131630968732
2012-08-25 03:00:00,37.95159003398763
2012-08-25 04:00:00,14.315651653460082
2012-08-25 05:00:00,12.501017637142809
2012-08-25 06:00:00,31.97444109217673
2012-08-25 07:00:00,59.2172017182889
2012-08-25 08:00:00,191.50627185467326
2012-08-25 09:00:00,282.9712389449879
2012-08-25 10:00:00,403.9483413463262
2012-08-25 11:00:00,478.7213648681114
2012-08-25 12:00:00,403.7707108181576
2012-08-25 13:00:00,559.2632833262487
2012-08-25 14:00:00,348.8639580801033
2012-08-25 15:00:00,340.38435363349055
2012-08-25 16:00:00,386.83339611243923
2012-08-25 17:00:00,398.5782260017544
2012-08-25 18:00:00,429.3726374795438
2012-08-25 19:00:00,346.8265446075542
2012-08-25 20:00:00,172.70613961057708
2012-08-25 21:00:00,195.8067085257805
2012-08-25 22:00:00,209.93780863190528
2012-08-25 23:00:00,143.26007906879428
2012-08-26 00:00:00,108.15389394855023
2012-08-26 01:00:00,103.34153223036877
2012-08-26 02:00:00,77.47802545594992
2012-08-26 03:00:00,35.80945849420307
2012-08-26 04:00:00,12.18749717578892
2012-08-26 05:00:00,11.084315877880677
2012-08-26 06:00:00,18.94941720919331
2012-08-26 07:00:00,55.91320482882807
2012-08-26 08:00:00,110.08891708790699
2012-08-26 09:00:00,259.3763906832726
2012-08-26 10:00:00,386.32323166372515
2012-08-26 11:00:00,441.8238651379897
2012-08-26 12:00:00,281.9207668867178
2012-08-26 13:00:00,208.87748111320417
2012-08-26 14:00:00,276.40861514756745
2012-08-26 15:00:00,212.1354786424626
2012-08-26 16:00:00,205.36549886765323
2012-08-26 17:00:00,289.054976695528
2012-08-26 18:00:00,272.08287872729755
2012-08-26 19:00:00,269.03249832594344
2012-08-26 20:00:00,205.35998606366113
2012-08-26 21:00:00,169.67797558275123
2012-08-26 22:00:00,103.68340052581192
2012-08-26 23:00:00,75.21420238650738
2012-08-27 00:00:00,45.91770000232885
2012-08-27 01:00:00,13.04478601390969
2012-08-27 02:00:00,7.288869550430051
2012-08-27 03:00:00,5.972660681894979
2012-08-27 04:00:00,8.380442631479985
2012-08-27 05:00:00,38.2974526773464
2012-08-27 06:00:00,140.71813864681417
2012-08-27 07:00:00,285.3865839230853
2012-08-27 08:00:00,533.3931353845612
2012-08-27 09:00:00,314.2009485253327
2012-08-27 10:00:00,199.30400324101606
2012-08-27 11:00:00,234.7003211947104
2012-08-27 12:00:00,293.1018233252899
2012-08-27 13:00:00,277.3336360092002
2012-08-27 14:00:00,247.47694123597108
2012-08-27 15:00:00,272.948879780406
2012-08-27 16:00:00,404.4560590232876
2012-08-27 17:00:00,841.0559710494063
2012-08-27 18:00:00,839.0679710501902
2012-08-27 19:00:00,492.9832614145943
2012-08-27 20:00:00,401.24141109357066
2012-08-27 21:00:00,276.780723647953
2012-08-27 22:00:00,207.0266928584421
2012-08-27 23:00:00,120.78242226701019
2012-08-28 00:00:00,44.903585268312455
2012-08-28 01:00:00,13.45523023601791
2012-08-28 02:00:00,8.902992034007777
2012-08-28 03:00:00,5.539673852336033
2012-08-28 04:00:00,8.195480302985773
2012-08-28 05:00:00,39.88706232170156
2012-08-28 06:00:00,158.76208932156933
2012-08-28 07:00:00,317.9038180162131
2012-08-28 08:00:00,575.6475389770919
2012-08-28 09:00:00,327.7748487979134
2012-08-28 10:00:00,201.70298672415825
2012-08-28 11:00:00,239.6740379267145
2012-08-28 12:00:00,278.59165901546663
2012-08-28 13:00:00,274.29695099735164
2012-08-28 14:00:00,242.5475808472207
2012-08-28 15:00:00,270.53615375744874
2012-08-28 16:00:00,417.2939795804017
2012-08-28 17:00:00,865.8248565838103
2012-08-28 18:00:00,843.0787766660583
2012-08-28 19:00:00,551.519085980547
2012-08-28 20:00:00,426.1621363096751
2012-08-28 21:00:00,313.5571749654014
2012-08-28 22:00:00,234.8484624900046
2012-08-28 23:00:00,150.42998917587906
2012-08-29 00:00:00,53.59805280222818
2012-08-29 01:00:00,16.747765460968523
2012-08-29 02:00:00,8.528284261324066
2012-08-29 03:00:00,5.831391283223384
2012-08-29 04:00:00,7.645305949648277
2012-08-29 05:00:00,40.57257311203179
2012-08-29 06:00:00,166.83205006031218
2012-08-29 07:00:00,483.15313480978693
2012-08-29 08:00:00,706.0087525831811
2012-08-29 09:00:00,344.0128363996205
2012-08-29 10:00:00,208.04158698676528
2012-08-29 11:00:00,250.11895293625602
2012-08-29 12:00:00,304.34216871704007
2012-08-29 13:00:00,302.9786069756877
2012-08-29 14:00:00,247.6728598206384
2012-08-29 15:00:00,292.6478165494283
2012-08-29 16:00:00,437.3335213646303
2012-08-29 17:00:00,889.8418704282515
2012-08-29 18:00:00,849.8383815505046
2012-08-29 19:00:00,556.291944636357
2012-08-29 20:00:00,433.8127241690374
2012-08-29 21:00:00,323.36358051895627
2012-08-29 22:00:00,258.02348469909725
2012-08-29 23:00:00,158.89207713994975
2012-08-30 00:00:00,67.20883993702869
2012-08-30 01:00:00,19.537034244273023
2012-08-30 02:00:00,9.543871805122372
2012-08-30 03:00:00,5.799342676476535
2012-08-30 04:00:00,7.629175479937409
2012-08-30 05:00:00,42.456282251187034
2012-08-30 06:00:00,165.70264104729046
2012-08-30 07:00:00,479.28239158018846
2012-08-30 08:00:00,697.8232011493693
2012-08-30 09:00:00,331.2237793799522
2012-08-30 10:00:00,209.44596777874392
2012-08-30 11:00:00,254.49133760597977
2012-08-30 12:00:00,304.07519685835246
2012-08-30 13:00:00,296.3839090292885
2012-08-30 14:00:00,244.83779115768888
2012-08-30 15:00:00,276.5285271426391
2012-08-30 16:00:00,414.2313853510942
2012-08-30 17:00:00,886.4968165483183
2012-08-30 18:00:00,834.6634351869627
2012-08-30 19:00:00,556.3403346082449
2012-08-30 20:00:00,429.65873157535
2012-08-30 21:00:00,327.66887378832996
2012-08-30 22:00:00,258.7223060846285
2012-08-30 23:00:00,161.2450639845837
2012-08-31 00:00:00,77.06691886261653
2012-08-31 01:00:00,40.3311094479927
2012-08-31 02:00:00,13.247824377125028
2012-08-31 03:00:00,8.512868551391069
2012-08-31 04:00:00,8.27702463743167
2012-08-31 05:00:00,36.111076417118014
2012-08-31 06:00:00,131.8133557879305
2012-08-31 07:00:00,335.371007490903
2012-08-31 08:00:00,606.6232062513646
2012-08-31 09:00:00,383.0679372124207
2012-08-31 10:00:00,235.78875029530587
2012-08-31 11:00:00,265.3999249604202
2012-08-31 12:00:00,335.49245368885965
2012-08-31 13:00:00,355.79923530101695
2012-08-31 14:00:00,303.49306934973765
2012-08-31 15:00:00,341.6110012355308
2012-08-31 16:00:00,463.77314598523407
2012-08-31 17:00:00,829.3432507153035
2012-08-31 18:00:00,565.1654734877044
2012-08-31 19:00:00,471.00743604332496
2012-08-31 20:00:00,316.0193688382269
2012-08-31 21:00:00,285.19115781388865
2012-08-31 22:00:00,251.85371977025463
2012-08-31 23:00:00,220.18284021264105
2012-09-20 00:00:00,52.4654441531446
2012-09-20 01:00:00,15.85058103489235
2012-09-20 02:00:00,9.739428818429735
2012-09-20 03:00:00,6.67392328487255
2012-09-20 04:00:00,7.345434144627755
2012-09-20 05:00:00,42.173480917389625
2012-09-20 06:00:00,169.7282674501621
2012-09-20 07:00:00,456.9841749445517
2012-09-20 08:00:00,761.1328626257916
2012-09-20 09:00:00,335.2594238716886
2012-09-20 10:00:00,203.37301395004093
2012-09-20 11:00:00,249.6237859235114
2012-09-20 12:00:00,325.62690745355405
2012-09-20 13:00:00,314.8204756026615
2012-09-20 14:00:00,279.7115349282301
2012-09-20 15:00:00,324.7462419724033
2012-09-20 16:00:00,442.332576791835
2012-09-20 17:00:00,870.7519490219813
2012-09-20 18:00:00,860.0891183248244
2012-09-20 19:00:00,512.6575842929863
2012-09-20 20:00:00,409.06070000812144
2012-09-20 21:00:00,324.76682630572935
2012-09-20 22:00:00,222.99511539620067
2012-09-20 23:00:00,142.04840969525998
2012-09-21 00:00:00,76.67201540647017
2012-09-21 01:00:00,46.91865982633971
2012-09-21 02:00:00,18.96131870816923
2012-09-21 03:00:00,9.73815568091468
2012-09-21 04:00:00,9.418818311846024
2012-09-21 05:00:00,42.812743776538824
2012-09-21 06:00:00,156.2509987434789
2012-09-21 07:00:00,388.1520983151919
2012-09-21 08:00:00,660.9076578583176
2012-09-21 09:00:00,390.30895357197915
2012-09-21 10:00:00,244.8673214710125
2012-09-21 11:00:00,321.404097264509
2012-09-21 12:00:00,360.1916989366696
2012-09-21 13:00:00,394.01654001176234
2012-09-21 14:00:00,337.5165831288166
2012-09-21 15:00:00,390.0153651792406
2012-09-21 16:00:00,535.356479419165
2012-09-21 17:00:00,842.1507393878271
2012-09-21 18:00:00,670.0325549380857
2012-09-21 19:00:00,508.04212156050903
2012-09-21 20:00:00,322.1523545173653
2012-09-21 21:00:00,272.4182322343512
2012-09-21 22:00:00,231.63863263916852
2012-09-21 23:00:00,206.37303060213785
2012-09-22 00:00:00,158.65623052843023
2012-09-22 01:00:00,99.08829169435967
2012-09-22 02:00:00,67.11643002759212
2012-09-22 03:00:00,34.245225672561375
2012-09-22 04:00:00,11.91810119149769
2012-09-22 05:00:00,11.76910722030145
2012-09-22 06:00:00,31.898704785015997
2012-09-22 07:00:00,66.7546120355076
2012-09-22 08:00:00,196.63796097098313
2012-09-22 09:00:00,310.56346570321614
2012-09-22 10:00:00,427.86694123313873
2012-09-22 11:00:00,535.7108947012307
2012-09-22 12:00:00,608.8743586420483
2012-09-22 13:00:00,617.3172574085526
2012-09-22 14:00:00,558.9044971816022
2012-09-22 15:00:00,545.509326571951
2012-09-22 16:00:00,549.9931655062474
2012-09-22 17:00:00,543.9391679854969
2012-09-22 18:00:00,499.12348504266157
2012-09-22 19:00:00,415.2555575721706
2012-09-22 20:00:00,327.65046215396364
2012-09-22 21:00:00,252.5600716311254
2012-09-22 22:00:00,248.4587669827103
2012-09-22 23:00:00,202.61573576184526
2012-09-23 00:00:00,128.02248144180828
2012-09-23 01:00:00,93.99567414348262
2012-09-23 02:00:00,73.0352137657719
2012-09-23 03:00:00,40.97037945651686
2012-09-23 04:00:00,12.124081734233512
2012-09-23 05:00:00,12.268453311389495
2012-09-23 06:00:00,23.98839378818839
2012-09-23 07:00:00,56.5632269118164
2012-09-23 08:00:00,110.23782346068651
2012-09-23 09:00:00,286.1047013403204
2012-09-23 10:00:00,410.5072261933616
2012-09-23 11:00:00,512.3808267914374
2012-09-23 12:00:00,578.450535482892
2012-09-23 13:00:00,642.9879366029454
2012-09-23 14:00:00,601.1941414345886
2012-09-23 15:00:00,619.6561609994956
2012-09-23 16:00:00,619.8780124157065
2012-09-23 17:00:00,558.6303767731838
2012-09-23 18:00:00,535.2267452430874
2012-09-23 19:00:00,399.93657541462807
2012-09-23 20:00:00,325.0312941680593
2012-09-23 21:00:00,178.87309733594665
2012-09-23 22:00:00,116.42627236734768
2012-09-23 23:00:00,70.26897015088593
2012-09-24 00:00:00,43.10318594850043
2012-09-24 01:00:00,13.925230359418848
2012-09-24 02:00:00,7.083919703716371
2012-09-24 03:00:00,4.461424550256114
2012-09-24 04:00:00,7.631921452479222
2012-09-24 05:00:00,44.80685401366529
2012-09-24 06:00:00,159.4663904907484
2012-09-24 07:00:00,469.2251972272779
2012-09-24 08:00:00,771.1135571627668
2012-09-24 09:00:00,342.5830272233562
2012-09-24 10:00:00,181.34147909418346
2012-09-24 11:00:00,242.84593068638614
2012-09-24 12:00:00,323.08458448382953
2012-09-24 13:00:00,322.19553777573395
2012-09-24 14:00:00,295.7715993511076
2012-09-24 15:00:00,320.7318907536818
2012-09-24 16:00:00,436.67827560340874
2012-09-24 17:00:00,845.1267693559586
2012-09-24 18:00:00,824.5608247064666
2012-09-24 19:00:00,501.7636198582159
2012-09-24 20:00:00,374.74426711089
2012-09-24 21:00:00,287.25343398062023
2012-09-24 22:00:00,157.45727537018337
2012-09-24 23:00:00,93.8915909804325
2012-09-25 00:00:00,44.610400491503256
2012-09-25 01:00:00,13.261315585381514
2012-09-25 02:00:00,7.471557495760474
2012-09-25 03:00:00,4.111824200344583
2012-09-25 04:00:00,6.960675836634537
2012-09-25 05:00:00,41.608589933113834
2012-09-25 06:00:00,157.9998738704303
2012-09-25 07:00:00,450.1083942416324
2012-09-25 08:00:00,775.5877735437617
2012-09-25 09:00:00,343.62404884195064
2012-09-25 10:00:00,188.67297802018177
2012-09-25 11:00:00,245.40569611237802
2012-09-25 12:00:00,315.641563108586
2012-09-25 13:00:00,317.9083474082831
2012-09-25 14:00:00,287.2906179753407
2012-09-25 15:00:00,325.0409412269558
2012-09-25 16:00:00,448.87428600167425
2012-09-25 17:00:00,883.9002902375134
2012-09-25 18:00:00,879.9457366428019
2012-09-25 19:00:00,544.5956964940195
2012-09-25 20:00:00,424.7166168541162
2012-09-25 21:00:00,304.19081545892806
2012-09-25 22:00:00,218.33803050974416
2012-09-25 23:00:00,114.542259422832
2012-09-26 00:00:00,43.17452336540179
2012-09-26 01:00:00,18.00057747230622
2012-09-26 02:00:00,5.681987576501485
2012-09-26 03:00:00,4.50758007994823
2012-09-26 04:00:00,7.384341321471398
2012-09-26 05:00:00,41.61770114856422
2012-09-26 06:00:00,177.61472504684508
2012-09-26 07:00:00,507.54880447540256
2012-09-26 08:00:00,745.271164584157
2012-09-26 09:00:00,342.4291339025986
2012-09-26 10:00:00,193.70859301891628
2012-09-26 11:00:00,238.98483284124555
2012-09-26 12:00:00,324.7965662964782
2012-09-26 13:00:00,310.65048886174253
2012-09-26 14:00:00,262.4503725255045
2012-09-26 15:00:00,314.62520875079997
2012-09-26 16:00:00,443.06712380173036
2012-09-26 17:00:00,851.6241722750875
2012-09-26 18:00:00,854.8442974615282
2012-09-26 19:00:00,560.8909273192156
2012-09-26 20:00:00,420.0175144623888
2012-09-26 21:00:00,322.5384913743846
2012-09-26 22:00:00,144.71300210315437
2012-09-26 23:00:00,115.4314372972583
2012-09-27 00:00:00,62.688823089055454
2012-09-27 01:00:00,20.701795200965527
2012-09-27 02:00:00,9.28074559030826
2012-09-27 03:00:00,7.055295761092082
2012-09-27 04:00:00,6.752097273768676
2012-09-27 05:00:00,42.38906021826993
2012-09-27 06:00:00,169.79350720932007
2012-09-27 07:00:00,441.8564720055288
2012-09-27 08:00:00,728.0932804049166
2012-09-27 09:00:00,335.95640174283255
2012-09-27 10:00:00,209.40737581329023
2012-09-27 11:00:00,248.7280775190386
2012-09-27 12:00:00,319.1545180478746
2012-09-27 13:00:00,303.84407505915846
2012-09-27 14:00:00,256.6025591867159
2012-09-27 15:00:00,301.70926193686626
2012-09-27 16:00:00,435.80162407634725
2012-09-27 17:00:00,748.9663861531415
2012-09-27 18:00:00,764.902797955491
2012-09-27 19:00:00,506.9484773964366
2012-09-27 20:00:00,393.957707993536
2012-09-27 21:00:00,212.00330069358515
2012-09-27 22:00:00,133.108233046219
2012-09-27 23:00:00,88.89774842816055
2012-09-28 00:00:00,49.54873255330838
2012-09-28 01:00:00,25.78081560127505
2012-09-28 02:00:00,9.591545525279313
2012-09-28 03:00:00,6.057784271414902
2012-09-28 04:00:00,5.2904810690636825
2012-09-28 05:00:00,37.08732928989113
2012-09-28 06:00:00,135.42191532916533
2012-09-28 07:00:00,329.97159290633965
2012-09-28 08:00:00,494.8927496632762
2012-09-28 09:00:00,345.6195002252478
2012-09-28 10:00:00,220.1605271495789
2012-09-28 11:00:00,301.57778397072957
2012-09-28 12:00:00,366.1426566652863
2012-09-28 13:00:00,392.41841442853325
2012-09-28 14:00:00,340.9947976832634
2012-09-28 15:00:00,396.7991351752504
2012-09-28 16:00:00,532.8932666889344
2012-09-28 17:00:00,839.7949793548404
2012-09-28 18:00:00,655.5632724571973
2012-09-28 19:00:00,332.8821193760298
2012-09-28 20:00:00,247.40298116314693
2012-09-28 21:00:00,180.92021753283734
2012-09-28 22:00:00,267.3744502798889
2012-09-28 23:00:00,206.8239704312021
2012-09-29 00:00:00,159.03167902322875
2012-09-29 01:00:00,103.66521240561059
2012-09-29 02:00:00,72.01206913844145
2012-09-29 03:00:00,41.6326850943583
2012-09-29 04:00:00,12.985212174342914
2012-09-29 05:00:00,13.401157836853178
2012-09-29 06:00:00,35.56873254577473
2012-09-29 07:00:00,70.96177610047485
2012-09-29 08:00:00,195.4909663724814
2012-09-29 09:00:00,298.9294670559715
2012-09-29 10:00:00,415.57088441351885
2012-09-29 11:00:00,531.274958702902
2012-09-29 12:00:00,632.2772620426056
2012-09-29 13:00:00,643.3400994490199
2012-09-29 14:00:00,599.7522943777029
2012-09-29 15:00:00,568.4119546752355
2012-09-29 16:00:00,579.2449626268788
2012-09-29 17:00:00,604.7424590081047
2012-09-29 18:00:00,496.35866231320114
2012-09-29 19:00:00,387.62033238774455
2012-09-29 20:00:00,318.5871584456728
2012-09-29 21:00:00,239.52826733524077
2012-09-29 22:00:00,221.40997646195638
2012-09-29 23:00:00,182.10471537944645
2012-09-30 00:00:00,117.20300995380425
2012-09-30 01:00:00,100.55522700918279
2012-09-30 02:00:00,74.45807897085042
2012-09-30 03:00:00,43.53013386312314
2012-09-30 04:00:00,12.550316823478166
2012-09-30 05:00:00,11.615701971681197
2012-09-30 06:00:00,29.383216752427778
2012-09-30 07:00:00,61.10441169125797
2012-09-30 08:00:00,111.3206509836169
2012-09-30 09:00:00,299.27759377658776
2012-09-30 10:00:00,411.2025820282852
2012-09-30 11:00:00,540.1554513446673
2012-09-30 12:00:00,626.6607716221716
2012-09-30 13:00:00,638.5796316423007
2012-09-30 14:00:00,584.0282100035004
2012-09-30 15:00:00,621.7437998528824
2012-09-30 16:00:00,628.9511361155996
2012-09-30 17:00:00,618.679775361443
2012-09-30 18:00:00,469.7021926554389
2012-09-30 19:00:00,242.73631185269275
2012-09-30 20:00:00,169.5021748166536
2012-09-30 21:00:00,174.6878748948327
2012-09-30 22:00:00,110.53746974521556
2012-09-30 23:00:00,75.4903668019817
2012-10-20 00:00:00,163.23797254604077
2012-10-20 01:00:00,112.0711813456987
2012-10-20 02:00:00,69.88818249700985
2012-10-20 03:00:00,34.192585175310704
2012-10-20 04:00:00,10.635696964165252
2012-10-20 05:00:00,10.392562969142258
2012-10-20 06:00:00,33.593221430222954
2012-10-20 07:00:00,71.8288246817724
2012-10-20 08:00:00,183.58681416339368
2012-10-20 09:00:00,300.1466532541872
2012-10-20 10:00:00,415.83148012603283
2012-10-20 11:00:00,526.2783341169722
2012-10-20 12:00:00,581.497679534926
2012-10-20 13:00:00,605.4123222046962
2012-10-20 14:00:00,557.3241160681287
2012-10-20 15:00:00,536.6607816910824
2012-10-20 16:00:00,545.1690433857789
2012-10-20 17:00:00,563.3784029612837
2012-10-20 18:00:00,521.0970760336794
2012-10-20 19:00:00,397.2886779821473
2012-10-20 20:00:00,304.09716651114127
2012-10-20 21:00:00,207.68030839889704
2012-10-20 22:00:00,174.47520082352912
2012-10-20 23:00:00,150.64182470022166
2012-10-21 00:00:00,119.67671225736775
2012-10-21 01:00:00,97.88876347080635
2012-10-21 02:00:00,67.39009699335571
2012-10-21 03:00:00,37.58756811606209
2012-10-21 04:00:00,10.683333859470263
2012-10-21 05:00:00,11.42956502869004
2012-10-21 06:00:00,21.950530210272593
2012-10-21 07:00:00,60.065632271670694
2012-10-21 08:00:00,120.77808443765659
2012-10-21 09:00:00,253.86113178672318
2012-10-21 10:00:00,388.72170163305225
2012-10-21 11:00:00,502.63106680493615
2012-10-21 12:00:00,572.8363958159048
2012-10-21 13:00:00,591.0272570138507
2012-10-21 14:00:00,568.1388866463662
2012-10-21 15:00:00,559.9427858781918
2012-10-21 16:00:00,556.8357266835851
2012-10-21 17:00:00,521.0188812193686
2012-10-21 18:00:00,505.17381452048403
2012-10-21 19:00:00,380.2334213543306
2012-10-21 20:00:00,272.6567964095492
2012-10-21 21:00:00,145.20347238616594
2012-10-21 22:00:00,115.28054060318455
2012-10-21 23:00:00,92.34626087719172
2012-10-22 00:00:00,33.421077176811444
2012-10-22 01:00:00,13.482902963151464
2012-10-22 02:00:00,7.404325170700515
2012-10-22 03:00:00,3.927970564167384
2012-10-22 04:00:00,7.478182127811442
2012-10-22 05:00:00,35.280355235301506
2012-10-22 06:00:00,148.26937053498588
2012-10-22 07:00:00,390.8066309782175
2012-10-22 08:00:00,758.86402102597
2012-10-22 09:00:00,330.06542271986314
2012-10-22 10:00:00,187.43078065617172
2012-10-22 11:00:00,244.2858424066039
2012-10-22 12:00:00,319.28577689743116
2012-10-22 13:00:00,324.2463074750699
2012-10-22 14:00:00,297.672493096294
2012-10-22 15:00:00,328.1036893026469
2012-10-22 16:00:00,453.01225626297037
2012-10-22 17:00:00,925.370824906929
2012-10-22 18:00:00,760.8289929620644
2012-10-22 19:00:00,483.2417258446138
2012-10-22 20:00:00,369.14228435216205
2012-10-22 21:00:00,274.12565550477905
2012-10-22 22:00:00,150.0351037425565
2012-10-22 23:00:00,98.44343510853095
2012-10-23 00:00:00,45.010506382288746
2012-10-23 01:00:00,12.957815294717339
2012-10-23 02:00:00,6.31882602155809
2012-10-23 03:00:00,5.452119670727082
2012-10-23 04:00:00,7.423831896036447
2012-10-23 05:00:00,42.43639118015686
2012-10-23 06:00:00,161.02566845659945
2012-10-23 07:00:00,429.7901146681785
2012-10-23 08:00:00,769.659081196168
2012-10-23 09:00:00,341.8143221431487
2012-10-23 10:00:00,193.2946484151235
2012-10-23 11:00:00,247.32879081570692
2012-10-23 12:00:00,316.7273241803444
2012-10-23 13:00:00,308.0384999483951
2012-10-23 14:00:00,279.33646015580365
2012-10-23 15:00:00,316.35265022010816
2012-10-23 16:00:00,450.300044662947
2012-10-23 17:00:00,892.4505741936797
2012-10-23 18:00:00,873.6627660597139
2012-10-23 19:00:00,531.3706681209022
2012-10-23 20:00:00,408.81563785402216
2012-10-23 21:00:00,300.7306956073341
2012-10-23 22:00:00,194.3266432110566
2012-10-23 23:00:00,105.9776638852474
2012-10-24 00:00:00,47.28373150739606
2012-10-24 01:00:00,18.110942695185738
2012-10-24 02:00:00,8.063322095973538
2012-10-24 03:00:00,6.309177716154943
2012-10-24 04:00:00,7.302929836488016
2012-10-24 05:00:00,45.74708226419139
2012-10-24 06:00:00,173.68863311804307
2012-10-24 07:00:00,347.11233602206755
2012-10-24 08:00:00,590.1485295160572
2012-10-24 09:00:00,335.97452741625864
2012-10-24 10:00:00,196.00249333176882
2012-10-24 11:00:00,234.6422872655623
2012-10-24 12:00:00,325.9293385701162
2012-10-24 13:00:00,307.96213104065174
2012-10-24 14:00:00,280.9590002236365
2012-10-24 15:00:00,317.49228284899067
2012-10-24 16:00:00,454.03800353966034
2012-10-24 17:00:00,883.2988306770451
2012-10-24 18:00:00,868.8878897915674
2012-10-24 19:00:00,516.1228081848116
2012-10-24 20:00:00,404.5654299042059
2012-10-24 21:00:00,319.793645016939
2012-10-24 22:00:00,237.97442571891258
2012-10-24 23:00:00,124.98165537265986
2012-10-25 00:00:00,54.35216909088247
2012-10-25 01:00:00,19.09663900603106
2012-10-25 02:00:00,10.354865348303626
2012-10-25 03:00:00,5.257034034349293
2012-10-25 04:00:00,6.364575098593361
2012-10-25 05:00:00,41.10138050694155
2012-10-25 06:00:00,157.80344534959957
2012-10-25 07:00:00,374.6728312010531
2012-10-25 08:00:00,586.9245690530167
2012-10-25 09:00:00,321.01341943325275
2012-10-25 10:00:00,192.20345250620727
2012-10-25 11:00:00,178.83919124679937
2012-10-25 12:00:00,247.09231105457363
2012-10-25 13:00:00,242.5970904513757
2012-10-25 14:00:00,244.8626425855529
2012-10-25 15:00:00,323.98399780841254
2012-10-25 16:00:00,417.065324793569
2012-10-25 17:00:00,760.8784138193103
2012-10-25 18:00:00,487.46056662331443
2012-10-25 19:00:00,335.21350581953413
2012-10-25 20:00:00,315.7233712511387
2012-10-25 21:00:00,204.4262322691402
2012-10-25 22:00:00,202.57268710503124
2012-10-25 23:00:00,123.46737428397797
2012-10-26 00:00:00,69.6372906713201
2012-10-26 01:00:00,38.14584681761061
2012-10-26 02:00:00,10.365485417587383
2012-10-26 03:00:00,5.884280616888659
2012-10-26 04:00:00,6.072157275579148
2012-10-26 05:00:00,38.39548273322316
2012-10-26 06:00:00,135.65423754829067
2012-10-26 07:00:00,357.8955051110131
2012-10-26 08:00:00,508.56653484640316
2012-10-26 09:00:00,325.81388322219993
2012-10-26 10:00:00,197.95901965401373
2012-10-26 11:00:00,266.066271947555
2012-10-26 12:00:00,342.5555032837544
2012-10-26 13:00:00,380.8189498366533
2012-10-26 14:00:00,325.6317132491527
2012-10-26 15:00:00,391.5058957404659
2012-10-26 16:00:00,440.6822677012511
2012-10-26 17:00:00,703.7997694052564
2012-10-26 18:00:00,404.81162210955176
2012-10-26 19:00:00,346.19232168213915
2012-10-26 20:00:00,257.248746740253
2012-10-26 21:00:00,245.75057198849888
2012-10-26 22:00:00,199.9369645899045
2012-10-26 23:00:00,194.2492702711956
2012-10-27 00:00:00,154.98494971316794
2012-10-27 01:00:00,106.7274804496962
2012-10-27 02:00:00,61.956923466860964
2012-10-27 03:00:00,35.48112411111735
2012-10-27 04:00:00,11.472083732200266
2012-10-27 05:00:00,11.48699781529608
2012-10-27 06:00:00,29.544593519110418
2012-10-27 07:00:00,65.930385390913
2012-10-27 08:00:00,191.03960831032765
2012-10-27 09:00:00,267.71606579626444
2012-10-27 10:00:00,401.7000484459042
2012-10-27 11:00:00,517.0730114614597
2012-10-27 12:00:00,596.1033838141567
2012-10-27 13:00:00,635.78074822139
2012-10-27 14:00:00,557.8482017062702
2012-10-27 15:00:00,471.0734513137064
2012-10-27 16:00:00,447.58333994884964
2012-10-27 17:00:00,500.4876686009576
2012-10-27 18:00:00,487.271158461549
2012-10-27 19:00:00,364.3597929331622
2012-10-27 20:00:00,262.08454573557606
2012-10-27 21:00:00,213.7657998468762
2012-10-27 22:00:00,200.23539655719992
2012-10-27 23:00:00,137.90764831558786
2012-10-28 00:00:00,71.54150883601088
2012-10-28 01:00:00,91.14841753221977
2012-10-28 02:00:00,70.05274837334228
2012-10-28 03:00:00,41.59190129402192
2012-10-28 04:00:00,11.901240451895543
2012-10-28 05:00:00,13.38198216373134
2012-10-28 06:00:00,23.842361343998427
2012-10-28 07:00:00,52.422073870267226
2012-10-28 08:00:00,113.27261051536445
2012-10-28 09:00:00,283.2544625573658
2012-10-28 10:00:00,312.48099975602736
2012-10-28 11:00:00,482.41918520138796
2012-10-28 12:00:00,485.3577470371103
2012-10-28 13:00:00,503.1667449084386
2012-10-28 14:00:00,467.428888336852
2012-10-28 15:00:00,453.74416071647295
2012-10-28 16:00:00,302.8808885447888
2012-10-28 17:00:00,252.59994443954437
2012-10-28 18:00:00,143.67463485129255
2012-10-28 19:00:00,122.25728582122623
2012-10-28 20:00:00,126.67385600600315
2012-10-28 21:00:00,115.03204762510887
2012-10-28 22:00:00,88.42379201895915
2012-10-28 23:00:00,64.09158627385585
2012-10-29 00:00:00,26.557541799701248
2012-10-30 13:00:00,131.4259872848037
2012-10-30 14:00:00,120.23592616783338
2012-10-30 15:00:00,137.85921637565966
2012-10-30 16:00:00,144.95227671756987
2012-10-30 17:00:00,348.1767623509158
2012-10-30 18:00:00,362.20989101227065
2012-10-30 19:00:00,433.46781239636033
2012-10-30 20:00:00,275.6309502509939
2012-10-30 21:00:00,184.5515312367186
2012-10-30 22:00:00,138.60225111104722
2012-10-30 23:00:00,104.78804708322247
2012-10-31 00:00:00,32.14761088228758
2012-10-31 01:00:00,12.807769351452126
2012-10-31 02:00:00,5.645521534406775
2012-10-31 03:00:00,4.672075688229009
2012-10-31 04:00:00,6.044547140618768
2012-10-31 05:00:00,34.543912259793075
2012-10-31 06:00:00,134.76694214155546
2012-10-31 07:00:00,372.61231045315265
2012-10-31 08:00:00,652.4342092527908
2012-10-31 09:00:00,325.715003437668
2012-10-31 10:00:00,159.60802057309024
2012-10-31 11:00:00,169.24943192491267
2012-10-31 12:00:00,238.0868031942329
2012-10-31 13:00:00,240.25556000302987
2012-10-31 14:00:00,207.91242659131308
2012-10-31 15:00:00,240.5572102520125
2012-10-31 16:00:00,375.1829340783095
2012-10-31 17:00:00,603.2623291204075
2012-10-31 18:00:00,591.2258935497944
2012-10-31 19:00:00,382.1927237936045
2012-10-31 20:00:00,324.44147509257635
2012-10-31 21:00:00,202.44037961683836
2012-10-31 22:00:00,146.96329924694214
2012-10-31 23:00:00,132.00928137023357
2012-11-20 00:00:00,30.18901504904158
2012-11-20 01:00:00,15.367781905023822
2012-11-20 02:00:00,5.764361682412357
2012-11-20 03:00:00,3.675923851997026
2012-11-20 04:00:00,6.717067812621877
2012-11-20 05:00:00,35.734619064281574
2012-11-20 06:00:00,139.9491794411016
2012-11-20 07:00:00,368.0239819337761
2012-11-20 08:00:00,658.4721322350255
2012-11-20 09:00:00,327.51012525304
2012-11-20 10:00:00,162.8630677298857
2012-11-20 11:00:00,193.12606332355173
2012-11-20 12:00:00,224.3855117092153
2012-11-20 13:00:00,228.6412630761679
2012-11-20 14:00:00,197.33921668589656
2012-11-20 15:00:00,256.73638941507164
2012-11-20 16:00:00,357.34863423372235
2012-11-20 17:00:00,566.5812695983296
2012-11-20 18:00:00,533.4520604942163
2012-11-20 19:00:00,372.39691283659687
2012-11-20 20:00:00,260.9679614997351
2012-11-20 21:00:00,201.39856438901097
2012-11-20 22:00:00,153.05363244285707
2012-11-20 23:00:00,99.22435897357937
2012-11-21 00:00:00,34.315151249189455
2012-11-21 01:00:00,13.766043737476389
2012-11-21 02:00:00,5.980151902673495
2012-11-21 03:00:00,4.969275879381016
2012-11-21 04:00:00,5.5742563922783255
2012-11-21 05:00:00,29.396443048834758
2012-11-21 06:00:00,131.57508978277096
2012-11-21 07:00:00,367.30013017741237
2012-11-21 08:00:00,613.3799633951907
2012-11-21 09:00:00,330.39495484829877
2012-11-21 10:00:00,168.62441743351775
2012-11-21 11:00:00,190.7067684594552
2012-11-21 12:00:00,238.5476577050277
2012-11-21 13:00:00,238.61809299886394
2012-11-21 14:00:00,255.62737923688903
2012-11-21 15:00:00,281.3335155354512
2012-11-21 16:00:00,367.3903290445692
2012-11-21 17:00:00,584.6570154624396
2012-11-21 18:00:00,530.5568031564053
2012-11-21 19:00:00,374.38515446633437
2012-11-21 20:00:00,260.5101438198945
2012-11-21 21:00:00,204.13523136522642
2012-11-21 22:00:00,145.27469727800397
2012-11-21 23:00:00,107.26365694439511
2012-11-22 00:00:00,94.32501282369353
2012-11-22 01:00:00,69.1954642143394
2012-11-22 02:00:00,45.046811192874
2012-11-22 03:00:00,15.660004230734065
2012-11-22 04:00:00,8.008329337530943
2012-11-22 05:00:00,8.344225101638818
2012-11-22 06:00:00,26.3587744680713
2012-11-22 07:00:00,58.60833369643589
2012-11-22 08:00:00,123.70713508166507
2012-11-22 09:00:00,258.8316076941748
2012-11-22 10:00:00,334.3692553634255
2012-11-22 11:00:00,434.44259557543575
2012-11-22 12:00:00,488.76926644678326
2012-11-22 13:00:00,433.34023218906583
2012-11-22 14:00:00,407.1850308939466
2012-11-22 15:00:00,402.3923246340021
2012-11-22 16:00:00,423.61561649752525
2012-11-22 17:00:00,416.1220347461691
2012-11-22 18:00:00,351.80490239676556
2012-11-22 19:00:00,263.9697348828483
2012-11-22 20:00:00,231.26702213446663
2012-11-22 21:00:00,168.4782294128428
2012-11-22 22:00:00,130.35392148167233
2012-11-22 23:00:00,81.63663170878813
2012-11-23 00:00:00,60.93970500523623
2012-11-23 01:00:00,27.438991566427347
2012-11-23 02:00:00,11.106132533428
2012-11-23 03:00:00,6.033554959566043
2012-11-23 04:00:00,7.647501735753961
2012-11-23 05:00:00,29.789927009864027
2012-11-23 06:00:00,125.7498288848286
2012-11-23 07:00:00,339.7645748691896
2012-11-23 08:00:00,528.4740060302029
2012-11-23 09:00:00,335.03853657300397
2012-11-23 10:00:00,180.70824494969833
2012-11-23 11:00:00,226.29363447554786
2012-11-23 12:00:00,281.8264775547994
2012-11-23 13:00:00,296.44785078945733
2012-11-23 14:00:00,328.1415057341382
2012-11-23 15:00:00,310.99365050090944
2012-11-23 16:00:00,458.04788985398886
2012-11-23 17:00:00,756.3126470020933
2012-11-23 18:00:00,570.9016766650012
2012-11-23 19:00:00,427.0221422127721
2012-11-23 20:00:00,283.5160127417265
2012-11-23 21:00:00,242.5974713123346
2012-11-23 22:00:00,178.79375948597203
2012-11-23 23:00:00,130.17187674399347
2012-11-24 00:00:00,111.50293130755813
2012-11-24 01:00:00,85.7834283046268
2012-11-24 02:00:00,54.78156908315481
2012-11-24 03:00:00,24.37931447161108
2012-11-24 04:00:00,6.943294580732098
2012-11-24 05:00:00,5.876704640177026
2012-11-24 06:00:00,20.301666481633333
2012-11-24 07:00:00,52.0517618185205
2012-11-24 08:00:00,118.09284245413303
2012-11-24 09:00:00,183.80986545274382
2012-11-24 10:00:00,303.74602652244164
2012-11-24 11:00:00,387.91314454949486
2012-11-24 12:00:00,477.79240439557555
2012-11-24 13:00:00,493.8459709838781
2012-11-24 14:00:00,490.1760240569423
2012-11-24 15:00:00,487.37663091218553
2012-11-24 16:00:00,440.742783514563
2012-11-24 17:00:00,357.1372637918971
2012-11-24 18:00:00,315.4077455203078
2012-11-24 19:00:00,248.1481286020635
2012-11-24 20:00:00,174.57277279356566
2012-11-24 21:00:00,147.05812231085955
2012-11-24 22:00:00,126.26663253013388
2012-11-24 23:00:00,87.89798792363064
2012-11-25 00:00:00,101.37452194811426
2012-11-25 01:00:00,86.16608930406358
2012-11-25 02:00:00,50.854067397699545
2012-11-25 03:00:00,22.275418630963465
2012-11-25 04:00:00,6.939207288727408
2012-11-25 05:00:00,7.060857032470713
2012-11-25 06:00:00,17.00591497771576
2012-11-25 07:00:00,49.0651562332706
2012-11-25 08:00:00,113.96773463733979
2012-11-25 09:00:00,173.1765910991786
2012-11-25 10:00:00,285.18520159455767
2012-11-25 11:00:00,381.8320808183457
2012-11-25 12:00:00,439.0848656846157
2012-11-25 13:00:00,439.91060532362593
2012-11-25 14:00:00,432.4170624868986
2012-11-25 15:00:00,444.32602124712827
2012-11-25 16:00:00,445.62875881747334
2012-11-25 17:00:00,329.48093972401705
2012-11-25 18:00:00,261.0826745383157
2012-11-25 19:00:00,202.85624552404363
2012-11-25 20:00:00,159.60445693075906
2012-11-25 21:00:00,119.44039016414023
2012-11-25 22:00:00,102.942493339536
2012-11-25 23:00:00,84.86305975272323
2012-11-26 00:00:00,28.06383918186799
2012-11-26 01:00:00,11.463900897639714
2012-11-26 02:00:00,7.052581075886345
2012-11-26 03:00:00,3.863993504058779
2012-11-26 04:00:00,6.976214167098298
2012-11-26 05:00:00,32.49582077350721
2012-11-26 06:00:00,131.4412183141405
2012-11-26 07:00:00,374.68537440298473
2012-11-26 08:00:00,684.6627953953922
2012-11-26 09:00:00,306.9254294652488
2012-11-26 10:00:00,150.6433775489289
2012-11-26 11:00:00,192.5029858498074
2012-11-26 12:00:00,245.32187667756247
2012-11-26 13:00:00,244.09587140239714
2012-11-26 14:00:00,214.53979490466742
2012-11-26 15:00:00,244.70647519036274
2012-11-26 16:00:00,369.6670055475017
2012-11-26 17:00:00,585.809516237377
2012-11-26 18:00:00,563.4099063532695
2012-11-26 19:00:00,381.43072000270115
2012-11-26 20:00:00,256.7714942984913
2012-11-26 21:00:00,197.0249542853984
2012-11-26 22:00:00,134.2709681832963
2012-11-26 23:00:00,81.3261025569609
2012-11-27 00:00:00,29.046330253166094
2012-11-27 01:00:00,14.446155428038123
2012-11-27 02:00:00,5.491817564941593
2012-11-27 03:00:00,3.7680514205193054
2012-11-27 04:00:00,6.039540239393067
2012-11-27 05:00:00,34.544124292934825
2012-11-27 06:00:00,132.2286827621863
2012-11-27 07:00:00,169.55599161601123
2012-11-27 08:00:00,413.59554146779647
2012-11-27 09:00:00,306.2607887456352
2012-11-27 10:00:00,97.1708413745117
2012-11-27 11:00:00,114.40400942435912
2012-11-27 12:00:00,146.48643844433138
2012-11-27 13:00:00,139.06191555399406
2012-11-27 14:00:00,125.53076836481797
2012-11-27 15:00:00,188.56243183103936
2012-11-27 16:00:00,324.85141768540996
2012-11-27 17:00:00,525.6832527027267
2012-11-27 18:00:00,511.108006280474
2012-11-27 19:00:00,337.1081292902496
2012-11-27 20:00:00,247.66585177295588
2012-11-27 21:00:00,173.8303020223513
2012-11-27 22:00:00,134.0085864860955
2012-11-27 23:00:00,86.73020947204529
2012-11-28 00:00:00,28.438133554941107
2012-11-28 01:00:00,14.730455998792108
2012-11-28 02:00:00,7.437243690246173
2012-11-28 03:00:00,3.795296120057663
2012-11-28 04:00:00,6.7423033103384125
2012-11-28 05:00:00,32.762071208863844
2012-11-28 06:00:00,138.71475983101018
2012-11-28 07:00:00,372.19240830153456
2012-11-28 08:00:00,670.1602231744858
2012-11-28 09:00:00,325.8517512575819
2012-11-28 10:00:00,147.0680729163935
2012-11-28 11:00:00,176.23025317612743
2012-11-28 12:00:00,211.31173917640808
2012-11-28 13:00:00,232.1919078206286
2012-11-28 14:00:00,198.1243824407919
2012-11-28 15:00:00,236.21909876630914
2012-11-28 16:00:00,351.7060354870178
2012-11-28 17:00:00,573.2571832290114
2012-11-28 18:00:00,533.2041381632017
2012-11-28 19:00:00,380.0286513123023
2012-11-28 20:00:00,253.31503721743888
2012-11-28 21:00:00,173.34128704716707
2012-11-28 22:00:00,130.67559041869322
2012-11-28 23:00:00,85.95748922559532
2012-11-29 00:00:00,28.791604831902095
2012-11-29 01:00:00,13.110555813923225
2012-11-29 02:00:00,6.255915198617344
2012-11-29 04:00:00,6.376079126957591
2012-11-29 05:00:00,31.274659513633463
2012-11-29 06:00:00,137.03568378665727
2012-11-29 07:00:00,383.1156558575554
2012-11-29 08:00:00,642.3823858167855
2012-11-29 09:00:00,329.510361769019
2012-11-29 10:00:00,152.01991383583777
2012-11-29 11:00:00,192.5832949252947
2012-11-29 12:00:00,246.0410231641538
2012-11-29 13:00:00,244.36165182652977
2012-11-29 14:00:00,193.14445624711882
2012-11-29 15:00:00,240.31275897706058
2012-11-29 16:00:00,350.067636678476
2012-11-29 17:00:00,581.3042148072211
2012-11-29 18:00:00,554.5786959172482
2012-11-29 19:00:00,380.7420697646163
2012-11-29 20:00:00,256.4788130753844
2012-11-29 21:00:00,180.2984916976178
2012-11-29 22:00:00,140.93504627750355
2012-11-29 23:00:00,110.19480963045405
2012-11-30 00:00:00,57.103570368976044
2012-11-30 01:00:00,27.07682450549725
2012-11-30 02:00:00,10.380791094082076
2012-11-30 03:00:00,7.018115897709793
2012-11-30 04:00:00,7.338075527158393
2012-11-30 05:00:00,30.185021138544222
2012-11-30 06:00:00,123.16406262225036
2012-11-30 07:00:00,335.29132036256135
2012-11-30 08:00:00,558.1765930046371
2012-11-30 09:00:00,338.00092260699125
2012-11-30 10:00:00,184.3395420933465
2012-11-30 11:00:00,209.75195473457313
2012-11-30 12:00:00,286.524955880011
2012-11-30 13:00:00,286.24039283471467
2012-11-30 14:00:00,258.7813829544374
2012-11-30 15:00:00,275.3886746445853
2012-11-30 16:00:00,392.02023639156374
2012-11-30 17:00:00,592.1647924225656
2012-11-30 18:00:00,474.9518727466701
2012-11-30 19:00:00,346.3525436611718
2012-11-30 20:00:00,238.49493372960282
2012-11-30 21:00:00,180.26682963607948
2012-11-30 22:00:00,163.05007178974003
2012-11-30 23:00:00,134.57500568424808
2012-12-20 00:00:00,34.362669542197594
2012-12-20 01:00:00,16.002550976231056
2012-12-20 02:00:00,5.964158367391396
2012-12-20 03:00:00,3.6361264853983126
2012-12-20 04:00:00,6.1343951270230574
2012-12-20 05:00:00,35.32252043804037
2012-12-20 06:00:00,131.01337870881147
2012-12-20 07:00:00,369.79415501640733
2012-12-20 08:00:00,684.9763476858001
2012-12-20 09:00:00,311.5935042481517
2012-12-20 10:00:00,157.44652907277205
2012-12-20 11:00:00,169.97970269676873
2012-12-20 12:00:00,219.55463209993874
2012-12-20 13:00:00,217.51927307482123
2012-12-20 14:00:00,188.0369825183061
2012-12-20 15:00:00,213.85009301411407
2012-12-20 16:00:00,325.8403055641681
2012-12-20 17:00:00,579.9268937485414
2012-12-20 18:00:00,543.5012164390221
2012-12-20 19:00:00,304.8048664475061
2012-12-20 20:00:00,240.8136137893222
2012-12-20 21:00:00,144.95032425276028
2012-12-20 22:00:00,90.93211211649034
2012-12-20 23:00:00,79.5881661411621
2012-12-21 00:00:00,42.597093073263416
2012-12-21 01:00:00,25.62427939405053
2012-12-21 02:00:00,8.568336855498675
2012-12-21 03:00:00,4.07817056914987
2012-12-21 04:00:00,5.209153643208403
2012-12-21 05:00:00,29.440270825833
2012-12-21 06:00:00,81.21270301892805
2012-12-21 07:00:00,282.96671957658293
2012-12-21 08:00:00,560.2810529771468
2012-12-21 09:00:00,290.6743650067309
2012-12-21 10:00:00,154.1876710240568
2012-12-21 11:00:00,172.0896007702687
2012-12-21 12:00:00,224.93377366167556
2012-12-21 13:00:00,233.9575311200216
2012-12-21 14:00:00,197.19324299153072
2012-12-21 15:00:00,233.99657535912954
2012-12-21 16:00:00,284.3863668477184
2012-12-21 17:00:00,485.1572093198355
2012-12-21 18:00:00,406.9024621488044
2012-12-21 19:00:00,266.63922489976835
2012-12-21 20:00:00,182.3756319478249
2012-12-21 21:00:00,147.09270225895233
2012-12-21 22:00:00,130.87059789766224
2012-12-21 23:00:00,99.89300703676385
2012-12-22 00:00:00,71.14021821136997
2012-12-22 01:00:00,59.8674764602874
2012-12-22 02:00:00,47.97428519349292
2012-12-22 03:00:00,24.942949190555208
2012-12-22 04:00:00,6.448285980209292
2012-12-22 05:00:00,4.775310217894173
2012-12-22 06:00:00,16.121115138764978
2012-12-22 07:00:00,43.37461611476234
2012-12-22 08:00:00,89.07964326547851
2012-12-22 09:00:00,159.44283515190438
2012-12-22 10:00:00,247.366301882767
2012-12-22 11:00:00,302.7314226561281
2012-12-22 12:00:00,344.0856767873027
2012-12-22 13:00:00,395.2817228377439
2012-12-22 14:00:00,368.354311930593
2012-12-22 15:00:00,338.0273760086166
2012-12-22 16:00:00,311.06712652132904
2012-12-22 17:00:00,265.2565834085939
2012-12-22 18:00:00,242.07098731711324
2012-12-22 19:00:00,196.17980613041368
2012-12-22 20:00:00,147.70729985493585
2012-12-22 21:00:00,116.86315444374199
2012-12-22 22:00:00,101.18162461946817
2012-12-22 23:00:00,72.74345670241577
2012-12-23 00:00:00,78.18154697856906
2012-12-23 01:00:00,65.73295553655902
2012-12-23 02:00:00,49.117498029896005
2012-12-23 03:00:00,25.503772396568973
2012-12-23 04:00:00,6.965871089198803
2012-12-23 05:00:00,5.680708846122425
2012-12-23 06:00:00,12.205642275777791
2012-12-23 07:00:00,39.925661234088665
2012-12-23 08:00:00,80.9789666867949
2012-12-23 09:00:00,137.8431794086104
2012-12-23 10:00:00,219.69301632788904
2012-12-23 11:00:00,283.592326435922
2012-12-23 12:00:00,364.2605242819335
2012-12-23 13:00:00,404.5838818014428
2012-12-23 14:00:00,388.82582052081096
2012-12-23 15:00:00,390.67806644850555
2012-12-23 16:00:00,374.76519422256393
2012-12-23 17:00:00,282.1370086296443
2012-12-23 18:00:00,232.97817309787717
2012-12-23 19:00:00,181.25797406314712
2012-12-23 20:00:00,127.03073399972433
2012-12-23 21:00:00,99.60804827209239
2012-12-23 22:00:00,83.23771378857636
2012-12-23 23:00:00,68.99746641924277
2012-12-24 00:00:00,26.158110440289175
2012-12-24 01:00:00,9.611839032981836
2012-12-24 02:00:00,6.31433555214726
2012-12-24 03:00:00,4.232837975921364
2012-12-24 05:00:00,28.280623046914876
2012-12-24 06:00:00,105.84417440304895
2012-12-24 07:00:00,312.76322192179936
2012-12-24 08:00:00,581.9491386125603
2012-12-24 09:00:00,267.04622884731873
2012-12-24 10:00:00,125.07354541802606
2012-12-24 11:00:00,134.57249779248008
2012-12-24 12:00:00,164.70977229981463
2012-12-24 13:00:00,96.74936851015339
2012-12-24 14:00:00,94.695003129528
2012-12-24 15:00:00,96.78402758265834
2012-12-24 16:00:00,133.16720071931172
2012-12-24 17:00:00,260.9266867986931
2012-12-24 18:00:00,259.6769772611914
2012-12-24 19:00:00,259.2014807336079
2012-12-24 20:00:00,127.55254624155413
2012-12-24 21:00:00,101.52777543793262
2012-12-24 22:00:00,113.0354428329311
2012-12-24 23:00:00,58.80476888624414
2012-12-25 00:00:00,57.87164526044262
2012-12-25 01:00:00,48.27929345479406
2012-12-25 02:00:00,39.692566702638246
2012-12-25 04:00:00,6.461641012295993
2012-12-25 05:00:00,6.131002410223371
2012-12-25 06:00:00,16.42890580838993
2012-12-25 07:00:00,41.290568897804164
2012-12-25 08:00:00,93.69568874193605
2012-12-25 09:00:00,162.64760304127995
2012-12-25 10:00:00,253.60838533559308
2012-12-25 11:00:00,309.07176346709844
2012-12-25 12:00:00,332.3593486116249
2012-12-25 13:00:00,416.2668024751975
2012-12-25 14:00:00,394.7095771358778
2012-12-25 15:00:00,368.6262368036326
2012-12-25 16:00:00,350.4434401279024
2012-12-25 17:00:00,304.3730525599018
2012-12-25 18:00:00,273.9747248514332
2012-12-25 19:00:00,213.73163156881355
2012-12-25 20:00:00,158.6503409409127
2012-12-25 21:00:00,117.32822621710373
2012-12-25 22:00:00,90.36525619887925
2012-12-25 23:00:00,59.586665325444265
2012-12-26 00:00:00,26.832361948691943
2012-12-26 01:00:00,11.84537141429545
2012-12-26 02:00:00,5.711217050746564
2012-12-26 03:00:00,3.354759402706895
2012-12-26 04:00:00,5.389260224098534
2012-12-26 05:00:00,28.80984174059545
2012-12-26 06:00:00,106.44848007059113
2012-12-26 07:00:00,144.85011815094316
2012-12-26 08:00:00,241.8777660827603
2012-12-26 09:00:00,133.51791719981114
2012-12-26 10:00:00,74.61340840729116
2012-12-26 11:00:00,84.90373393252638
2012-12-26 12:00:00,98.35165138588049
2012-12-26 13:00:00,94.9048358546871
2012-12-26 14:00:00,87.81904951848529
2012-12-26 15:00:00,94.7270063008479
2012-12-26 16:00:00,120.73363596443494
2012-12-26 17:00:00,249.9350478004079
2012-12-26 18:00:00,254.30215977875343
2012-12-26 19:00:00,175.65587701944668
2012-12-26 20:00:00,106.58759256041057
2012-12-26 21:00:00,147.28293376040648
2012-12-26 22:00:00,67.12481221387492
2012-12-26 23:00:00,59.79782838429632
2012-12-27 00:00:00,23.099393676692117
2012-12-27 01:00:00,6.57862931875939
2012-12-27 02:00:00,5.502822161509755
2012-12-27 03:00:00,3.413995591705144
2012-12-27 04:00:00,4.9937315032919996
2012-12-27 05:00:00,29.8535026779109
2012-12-27 06:00:00,86.90776531080988
2012-12-27 07:00:00,318.92920439438944
2012-12-27 08:00:00,584.8510820700128
2012-12-27 09:00:00,276.26132777281526
2012-12-27 10:00:00,114.75045834043388
2012-12-27 11:00:00,134.3584584921769
2012-12-27 12:00:00,169.19534961435397
2012-12-27 13:00:00,165.67182844021997
2012-12-27 14:00:00,136.53531690079265
2012-12-27 15:00:00,154.21644259482284
2012-12-27 16:00:00,257.9244988245327
2012-12-27 17:00:00,482.18788898299334
2012-12-27 18:00:00,465.75600807000893
2012-12-27 19:00:00,284.8314285432707
2012-12-27 20:00:00,211.99834750159212
2012-12-27 21:00:00,149.8939311236941
2012-12-27 22:00:00,115.44682663395918
2012-12-27 23:00:00,71.43953642449458
2012-12-28 00:00:00,48.22202419551971
2012-12-28 01:00:00,25.73959816628553
2012-12-28 02:00:00,9.32738089989952
2012-12-28 03:00:00,5.975463798527192
2012-12-28 04:00:00,6.060302143629352
2012-12-28 05:00:00,27.969582849533264
2012-12-28 06:00:00,91.23906896400422
2012-12-28 07:00:00,274.6180487571203
2012-12-28 08:00:00,557.3112370149302
2012-12-28 09:00:00,284.73408673836803
2012-12-28 10:00:00,146.32724137464518
2012-12-28 11:00:00,162.04252965418553
2012-12-28 12:00:00,225.386862245334
2012-12-28 13:00:00,234.1230965956886
2012-12-28 14:00:00,198.35048407241743
2012-12-28 15:00:00,238.4770385329287
2012-12-28 16:00:00,309.6007166141068
2012-12-28 17:00:00,481.85627447303506
2012-12-28 18:00:00,404.8179951260729
2012-12-28 19:00:00,258.6770935243599
2012-12-28 20:00:00,175.25597327119092
2012-12-28 21:00:00,143.23835771876398
2012-12-28 22:00:00,131.9482306332346
2012-12-28 23:00:00,104.57838083680137
2012-12-29 00:00:00,90.30750416174887
2012-12-29 01:00:00,71.83503516191828
2012-12-29 02:00:00,52.20128942316209
2012-12-29 03:00:00,24.469388939155625
2012-12-29 04:00:00,6.395549718218663
2012-12-29 05:00:00,5.281158741135585
2012-12-29 06:00:00,13.968003111132944
2012-12-29 07:00:00,45.778660356363275
2012-12-29 08:00:00,108.24185460695546
2012-12-29 09:00:00,161.31240866900583
2012-12-29 10:00:00,149.05988625159597
2012-12-29 11:00:00,176.73709580343768
2012-12-29 12:00:00,208.79378511713955
2012-12-29 13:00:00,202.37550037050528
2012-12-29 14:00:00,272.9399918871274
2012-12-29 15:00:00,274.0009439778762
2012-12-29 16:00:00,287.5652452927684
2012-12-29 17:00:00,257.89974508212066
2012-12-29 18:00:00,246.51613238470978
2012-12-29 19:00:00,193.39761803265122
2012-12-29 20:00:00,140.20447993889758
2012-12-29 21:00:00,112.06643429853665
2012-12-29 22:00:00,85.86351349301685
2012-12-29 23:00:00,79.78987481241649
2012-12-30 00:00:00,83.66002513132872
2012-12-30 01:00:00,62.544607029811075
2012-12-30 02:00:00,52.39650312237311
2012-12-30 03:00:00,24.721259699634132
2012-12-30 04:00:00,6.490988352596319
2012-12-30 05:00:00,5.359271785088375
2012-12-30 06:00:00,12.31862493071664
2012-12-30 07:00:00,38.971043970626006
2012-12-30 08:00:00,73.26837708069306
2012-12-30 09:00:00,135.96344399822735
2012-12-30 10:00:00,231.47428489615373
2012-12-30 11:00:00,290.6844447811398
2012-12-30 12:00:00,343.3882885495814
2012-12-30 13:00:00,356.4572821258793
2012-12-30 14:00:00,336.20892087578994
2012-12-30 15:00:00,330.3464510398622
2012-12-30 16:00:00,314.40191001351604
2012-12-30 17:00:00,254.05387069476856
2012-12-30 18:00:00,211.14186412558405
2012-12-30 19:00:00,194.96584611992031
2012-12-30 20:00:00,122.99226842933727
2012-12-30 21:00:00,96.64365520293583
2012-12-30 22:00:00,79.30954660219336
2012-12-30 23:00:00,56.241666544635244
2012-12-31 00:00:00,25.944291873588718
2012-12-31 01:00:00,9.154128250388567
2012-12-31 02:00:00,6.215949907570662
2012-12-31 03:00:00,3.529941418203002
2012-12-31 04:00:00,5.58294203199255
2012-12-31 05:00:00,28.67425918383315
2012-12-31 06:00:00,101.8559547704576
2012-12-31 07:00:00,307.5315629882427
2012-12-31 08:00:00,554.6701107962828
2012-12-31 09:00:00,263.2123789237024
2012-12-31 10:00:00,121.5178302711237
2012-12-31 11:00:00,132.39994121371805
2012-12-31 12:00:00,158.73968502351653
2012-12-31 13:00:00,161.1989749061582
2012-12-31 14:00:00,149.39921066664817
2012-12-31 15:00:00,165.70416684477405
2012-12-31 16:00:00,257.146588170964
2012-12-31 17:00:00,476.3938660427781
2012-12-31 18:00:00,452.8723087381162
2012-12-31 19:00:00,289.3738800658548
2012-12-31 20:00:00,214.22437329241762
2012-12-31 21:00:00,152.301748416363
2012-12-31 22:00:00,112.76442754008048
2012-12-31 23:00:00,61.669244272299586
