datetime,count
2011-01-20 00:00:00,9.783012274068213
2011-01-20 01:00:00,3.991899950214357
2011-01-20 02:00:00,2.391724548744692
2011-01-20 03:00:00,2.08931081326692
2011-01-20 04:00:00,1.8067178681876555
2011-01-20 05:00:00,6.190184536411119
2011-01-20 06:00:00,35.81182880971406
2011-01-20 07:00:00,113.41560090165449
2011-01-20 08:00:00,219.19754811534526
2011-01-20 09:00:00,108.8474489911747
2011-01-20 10:00:00,57.2625199489221
2011-01-20 11:00:00,58.07368307667811
2011-01-20 12:00:00,74.89578889423328
2011-01-20 13:00:00,67.30113345655234
2011-01-20 14:00:00,62.661384913477654
2011-01-20 15:00:00,69.02623877373831
2011-01-20 16:00:00,97.96877463529614
2011-01-20 17:00:00,200.41096463926746
2011-01-20 18:00:00,185.48444695205245
2011-01-20 19:00:00,113.41520285536043
2011-01-20 20:00:00,85.09027377563226
2011-01-20 21:00:00,57.050974276861005
2011-01-20 22:00:00,42.24847994734702
2011-01-20 23:00:00,22.474639093513616
2011-01-21 00:00:00,13.936485105099855
2011-01-21 01:00:00,6.414966267322126
2011-01-21 02:00:00,2.969240056305656
2011-01-21 03:00:00,1.5227309776329956
2011-01-21 04:00:00,1.5014106425362104
2011-01-21 05:00:00,4.948626807123049
2011-01-21 06:00:00,31.857498123211425
2011-01-21 07:00:00,97.51869751181545
2011-01-21 08:00:00,202.57581887234397
2011-01-21 09:00:00,109.49236725761098
2011-01-21 10:00:00,47.58322281113507
2011-01-21 11:00:00,59.17652298551311
2011-01-21 12:00:00,74.26569630191648
2011-01-21 13:00:00,69.17415136286444
2011-01-21 14:00:00,61.77417749385827
2011-01-21 15:00:00,70.32423110711558
2011-01-21 16:00:00,83.35123236446583
2011-01-21 17:00:00,144.70658096170934
2011-01-21 18:00:00,122.52254674462026
2011-01-21 19:00:00,75.63423539313568
2011-01-21 20:00:00,53.90623011545799
2011-01-21 21:00:00,38.527788231764
2011-01-21 22:00:00,33.96756401063787
2011-01-21 23:00:00,25.623916788224534
2011-01-22 00:00:00,23.75110916026709
2011-01-22 01:00:00,16.39050892572505
2011-01-22 02:00:00,12.759520522107193
2011-01-22 03:00:00,5.150618914668863
2011-01-22 04:00:00,1.4027822204874962
2011-01-22 06:00:00,3.055274274581796
2011-01-22 07:00:00,7.714848444382243
2011-01-22 08:00:00,24.40808302308015
2011-01-22 09:00:00,39.368194547902604
2011-01-22 10:00:00,64.74594960444585
2011-01-22 11:00:00,73.29324891978987
2011-01-22 12:00:00,93.89152566352851
2011-01-22 13:00:00,96.01072836379667
2011-01-22 14:00:00,90.99777484561753
2011-01-22 15:00:00,91.46929158983659
2011-01-22 16:00:00,81.96915203047318
2011-01-22 17:00:00,77.36057842403675
2011-01-22 18:00:00,60.59721730482231
2011-01-22 19:00:00,53.18623966319166
2011-01-22 20:00:00,37.56549262276125
2011-01-22 21:00:00,34.54406352359253
2011-01-22 22:00:00,26.15267669468301
2011-01-22 23:00:00,21.940316093250633
2011-01-23 00:00:00,23.616238628420952
2011-01-23 01:00:00,19.0758196931171
2011-01-23 02:00:00,14.570159874327437
2011-01-23 03:00:00,8.540426731362018
2011-01-23 05:00:00,1.5385966196873908
2011-01-23 06:00:00,2.0825740567074806
2011-01-23 07:00:00,5.830788277836821
2011-01-23 08:00:00,15.765934958456517
2011-01-23 09:00:00,29.523101397857797
2011-01-23 10:00:00,55.772643884463164
2011-01-23 11:00:00,66.78961646114976
2011-01-23 12:00:00,81.09853829405814
2011-01-23 13:00:00,83.6896130063889
2011-01-23 14:00:00,81.95242430226628
2011-01-23 15:00:00,80.76353345729723
2011-01-23 16:00:00,77.27934497744707
2011-01-23 17:00:00,62.33098640938036
2011-01-23 18:00:00,52.771227598820424
2011-01-23 19:00:00,41.11552570914038
2011-01-23 20:00:00,27.441091053706188
2011-01-23 21:00:00,23.15601775543289
2011-01-23 22:00:00,16.953678952405188
2011-01-23 23:00:00,11.635909808749659
2011-01-24 00:00:00,7.8436483805521915
2011-01-24 01:00:00,2.932075335718189
2011-01-24 03:00:00,1.4292953858224142
2011-01-24 04:00:00,1.6917494215111106
2011-01-24 05:00:00,5.284997497643862
2011-01-24 06:00:00,30.05684119111492
2011-01-24 07:00:00,92.16416668183561
2011-01-24 08:00:00,195.10023283953217
2011-01-24 09:00:00,100.81293087779258
2011-01-24 10:00:00,43.028271826779395
2011-01-24 11:00:00,39.26097320917694
2011-01-24 12:00:00,51.29677638595524
2011-01-24 13:00:00,48.55925485084075
2011-01-24 14:00:00,42.41588736471185
2011-01-24 15:00:00,52.17713217776551
2011-01-24 16:00:00,74.04811140603981
2011-01-24 17:00:00,147.61303614677286
2011-01-24 18:00:00,150.1192049429091
2011-01-24 19:00:00,96.91704880601648
2011-01-24 20:00:00,71.64023069907662
2011-01-24 21:00:00,45.921082428793426
2011-01-24 22:00:00,29.865379252501153
2011-01-24 23:00:00,16.889446607286576
2011-01-25 00:00:00,6.153437040791244
2011-01-25 01:00:00,3.1811826535997203
2011-01-25 02:00:00,1.9572514604030096
2011-01-25 04:00:00,1.6647047093620175
2011-01-25 05:00:00,5.076190908242127
2011-01-25 06:00:00,33.45756257216833
2011-01-25 07:00:00,100.53726735069448
2011-01-25 08:00:00,209.39160299392756
2011-01-25 09:00:00,104.53022721611534
2011-01-25 10:00:00,47.80052438550608
2011-01-25 11:00:00,51.3903587822
2011-01-25 12:00:00,69.89859824291894
2011-01-25 13:00:00,64.95681628418295
2011-01-25 14:00:00,62.05879500048657
2011-01-25 15:00:00,69.79663802734743
2011-01-25 16:00:00,102.06072983235629
2011-01-25 17:00:00,210.98148480799216
2011-01-25 18:00:00,200.31755221026626
2011-01-25 19:00:00,114.78018072732468
2011-01-25 20:00:00,84.6249144053587
2011-01-25 21:00:00,59.3074896671166
2011-01-25 22:00:00,40.78656044482398
2011-01-25 23:00:00,20.51602363365466
2011-01-26 00:00:00,7.5630178745402885
2011-01-26 01:00:00,3.5862859440034165
2011-01-26 02:00:00,2.2127418667237024
2011-01-26 05:00:00,3.3040805917480047
2011-01-26 06:00:00,15.84418346830009
2011-01-26 07:00:00,47.37603964663995
2011-01-26 08:00:00,98.40145325039498
2011-01-26 09:00:00,37.87722435749792
2011-01-26 10:00:00,20.350237121010903
2011-01-26 11:00:00,17.70162863398725
2011-01-26 12:00:00,20.00403143625948
2011-01-26 13:00:00,18.17612785667402
2011-01-26 14:00:00,16.26055157187195
2011-01-26 15:00:00,14.65403312044378
2011-01-26 16:00:00,28.481605871214686
2011-01-26 17:00:00,55.06630774673517
2011-01-27 16:00:00,83.37025428232806
2011-01-27 17:00:00,169.79957504288606
2011-01-27 18:00:00,161.9778101617805
2011-01-27 19:00:00,103.70808625024017
2011-01-27 20:00:00,81.51408740030914
2011-01-27 21:00:00,55.06519451646894
2011-01-27 22:00:00,43.758898472682986
2011-01-27 23:00:00,25.613847983667
2011-01-28 00:00:00,13.135492866176556
2011-01-28 01:00:00,6.44834695176364
2011-01-28 02:00:00,2.598017932011315
2011-01-28 03:00:00,1.608469577332428
2011-01-28 05:00:00,5.595131642700535
2011-01-28 06:00:00,30.11184398495299
2011-01-28 07:00:00,94.94956851651979
2011-01-28 08:00:00,214.2046318938374
2011-01-28 09:00:00,57.35842101482478
2011-01-28 10:00:00,26.294845350242408
2011-01-28 11:00:00,29.935834982769325
2011-01-28 12:00:00,36.87853620382832
2011-01-28 13:00:00,37.12912842952527
2011-01-28 14:00:00,34.61549890663441
2011-01-28 15:00:00,70.6511740239984
2011-01-28 16:00:00,89.77450678386965
2011-01-28 17:00:00,175.29324031406176
2011-01-28 18:00:00,151.45954527753472
2011-01-28 19:00:00,94.30944030395924
2011-01-28 20:00:00,69.53177229949945
2011-01-28 21:00:00,47.97335667878151
2011-01-28 22:00:00,45.681847743060764
2011-01-28 23:00:00,35.20655326096951
2011-01-29 00:00:00,28.743753714391286
2011-01-29 01:00:00,21.95772468089067
2011-01-29 02:00:00,17.058483282733793
2011-01-29 03:00:00,8.066255086151044
2011-01-29 04:00:00,2.396433811430559
2011-01-29 06:00:00,3.5847082539046693
2011-01-29 07:00:00,9.418387345516708
2011-01-29 08:00:00,29.09998682590866
2011-01-29 09:00:00,47.471262098880565
2011-01-29 10:00:00,71.44361193292455
2011-01-29 11:00:00,78.33749293900591
2011-01-29 12:00:00,99.71544145425955
2011-01-29 13:00:00,108.76086157495193
2011-01-29 14:00:00,103.54872795721266
2011-01-29 15:00:00,100.09141212569371
2011-01-29 16:00:00,105.28017527780892
2011-01-29 17:00:00,93.7124862406814
2011-01-29 18:00:00,75.55311696416996
2011-01-29 19:00:00,63.49915379112134
2011-01-29 20:00:00,45.081463892371076
2011-01-29 21:00:00,40.56170572407368
2011-01-29 22:00:00,32.367928585701065
2011-01-29 23:00:00,26.922371681623705
2011-01-30 00:00:00,27.402179680650534
2011-01-30 01:00:00,23.117179913780447
2011-01-30 02:00:00,19.333364208737734
2011-01-30 03:00:00,8.170997472552932
2011-01-30 04:00:00,2.890310481357742
2011-01-30 05:00:00,2.024565554547424
2011-01-30 07:00:00,6.045449542070602
2011-01-30 08:00:00,16.294200117476453
2011-01-30 09:00:00,34.90821119065308
2011-01-30 10:00:00,64.97389036906559
2011-01-30 11:00:00,79.80688370941029
2011-01-30 12:00:00,130.20369335244902
2011-01-30 13:00:00,116.97317800063327
2011-01-30 14:00:00,111.61119170957224
2011-01-30 15:00:00,126.07526745515801
2011-01-30 16:00:00,119.13886905403034
2011-01-30 17:00:00,96.78339645549443
2011-01-30 18:00:00,70.9600624578262
2011-01-30 19:00:00,53.67722271066337
2011-01-30 20:00:00,40.69647527511786
2011-01-30 21:00:00,30.674218314096148
2011-01-30 22:00:00,22.251709226796407
2011-01-30 23:00:00,15.415655007263219
2011-01-31 00:00:00,7.0559497670667435
2011-01-31 01:00:00,2.895149058521386
2011-01-31 02:00:00,2.0953457506840487
2011-01-31 03:00:00,1.6472736880408514
2011-01-31 04:00:00,1.4954140596681904
2011-01-31 05:00:00,3.350177923518814
2011-01-31 06:00:00,29.007280218069155
2011-01-31 07:00:00,92.0020414485127
2011-01-31 08:00:00,186.4092260207932
2011-01-31 09:00:00,91.65819676587067
2011-01-31 10:00:00,42.31182079947387
2011-01-31 11:00:00,42.53409506940798
2011-01-31 12:00:00,54.744065626665865
2011-01-31 13:00:00,51.64884494088878
2011-01-31 14:00:00,46.86710659543267
2011-01-31 15:00:00,49.982331745662876
2011-01-31 16:00:00,76.21223812299871
2011-01-31 17:00:00,156.04643814271813
2011-01-31 18:00:00,151.87377785707403
2011-01-31 19:00:00,125.34868938664948
2011-01-31 20:00:00,45.60382650392266
2011-01-31 21:00:00,31.047519919439303
2011-01-31 22:00:00,34.341586667269766
2011-01-31 23:00:00,18.52403882982112
2011-02-20 00:00:00,29.963121328257362
2011-02-20 01:00:00,21.27019402760196
2011-02-20 02:00:00,16.32020448188681
2011-02-20 03:00:00,7.118594298911961
2011-02-20 04:00:00,1.6580260139136174
2011-02-20 06:00:00,1.8092761785179512
2011-02-20 07:00:00,5.813232206937749
2011-02-20 08:00:00,19.419679656791303
2011-02-20 09:00:00,38.470912405918014
2011-02-20 10:00:00,79.03545625611079
2011-02-20 11:00:00,101.44189367882042
2011-02-20 12:00:00,132.65655016344914
2011-02-20 13:00:00,153.4139621995986
2011-02-20 14:00:00,141.37048351373463
2011-02-20 15:00:00,143.99837083009285
2011-02-20 16:00:00,135.50893140324465
2011-02-20 17:00:00,109.83717588758682
2011-02-20 18:00:00,83.65396994988465
2011-02-20 19:00:00,66.70984784184907
2011-02-20 20:00:00,46.981860919983646
2011-02-20 21:00:00,38.07955633010088
2011-02-20 22:00:00,28.850227793229713
2011-02-20 23:00:00,20.971751217412262
2011-02-21 00:00:00,22.245909104243744
2011-02-21 01:00:00,13.098042656851637
2011-02-21 02:00:00,8.834516747653183
2011-02-21 03:00:00,3.2762542641688013
2011-02-21 04:00:00,2.6987756989979026
2011-02-21 05:00:00,3.1471785013900107
2011-02-21 06:00:00,6.597678029589577
2011-02-21 07:00:00,13.323440418315592
2011-02-21 08:00:00,44.374266532948425
2011-02-21 09:00:00,62.930828378875304
2011-02-21 10:00:00,87.9487951185423
2011-02-21 11:00:00,102.5372379891758
2011-02-21 12:00:00,115.7229318007524
2011-02-21 13:00:00,53.39115535678349
2011-02-21 14:00:00,103.36695056192518
2011-02-21 15:00:00,96.38332301168714
2011-02-21 16:00:00,51.633614004332046
2011-02-21 17:00:00,89.36323951175223
2011-02-21 18:00:00,59.538225014126695
2011-02-21 19:00:00,53.22477345862988
2011-02-21 20:00:00,21.594396536288393
2011-02-21 21:00:00,17.255122000124295
2011-02-21 22:00:00,13.598407961930373
2011-02-21 23:00:00,9.312826073940576
2011-02-22 06:00:00,25.887692440118254
2011-02-22 07:00:00,84.04643006999736
2011-02-22 08:00:00,191.08674317573139
2011-02-22 09:00:00,98.17960925613426
2011-02-22 10:00:00,46.05131268164414
2011-02-22 11:00:00,46.57205736136888
2011-02-22 12:00:00,57.27645063428992
2011-02-22 13:00:00,59.30315385465402
2011-02-22 14:00:00,52.44844199079914
2011-02-22 15:00:00,60.79553159742948
2011-02-22 16:00:00,83.09051812047275
2011-02-22 17:00:00,165.38243742875545
2011-02-22 18:00:00,164.3271582760282
2011-02-22 19:00:00,93.949381258051
2011-02-22 20:00:00,72.74243471898541
2011-02-22 21:00:00,48.94048649618426
2011-02-22 22:00:00,35.83514972443277
2011-02-22 23:00:00,19.22486347022256
2011-02-23 00:00:00,7.735894554378177
2011-02-23 01:00:00,3.2482855087735056
2011-02-23 02:00:00,1.8046101007135227
2011-02-23 03:00:00,1.5002951870745238
2011-02-23 05:00:00,5.519612676718461
2011-02-23 06:00:00,31.12380116452667
2011-02-23 07:00:00,93.44625650954501
2011-02-23 08:00:00,197.37171391141388
2011-02-23 09:00:00,106.14832816955011
2011-02-23 10:00:00,49.614789712149545
2011-02-23 11:00:00,56.03656687858555
2011-02-23 12:00:00,74.84301488643268
2011-02-23 13:00:00,72.29684696892825
2011-02-23 14:00:00,68.60194719733357
2011-02-23 15:00:00,75.32380081583804
2011-02-23 16:00:00,107.492567851092
2011-02-23 17:00:00,223.8324941868177
2011-02-23 18:00:00,214.06663813892
2011-02-23 19:00:00,129.05635928599804
2011-02-23 20:00:00,87.43752950307366
2011-02-23 21:00:00,60.64122241883375
2011-02-23 22:00:00,45.069126708315736
2011-02-23 23:00:00,23.244838610141755
2011-02-24 00:00:00,9.49592283611103
2011-02-24 01:00:00,4.055973079375368
2011-02-24 02:00:00,2.286825620092208
2011-02-24 03:00:00,1.8754172752283813
2011-02-24 05:00:00,6.528996887929723
2011-02-24 06:00:00,34.78547557240829
2011-02-24 07:00:00,109.90479993253706
2011-02-24 08:00:00,231.93270549827278
2011-02-24 09:00:00,101.96804144008256
2011-02-24 10:00:00,52.66276075144035
2011-02-24 11:00:00,58.822450141872004
2011-02-24 12:00:00,76.41853775665247
2011-02-24 13:00:00,74.33982205989298
2011-02-24 14:00:00,67.30319312120317
2011-02-24 15:00:00,28.4006066574212
2011-02-24 16:00:00,38.43300288546614
2011-02-24 17:00:00,112.20415868266782
2011-02-24 18:00:00,140.42771377468083
2011-02-24 19:00:00,35.406098969496604
2011-02-24 20:00:00,66.21702011149347
2011-02-24 21:00:00,50.9847887868356
2011-02-24 22:00:00,18.326262592538754
2011-02-24 23:00:00,23.31708234482641
2011-02-25 00:00:00,8.493633585468736
2011-02-25 01:00:00,6.0573195102933015
2011-02-25 02:00:00,3.698054131431637
2011-02-25 03:00:00,1.9314360694949166
2011-02-25 05:00:00,5.979988376040049
2011-02-25 06:00:00,19.945331879684773
2011-02-25 07:00:00,46.425978733267264
2011-02-25 08:00:00,126.60445679836172
2011-02-25 09:00:00,35.16867429719205
2011-02-25 10:00:00,19.576680189270906
2011-02-25 11:00:00,123.25775869324964
2011-02-25 12:00:00,72.06400637785454
2011-02-25 13:00:00,72.08189622357689
2011-02-25 14:00:00,69.23998270823284
2011-02-25 15:00:00,120.51355000289179
2011-02-25 16:00:00,107.43658487617412
2011-02-25 17:00:00,184.86106865533583
2011-02-25 18:00:00,164.64948162071005
2011-02-25 19:00:00,101.55996757609729
2011-02-25 20:00:00,66.93814404974344
2011-02-25 21:00:00,55.68583622963023
2011-02-25 22:00:00,49.3618541032135
2011-02-25 23:00:00,37.699830573574516
2011-02-26 00:00:00,29.751826473840737
2011-02-26 01:00:00,20.796444726601017
2011-02-26 02:00:00,15.643970917376821
2011-02-26 03:00:00,8.151103553896425
2011-02-26 04:00:00,2.411294951661095
2011-02-26 05:00:00,2.0751560754857667
2011-02-26 06:00:00,3.588991019173687
2011-02-26 07:00:00,9.605289780393521
2011-02-26 08:00:00,28.766485681989725
2011-02-26 09:00:00,58.57533543777186
2011-02-26 10:00:00,92.71740606568406
2011-02-26 11:00:00,109.03754709076065
2011-02-26 12:00:00,135.8810506125866
2011-02-26 13:00:00,137.2808658421871
2011-02-26 14:00:00,130.05328600797375
2011-02-26 15:00:00,128.97111207472986
2011-02-26 16:00:00,128.91398924599173
2011-02-26 17:00:00,117.70278054392301
2011-02-26 18:00:00,97.65947759360657
2011-02-26 19:00:00,77.34279701831655
2011-02-26 20:00:00,59.7937859979228
2011-02-26 21:00:00,50.239090639654265
2011-02-26 22:00:00,41.651997539083084
2011-02-26 23:00:00,33.650516446026245
2011-02-27 00:00:00,25.55957228872668
2011-02-27 01:00:00,23.60264146590722
2011-02-27 02:00:00,19.372743724121207
2011-02-27 03:00:00,10.509676934080744
2011-02-27 04:00:00,3.212025973817777
2011-02-27 06:00:00,2.5015064238526694
2011-02-27 07:00:00,6.920429803083123
2011-02-27 08:00:00,19.801186608571467
2011-02-27 09:00:00,43.87869780114406
2011-02-27 10:00:00,80.21745561498342
2011-02-27 11:00:00,107.36586246793877
2011-02-27 12:00:00,165.37755277523445
2011-02-27 13:00:00,180.46040808621692
2011-02-27 14:00:00,178.13435906745678
2011-02-27 15:00:00,196.58679106450708
2011-02-27 16:00:00,208.36198991533988
2011-02-27 17:00:00,134.45281064255573
2011-02-27 18:00:00,105.63603063254939
2011-02-27 19:00:00,87.01841669787144
2011-02-27 20:00:00,61.35725839640591
2011-02-27 21:00:00,49.75704811605506
2011-02-27 22:00:00,35.36864720339568
2011-02-27 23:00:00,23.79792486983436
2011-02-28 00:00:00,9.744569554235216
2011-02-28 01:00:00,2.614155062742439
2011-02-28 03:00:00,1.4853877052073257
2011-02-28 05:00:00,6.0348352117527275
2011-02-28 06:00:00,33.822542199882164
2011-02-28 07:00:00,115.87789527669715
2011-02-28 08:00:00,182.00439683138308
2011-02-28 09:00:00,116.71901568197794
2011-02-28 10:00:00,79.5774559884008
2011-02-28 11:00:00,91.09637854005948
2011-02-28 12:00:00,119.44863987915939
2011-02-28 13:00:00,29.55563412620013
2011-02-28 14:00:00,17.952118292893896
2011-02-28 15:00:00,19.41831624190663
2011-02-28 16:00:00,40.88800242345332
2011-02-28 17:00:00,61.87674512770846
2011-02-28 18:00:00,102.0445731003334
2011-02-28 19:00:00,30.24450058096982
2011-02-28 20:00:00,23.22344484104854
2011-02-28 21:00:00,52.10493662110996
2011-02-28 22:00:00,14.444257308769343
2011-02-28 23:00:00,18.628394142893136
2011-03-20 00:00:00,33.061888587916165
2011-03-20 01:00:00,26.61043531285246
2011-03-20 02:00:00,19.118488162281885
2011-03-20 03:00:00,9.913028438930477
2011-03-20 04:00:00,1.829820384978118
2011-03-20 05:00:00,1.7095156638033744
2011-03-20 06:00:00,2.156319725648772
2011-03-20 07:00:00,6.851466832840915
2011-03-20 08:00:00,25.800679312397627
2011-03-20 09:00:00,50.16677957430234
2011-03-20 10:00:00,88.17838820459417
2011-03-20 11:00:00,112.18559597542908
2011-03-20 12:00:00,148.97889043561761
2011-03-20 13:00:00,168.84667718643607
2011-03-20 14:00:00,165.86742734808004
2011-03-20 15:00:00,164.37905386821646
2011-03-20 16:00:00,162.9897973611884
2011-03-20 17:00:00,127.45103941137562
2011-03-20 18:00:00,96.924213092746
2011-03-20 19:00:00,70.59048985875057
2011-03-20 20:00:00,50.77241048298445
2011-03-20 21:00:00,36.27119368107207
2011-03-20 22:00:00,27.636929001032584
2011-03-20 23:00:00,11.996545196338696
2011-03-21 00:00:00,11.733236469342213
2011-03-21 01:00:00,7.319609490544721
2011-03-21 02:00:00,3.820089610912118
2011-03-21 03:00:00,2.278777951760948
2011-03-21 05:00:00,10.664069340013777
2011-03-21 06:00:00,32.74137497550884
2011-03-21 07:00:00,63.98600626001355
2011-03-21 08:00:00,232.27838309026518
2011-03-21 09:00:00,120.55532232852526
2011-03-21 10:00:00,67.14197646401544
2011-03-21 11:00:00,79.90862551109046
2011-03-21 12:00:00,105.86037271496073
2011-03-21 13:00:00,139.24337509207783
2011-03-21 14:00:00,133.22956525330704
2011-03-21 15:00:00,159.82045074733355
2011-03-21 16:00:00,224.87611716680468
2011-03-21 17:00:00,432.21547423133285
2011-03-21 18:00:00,411.94790844514125
2011-03-21 19:00:00,345.57964732313195
2011-03-21 20:00:00,247.85607887985608
2011-03-21 21:00:00,94.64958990008058
2011-03-21 22:00:00,85.66811629758736
2011-03-21 23:00:00,54.790068725933544
2011-03-22 00:00:00,29.053009073331758
2011-03-22 01:00:00,8.392719134591045
2011-03-22 02:00:00,6.474380445668468
2011-03-22 03:00:00,3.878809835864374
2011-03-22 04:00:00,3.4558940616729075
2011-03-22 05:00:00,15.147441454902886
2011-03-22 06:00:00,64.52900932847062
2011-03-22 07:00:00,217.59121796963632
2011-03-22 08:00:00,329.2890428154272
2011-03-22 09:00:00,151.92382226877214
2011-03-22 10:00:00,79.92082281885294
2011-03-22 11:00:00,93.88453268681886
2011-03-22 12:00:00,139.43351811273453
2011-03-22 13:00:00,156.00426599919425
2011-03-22 14:00:00,132.53317677297238
2011-03-22 15:00:00,154.32735447783065
2011-03-22 16:00:00,229.3452588248625
2011-03-22 17:00:00,432.42916092028554
2011-03-22 18:00:00,412.64273980835037
2011-03-22 19:00:00,232.48724256150564
2011-03-22 20:00:00,156.6610537899548
2011-03-22 21:00:00,104.41309881186112
2011-03-22 22:00:00,72.71483950141925
2011-03-22 23:00:00,43.94620840743485
2011-03-23 00:00:00,14.552543019167075
2011-03-23 01:00:00,7.323521288614522
2011-03-23 02:00:00,3.3314166442244515
2011-03-23 03:00:00,2.52925180609166
2011-03-23 05:00:00,9.082728540846418
2011-03-23 06:00:00,49.11368004576954
2011-03-23 07:00:00,142.58465397796624
2011-03-23 08:00:00,295.53823223611727
2011-03-23 09:00:00,132.2691834294154
2011-03-23 10:00:00,58.80470377679055
2011-03-23 11:00:00,59.80724931150929
2011-03-23 12:00:00,63.51443920974712
2011-03-23 13:00:00,37.825098436811025
2011-03-23 14:00:00,69.43114646526944
2011-03-23 15:00:00,80.28471683441359
2011-03-23 16:00:00,159.8053048956935
2011-03-23 17:00:00,316.10563627666124
2011-03-23 18:00:00,153.54970085465695
2011-03-23 19:00:00,103.78566525808317
2011-03-23 20:00:00,28.08483350683516
2011-03-23 21:00:00,22.220524248340407
2011-03-23 22:00:00,51.203401289559615
2011-03-23 23:00:00,22.6038049949552
2011-03-24 00:00:00,12.321029961947941
2011-03-24 01:00:00,5.604243153354653
2011-03-24 02:00:00,3.805648240050768
2011-03-24 03:00:00,2.6136255604636336
2011-03-24 04:00:00,2.392357380910778
2011-03-24 05:00:00,11.359425127552354
2011-03-24 06:00:00,48.183342715967804
2011-03-24 07:00:00,70.25852874850644
2011-03-24 08:00:00,110.08126954425256
2011-03-24 09:00:00,117.62185659098988
2011-03-24 10:00:00,46.16010180728642
2011-03-24 11:00:00,61.64849797069073
2011-03-24 12:00:00,84.21382298484957
2011-03-24 13:00:00,83.88541162458591
2011-03-24 14:00:00,78.5793727039053
2011-03-24 15:00:00,80.57846982175704
2011-03-24 16:00:00,136.89857756426568
2011-03-24 17:00:00,272.43169764917
2011-03-24 18:00:00,261.6808047705727
2011-03-24 19:00:00,178.7846784694763
2011-03-24 20:00:00,127.39030716214926
2011-03-24 21:00:00,87.51703047579795
2011-03-24 22:00:00,66.47875568104602
2011-03-24 23:00:00,38.3130040156812
2011-03-25 00:00:00,23.8407423744406
2011-03-25 01:00:00,11.829255498621468
2011-03-25 02:00:00,5.988293907302056
2011-03-25 03:00:00,2.972914490541473
2011-03-25 04:00:00,2.519915904817164
2011-03-25 05:00:00,12.172436070988951
2011-03-25 06:00:00,47.48740165232935
2011-03-25 07:00:00,146.3265939752486
2011-03-25 08:00:00,295.78352343009715
2011-03-25 09:00:00,164.44749536001314
2011-03-25 10:00:00,79.38332708732514
2011-03-25 11:00:00,94.78837744745942
2011-03-25 12:00:00,128.56644539390072
2011-03-25 13:00:00,130.92660195030922
2011-03-25 14:00:00,124.85397616317634
2011-03-25 15:00:00,127.5242035217413
2011-03-25 16:00:00,169.84881144191962
2011-03-25 17:00:00,276.90859497616077
2011-03-25 18:00:00,239.67459305367424
2011-03-25 19:00:00,152.12431321337667
2011-03-25 20:00:00,101.96091600944213
2011-03-25 21:00:00,78.25995139379341
2011-03-25 22:00:00,65.40093021048295
2011-03-25 23:00:00,50.943183678638555
2011-03-26 00:00:00,44.50413646457494
2011-03-26 01:00:00,33.437317422663554
2011-03-26 02:00:00,25.414070308257983
2011-03-26 03:00:00,11.546829266288109
2011-03-26 04:00:00,3.5767985159301476
2011-03-26 05:00:00,3.9005597458290806
2011-03-26 06:00:00,9.512514989484911
2011-03-26 07:00:00,19.749189976467
2011-03-26 08:00:00,49.16750167757496
2011-03-26 09:00:00,81.16809517945741
2011-03-26 10:00:00,140.07365825375356
2011-03-26 11:00:00,163.4933343977089
2011-03-26 12:00:00,215.20822756437997
2011-03-26 13:00:00,222.4852528648862
2011-03-26 14:00:00,224.95914898209674
2011-03-26 15:00:00,224.59527276396895
2011-03-26 16:00:00,209.20121350245068
2011-03-26 17:00:00,180.35149307664557
2011-03-26 18:00:00,152.66469437982542
2011-03-26 19:00:00,110.73790594515276
2011-03-26 20:00:00,77.686826179342
2011-03-26 21:00:00,62.53329495416351
2011-03-26 22:00:00,56.06282308556039
2011-03-26 23:00:00,41.75280128237627
2011-03-27 00:00:00,44.829214856550735
2011-03-27 01:00:00,31.99198725168182
2011-03-27 02:00:00,21.424003545421712
2011-03-27 03:00:00,10.920130953683042
2011-03-27 04:00:00,4.116955282807428
2011-03-27 06:00:00,7.833203031435536
2011-03-27 07:00:00,13.502346392410034
2011-03-27 08:00:00,35.69882865557748
2011-03-27 09:00:00,68.7433912275861
2011-03-27 10:00:00,116.01483576584118
2011-03-27 11:00:00,145.83646336803696
2011-03-27 12:00:00,187.99177028201115
2011-03-27 13:00:00,210.21583512538677
2011-03-27 14:00:00,216.00773822911117
2011-03-27 15:00:00,206.54434660868455
2011-03-27 16:00:00,211.33948638188218
2011-03-27 17:00:00,172.23382470468272
2011-03-27 18:00:00,133.13714107899602
2011-03-27 19:00:00,102.89332917237486
2011-03-27 20:00:00,70.35051660861356
2011-03-27 21:00:00,53.613646569199844
2011-03-27 22:00:00,44.528542895346874
2011-03-27 23:00:00,31.53837805990864
2011-03-28 00:00:00,13.451834244271874
2011-03-28 01:00:00,6.186469551876842
2011-03-28 02:00:00,3.4893039791545912
2011-03-28 03:00:00,2.347570109969918
2011-03-28 05:00:00,11.083743446166341
2011-03-28 06:00:00,46.13159156500446
2011-03-28 07:00:00,158.08482394512262
2011-03-28 08:00:00,293.398927899722
2011-03-28 09:00:00,135.45338029611952
2011-03-28 10:00:00,62.04029897184078
2011-03-28 11:00:00,67.35535803277564
2011-03-28 12:00:00,92.5429006782758
2011-03-28 13:00:00,86.00365269155469
2011-03-28 14:00:00,83.48388543087748
2011-03-28 15:00:00,87.84510369831656
2011-03-28 16:00:00,149.48992311221048
2011-03-28 17:00:00,290.73060474459896
2011-03-28 18:00:00,277.6649416221597
2011-03-28 19:00:00,187.31992161945362
2011-03-28 20:00:00,135.5695364895801
2011-03-28 21:00:00,89.09010952415329
2011-03-28 22:00:00,56.589383308414526
2011-03-28 23:00:00,29.081704129147635
2011-03-29 00:00:00,13.930285002817984
2011-03-29 01:00:00,4.991390349964572
2011-03-29 02:00:00,2.695286045886082
2011-03-29 03:00:00,1.7450594567332267
2011-03-29 04:00:00,2.339008453611024
2011-03-29 05:00:00,11.789255072422975
2011-03-29 06:00:00,50.230490322535864
2011-03-29 07:00:00,169.14657752928508
2011-03-29 08:00:00,309.417204514899
2011-03-29 09:00:00,146.17009726972356
2011-03-29 10:00:00,67.53636581641962
2011-03-29 11:00:00,72.56400701277596
2011-03-29 12:00:00,102.22462725684585
2011-03-29 13:00:00,91.50590530135983
2011-03-29 14:00:00,92.44270527155236
2011-03-29 15:00:00,105.61161084024988
2011-03-29 16:00:00,176.22309849620044
2011-03-29 17:00:00,358.8161681759026
2011-03-29 18:00:00,319.6892770429895
2011-03-29 19:00:00,196.5454967301398
2011-03-29 20:00:00,151.06464422222737
2011-03-29 21:00:00,94.92214584350653
2011-03-29 22:00:00,66.85850328382047
2011-03-29 23:00:00,38.69030809872476
2011-03-30 00:00:00,17.249820615013675
2011-03-30 01:00:00,8.978491151350685
2011-03-30 02:00:00,3.960358872665822
2011-03-30 03:00:00,2.5687290378339553
2011-03-30 04:00:00,2.8700432653710064
2011-03-30 05:00:00,13.918607797758408
2011-03-30 06:00:00,57.107179220032194
2011-03-30 07:00:00,185.94739497415125
2011-03-30 08:00:00,328.26172067585907
2011-03-30 09:00:00,143.83881469065105
2011-03-30 10:00:00,68.74372341958049
2011-03-30 11:00:00,74.56776911282513
2011-03-30 12:00:00,96.77694480069746
2011-03-30 13:00:00,94.4447634850103
2011-03-30 14:00:00,83.58646976596958
2011-03-30 15:00:00,34.90055195770248
2011-03-30 16:00:00,52.43920648856215
2011-03-30 17:00:00,141.06312230815354
2011-03-30 18:00:00,184.44904057410068
2011-03-30 19:00:00,124.56202871948388
2011-03-30 20:00:00,43.02506552126513
2011-03-30 21:00:00,56.35960938754018
2011-03-30 22:00:00,25.92479167125567
2011-03-30 23:00:00,16.12834737611399
2011-03-31 00:00:00,8.319973842429958
2011-03-31 01:00:00,5.115609403803407
2011-03-31 02:00:00,3.3532504586571448
2011-03-31 03:00:00,2.2151585816530526
2011-03-31 04:00:00,2.232154975325613
2011-03-31 05:00:00,8.12330715978972
2011-03-31 06:00:00,23.9620799087026
2011-03-31 07:00:00,77.48172812878605
2011-03-31 08:00:00,232.75999302100473
2011-03-31 09:00:00,54.44232643750057
2011-03-31 10:00:00,30.42069414411564
2011-03-31 11:00:00,34.055930891142346
2011-03-31 12:00:00,38.847082431296776
2011-03-31 13:00:00,39.85258814559636
2011-03-31 14:00:00,36.73611381478546
2011-03-31 15:00:00,28.992931328194658
2011-03-31 16:00:00,102.76886510981291
2011-03-31 17:00:00,209.8194313553957
2011-03-31 18:00:00,247.4571644067545
2011-03-31 19:00:00,166.85526691186288
2011-03-31 20:00:00,46.58912412955955
2011-03-31 21:00:00,72.17172350585214
2011-03-31 22:00:00,27.229759012553224
2011-03-31 23:00:00,22.8872303754737
2011-04-20 00:00:00,30.17515158979033
2011-04-20 01:00:00,8.173138657072347
2011-04-20 02:00:00,6.036665674041903
2011-04-20 03:00:00,3.700508514797435
2011-04-20 04:00:00,3.46169006427146
2011-04-20 05:00:00,13.837639145840576
2011-04-20 06:00:00,67.39576964114073
2011-04-20 07:00:00,202.98725483916002
2011-04-20 08:00:00,440.3726302743074
2011-04-20 09:00:00,223.67274676690548
2011-04-20 10:00:00,132.81860721848415
2011-04-20 11:00:00,147.43493650907465
2011-04-20 12:00:00,187.33335759491817
2011-04-20 13:00:00,178.2585902309816
2011-04-20 14:00:00,158.70170441367407
2011-04-20 15:00:00,174.7573450138807
2011-04-20 16:00:00,270.51862706985554
2011-04-20 17:00:00,503.4680746158597
2011-04-20 18:00:00,516.1051895159824
2011-04-20 19:00:00,396.49209506494384
2011-04-20 20:00:00,283.7413689280325
2011-04-20 21:00:00,210.7105422759672
2011-04-20 22:00:00,151.1716244635867
2011-04-20 23:00:00,81.97430249992902
2011-04-21 00:00:00,35.127028405529266
2011-04-21 01:00:00,16.10332094203089
2011-04-21 02:00:00,8.277741094906382
2011-04-21 03:00:00,3.67565012398661
2011-04-21 04:00:00,3.749321177632029
2011-04-21 05:00:00,17.488808384503823
2011-04-21 06:00:00,60.188391900739404
2011-04-21 07:00:00,198.85992053104854
2011-04-21 08:00:00,326.1312557509051
2011-04-21 09:00:00,164.6338359839842
2011-04-21 10:00:00,89.59867829871291
2011-04-21 11:00:00,101.8351435673078
2011-04-21 12:00:00,148.85496798310177
2011-04-21 13:00:00,149.45273701870818
2011-04-21 14:00:00,140.00496223468355
2011-04-21 15:00:00,160.57058592228393
2011-04-21 16:00:00,236.08893440608534
2011-04-21 17:00:00,436.33996203058535
2011-04-21 18:00:00,402.3740600884488
2011-04-21 19:00:00,257.01358650740616
2011-04-21 20:00:00,186.52059878811752
2011-04-21 21:00:00,121.74125149994505
2011-04-21 22:00:00,93.97136037109952
2011-04-21 23:00:00,57.58361600687706
2011-04-22 00:00:00,31.363988301667217
2011-04-22 01:00:00,16.760957293218116
2011-04-22 02:00:00,9.266034420618192
2011-04-22 03:00:00,4.1324177704613305
2011-04-22 04:00:00,3.2231767691099993
2011-04-22 05:00:00,15.232582321883719
2011-04-22 06:00:00,56.32215360780229
2011-04-22 07:00:00,156.6565617674885
2011-04-22 08:00:00,310.62363946142204
2011-04-22 09:00:00,88.7960129929345
2011-04-22 10:00:00,86.28802219061397
2011-04-22 11:00:00,57.6561297842002
2011-04-22 12:00:00,67.39518322871986
2011-04-22 13:00:00,48.263816409725074
2011-04-22 14:00:00,32.98158143255145
2011-04-22 15:00:00,47.82963368563097
2011-04-22 16:00:00,92.20348455772927
2011-04-22 17:00:00,116.1247282634203
2011-04-22 18:00:00,96.1628407101015
2011-04-22 19:00:00,60.8858802428966
2011-04-22 20:00:00,37.127057581736736
2011-04-22 21:00:00,36.22763662958867
2011-04-22 22:00:00,31.278346341233437
2011-04-22 23:00:00,30.29908551733218
2011-04-23 00:00:00,34.53911755320327
2011-04-23 01:00:00,27.235174918827706
2011-04-23 02:00:00,18.994681015388093
2011-04-23 03:00:00,9.928199729346751
2011-04-23 04:00:00,4.591879348654233
2011-04-23 05:00:00,5.1612048652411975
2011-04-23 06:00:00,9.66897713428184
2011-04-23 07:00:00,14.63807890530886
2011-04-23 08:00:00,46.54689888995411
2011-04-23 09:00:00,63.557408905251236
2011-04-23 10:00:00,140.04156649874625
2011-04-23 11:00:00,180.93228073758416
2011-04-23 12:00:00,247.10639425072546
2011-04-23 13:00:00,249.59178294044145
2011-04-23 14:00:00,342.45084188075714
2011-04-23 15:00:00,365.1697160691632
2011-04-23 16:00:00,368.4342324681978
2011-04-23 17:00:00,359.0462250412236
2011-04-23 18:00:00,289.4969852841723
2011-04-23 19:00:00,220.51311711894715
2011-04-23 20:00:00,123.98282419844489
2011-04-23 21:00:00,128.54182460731556
2011-04-23 22:00:00,127.20077488398202
2011-04-23 23:00:00,89.60820581660835
2011-04-24 00:00:00,95.3958514586349
2011-04-24 01:00:00,70.3533478466873
2011-04-24 02:00:00,55.82960917467967
2011-04-24 03:00:00,25.638729409114262
2011-04-24 04:00:00,9.259567680746741
2011-04-24 05:00:00,9.689737892154845
2011-04-24 06:00:00,10.254181297030325
2011-04-24 07:00:00,27.11745244479584
2011-04-24 08:00:00,72.31595221268725
2011-04-24 09:00:00,133.42425663304152
2011-04-24 10:00:00,252.39790747062048
2011-04-24 11:00:00,343.21440187352016
2011-04-24 12:00:00,390.75461801263384
2011-04-24 13:00:00,393.06649963257286
2011-04-24 14:00:00,394.46591388207815
2011-04-24 15:00:00,392.1122838821768
2011-04-24 16:00:00,392.15462976550185
2011-04-24 17:00:00,377.1137759515131
2011-04-24 18:00:00,311.10189385857916
2011-04-24 19:00:00,144.23175022297312
2011-04-24 20:00:00,105.56655279159632
2011-04-24 21:00:00,59.30095898096319
2011-04-24 22:00:00,47.99056404870537
2011-04-24 23:00:00,40.880796097514704
2011-04-25 00:00:00,16.168051432630545
2011-04-25 01:00:00,10.661358450892475
2011-04-25 02:00:00,7.405319741942527
2011-04-25 03:00:00,4.224584904236014
2011-04-25 04:00:00,4.908548421474019
2011-04-25 05:00:00,15.505988850377324
2011-04-25 06:00:00,69.96050919854413
2011-04-25 07:00:00,203.85961290289578
2011-04-25 08:00:00,385.03740693224705
2011-04-25 09:00:00,218.43630908378333
2011-04-25 10:00:00,126.56257317760758
2011-04-25 11:00:00,141.2096589595031
2011-04-25 12:00:00,177.4992716914635
2011-04-25 13:00:00,173.92325682375247
2011-04-25 14:00:00,160.39643619671637
2011-04-25 15:00:00,175.84037049553544
2011-04-25 16:00:00,271.34151611478524
2011-04-25 17:00:00,511.7081221003512
2011-04-25 18:00:00,495.4323333176498
2011-04-25 19:00:00,364.1685780408318
2011-04-25 20:00:00,256.9103724285169
2011-04-25 21:00:00,188.32458308674285
2011-04-25 22:00:00,118.88587473461442
2011-04-25 23:00:00,61.525548397114925
2011-04-26 00:00:00,29.15430507594453
2011-04-26 01:00:00,12.703029563399506
2011-04-26 02:00:00,5.785480835516858
2011-04-26 03:00:00,3.379200447571291
2011-04-26 04:00:00,4.2828620871970156
2011-04-26 05:00:00,20.860338658840558
2011-04-26 06:00:00,99.92264264649975
2011-04-26 07:00:00,289.9020737272366
2011-04-26 08:00:00,412.2318517569779
2011-04-26 09:00:00,216.03325160307196
2011-04-26 10:00:00,125.06966143631315
2011-04-26 11:00:00,140.76029509651107
2011-04-26 12:00:00,181.62675915111618
2011-04-26 13:00:00,173.66884012205247
2011-04-26 14:00:00,155.99057624817908
2011-04-26 15:00:00,173.48743488788264
2011-04-26 16:00:00,271.40457722862357
2011-04-26 17:00:00,510.32341769884533
2011-04-26 18:00:00,481.5251765734221
2011-04-26 19:00:00,344.3886824658481
2011-04-26 20:00:00,246.1517157743749
2011-04-26 21:00:00,184.2709467481095
2011-04-26 22:00:00,115.97260792845844
2011-04-26 23:00:00,64.7716269312811
2011-04-27 00:00:00,32.18663312290011
2011-04-27 01:00:00,12.806488405590576
2011-04-27 02:00:00,6.208310151436949
2011-04-27 03:00:00,3.287084433246967
2011-04-27 04:00:00,4.2122417621747426
2011-04-27 05:00:00,14.047959839996766
2011-04-27 06:00:00,81.13345585869112
2011-04-27 07:00:00,237.21322364441548
2011-04-27 08:00:00,314.5789957021742
2011-04-27 09:00:00,168.1574865622585
2011-04-27 10:00:00,107.29240087538584
2011-04-27 11:00:00,124.65897600151663
2011-04-27 12:00:00,168.28197339320536
2011-04-27 13:00:00,162.5570371523
2011-04-27 14:00:00,155.46346446056273
2011-04-27 15:00:00,168.06602268408568
2011-04-27 16:00:00,263.00580876467336
2011-04-27 17:00:00,257.6062196089056
2011-04-27 18:00:00,252.3370158997871
2011-04-27 19:00:00,331.04848282652097
2011-04-27 20:00:00,219.663212393412
2011-04-27 21:00:00,142.14869656962784
2011-04-27 22:00:00,93.14993596212686
2011-04-27 23:00:00,61.5502451453465
2011-04-28 00:00:00,37.01019937937606
2011-04-28 01:00:00,12.086908526111324
2011-04-28 02:00:00,5.856436525492887
2011-04-28 03:00:00,4.566880510414313
2011-04-28 04:00:00,4.2001767989223096
2011-04-28 05:00:00,21.058232920994485
2011-04-28 06:00:00,97.8604214835702
2011-04-28 07:00:00,259.13117939725976
2011-04-28 08:00:00,400.8465922484716
2011-04-28 09:00:00,114.9599508809753
2011-04-28 10:00:00,97.61785272263468
2011-04-28 11:00:00,116.37846930260064
2011-04-28 12:00:00,161.57482949514724
2011-04-28 13:00:00,129.68149741557215
2011-04-28 14:00:00,138.24397638837496
2011-04-28 15:00:00,175.1927515194874
2011-04-28 16:00:00,253.57674419006696
2011-04-28 17:00:00,501.6953725217589
2011-04-28 18:00:00,490.7104709538793
2011-04-28 19:00:00,374.33038179153806
2011-04-28 20:00:00,262.1036777499146
2011-04-28 21:00:00,199.0354825216786
2011-04-28 22:00:00,147.19637841347372
2011-04-28 23:00:00,93.71133023891656
2011-04-29 00:00:00,53.457998540588065
2011-04-29 01:00:00,26.293657701189034
2011-04-29 02:00:00,15.020333062893782
2011-04-29 03:00:00,6.742716262787654
2011-04-29 04:00:00,5.416754260917688
2011-04-29 05:00:00,23.318714914511787
2011-04-29 06:00:00,94.56688520133821
2011-04-29 07:00:00,245.37157157858513
2011-04-29 08:00:00,442.15472704973934
2011-04-29 09:00:00,250.1719273931796
2011-04-29 10:00:00,156.3825512655594
2011-04-29 11:00:00,191.26080629395932
2011-04-29 12:00:00,226.818512787922
2011-04-29 13:00:00,228.15670136265183
2011-04-29 14:00:00,213.73395241091657
2011-04-29 15:00:00,218.8845948874495
2011-04-29 16:00:00,295.2452477642521
2011-04-29 17:00:00,417.5380851138063
2011-04-29 18:00:00,397.63579959397407
2011-04-29 19:00:00,231.3902213809517
2011-04-29 20:00:00,178.5624128132795
2011-04-29 21:00:00,130.1295261102155
2011-04-29 22:00:00,103.92118544607261
2011-04-29 23:00:00,78.32078789947406
2011-04-30 00:00:00,60.829475179872034
2011-04-30 01:00:00,51.016963169183505
2011-04-30 02:00:00,40.30174921145792
2011-04-30 03:00:00,18.84342728563021
2011-04-30 04:00:00,5.86684931962074
2011-04-30 05:00:00,6.861661230499511
2011-04-30 06:00:00,16.226504743567375
2011-04-30 07:00:00,34.19214786386816
2011-04-30 08:00:00,75.76651331605211
2011-04-30 09:00:00,120.84619118471024
2011-04-30 10:00:00,225.56529550632922
2011-04-30 11:00:00,292.83195407133917
2011-04-30 12:00:00,361.12331936210217
2011-04-30 13:00:00,375.21179324928767
2011-04-30 14:00:00,372.4477124819979
2011-04-30 15:00:00,403.23547572976975
2011-04-30 16:00:00,405.0467858842714
2011-04-30 17:00:00,383.9146900960055
2011-04-30 18:00:00,302.40332739143616
2011-04-30 19:00:00,254.745541228268
2011-04-30 20:00:00,123.15936497684109
2011-04-30 21:00:00,104.6110979949313
2011-04-30 22:00:00,92.3221690983217
2011-04-30 23:00:00,78.46803536329655
2011-05-20 00:00:00,39.90492084031521
2011-05-20 01:00:00,18.627228456791357
2011-05-20 02:00:00,10.258448628808496
2011-05-20 03:00:00,6.140210073173922
2011-05-20 04:00:00,5.161733494882086
2011-05-20 05:00:00,19.208539606768625
2011-05-20 06:00:00,83.3215888297044
2011-05-20 07:00:00,241.8320484402371
2011-05-20 08:00:00,436.902848455695
2011-05-20 09:00:00,249.6496553264249
2011-05-20 10:00:00,159.14070695725536
2011-05-20 11:00:00,180.6100636841933
2011-05-20 12:00:00,223.58997637168588
2011-05-20 13:00:00,173.64716956631278
2011-05-20 14:00:00,218.25942803392027
2011-05-20 15:00:00,231.52475890509973
2011-05-20 16:00:00,339.458167627915
2011-05-20 17:00:00,507.14304604112374
2011-05-20 18:00:00,475.974077950403
2011-05-20 19:00:00,326.9109965353338
2011-05-20 20:00:00,226.00904203691562
2011-05-20 21:00:00,184.69967804704112
2011-05-20 22:00:00,158.87004186521602
2011-05-20 23:00:00,128.4576650499735
2011-05-21 00:00:00,101.9917965192806
2011-05-21 01:00:00,74.25531234970926
2011-05-21 02:00:00,58.833685949334814
2011-05-21 03:00:00,25.363150020530018
2011-05-21 04:00:00,7.653618308404979
2011-05-21 05:00:00,9.098355677164164
2011-05-21 06:00:00,22.498022059031314
2011-05-21 07:00:00,55.425261578400416
2011-05-21 08:00:00,126.28145204994738
2011-05-21 09:00:00,196.30662277064738
2011-05-21 10:00:00,279.99695612360114
2011-05-21 11:00:00,356.50360275577407
2011-05-21 12:00:00,410.5305999262613
2011-05-21 13:00:00,418.27343053478603
2011-05-21 14:00:00,415.92125671982046
2011-05-21 15:00:00,410.26528510338386
2011-05-21 16:00:00,402.10936767756544
2011-05-21 17:00:00,395.6712869891245
2011-05-21 18:00:00,336.31401125291086
2011-05-21 19:00:00,297.2638393845631
2011-05-21 20:00:00,220.77968592170282
2011-05-21 21:00:00,188.60387102666164
2011-05-21 22:00:00,156.8858670484064
2011-05-21 23:00:00,117.65041262699586
2011-05-22 00:00:00,100.22937825853056
2011-05-22 01:00:00,68.34409091562499
2011-05-22 02:00:00,55.99080646871486
2011-05-22 03:00:00,25.873878234267906
2011-05-22 04:00:00,9.934585763763573
2011-05-22 05:00:00,10.458610512485293
2011-05-22 06:00:00,12.542084821322678
2011-05-22 07:00:00,40.32460575491043
2011-05-22 08:00:00,105.75162171240923
2011-05-22 09:00:00,185.16315762943293
2011-05-22 10:00:00,271.80151426363193
2011-05-22 11:00:00,347.40247398637894
2011-05-22 12:00:00,384.1432137411505
2011-05-22 13:00:00,385.86869304638185
2011-05-22 14:00:00,296.92445235512304
2011-05-22 15:00:00,373.0289249244046
2011-05-22 16:00:00,390.7945696574993
2011-05-22 17:00:00,385.1123427037058
2011-05-22 18:00:00,327.0481882267831
2011-05-22 19:00:00,280.5181246622465
2011-05-22 20:00:00,214.17056216226592
2011-05-22 21:00:00,161.1559623421169
2011-05-22 22:00:00,121.95597334153256
2011-05-22 23:00:00,74.43714698769762
2011-05-23 00:00:00,25.277947515970887
2011-05-23 01:00:00,13.659253437788651
2011-05-23 02:00:00,4.580633042248947
2011-05-23 03:00:00,3.0467398042836122
2011-05-23 04:00:00,4.4284826648564914
2011-05-23 05:00:00,17.060778439991218
2011-05-23 06:00:00,66.7684286625568
2011-05-23 07:00:00,210.29542966007602
2011-05-23 08:00:00,370.9285536883924
2011-05-23 09:00:00,185.0752564151643
2011-05-23 10:00:00,119.94986857644615
2011-05-23 11:00:00,134.11187225567386
2011-05-23 12:00:00,172.80616520381778
2011-05-23 13:00:00,162.0780735596094
2011-05-23 14:00:00,134.68298705301973
2011-05-23 15:00:00,158.47848086451336
2011-05-23 16:00:00,255.1833659454973
2011-05-23 17:00:00,378.34901934603454
2011-05-23 18:00:00,472.92216347218596
2011-05-23 19:00:00,367.23291003758504
2011-05-23 20:00:00,229.80103807341837
2011-05-23 21:00:00,136.49197213270938
2011-05-23 22:00:00,90.56463454899738
2011-05-23 23:00:00,59.884915578793
2011-05-24 00:00:00,17.295983668126723
2011-05-24 01:00:00,8.573999012182291
2011-05-24 02:00:00,5.707244252917621
2011-05-24 03:00:00,3.6746826761255713
2011-05-24 04:00:00,4.987092607404751
2011-05-24 05:00:00,13.938366071861331
2011-05-24 06:00:00,70.41381369323871
2011-05-24 07:00:00,204.61810541037167
2011-05-24 08:00:00,296.36527203209477
2011-05-24 09:00:00,215.85108990462356
2011-05-24 10:00:00,126.06910891975424
2011-05-24 11:00:00,144.779325022666
2011-05-24 12:00:00,182.1618444374521
2011-05-24 13:00:00,175.3007193262529
2011-05-24 14:00:00,153.9423473512774
2011-05-24 15:00:00,143.50719055304663
2011-05-24 16:00:00,273.2991402638673
2011-05-24 17:00:00,516.6684423564622
2011-05-24 18:00:00,509.04174579053944
2011-05-24 19:00:00,371.55512458088316
2011-05-24 20:00:00,267.79324465235635
2011-05-24 21:00:00,195.82523077427626
2011-05-24 22:00:00,69.59973706398796
2011-05-24 23:00:00,72.91295212018127
2011-05-25 00:00:00,21.103320707874296
2011-05-25 01:00:00,9.383951518068592
2011-05-25 02:00:00,5.759317047394829
2011-05-25 03:00:00,4.388763740362604
2011-05-25 04:00:00,4.892910040160887
2011-05-25 05:00:00,23.10013974807127
2011-05-25 06:00:00,86.70354994365613
2011-05-25 07:00:00,307.4705444635805
2011-05-25 08:00:00,455.43820445853237
2011-05-25 09:00:00,222.89400587068653
2011-05-25 10:00:00,133.60917266906645
2011-05-25 11:00:00,147.2605570318347
2011-05-25 12:00:00,187.84813725922896
2011-05-25 13:00:00,179.49173266963118
2011-05-25 14:00:00,163.3503107507737
2011-05-25 15:00:00,178.46715435679982
2011-05-25 16:00:00,275.7994868201862
2011-05-25 17:00:00,529.8113711992371
2011-05-25 18:00:00,521.2705169938087
2011-05-25 19:00:00,387.7333168014473
2011-05-25 20:00:00,281.9773426057609
2011-05-25 21:00:00,209.13324396568024
2011-05-25 22:00:00,158.30556600930555
2011-05-25 23:00:00,95.84797269160669
2011-05-26 00:00:00,39.754785113390234
2011-05-26 01:00:00,17.561662499398597
2011-05-26 02:00:00,7.475553313171535
2011-05-26 03:00:00,4.825097825911823
2011-05-26 04:00:00,5.320037184384961
2011-05-26 05:00:00,21.379500386486814
2011-05-26 06:00:00,72.51450505095927
2011-05-26 07:00:00,186.40694286779373
2011-05-26 08:00:00,415.48552564152
2011-05-26 09:00:00,225.62161019402774
2011-05-26 10:00:00,132.25194885841856
2011-05-26 11:00:00,151.52436432182697
2011-05-26 12:00:00,180.9268009290729
2011-05-26 13:00:00,173.69583166678132
2011-05-26 14:00:00,156.99004720530635
2011-05-26 15:00:00,171.6656189114226
2011-05-26 16:00:00,265.61482502468544
2011-05-26 17:00:00,514.667071596266
2011-05-26 18:00:00,505.6103443317695
2011-05-26 19:00:00,375.89271924846105
2011-05-26 20:00:00,285.5200894154336
2011-05-26 21:00:00,216.67450899212727
2011-05-26 22:00:00,167.2861338981689
2011-05-26 23:00:00,108.30220279822356
2011-05-27 00:00:00,60.972316523389324
2011-05-27 01:00:00,26.49355308953782
2011-05-27 02:00:00,15.461042961409772
2011-05-27 03:00:00,6.495036548172958
2011-05-27 04:00:00,5.663067451935149
2011-05-27 05:00:00,24.08335333031248
2011-05-27 06:00:00,107.4657894942173
2011-05-27 07:00:00,262.4410585004587
2011-05-27 08:00:00,443.6253670369954
2011-05-27 09:00:00,254.86723991892467
2011-05-27 10:00:00,158.918808767925
2011-05-27 11:00:00,178.37902041782854
2011-05-27 12:00:00,220.19596723496213
2011-05-27 13:00:00,230.7804563659233
2011-05-27 14:00:00,215.36221994342293
2011-05-27 15:00:00,232.11903998879035
2011-05-27 16:00:00,330.6768334785512
2011-05-27 17:00:00,500.8273532745
2011-05-27 18:00:00,438.7289685150598
2011-05-27 19:00:00,215.33899326923668
2011-05-27 20:00:00,202.51753326014511
2011-05-27 21:00:00,171.46022944760668
2011-05-27 22:00:00,166.240172044378
2011-05-27 23:00:00,125.0018333625298
2011-05-28 00:00:00,102.87652267639085
2011-05-28 01:00:00,72.8232763235757
2011-05-28 02:00:00,48.76477265311563
2011-05-28 03:00:00,23.408979909517427
2011-05-28 04:00:00,7.286952848987291
2011-05-28 05:00:00,8.843246660099359
2011-05-28 06:00:00,20.710097360875647
2011-05-28 07:00:00,49.7134558573106
2011-05-28 08:00:00,127.25610900209566
2011-05-28 09:00:00,195.7934921641762
2011-05-28 10:00:00,277.6827549529202
2011-05-28 11:00:00,349.1265405888954
2011-05-28 12:00:00,397.57432211049183
2011-05-28 13:00:00,400.8349969268219
2011-05-28 14:00:00,392.1321182775397
2011-05-28 15:00:00,399.8451254344954
2011-05-28 16:00:00,396.2926332930331
2011-05-28 17:00:00,397.3907184124375
2011-05-28 18:00:00,337.2220515023711
2011-05-28 19:00:00,288.521388748525
2011-05-28 20:00:00,232.90684569945924
2011-05-28 21:00:00,182.97803334977587
2011-05-28 22:00:00,166.33625651741937
2011-05-28 23:00:00,125.70053716122126
2011-05-29 00:00:00,107.4431695969912
2011-05-29 01:00:00,81.25709964012674
2011-05-29 02:00:00,62.508316098103506
2011-05-29 03:00:00,29.27604437655899
2011-05-29 04:00:00,9.548781844557114
2011-05-29 05:00:00,9.415250680837607
2011-05-29 06:00:00,12.237201599095771
2011-05-29 07:00:00,29.922018899193354
2011-05-29 08:00:00,75.90779926745311
2011-05-29 09:00:00,85.42805835554404
2011-05-29 10:00:00,218.42828787101126
2011-05-29 11:00:00,255.16486704747996
2011-05-29 12:00:00,340.88990110143345
2011-05-29 13:00:00,371.4107455269977
2011-05-29 14:00:00,363.6424397459165
2011-05-29 15:00:00,364.26589417577435
2011-05-29 16:00:00,365.93136498732747
2011-05-29 17:00:00,362.7040073262232
2011-05-29 18:00:00,293.13732655525985
2011-05-29 19:00:00,259.19852656999
2011-05-29 20:00:00,197.85752903846125
2011-05-29 21:00:00,156.24824068398712
2011-05-29 22:00:00,118.29646764066588
2011-05-29 23:00:00,89.08103577043843
2011-05-30 00:00:00,69.35265700042487
2011-05-30 01:00:00,51.36757081825627
2011-05-30 02:00:00,32.3583410165059
2011-05-30 03:00:00,13.672686219200566
2011-05-30 04:00:00,6.535100422685595
2011-05-30 05:00:00,7.408637443722616
2011-05-30 06:00:00,14.117044706437358
2011-05-30 07:00:00,35.43170459017584
2011-05-30 08:00:00,97.15924424120286
2011-05-30 09:00:00,182.05413243708466
2011-05-30 10:00:00,235.70210414655926
2011-05-30 11:00:00,289.13518221639396
2011-05-30 12:00:00,287.08352085053593
2011-05-30 13:00:00,292.1665949350373
2011-05-30 14:00:00,285.7722785929005
2011-05-30 15:00:00,273.2755019739886
2011-05-30 16:00:00,293.0021995212674
2011-05-30 17:00:00,368.28637035621966
2011-05-30 18:00:00,335.7567636615923
2011-05-30 19:00:00,241.8979549308197
2011-05-30 20:00:00,241.88315254710608
2011-05-30 21:00:00,193.69610682866767
2011-05-30 22:00:00,149.54047725040473
2011-05-30 23:00:00,95.41673255178797
2011-05-31 00:00:00,31.87763155423584
2011-05-31 01:00:00,13.422370858217269
2011-05-31 02:00:00,6.4275561996597865
2011-05-31 03:00:00,3.600026545792147
2011-05-31 04:00:00,5.064490444102688
2011-05-31 05:00:00,23.69027232142804
2011-05-31 06:00:00,111.25978686215336
2011-05-31 07:00:00,295.3300824698956
2011-05-31 08:00:00,435.2197672022988
2011-05-31 09:00:00,208.2721861057181
2011-05-31 10:00:00,122.66780052082808
2011-05-31 11:00:00,129.47469641343608
2011-05-31 12:00:00,163.78327613404295
2011-05-31 13:00:00,150.8919921133101
2011-05-31 14:00:00,137.4034665003531
2011-05-31 15:00:00,151.42962684164982
2011-05-31 16:00:00,241.13790022135032
2011-05-31 17:00:00,512.861855354377
2011-05-31 18:00:00,507.95711676799255
2011-05-31 19:00:00,380.891645413477
2011-05-31 20:00:00,278.275939026239
2011-05-31 21:00:00,209.26586869894135
2011-05-31 22:00:00,154.5242631059689
2011-05-31 23:00:00,87.34113307688462
2011-06-20 00:00:00,32.34766179594125
2011-06-20 01:00:00,12.777069232258624
2011-06-20 02:00:00,6.550283129411112
2011-06-20 03:00:00,3.0565281055643085
2011-06-20 04:00:00,3.4691482382360723
2011-06-20 05:00:00,18.10193213496726
2011-06-20 06:00:00,69.74275388036695
2011-06-20 07:00:00,151.7300425983537
2011-06-20 08:00:00,299.21192419694927
2011-06-20 09:00:00,202.28215294533396
2011-06-20 10:00:00,108.12530063060736
2011-06-20 11:00:00,121.80532110669678
2011-06-20 12:00:00,169.58441220338364
2011-06-20 13:00:00,174.81790332155558
2011-06-20 14:00:00,160.1019248902245
2011-06-20 15:00:00,176.16119828136112
2011-06-20 16:00:00,276.47017304459365
2011-06-20 17:00:00,519.4434666685698
2011-06-20 18:00:00,511.7145835101384
2011-06-20 19:00:00,378.7747738737702
2011-06-20 20:00:00,264.6075217510255
2011-06-20 21:00:00,196.0247489303675
2011-06-20 22:00:00,121.54652429835703
2011-06-20 23:00:00,70.4858668678608
2011-06-21 00:00:00,32.37482789609783
2011-06-21 01:00:00,11.152552638204336
2011-06-21 02:00:00,4.054214039442186
2011-06-21 03:00:00,3.0362628604729065
2011-06-21 04:00:00,4.9717725801453625
2011-06-21 05:00:00,20.57067769542664
2011-06-21 06:00:00,91.58632601126223
2011-06-21 07:00:00,201.79894743081616
2011-06-21 08:00:00,371.02207114993246
2011-06-21 09:00:00,174.42475524227893
2011-06-21 10:00:00,112.34164032367654
2011-06-21 11:00:00,137.75294093229576
2011-06-21 12:00:00,181.95779920582694
2011-06-21 13:00:00,178.449291894232
2011-06-21 14:00:00,163.33312491850222
2011-06-21 15:00:00,176.75485276711498
2011-06-21 16:00:00,276.3672169596965
2011-06-21 17:00:00,541.196503110048
2011-06-21 18:00:00,493.7821986108422
2011-06-21 19:00:00,350.92124137280274
2011-06-21 20:00:00,205.13164648310624
2011-06-21 21:00:00,213.50681035754192
2011-06-21 22:00:00,153.3038474375628
2011-06-21 23:00:00,93.4174626421071
2011-06-22 00:00:00,36.59383544647054
2011-06-22 01:00:00,16.43842758459145
2011-06-22 02:00:00,7.230858271122405
2011-06-22 03:00:00,5.4378462686201035
2011-06-22 04:00:00,5.216132377116271
2011-06-22 05:00:00,23.45142015143054
2011-06-22 06:00:00,115.76964686601387
2011-06-22 07:00:00,303.7895676002335
2011-06-22 08:00:00,454.55184907946494
2011-06-22 09:00:00,224.1194015483672
2011-06-22 10:00:00,134.99560965614359
2011-06-22 11:00:00,151.59843858606382
2011-06-22 12:00:00,181.33166816504823
2011-06-22 13:00:00,173.22116913976063
2011-06-22 14:00:00,157.59518987882328
2011-06-22 15:00:00,173.82098471123368
2011-06-22 16:00:00,264.054441962075
2011-06-22 17:00:00,513.2895200947362
2011-06-22 18:00:00,516.9468238241138
2011-06-22 19:00:00,385.0521047364741
2011-06-22 20:00:00,276.89072072651845
2011-06-22 21:00:00,205.77542863583977
2011-06-22 22:00:00,145.37971763034278
2011-06-22 23:00:00,92.32536943776192
2011-06-23 00:00:00,39.285239427713265
2011-06-23 01:00:00,18.601072582922207
2011-06-23 02:00:00,8.871931554695205
2011-06-23 03:00:00,5.168371126372669
2011-06-23 04:00:00,5.894055710233178
2011-06-23 05:00:00,27.98298206184558
2011-06-23 06:00:00,119.68293368439615
2011-06-23 07:00:00,298.2051599593355
2011-06-23 08:00:00,439.1272325635768
2011-06-23 09:00:00,221.8282065175694
2011-06-23 10:00:00,133.05704365251077
2011-06-23 11:00:00,117.8861745110387
2011-06-23 12:00:00,179.65532856260577
2011-06-23 13:00:00,173.57406681144812
2011-06-23 14:00:00,155.2943365759399
2011-06-23 15:00:00,179.6591995238709
2011-06-23 16:00:00,269.981432377731
2011-06-23 17:00:00,463.7594812633869
2011-06-23 18:00:00,492.764464748338
2011-06-23 19:00:00,365.18593705459546
2011-06-23 20:00:00,281.11671660034455
2011-06-23 21:00:00,218.12770268081965
2011-06-23 22:00:00,154.31110289651775
2011-06-23 23:00:00,106.72799499155231
2011-06-24 00:00:00,61.65169911420463
2011-06-24 01:00:00,25.92802517903757
2011-06-24 02:00:00,13.456018231114143
2011-06-24 03:00:00,6.3865477103238995
2011-06-24 04:00:00,6.162905417258569
2011-06-24 05:00:00,22.16700372251548
2011-06-24 06:00:00,110.59494077221953
2011-06-24 07:00:00,246.3327542507305
2011-06-24 08:00:00,454.761719357513
2011-06-24 09:00:00,257.21351497305045
2011-06-24 10:00:00,156.76626179430116
2011-06-24 11:00:00,189.32792432425438
2011-06-24 12:00:00,229.55047384097026
2011-06-24 13:00:00,238.08607111032666
2011-06-24 14:00:00,217.50402303047886
2011-06-24 15:00:00,239.04956458671947
2011-06-24 16:00:00,350.33709761450206
2011-06-24 17:00:00,552.2539040751436
2011-06-24 18:00:00,497.7988107539862
2011-06-24 19:00:00,365.42906919422177
2011-06-24 20:00:00,253.7855707714272
2011-06-24 21:00:00,212.66585574924414
2011-06-24 22:00:00,191.59324431347466
2011-06-24 23:00:00,155.4696108669266
2011-06-25 00:00:00,117.48619637853531
2011-06-25 01:00:00,86.85191158812007
2011-06-25 02:00:00,63.71782439512494
2011-06-25 03:00:00,27.910208270821492
2011-06-25 04:00:00,8.60975952372813
2011-06-25 05:00:00,10.290793449436414
2011-06-25 06:00:00,24.327869384913555
2011-06-25 07:00:00,55.267930930849005
2011-06-25 08:00:00,138.79757566210043
2011-06-25 09:00:00,203.77018056464706
2011-06-25 10:00:00,289.84415068753435
2011-06-25 11:00:00,358.718697904651
2011-06-25 12:00:00,423.7917715763849
2011-06-25 13:00:00,427.4443346510061
2011-06-25 14:00:00,412.7672960782123
2011-06-25 15:00:00,414.2034353207157
2011-06-25 16:00:00,416.93846044388084
2011-06-25 17:00:00,421.0182572926079
2011-06-25 18:00:00,359.65554858516873
2011-06-25 19:00:00,303.1594564765568
2011-06-25 20:00:00,243.69568046004358
2011-06-25 21:00:00,204.94121710371877
2011-06-25 22:00:00,179.4209953921399
2011-06-25 23:00:00,127.99873733162013
2011-06-26 00:00:00,112.84392476169108
2011-06-26 01:00:00,91.89202114402792
2011-06-26 02:00:00,71.271752211532
2011-06-26 03:00:00,32.40325879111541
2011-06-26 04:00:00,9.66460477976513
2011-06-26 05:00:00,10.2065628333374
2011-06-26 06:00:00,18.925614677281303
2011-06-26 07:00:00,45.72060200269219
2011-06-26 08:00:00,108.1568380018004
2011-06-26 09:00:00,193.5613019632535
2011-06-26 10:00:00,281.44080734826974
2011-06-26 11:00:00,356.285059181719
2011-06-26 12:00:00,416.98109812049876
2011-06-26 13:00:00,417.96440618708675
2011-06-26 14:00:00,411.9792681223531
2011-06-26 15:00:00,409.46755965047646
2011-06-26 16:00:00,408.2394917350191
2011-06-26 17:00:00,383.47192118538885
2011-06-26 18:00:00,329.1357740344027
2011-06-26 19:00:00,279.4465560630141
2011-06-26 20:00:00,214.43971098223503
2011-06-26 21:00:00,171.99682513472308
2011-06-26 22:00:00,144.3021606682459
2011-06-26 23:00:00,98.86808678100864
2011-06-27 00:00:00,25.884014720278476
2011-06-27 01:00:00,12.982507620995335
2011-06-27 02:00:00,5.422508832353037
2011-06-27 03:00:00,3.8265171760884433
2011-06-27 04:00:00,5.187059887363176
2011-06-27 05:00:00,21.101575231224356
2011-06-27 06:00:00,100.09267790175288
2011-06-27 07:00:00,285.98825849126916
2011-06-27 08:00:00,444.07232336114663
2011-06-27 09:00:00,218.91981558569063
2011-06-27 10:00:00,131.3595481973141
2011-06-27 11:00:00,143.11201656894258
2011-06-27 12:00:00,188.92034732354972
2011-06-27 13:00:00,177.02758685874056
2011-06-27 14:00:00,160.16768205931803
2011-06-27 15:00:00,179.52733531200914
2011-06-27 16:00:00,282.67076177926697
2011-06-27 17:00:00,548.5881254281154
2011-06-27 18:00:00,540.8504492909098
2011-06-27 19:00:00,393.77598325435986
2011-06-27 20:00:00,277.9579193442819
2011-06-27 21:00:00,205.8563290552856
2011-06-27 22:00:00,144.6033198320688
2011-06-27 23:00:00,84.11454702806276
2011-06-28 00:00:00,33.00797382587227
2011-06-28 01:00:00,15.76937306751593
2011-06-28 02:00:00,7.374481215089891
2011-06-28 03:00:00,5.252583357190494
2011-06-28 04:00:00,6.05521048088325
2011-06-28 05:00:00,25.213256580395516
2011-06-28 06:00:00,114.53342603777978
2011-06-28 07:00:00,304.3555283616789
2011-06-28 08:00:00,454.5677139750537
2011-06-28 09:00:00,218.76965211156283
2011-06-28 10:00:00,129.63928306750154
2011-06-28 11:00:00,144.91338734754223
2011-06-28 12:00:00,174.58863537377246
2011-06-28 13:00:00,167.48551734495436
2011-06-28 14:00:00,152.02828186671343
2011-06-28 15:00:00,163.70264794225523
2011-06-28 16:00:00,257.33193490974026
2011-06-28 17:00:00,440.5189602538548
2011-06-28 18:00:00,433.26894485884173
2011-06-28 19:00:00,338.3689105643022
2011-06-28 20:00:00,281.7570107131128
2011-06-28 21:00:00,210.86716231253857
2011-06-28 22:00:00,147.3106400494844
2011-06-28 23:00:00,88.73348268308865
2011-06-29 00:00:00,32.79732486928404
2011-06-29 01:00:00,14.8721899936436
2011-06-29 02:00:00,6.821564290155579
2011-06-29 03:00:00,4.886059253516416
2011-06-29 04:00:00,5.671254480680933
2011-06-29 05:00:00,25.388287020347803
2011-06-29 06:00:00,112.8058532664042
2011-06-29 07:00:00,310.46994743207426
2011-06-29 08:00:00,465.47525993738736
2011-06-29 09:00:00,225.2910235802286
2011-06-29 10:00:00,133.81502803012734
2011-06-29 11:00:00,155.42669405228736
2011-06-29 12:00:00,196.0267091288573
2011-06-29 13:00:00,180.6421078235713
2011-06-29 14:00:00,165.1550047741515
2011-06-29 15:00:00,183.11667021596344
2011-06-29 16:00:00,279.0482624813916
2011-06-29 17:00:00,543.7524067893252
2011-06-29 18:00:00,540.5495545063966
2011-06-29 19:00:00,390.51399836223374
2011-06-29 20:00:00,283.2738257459331
2011-06-29 21:00:00,224.03763401373692
2011-06-29 22:00:00,166.86768761665866
2011-06-29 23:00:00,103.1776552751285
2011-06-30 00:00:00,41.51920645986877
2011-06-30 01:00:00,18.322100975847793
2011-06-30 02:00:00,8.868606399652206
2011-06-30 03:00:00,5.709537156459338
2011-06-30 04:00:00,6.153452628773639
2011-06-30 05:00:00,27.396691936546077
2011-06-30 06:00:00,117.97079681062766
2011-06-30 07:00:00,314.66944197393104
2011-06-30 08:00:00,471.1906978945302
2011-06-30 09:00:00,232.8694561408499
2011-06-30 10:00:00,139.7917986409917
2011-06-30 11:00:00,159.71871794215386
2011-06-30 12:00:00,199.1587502777787
2011-06-30 13:00:00,190.57614835694892
2011-06-30 14:00:00,166.37993967252834
2011-06-30 15:00:00,189.24943485446641
2011-06-30 16:00:00,290.2648830420499
2011-06-30 17:00:00,548.163663259971
2011-06-30 18:00:00,553.4776969870632
2011-06-30 19:00:00,406.734311853593
2011-06-30 20:00:00,295.827850615304
2011-06-30 21:00:00,225.87908202883153
2011-06-30 22:00:00,174.59930739567054
2011-06-30 23:00:00,113.81549488208017
2011-07-20 00:00:00,34.359453333081134
2011-07-20 01:00:00,14.040571516861464
2011-07-20 02:00:00,6.449524435643752
2011-07-20 03:00:00,4.821871265993899
2011-07-20 04:00:00,5.453175551030247
2011-07-20 05:00:00,26.682393705622513
2011-07-20 06:00:00,96.18678467293667
2011-07-20 07:00:00,286.3704204116686
2011-07-20 08:00:00,444.2901832064203
2011-07-20 09:00:00,221.5014197922854
2011-07-20 10:00:00,132.16856975850243
2011-07-20 11:00:00,145.63736012180374
2011-07-20 12:00:00,180.6885634082327
2011-07-20 13:00:00,166.65758991081594
2011-07-20 14:00:00,152.57393437660423
2011-07-20 15:00:00,165.66192537534013
2011-07-20 16:00:00,259.49064851820077
2011-07-20 17:00:00,530.6413709440045
2011-07-20 18:00:00,526.4672869433061
2011-07-20 19:00:00,379.8094313958994
2011-07-20 20:00:00,276.4516097275306
2011-07-20 21:00:00,218.18444860836303
2011-07-20 22:00:00,166.0334354046312
2011-07-20 23:00:00,101.34885050642264
2011-07-21 00:00:00,38.302348962625544
2011-07-21 01:00:00,13.891786088479805
2011-07-21 02:00:00,6.812705457551157
2011-07-21 03:00:00,4.974105484025454
2011-07-21 04:00:00,5.444770202609246
2011-07-21 05:00:00,24.609386549365937
2011-07-21 06:00:00,110.53471756757841
2011-07-21 07:00:00,286.21311853748557
2011-07-21 08:00:00,434.74081573222946
2011-07-21 09:00:00,207.3597149374993
2011-07-21 10:00:00,127.01725532837932
2011-07-21 11:00:00,139.04318662519867
2011-07-21 12:00:00,168.06866128099335
2011-07-21 13:00:00,161.16188836377302
2011-07-21 14:00:00,146.68895215634012
2011-07-21 15:00:00,162.49532104951203
2011-07-21 16:00:00,242.0020301625807
2011-07-21 17:00:00,472.07464032398894
2011-07-21 18:00:00,478.3688375578829
2011-07-21 19:00:00,357.2958884359403
2011-07-21 20:00:00,272.11466174833555
2011-07-21 21:00:00,214.82387773368947
2011-07-21 22:00:00,168.7733644203918
2011-07-21 23:00:00,110.40023109472546
2011-07-22 00:00:00,60.95066223171132
2011-07-22 01:00:00,26.317244782019877
2011-07-22 02:00:00,14.678539649190256
2011-07-22 03:00:00,6.618058111739993
2011-07-22 04:00:00,6.5392489441654735
2011-07-22 05:00:00,25.038598775736553
2011-07-22 06:00:00,107.67530889297713
2011-07-22 07:00:00,248.37477446508905
2011-07-22 08:00:00,419.3911128583803
2011-07-22 09:00:00,223.654766967324
2011-07-22 10:00:00,137.95940375572803
2011-07-22 11:00:00,163.49099799842335
2011-07-22 12:00:00,178.97771725077394
2011-07-22 13:00:00,181.01894604379976
2011-07-22 14:00:00,176.03433690706436
2011-07-22 15:00:00,190.75457769893683
2011-07-22 16:00:00,261.7046297284216
2011-07-22 17:00:00,478.30490503249143
2011-07-22 18:00:00,431.4882246096465
2011-07-22 19:00:00,328.1480009507105
2011-07-22 20:00:00,232.17710640076052
2011-07-22 21:00:00,206.15818917929002
2011-07-22 22:00:00,177.6321559545186
2011-07-22 23:00:00,151.86408171483322
2011-07-23 00:00:00,107.86384647437073
2011-07-23 01:00:00,81.00517689774881
2011-07-23 02:00:00,60.15164652389823
2011-07-23 03:00:00,26.201371041451825
2011-07-23 04:00:00,8.927493382563016
2011-07-23 05:00:00,10.021426185744092
2011-07-23 06:00:00,24.303822941568157
2011-07-23 07:00:00,53.616775333189025
2011-07-23 08:00:00,124.6660197476435
2011-07-23 09:00:00,176.79615285655916
2011-07-23 10:00:00,252.05600503602057
2011-07-23 11:00:00,300.60950800924434
2011-07-23 12:00:00,323.3390927629862
2011-07-23 13:00:00,298.26548432664543
2011-07-23 14:00:00,321.1776837922107
2011-07-23 15:00:00,286.51963499488994
2011-07-23 16:00:00,284.2397221258428
2011-07-23 17:00:00,288.4514814450564
2011-07-23 18:00:00,293.2389887723707
2011-07-23 19:00:00,281.53720440873866
2011-07-23 20:00:00,236.73374133885528
2011-07-23 21:00:00,200.53316688058663
2011-07-23 22:00:00,175.55049080528119
2011-07-23 23:00:00,136.21644072133165
2011-07-24 00:00:00,111.7544099960146
2011-07-24 01:00:00,85.20851828202447
2011-07-24 02:00:00,65.6033631250945
2011-07-24 03:00:00,28.832063535472408
2011-07-24 04:00:00,8.409646211013985
2011-07-24 05:00:00,8.636109251187358
2011-07-24 06:00:00,17.119108617532703
2011-07-24 07:00:00,44.33090558250327
2011-07-24 08:00:00,99.79041951182455
2011-07-24 09:00:00,174.49685856354563
2011-07-24 10:00:00,247.46539696545253
2011-07-24 11:00:00,315.1852948268416
2011-07-24 12:00:00,342.0107004676276
2011-07-24 13:00:00,366.87964195148436
2011-07-24 14:00:00,360.27429976384275
2011-07-24 15:00:00,337.8943688213385
2011-07-24 16:00:00,341.5396625509188
2011-07-24 17:00:00,335.53551273278845
2011-07-24 18:00:00,296.3563264554588
2011-07-24 19:00:00,262.08499238421865
2011-07-24 20:00:00,213.37354976109538
2011-07-24 21:00:00,173.63079180861592
2011-07-24 22:00:00,140.00078470397048
2011-07-24 23:00:00,97.78094046433804
2011-07-25 00:00:00,33.9117522890765
2011-07-25 01:00:00,14.647605486268656
2011-07-25 02:00:00,7.046128485494886
2011-07-25 03:00:00,4.499451161414338
2011-07-25 04:00:00,5.436219328941687
2011-07-25 05:00:00,23.24227292745955
2011-07-25 06:00:00,100.26720310081988
2011-07-25 07:00:00,282.6881662335977
2011-07-25 08:00:00,422.6078787179308
2011-07-25 09:00:00,204.68373337855724
2011-07-25 10:00:00,123.05577531310941
2011-07-25 11:00:00,137.81748884805913
2011-07-25 12:00:00,173.14066762156472
2011-07-25 13:00:00,161.90772078793273
2011-07-25 14:00:00,137.8984133596774
2011-07-25 15:00:00,142.1935044305176
2011-07-25 16:00:00,217.9389858224647
2011-07-25 17:00:00,508.3961871311871
2011-07-25 18:00:00,502.3116365754578
2011-07-25 19:00:00,378.3955562893946
2011-07-25 20:00:00,270.47856144616617
2011-07-25 21:00:00,179.83564440740946
2011-07-25 22:00:00,137.36258655251393
2011-07-25 23:00:00,78.55813743357479
2011-07-26 00:00:00,33.33457295363417
2011-07-26 01:00:00,15.597163072649924
2011-07-26 02:00:00,6.5785619520513805
2011-07-26 03:00:00,4.281357596621664
2011-07-26 04:00:00,5.23225774507519
2011-07-26 05:00:00,23.311620011676155
2011-07-26 06:00:00,113.5968526142969
2011-07-26 07:00:00,301.81714512953664
2011-07-26 08:00:00,454.00775015628096
2011-07-26 09:00:00,221.47840509460497
2011-07-26 10:00:00,130.0947954648346
2011-07-26 11:00:00,146.08779072381546
2011-07-26 12:00:00,175.47963179716996
2011-07-26 13:00:00,169.390438904254
2011-07-26 14:00:00,151.2540174470434
2011-07-26 15:00:00,164.2218863631811
2011-07-26 16:00:00,263.3658002533139
2011-07-26 17:00:00,524.4932358508364
2011-07-26 18:00:00,519.8556107284005
2011-07-26 19:00:00,384.8724126613518
2011-07-26 20:00:00,287.62349731703193
2011-07-26 21:00:00,222.21422453915048
2011-07-26 22:00:00,163.2070907621221
2011-07-26 23:00:00,96.04939051998227
2011-07-27 00:00:00,37.64183154942111
2011-07-27 01:00:00,15.440503838797513
2011-07-27 02:00:00,7.850637629980219
2011-07-27 03:00:00,4.43894570701147
2011-07-27 04:00:00,5.458395330170267
2011-07-27 05:00:00,26.459034801924272
2011-07-27 06:00:00,117.35848398901871
2011-07-27 07:00:00,307.93260430995826
2011-07-27 08:00:00,460.98339801566186
2011-07-27 09:00:00,222.8765942907373
2011-07-27 10:00:00,129.21321749106008
2011-07-27 11:00:00,148.6389325744405
2011-07-27 12:00:00,190.82025548092247
2011-07-27 13:00:00,170.34448905342776
2011-07-27 14:00:00,159.0445619751068
2011-07-27 15:00:00,173.83816872547567
2011-07-27 16:00:00,272.4001692028346
2011-07-27 17:00:00,549.4147546135306
2011-07-27 18:00:00,547.9936419540361
2011-07-27 19:00:00,399.2511689094513
2011-07-27 20:00:00,292.3765051976615
2011-07-27 21:00:00,220.9456431021053
2011-07-27 22:00:00,163.99863876722807
2011-07-27 23:00:00,102.56978028305971
2011-07-28 00:00:00,42.11614331626146
2011-07-28 01:00:00,18.70344479038169
2011-07-28 02:00:00,9.485036494693126
2011-07-28 03:00:00,5.3162725554899675
2011-07-28 04:00:00,6.052532452240939
2011-07-28 05:00:00,28.54241559596799
2011-07-28 06:00:00,119.86242206819583
2011-07-28 07:00:00,310.1641171231554
2011-07-28 08:00:00,451.8880429827719
2011-07-28 09:00:00,214.77606163572327
2011-07-28 10:00:00,130.6491789727824
2011-07-28 11:00:00,142.97818592547915
2011-07-28 12:00:00,176.32660694461208
2011-07-28 13:00:00,166.1962550588072
2011-07-28 14:00:00,158.1610779929075
2011-07-28 15:00:00,167.09443833570123
2011-07-28 16:00:00,259.8540539993097
2011-07-28 17:00:00,534.905510951894
2011-07-28 18:00:00,523.9943469473515
2011-07-28 19:00:00,388.95055207372855
2011-07-28 20:00:00,286.01615698915026
2011-07-28 21:00:00,217.11712645137501
2011-07-28 22:00:00,169.10369795041373
2011-07-28 23:00:00,110.2466598764326
2011-07-29 00:00:00,60.638558624258174
2011-07-29 01:00:00,27.51643691003108
2011-07-29 02:00:00,15.016823952619461
2011-07-29 03:00:00,6.116428435362554
2011-07-29 04:00:00,5.971705429122995
2011-07-29 05:00:00,23.635692708325713
2011-07-29 06:00:00,98.97305031492064
2011-07-29 07:00:00,252.8762698094154
2011-07-29 08:00:00,426.52147763979315
2011-07-29 09:00:00,231.1146356259478
2011-07-29 10:00:00,142.75218456889928
2011-07-29 11:00:00,165.94761725877422
2011-07-29 12:00:00,187.44525479861443
2011-07-29 13:00:00,180.7030915764514
2011-07-29 14:00:00,177.27209074271775
2011-07-29 15:00:00,194.99550920846522
2011-07-29 16:00:00,268.24890609021077
2011-07-29 17:00:00,409.29055362220345
2011-07-29 18:00:00,407.9895069038769
2011-07-29 19:00:00,316.56867280953054
2011-07-29 20:00:00,229.72012218363764
2011-07-29 21:00:00,209.49019708693913
2011-07-29 22:00:00,191.09526833540244
2011-07-29 23:00:00,152.9122430738306
2011-07-30 00:00:00,115.30388582189327
2011-07-30 01:00:00,82.82558486354613
2011-07-30 02:00:00,62.86732911428568
2011-07-30 03:00:00,27.950405901515758
2011-07-30 04:00:00,8.93895282285706
2011-07-30 05:00:00,10.02747148472729
2011-07-30 06:00:00,24.063297250199163
2011-07-30 07:00:00,54.78104730864505
2011-07-30 08:00:00,127.17965329159001
2011-07-30 09:00:00,187.7639781118238
2011-07-30 10:00:00,270.833182339995
2011-07-30 11:00:00,325.10117814718245
2011-07-30 12:00:00,383.42136627178786
2011-07-30 13:00:00,361.4786333625226
2011-07-30 14:00:00,346.2879736274727
2011-07-30 15:00:00,340.49350846170614
2011-07-30 16:00:00,348.5681339214058
2011-07-30 17:00:00,343.82181543506266
2011-07-30 18:00:00,308.9017918618807
2011-07-30 19:00:00,309.7935981463444
2011-07-30 20:00:00,235.38478531871667
2011-07-30 21:00:00,200.6602801586827
2011-07-30 22:00:00,174.58340107610823
2011-07-30 23:00:00,140.237883542673
2011-07-31 00:00:00,114.71929792912427
2011-07-31 01:00:00,88.69029288074168
2011-07-31 02:00:00,68.89072405945141
2011-07-31 03:00:00,29.789211221003956
2011-07-31 04:00:00,8.717765955232888
2011-07-31 05:00:00,9.500445169777961
2011-07-31 06:00:00,18.95639094568208
2011-07-31 07:00:00,46.5892312525046
2011-07-31 08:00:00,106.56198473209672
2011-07-31 09:00:00,176.20872390094712
2011-07-31 10:00:00,249.7207846116043
2011-07-31 11:00:00,306.9363980135899
2011-07-31 12:00:00,348.6162537378384
2011-07-31 13:00:00,349.99666402889056
2011-07-31 14:00:00,346.7048044231093
2011-07-31 15:00:00,319.0912800890369
2011-07-31 16:00:00,317.3792348437494
2011-07-31 17:00:00,315.79707760152974
2011-07-31 18:00:00,314.543051932265
2011-07-31 19:00:00,275.07843825052055
2011-07-31 20:00:00,215.14828442937147
2011-07-31 21:00:00,170.6757501968841
2011-07-31 22:00:00,133.48944800057993
2011-07-31 23:00:00,97.70549057194837
2011-08-20 00:00:00,101.96571781643584
2011-08-20 01:00:00,80.50468870669108
2011-08-20 02:00:00,62.88068956624241
2011-08-20 03:00:00,27.50734002832489
2011-08-20 04:00:00,7.5563989792286375
2011-08-20 05:00:00,9.627625353941012
2011-08-20 06:00:00,18.802646123157807
2011-08-20 07:00:00,50.39247636268067
2011-08-20 08:00:00,129.4168059946054
2011-08-20 09:00:00,197.200126652419
2011-08-20 10:00:00,283.91041848888153
2011-08-20 11:00:00,354.05283868243333
2011-08-20 12:00:00,403.2235287847644
2011-08-20 13:00:00,410.4236315084035
2011-08-20 14:00:00,394.7540580646034
2011-08-20 15:00:00,398.739799588222
2011-08-20 16:00:00,395.40189844928153
2011-08-20 17:00:00,400.28405856307876
2011-08-20 18:00:00,348.3130077234961
2011-08-20 19:00:00,300.52835659146047
2011-08-20 20:00:00,243.0228928231067
2011-08-20 21:00:00,198.83408238519138
2011-08-20 22:00:00,154.15192555664777
2011-08-20 23:00:00,135.27127651872075
2011-08-21 00:00:00,116.99008640254335
2011-08-21 01:00:00,90.37741651947093
2011-08-21 02:00:00,70.69864968425314
2011-08-21 03:00:00,30.785969148811965
2011-08-21 04:00:00,7.034590614608682
2011-08-21 05:00:00,7.811721451419417
2011-08-21 06:00:00,12.517264470069977
2011-08-21 07:00:00,38.00489019778052
2011-08-21 08:00:00,96.0719131031986
2011-08-21 09:00:00,184.1053823822641
2011-08-21 10:00:00,261.09029739984294
2011-08-21 11:00:00,323.2814159151609
2011-08-21 12:00:00,375.74821995853927
2011-08-21 13:00:00,383.7148111135504
2011-08-21 14:00:00,250.83571369164704
2011-08-21 15:00:00,301.18752385441405
2011-08-21 16:00:00,342.1332486368916
2011-08-21 17:00:00,320.86625046855767
2011-08-21 18:00:00,272.43246541199426
2011-08-21 19:00:00,272.573809362995
2011-08-21 20:00:00,199.3205636850475
2011-08-21 21:00:00,163.41878557573486
2011-08-21 22:00:00,125.93344326864961
2011-08-21 23:00:00,98.42722165687104
2011-08-22 00:00:00,33.03641650080641
2011-08-22 01:00:00,15.214742881198829
2011-08-22 02:00:00,8.196886218910931
2011-08-22 03:00:00,4.0679629773826775
2011-08-22 04:00:00,5.612132496462302
2011-08-22 05:00:00,24.968695998522435
2011-08-22 06:00:00,102.2412831135325
2011-08-22 07:00:00,296.7073366046233
2011-08-22 08:00:00,443.187484737855
2011-08-22 09:00:00,222.73755535308112
2011-08-22 10:00:00,127.58486020623876
2011-08-22 11:00:00,144.24180744840035
2011-08-22 12:00:00,187.13168386773745
2011-08-22 13:00:00,172.05779402960428
2011-08-22 14:00:00,159.7592532319312
2011-08-22 15:00:00,181.53732715064734
2011-08-22 16:00:00,280.13848920221915
2011-08-22 17:00:00,541.4822272376226
2011-08-22 18:00:00,536.3390897372433
2011-08-22 19:00:00,388.7643383850808
2011-08-22 20:00:00,282.8747129000777
2011-08-22 21:00:00,208.28236554898825
2011-08-22 22:00:00,131.93486433294171
2011-08-22 23:00:00,79.72207646919833
2011-08-23 00:00:00,32.30606825870625
2011-08-23 01:00:00,14.068436319488578
2011-08-23 02:00:00,7.481898867089643
2011-08-23 03:00:00,4.209091558482377
2011-08-23 04:00:00,5.376738362258941
2011-08-23 05:00:00,24.895322997881202
2011-08-23 06:00:00,109.99820928880317
2011-08-23 07:00:00,312.03549990293146
2011-08-23 08:00:00,454.4952330442982
2011-08-23 09:00:00,225.29774179619784
2011-08-23 10:00:00,135.9236534670581
2011-08-23 11:00:00,155.7248990398923
2011-08-23 12:00:00,197.86443545783158
2011-08-23 13:00:00,189.86503628844963
2011-08-23 14:00:00,170.12922348827144
2011-08-23 15:00:00,190.29631752205512
2011-08-23 16:00:00,296.2397020748233
2011-08-23 17:00:00,572.288537627378
2011-08-23 18:00:00,563.2256248626936
2011-08-23 19:00:00,402.0681888999799
2011-08-23 20:00:00,281.1498670614772
2011-08-23 21:00:00,209.06020926810024
2011-08-23 22:00:00,155.81793946386216
2011-08-23 23:00:00,90.29807731193169
2011-08-24 00:00:00,35.68924586860732
2011-08-24 01:00:00,15.204068829729776
2011-08-24 02:00:00,7.509656304662953
2011-08-24 03:00:00,4.9849370295864395
2011-08-24 04:00:00,5.852263367689128
2011-08-24 05:00:00,26.558027786860507
2011-08-24 06:00:00,112.63806030558987
2011-08-24 07:00:00,308.64857572593314
2011-08-24 08:00:00,465.2704067737893
2011-08-24 09:00:00,228.49656322862103
2011-08-24 10:00:00,135.002412630943
2011-08-24 11:00:00,152.42990700990353
2011-08-24 12:00:00,189.2422443335745
2011-08-24 13:00:00,180.96654891157868
2011-08-24 14:00:00,163.05408887671516
2011-08-24 15:00:00,180.91629673177232
2011-08-24 16:00:00,279.4040929024723
2011-08-24 17:00:00,542.5870581166271
2011-08-24 18:00:00,533.8888412453339
2011-08-24 19:00:00,389.12063625781605
2011-08-24 20:00:00,279.683331143852
2011-08-24 21:00:00,210.42551236673935
2011-08-24 22:00:00,154.61400743040036
2011-08-24 23:00:00,97.27075879360592
2011-08-25 00:00:00,40.345373839324076
2011-08-25 01:00:00,18.510478386266605
2011-08-25 02:00:00,9.148239334098076
2011-08-25 03:00:00,5.705090718813683
2011-08-25 04:00:00,6.276485393917952
2011-08-25 05:00:00,26.341061774759478
2011-08-25 06:00:00,114.45283004518211
2011-08-25 07:00:00,280.8029028006936
2011-08-25 08:00:00,421.53287668107026
2011-08-25 09:00:00,218.69118665110454
2011-08-25 10:00:00,131.15094228033288
2011-08-25 11:00:00,91.31955300713888
2011-08-25 12:00:00,111.858053625402
2011-08-25 13:00:00,164.64578206339385
2011-08-25 14:00:00,147.02237175730414
2011-08-25 15:00:00,167.56349294307398
2011-08-25 16:00:00,223.44045855055035
2011-08-25 17:00:00,410.0463697351098
2011-08-25 18:00:00,384.26688109586314
2011-08-25 19:00:00,306.7555688305813
2011-08-25 20:00:00,244.82521433927835
2011-08-25 21:00:00,201.55324452066316
2011-08-25 22:00:00,153.58403536093348
2011-08-25 23:00:00,99.35350983545106
2011-08-26 00:00:00,58.25966719763366
2011-08-26 01:00:00,24.768373610501243
2011-08-26 02:00:00,12.592375457475262
2011-08-26 03:00:00,6.341690003491253
2011-08-26 04:00:00,5.7837564873649505
2011-08-26 05:00:00,20.171599073698818
2011-08-26 06:00:00,100.44253258660868
2011-08-26 07:00:00,255.12189192655208
2011-08-26 08:00:00,423.517345929777
2011-08-26 09:00:00,254.9951123831842
2011-08-26 10:00:00,162.02235917233864
2011-08-26 11:00:00,182.3611937325475
2011-08-26 12:00:00,222.97479446856687
2011-08-26 13:00:00,229.10018418665146
2011-08-26 14:00:00,208.19188694130582
2011-08-26 15:00:00,231.30329876384343
2011-08-26 16:00:00,335.8554989698334
2011-08-26 17:00:00,489.0042615543152
2011-08-26 18:00:00,425.62936028833104
2011-08-26 19:00:00,305.0496278166328
2011-08-26 20:00:00,225.57533039852032
2011-08-26 21:00:00,193.93986425289268
2011-08-26 22:00:00,178.23896943011403
2011-08-26 23:00:00,142.84831020464262
2011-08-27 00:00:00,113.28168084215302
2011-08-27 01:00:00,83.33101006160805
2011-08-27 02:00:00,62.25235674367091
2011-08-27 03:00:00,26.15964548993034
2011-08-27 04:00:00,7.4794655874655875
2011-08-27 05:00:00,8.173127545410669
2011-08-27 06:00:00,18.782988065509677
2011-08-27 07:00:00,42.65935635183738
2011-08-27 08:00:00,107.43950824036031
2011-08-27 09:00:00,155.09628023970092
2011-08-27 10:00:00,224.37013716592736
2011-08-27 11:00:00,127.63718265471663
2011-08-27 12:00:00,166.7630625697392
2011-08-27 13:00:00,193.78143274347198
2011-08-27 14:00:00,90.47305705207438
2011-08-27 15:00:00,91.4393993879217
2011-08-27 16:00:00,87.11836234183465
2011-08-27 17:00:00,65.63155036870471
2011-08-28 07:00:00,25.90476270429923
2011-08-28 08:00:00,62.685526840245736
2011-08-28 09:00:00,183.89524907150792
2011-08-28 10:00:00,251.46148888185652
2011-08-28 11:00:00,348.23928846671896
2011-08-28 12:00:00,403.16199323217995
2011-08-28 13:00:00,410.5533665006146
2011-08-28 14:00:00,395.664472926072
2011-08-28 15:00:00,393.1718779558549
2011-08-28 16:00:00,390.94010471564934
2011-08-28 17:00:00,401.1552256089333
2011-08-28 18:00:00,346.57216282603565
2011-08-28 19:00:00,289.93717364463174
2011-08-28 20:00:00,225.146620198674
2011-08-28 21:00:00,179.52812636443645
2011-08-28 22:00:00,138.5056600294169
2011-08-28 23:00:00,90.47437971186055
2011-08-29 00:00:00,33.55646967749897
2011-08-29 01:00:00,15.231279112928513
2011-08-29 02:00:00,7.8986244673632235
2011-08-29 03:00:00,5.500502019918168
2011-08-29 04:00:00,5.93957173565219
2011-08-29 05:00:00,25.379620759978756
2011-08-29 06:00:00,107.76228828212334
2011-08-29 07:00:00,302.43595052983625
2011-08-29 08:00:00,452.7575932057365
2011-08-29 09:00:00,223.32826788828834
2011-08-29 10:00:00,131.90476573464923
2011-08-29 11:00:00,150.85123137079736
2011-08-29 12:00:00,193.43804818639327
2011-08-29 13:00:00,186.57608398892546
2011-08-29 14:00:00,167.02955104479665
2011-08-29 15:00:00,187.93861336932503
2011-08-29 16:00:00,291.27214197881307
2011-08-29 17:00:00,545.0371621179615
2011-08-29 18:00:00,542.8607122115108
2011-08-29 19:00:00,396.15068732142265
2011-08-29 20:00:00,278.3250279428982
2011-08-29 21:00:00,207.0568249313797
2011-08-29 22:00:00,143.84151719329918
2011-08-29 23:00:00,78.85476265238489
2011-08-30 00:00:00,33.153758776947775
2011-08-30 01:00:00,14.436749818296704
2011-08-30 02:00:00,7.435878377339101
2011-08-30 03:00:00,4.670514876338663
2011-08-30 04:00:00,6.06542928164785
2011-08-30 05:00:00,25.32001772400281
2011-08-30 06:00:00,111.48515707009645
2011-08-30 07:00:00,309.9907658081056
2011-08-30 08:00:00,468.7086649337302
2011-08-30 09:00:00,228.90957892623396
2011-08-30 10:00:00,137.23133641856234
2011-08-30 11:00:00,155.1205734704972
2011-08-30 12:00:00,196.47227219441936
2011-08-30 13:00:00,188.32691960008958
2011-08-30 14:00:00,170.33545779739498
2011-08-30 15:00:00,188.4114266648731
2011-08-30 16:00:00,293.4173535874753
2011-08-30 17:00:00,568.0495990124103
2011-08-30 18:00:00,555.8867188977079
2011-08-30 19:00:00,398.37742221795645
2011-08-30 20:00:00,284.54575217187266
2011-08-30 21:00:00,210.88404403013664
2011-08-30 22:00:00,153.30046081964582
2011-08-30 23:00:00,89.35287502315069
2011-08-31 00:00:00,34.537174594893294
2011-08-31 01:00:00,14.727631923664442
2011-08-31 02:00:00,7.100032963345157
2011-08-31 03:00:00,5.289803675439459
2011-08-31 04:00:00,5.691667275738382
2011-08-31 05:00:00,25.787446880158775
2011-08-31 06:00:00,112.74418653373634
2011-08-31 07:00:00,308.1918975719012
2011-08-31 08:00:00,459.9505582856914
2011-08-31 09:00:00,226.097358461184
2011-08-31 10:00:00,138.5487297758148
2011-08-31 11:00:00,155.90625715870783
2011-08-31 12:00:00,195.49156788604586
2011-08-31 13:00:00,188.901022240341
2011-08-31 14:00:00,170.43092122026763
2011-08-31 15:00:00,188.3742228410842
2011-08-31 16:00:00,290.86876422405624
2011-08-31 17:00:00,563.311015595126
2011-08-31 18:00:00,553.7309760026387
2011-08-31 19:00:00,379.5994291357928
2011-08-31 20:00:00,287.8654145026971
2011-08-31 21:00:00,219.65538148693201
2011-08-31 22:00:00,157.95357622775484
2011-08-31 23:00:00,90.54120013904489
2011-09-20 00:00:00,29.25565656002608
2011-09-20 01:00:00,10.724920181986407
2011-09-20 02:00:00,5.405843739823701
2011-09-20 03:00:00,3.975912798340134
2011-09-20 04:00:00,5.003661889284781
2011-09-20 05:00:00,20.02789839952306
2011-09-20 06:00:00,87.97539277878776
2011-09-20 07:00:00,258.73354667087506
2011-09-20 08:00:00,201.13932601836157
2011-09-20 09:00:00,92.31252774414483
2011-09-20 10:00:00,65.49480524878032
2011-09-20 11:00:00,65.55886407018565
2011-09-20 12:00:00,86.52987137640234
2011-09-20 13:00:00,84.4283731008828
2011-09-20 14:00:00,95.1928571913576
2011-09-20 15:00:00,156.50869134051848
2011-09-20 16:00:00,208.42706780959188
2011-09-20 17:00:00,401.57596029213727
2011-09-20 18:00:00,393.50509735011065
2011-09-20 19:00:00,267.52622323039157
2011-09-20 20:00:00,161.62843561519256
2011-09-20 21:00:00,113.28985355666168
2011-09-20 22:00:00,96.89189255990507
2011-09-20 23:00:00,67.11721093742227
2011-09-21 00:00:00,23.277549789621247
2011-09-21 01:00:00,9.946399170041932
2011-09-21 02:00:00,5.907374032123456
2011-09-21 03:00:00,3.8217664079146685
2011-09-21 04:00:00,4.349918833540143
2011-09-21 05:00:00,12.998934819676766
2011-09-21 06:00:00,66.3279869617621
2011-09-21 07:00:00,187.06086416295574
2011-09-21 08:00:00,303.8983531509328
2011-09-21 09:00:00,122.6914286234397
2011-09-21 10:00:00,90.4052802750866
2011-09-21 11:00:00,119.15410123782536
2011-09-21 12:00:00,161.22159955488792
2011-09-21 13:00:00,164.00020187300024
2011-09-21 14:00:00,150.25298933779763
2011-09-21 15:00:00,165.9537694100543
2011-09-21 16:00:00,256.67291688512756
2011-09-21 17:00:00,410.00164616664665
2011-09-21 18:00:00,295.5139339944763
2011-09-21 19:00:00,147.73421472118636
2011-09-21 20:00:00,85.9792033197096
2011-09-21 21:00:00,88.21942641926604
2011-09-21 22:00:00,71.91755436628625
2011-09-21 23:00:00,71.07206212896742
2011-09-22 00:00:00,27.495104617275608
2011-09-22 01:00:00,9.70056041110212
2011-09-22 02:00:00,6.133187259868078
2011-09-22 03:00:00,4.167899547221021
2011-09-22 04:00:00,4.491024282960734
2011-09-22 05:00:00,17.707158647085787
2011-09-22 06:00:00,71.05388643233057
2011-09-22 07:00:00,194.13011034886188
2011-09-22 08:00:00,280.06729467319786
2011-09-22 09:00:00,131.98239687015493
2011-09-22 10:00:00,97.81906077886683
2011-09-22 11:00:00,99.46704447260436
2011-09-22 12:00:00,148.8494268912526
2011-09-22 13:00:00,139.092870953076
2011-09-22 14:00:00,130.90101551555657
2011-09-22 15:00:00,156.53655321878023
2011-09-22 16:00:00,259.8753448588649
2011-09-22 17:00:00,455.0488433751242
2011-09-22 18:00:00,367.91952813250623
2011-09-22 19:00:00,243.47478388045653
2011-09-22 20:00:00,142.02058954233874
2011-09-22 21:00:00,120.63590853089434
2011-09-22 22:00:00,76.74444472147633
2011-09-22 23:00:00,63.51401332173846
2011-09-23 00:00:00,40.57505384243816
2011-09-23 01:00:00,16.69669644948525
2011-09-23 02:00:00,10.065623847168085
2011-09-23 03:00:00,5.667801173598361
2011-09-23 04:00:00,3.9542633366542104
2011-09-23 05:00:00,19.26485969530176
2011-09-23 06:00:00,85.30007382466364
2011-09-23 07:00:00,144.28933285361313
2011-09-23 08:00:00,248.0106878234431
2011-09-23 09:00:00,124.88969570993301
2011-09-23 10:00:00,66.18405798316186
2011-09-23 11:00:00,78.82507906852064
2011-09-23 12:00:00,109.35174294110332
2011-09-23 13:00:00,97.78553835663541
2011-09-23 14:00:00,87.94950788077757
2011-09-23 15:00:00,116.52920974630035
2011-09-23 16:00:00,173.48391760039453
2011-09-23 17:00:00,269.36492119285947
2011-09-23 18:00:00,276.56679157033324
2011-09-23 19:00:00,234.30959914714012
2011-09-23 20:00:00,155.06826042710264
2011-09-23 21:00:00,121.86045669425495
2011-09-23 22:00:00,121.12049391033013
2011-09-23 23:00:00,86.28738833366543
2011-09-24 00:00:00,90.43002129807994
2011-09-24 01:00:00,64.66838757611502
2011-09-24 02:00:00,49.02919604568559
2011-09-24 03:00:00,25.27627451643474
2011-09-24 04:00:00,8.884739341683506
2011-09-24 05:00:00,8.498111547441349
2011-09-24 06:00:00,14.899262472004226
2011-09-24 07:00:00,43.37450548995004
2011-09-24 08:00:00,96.63303303540422
2011-09-24 09:00:00,142.22374157606703
2011-09-24 10:00:00,217.7923428736471
2011-09-24 11:00:00,289.25543438278805
2011-09-24 12:00:00,321.45210796805895
2011-09-24 13:00:00,386.2238237877135
2011-09-24 14:00:00,370.08904075482747
2011-09-24 15:00:00,371.10970683266817
2011-09-24 16:00:00,357.65507795388305
2011-09-24 17:00:00,379.5757299982238
2011-09-24 18:00:00,300.34044475605134
2011-09-24 19:00:00,213.75667575694212
2011-09-24 20:00:00,194.66397016357084
2011-09-24 21:00:00,170.50341025790692
2011-09-24 22:00:00,121.90917077427788
2011-09-24 23:00:00,98.89543147477237
2011-09-25 00:00:00,94.9078552968281
2011-09-25 01:00:00,78.82695603431208
2011-09-25 02:00:00,44.1365311990297
2011-09-25 03:00:00,19.348593312172177
2011-09-25 04:00:00,6.54148811889943
2011-09-25 05:00:00,11.02393421707228
2011-09-25 06:00:00,13.86792453659418
2011-09-25 07:00:00,30.43471307370479
2011-09-25 08:00:00,84.87368780836469
2011-09-25 09:00:00,162.18498498388843
2011-09-25 10:00:00,233.62935740880363
2011-09-25 11:00:00,310.80961330731935
2011-09-25 12:00:00,351.3759971240516
2011-09-25 13:00:00,362.7430411029049
2011-09-25 14:00:00,343.4791700824361
2011-09-25 15:00:00,343.0928183983575
2011-09-25 16:00:00,396.0962352303179
2011-09-25 17:00:00,367.54466826620376
2011-09-25 18:00:00,303.96767036439303
2011-09-25 19:00:00,222.16592617372592
2011-09-25 20:00:00,183.76608050463165
2011-09-25 21:00:00,117.68860775512587
2011-09-25 22:00:00,120.98512103066375
2011-09-25 23:00:00,71.3450590303756
2011-09-26 00:00:00,23.446755209575905
2011-09-26 01:00:00,11.718877675672898
2011-09-26 02:00:00,5.92508676601819
2011-09-26 03:00:00,3.9779982524652926
2011-09-26 04:00:00,5.42068356745493
2011-09-26 05:00:00,22.909196283589857
2011-09-26 06:00:00,88.84790909127031
2011-09-26 07:00:00,244.63558739484776
2011-09-26 08:00:00,372.13479675628696
2011-09-26 09:00:00,185.0502306734366
2011-09-26 10:00:00,104.27514329014996
2011-09-26 11:00:00,143.81950834195126
2011-09-26 12:00:00,172.51430122477672
2011-09-26 13:00:00,175.92211612013477
2011-09-26 14:00:00,169.02597677515323
2011-09-26 15:00:00,191.53509404122838
2011-09-26 16:00:00,295.851722623879
2011-09-26 17:00:00,549.6858076002261
2011-09-26 18:00:00,414.54638541991943
2011-09-26 19:00:00,323.6202921564816
2011-09-26 20:00:00,205.80235621296663
2011-09-26 21:00:00,147.8957780757212
2011-09-26 22:00:00,108.06952041870974
2011-09-26 23:00:00,70.29117115493672
2011-09-27 00:00:00,26.787727166917087
2011-09-27 01:00:00,10.512593638519053
2011-09-27 02:00:00,6.266837868282115
2011-09-27 03:00:00,4.021001052535828
2011-09-27 04:00:00,3.9782343009750942
2011-09-27 05:00:00,15.248730636975793
2011-09-27 06:00:00,91.64029066357202
2011-09-27 07:00:00,253.82100027409138
2011-09-27 08:00:00,395.7263829996992
2011-09-27 09:00:00,133.72279606138653
2011-09-27 10:00:00,68.31315741839953
2011-09-27 11:00:00,105.44032008738333
2011-09-27 12:00:00,120.6956584492645
2011-09-27 13:00:00,174.06048882988475
2011-09-27 14:00:00,150.34415682996578
2011-09-27 15:00:00,153.28137091198997
2011-09-27 16:00:00,225.0385686998699
2011-09-27 17:00:00,358.8358442285249
2011-09-27 18:00:00,345.5099945545821
2011-09-27 19:00:00,265.60237950963244
2011-09-27 20:00:00,258.88502274473325
2011-09-27 21:00:00,182.71911356625606
2011-09-27 22:00:00,127.67706577455361
2011-09-27 23:00:00,78.26392170340564
2011-09-28 00:00:00,32.08727534841232
2011-09-28 01:00:00,13.104758023645692
2011-09-28 02:00:00,6.408715971350589
2011-09-28 03:00:00,4.436643384907507
2011-09-28 04:00:00,5.730021294974588
2011-09-28 05:00:00,19.978604366347092
2011-09-28 06:00:00,59.32524004472739
2011-09-28 07:00:00,148.11628155206677
2011-09-28 08:00:00,234.42522354789412
2011-09-28 09:00:00,114.05463854281795
2011-09-28 10:00:00,83.74809609651572
2011-09-28 11:00:00,130.520521454724
2011-09-28 12:00:00,168.7441328705131
2011-09-28 13:00:00,182.90785927494113
2011-09-28 14:00:00,173.2235900207079
2011-09-28 15:00:00,189.27467573401083
2011-09-28 16:00:00,290.6255864108496
2011-09-28 17:00:00,548.4495079464153
2011-09-28 18:00:00,314.3503111896206
2011-09-28 19:00:00,236.72338576635778
2011-09-28 20:00:00,143.7066244744906
2011-09-28 21:00:00,91.85350435641186
2011-09-28 22:00:00,129.67668935474745
2011-09-28 23:00:00,76.15856593807017
2011-09-29 00:00:00,27.4994818284125
2011-09-29 01:00:00,10.454723013097041
2011-09-29 02:00:00,6.692593636548931
2011-09-29 03:00:00,4.701384236055622
2011-09-29 04:00:00,5.5240030891063965
2011-09-29 05:00:00,24.003480979743237
2011-09-29 06:00:00,105.04243549330049
2011-09-29 07:00:00,303.24358567485194
2011-09-29 08:00:00,445.06262572696704
2011-09-29 09:00:00,237.90023272863866
2011-09-29 10:00:00,145.33115455331975
2011-09-29 11:00:00,162.53195232757548
2011-09-29 12:00:00,203.49900220065462
2011-09-29 13:00:00,195.30451672689338
2011-09-29 14:00:00,174.93853119354662
2011-09-29 15:00:00,194.9649605089171
2011-09-29 16:00:00,301.1192964257765
2011-09-29 17:00:00,560.5680488834685
2011-09-29 18:00:00,554.1453692441053
2011-09-29 19:00:00,393.36866026822247
2011-09-29 20:00:00,275.9501207489211
2011-09-29 21:00:00,211.0322872415589
2011-09-29 22:00:00,156.1065401979062
2011-09-29 23:00:00,96.51563486808692
2011-09-30 00:00:00,57.90604720228344
2011-09-30 01:00:00,27.486822730275918
2011-09-30 02:00:00,13.42705943098647
2011-09-30 03:00:00,6.708296893080551
2011-09-30 04:00:00,6.334815304499127
2011-09-30 05:00:00,25.20287955118056
2011-09-30 06:00:00,108.07866856081885
2011-09-30 07:00:00,265.5984953441764
2011-09-30 08:00:00,474.81411076195906
2011-09-30 09:00:00,270.61865245678075
2011-09-30 10:00:00,169.89195223347684
2011-09-30 11:00:00,206.1054888891431
2011-09-30 12:00:00,244.39485868579095
2011-09-30 13:00:00,245.573477675359
2011-09-30 14:00:00,227.79244497233404
2011-09-30 15:00:00,255.13940294240487
2011-09-30 16:00:00,375.0685348095186
2011-09-30 17:00:00,551.7836364636485
2011-09-30 18:00:00,471.514321352684
2011-09-30 19:00:00,301.9377949747608
2011-09-30 20:00:00,211.1831167733999
2011-09-30 21:00:00,177.43968089445883
2011-09-30 22:00:00,148.95902689337612
2011-09-30 23:00:00,122.26516715064542
2011-10-20 00:00:00,23.87877390519025
2011-10-20 01:00:00,13.537324060409514
2011-10-20 02:00:00,6.905618202060561
2011-10-20 03:00:00,4.83112037254445
2011-10-20 04:00:00,5.499205004110483
2011-10-20 05:00:00,26.15838820267892
2011-10-20 06:00:00,97.56693081778684
2011-10-20 07:00:00,265.22028963463305
2011-10-20 08:00:00,397.7969341644837
2011-10-20 09:00:00,186.69198330003508
2011-10-20 10:00:00,122.47810135880812
2011-10-20 11:00:00,135.73027105462165
2011-10-20 12:00:00,163.3398262263874
2011-10-20 13:00:00,158.47160249091735
2011-10-20 14:00:00,130.02523788376823
2011-10-20 15:00:00,159.9696503020435
2011-10-20 16:00:00,233.18291390462156
2011-10-20 17:00:00,420.2787511803207
2011-10-20 18:00:00,389.63529997374144
2011-10-20 19:00:00,286.8768211750735
2011-10-20 20:00:00,204.05898802726378
2011-10-20 21:00:00,147.91643908792196
2011-10-20 22:00:00,110.39545968197132
2011-10-20 23:00:00,78.25755444581148
2011-10-21 00:00:00,45.64587472759855
2011-10-21 01:00:00,22.40673187448563
2011-10-21 02:00:00,11.892160304514501
2011-10-21 03:00:00,5.380104595606369
2011-10-21 04:00:00,5.113456368539417
2011-10-21 05:00:00,20.364058278068196
2011-10-21 06:00:00,87.93479383634403
2011-10-21 07:00:00,234.6347776187675
2011-10-21 08:00:00,426.03659100176395
2011-10-21 09:00:00,236.77938558228612
2011-10-21 10:00:00,147.8755869071423
2011-10-21 11:00:00,192.24690888377066
2011-10-21 12:00:00,223.4344120654298
2011-10-21 13:00:00,217.68199981146802
2011-10-21 14:00:00,214.89428499784154
2011-10-21 15:00:00,226.14205047839948
2011-10-21 16:00:00,318.29971653067247
2011-10-21 17:00:00,409.0135789232961
2011-10-21 18:00:00,350.94556936834704
2011-10-21 19:00:00,241.08026722038096
2011-10-21 20:00:00,169.9319161293836
2011-10-21 21:00:00,141.0504583544652
2011-10-21 22:00:00,128.53553607398857
2011-10-21 23:00:00,101.92201176661607
2011-10-22 00:00:00,86.95317835943925
2011-10-22 01:00:00,64.84167941116617
2011-10-22 02:00:00,48.15550879568237
2011-10-22 03:00:00,22.23054659360913
2011-10-22 04:00:00,7.189947130589046
2011-10-22 05:00:00,7.768655394105869
2011-10-22 06:00:00,18.646767040534144
2011-10-22 07:00:00,41.25359381255192
2011-10-22 08:00:00,107.62616862236067
2011-10-22 09:00:00,158.94470370345852
2011-10-22 10:00:00,230.77703645260823
2011-10-22 11:00:00,274.7496101686394
2011-10-22 12:00:00,357.0267538938225
2011-10-22 13:00:00,395.68305421018664
2011-10-22 14:00:00,336.15929624074863
2011-10-22 15:00:00,358.6286160577226
2011-10-22 16:00:00,368.27457334600564
2011-10-22 17:00:00,306.991110691921
2011-10-22 18:00:00,247.24736980494825
2011-10-22 19:00:00,209.53283101265504
2011-10-22 20:00:00,153.5736260583444
2011-10-22 21:00:00,122.74831798074545
2011-10-22 22:00:00,111.71417622632545
2011-10-22 23:00:00,89.57062172032063
2011-10-23 00:00:00,77.83229620097411
2011-10-23 01:00:00,62.30470891875698
2011-10-23 02:00:00,45.027824647398695
2011-10-23 03:00:00,22.316274762173464
2011-10-23 04:00:00,7.899487022082394
2011-10-23 05:00:00,6.589034366661116
2011-10-23 06:00:00,12.421300417832203
2011-10-23 07:00:00,29.831734760345014
2011-10-23 08:00:00,75.19938646330468
2011-10-23 09:00:00,135.82217022740315
2011-10-23 10:00:00,228.53882108626294
2011-10-23 11:00:00,288.67400449760345
2011-10-23 12:00:00,364.69643041275253
2011-10-23 13:00:00,385.06904359343685
2011-10-23 14:00:00,374.5768562978976
2011-10-23 15:00:00,378.7011533812467
2011-10-23 16:00:00,367.6296999690144
2011-10-23 17:00:00,313.3025301042607
2011-10-23 18:00:00,252.98901248958157
2011-10-23 19:00:00,191.9375148603263
2011-10-23 20:00:00,135.2062814113422
2011-10-23 21:00:00,108.8579870841642
2011-10-23 22:00:00,86.48884106111494
2011-10-23 23:00:00,63.621050286566444
2011-10-24 00:00:00,28.98423438235031
2011-10-24 01:00:00,11.154414666632654
2011-10-24 02:00:00,5.674366931579458
2011-10-24 03:00:00,4.5795191267698385
2011-10-24 04:00:00,5.68077569756273
2011-10-24 05:00:00,21.990889911212413
2011-10-24 06:00:00,95.01516683607932
2011-10-24 07:00:00,235.58340291858875
2011-10-24 08:00:00,388.1104491880632
2011-10-24 09:00:00,211.16977660641555
2011-10-24 10:00:00,105.35420825977798
2011-10-24 11:00:00,139.39741419902222
2011-10-24 12:00:00,184.34853772749472
2011-10-24 13:00:00,176.01931645240182
2011-10-24 14:00:00,156.05172391299632
2011-10-24 15:00:00,187.92878266326466
2011-10-24 16:00:00,276.9144745138404
2011-10-24 17:00:00,505.1760619522173
2011-10-24 18:00:00,504.7032063319506
2011-10-24 19:00:00,200.1183140902711
2011-10-24 20:00:00,223.17270339093002
2011-10-24 21:00:00,146.39663067489576
2011-10-24 22:00:00,124.64597373237706
2011-10-24 23:00:00,70.42611956706075
2011-10-25 00:00:00,31.65223049491689
2011-10-25 01:00:00,13.153599594018704
2011-10-25 02:00:00,5.7575600344400755
2011-10-25 03:00:00,4.018987806002416
2011-10-25 04:00:00,5.156417472243712
2011-10-25 05:00:00,21.823574187125022
2011-10-25 06:00:00,100.01711865736266
2011-10-25 07:00:00,278.76266524737053
2011-10-25 08:00:00,451.38169695307687
2011-10-25 09:00:00,228.6490228511845
2011-10-25 10:00:00,134.11500393746084
2011-10-25 11:00:00,146.3198881499068
2011-10-25 12:00:00,192.09929469011246
2011-10-25 13:00:00,184.06104090068516
2011-10-25 14:00:00,167.51695925235487
2011-10-25 15:00:00,190.0160580362928
2011-10-25 16:00:00,289.9329380005453
2011-10-25 17:00:00,553.8179112101261
2011-10-25 18:00:00,496.46299791442266
2011-10-25 19:00:00,320.2435465912084
2011-10-25 20:00:00,226.98762592674865
2011-10-25 21:00:00,158.13968920881877
2011-10-25 22:00:00,120.90649741458765
2011-10-25 23:00:00,74.49892758276891
2011-10-26 00:00:00,35.08675536198417
2011-10-26 01:00:00,13.212332392370875
2011-10-26 02:00:00,6.9727434603973055
2011-10-26 03:00:00,4.435225671112033
2011-10-26 04:00:00,4.924344383715587
2011-10-26 05:00:00,25.478208494728563
2011-10-26 06:00:00,103.12533982869732
2011-10-26 07:00:00,286.5518018421665
2011-10-26 08:00:00,421.55331650106984
2011-10-26 09:00:00,221.2473563671439
2011-10-26 10:00:00,130.70918715416863
2011-10-26 11:00:00,147.60154639708668
2011-10-26 12:00:00,157.910102518341
2011-10-26 13:00:00,138.2374462521824
2011-10-26 14:00:00,145.03150681217045
2011-10-26 15:00:00,163.100686537879
2011-10-26 16:00:00,244.54244326360106
2011-10-26 17:00:00,448.7949528414864
2011-10-26 18:00:00,466.5632555729891
2011-10-26 19:00:00,302.59985432318683
2011-10-26 20:00:00,209.41622547736347
2011-10-26 21:00:00,175.40512581990833
2011-10-26 22:00:00,107.34419013814554
2011-10-26 23:00:00,69.12154841886726
2011-10-27 00:00:00,30.08505481936502
2011-10-27 01:00:00,12.620522377063104
2011-10-27 02:00:00,4.573820050351958
2011-10-27 03:00:00,3.1141213436820308
2011-10-27 04:00:00,3.9642070681957318
2011-10-27 05:00:00,17.404762105830436
2011-10-27 06:00:00,69.20597599710686
2011-10-27 07:00:00,248.97731582623086
2011-10-27 08:00:00,249.14876937283742
2011-10-27 09:00:00,227.77916280594678
2011-10-27 10:00:00,72.63400365251339
2011-10-27 11:00:00,79.23428482264043
2011-10-27 12:00:00,82.48841460396008
2011-10-27 13:00:00,123.16104092332417
2011-10-27 14:00:00,134.45312683531202
2011-10-27 15:00:00,150.73793185172718
2011-10-27 16:00:00,264.4533791255768
2011-10-27 17:00:00,383.80170843083494
2011-10-27 18:00:00,380.25666862813705
2011-10-27 19:00:00,237.13152655547384
2011-10-27 20:00:00,185.41688974101274
2011-10-27 21:00:00,110.92881312142138
2011-10-27 22:00:00,84.94675925902149
2011-10-27 23:00:00,55.0729356492434
2011-10-28 00:00:00,37.95974127577621
2011-10-28 01:00:00,19.265945772825724
2011-10-28 02:00:00,9.942051783944837
2011-10-28 03:00:00,4.049468592329896
2011-10-28 04:00:00,4.144107861588856
2011-10-28 05:00:00,18.92063053214235
2011-10-28 06:00:00,80.42687380065016
2011-10-28 07:00:00,222.86779773904993
2011-10-28 08:00:00,398.08802987347883
2011-10-28 09:00:00,228.8478250766238
2011-10-28 10:00:00,127.44651630581905
2011-10-28 11:00:00,151.1808139678765
2011-10-28 12:00:00,194.6242317715105
2011-10-28 13:00:00,186.38974734235862
2011-10-28 14:00:00,167.71734215387374
2011-10-28 15:00:00,180.9753190420447
2011-10-28 16:00:00,245.02317862908941
2011-10-28 17:00:00,380.96079755337064
2011-10-28 18:00:00,334.4141854529796
2011-10-28 19:00:00,230.78991223258313
2011-10-28 20:00:00,85.25655988928534
2011-10-28 21:00:00,72.96282557041499
2011-10-28 22:00:00,58.35396035891684
2011-10-28 23:00:00,45.066660844084026
2011-10-29 00:00:00,40.514000547574774
2011-10-29 01:00:00,31.55178253638201
2011-10-29 02:00:00,25.597437392291067
2011-10-29 03:00:00,12.043675078241328
2011-10-29 04:00:00,4.8463201175084
2011-10-29 05:00:00,4.091384473823074
2011-10-29 06:00:00,9.520314047548736
2011-10-29 07:00:00,18.93142398539403
2011-10-29 08:00:00,47.862936002022224
2011-10-29 09:00:00,60.80060961722076
2011-10-29 10:00:00,71.67891539263351
2011-10-29 11:00:00,77.7778983615849
2011-10-29 12:00:00,86.50791760814451
2011-10-29 13:00:00,73.32504231800961
2011-10-29 14:00:00,88.54565895318663
2011-10-29 15:00:00,111.29679058171752
2011-10-29 16:00:00,81.81315581524625
2011-10-29 17:00:00,74.8813424833894
2011-10-29 18:00:00,62.27751287799569
2011-10-29 19:00:00,110.89095087579648
2011-10-29 20:00:00,81.11332651994806
2011-10-29 21:00:00,64.46919862386791
2011-10-29 22:00:00,69.39386238958272
2011-10-29 23:00:00,56.990738135069954
2011-10-30 00:00:00,61.04696870872358
2011-10-30 01:00:00,47.28468388837885
2011-10-30 02:00:00,32.10340386514581
2011-10-30 03:00:00,13.665603582517988
2011-10-30 04:00:00,3.9631142942338724
2011-10-30 05:00:00,4.071263382375844
2011-10-30 06:00:00,8.912165677678665
2011-10-30 07:00:00,24.747251615434237
2011-10-30 08:00:00,65.74328337702396
2011-10-30 09:00:00,122.5680253336605
2011-10-30 10:00:00,203.50354402668665
2011-10-30 11:00:00,246.74895736198755
2011-10-30 12:00:00,309.15819324826816
2011-10-30 13:00:00,323.32153321782226
2011-10-30 14:00:00,324.153277030146
2011-10-30 15:00:00,322.99941064596715
2011-10-30 16:00:00,308.7886550470595
2011-10-30 17:00:00,262.40031742195697
2011-10-30 18:00:00,189.80943978510714
2011-10-30 19:00:00,247.15349522513094
2011-10-30 20:00:00,115.32974219473047
2011-10-30 21:00:00,87.06726333500356
2011-10-30 22:00:00,70.17062294378293
2011-10-30 23:00:00,46.98292724738998
2011-10-31 00:00:00,18.49006696662836
2011-10-31 01:00:00,7.551037439636112
2011-10-31 02:00:00,3.347072102322744
2011-10-31 03:00:00,3.1618898169531233
2011-10-31 04:00:00,3.910393564616212
2011-10-31 05:00:00,16.65836526269204
2011-10-31 06:00:00,77.04255360924276
2011-10-31 07:00:00,242.04235356140478
2011-10-31 08:00:00,402.31833350193426
2011-10-31 09:00:00,207.19147807575257
2011-10-31 10:00:00,110.43540360767149
2011-10-31 11:00:00,124.9200319059917
2011-10-31 12:00:00,159.2447260658598
2011-10-31 13:00:00,148.06071252396168
2011-10-31 14:00:00,133.3844655573111
2011-10-31 15:00:00,154.92614895412535
2011-10-31 16:00:00,235.34712817592174
2011-10-31 17:00:00,435.18596852074063
2011-10-31 18:00:00,409.2774507431445
2011-10-31 19:00:00,287.9467354627228
2011-10-31 20:00:00,210.17575791204064
2011-10-31 21:00:00,128.6617914826469
2011-10-31 22:00:00,92.38392315623221
2011-10-31 23:00:00,57.29277809310463
2011-11-20 00:00:00,84.76311415803086
2011-11-20 01:00:00,66.80158774090974
2011-11-20 02:00:00,48.301252257806624
2011-11-20 03:00:00,20.073244237918658
2011-11-20 04:00:00,6.027533663659292
2011-11-20 05:00:00,6.166697282907071
2011-11-20 06:00:00,13.172552845321134
2011-11-20 07:00:00,41.46864742091326
2011-11-20 08:00:00,76.34937685765519
2011-11-20 09:00:00,144.79108594335733
2011-11-20 10:00:00,216.37865556322046
2011-11-20 11:00:00,302.8973224073452
2011-11-20 12:00:00,346.06401978542135
2011-11-20 13:00:00,363.02868537024193
2011-11-20 14:00:00,365.7172713546422
2011-11-20 15:00:00,336.6504195467562
2011-11-20 16:00:00,341.46682001666244
2011-11-20 17:00:00,312.76798698928644
2011-11-20 18:00:00,278.84691835662505
2011-11-20 19:00:00,198.90755633801078
2011-11-20 20:00:00,170.27676395466176
2011-11-20 21:00:00,118.8866490976039
2011-11-20 22:00:00,60.80371902475617
2011-11-20 23:00:00,45.781071189977425
2011-11-21 00:00:00,22.057958322637262
2011-11-21 01:00:00,6.709982294264499
2011-11-21 02:00:00,4.067718303202446
2011-11-21 03:00:00,2.786066568447868
2011-11-21 04:00:00,3.345406344915981
2011-11-21 05:00:00,16.74229361367076
2011-11-21 06:00:00,73.45619219095998
2011-11-21 07:00:00,238.75020156029157
2011-11-21 08:00:00,375.7023081959517
2011-11-21 09:00:00,174.4790916062526
2011-11-21 10:00:00,117.59647815840376
2011-11-21 11:00:00,128.04370752692884
2011-11-21 12:00:00,173.8742673467061
2011-11-21 13:00:00,164.24985884277976
2011-11-21 14:00:00,128.1004611101098
2011-11-21 15:00:00,57.581363195574895
2011-11-21 16:00:00,83.7769235384347
2011-11-21 17:00:00,124.85713599379636
2011-11-21 18:00:00,184.08878928033442
2011-11-21 19:00:00,115.6863410216639
2011-11-21 20:00:00,92.65461817123979
2011-11-21 21:00:00,75.20667325196405
2011-11-21 22:00:00,59.01874638731725
2011-11-21 23:00:00,39.9642899939492
2011-11-22 00:00:00,12.567354036452855
2011-11-22 01:00:00,6.431358099078142
2011-11-22 02:00:00,3.567290899053476
2011-11-22 03:00:00,2.737979164257507
2011-11-22 04:00:00,3.594680384851906
2011-11-22 05:00:00,10.966802267154282
2011-11-22 06:00:00,80.35074229692567
2011-11-22 07:00:00,92.94528383085128
2011-11-22 08:00:00,163.33287404424092
2011-11-22 09:00:00,83.5582017996725
2011-11-22 10:00:00,49.6508005535778
2011-11-22 11:00:00,53.266995242394756
2011-11-22 12:00:00,56.12851115690685
2011-11-22 13:00:00,52.49137305835427
2011-11-22 14:00:00,48.3391580420065
2011-11-22 15:00:00,55.39676433417859
2011-11-22 16:00:00,88.89892062248782
2011-11-22 17:00:00,149.7089716943986
2011-11-22 18:00:00,150.79345709267182
2011-11-22 19:00:00,145.99641419049635
2011-11-22 20:00:00,154.83890354542572
2011-11-22 21:00:00,107.53595943804302
2011-11-22 22:00:00,89.26003239278519
2011-11-22 23:00:00,58.483817881683436
2011-11-23 00:00:00,19.547181002470836
2011-11-23 01:00:00,8.089869080621893
2011-11-23 02:00:00,3.8027147338079104
2011-11-23 03:00:00,2.8343245700342794
2011-11-23 04:00:00,4.077689446024567
2011-11-23 05:00:00,16.338373220332063
2011-11-23 06:00:00,68.48691920594834
2011-11-23 07:00:00,205.83844851385476
2011-11-23 08:00:00,361.1371223710855
2011-11-23 09:00:00,165.4856750480379
2011-11-23 10:00:00,92.89740375680162
2011-11-23 11:00:00,131.77576156324906
2011-11-23 12:00:00,177.87994473112863
2011-11-23 13:00:00,137.2484087590472
2011-11-23 14:00:00,130.2129066527109
2011-11-23 15:00:00,137.30723881714528
2011-11-23 16:00:00,199.82711964999226
2011-11-23 17:00:00,214.4781039093339
2011-11-23 18:00:00,327.15235285627836
2011-11-23 19:00:00,252.19422980931225
2011-11-23 20:00:00,178.63303318477926
2011-11-23 21:00:00,114.41026771341285
2011-11-23 22:00:00,82.77667359961376
2011-11-23 23:00:00,52.216170180449254
2011-11-24 00:00:00,57.47577965403809
2011-11-24 01:00:00,27.36658669202853
2011-11-24 02:00:00,18.992420357868774
2011-11-24 03:00:00,10.070945941913529
2011-11-24 04:00:00,6.4908742984488885
2011-11-24 05:00:00,10.198412115802052
2011-11-24 06:00:00,30.605138387794156
2011-11-24 07:00:00,50.632732688248815
2011-11-24 08:00:00,140.6935084453237
2011-11-24 09:00:00,169.10820010441532
2011-11-24 10:00:00,216.6188165968888
2011-11-24 11:00:00,252.21787290269626
2011-11-24 12:00:00,295.9992235808368
2011-11-24 13:00:00,310.85339373090727
2011-11-24 14:00:00,308.32385674195467
2011-11-24 15:00:00,306.1043152752791
2011-11-24 16:00:00,315.5960926964519
2011-11-24 17:00:00,331.89843866794564
2011-11-24 18:00:00,249.08138867233293
2011-11-24 19:00:00,213.3153236845712
2011-11-24 20:00:00,145.51664672967087
2011-11-24 21:00:00,120.59678878334769
2011-11-24 22:00:00,110.57745033348218
2011-11-24 23:00:00,76.2204469422753
2011-11-25 00:00:00,39.33776104704183
2011-11-25 01:00:00,19.89513846945015
2011-11-25 02:00:00,10.448416584503379
2011-11-25 03:00:00,4.477989697903588
2011-11-25 04:00:00,4.634177788893965
2011-11-25 05:00:00,20.464586299086402
2011-11-25 06:00:00,79.33226153800814
2011-11-25 07:00:00,227.32686010686444
2011-11-25 08:00:00,396.0155250176353
2011-11-25 09:00:00,232.34511499068478
2011-11-25 10:00:00,132.75723061076113
2011-11-25 11:00:00,158.70693689399837
2011-11-25 12:00:00,217.91729828661954
2011-11-25 13:00:00,228.43343579553527
2011-11-25 14:00:00,219.09494939654343
2011-11-25 15:00:00,239.78447534208235
2011-11-25 16:00:00,328.5257230927067
2011-11-25 17:00:00,486.477009217513
2011-11-25 18:00:00,404.4799260372977
2011-11-25 19:00:00,259.696782651561
2011-11-25 20:00:00,177.24302649958955
2011-11-25 21:00:00,130.90201116823954
2011-11-25 22:00:00,114.96588517590232
2011-11-25 23:00:00,93.64335041953753
2011-11-26 00:00:00,78.55309219669199
2011-11-26 01:00:00,58.766276136946864
2011-11-26 02:00:00,42.10697081275066
2011-11-26 03:00:00,18.58916338022138
2011-11-26 04:00:00,6.286771010138612
2011-11-26 05:00:00,6.877617167548161
2011-11-26 06:00:00,15.449353828007593
2011-11-26 07:00:00,30.69024543278432
2011-11-26 08:00:00,93.3738710763611
2011-11-26 09:00:00,144.78158499028538
2011-11-26 10:00:00,213.73539975220928
2011-11-26 11:00:00,280.3475512447698
2011-11-26 12:00:00,347.93820218168406
2011-11-26 13:00:00,384.49233572679225
2011-11-26 14:00:00,346.00190697089806
2011-11-26 15:00:00,362.9126829007788
2011-11-26 16:00:00,316.0873196509373
2011-11-26 17:00:00,292.8416544116802
2011-11-26 18:00:00,225.28415632882817
2011-11-26 19:00:00,191.88474072563352
2011-11-26 20:00:00,146.7363846137794
2011-11-26 21:00:00,107.4639281895447
2011-11-26 22:00:00,101.25635969272743
2011-11-26 23:00:00,83.27955014605044
2011-11-27 00:00:00,81.07748290403975
2011-11-27 01:00:00,67.93835091931885
2011-11-27 02:00:00,48.38388210544119
2011-11-27 03:00:00,22.316274762173464
2011-11-27 04:00:00,7.960362899951604
2011-11-27 05:00:00,6.547338510418858
2011-11-27 06:00:00,13.826205724481818
2011-11-27 07:00:00,30.015375953889983
2011-11-27 08:00:00,74.9934322044072
2011-11-27 09:00:00,152.57435796080574
2011-11-27 10:00:00,230.86818854516176
2011-11-27 11:00:00,313.017660521382
2011-11-27 12:00:00,383.04945896114685
2011-11-27 13:00:00,388.2217213995767
2011-11-27 14:00:00,419.07509256800824
2011-11-27 15:00:00,424.73158375564276
2011-11-27 16:00:00,399.2634727648677
2011-11-27 17:00:00,355.0370568310851
2011-11-27 18:00:00,253.14599294061506
2011-11-27 19:00:00,200.96559757229545
2011-11-27 20:00:00,164.3646906775263
2011-11-27 21:00:00,121.56793607528077
2011-11-27 22:00:00,103.96132122280429
2011-11-27 23:00:00,74.4584826798518
2011-11-28 00:00:00,31.041776865851556
2011-11-28 01:00:00,13.205723102309772
2011-11-28 03:00:00,4.449529697634203
2011-11-28 04:00:00,6.310823685533926
2011-11-28 05:00:00,22.468376699109506
2011-11-28 06:00:00,102.0706309952443
2011-11-28 07:00:00,283.9387789636002
2011-11-28 08:00:00,363.5801915582914
2011-11-28 09:00:00,185.21753770414102
2011-11-28 10:00:00,119.15128249012183
2011-11-28 11:00:00,141.68637726806406
2011-11-28 12:00:00,197.33887370895437
2011-11-28 13:00:00,185.94043922333552
2011-11-28 14:00:00,170.8668473422975
2011-11-28 15:00:00,190.8750014681185
2011-11-28 16:00:00,285.8333414700533
2011-11-28 17:00:00,557.7185905227824
2011-11-28 18:00:00,522.693931308979
2011-11-28 19:00:00,345.59407059298576
2011-11-28 20:00:00,231.12186717437112
2011-11-28 21:00:00,172.072441594564
2011-11-28 22:00:00,118.5193451733258
2011-11-28 23:00:00,67.60984661109062
2011-11-29 00:00:00,30.03578407509692
2011-11-29 01:00:00,12.604502540703272
2011-11-29 02:00:00,5.118161055979309
2011-11-29 03:00:00,3.8545125979273527
2011-11-29 04:00:00,5.034985120602268
2011-11-29 05:00:00,23.178870393969277
2011-11-29 06:00:00,106.3767865707755
2011-11-29 07:00:00,308.70904274932474
2011-11-29 08:00:00,462.8951848137636
2011-11-29 09:00:00,168.87005225962733
2011-11-29 10:00:00,95.6555221516585
2011-11-29 11:00:00,68.29927602625763
2011-11-29 12:00:00,64.392872717825
2011-11-29 13:00:00,78.49655649432493
2011-11-29 14:00:00,51.65188525298949
2011-11-29 15:00:00,56.23441115853659
2011-11-29 16:00:00,87.04985423853348
2011-11-29 17:00:00,274.9516122614732
2011-11-29 18:00:00,287.8082837777798
2011-11-29 19:00:00,197.91280669386492
2011-11-29 20:00:00,149.9092363840222
2011-11-29 21:00:00,107.17627880468834
2011-11-29 22:00:00,94.55362657821765
2011-11-29 23:00:00,48.5376835060795
2011-11-30 00:00:00,24.282002292339403
2011-11-30 01:00:00,10.559935241108999
2011-11-30 02:00:00,5.023585639708654
2011-11-30 03:00:00,3.820610686018103
2011-11-30 04:00:00,4.501434139698475
2011-11-30 05:00:00,21.469697739826884
2011-11-30 06:00:00,86.86393586084846
2011-11-30 07:00:00,260.4344137337281
2011-11-30 08:00:00,402.64638357056
2011-11-30 09:00:00,206.15150672671246
2011-11-30 10:00:00,110.53610351030329
2011-11-30 11:00:00,123.0416621090011
2011-11-30 12:00:00,144.93914992637812
2011-11-30 13:00:00,139.03275672340808
2011-11-30 14:00:00,126.7628864192173
2011-11-30 15:00:00,139.03179924783814
2011-11-30 16:00:00,206.78408441578054
2011-11-30 17:00:00,354.38896543835017
2011-11-30 18:00:00,350.8050752774383
2011-11-30 19:00:00,233.41579931855532
2011-11-30 20:00:00,174.96325547878826
2011-11-30 21:00:00,116.80721172189875
2011-11-30 22:00:00,89.91577022261141
2011-11-30 23:00:00,54.46611832011273
2011-12-20 00:00:00,23.75924908599329
2011-12-20 01:00:00,10.560592081564632
2011-12-20 02:00:00,4.783966994215632
2011-12-20 03:00:00,3.5138254560531377
2011-12-20 04:00:00,5.614310526506369
2011-12-20 05:00:00,20.923782905773493
2011-12-20 06:00:00,92.64560884922616
2011-12-20 07:00:00,261.74630896809333
2011-12-20 08:00:00,433.68098908651416
2011-12-20 09:00:00,210.54247706200545
2011-12-20 10:00:00,111.93836489234266
2011-12-20 11:00:00,121.9667649465156
2011-12-20 12:00:00,160.0590387071514
2011-12-20 13:00:00,150.3219590459364
2011-12-20 14:00:00,134.69999900655142
2011-12-20 15:00:00,150.26692554872545
2011-12-20 16:00:00,241.3079471360094
2011-12-20 17:00:00,426.2346999075062
2011-12-20 18:00:00,389.699993361835
2011-12-20 19:00:00,276.3337622088793
2011-12-20 20:00:00,196.47875184701036
2011-12-20 21:00:00,140.66346721180528
2011-12-20 22:00:00,99.84127565534472
2011-12-20 23:00:00,65.37458440819786
2011-12-21 00:00:00,9.788388714804553
2011-12-21 01:00:00,5.276046348219892
2011-12-21 02:00:00,3.0081802228582766
2011-12-21 03:00:00,2.0463795315304885
2011-12-21 04:00:00,2.0134871899570403
2011-12-21 05:00:00,7.542290858967738
2011-12-21 06:00:00,38.20624322358571
2011-12-21 07:00:00,125.90091723684863
2011-12-21 08:00:00,130.42259891891783
2011-12-21 09:00:00,106.42264552775849
2011-12-21 10:00:00,71.49743846011542
2011-12-21 11:00:00,74.6065240288245
2011-12-21 12:00:00,31.350589451508068
2011-12-21 13:00:00,19.473001147304867
2011-12-21 14:00:00,61.52215122167871
2011-12-21 15:00:00,66.79634411460293
2011-12-21 16:00:00,24.31894259354283
2011-12-21 17:00:00,50.95315665352797
2011-12-21 18:00:00,112.91399547501727
2011-12-21 19:00:00,97.52504076327179
2011-12-21 20:00:00,78.8546621298547
2011-12-21 21:00:00,95.22176022349154
2011-12-21 22:00:00,81.82968810399481
2011-12-21 23:00:00,51.380039646589516
2011-12-22 00:00:00,14.907331543361085
2011-12-22 01:00:00,7.971330130079392
2011-12-22 02:00:00,5.835342455780067
2011-12-22 03:00:00,3.3745149983388267
2011-12-22 04:00:00,2.6440395377295776
2011-12-22 05:00:00,9.991640873685444
2011-12-22 06:00:00,44.675002354707644
2011-12-22 07:00:00,129.02867385348532
2011-12-22 08:00:00,255.1068494868804
2011-12-22 09:00:00,125.45335096465173
2011-12-22 10:00:00,61.63677118054815
2011-12-22 11:00:00,69.85661280352146
2011-12-22 12:00:00,116.88087814524968
2011-12-22 13:00:00,90.74374687284728
2011-12-22 14:00:00,81.75874401054938
2011-12-22 15:00:00,105.1281548190338
2011-12-22 16:00:00,133.61613941129286
2011-12-22 17:00:00,234.1007304572964
2011-12-22 18:00:00,237.21008095462795
2011-12-22 19:00:00,157.63766982181997
2011-12-22 20:00:00,50.688191351998384
2011-12-22 21:00:00,39.181492185353015
2011-12-22 22:00:00,27.029992562633083
2011-12-22 23:00:00,21.469803854551483
2011-12-23 00:00:00,12.102375163268896
2011-12-23 01:00:00,6.475558192749147
2011-12-23 02:00:00,4.408461333291638
2011-12-23 03:00:00,2.2743052749174235
2011-12-23 04:00:00,1.4554475091086112
2011-12-23 05:00:00,6.802040038349159
2011-12-23 06:00:00,42.23195985555999
2011-12-23 07:00:00,117.88748502221974
2011-12-23 08:00:00,247.92244102265624
2011-12-23 09:00:00,131.32478397657857
2011-12-23 10:00:00,72.7277828366628
2011-12-23 11:00:00,84.86055958286723
2011-12-23 12:00:00,103.32568576244928
2011-12-23 13:00:00,106.0895170678038
2011-12-23 14:00:00,99.45670210931208
2011-12-23 15:00:00,103.39072650110262
2011-12-23 16:00:00,123.72408148664991
2011-12-23 17:00:00,210.86422263253672
2011-12-23 18:00:00,181.3977518476146
2011-12-23 19:00:00,113.45021374041616
2011-12-23 20:00:00,77.11865106207841
2011-12-23 21:00:00,62.349074186179884
2011-12-23 22:00:00,57.40020116433352
2011-12-23 23:00:00,43.98960722964648
2011-12-24 00:00:00,32.846984091308215
2011-12-24 01:00:00,24.93238026536399
2011-12-24 02:00:00,18.62183413921041
2011-12-24 03:00:00,8.74936052212606
2011-12-24 04:00:00,2.9142297113377946
2011-12-24 05:00:00,2.795552504842406
2011-12-24 06:00:00,4.747470187014847
2011-12-24 07:00:00,12.143918756967823
2011-12-24 08:00:00,38.979346177397886
2011-12-24 09:00:00,62.34182066476721
2011-12-24 10:00:00,92.87963711594966
2011-12-24 11:00:00,111.81080972119611
2011-12-24 12:00:00,142.8502185312249
2011-12-24 13:00:00,146.5470999457886
2011-12-24 14:00:00,137.82294137388638
2011-12-24 15:00:00,132.56352850946732
2011-12-24 16:00:00,127.29796489158127
2011-12-24 17:00:00,98.39664538629864
2011-12-24 18:00:00,91.51209322505059
2011-12-24 19:00:00,77.47319861730642
2011-12-24 20:00:00,55.52140273429977
2011-12-24 21:00:00,49.370349125536116
2011-12-24 22:00:00,36.09312036869474
2011-12-24 23:00:00,30.78423540229233
2011-12-25 00:00:00,29.344112695557435
2011-12-25 01:00:00,24.789983204972618
2011-12-25 02:00:00,20.508758027897315
2011-12-25 03:00:00,10.98418566721483
2011-12-25 05:00:00,2.2759882427676175
2011-12-25 06:00:00,2.7921540503713196
2011-12-25 07:00:00,6.812154996759599
2011-12-25 08:00:00,17.743879140134254
2011-12-25 09:00:00,37.90802731279333
2011-12-25 10:00:00,68.45561098024824
2011-12-25 11:00:00,99.60254139542532
2011-12-25 12:00:00,112.036206869079
2011-12-25 13:00:00,126.6055240021909
2011-12-25 14:00:00,123.72460786904506
2011-12-25 15:00:00,125.53739673393139
2011-12-25 16:00:00,129.36211627067803
2011-12-25 17:00:00,101.42516742476867
2011-12-25 18:00:00,80.45666332538995
2011-12-25 19:00:00,66.09691912398998
2011-12-25 20:00:00,49.11516752618821
2011-12-25 21:00:00,39.254227975891524
2011-12-25 22:00:00,29.635899970044722
2011-12-25 23:00:00,22.074038956362273
2011-12-26 00:00:00,20.83143162114253
2011-12-26 01:00:00,14.751812056649994
2011-12-26 02:00:00,10.170493196799761
2011-12-26 04:00:00,2.5251253576150408
2011-12-26 05:00:00,3.1667780913263606
2011-12-26 06:00:00,6.659364371588934
2011-12-26 07:00:00,15.025519291160263
2011-12-26 08:00:00,48.41676566434409
2011-12-26 09:00:00,64.87193543594822
2011-12-26 10:00:00,84.22335509981755
2011-12-26 11:00:00,89.98868016070234
2011-12-26 12:00:00,110.64332861229356
2011-12-26 13:00:00,124.83226073410444
2011-12-26 14:00:00,117.68358572106968
2011-12-26 15:00:00,117.51490012686287
2011-12-26 16:00:00,108.41821806399092
2011-12-26 17:00:00,108.22599250164656
2011-12-26 18:00:00,96.49927638219877
2011-12-26 19:00:00,79.34540484100567
2011-12-26 20:00:00,58.934707700723095
2011-12-26 21:00:00,46.50574061937587
2011-12-26 22:00:00,36.10779297834681
2011-12-26 23:00:00,26.61949848763986
2011-12-27 00:00:00,9.66146272761894
2011-12-27 01:00:00,3.8001099871693444
2011-12-27 02:00:00,2.156500150480343
2011-12-27 03:00:00,1.6819206135866864
2011-12-27 04:00:00,1.6457731449444712
2011-12-27 05:00:00,5.0076096756897615
2011-12-27 06:00:00,36.898436110213595
2011-12-27 07:00:00,113.28794794013372
2011-12-27 08:00:00,238.87710701543844
2011-12-27 09:00:00,49.75879358709214
2011-12-27 10:00:00,56.454615516037975
2011-12-27 11:00:00,29.019927316439336
2011-12-27 12:00:00,33.74520997155915
2011-12-27 13:00:00,27.939087635613998
2011-12-27 14:00:00,22.05879199634146
2011-12-27 15:00:00,24.160880654923293
2011-12-27 16:00:00,34.18268031202982
2011-12-27 17:00:00,121.97364968727358
2011-12-27 18:00:00,172.73550963702473
2011-12-27 19:00:00,121.16125709301174
2011-12-27 20:00:00,87.96943230073478
2011-12-27 21:00:00,64.61587742520254
2011-12-27 22:00:00,47.58042652013699
2011-12-27 23:00:00,25.682486444666516
2011-12-28 00:00:00,10.265729759718894
2011-12-28 01:00:00,5.720764937596737
2011-12-28 02:00:00,2.9735049913598517
2011-12-28 03:00:00,2.1399308127104266
2011-12-28 05:00:00,6.227218910844309
2011-12-28 06:00:00,42.72073368911085
2011-12-28 07:00:00,126.04295312009982
2011-12-28 08:00:00,238.9299033752411
2011-12-28 09:00:00,116.2126770233839
2011-12-28 10:00:00,62.607555750520056
2011-12-28 11:00:00,65.21850400333966
2011-12-28 12:00:00,72.27641827774082
2011-12-28 13:00:00,70.6889907148178
2011-12-28 14:00:00,65.30225514923646
2011-12-28 15:00:00,70.1344506160979
2011-12-28 16:00:00,97.0001145803586
2011-12-28 17:00:00,192.764663668017
2011-12-28 18:00:00,180.24487269821356
2011-12-28 19:00:00,110.66512648554344
2011-12-28 20:00:00,84.89116355200987
2011-12-28 21:00:00,55.867303198036325
2011-12-28 22:00:00,42.893025832608004
2011-12-28 23:00:00,22.691522193522545
2011-12-29 00:00:00,7.526758991830663
2011-12-29 01:00:00,3.648007806773759
2011-12-29 02:00:00,2.3712472666375852
2011-12-29 03:00:00,1.7394083119843768
2011-12-29 04:00:00,1.6219591491141714
2011-12-29 05:00:00,6.38360881323377
2011-12-29 06:00:00,35.41985801322526
2011-12-29 07:00:00,107.97405798149569
2011-12-29 08:00:00,216.8177108622961
2011-12-29 09:00:00,106.52431813421293
2011-12-29 10:00:00,48.09606759247575
2011-12-29 11:00:00,52.23136372901619
2011-12-29 12:00:00,70.7515935677917
2011-12-29 13:00:00,66.74035748049559
2011-12-29 14:00:00,61.6351959633364
2011-12-29 15:00:00,67.30943302215331
2011-12-29 16:00:00,99.56259961301919
2011-12-29 17:00:00,201.5936118224671
2011-12-29 18:00:00,203.40606507722765
2011-12-29 19:00:00,128.00479208445924
2011-12-29 20:00:00,92.49276897161796
2011-12-29 21:00:00,65.12712728667093
2011-12-29 22:00:00,53.161965652411055
2011-12-29 23:00:00,32.719365134687706
2011-12-30 00:00:00,19.169636202495123
2011-12-30 01:00:00,8.131353713462838
2011-12-30 02:00:00,3.234621619859555
2011-12-30 03:00:00,2.016628689342858
2011-12-30 04:00:00,1.6206773744546887
2011-12-30 05:00:00,6.199645405122448
2011-12-30 06:00:00,33.732719686648565
2011-12-30 07:00:00,106.05417833570203
2011-12-30 08:00:00,224.64012874200472
2011-12-30 09:00:00,119.7026361032272
2011-12-30 10:00:00,62.66794475574641
2011-12-30 11:00:00,74.56475959556093
2011-12-30 12:00:00,95.4128092502314
2011-12-30 13:00:00,97.81840729346966
2011-12-30 14:00:00,99.41802539555269
2011-12-30 15:00:00,117.60884977782095
2011-12-30 16:00:00,141.2358581435339
2011-12-30 17:00:00,230.51382298969833
2011-12-30 18:00:00,188.21862717616762
2011-12-30 19:00:00,102.21060496302621
2011-12-30 20:00:00,79.32946142529558
2011-12-30 21:00:00,63.73974646629202
2011-12-30 22:00:00,54.23634110736241
2011-12-30 23:00:00,42.30812828803087
2011-12-31 00:00:00,34.63783832961731
2011-12-31 01:00:00,27.210863934113515
2011-12-31 02:00:00,19.25248378879735
2011-12-31 03:00:00,7.601139673514842
2011-12-31 04:00:00,3.4913007030365226
2011-12-31 05:00:00,3.013225290758479
2011-12-31 06:00:00,6.281308245883086
2011-12-31 07:00:00,9.870183247267027
2011-12-31 08:00:00,41.2392507608074
2011-12-31 09:00:00,67.3144633975896
2011-12-31 10:00:00,108.72549910934835
2011-12-31 11:00:00,139.38080039178254
2011-12-31 12:00:00,241.41816009433268
2011-12-31 13:00:00,231.75671225090258
2011-12-31 14:00:00,189.67206613771936
2011-12-31 15:00:00,182.64472683119016
2011-12-31 16:00:00,162.66802788757607
2011-12-31 17:00:00,144.69421723051235
2011-12-31 18:00:00,127.32674568806772
2011-12-31 19:00:00,108.32010595022601
2011-12-31 20:00:00,80.99836243884653
2011-12-31 21:00:00,68.13127769299285
2011-12-31 22:00:00,56.3465446002209
2011-12-31 23:00:00,42.47545341695014
2012-01-20 00:00:00,32.29400162416526
2012-01-20 01:00:00,17.651759495713144
2012-01-20 02:00:00,6.412206499799557
2012-01-20 03:00:00,3.622810793035148
2012-01-20 04:00:00,2.9040610282796515
2012-01-20 05:00:00,17.246194857943934
2012-01-20 06:00:00,74.6405863474136
2012-01-20 07:00:00,223.46753536767488
2012-01-20 08:00:00,437.88064440837366
2012-01-20 09:00:00,231.50344083681608
2012-01-20 10:00:00,101.68928390921526
2012-01-20 11:00:00,104.3982934138946
2012-01-20 12:00:00,136.83595306818594
2012-01-20 13:00:00,153.75291253737024
2012-01-20 14:00:00,131.35780017867884
2012-01-20 15:00:00,149.01598286904942
2012-01-20 16:00:00,179.02809921247666
2012-01-20 17:00:00,319.96740768669764
2012-01-20 18:00:00,270.7441042549555
2012-01-20 19:00:00,176.44480117857384
2012-01-20 20:00:00,116.8649776828684
2012-01-20 21:00:00,87.37760540403156
2012-01-20 22:00:00,74.8760698883384
2012-01-20 23:00:00,40.386297981594254
2012-01-21 00:00:00,35.5294504572575
2012-01-21 01:00:00,31.460892701058775
2012-01-21 02:00:00,28.670395976579112
2012-01-21 03:00:00,13.768649889747762
2012-01-21 04:00:00,4.512544647795915
2012-01-21 05:00:00,4.618526780443637
2012-01-21 06:00:00,6.910141541786986
2012-01-21 07:00:00,17.5853781130473
2012-01-21 08:00:00,64.77979433664831
2012-01-21 09:00:00,85.75921724499604
2012-01-21 10:00:00,82.65037084172724
2012-01-21 11:00:00,181.88211556225764
2012-01-21 12:00:00,219.4394325838885
2012-01-21 13:00:00,200.18261533322897
2012-01-21 14:00:00,145.43797337441487
2012-01-21 15:00:00,142.35668598449536
2012-01-21 16:00:00,151.0447397900109
2012-01-21 17:00:00,124.80968170380251
2012-01-21 18:00:00,124.11394539676948
2012-01-21 19:00:00,94.17303524302874
2012-01-21 20:00:00,72.23017326831685
2012-01-21 21:00:00,71.2910882056953
2012-01-21 22:00:00,60.321185923087654
2012-01-21 23:00:00,49.81532481209012
2012-01-22 00:00:00,51.56806960429171
2012-01-22 01:00:00,44.302064196173006
2012-01-22 02:00:00,38.87752595817035
2012-01-22 03:00:00,18.470710434770247
2012-01-22 04:00:00,4.392006716658218
2012-01-22 05:00:00,4.243597085942669
2012-01-22 06:00:00,5.723968520608572
2012-01-22 07:00:00,17.363381180622163
2012-01-22 08:00:00,44.73622140091571
2012-01-22 09:00:00,75.90699430358562
2012-01-22 10:00:00,119.08714561108803
2012-01-22 11:00:00,95.17798083713933
2012-01-22 12:00:00,179.22640576489846
2012-01-22 13:00:00,198.75542187539975
2012-01-22 14:00:00,181.50921427799028
2012-01-22 15:00:00,173.71103086095377
2012-01-22 16:00:00,162.78706264053795
2012-01-22 17:00:00,142.61163502098074
2012-01-22 18:00:00,80.97756402744673
2012-01-22 19:00:00,69.65973121002816
2012-01-22 20:00:00,54.049052008869985
2012-01-22 21:00:00,46.31574745209237
2012-01-22 22:00:00,46.48506874993391
2012-01-22 23:00:00,32.09085741840508
2012-01-23 00:00:00,14.760714347235002
2012-01-23 01:00:00,5.901116546844456
2012-01-23 02:00:00,3.469264670643964
2012-01-23 03:00:00,2.043694003131172
2012-01-23 04:00:00,2.4255638210720507
2012-01-23 05:00:00,16.01408084210915
2012-01-23 06:00:00,72.38316750415387
2012-01-23 07:00:00,145.7174214836954
2012-01-23 08:00:00,253.07702974273664
2012-01-23 09:00:00,199.9367871473525
2012-01-23 10:00:00,80.3795136415464
2012-01-23 11:00:00,80.39223047732422
2012-01-23 12:00:00,101.37624220777697
2012-01-23 13:00:00,61.70844492739082
2012-01-23 14:00:00,53.95270980502122
2012-01-23 15:00:00,88.12423582741073
2012-01-23 16:00:00,156.25186001602577
2012-01-23 17:00:00,302.74845309680853
2012-01-23 18:00:00,295.18365956518164
2012-01-23 19:00:00,207.34764029620396
2012-01-23 20:00:00,157.00458915204572
2012-01-23 21:00:00,90.04717615210677
2012-01-23 22:00:00,66.76418080262665
2012-01-23 23:00:00,33.80136126969508
2012-01-24 00:00:00,13.431502727437472
2012-01-24 01:00:00,5.1491935355636835
2012-01-24 02:00:00,3.2317976519267244
2012-01-24 03:00:00,1.9525365422777854
2012-01-24 04:00:00,2.2748466146258575
2012-01-24 05:00:00,17.716123767317743
2012-01-24 06:00:00,76.18129437220836
2012-01-24 07:00:00,267.0826869579813
2012-01-24 08:00:00,467.47777608030447
2012-01-24 09:00:00,219.42857468136262
2012-01-24 10:00:00,103.05177812497037
2012-01-24 11:00:00,112.94813910554747
2012-01-24 12:00:00,129.143123846769
2012-01-24 13:00:00,120.94925868114787
2012-01-24 14:00:00,118.12229724173143
2012-01-24 15:00:00,143.02468822264444
2012-01-24 16:00:00,242.30053056840578
2012-01-24 17:00:00,502.22908023595335
2012-01-24 18:00:00,474.91767685778564
2012-01-24 19:00:00,360.53494764360505
2012-01-24 20:00:00,187.83073514740988
2012-01-24 21:00:00,145.71052588917095
2012-01-24 22:00:00,96.20998986328169
2012-01-24 23:00:00,54.40869091920031
2012-01-25 00:00:00,15.453523625377333
2012-01-25 01:00:00,7.708932978147047
2012-01-25 02:00:00,3.9548943120691904
2012-01-25 03:00:00,2.4120068714825007
2012-01-25 04:00:00,1.973891446939722
2012-01-25 05:00:00,16.866864156386704
2012-01-25 06:00:00,84.05991084881359
2012-01-25 07:00:00,265.0641636615032
2012-01-25 08:00:00,460.1090498504083
2012-01-25 09:00:00,218.93801890875648
2012-01-25 10:00:00,97.04759492547036
2012-01-25 11:00:00,109.83431239205702
2012-01-25 12:00:00,147.68079004752428
2012-01-25 13:00:00,141.6078944425027
2012-01-25 14:00:00,129.7820173412974
2012-01-25 15:00:00,150.10273392541228
2012-01-25 16:00:00,216.2454125232143
2012-01-25 17:00:00,421.7232241446748
2012-01-25 18:00:00,393.0378049050533
2012-01-25 19:00:00,269.26677123129645
2012-01-25 20:00:00,187.83647956164054
2012-01-25 21:00:00,130.19431525616417
2012-01-25 22:00:00,98.21210058775068
2012-01-25 23:00:00,53.129279392410396
2012-01-26 00:00:00,21.279091183658306
2012-01-26 01:00:00,7.722227993926243
2012-01-26 02:00:00,4.489237045929357
2012-01-26 03:00:00,2.291609241630372
2012-01-26 04:00:00,2.6182669394454825
2012-01-26 05:00:00,20.164564408812133
2012-01-26 06:00:00,84.88895515420643
2012-01-26 07:00:00,276.1677128089872
2012-01-26 08:00:00,479.04848070850994
2012-01-26 09:00:00,226.4498031913296
2012-01-26 10:00:00,102.84271713039843
2012-01-26 11:00:00,106.63182910950316
2012-01-26 12:00:00,135.41645949439618
2012-01-26 13:00:00,144.56119033092904
2012-01-26 14:00:00,136.76170243821238
2012-01-26 15:00:00,153.07935899088753
2012-01-26 16:00:00,228.65775072981467
2012-01-26 17:00:00,475.7837421980227
2012-01-26 18:00:00,471.2303534667881
2012-01-26 19:00:00,301.2163564119026
2012-01-26 20:00:00,206.80259687525228
2012-01-26 21:00:00,151.98310592393165
2012-01-26 22:00:00,124.88361941516166
2012-01-26 23:00:00,69.33537843627687
2012-01-27 00:00:00,38.85196388088231
2012-01-27 01:00:00,19.44624666228578
2012-01-27 02:00:00,9.701647990707492
2012-01-27 03:00:00,3.3889853752498245
2012-01-27 04:00:00,2.4360731994602403
2012-01-27 05:00:00,17.902932970044642
2012-01-27 06:00:00,71.76358767076344
2012-01-27 07:00:00,204.04606936157847
2012-01-27 08:00:00,246.06838098992398
2012-01-27 09:00:00,120.38935387157512
2012-01-27 10:00:00,77.4744139606191
2012-01-27 11:00:00,182.48095259235456
2012-01-27 12:00:00,240.9928758149304
2012-01-27 13:00:00,267.9735291082756
2012-01-27 14:00:00,240.82105900875646
2012-01-27 15:00:00,254.53774876284663
2012-01-27 16:00:00,295.1250805217968
2012-01-27 17:00:00,457.1007569681964
2012-01-27 18:00:00,396.93709500615074
2012-01-27 19:00:00,244.1535199351673
2012-01-27 20:00:00,155.70572108951683
2012-01-27 21:00:00,115.2726151927503
2012-01-27 22:00:00,108.7929150075978
2012-01-27 23:00:00,81.31970332479429
2012-01-28 00:00:00,68.85397883774792
2012-01-28 01:00:00,52.89484709541654
2012-01-28 02:00:00,40.80524248237237
2012-01-28 03:00:00,19.46557506411164
2012-01-28 04:00:00,4.776605298213176
2012-01-28 05:00:00,4.4759531869919655
2012-01-28 06:00:00,8.346830034534904
2012-01-28 07:00:00,25.958501232981043
2012-01-28 08:00:00,75.63320148650729
2012-01-28 09:00:00,115.31436470338369
2012-01-28 10:00:00,191.2020869214515
2012-01-28 11:00:00,244.2862330878525
2012-01-28 12:00:00,269.07687185864955
2012-01-28 13:00:00,321.82028673418006
2012-01-28 14:00:00,328.4761065768864
2012-01-28 15:00:00,349.93166991836875
2012-01-28 16:00:00,361.6799889499039
2012-01-28 17:00:00,308.8416429809133
2012-01-28 18:00:00,257.07742387760425
2012-01-28 19:00:00,182.9853881859375
2012-01-28 20:00:00,151.06173981777422
2012-01-28 21:00:00,111.83644398658777
2012-01-28 22:00:00,96.87550901263754
2012-01-28 23:00:00,70.90791435448045
2012-01-29 00:00:00,68.32607503512702
2012-01-29 01:00:00,51.063928383591175
2012-01-29 02:00:00,39.36004204697497
2012-01-29 03:00:00,18.94657713764677
2012-01-29 04:00:00,4.887372970496249
2012-01-29 05:00:00,4.425157465712601
2012-01-29 06:00:00,6.340557976025985
2012-01-29 07:00:00,18.8616333218187
2012-01-29 08:00:00,49.35226245094783
2012-01-29 09:00:00,84.50741858284417
2012-01-29 10:00:00,163.78059622131275
2012-01-29 11:00:00,203.7867459203651
2012-01-29 12:00:00,285.4544137841268
2012-01-29 13:00:00,294.3359326587356
2012-01-29 14:00:00,270.3008308829359
2012-01-29 15:00:00,291.96321114172264
2012-01-29 16:00:00,268.2987273617525
2012-01-29 17:00:00,228.1778579892803
2012-01-29 18:00:00,173.72396167123887
2012-01-29 19:00:00,129.9320876452252
2012-01-29 20:00:00,89.2613938130022
2012-01-29 21:00:00,70.14456594998714
2012-01-29 22:00:00,60.158377633798935
2012-01-29 23:00:00,36.86992548102393
2012-01-30 00:00:00,14.799754741942898
2012-01-30 01:00:00,4.728784353702921
2012-01-30 02:00:00,3.080877191773186
2012-01-30 03:00:00,2.017560197637927
2012-01-30 04:00:00,2.3538051317787856
2012-01-30 05:00:00,16.01879487911103
2012-01-30 06:00:00,74.99583793919668
2012-01-30 07:00:00,243.76474554686152
2012-01-30 08:00:00,420.98929448076524
2012-01-30 09:00:00,194.71695515709473
2012-01-30 10:00:00,90.08602458241374
2012-01-30 11:00:00,109.59880216937894
2012-01-30 12:00:00,128.7234642770382
2012-01-30 13:00:00,131.3542299549716
2012-01-30 14:00:00,127.25210103511641
2012-01-30 15:00:00,133.4140186704499
2012-01-30 16:00:00,213.0758331898277
2012-01-30 17:00:00,418.57213639141776
2012-01-30 18:00:00,405.3038933194079
2012-01-30 19:00:00,250.61364652772494
2012-01-30 20:00:00,181.62325008410403
2012-01-30 21:00:00,123.87335637081195
2012-01-30 22:00:00,81.41485924813836
2012-01-30 23:00:00,45.29627755572308
2012-01-31 00:00:00,17.705832342969344
2012-01-31 01:00:00,6.026892753834722
2012-01-31 02:00:00,3.7548501504821474
2012-01-31 03:00:00,2.0756829418289806
2012-01-31 04:00:00,2.245904501859604
2012-01-31 05:00:00,17.469548467627718
2012-01-31 06:00:00,86.79948209539396
2012-01-31 07:00:00,266.5619099293428
2012-01-31 08:00:00,478.07914227000913
2012-01-31 09:00:00,223.7518549389425
2012-01-31 10:00:00,107.47524446394783
2012-01-31 11:00:00,135.39329557774184
2012-01-31 12:00:00,168.0706420211656
2012-01-31 13:00:00,189.29298998275988
2012-01-31 14:00:00,186.3329607854114
2012-01-31 15:00:00,219.29681745592177
2012-01-31 16:00:00,309.5459214117756
2012-01-31 17:00:00,583.7997550084693
2012-01-31 18:00:00,569.6721818561023
2012-01-31 19:00:00,396.1631533386445
2012-01-31 20:00:00,226.174094206424
2012-01-31 21:00:00,181.4171152702242
2012-01-31 22:00:00,114.6925763351753
2012-01-31 23:00:00,62.590834021149924
2012-02-20 00:00:00,38.282933774572335
2012-02-20 01:00:00,22.703922188605944
2012-02-20 02:00:00,17.167850119223214
2012-02-20 03:00:00,7.181923590330406
2012-02-20 05:00:00,4.13567681630591
2012-02-20 06:00:00,9.619939252876451
2012-02-20 07:00:00,21.461712649414885
2012-02-20 08:00:00,71.36991661220893
2012-02-20 09:00:00,93.39636518794603
2012-02-20 10:00:00,144.31544344404796
2012-02-20 11:00:00,171.23252024793803
2012-02-20 12:00:00,199.33525139771655
2012-02-20 13:00:00,203.17354513065573
2012-02-20 14:00:00,203.9109483854874
2012-02-20 15:00:00,216.15414573923837
2012-02-20 16:00:00,233.49224987407825
2012-02-20 17:00:00,241.08579656423706
2012-02-20 18:00:00,193.75917574036578
2012-02-20 19:00:00,160.02616195574387
2012-02-20 20:00:00,113.5696307412359
2012-02-20 21:00:00,79.04522924687573
2012-02-20 22:00:00,67.1734414162933
2012-02-20 23:00:00,43.36177655045755
2012-02-21 00:00:00,17.288376485743843
2012-02-21 01:00:00,6.0435810014370945
2012-02-21 02:00:00,3.223373304826214
2012-02-21 04:00:00,2.276494583151035
2012-02-21 05:00:00,16.80005223388938
2012-02-21 06:00:00,77.54932767255247
2012-02-21 07:00:00,258.92441773120487
2012-02-21 08:00:00,452.9134900354995
2012-02-21 09:00:00,210.56485467380628
2012-02-21 10:00:00,101.49631590574766
2012-02-21 11:00:00,99.40052676897008
2012-02-21 12:00:00,131.02123980633422
2012-02-21 13:00:00,135.6519731815074
2012-02-21 14:00:00,113.32921924364669
2012-02-21 15:00:00,133.41257205754437
2012-02-21 16:00:00,211.83170886535413
2012-02-21 17:00:00,434.71895637590603
2012-02-21 18:00:00,425.4502848116248
2012-02-21 19:00:00,269.2785563492578
2012-02-21 20:00:00,191.31882061567495
2012-02-21 21:00:00,137.50532313418034
2012-02-21 22:00:00,90.77670394543304
2012-02-21 23:00:00,51.743633321414826
2012-02-22 00:00:00,20.71566755529424
2012-02-22 01:00:00,8.356632214565703
2012-02-22 02:00:00,3.9000151317137677
2012-02-22 03:00:00,2.1995907892414617
2012-02-22 04:00:00,2.3918244391412227
2012-02-22 05:00:00,21.082806535413685
2012-02-22 06:00:00,92.74458652402387
2012-02-22 07:00:00,290.1208513574962
2012-02-22 08:00:00,493.12948410554196
2012-02-22 09:00:00,230.46456398192026
2012-02-22 10:00:00,117.12600948334139
2012-02-22 11:00:00,134.20381051620805
2012-02-22 12:00:00,166.5412424750664
2012-02-22 13:00:00,165.30047013054508
2012-02-22 14:00:00,151.8633147548975
2012-02-22 15:00:00,213.59866124931887
2012-02-22 16:00:00,303.56978120837397
2012-02-22 17:00:00,576.6041598282062
2012-02-22 18:00:00,503.7320795794436
2012-02-22 19:00:00,328.9073028372551
2012-02-22 20:00:00,225.20764853530147
2012-02-22 21:00:00,193.0457429761147
2012-02-22 22:00:00,114.8604709042525
2012-02-22 23:00:00,68.82469075663246
2012-02-23 00:00:00,26.66237901837188
2012-02-23 01:00:00,9.84868687773487
2012-02-23 02:00:00,5.892898966174627
2012-02-23 03:00:00,2.1918746041479538
2012-02-23 04:00:00,2.6996606925963373
2012-02-23 05:00:00,23.23606791363173
2012-02-23 06:00:00,95.1322622182991
2012-02-23 07:00:00,286.99253585779934
2012-02-23 08:00:00,477.6469188578281
2012-02-23 09:00:00,230.19761105893522
2012-02-23 10:00:00,141.3553026066007
2012-02-23 11:00:00,183.4908186422439
2012-02-23 12:00:00,235.94578684509565
2012-02-23 13:00:00,230.59010943022247
2012-02-23 14:00:00,208.79318924097637
2012-02-23 15:00:00,238.83959155689865
2012-02-23 16:00:00,345.4412518687086
2012-02-23 17:00:00,612.8180054282507
2012-02-23 18:00:00,609.8500905593921
2012-02-23 19:00:00,431.78749626244223
2012-02-23 20:00:00,264.93616718839934
2012-02-23 21:00:00,177.03742147246027
2012-02-23 22:00:00,133.63280871614708
2012-02-23 23:00:00,87.93667949159787
2012-02-24 00:00:00,46.94016466960271
2012-02-24 01:00:00,25.729000186918903
2012-02-24 02:00:00,6.371319106791708
2012-02-24 03:00:00,5.036533556217448
2012-02-24 04:00:00,3.300364257739753
2012-02-24 05:00:00,19.82408801721185
2012-02-24 06:00:00,84.5219098327697
2012-02-24 07:00:00,249.85068763673098
2012-02-24 08:00:00,449.3334091113979
2012-02-24 09:00:00,111.56231463645801
2012-02-24 10:00:00,73.69626373544247
2012-02-24 11:00:00,146.45559715576331
2012-02-24 12:00:00,205.45665180110828
2012-02-24 13:00:00,211.22015215581104
2012-02-24 14:00:00,213.64285453951624
2012-02-24 15:00:00,86.54592845605013
2012-02-24 16:00:00,114.06272869142191
2012-02-24 17:00:00,268.14092245969033
2012-02-24 18:00:00,383.27608670873104
2012-02-24 19:00:00,276.4634029276805
2012-02-24 20:00:00,195.74271630258173
2012-02-24 21:00:00,138.73096453867916
2012-02-24 22:00:00,121.28775134046845
2012-02-24 23:00:00,90.85723933680609
2012-02-25 00:00:00,74.69370520255607
2012-02-25 01:00:00,51.47825639150861
2012-02-25 02:00:00,40.654199284586674
2012-02-25 03:00:00,17.40538068958723
2012-02-25 04:00:00,4.650839700871973
2012-02-25 05:00:00,4.404524890067498
2012-02-25 06:00:00,9.713407295699705
2012-02-25 07:00:00,29.73564857501168
2012-02-25 08:00:00,85.63388600323569
2012-02-25 09:00:00,66.49598706572696
2012-02-25 10:00:00,188.56001398568608
2012-02-25 11:00:00,221.7554818721471
2012-02-25 12:00:00,286.3774393914973
2012-02-25 13:00:00,308.1841687380716
2012-02-25 14:00:00,280.71938055603005
2012-02-25 15:00:00,286.99521131845944
2012-02-25 16:00:00,254.0545638979321
2012-02-25 17:00:00,220.52450833214473
2012-02-25 18:00:00,173.62227569348863
2012-02-25 19:00:00,142.16160985098432
2012-02-25 20:00:00,96.5991417940955
2012-02-25 21:00:00,85.55655601842517
2012-02-25 22:00:00,75.14451908698422
2012-02-25 23:00:00,57.84989613693041
2012-02-26 00:00:00,62.15167308114465
2012-02-26 01:00:00,51.551754875828394
2012-02-26 02:00:00,42.21582293313173
2012-02-26 03:00:00,21.34870600509923
2012-02-26 04:00:00,4.995471962376863
2012-02-26 05:00:00,4.304351295935382
2012-02-26 06:00:00,5.4985446381158365
2012-02-26 07:00:00,15.977660263029277
2012-02-26 08:00:00,46.406328304447385
2012-02-26 09:00:00,87.87187253116956
2012-02-26 10:00:00,166.47279858933734
2012-02-26 11:00:00,205.58874060108906
2012-02-26 12:00:00,272.1954062960202
2012-02-26 13:00:00,313.5920662075368
2012-02-26 14:00:00,314.351165907563
2012-02-26 15:00:00,320.62944796150487
2012-02-26 16:00:00,280.57381278484604
2012-02-26 17:00:00,238.18019284519505
2012-02-26 18:00:00,179.57277575402657
2012-02-26 19:00:00,144.58953543731351
2012-02-26 20:00:00,98.81017784961797
2012-02-26 21:00:00,73.74969609757927
2012-02-26 22:00:00,61.280052536664506
2012-02-26 23:00:00,38.90032265767637
2012-02-27 00:00:00,15.379395522477788
2012-02-27 01:00:00,5.469771241708887
2012-02-27 02:00:00,2.9204729796949316
2012-02-27 03:00:00,2.4557974106733678
2012-02-27 04:00:00,2.596365990665748
2012-02-27 05:00:00,16.92447413017369
2012-02-27 06:00:00,78.79703591459707
2012-02-27 07:00:00,254.31172037542564
2012-02-27 08:00:00,462.89244251815796
2012-02-27 09:00:00,214.15793268657646
2012-02-27 10:00:00,107.26505020927443
2012-02-27 11:00:00,126.59368106898899
2012-02-27 12:00:00,167.0184619690795
2012-02-27 13:00:00,156.14134132649332
2012-02-27 14:00:00,162.06967848575394
2012-02-27 15:00:00,213.52359367897168
2012-02-27 16:00:00,306.6381340511016
2012-02-27 17:00:00,567.2309455326786
2012-02-27 18:00:00,557.8962028136609
2012-02-27 19:00:00,392.3870487290168
2012-02-27 20:00:00,249.23480056439703
2012-02-27 21:00:00,177.1546924705985
2012-02-27 22:00:00,111.28171226511944
2012-02-27 23:00:00,60.54057307090793
2012-02-28 00:00:00,26.30207015828478
2012-02-28 01:00:00,9.222617144686346
2012-02-28 02:00:00,4.939180484402995
2012-02-28 03:00:00,1.7862266531402742
2012-02-28 04:00:00,2.277976913869075
2012-02-28 05:00:00,16.356679438620322
2012-02-28 06:00:00,83.94988845604739
2012-02-28 07:00:00,265.6366624467007
2012-02-28 08:00:00,452.72509647453154
2012-02-28 09:00:00,216.46195004456348
2012-02-28 10:00:00,105.33986747477954
2012-02-28 11:00:00,122.96038935909135
2012-02-28 12:00:00,162.1669024614197
2012-02-28 13:00:00,152.90439301706903
2012-02-28 14:00:00,147.78416194432882
2012-02-28 15:00:00,170.04160543180652
2012-02-28 16:00:00,255.94619418701353
2012-02-28 17:00:00,519.6126809657984
2012-02-28 18:00:00,502.4055472532609
2012-02-28 19:00:00,347.5858002838076
2012-02-28 20:00:00,224.62030083744366
2012-02-28 21:00:00,137.1690901844437
2012-02-28 22:00:00,99.08923626028994
2012-02-28 23:00:00,51.82594459159008
2012-02-29 00:00:00,22.45214045732888
2012-02-29 01:00:00,7.912373991300928
2012-02-29 02:00:00,4.182020772780356
2012-02-29 03:00:00,2.2755052073621482
2012-02-29 05:00:00,19.561815794879447
2012-02-29 06:00:00,83.40048834889976
2012-02-29 07:00:00,270.5547512662283
2012-02-29 08:00:00,475.41877747821826
2012-02-29 09:00:00,111.08510260258885
2012-02-29 10:00:00,61.18894570298746
2012-02-29 11:00:00,57.47695816668271
2012-02-29 12:00:00,46.945213412263115
2012-02-29 13:00:00,96.08851952186863
2012-02-29 14:00:00,89.57633633780443
2012-02-29 15:00:00,116.97968255926624
2012-02-29 16:00:00,87.09825810051085
2012-02-29 17:00:00,402.0799686376158
2012-02-29 18:00:00,259.724864223757
2012-02-29 19:00:00,282.99549521165443
2012-02-29 20:00:00,101.58280330618332
2012-02-29 21:00:00,76.68904932009471
2012-02-29 22:00:00,52.8466010047675
2012-02-29 23:00:00,32.834949300538554
2012-03-20 00:00:00,25.85786172180285
2012-03-20 01:00:00,14.556966600188462
2012-03-20 02:00:00,6.043700494761907
2012-03-20 03:00:00,3.1708970693201994
2012-03-20 04:00:00,3.45125610182717
2012-03-20 05:00:00,21.963646265968453
2012-03-20 06:00:00,106.67651533828175
2012-03-20 07:00:00,122.53822965768532
2012-03-20 08:00:00,570.6917629329125
2012-03-20 09:00:00,279.13319812165423
2012-03-20 10:00:00,152.9632434261797
2012-03-20 11:00:00,179.29392807842564
2012-03-20 12:00:00,224.51988676851437
2012-03-20 13:00:00,215.6737073020542
2012-03-20 14:00:00,188.80782437080745
2012-03-20 15:00:00,218.03475663879746
2012-03-20 16:00:00,339.5462199013195
2012-03-20 17:00:00,625.6602577173009
2012-03-20 18:00:00,614.8687842265313
2012-03-20 19:00:00,463.11363345752045
2012-03-20 20:00:00,321.38258707304726
2012-03-20 21:00:00,243.28457326323922
2012-03-20 22:00:00,166.7580473023348
2012-03-20 23:00:00,85.09883760061291
2012-03-21 00:00:00,44.74584790293166
2012-03-21 01:00:00,18.48805489846719
2012-03-21 02:00:00,7.92836329687593
2012-03-21 03:00:00,4.256383967130217
2012-03-21 04:00:00,4.938723811751504
2012-03-21 05:00:00,31.003667991168786
2012-03-21 06:00:00,115.63966205307682
2012-03-21 07:00:00,159.4749539545451
2012-03-21 08:00:00,373.10690756838164
2012-03-21 09:00:00,308.6200918346775
2012-03-21 10:00:00,164.33050879168823
2012-03-21 11:00:00,172.49473577849358
2012-03-21 12:00:00,240.25868290961864
2012-03-21 13:00:00,193.93645610425787
2012-03-21 14:00:00,203.31349638013597
2012-03-21 15:00:00,226.1643046014079
2012-03-21 16:00:00,406.7727062537015
2012-03-21 17:00:00,738.7723131945058
2012-03-21 18:00:00,741.6444066314612
2012-03-21 19:00:00,555.9353219890223
2012-03-21 20:00:00,369.1427324676873
2012-03-21 21:00:00,253.43233740807838
2012-03-21 22:00:00,196.38477978601534
2012-03-21 23:00:00,123.37661061730013
2012-03-22 00:00:00,53.3085369302979
2012-03-22 01:00:00,21.01296411182188
2012-03-22 02:00:00,10.580847108074542
2012-03-22 03:00:00,6.477867805156733
2012-03-22 04:00:00,5.756001451837481
2012-03-22 05:00:00,28.46105382603383
2012-03-22 06:00:00,133.1670428820716
2012-03-22 07:00:00,382.27515192812234
2012-03-22 08:00:00,644.9281931574237
2012-03-22 09:00:00,296.90108522781793
2012-03-22 10:00:00,146.02906531472794
2012-03-22 11:00:00,151.13427341604287
2012-03-22 12:00:00,192.89963412747943
2012-03-22 13:00:00,265.68712285083274
2012-03-22 14:00:00,251.2615834849893
2012-03-22 15:00:00,283.17562050918593
2012-03-22 16:00:00,426.59301279481167
2012-03-22 17:00:00,776.9822758173241
2012-03-22 18:00:00,778.6902827224753
2012-03-22 19:00:00,574.1375769255562
2012-03-22 20:00:00,397.29284469669904
2012-03-22 21:00:00,289.9213336666228
2012-03-22 22:00:00,208.76779813218639
2012-03-22 23:00:00,136.13717510522608
2012-03-23 00:00:00,78.89406130225444
2012-03-23 01:00:00,35.898403917127155
2012-03-23 02:00:00,16.136850154683557
2012-03-23 03:00:00,8.452735425547425
2012-03-23 04:00:00,6.563199029125634
2012-03-23 05:00:00,28.50962141467234
2012-03-23 06:00:00,124.76543200962367
2012-03-23 07:00:00,330.49142265005133
2012-03-23 08:00:00,606.5449618704099
2012-03-23 09:00:00,329.39637360207576
2012-03-23 10:00:00,177.2906189260851
2012-03-23 11:00:00,265.9272259286941
2012-03-23 12:00:00,346.6736459351317
2012-03-23 13:00:00,363.42437473696407
2012-03-23 14:00:00,339.6134012862127
2012-03-23 15:00:00,373.18456794639263
2012-03-23 16:00:00,520.2828783638482
2012-03-23 17:00:00,774.6780558337189
2012-03-23 18:00:00,704.6353619377178
2012-03-23 19:00:00,520.4230036791234
2012-03-23 20:00:00,367.9594030191028
2012-03-23 21:00:00,296.1828835721092
2012-03-23 22:00:00,244.1162461824705
2012-03-23 23:00:00,192.9734170180705
2012-03-24 00:00:00,152.61078272809812
2012-03-24 01:00:00,107.67484774555969
2012-03-24 02:00:00,79.32677430470214
2012-03-24 03:00:00,35.798886009960164
2012-03-24 04:00:00,12.111110276809253
2012-03-24 05:00:00,11.984550183088427
2012-03-24 06:00:00,29.895352548072935
2012-03-24 07:00:00,63.92591721404746
2012-03-24 08:00:00,150.62564434676773
2012-03-24 09:00:00,239.39433722191652
2012-03-24 10:00:00,319.8912725880328
2012-03-24 11:00:00,344.90976884140844
2012-03-24 12:00:00,219.83290047163388
2012-03-24 13:00:00,210.38985523271378
2012-03-24 14:00:00,167.75227078439963
2012-03-24 15:00:00,134.5732773495826
2012-03-24 16:00:00,144.79357157065857
2012-03-24 17:00:00,162.57388650937745
2012-03-24 18:00:00,124.07985014200828
2012-03-24 19:00:00,142.7403039204366
2012-03-24 20:00:00,87.75339296261208
2012-03-24 21:00:00,74.63285990196773
2012-03-24 22:00:00,63.88036590162401
2012-03-24 23:00:00,89.55352304135673
2012-03-25 00:00:00,75.0185644151715
2012-03-25 01:00:00,65.53112076568516
2012-03-25 02:00:00,34.607847239474225
2012-03-25 03:00:00,15.988457106761025
2012-03-25 04:00:00,8.324888909017844
2012-03-25 05:00:00,8.51858112638843
2012-03-25 06:00:00,13.425005165262231
2012-03-25 07:00:00,30.411261438988415
2012-03-25 08:00:00,78.12213510221872
2012-03-25 09:00:00,127.64873065896867
2012-03-25 10:00:00,205.02742707444648
2012-03-25 11:00:00,248.22195662466453
2012-03-25 12:00:00,298.6308092175831
2012-03-25 13:00:00,392.79692017130947
2012-03-25 14:00:00,377.2411195603976
2012-03-25 15:00:00,346.67034302502395
2012-03-25 16:00:00,448.83223737086274
2012-03-25 17:00:00,438.7670879088191
2012-03-25 18:00:00,351.6329821618473
2012-03-25 19:00:00,286.36347611507847
2012-03-25 20:00:00,204.64623791022441
2012-03-25 21:00:00,167.8526441642522
2012-03-25 22:00:00,125.73097063373102
2012-03-25 23:00:00,89.45881469988115
2012-03-26 00:00:00,34.09448348335653
2012-03-26 01:00:00,15.079613155059544
2012-03-26 02:00:00,7.455697013434888
2012-03-26 03:00:00,4.749597615646573
2012-03-26 04:00:00,5.749829882429112
2012-03-26 05:00:00,31.97186352835002
2012-03-26 06:00:00,133.36620543747944
2012-03-26 07:00:00,425.08271581487725
2012-03-26 08:00:00,662.6534626268813
2012-03-26 09:00:00,319.24988786915003
2012-03-26 10:00:00,175.57490327592956
2012-03-26 11:00:00,194.5496851738387
2012-03-26 12:00:00,257.98100206138935
2012-03-26 13:00:00,237.65312286480346
2012-03-26 14:00:00,215.08476681869124
2012-03-26 15:00:00,236.01937491721176
2012-03-26 16:00:00,340.1719817926459
2012-03-26 17:00:00,632.2563578494123
2012-03-26 18:00:00,597.4560980877831
2012-03-26 19:00:00,406.8961181444323
2012-03-26 20:00:00,264.1133201110462
2012-03-26 21:00:00,180.479591486627
2012-03-26 22:00:00,116.58792193413743
2012-03-26 23:00:00,54.5553356010719
2012-03-27 00:00:00,22.913806667063167
2012-03-27 01:00:00,8.384748188593962
2012-03-27 02:00:00,3.134262913287208
2012-03-27 03:00:00,2.138539095485607
2012-03-27 04:00:00,2.5644045202820434
2012-03-27 05:00:00,20.085067265335198
2012-03-27 06:00:00,103.23664766904753
2012-03-27 07:00:00,331.8756079099545
2012-03-27 08:00:00,571.6127085090073
2012-03-27 09:00:00,271.87966797887816
2012-03-27 10:00:00,131.7187893619691
2012-03-27 11:00:00,149.6124063479428
2012-03-27 12:00:00,193.0535558356678
2012-03-27 13:00:00,207.0908794359559
2012-03-27 14:00:00,195.43028020382783
2012-03-27 15:00:00,225.5232981913878
2012-03-27 16:00:00,344.28923788216974
2012-03-27 17:00:00,657.1706139605154
2012-03-27 18:00:00,633.1900804130681
2012-03-27 19:00:00,445.406821479818
2012-03-27 20:00:00,309.11906791222754
2012-03-27 21:00:00,189.84499112272852
2012-03-27 22:00:00,135.93872836878674
2012-03-27 23:00:00,74.31628131827401
2012-03-28 00:00:00,31.59799017955364
2012-03-28 01:00:00,11.13697731077806
2012-03-28 02:00:00,4.982863818879055
2012-03-28 03:00:00,3.0709129176936045
2012-03-28 04:00:00,3.064515853247347
2012-03-28 05:00:00,26.084419364460754
2012-03-28 06:00:00,123.5590806450494
2012-03-28 07:00:00,376.38087429011466
2012-03-28 08:00:00,638.5134671529231
2012-03-28 09:00:00,314.7743947519563
2012-03-28 10:00:00,179.22940026088935
2012-03-28 11:00:00,217.0167108854664
2012-03-28 12:00:00,272.74422970828545
2012-03-28 13:00:00,277.0540163524637
2012-03-28 14:00:00,255.47676693670994
2012-03-28 15:00:00,271.60421962481246
2012-03-28 16:00:00,272.6927123092086
2012-03-28 17:00:00,763.042898196398
2012-03-28 18:00:00,763.289931202429
2012-03-28 19:00:00,560.8553547655754
2012-03-28 20:00:00,403.078945110229
2012-03-28 21:00:00,298.24914777278815
2012-03-28 22:00:00,215.87368387290354
2012-03-28 23:00:00,124.9443321211872
2012-03-29 00:00:00,50.9668356732352
2012-03-29 01:00:00,21.248366000947687
2012-03-29 02:00:00,8.642226514521216
2012-03-29 03:00:00,4.484764014727048
2012-03-29 04:00:00,5.713431913599788
2012-03-29 05:00:00,35.41697067954859
2012-03-29 06:00:00,153.18892017790583
2012-03-29 07:00:00,433.5318999936474
2012-03-29 08:00:00,684.6986575554647
2012-03-29 09:00:00,349.57997241926057
2012-03-29 10:00:00,182.24960129388427
2012-03-29 11:00:00,223.41919960692087
2012-03-29 12:00:00,276.85877763044823
2012-03-29 13:00:00,239.94635363190883
2012-03-29 14:00:00,233.12527486289346
2012-03-29 15:00:00,270.7533364414603
2012-03-29 16:00:00,394.4810416082435
2012-03-29 17:00:00,711.5906937135153
2012-03-29 18:00:00,681.9227170056674
2012-03-29 19:00:00,476.37947153989353
2012-03-29 20:00:00,321.74329431103394
2012-03-29 21:00:00,221.05632880932575
2012-03-29 22:00:00,159.53267055003636
2012-03-29 23:00:00,98.87293195540877
2012-03-30 00:00:00,55.015596022429655
2012-03-30 01:00:00,27.415101616908323
2012-03-30 02:00:00,11.958174252999004
2012-03-30 03:00:00,6.109414679847685
2012-03-30 04:00:00,5.194181111823005
2012-03-30 05:00:00,25.565858513207505
2012-03-30 06:00:00,105.05119471655735
2012-03-30 07:00:00,314.1054870327504
2012-03-30 08:00:00,590.9017319908603
2012-03-30 09:00:00,334.7297910514943
2012-03-30 10:00:00,178.77578428881293
2012-03-30 11:00:00,204.85491290912583
2012-03-30 12:00:00,274.7900064746154
2012-03-30 13:00:00,174.54419594495374
2012-03-30 14:00:00,155.2528392459355
2012-03-30 15:00:00,171.2267387971249
2012-03-30 16:00:00,208.408582247384
2012-03-30 17:00:00,562.8860467027303
2012-03-30 18:00:00,551.432582943317
2012-03-30 19:00:00,374.99201535705447
2012-03-30 20:00:00,254.26692137202485
2012-03-30 21:00:00,195.4752907457254
2012-03-30 22:00:00,164.71574111120688
2012-03-30 23:00:00,134.102849428559
2012-03-31 00:00:00,110.2763126678202
2012-03-31 01:00:00,73.97687642121895
2012-03-31 02:00:00,55.09489553301799
2012-03-31 03:00:00,27.13439125911631
2012-03-31 04:00:00,8.952046128877079
2012-03-31 05:00:00,9.940989595762897
2012-03-31 06:00:00,22.21095973806816
2012-03-31 07:00:00,52.623217651629574
2012-03-31 08:00:00,125.23653490320282
2012-03-31 09:00:00,205.67054519914313
2012-03-31 10:00:00,320.6098742086885
2012-03-31 11:00:00,457.77195384373266
2012-03-31 12:00:00,537.4627750355644
2012-03-31 13:00:00,588.1306822149116
2012-03-31 14:00:00,486.5481207902091
2012-03-31 15:00:00,500.7965013616376
2012-03-31 16:00:00,453.3909222904099
2012-03-31 17:00:00,461.1728736897047
2012-03-31 18:00:00,295.24142451228266
2012-03-31 19:00:00,285.75134551820065
2012-03-31 20:00:00,183.05086930061063
2012-03-31 21:00:00,151.9832217016253
2012-03-31 22:00:00,133.9599752945654
2012-03-31 23:00:00,92.6441507611114
2012-04-20 00:00:00,75.08512347404262
2012-04-20 01:00:00,35.357977455099736
2012-04-20 02:00:00,13.863100628595992
2012-04-20 03:00:00,7.843349792868224
2012-04-20 04:00:00,6.240859396542151
2012-04-20 05:00:00,29.498114352055968
2012-04-20 06:00:00,129.22900600348356
2012-04-20 07:00:00,353.77822268867243
2012-04-20 08:00:00,656.4449997197266
2012-04-20 09:00:00,372.8280620317296
2012-04-20 10:00:00,225.98849254741322
2012-04-20 11:00:00,291.8718142309971
2012-04-20 12:00:00,365.4359502797534
2012-04-20 13:00:00,380.10439168698167
2012-04-20 14:00:00,352.1624389992614
2012-04-20 15:00:00,384.3598330598885
2012-04-20 16:00:00,541.95528222591
2012-04-20 17:00:00,770.9912984702695
2012-04-20 18:00:00,674.1038621702069
2012-04-20 19:00:00,499.13065337052757
2012-04-20 20:00:00,344.5397510141672
2012-04-20 21:00:00,274.1142847150876
2012-04-20 22:00:00,230.37631164249984
2012-04-20 23:00:00,186.08771790035473
2012-04-21 00:00:00,147.04106324664912
2012-04-21 01:00:00,101.84115049419853
2012-04-21 02:00:00,78.4845725451112
2012-04-21 03:00:00,32.66566615057816
2012-04-21 04:00:00,10.672726343188447
2012-04-21 05:00:00,12.705657669576173
2012-04-21 06:00:00,32.28897237006707
2012-04-21 07:00:00,69.31339314455768
2012-04-21 08:00:00,184.359843525839
2012-04-21 09:00:00,296.64276193313765
2012-04-21 10:00:00,434.1932554971926
2012-04-21 11:00:00,529.6075993198929
2012-04-21 12:00:00,606.4650778390761
2012-04-21 13:00:00,622.2091411686549
2012-04-21 14:00:00,614.1026542671055
2012-04-21 15:00:00,622.7221836160694
2012-04-21 16:00:00,614.9414089607992
2012-04-21 17:00:00,571.5200577717438
2012-04-21 18:00:00,460.9220780529313
2012-04-21 19:00:00,205.64912712822604
2012-04-21 20:00:00,87.6990466705966
2012-04-21 21:00:00,79.96586039609028
2012-04-21 22:00:00,172.5074726182558
2012-04-21 23:00:00,106.80407416628057
2012-04-22 00:00:00,103.96918108366208
2012-04-22 01:00:00,80.69400697883466
2012-04-22 02:00:00,67.29677448874428
2012-04-22 03:00:00,33.36234296208694
2012-04-22 04:00:00,11.328116374536226
2012-04-22 05:00:00,10.216341629497894
2012-04-22 06:00:00,18.919188169294316
2012-04-22 07:00:00,31.50633890575192
2012-04-22 08:00:00,60.92335738954168
2012-04-22 09:00:00,89.62276802714709
2012-04-22 10:00:00,118.54511172921116
2012-04-22 11:00:00,142.45416947339945
2012-04-22 12:00:00,158.3386766595203
2012-04-22 13:00:00,178.33417478333237
2012-04-22 14:00:00,149.89237552480688
2012-04-22 15:00:00,148.04746528794993
2012-04-22 16:00:00,127.95785526670942
2012-04-22 17:00:00,97.14769936689143
2012-04-22 18:00:00,77.62671949130686
2012-04-22 19:00:00,62.986579206452745
2012-04-22 20:00:00,57.458805899546036
2012-04-22 21:00:00,54.10975263132407
2012-04-22 22:00:00,33.27991657082601
2012-04-22 23:00:00,37.68303402404968
2012-04-23 00:00:00,16.977110116933193
2012-04-23 01:00:00,6.5533239574409325
2012-04-23 02:00:00,3.765154906380491
2012-04-23 03:00:00,2.6810262090460375
2012-04-23 04:00:00,2.8182293242173273
2012-04-23 05:00:00,16.264776378854872
2012-04-23 06:00:00,92.00166537749877
2012-04-23 07:00:00,156.49754484552312
2012-04-23 08:00:00,537.1933048645609
2012-04-23 09:00:00,242.3985995361268
2012-04-23 10:00:00,124.46196391043175
2012-04-23 11:00:00,133.586602372042
2012-04-23 12:00:00,98.67084522670731
2012-04-23 13:00:00,96.50340263277974
2012-04-23 14:00:00,91.73837448445573
2012-04-23 15:00:00,171.10850734760464
2012-04-23 16:00:00,101.67360703453929
2012-04-23 17:00:00,215.64496463085817
2012-04-23 18:00:00,300.7790914037467
2012-04-23 19:00:00,323.49274148268097
2012-04-23 20:00:00,227.97337196584357
2012-04-23 21:00:00,133.08431478768276
2012-04-23 22:00:00,111.89084257440562
2012-04-23 23:00:00,65.16687702463848
2012-04-24 00:00:00,25.437840118473346
2012-04-24 01:00:00,10.416112232256129
2012-04-24 02:00:00,4.428588970213072
2012-04-24 03:00:00,2.9182754488097147
2012-04-24 04:00:00,2.868939764705205
2012-04-24 05:00:00,24.00907588556491
2012-04-24 06:00:00,109.97821953384607
2012-04-24 07:00:00,344.6376133116541
2012-04-24 08:00:00,599.8030966059393
2012-04-24 09:00:00,305.7587240075634
2012-04-24 10:00:00,161.4099545620483
2012-04-24 11:00:00,190.86162569056563
2012-04-24 12:00:00,264.8755554913276
2012-04-24 13:00:00,256.35690148684216
2012-04-24 14:00:00,221.24867767415847
2012-04-24 15:00:00,250.82808326354825
2012-04-24 16:00:00,375.80269707735334
2012-04-24 17:00:00,694.2492388543999
2012-04-24 18:00:00,705.7678665112842
2012-04-24 19:00:00,477.5349793321517
2012-04-24 20:00:00,316.52434793314893
2012-04-24 21:00:00,220.15484327324333
2012-04-24 22:00:00,155.02957709578288
2012-04-24 23:00:00,88.17916559005323
2012-04-25 00:00:00,40.7701590636574
2012-04-25 01:00:00,13.491180298396339
2012-04-25 02:00:00,5.44958558259362
2012-04-25 03:00:00,2.935790816328025
2012-04-25 04:00:00,3.0616757330278537
2012-04-25 05:00:00,27.00070862994026
2012-04-25 06:00:00,121.16698747618283
2012-04-25 07:00:00,385.3268763062199
2012-04-25 08:00:00,640.2233325656509
2012-04-25 09:00:00,325.2452034922346
2012-04-25 10:00:00,201.58097946355673
2012-04-25 11:00:00,229.28056889797142
2012-04-25 12:00:00,288.5999740870976
2012-04-25 13:00:00,281.24799656844976
2012-04-25 14:00:00,243.44610703673
2012-04-25 15:00:00,288.1631757359154
2012-04-25 16:00:00,415.47514878993843
2012-04-25 17:00:00,759.807149534897
2012-04-25 18:00:00,751.0847830145026
2012-04-25 19:00:00,554.2509192716278
2012-04-25 20:00:00,393.61805417051994
2012-04-25 21:00:00,280.788419852769
2012-04-25 22:00:00,194.28879775523185
2012-04-25 23:00:00,106.54234886596568
2012-04-26 00:00:00,44.68512153972316
2012-04-26 01:00:00,18.385877199334274
2012-04-26 02:00:00,9.247912084745932
2012-04-26 03:00:00,5.054462121457451
2012-04-26 04:00:00,6.00346449076198
2012-04-26 05:00:00,34.00551594871021
2012-04-26 06:00:00,142.85807185725884
2012-04-26 07:00:00,167.61457675368462
2012-04-26 08:00:00,410.3085980625971
2012-04-26 09:00:00,164.33072540886366
2012-04-26 10:00:00,143.72478716217603
2012-04-26 11:00:00,143.5650390129235
2012-04-26 12:00:00,215.8055601547812
2012-04-26 13:00:00,198.46015572277497
2012-04-26 14:00:00,209.32686012501676
2012-04-26 15:00:00,182.78346828290952
2012-04-26 16:00:00,278.51353836449357
2012-04-26 17:00:00,691.7612544794328
2012-04-26 18:00:00,635.9275884554303
2012-04-26 19:00:00,447.6707057301227
2012-04-26 20:00:00,368.68981972785036
2012-04-26 21:00:00,241.10231896991323
2012-04-26 22:00:00,205.80619087824496
2012-04-26 23:00:00,123.27641209228089
2012-04-27 00:00:00,73.67023013441295
2012-04-27 01:00:00,35.2802433931806
2012-04-27 02:00:00,16.721484310045557
2012-04-27 03:00:00,8.014846970684475
2012-04-27 04:00:00,5.8406503861609735
2012-04-27 05:00:00,29.691133345839592
2012-04-27 06:00:00,118.4964628658071
2012-04-27 07:00:00,341.09715390749045
2012-04-27 08:00:00,654.4981224421488
2012-04-27 09:00:00,357.92008449744446
2012-04-27 10:00:00,204.2846376126131
2012-04-27 11:00:00,242.4701074021338
2012-04-27 12:00:00,324.91910724790705
2012-04-27 13:00:00,327.1844411453352
2012-04-27 14:00:00,301.20681271506595
2012-04-27 15:00:00,351.78976508556354
2012-04-27 16:00:00,482.5424751745489
2012-04-27 17:00:00,709.4966783092025
2012-04-27 18:00:00,607.4944377491636
2012-04-27 19:00:00,421.2605888307115
2012-04-27 20:00:00,272.19673880891474
2012-04-27 21:00:00,195.17604606308794
2012-04-27 22:00:00,177.08687344001544
2012-04-27 23:00:00,134.52743395350993
2012-04-28 00:00:00,112.06014800028089
2012-04-28 01:00:00,69.94829748335766
2012-04-28 02:00:00,56.7396669800392
2012-04-28 03:00:00,24.57640458020374
2012-04-28 04:00:00,8.32284243487558
2012-04-28 05:00:00,8.91012713630321
2012-04-28 06:00:00,23.52342786609579
2012-04-28 07:00:00,58.74769758231106
2012-04-28 08:00:00,160.1422385710916
2012-04-28 09:00:00,220.62214527561568
2012-04-28 10:00:00,327.88977010151905
2012-04-28 11:00:00,397.9337816069471
2012-04-28 12:00:00,456.9927155304501
2012-04-28 13:00:00,490.81269071349413
2012-04-28 14:00:00,505.4105132843711
2012-04-28 15:00:00,489.2720192341248
2012-04-28 16:00:00,454.20312224945314
2012-04-28 17:00:00,411.7468681221419
2012-04-28 18:00:00,210.6383915155418
2012-04-28 19:00:00,155.12902895960303
2012-04-28 20:00:00,194.94820955659782
2012-04-28 21:00:00,94.03305329682665
2012-04-28 22:00:00,132.37304032505955
2012-04-28 23:00:00,107.94389946183509
2012-04-29 00:00:00,64.45316460726964
2012-04-29 01:00:00,79.55711838435968
2012-04-29 02:00:00,58.92802365217672
2012-04-29 03:00:00,26.634520011537635
2012-04-29 04:00:00,9.629986219438923
2012-04-29 05:00:00,9.664957956816345
2012-04-29 06:00:00,17.58272764678949
2012-04-29 07:00:00,39.076794257311974
2012-04-29 08:00:00,107.87920787285853
2012-04-29 09:00:00,193.815569224213
2012-04-29 10:00:00,323.439338348948
2012-04-29 11:00:00,433.00869690616184
2012-04-29 12:00:00,542.6811338562632
2012-04-29 13:00:00,555.8430488535732
2012-04-29 14:00:00,564.3490161308719
2012-04-29 15:00:00,571.2065865699111
2012-04-29 16:00:00,555.9705216735662
2012-04-29 17:00:00,521.6122694810933
2012-04-29 18:00:00,421.38467804090226
2012-04-29 19:00:00,367.43433734770156
2012-04-29 20:00:00,273.52955315367143
2012-04-29 21:00:00,190.71078700076424
2012-04-29 22:00:00,135.75855505054926
2012-04-29 23:00:00,91.13711918512215
2012-04-30 00:00:00,39.18828707519821
2012-04-30 01:00:00,14.21121089734557
2012-04-30 02:00:00,7.285748118195777
2012-04-30 03:00:00,3.8733615577074865
2012-04-30 04:00:00,3.5325744685705884
2012-04-30 05:00:00,24.560689690562764
2012-04-30 06:00:00,123.19898247357288
2012-04-30 07:00:00,393.38532068693235
2012-04-30 08:00:00,651.9594797902123
2012-04-30 09:00:00,297.0893471881845
2012-04-30 10:00:00,156.67265411836377
2012-04-30 11:00:00,175.54758473941916
2012-04-30 12:00:00,223.00206472299317
2012-04-30 13:00:00,236.1996366517475
2012-04-30 14:00:00,213.89960420562858
2012-04-30 15:00:00,248.94232066786324
2012-04-30 16:00:00,403.29797750295063
2012-04-30 17:00:00,745.5618212844381
2012-04-30 18:00:00,703.2782085803358
2012-04-30 19:00:00,471.0494702585469
2012-04-30 20:00:00,332.48525584668687
2012-04-30 21:00:00,242.98275929439788
2012-04-30 22:00:00,164.8547655115158
2012-04-30 23:00:00,83.99805526504616
2012-05-20 00:00:00,145.78155172752378
2012-05-20 01:00:00,107.95458339441777
2012-05-20 02:00:00,80.59120823801233
2012-05-20 03:00:00,38.998602268592926
2012-05-20 04:00:00,13.55405370732658
2012-05-20 05:00:00,13.200242983554205
2012-05-20 06:00:00,24.404702134203625
2012-05-20 07:00:00,58.49604519324702
2012-05-20 08:00:00,147.70489660340417
2012-05-20 09:00:00,276.2059646770969
2012-05-20 10:00:00,417.407275512668
2012-05-20 11:00:00,523.5696803123968
2012-05-20 12:00:00,611.7639238391407
2012-05-20 13:00:00,617.8287795257282
2012-05-20 14:00:00,600.3304956821943
2012-05-20 15:00:00,560.8480246354618
2012-05-20 16:00:00,580.9408470755453
2012-05-20 17:00:00,550.9947636993809
2012-05-20 18:00:00,458.69801747861186
2012-05-20 19:00:00,376.4619141598652
2012-05-20 20:00:00,294.19426284803967
2012-05-20 21:00:00,209.2852658217133
2012-05-20 22:00:00,154.6501912152399
2012-05-20 23:00:00,64.65855409386357
2012-05-21 00:00:00,21.51556304119883
2012-05-21 01:00:00,8.859700189260202
2012-05-21 02:00:00,4.499304858107707
2012-05-21 03:00:00,3.544153885225667
2012-05-21 04:00:00,3.276895921106857
2012-05-21 05:00:00,18.942185827902247
2012-05-21 06:00:00,62.69632032831103
2012-05-21 07:00:00,152.99161293472474
2012-05-21 08:00:00,283.956104064319
2012-05-21 09:00:00,133.07120621607393
2012-05-21 10:00:00,72.21811697280863
2012-05-21 11:00:00,161.52127364539962
2012-05-21 12:00:00,191.94024446066496
2012-05-21 13:00:00,99.07482365054568
2012-05-21 14:00:00,89.26918046507657
2012-05-21 15:00:00,240.64633319088824
2012-05-21 16:00:00,367.7230344692458
2012-05-21 17:00:00,714.7500173072215
2012-05-21 18:00:00,734.5835574406954
2012-05-21 19:00:00,545.5827025658018
2012-05-21 20:00:00,391.46789172658737
2012-05-21 21:00:00,286.6436045137057
2012-05-21 22:00:00,170.31354075803475
2012-05-21 23:00:00,89.78161817403335
2012-05-22 00:00:00,37.360060821104526
2012-05-22 01:00:00,14.72378321539382
2012-05-22 02:00:00,7.129512298626082
2012-05-22 03:00:00,4.925430918995241
2012-05-22 04:00:00,5.298161971211582
2012-05-22 05:00:00,21.999326631270947
2012-05-22 06:00:00,72.52960721861837
2012-05-22 07:00:00,191.24661567633188
2012-05-22 08:00:00,580.3376727927124
2012-05-22 09:00:00,308.9595759970515
2012-05-22 10:00:00,166.1054490508992
2012-05-22 11:00:00,183.87991557117454
2012-05-22 12:00:00,238.40642631799565
2012-05-22 13:00:00,238.23931640798313
2012-05-22 14:00:00,214.15506368050518
2012-05-22 15:00:00,283.4922348848012
2012-05-22 16:00:00,422.1022495503403
2012-05-22 17:00:00,790.6442411762239
2012-05-22 18:00:00,778.4311093753797
2012-05-22 19:00:00,552.2533378286322
2012-05-22 20:00:00,393.6123461905089
2012-05-22 21:00:00,279.29718529494903
2012-05-22 22:00:00,208.5307987120646
2012-05-22 23:00:00,115.61390567167219
2012-05-23 00:00:00,48.09742195194661
2012-05-23 01:00:00,18.004206870740322
2012-05-23 02:00:00,7.6365934163965035
2012-05-23 03:00:00,6.115438897596872
2012-05-23 04:00:00,4.165962285276078
2012-05-23 05:00:00,21.502974533226755
2012-05-23 06:00:00,159.84069353128422
2012-05-23 07:00:00,451.46242704012695
2012-05-23 08:00:00,660.2497720727806
2012-05-23 09:00:00,334.77200198998844
2012-05-23 10:00:00,195.1746560865804
2012-05-23 11:00:00,232.98683326779394
2012-05-23 12:00:00,267.9978597462981
2012-05-23 13:00:00,246.81056223166843
2012-05-23 14:00:00,253.40120826560167
2012-05-23 15:00:00,269.64224448399847
2012-05-23 16:00:00,272.3718264919549
2012-05-23 17:00:00,544.459949276314
2012-05-23 18:00:00,550.0310122609093
2012-05-23 19:00:00,413.0486894462433
2012-05-23 20:00:00,297.6303758083345
2012-05-23 21:00:00,215.1307502367786
2012-05-23 22:00:00,174.28423832284005
2012-05-23 23:00:00,126.05655108863255
2012-05-24 00:00:00,54.220942390997976
2012-05-24 01:00:00,19.910154669827325
2012-05-24 02:00:00,9.57754217403593
2012-05-24 03:00:00,5.379949513499729
2012-05-24 04:00:00,5.824210823144184
2012-05-24 05:00:00,33.57981191422606
2012-05-24 06:00:00,141.19026201990792
2012-05-24 07:00:00,459.1208724629791
2012-05-24 08:00:00,720.0751826333267
2012-05-24 09:00:00,367.9703240149058
2012-05-24 10:00:00,208.91352528959357
2012-05-24 11:00:00,241.40069558514494
2012-05-24 12:00:00,304.168122961354
2012-05-24 13:00:00,296.31147047941676
2012-05-24 14:00:00,258.0272773190628
2012-05-24 15:00:00,290.78036456024694
2012-05-24 16:00:00,427.3995293306038
2012-05-24 17:00:00,788.8050763402741
2012-05-24 18:00:00,782.7446449817137
2012-05-24 19:00:00,568.9507383825581
2012-05-24 20:00:00,372.55181151335177
2012-05-24 21:00:00,152.5667375085356
2012-05-24 22:00:00,196.11879162410693
2012-05-24 23:00:00,129.84950252632478
2012-05-25 00:00:00,81.00216811410289
2012-05-25 01:00:00,37.46267073959608
2012-05-25 02:00:00,14.496240176158876
2012-05-25 03:00:00,6.508836548753292
2012-05-25 04:00:00,6.391853626902648
2012-05-25 05:00:00,32.0822144618916
2012-05-25 06:00:00,127.74608087884029
2012-05-25 07:00:00,353.1086885207591
2012-05-25 08:00:00,588.2499353967023
2012-05-25 09:00:00,332.0998687503888
2012-05-25 10:00:00,235.53153811097434
2012-05-25 11:00:00,276.2630029746097
2012-05-25 12:00:00,357.7742730730478
2012-05-25 13:00:00,362.83126144063016
2012-05-25 14:00:00,338.1322884136516
2012-05-25 15:00:00,366.69531502271036
2012-05-25 16:00:00,502.7856396224253
2012-05-25 17:00:00,752.5153121208151
2012-05-25 18:00:00,683.3254477404103
2012-05-25 19:00:00,511.0726350026295
2012-05-25 20:00:00,361.72715567380294
2012-05-25 21:00:00,298.8417365041656
2012-05-25 22:00:00,257.35322992528864
2012-05-25 23:00:00,200.29474428971344
2012-05-26 00:00:00,158.42589433231123
2012-05-26 01:00:00,110.49489810530928
2012-05-26 02:00:00,77.69453033808561
2012-05-26 03:00:00,34.454566796410695
2012-05-26 04:00:00,10.75608490215997
2012-05-26 05:00:00,12.71314556786993
2012-05-26 06:00:00,31.421854270347907
2012-05-26 07:00:00,64.59024129403647
2012-05-26 08:00:00,194.90001906470707
2012-05-26 09:00:00,271.9869027273023
2012-05-26 10:00:00,393.6169173559373
2012-05-26 11:00:00,513.4301038959765
2012-05-26 12:00:00,575.0694981787328
2012-05-26 13:00:00,583.4401766617998
2012-05-26 14:00:00,572.3198487428758
2012-05-26 15:00:00,562.1760736870773
2012-05-26 16:00:00,559.5201378795525
2012-05-26 17:00:00,538.7743984904888
2012-05-26 18:00:00,484.88769750598647
2012-05-26 19:00:00,398.75992615061875
2012-05-26 20:00:00,320.33618430262595
2012-05-26 21:00:00,260.2065578274749
2012-05-26 22:00:00,227.06952223299191
2012-05-26 23:00:00,175.67391660280228
2012-05-27 00:00:00,138.0225513383566
2012-05-27 01:00:00,110.57092913641169
2012-05-27 02:00:00,80.78052150280018
2012-05-27 03:00:00,39.355020819378616
2012-05-27 04:00:00,10.946758577342713
2012-05-27 05:00:00,12.200881608307977
2012-05-27 06:00:00,22.930149663349265
2012-05-27 07:00:00,53.32388203121256
2012-05-27 08:00:00,132.90778123975096
2012-05-27 09:00:00,231.1092682701704
2012-05-27 10:00:00,386.01595323088407
2012-05-27 11:00:00,484.72527785958545
2012-05-27 12:00:00,539.6143343754286
2012-05-27 13:00:00,559.6028923806579
2012-05-27 14:00:00,546.1560477424397
2012-05-27 15:00:00,527.6705097388293
2012-05-27 16:00:00,524.7311925915961
2012-05-27 17:00:00,513.7457721192095
2012-05-27 18:00:00,448.4731085745487
2012-05-27 19:00:00,382.9411307086027
2012-05-27 20:00:00,306.59774442099433
2012-05-27 21:00:00,131.87470120059615
2012-05-27 22:00:00,86.57507263352997
2012-05-27 23:00:00,73.20916160471043
2012-05-28 00:00:00,93.12143417670778
2012-05-28 01:00:00,38.00991563741968
2012-05-28 02:00:00,31.55873303288294
2012-05-28 03:00:00,15.907600861132469
2012-05-28 04:00:00,10.334908245137756
2012-05-28 05:00:00,15.332040902847632
2012-05-28 06:00:00,37.65677940172366
2012-05-28 07:00:00,89.19543927991619
2012-05-28 08:00:00,198.43561949770663
2012-05-28 09:00:00,270.8081920373128
2012-05-28 10:00:00,348.1638831448742
2012-05-28 11:00:00,383.3431868284116
2012-05-28 12:00:00,379.3088864202227
2012-05-28 13:00:00,366.9394834876962
2012-05-28 14:00:00,363.06018131105725
2012-05-28 15:00:00,368.8164813689737
2012-05-28 16:00:00,405.5795695605681
2012-05-28 17:00:00,516.9556678736418
2012-05-28 18:00:00,496.4615832871757
2012-05-28 19:00:00,431.97852503375475
2012-05-28 20:00:00,345.0078547568801
2012-05-28 21:00:00,240.08674075456648
2012-05-28 22:00:00,208.37528017615475
2012-05-28 23:00:00,119.55503957512504
2012-05-29 00:00:00,41.40579226515341
2012-05-29 01:00:00,17.176172597382745
2012-05-29 02:00:00,8.12309040880537
2012-05-29 03:00:00,4.916300879308486
2012-05-29 04:00:00,6.3510691168103985
2012-05-29 05:00:00,33.605158079466925
2012-05-29 06:00:00,158.16820401931352
2012-05-29 07:00:00,455.475220253868
2012-05-29 08:00:00,699.9056356111411
2012-05-29 09:00:00,344.62562421959973
2012-05-29 10:00:00,185.14565680052152
2012-05-29 11:00:00,218.28367333388334
2012-05-29 12:00:00,278.81821313240033
2012-05-29 13:00:00,266.6638633400782
2012-05-29 14:00:00,235.93597215164658
2012-05-29 15:00:00,268.69085240924824
2012-05-29 16:00:00,402.05004531056164
2012-05-29 17:00:00,772.1154973540589
2012-05-29 18:00:00,751.8042576712642
2012-05-29 19:00:00,557.5630318180466
2012-05-29 20:00:00,245.730254994608
2012-05-29 21:00:00,90.68232421943219
2012-05-29 22:00:00,145.7602039021961
2012-05-29 23:00:00,64.05806846996548
2012-05-30 00:00:00,34.383855360522645
2012-05-30 01:00:00,11.55669509034358
2012-05-30 02:00:00,5.436100331419941
2012-05-30 03:00:00,3.711010280079444
2012-05-30 04:00:00,5.407804164956065
2012-05-30 05:00:00,35.448139430602644
2012-05-30 06:00:00,151.2610437096073
2012-05-30 07:00:00,236.83985956421003
2012-05-30 08:00:00,690.7627725258651
2012-05-30 09:00:00,344.1445439746441
2012-05-30 10:00:00,181.19961226844282
2012-05-30 11:00:00,218.54386589835224
2012-05-30 12:00:00,305.53785380653517
2012-05-30 13:00:00,294.0132762737612
2012-05-30 14:00:00,263.5993482429138
2012-05-30 15:00:00,294.3910688448469
2012-05-30 16:00:00,436.8313937736447
2012-05-30 17:00:00,789.5552794037868
2012-05-30 18:00:00,798.5342394245286
2012-05-30 19:00:00,581.6475814306328
2012-05-30 20:00:00,358.5130682715664
2012-05-30 21:00:00,325.2371874197838
2012-05-30 22:00:00,231.30365855722832
2012-05-30 23:00:00,138.0460026306734
2012-05-31 00:00:00,54.90511887937262
2012-05-31 01:00:00,21.61848968049737
2012-05-31 02:00:00,9.972715460425334
2012-05-31 03:00:00,6.048588864888719
2012-05-31 04:00:00,6.681933145172704
2012-05-31 05:00:00,36.56928718024333
2012-05-31 06:00:00,171.93738310883435
2012-05-31 07:00:00,476.6902721657224
2012-05-31 08:00:00,720.1419406199693
2012-05-31 09:00:00,366.92451496781405
2012-05-31 10:00:00,207.03122076130882
2012-05-31 11:00:00,244.3238806314952
2012-05-31 12:00:00,313.72837769567013
2012-05-31 13:00:00,300.37421108439406
2012-05-31 14:00:00,262.2754248558985
2012-05-31 15:00:00,295.74082861062317
2012-05-31 16:00:00,440.8042213155597
2012-05-31 17:00:00,819.6208565906826
2012-05-31 18:00:00,814.4906638262315
2012-05-31 19:00:00,597.9301859163734
2012-05-31 20:00:00,439.95842055071154
2012-05-31 21:00:00,334.7273574240484
2012-05-31 22:00:00,246.46458992075756
2012-05-31 23:00:00,150.914747556589
2012-06-20 00:00:00,47.56281676305799
2012-06-20 01:00:00,18.8916320582056
2012-06-20 02:00:00,8.650584384657092
2012-06-20 03:00:00,5.877418516806816
2012-06-20 04:00:00,6.469914496497812
2012-06-20 05:00:00,37.594987442686374
2012-06-20 06:00:00,136.44412218972653
2012-06-20 07:00:00,398.13648138290193
2012-06-20 08:00:00,681.9575267135963
2012-06-20 09:00:00,340.9965272732188
2012-06-20 10:00:00,190.9436650428184
2012-06-20 11:00:00,215.36715618685065
2012-06-20 12:00:00,262.39763910391264
2012-06-20 13:00:00,253.68807017945522
2012-06-20 14:00:00,224.95276699971978
2012-06-20 15:00:00,244.64110551374182
2012-06-20 16:00:00,369.91556405442066
2012-06-20 17:00:00,688.1734184738219
2012-06-20 18:00:00,678.1361708728023
2012-06-20 19:00:00,513.1830381291728
2012-06-20 20:00:00,404.98049157150604
2012-06-20 21:00:00,305.71327823200113
2012-06-20 22:00:00,237.04729821491802
2012-06-20 23:00:00,138.87275364063925
2012-06-21 00:00:00,58.05417046415621
2012-06-21 01:00:00,22.15906419109902
2012-06-21 02:00:00,10.217849028865018
2012-06-21 03:00:00,6.619555507819995
2012-06-21 04:00:00,7.459056796651499
2012-06-21 05:00:00,40.44600216882609
2012-06-21 06:00:00,162.27972829431738
2012-06-21 07:00:00,428.09991294240166
2012-06-21 08:00:00,702.3634923565115
2012-06-21 09:00:00,334.8484250974305
2012-06-21 10:00:00,191.11517011166734
2012-06-21 11:00:00,221.99596932081835
2012-06-21 12:00:00,265.3590794107046
2012-06-21 13:00:00,252.63391746156307
2012-06-21 14:00:00,232.4459826991351
2012-06-21 15:00:00,240.8007761175557
2012-06-21 16:00:00,382.3558275260188
2012-06-21 17:00:00,732.8464668189076
2012-06-21 18:00:00,769.4980017617171
2012-06-21 19:00:00,524.8121360249805
2012-06-21 20:00:00,418.4523895018918
2012-06-21 21:00:00,332.45933433484333
2012-06-21 22:00:00,242.76458825679276
2012-06-21 23:00:00,155.0364241787247
2012-06-22 00:00:00,80.58190507671539
2012-06-22 01:00:00,37.69093814684642
2012-06-22 02:00:00,17.794568311698
2012-06-22 03:00:00,8.405844679307975
2012-06-22 04:00:00,7.885921348212095
2012-06-22 05:00:00,36.21592058261105
2012-06-22 06:00:00,147.47573692282074
2012-06-22 07:00:00,403.1212523332145
2012-06-22 08:00:00,679.2735485989871
2012-06-22 09:00:00,394.0118275948038
2012-06-22 10:00:00,237.91846362448786
2012-06-22 11:00:00,286.70736612678263
2012-06-22 12:00:00,334.67993147551744
2012-06-22 13:00:00,331.9356381663611
2012-06-22 14:00:00,306.22164957450616
2012-06-22 15:00:00,334.19967187889495
2012-06-22 16:00:00,446.6493412522394
2012-06-22 17:00:00,774.9571946281136
2012-06-22 18:00:00,666.180817088018
2012-06-22 19:00:00,481.608578276204
2012-06-22 20:00:00,334.2009313060127
2012-06-22 21:00:00,203.20942503717242
2012-06-22 22:00:00,259.9887708674487
2012-06-22 23:00:00,186.3527502027174
2012-06-23 00:00:00,158.9370701598217
2012-06-23 01:00:00,115.10582657598978
2012-06-23 02:00:00,75.52209736008555
2012-06-23 03:00:00,35.271145041928406
2012-06-23 04:00:00,10.47297224464335
2012-06-23 05:00:00,10.887595362899177
2012-06-23 06:00:00,32.42293021582554
2012-06-23 07:00:00,73.1733241363785
2012-06-23 08:00:00,197.71283543853997
2012-06-23 09:00:00,304.9653637242687
2012-06-23 10:00:00,429.6343078383172
2012-06-23 11:00:00,528.9045298762251
2012-06-23 12:00:00,579.956047889871
2012-06-23 13:00:00,593.1413120975827
2012-06-23 14:00:00,594.8874856838534
2012-06-23 15:00:00,545.2360576163919
2012-06-23 16:00:00,540.5212256530366
2012-06-23 17:00:00,560.5392276675203
2012-06-23 18:00:00,482.11403699971174
2012-06-23 19:00:00,421.3202763132978
2012-06-23 20:00:00,338.57046476364627
2012-06-23 21:00:00,284.5691870586583
2012-06-23 22:00:00,241.65254399430495
2012-06-23 23:00:00,189.30868736741883
2012-06-24 00:00:00,150.4318171573292
2012-06-24 01:00:00,124.36999324682117
2012-06-24 02:00:00,91.60565326406265
2012-06-24 03:00:00,43.12641639119387
2012-06-24 04:00:00,12.588795916602024
2012-06-24 05:00:00,12.664949106274422
2012-06-24 06:00:00,23.77149499673888
2012-06-24 07:00:00,58.73693948018811
2012-06-24 08:00:00,142.4561902031632
2012-06-24 09:00:00,272.8244567268481
2012-06-24 10:00:00,403.99606065752465
2012-06-24 11:00:00,502.9012767786162
2012-06-24 12:00:00,549.5777994051466
2012-06-24 13:00:00,560.7935068978983
2012-06-24 14:00:00,517.7825883156258
2012-06-24 15:00:00,495.73634205370973
2012-06-24 16:00:00,502.2324514359554
2012-06-24 17:00:00,496.34333777314237
2012-06-24 18:00:00,451.00526713895505
2012-06-24 19:00:00,384.1367228909712
2012-06-24 20:00:00,298.63193697612945
2012-06-24 21:00:00,230.36305879757882
2012-06-24 22:00:00,173.55073109235119
2012-06-24 23:00:00,114.13916868102687
2012-06-25 00:00:00,42.490924172814786
2012-06-25 01:00:00,17.39685546972176
2012-06-25 02:00:00,9.460969492267077
2012-06-25 03:00:00,5.8187246589215
2012-06-25 04:00:00,7.612113648582083
2012-06-25 05:00:00,37.242353239423124
2012-06-25 06:00:00,155.9905972686413
2012-06-25 07:00:00,463.69099017996245
2012-06-25 08:00:00,699.9838663266847
2012-06-25 09:00:00,353.4070718637084
2012-06-25 10:00:00,193.7299811417284
2012-06-25 11:00:00,216.47833665977396
2012-06-25 12:00:00,287.67947375659173
2012-06-25 13:00:00,287.4669420737168
2012-06-25 14:00:00,246.17750339096597
2012-06-25 15:00:00,274.6133592237397
2012-06-25 16:00:00,427.78411724828646
2012-06-25 17:00:00,784.2782181088501
2012-06-25 18:00:00,779.847175629283
2012-06-25 19:00:00,552.6928765939879
2012-06-25 20:00:00,398.54631988723827
2012-06-25 21:00:00,298.0125732232717
2012-06-25 22:00:00,192.4664302720534
2012-06-25 23:00:00,98.293047844673
2012-06-26 00:00:00,38.29408057848401
2012-06-26 01:00:00,15.251198463215344
2012-06-26 02:00:00,8.301928041043173
2012-06-26 03:00:00,5.144725471645358
2012-06-26 04:00:00,7.116042642441092
2012-06-26 05:00:00,36.6192835053413
2012-06-26 06:00:00,154.1779703954959
2012-06-26 07:00:00,465.77109044359526
2012-06-26 08:00:00,728.185907516243
2012-06-26 09:00:00,363.981979069654
2012-06-26 10:00:00,200.32971675038243
2012-06-26 11:00:00,233.91327969794628
2012-06-26 12:00:00,309.82385612934786
2012-06-26 13:00:00,293.48933753091006
2012-06-26 14:00:00,258.36751527410456
2012-06-26 15:00:00,293.84926635694876
2012-06-26 16:00:00,441.41693729929443
2012-06-26 17:00:00,839.398061936552
2012-06-26 18:00:00,823.9901688303801
2012-06-26 19:00:00,606.4254760846965
2012-06-26 20:00:00,431.52420981714727
2012-06-26 21:00:00,325.3806657747491
2012-06-26 22:00:00,220.02685663336788
2012-06-26 23:00:00,124.04624615274206
2012-06-27 00:00:00,48.292870330965805
2012-06-27 01:00:00,18.2521031349591
2012-06-27 02:00:00,9.331148482761868
2012-06-27 03:00:00,5.910716094863466
2012-06-27 04:00:00,6.829007831100796
2012-06-27 05:00:00,38.887905089108905
2012-06-27 06:00:00,167.32650676496772
2012-06-27 07:00:00,483.6107048192596
2012-06-27 08:00:00,737.9016480498757
2012-06-27 09:00:00,368.9586365851176
2012-06-27 10:00:00,212.028874456454
2012-06-27 11:00:00,237.746345896431
2012-06-27 12:00:00,307.72776043649725
2012-06-27 13:00:00,284.97246115367597
2012-06-27 14:00:00,259.94863645366576
2012-06-27 15:00:00,286.3187225970708
2012-06-27 16:00:00,437.09381126517354
2012-06-27 17:00:00,819.6098885562178
2012-06-27 18:00:00,806.8313036844685
2012-06-27 19:00:00,584.396882884857
2012-06-27 20:00:00,447.94721555082964
2012-06-27 21:00:00,337.052661718393
2012-06-27 22:00:00,242.64946539853725
2012-06-27 23:00:00,146.50121019597333
2012-06-28 00:00:00,59.348868044852814
2012-06-28 01:00:00,23.353275735305775
2012-06-28 02:00:00,11.970621494796816
2012-06-28 03:00:00,7.118627114125925
2012-06-28 04:00:00,7.693149795286311
2012-06-28 05:00:00,41.598541968372274
2012-06-28 06:00:00,176.27404881651688
2012-06-28 07:00:00,486.26790577589395
2012-06-28 08:00:00,734.752085928345
2012-06-28 09:00:00,372.52730827356027
2012-06-28 10:00:00,210.92273966931222
2012-06-28 11:00:00,235.41459787693464
2012-06-28 12:00:00,288.21067593194107
2012-06-28 13:00:00,275.860233456061
2012-06-28 14:00:00,253.2254632849929
2012-06-28 15:00:00,280.1818947429448
2012-06-28 16:00:00,424.16454458802525
2012-06-28 17:00:00,765.7809320893373
2012-06-28 18:00:00,786.3684697521544
2012-06-28 19:00:00,556.2434493174587
2012-06-28 20:00:00,443.9484028665645
2012-06-28 21:00:00,339.7994634821657
2012-06-28 22:00:00,252.43873350891363
2012-06-28 23:00:00,159.80242611117438
2012-06-29 00:00:00,87.22843245755678
2012-06-29 01:00:00,40.0865371328279
2012-06-29 02:00:00,18.36894359769386
2012-06-29 03:00:00,8.638441401605892
2012-06-29 04:00:00,8.057612128534847
2012-06-29 05:00:00,37.89651585117206
2012-06-29 06:00:00,153.1548912609099
2012-06-29 07:00:00,414.6282386432815
2012-06-29 08:00:00,677.0062361278168
2012-06-29 09:00:00,396.0920139371398
2012-06-29 10:00:00,221.1427164469215
2012-06-29 11:00:00,263.73922762181957
2012-06-29 12:00:00,311.5023048946896
2012-06-29 13:00:00,273.1025112091952
2012-06-29 14:00:00,264.06006980439315
2012-06-29 15:00:00,268.465912476314
2012-06-29 16:00:00,327.715627545952
2012-06-29 17:00:00,520.5393852550317
2012-06-29 18:00:00,430.854032245398
2012-06-29 19:00:00,437.2800795532421
2012-06-29 20:00:00,315.08449019674555
2012-06-29 21:00:00,282.57701941266845
2012-06-29 22:00:00,176.08060313516984
2012-06-29 23:00:00,146.1791230729435
2012-06-30 00:00:00,87.67614838121244
2012-06-30 01:00:00,76.28131511550934
2012-06-30 02:00:00,72.95189093426703
2012-06-30 03:00:00,34.77242908386406
2012-06-30 04:00:00,9.981388274167042
2012-06-30 05:00:00,12.128695789434495
2012-06-30 06:00:00,30.23335202933713
2012-06-30 07:00:00,72.10347983670306
2012-06-30 08:00:00,170.68007789053473
2012-06-30 09:00:00,249.12233222738266
2012-06-30 10:00:00,360.8568376297031
2012-06-30 11:00:00,441.1406905775539
2012-06-30 12:00:00,506.20984766531313
2012-06-30 13:00:00,516.1906348320526
2012-06-30 14:00:00,506.10119256796406
2012-06-30 15:00:00,497.47017686641533
2012-06-30 16:00:00,455.6577919867022
2012-06-30 17:00:00,480.4530459214724
2012-06-30 18:00:00,418.7966665180467
2012-06-30 19:00:00,402.8870220982459
2012-06-30 20:00:00,333.5851017875401
2012-06-30 21:00:00,278.2276479785237
2012-06-30 22:00:00,231.49648441438703
2012-06-30 23:00:00,181.21654824764113
2012-07-20 00:00:00,63.594187158697075
2012-07-20 01:00:00,38.35719021247684
2012-07-20 02:00:00,15.32454544912198
2012-07-20 03:00:00,7.860722304247446
2012-07-20 04:00:00,8.01195387914103
2012-07-20 05:00:00,36.07993892826431
2012-07-20 06:00:00,134.91219799828292
2012-07-20 07:00:00,349.08847759652383
2012-07-20 08:00:00,609.4867395521826
2012-07-20 09:00:00,379.9914966352866
2012-07-20 10:00:00,215.88558792154078
2012-07-20 11:00:00,196.16292319564135
2012-07-20 12:00:00,170.16084938367985
2012-07-20 13:00:00,172.8365930649005
2012-07-20 14:00:00,157.89059183422984
2012-07-20 15:00:00,263.3819829270925
2012-07-20 16:00:00,342.08762111995395
2012-07-20 17:00:00,418.550869605829
2012-07-20 18:00:00,541.1749131785816
2012-07-20 19:00:00,345.915100351011
2012-07-20 20:00:00,140.0686006490281
2012-07-20 21:00:00,123.91938911593734
2012-07-20 22:00:00,188.52243817811717
2012-07-20 23:00:00,156.30411844692972
2012-07-21 00:00:00,89.13188831912976
2012-07-21 01:00:00,101.36964808322968
2012-07-21 02:00:00,52.94274482472321
2012-07-21 03:00:00,24.308246106724894
2012-07-21 04:00:00,7.272920450865308
2012-07-21 05:00:00,8.093615135124457
2012-07-21 06:00:00,19.456398625802876
2012-07-21 07:00:00,61.418116663123335
2012-07-21 08:00:00,163.32216783024415
2012-07-21 09:00:00,235.41964673749936
2012-07-21 10:00:00,172.73012282072344
2012-07-21 11:00:00,391.4812412906873
2012-07-21 12:00:00,275.4832187783886
2012-07-21 13:00:00,280.0227244652487
2012-07-21 14:00:00,391.6120959509308
2012-07-21 15:00:00,250.25117185837007
2012-07-21 16:00:00,232.14286124737276
2012-07-21 17:00:00,228.54683117439546
2012-07-21 18:00:00,292.9795933234587
2012-07-21 19:00:00,271.69162860993174
2012-07-21 20:00:00,118.39287242611168
2012-07-21 21:00:00,176.54531765971177
2012-07-21 22:00:00,154.37329928408369
2012-07-21 23:00:00,128.10441312701323
2012-07-22 00:00:00,122.10868386457818
2012-07-22 01:00:00,108.32472361694994
2012-07-22 02:00:00,82.6891940909085
2012-07-22 03:00:00,39.65323136695605
2012-07-22 04:00:00,13.292420069394591
2012-07-22 05:00:00,13.330681453437744
2012-07-22 06:00:00,19.399632660670626
2012-07-22 07:00:00,46.23373956951829
2012-07-22 08:00:00,121.31514286508659
2012-07-22 09:00:00,254.7610662877963
2012-07-22 10:00:00,367.0592736457802
2012-07-22 11:00:00,438.49415676669435
2012-07-22 12:00:00,494.7057492360827
2012-07-22 13:00:00,514.5183242094439
2012-07-22 14:00:00,540.8390413574574
2012-07-22 15:00:00,534.4449636143197
2012-07-22 16:00:00,523.1779000669874
2012-07-22 17:00:00,514.2355996788287
2012-07-22 18:00:00,436.24163401386056
2012-07-22 19:00:00,363.97255135136425
2012-07-22 20:00:00,283.6945132408754
2012-07-22 21:00:00,207.1157210551588
2012-07-22 22:00:00,166.88573261468844
2012-07-22 23:00:00,107.9332538554273
2012-07-23 00:00:00,41.34494567969133
2012-07-23 01:00:00,15.886193928860225
2012-07-23 02:00:00,7.22539866041926
2012-07-23 03:00:00,5.218541287440379
2012-07-23 04:00:00,6.6188859965663465
2012-07-23 05:00:00,28.21110126387604
2012-07-23 06:00:00,131.21395173146826
2012-07-23 07:00:00,431.0735871309715
2012-07-23 08:00:00,679.7654077015417
2012-07-23 09:00:00,335.02703144054124
2012-07-23 10:00:00,186.32971453336702
2012-07-23 11:00:00,218.10104699281382
2012-07-23 12:00:00,285.4087301012398
2012-07-23 13:00:00,273.37751860701695
2012-07-23 14:00:00,240.51706744616396
2012-07-23 15:00:00,276.839858791371
2012-07-23 16:00:00,424.9981388155072
2012-07-23 17:00:00,809.5796191139108
2012-07-23 18:00:00,801.1680791487316
2012-07-23 19:00:00,578.4298425208839
2012-07-23 20:00:00,427.4247433883711
2012-07-23 21:00:00,311.0063518820142
2012-07-23 22:00:00,211.3058176765681
2012-07-23 23:00:00,114.91101534478169
2012-07-24 00:00:00,46.88744415665797
2012-07-24 01:00:00,18.32374339347755
2012-07-24 02:00:00,8.531453916723171
2012-07-24 03:00:00,5.782659937178637
2012-07-24 04:00:00,7.2055395653226135
2012-07-24 05:00:00,37.99450466151538
2012-07-24 06:00:00,166.58263855196046
2012-07-24 07:00:00,474.1777915894599
2012-07-24 08:00:00,694.9910635941297
2012-07-24 09:00:00,311.49494879526947
2012-07-24 10:00:00,189.4467561484414
2012-07-24 11:00:00,212.71745864694523
2012-07-24 12:00:00,279.6749947803262
2012-07-24 13:00:00,260.23614587481455
2012-07-24 14:00:00,239.00063678364788
2012-07-24 15:00:00,278.264165729628
2012-07-24 16:00:00,422.2270240276542
2012-07-24 17:00:00,811.1446592789227
2012-07-24 18:00:00,799.7066780304191
2012-07-24 19:00:00,587.3269933312374
2012-07-24 20:00:00,429.9255618755114
2012-07-24 21:00:00,317.90404726111205
2012-07-24 22:00:00,218.57545918269244
2012-07-24 23:00:00,122.43769867581901
2012-07-25 00:00:00,48.556229847964325
2012-07-25 01:00:00,19.417624880374397
2012-07-25 02:00:00,9.437799803641294
2012-07-25 03:00:00,5.457236097620886
2012-07-25 04:00:00,6.351382280267423
2012-07-25 05:00:00,39.401776141956134
2012-07-25 06:00:00,170.55700048676033
2012-07-25 07:00:00,477.71184975145036
2012-07-25 08:00:00,736.5269873275928
2012-07-25 09:00:00,366.33438093942164
2012-07-25 10:00:00,210.3747430800056
2012-07-25 11:00:00,243.15156879202405
2012-07-25 12:00:00,312.0217151287543
2012-07-25 13:00:00,287.8151635684804
2012-07-25 14:00:00,257.525497760623
2012-07-25 15:00:00,290.7740059578539
2012-07-25 16:00:00,436.6200609609867
2012-07-25 17:00:00,830.1705381377916
2012-07-25 18:00:00,819.5355626998507
2012-07-25 19:00:00,611.1583108598808
2012-07-25 20:00:00,450.08316754720323
2012-07-25 21:00:00,335.4373962927172
2012-07-25 22:00:00,240.509658818565
2012-07-25 23:00:00,142.48378566886316
2012-07-26 00:00:00,56.8120289761009
2012-07-26 01:00:00,22.157774388214378
2012-07-26 02:00:00,10.88059880295862
2012-07-26 03:00:00,6.419655271425375
2012-07-26 04:00:00,7.477295889808635
2012-07-26 05:00:00,40.891652601033655
2012-07-26 06:00:00,174.5651784992835
2012-07-26 07:00:00,477.65481448618743
2012-07-26 08:00:00,676.2901350233822
2012-07-26 09:00:00,353.82442564442795
2012-07-26 10:00:00,207.46137032216308
2012-07-26 11:00:00,228.734775360385
2012-07-26 12:00:00,274.571705657515
2012-07-26 13:00:00,265.50689466137743
2012-07-26 14:00:00,232.814394446918
2012-07-26 15:00:00,249.7227460848129
2012-07-26 16:00:00,329.293823347763
2012-07-26 17:00:00,706.52373376334
2012-07-26 18:00:00,646.0504260621497
2012-07-26 19:00:00,497.1548746151972
2012-07-26 20:00:00,418.93633097469325
2012-07-26 21:00:00,301.81522631180974
2012-07-26 22:00:00,223.5388516559922
2012-07-26 23:00:00,155.82105759382196
2012-07-27 00:00:00,84.76811197709603
2012-07-27 01:00:00,39.82831607453254
2012-07-27 02:00:00,18.075371685151424
2012-07-27 03:00:00,8.989640584648564
2012-07-27 04:00:00,8.424235020843177
2012-07-27 05:00:00,36.901268123098205
2012-07-27 06:00:00,158.42091381727133
2012-07-27 07:00:00,408.4739830744429
2012-07-27 08:00:00,672.1773219890531
2012-07-27 09:00:00,373.6687597292025
2012-07-27 10:00:00,228.05054976448213
2012-07-27 11:00:00,270.7627943267279
2012-07-27 12:00:00,336.7663646000872
2012-07-27 13:00:00,343.2920798976515
2012-07-27 14:00:00,311.2465857901662
2012-07-27 15:00:00,346.3646535627111
2012-07-27 16:00:00,486.2872202599128
2012-07-27 17:00:00,743.596367386608
2012-07-27 18:00:00,680.1676280386705
2012-07-27 19:00:00,506.95731463846613
2012-07-27 20:00:00,360.48496009704223
2012-07-27 21:00:00,299.95998129803763
2012-07-27 22:00:00,262.04013572070755
2012-07-27 23:00:00,208.38563672665762
2012-07-28 00:00:00,161.09200323596022
2012-07-28 01:00:00,112.81790796278531
2012-07-28 02:00:00,82.10045912169191
2012-07-28 03:00:00,36.0763860271818
2012-07-28 04:00:00,11.130544538367218
2012-07-28 05:00:00,13.587562690302821
2012-07-28 06:00:00,34.93019256606374
2012-07-28 07:00:00,77.78044122310513
2012-07-28 08:00:00,192.7119720710711
2012-07-28 09:00:00,278.6045460561276
2012-07-28 10:00:00,399.8332067788609
2012-07-28 11:00:00,473.79083269076483
2012-07-28 12:00:00,546.7869046287508
2012-07-28 13:00:00,549.245825068158
2012-07-28 14:00:00,538.4166247385625
2012-07-28 15:00:00,498.4908658182786
2012-07-28 16:00:00,529.1185977452628
2012-07-28 17:00:00,549.6318768321678
2012-07-28 18:00:00,487.78065223699537
2012-07-28 19:00:00,341.7439116166555
2012-07-28 20:00:00,276.0136559091489
2012-07-28 21:00:00,264.65577357721406
2012-07-28 22:00:00,227.44682997298614
2012-07-28 23:00:00,179.74173833970568
2012-07-29 00:00:00,148.15911166399198
2012-07-29 01:00:00,119.50423433938455
2012-07-29 02:00:00,90.13747781933269
2012-07-29 03:00:00,41.37333422637213
2012-07-29 04:00:00,11.325213861519318
2012-07-29 05:00:00,13.610221647391354
2012-07-29 06:00:00,24.756559125480184
2012-07-29 07:00:00,58.76763017468532
2012-07-29 08:00:00,141.6104906894107
2012-07-29 09:00:00,270.1236085111093
2012-07-29 10:00:00,392.88464071778424
2012-07-29 11:00:00,489.8495713680787
2012-07-29 12:00:00,561.5067233937455
2012-07-29 13:00:00,541.9704264458588
2012-07-29 14:00:00,532.849236732857
2012-07-29 15:00:00,533.9342404538958
2012-07-29 16:00:00,526.6630377497873
2012-07-29 17:00:00,511.69396041687827
2012-07-29 18:00:00,449.28773725442346
2012-07-29 19:00:00,389.1706067067487
2012-07-29 20:00:00,294.8105740933471
2012-07-29 21:00:00,218.52274539023756
2012-07-29 22:00:00,166.24419145494238
2012-07-29 23:00:00,112.06908431246524
2012-07-30 00:00:00,45.715146127403756
2012-07-30 01:00:00,18.44399585644735
2012-07-30 02:00:00,9.922184341236447
2012-07-30 03:00:00,5.841903865852383
2012-07-30 04:00:00,7.421657085826584
2012-07-30 05:00:00,36.593771199072606
2012-07-30 06:00:00,156.1308149511923
2012-07-30 07:00:00,451.6057061879234
2012-07-30 08:00:00,670.5640346279474
2012-07-30 09:00:00,339.31589493086227
2012-07-30 10:00:00,188.35872715029137
2012-07-30 11:00:00,217.23635366507835
2012-07-30 12:00:00,284.0865244966493
2012-07-30 13:00:00,278.0384053056131
2012-07-30 14:00:00,246.15023396401202
2012-07-30 15:00:00,277.6161496939672
2012-07-30 16:00:00,422.4692605052171
2012-07-30 17:00:00,812.0619432558909
2012-07-30 18:00:00,787.0337623089167
2012-07-30 19:00:00,578.3370123961421
2012-07-30 20:00:00,411.7017415420673
2012-07-30 21:00:00,300.59211308478643
2012-07-30 22:00:00,184.49353885472607
2012-07-30 23:00:00,112.02138137331454
2012-07-31 00:00:00,44.972982636193166
2012-07-31 01:00:00,18.207845374333537
2012-07-31 02:00:00,8.516744815417706
2012-07-31 03:00:00,5.960474531293028
2012-07-31 04:00:00,7.2055395653226135
2012-07-31 05:00:00,37.60390626712534
2012-07-31 06:00:00,156.36491816150632
2012-07-31 07:00:00,435.69973096413486
2012-07-31 08:00:00,702.0608901936348
2012-07-31 09:00:00,356.26313809989944
2012-07-31 10:00:00,201.0842372918014
2012-07-31 11:00:00,228.6732306577062
2012-07-31 12:00:00,292.2321760448943
2012-07-31 13:00:00,275.3193039725034
2012-07-31 14:00:00,245.71551281886425
2012-07-31 15:00:00,284.25055095982447
2012-07-31 16:00:00,428.5046752761097
2012-07-31 17:00:00,823.320929328416
2012-07-31 18:00:00,813.5209111635082
2012-07-31 19:00:00,452.09026603656616
2012-07-31 20:00:00,288.12975963013423
2012-07-31 21:00:00,286.81731530419864
2012-07-31 22:00:00,213.47185719402688
2012-07-31 23:00:00,114.90633828638296
2012-08-20 00:00:00,34.9366625358604
2012-08-20 01:00:00,16.432129210701437
2012-08-20 02:00:00,8.482963932471923
2012-08-20 03:00:00,5.706580364705948
2012-08-20 04:00:00,7.099868109926531
2012-08-20 05:00:00,32.3401602881564
2012-08-20 06:00:00,143.33774018008754
2012-08-20 07:00:00,430.87631980419616
2012-08-20 08:00:00,676.676470996515
2012-08-20 09:00:00,335.52646025688443
2012-08-20 10:00:00,184.12950140592648
2012-08-20 11:00:00,229.06739347607618
2012-08-20 12:00:00,289.27408958294234
2012-08-20 13:00:00,288.3539707936779
2012-08-20 14:00:00,257.5504853918238
2012-08-20 15:00:00,292.2708092768337
2012-08-20 16:00:00,439.659586751858
2012-08-20 17:00:00,809.3879870208783
2012-08-20 18:00:00,658.7010093320561
2012-08-20 19:00:00,470.8618716497328
2012-08-20 20:00:00,276.95511845676634
2012-08-20 21:00:00,246.0390897941632
2012-08-20 22:00:00,153.37952498687653
2012-08-20 23:00:00,89.9676965688927
2012-08-21 00:00:00,35.989708039388994
2012-08-21 01:00:00,14.494339445645055
2012-08-21 02:00:00,6.20520171401593
2012-08-21 03:00:00,5.48856510302189
2012-08-21 04:00:00,6.706898402649337
2012-08-21 05:00:00,37.59905095620601
2012-08-21 06:00:00,167.38704404259744
2012-08-21 07:00:00,472.8426536124824
2012-08-21 08:00:00,716.684807451382
2012-08-21 09:00:00,359.82372928017435
2012-08-21 10:00:00,204.6102027812592
2012-08-21 11:00:00,236.32804724732364
2012-08-21 12:00:00,308.9790798009368
2012-08-21 13:00:00,296.34663554134164
2012-08-21 14:00:00,261.41925428316335
2012-08-21 15:00:00,298.31487796024925
2012-08-21 16:00:00,451.415208179686
2012-08-21 17:00:00,824.3768866701864
2012-08-21 18:00:00,829.6215765105478
2012-08-21 19:00:00,385.977060942715
2012-08-21 20:00:00,408.4082448462191
2012-08-21 21:00:00,304.79872414463466
2012-08-21 22:00:00,208.89796257763638
2012-08-21 23:00:00,120.87805697143307
2012-08-22 00:00:00,49.08821006755799
2012-08-22 01:00:00,18.835910785913235
2012-08-22 02:00:00,8.824349116304317
2012-08-22 03:00:00,6.374384962311552
2012-08-22 04:00:00,7.0115854867768475
2012-08-22 05:00:00,40.176289639638235
2012-08-22 06:00:00,172.9357712541064
2012-08-22 07:00:00,473.71172765552944
2012-08-22 08:00:00,724.8139292365329
2012-08-22 09:00:00,366.07686346926755
2012-08-22 10:00:00,211.82344201291397
2012-08-22 11:00:00,240.97280229655968
2012-08-22 12:00:00,306.9492830047424
2012-08-22 13:00:00,293.65811293738784
2012-08-22 14:00:00,262.6745386783327
2012-08-22 15:00:00,295.9372321480049
2012-08-22 16:00:00,331.1168449487777
2012-08-22 17:00:00,744.4172317346644
2012-08-22 18:00:00,713.3768373830042
2012-08-22 19:00:00,510.8672216977152
2012-08-22 20:00:00,415.9820773029984
2012-08-22 21:00:00,314.5306488283999
2012-08-22 22:00:00,231.39680359681608
2012-08-22 23:00:00,137.97324491357918
2012-08-23 00:00:00,56.85421358845292
2012-08-23 01:00:00,20.48428933605373
2012-08-23 02:00:00,9.895931144480342
2012-08-23 03:00:00,6.914337600321777
2012-08-23 04:00:00,7.517760299930278
2012-08-23 05:00:00,40.65723884813977
2012-08-23 06:00:00,144.26241986475227
2012-08-23 07:00:00,413.9388442532195
2012-08-23 08:00:00,691.831313716651
2012-08-23 09:00:00,356.2323662507593
2012-08-23 10:00:00,210.54004443364022
2012-08-23 11:00:00,243.8723174973403
2012-08-23 12:00:00,301.447585714006
2012-08-23 13:00:00,287.79682211997044
2012-08-23 14:00:00,253.98780793286832
2012-08-23 15:00:00,287.53333447693853
2012-08-23 16:00:00,446.4496325388328
2012-08-23 17:00:00,835.8783133812468
2012-08-23 18:00:00,829.6874681075144
2012-08-23 19:00:00,605.3617020370252
2012-08-23 20:00:00,441.82313223404975
2012-08-23 21:00:00,337.0268428682198
2012-08-23 22:00:00,235.25597038974885
2012-08-23 23:00:00,148.04501971600115
2012-08-24 00:00:00,80.89455082609638
2012-08-24 01:00:00,36.67579112324866
2012-08-24 02:00:00,19.0963016132138
2012-08-24 03:00:00,8.909750837235196
2012-08-24 04:00:00,7.8013602483405275
2012-08-24 05:00:00,37.327252636309034
2012-08-24 06:00:00,134.8713182477618
2012-08-24 07:00:00,375.52360402517803
2012-08-24 08:00:00,659.5985667587317
2012-08-24 09:00:00,398.2139230044254
2012-08-24 10:00:00,245.73744587430005
2012-08-24 11:00:00,291.7934984893964
2012-08-24 12:00:00,363.78933490819065
2012-08-24 13:00:00,360.63377457580293
2012-08-24 14:00:00,336.74345633216916
2012-08-24 15:00:00,372.59945169375953
2012-08-24 16:00:00,517.5108376805673
2012-08-24 17:00:00,781.455538300697
2012-08-24 18:00:00,670.1969506899223
2012-08-24 19:00:00,502.67851200179246
2012-08-24 20:00:00,346.65222215322905
2012-08-24 21:00:00,290.77887700196607
2012-08-24 22:00:00,249.67425165384924
2012-08-24 23:00:00,195.0860477943719
2012-08-25 00:00:00,152.22130096507624
2012-08-25 01:00:00,113.30391444106192
2012-08-25 02:00:00,83.24139613877847
2012-08-25 03:00:00,37.58634204937528
2012-08-25 04:00:00,11.99348391390083
2012-08-25 05:00:00,11.504713768526653
2012-08-25 06:00:00,30.70866227556295
2012-08-25 07:00:00,66.18992114432226
2012-08-25 08:00:00,175.32460213707714
2012-08-25 09:00:00,283.61510021040465
2012-08-25 10:00:00,410.71318590712366
2012-08-25 11:00:00,499.4844667676295
2012-08-25 12:00:00,471.7056960713651
2012-08-25 13:00:00,586.9786251497371
2012-08-25 14:00:00,446.61916933794237
2012-08-25 15:00:00,492.0259318831062
2012-08-25 16:00:00,490.7175087132383
2012-08-25 17:00:00,476.3728513417266
2012-08-25 18:00:00,426.9630152620022
2012-08-25 19:00:00,334.9184086979808
2012-08-25 20:00:00,135.92151016222672
2012-08-25 21:00:00,224.25011439229723
2012-08-25 22:00:00,199.2504043327753
2012-08-25 23:00:00,139.3551944747395
2012-08-26 00:00:00,141.12874642008885
2012-08-26 01:00:00,114.60924674550364
2012-08-26 02:00:00,83.0760173302528
2012-08-26 03:00:00,40.231878959039314
2012-08-26 04:00:00,10.724243365747348
2012-08-26 05:00:00,11.551015106949384
2012-08-26 06:00:00,19.54182540838242
2012-08-26 07:00:00,50.39660700392524
2012-08-26 08:00:00,128.28642909996984
2012-08-26 09:00:00,250.93470884571056
2012-08-26 10:00:00,390.6992860360809
2012-08-26 11:00:00,480.147789236901
2012-08-26 12:00:00,360.7815963182487
2012-08-26 13:00:00,327.6335915339607
2012-08-26 14:00:00,436.80630744415146
2012-08-26 15:00:00,234.42383865945806
2012-08-26 16:00:00,219.37409351635816
2012-08-26 17:00:00,359.75264201293027
2012-08-26 18:00:00,278.0130141309476
2012-08-26 19:00:00,243.93614429011072
2012-08-26 20:00:00,217.92399564608164
2012-08-26 21:00:00,192.38009879680908
2012-08-26 22:00:00,143.94489363905575
2012-08-26 23:00:00,102.51503315675828
2012-08-27 00:00:00,41.329387366724845
2012-08-27 01:00:00,15.04755742520768
2012-08-27 02:00:00,7.762644531147138
2012-08-27 03:00:00,5.345068401872924
2012-08-27 04:00:00,7.2653681695319765
2012-08-27 05:00:00,34.11117221127656
2012-08-27 06:00:00,145.0242593600605
2012-08-27 07:00:00,429.01796809815045
2012-08-27 08:00:00,631.0947559676758
2012-08-27 09:00:00,329.52129944237674
2012-08-27 10:00:00,193.7908743284673
2012-08-27 11:00:00,223.87865275495608
2012-08-27 12:00:00,291.0440714382628
2012-08-27 13:00:00,283.52394357965443
2012-08-27 14:00:00,247.2926989368271
2012-08-27 15:00:00,274.19346700248155
2012-08-27 16:00:00,420.61745765057583
2012-08-27 17:00:00,816.0125598403132
2012-08-27 18:00:00,807.3972044338213
2012-08-27 19:00:00,566.0970229077465
2012-08-27 20:00:00,413.1981370202402
2012-08-27 21:00:00,297.50059587981303
2012-08-27 22:00:00,186.1690869513891
2012-08-27 23:00:00,107.32126655713185
2012-08-28 00:00:00,42.88373706531142
2012-08-28 01:00:00,16.65491400262461
2012-08-28 02:00:00,8.44746120723914
2012-08-28 03:00:00,5.586188852938996
2012-08-28 04:00:00,7.168974599619856
2012-08-28 05:00:00,36.31767339338247
2012-08-28 06:00:00,140.11512882485687
2012-08-28 07:00:00,400.940253147283
2012-08-28 08:00:00,597.8033824756752
2012-08-28 09:00:00,333.61828202895504
2012-08-28 10:00:00,198.36729438882432
2012-08-28 11:00:00,223.16381654156893
2012-08-28 12:00:00,288.613766122381
2012-08-28 13:00:00,277.5459389129564
2012-08-28 14:00:00,237.49700935762763
2012-08-28 15:00:00,281.80481817764104
2012-08-28 16:00:00,428.83930607624256
2012-08-28 17:00:00,823.9488264806943
2012-08-28 18:00:00,822.416877790878
2012-08-28 19:00:00,601.4092637571857
2012-08-28 20:00:00,437.07152308085494
2012-08-28 21:00:00,324.5013518127802
2012-08-28 22:00:00,227.45988077926953
2012-08-28 23:00:00,133.79046009705542
2012-08-29 00:00:00,51.72336912350668
2012-08-29 01:00:00,18.956815845785115
2012-08-29 02:00:00,8.974267963555477
2012-08-29 03:00:00,6.21883496864455
2012-08-29 04:00:00,6.658862418957264
2012-08-29 05:00:00,39.502492899884125
2012-08-29 06:00:00,172.52789860061455
2012-08-29 07:00:00,477.4989138033988
2012-08-29 08:00:00,727.0925158536661
2012-08-29 09:00:00,367.0111779148021
2012-08-29 10:00:00,211.5200541507241
2012-08-29 11:00:00,244.17015755767673
2012-08-29 12:00:00,309.58735751705774
2012-08-29 13:00:00,299.137244946774
2012-08-29 14:00:00,264.79411765479375
2012-08-29 15:00:00,298.175450781048
2012-08-29 16:00:00,453.31181816839097
2012-08-29 17:00:00,837.4932942183441
2012-08-29 18:00:00,837.8471529283412
2012-08-29 19:00:00,603.9366701402014
2012-08-29 20:00:00,440.3703920101535
2012-08-29 21:00:00,335.01582112451814
2012-08-29 22:00:00,243.35415910237361
2012-08-29 23:00:00,148.4963681705344
2012-08-30 00:00:00,56.83010576240229
2012-08-30 01:00:00,21.552160111156507
2012-08-30 02:00:00,10.51618662810846
2012-08-30 03:00:00,6.875880166102622
2012-08-30 04:00:00,7.559029816123636
2012-08-30 05:00:00,41.41769212324209
2012-08-30 06:00:00,178.52193333440442
2012-08-30 07:00:00,483.1445093380791
2012-08-30 08:00:00,722.2100573397183
2012-08-30 09:00:00,369.2624406228264
2012-08-30 10:00:00,212.42148233547766
2012-08-30 11:00:00,247.2812060238654
2012-08-30 12:00:00,309.1932643367494
2012-08-30 13:00:00,296.2359607870876
2012-08-30 14:00:00,263.9589823396175
2012-08-30 15:00:00,286.9438226103948
2012-08-30 16:00:00,433.6014566655513
2012-08-30 17:00:00,828.3364623673126
2012-08-30 18:00:00,815.9056911986336
2012-08-30 19:00:00,604.5218715300518
2012-08-30 20:00:00,446.5084923847909
2012-08-30 21:00:00,334.42053458091016
2012-08-30 22:00:00,243.6159501216114
2012-08-30 23:00:00,157.6147559765547
2012-08-31 00:00:00,84.52165160352314
2012-08-31 01:00:00,39.22503954106062
2012-08-31 02:00:00,16.44148591009975
2012-08-31 03:00:00,8.451686183240762
2012-08-31 04:00:00,7.786569091893504
2012-08-31 05:00:00,35.659779796842344
2012-08-31 06:00:00,128.26278000156387
2012-08-31 07:00:00,337.35175699415834
2012-08-31 08:00:00,660.4972800518203
2012-08-31 09:00:00,395.0703536496876
2012-08-31 10:00:00,248.58779674290145
2012-08-31 11:00:00,268.75939017983916
2012-08-31 12:00:00,342.2791632332925
2012-08-31 13:00:00,334.4724085746886
2012-08-31 14:00:00,321.8296120053308
2012-08-31 15:00:00,332.86833604570046
2012-08-31 16:00:00,446.58747135251537
2012-08-31 17:00:00,691.7693151155843
2012-08-31 18:00:00,651.3493950935709
2012-08-31 19:00:00,507.317841963544
2012-08-31 20:00:00,364.3294261170365
2012-08-31 21:00:00,307.40168903083736
2012-08-31 22:00:00,267.8902922187325
2012-08-31 23:00:00,211.66468674359388
2012-09-20 00:00:00,54.302369013236564
2012-09-20 01:00:00,21.67928516228131
2012-09-20 02:00:00,10.8650571488787
2012-09-20 03:00:00,6.995747551045706
2012-09-20 04:00:00,7.410041984552014
2012-09-20 05:00:00,39.49328844237616
2012-09-20 06:00:00,165.5616315648662
2012-09-20 07:00:00,464.0162090682144
2012-09-20 08:00:00,749.8225744898539
2012-09-20 09:00:00,375.65081244727696
2012-09-20 10:00:00,216.5328593675987
2012-09-20 11:00:00,250.40547602933512
2012-09-20 12:00:00,317.3318946577741
2012-09-20 13:00:00,306.0740894672324
2012-09-20 14:00:00,271.1683646227964
2012-09-20 15:00:00,307.1056646547638
2012-09-20 16:00:00,455.993421828049
2012-09-20 17:00:00,837.5665971250772
2012-09-20 18:00:00,802.8608291892166
2012-09-20 19:00:00,573.803475973807
2012-09-20 20:00:00,412.91427877096527
2012-09-20 21:00:00,310.6188596569699
2012-09-20 22:00:00,228.78932353757307
2012-09-20 23:00:00,146.28875269340392
2012-09-21 00:00:00,82.32267029607107
2012-09-21 01:00:00,39.69127472834713
2012-09-21 02:00:00,19.242447584097626
2012-09-21 03:00:00,9.701271078612066
2012-09-21 04:00:00,9.425863955948593
2012-09-21 05:00:00,38.25490513670755
2012-09-21 06:00:00,160.02865036323456
2012-09-21 07:00:00,414.7337494562493
2012-09-21 08:00:00,711.9168517285414
2012-09-21 09:00:00,411.03030438397724
2012-09-21 10:00:00,254.3981709437897
2012-09-21 11:00:00,307.7532964472867
2012-09-21 12:00:00,373.9687634981166
2012-09-21 13:00:00,384.4880970268767
2012-09-21 14:00:00,351.27437432910415
2012-09-21 15:00:00,389.4625207806575
2012-09-21 16:00:00,543.3880821548347
2012-09-21 17:00:00,798.218882060972
2012-09-21 18:00:00,699.6772383489522
2012-09-21 19:00:00,513.7521357129282
2012-09-21 20:00:00,350.64382220636304
2012-09-21 21:00:00,282.22042121022923
2012-09-21 22:00:00,249.06904392260589
2012-09-21 23:00:00,191.0868308897364
2012-09-22 00:00:00,155.4057234596781
2012-09-22 01:00:00,105.94516781928
2012-09-22 02:00:00,76.39982553285526
2012-09-22 03:00:00,35.150007454214055
2012-09-22 04:00:00,11.28583229093885
2012-09-22 05:00:00,12.918517468484263
2012-09-22 06:00:00,31.18200349702736
2012-09-22 07:00:00,73.88376711178071
2012-09-22 08:00:00,194.9186898856575
2012-09-22 09:00:00,304.9088210562055
2012-09-22 10:00:00,434.54400687191696
2012-09-22 11:00:00,534.3705342224151
2012-09-22 12:00:00,607.837981093879
2012-09-22 13:00:00,610.0569414573484
2012-09-22 14:00:00,598.8247389530018
2012-09-22 15:00:00,596.5882803634809
2012-09-22 16:00:00,593.4999089784164
2012-09-22 17:00:00,588.2133241571115
2012-09-22 18:00:00,508.608329515424
2012-09-22 19:00:00,436.05542059591426
2012-09-22 20:00:00,349.7558049185211
2012-09-22 21:00:00,285.4566782211281
2012-09-22 22:00:00,235.28207643425432
2012-09-22 23:00:00,183.0615220178633
2012-09-23 00:00:00,153.81065436687695
2012-09-23 01:00:00,109.4030173739273
2012-09-23 02:00:00,83.7273360603808
2012-09-23 03:00:00,37.41931496398673
2012-09-23 04:00:00,11.24935582224343
2012-09-23 05:00:00,12.008672721461897
2012-09-23 06:00:00,22.5500759327159
2012-09-23 07:00:00,56.74660280534677
2012-09-23 08:00:00,133.0062352149851
2012-09-23 09:00:00,254.6142022427258
2012-09-23 10:00:00,413.16675860530364
2012-09-23 11:00:00,515.9774719167373
2012-09-23 12:00:00,601.731154326729
2012-09-23 13:00:00,621.9041843785666
2012-09-23 14:00:00,605.44713833226
2012-09-23 15:00:00,599.5844373545671
2012-09-23 16:00:00,592.0278632664989
2012-09-23 17:00:00,537.8867860226584
2012-09-23 18:00:00,421.26730702073473
2012-09-23 19:00:00,332.1706689905305
2012-09-23 20:00:00,253.9455707337686
2012-09-23 21:00:00,179.87049531248448
2012-09-23 22:00:00,148.6804173999456
2012-09-23 23:00:00,88.09769048215469
2012-09-24 00:00:00,39.54621065635574
2012-09-24 01:00:00,16.421040716654396
2012-09-24 02:00:00,7.791433504215569
2012-09-24 03:00:00,5.214433416689049
2012-09-24 04:00:00,7.62704706664811
2012-09-24 05:00:00,37.91796538264585
2012-09-24 06:00:00,157.65792243658115
2012-09-24 07:00:00,460.5554382376837
2012-09-24 08:00:00,758.7672142749957
2012-09-24 09:00:00,369.8046367904861
2012-09-24 10:00:00,200.7826698413882
2012-09-24 11:00:00,239.26288896907704
2012-09-24 12:00:00,308.52296028405794
2012-09-24 13:00:00,299.27834710436775
2012-09-24 14:00:00,265.9843789119768
2012-09-24 15:00:00,304.2999612254481
2012-09-24 16:00:00,446.9853597990866
2012-09-24 17:00:00,832.3642506783547
2012-09-24 18:00:00,774.8033574002359
2012-09-24 19:00:00,534.3763456633528
2012-09-24 20:00:00,382.0083457757834
2012-09-24 21:00:00,267.26713760158646
2012-09-24 22:00:00,172.46921338481738
2012-09-24 23:00:00,94.44215622594405
2012-09-25 00:00:00,40.47671850953542
2012-09-25 01:00:00,15.402559786844522
2012-09-25 02:00:00,7.229837289837785
2012-09-25 03:00:00,4.306090378465951
2012-09-25 04:00:00,6.587559370713055
2012-09-25 05:00:00,37.46447715530653
2012-09-25 06:00:00,155.07286181847547
2012-09-25 07:00:00,457.59766893244944
2012-09-25 08:00:00,758.9857718532726
2012-09-25 09:00:00,378.07683500075586
2012-09-25 10:00:00,205.51346785407426
2012-09-25 11:00:00,241.48752111509071
2012-09-25 12:00:00,321.8934042621069
2012-09-25 13:00:00,311.07921777172874
2012-09-25 14:00:00,272.2381281539076
2012-09-25 15:00:00,314.5584503607495
2012-09-25 16:00:00,475.087266286178
2012-09-25 17:00:00,879.8661136979139
2012-09-25 18:00:00,850.5294960228628
2012-09-25 19:00:00,584.4557445721211
2012-09-25 20:00:00,411.1451301355525
2012-09-25 21:00:00,300.9509997441138
2012-09-25 22:00:00,207.4448054349872
2012-09-25 23:00:00,115.66873305988477
2012-09-26 00:00:00,47.46066983566496
2012-09-26 01:00:00,17.60055466911855
2012-09-26 02:00:00,7.952539694653387
2012-09-26 03:00:00,5.27071375793671
2012-09-26 04:00:00,7.341427268943541
2012-09-26 05:00:00,40.92511884530083
2012-09-26 06:00:00,176.66515716074414
2012-09-26 07:00:00,493.0702100301721
2012-09-26 08:00:00,744.243390746466
2012-09-26 09:00:00,386.06927777035423
2012-09-26 10:00:00,211.05945110258608
2012-09-26 11:00:00,251.75655251844614
2012-09-26 12:00:00,321.67653340916434
2012-09-26 13:00:00,308.60080275278557
2012-09-26 14:00:00,272.1496636106474
2012-09-26 15:00:00,308.98861228454905
2012-09-26 16:00:00,467.44040799965967
2012-09-26 17:00:00,854.0316664952411
2012-09-26 18:00:00,845.3787467959978
2012-09-26 19:00:00,601.007001335917
2012-09-26 20:00:00,429.4454064902801
2012-09-26 21:00:00,325.90585480402325
2012-09-26 22:00:00,151.9614547446481
2012-09-26 23:00:00,120.14340488039153
2012-09-27 00:00:00,58.958984094099215
2012-09-27 01:00:00,23.199514771451273
2012-09-27 02:00:00,11.65700109128385
2012-09-27 03:00:00,7.8259761226624445
2012-09-27 04:00:00,7.783546663792803
2012-09-27 05:00:00,42.46467493712834
2012-09-27 06:00:00,174.64164749814591
2012-09-27 07:00:00,500.71764813227253
2012-09-27 08:00:00,772.175531338429
2012-09-27 09:00:00,388.1588030431815
2012-09-27 10:00:00,211.74129153154382
2012-09-27 11:00:00,248.30651760032202
2012-09-27 12:00:00,314.9921910108371
2012-09-27 13:00:00,302.1334905067654
2012-09-27 14:00:00,269.45901357508774
2012-09-27 15:00:00,305.4873247956548
2012-09-27 16:00:00,445.8403545187317
2012-09-27 17:00:00,778.7290894036646
2012-09-27 18:00:00,782.0734961086154
2012-09-27 19:00:00,582.8689540437096
2012-09-27 20:00:00,398.1663518216369
2012-09-27 21:00:00,159.73476900282856
2012-09-27 22:00:00,123.76242644430712
2012-09-27 23:00:00,95.96050379971746
2012-09-28 00:00:00,57.474481058517256
2012-09-28 01:00:00,27.37230638633127
2012-09-28 02:00:00,10.78282088373643
2012-09-28 03:00:00,7.832062094593212
2012-09-28 04:00:00,5.7192146168969575
2012-09-28 05:00:00,37.31222080535083
2012-09-28 06:00:00,133.15365483140474
2012-09-28 07:00:00,338.5113281053168
2012-09-28 08:00:00,660.8084971020802
2012-09-28 09:00:00,366.7164675778264
2012-09-28 10:00:00,229.82144652019468
2012-09-28 11:00:00,294.9013410072116
2012-09-28 12:00:00,379.7116209013498
2012-09-28 13:00:00,386.7842357736845
2012-09-28 14:00:00,357.3999069080634
2012-09-28 15:00:00,389.92236397571435
2012-09-28 16:00:00,550.0543389718741
2012-09-28 17:00:00,795.1748308569585
2012-09-28 18:00:00,699.2490073070277
2012-09-28 19:00:00,373.4888804465746
2012-09-28 20:00:00,253.745919792117
2012-09-28 21:00:00,198.66103587325972
2012-09-28 22:00:00,232.7683947813312
2012-09-28 23:00:00,179.96478639850946
2012-09-29 00:00:00,159.3033452023197
2012-09-29 01:00:00,113.0654437147887
2012-09-29 02:00:00,78.28237483752972
2012-09-29 03:00:00,34.5072547015768
2012-09-29 04:00:00,13.054627550885892
2012-09-29 05:00:00,13.137999558452535
2012-09-29 06:00:00,33.64357529897446
2012-09-29 07:00:00,76.74050993995067
2012-09-29 08:00:00,196.24473599618346
2012-09-29 09:00:00,301.3111272372288
2012-09-29 10:00:00,439.30568792721726
2012-09-29 11:00:00,547.0232513351527
2012-09-29 12:00:00,646.7409959195572
2012-09-29 13:00:00,656.719606944785
2012-09-29 14:00:00,638.6507433512354
2012-09-29 15:00:00,630.2601469275072
2012-09-29 16:00:00,635.0832354725452
2012-09-29 17:00:00,603.4891282027396
2012-09-29 18:00:00,477.67551619050755
2012-09-29 19:00:00,383.695202339008
2012-09-29 20:00:00,296.01708162401684
2012-09-29 21:00:00,253.46459069770498
2012-09-29 22:00:00,205.28271179037884
2012-09-29 23:00:00,168.89646080186594
2012-09-30 00:00:00,141.79800665218275
2012-09-30 01:00:00,114.70977267168846
2012-09-30 02:00:00,80.76921510732458
2012-09-30 03:00:00,37.84792447530193
2012-09-30 04:00:00,12.179495026633663
2012-09-30 05:00:00,11.826414589888763
2012-09-30 06:00:00,24.292183544250896
2012-09-30 07:00:00,56.55746059314205
2012-09-30 08:00:00,137.5539411880985
2012-09-30 09:00:00,269.88093527676284
2012-09-30 10:00:00,427.4029043141952
2012-09-30 11:00:00,529.03728887313
2012-09-30 12:00:00,614.0907918920077
2012-09-30 13:00:00,626.0024323853052
2012-09-30 14:00:00,610.8150345307034
2012-09-30 15:00:00,612.5266934680149
2012-09-30 16:00:00,608.4584476081867
2012-09-30 17:00:00,570.5490863782272
2012-09-30 18:00:00,383.7638131590328
2012-09-30 19:00:00,185.3864950568189
2012-09-30 20:00:00,141.29940815305147
2012-09-30 21:00:00,182.37265618544183
2012-09-30 22:00:00,137.66750681596037
2012-09-30 23:00:00,94.20146154460669
2012-10-20 00:00:00,146.44783548436007
2012-10-20 01:00:00,105.2869234336815
2012-10-20 02:00:00,72.85087165443844
2012-10-20 03:00:00,32.57242797738747
2012-10-20 04:00:00,10.929410388718743
2012-10-20 05:00:00,11.293518498631208
2012-10-20 06:00:00,28.967061846308464
2012-10-20 07:00:00,73.6911828831885
2012-10-20 08:00:00,191.71347571584772
2012-10-20 09:00:00,303.57543234272276
2012-10-20 10:00:00,432.8205347594815
2012-10-20 11:00:00,535.6536607164065
2012-10-20 12:00:00,625.9238002490384
2012-10-20 13:00:00,640.820078907403
2012-10-20 14:00:00,630.5112730082028
2012-10-20 15:00:00,621.3314155490989
2012-10-20 16:00:00,594.1255113032167
2012-10-20 17:00:00,563.5465046456596
2012-10-20 18:00:00,447.878218996372
2012-10-20 19:00:00,365.8685922135289
2012-10-20 20:00:00,280.9812536355764
2012-10-20 21:00:00,214.79300037624193
2012-10-20 22:00:00,179.9040572251447
2012-10-20 23:00:00,144.63066881276282
2012-10-21 00:00:00,124.13416506928542
2012-10-21 01:00:00,100.52664945099613
2012-10-21 02:00:00,73.65881110763726
2012-10-21 03:00:00,33.694803883759874
2012-10-21 04:00:00,10.82651219681901
2012-10-21 05:00:00,10.025193402960111
2012-10-21 06:00:00,20.379260178396358
2012-10-21 07:00:00,55.71729066244926
2012-10-21 08:00:00,121.65741916782093
2012-10-21 09:00:00,233.91768799539616
2012-10-21 10:00:00,376.20735096647434
2012-10-21 11:00:00,497.32988349163253
2012-10-21 12:00:00,586.7267396292419
2012-10-21 13:00:00,607.2425142703776
2012-10-21 14:00:00,594.3377157449165
2012-10-21 15:00:00,587.3758091567423
2012-10-21 16:00:00,565.6330087672374
2012-10-21 17:00:00,496.45162478947685
2012-10-21 18:00:00,399.6980448579677
2012-10-21 19:00:00,303.7957655042402
2012-10-21 20:00:00,223.71293822849566
2012-10-21 21:00:00,142.62558184387333
2012-10-21 22:00:00,119.0083837412065
2012-10-21 23:00:00,81.4698381941474
2012-10-22 00:00:00,33.78775386748732
2012-10-22 01:00:00,13.548833391321757
2012-10-22 02:00:00,6.724583215785377
2012-10-22 03:00:00,4.7052255781134305
2012-10-22 04:00:00,6.344897229520107
2012-10-22 05:00:00,34.854085348791955
2012-10-22 06:00:00,144.2203917378411
2012-10-22 07:00:00,430.5541383619582
2012-10-22 08:00:00,738.5508062315721
2012-10-22 09:00:00,354.3266385387136
2012-10-22 10:00:00,199.69733476192937
2012-10-22 11:00:00,240.40959061273563
2012-10-22 12:00:00,318.3234033850848
2012-10-22 13:00:00,308.30710616396203
2012-10-22 14:00:00,266.71162723119346
2012-10-22 15:00:00,311.1652556804294
2012-10-22 16:00:00,472.8552645680614
2012-10-22 17:00:00,866.8446136219612
2012-10-22 18:00:00,761.4000133833124
2012-10-22 19:00:00,532.7603785918097
2012-10-22 20:00:00,365.3691911655835
2012-10-22 21:00:00,266.0707580693294
2012-10-22 22:00:00,163.27844919844486
2012-10-22 23:00:00,95.69050480735433
2012-10-23 00:00:00,40.75496409461564
2012-10-23 01:00:00,16.205458582216462
2012-10-23 02:00:00,7.128483856541539
2012-10-23 03:00:00,5.272364412931076
2012-10-23 04:00:00,7.373255197007669
2012-10-23 05:00:00,38.1144210289205
2012-10-23 06:00:00,155.71302239156833
2012-10-23 07:00:00,431.74961618277354
2012-10-23 08:00:00,726.875808799795
2012-10-23 09:00:00,361.3167502334092
2012-10-23 10:00:00,209.26979259587742
2012-10-23 11:00:00,248.35795800631277
2012-10-23 12:00:00,318.79095874921717
2012-10-23 13:00:00,306.4214137486795
2012-10-23 14:00:00,277.1910610135394
2012-10-23 15:00:00,315.6687103684631
2012-10-23 16:00:00,479.5948526103788
2012-10-23 17:00:00,887.8483462569944
2012-10-23 18:00:00,845.6571811786713
2012-10-23 19:00:00,594.4934598815046
2012-10-23 20:00:00,413.7666526802883
2012-10-23 21:00:00,296.33997310541866
2012-10-23 22:00:00,208.44766334794303
2012-10-23 23:00:00,120.51957492820607
2012-10-24 00:00:00,49.83629127919578
2012-10-24 01:00:00,18.313402252736577
2012-10-24 02:00:00,8.859445154439273
2012-10-24 03:00:00,6.531512138945261
2012-10-24 04:00:00,7.605714503683998
2012-10-24 05:00:00,41.832309292460664
2012-10-24 06:00:00,177.21138110645796
2012-10-24 07:00:00,464.2917265995629
2012-10-24 08:00:00,684.3215675954857
2012-10-24 09:00:00,362.7267142867139
2012-10-24 10:00:00,196.27607552605
2012-10-24 11:00:00,251.33880411729186
2012-10-24 12:00:00,323.51666850913284
2012-10-24 13:00:00,315.2310060504694
2012-10-24 14:00:00,274.9106749816433
2012-10-24 15:00:00,322.11459238596524
2012-10-24 16:00:00,479.2232697956672
2012-10-24 17:00:00,879.2867115536353
2012-10-24 18:00:00,862.0686059456461
2012-10-24 19:00:00,582.7646514546254
2012-10-24 20:00:00,417.6253491102325
2012-10-24 21:00:00,310.3470244015319
2012-10-24 22:00:00,212.79599284119445
2012-10-24 23:00:00,127.02237994290202
2012-10-25 00:00:00,52.68063706582923
2012-10-25 01:00:00,22.231799073553212
2012-10-25 02:00:00,11.241639495680843
2012-10-25 03:00:00,6.035935515117082
2012-10-25 04:00:00,7.491924208936577
2012-10-25 05:00:00,37.31768156721037
2012-10-25 06:00:00,148.9749826831886
2012-10-25 07:00:00,422.95689025874816
2012-10-25 08:00:00,686.1282352706622
2012-10-25 09:00:00,336.41963599269815
2012-10-25 10:00:00,180.2984760088821
2012-10-25 11:00:00,193.7772177382676
2012-10-25 12:00:00,261.8842177556727
2012-10-25 13:00:00,247.21922024731143
2012-10-25 14:00:00,264.7245610615133
2012-10-25 15:00:00,310.18966242613976
2012-10-25 16:00:00,447.6818027425272
2012-10-25 17:00:00,819.1926136259165
2012-10-25 18:00:00,584.2679595905582
2012-10-25 19:00:00,440.5364894143215
2012-10-25 20:00:00,297.31994980661733
2012-10-25 21:00:00,215.77977692009625
2012-10-25 22:00:00,189.6049887437124
2012-10-25 23:00:00,122.43687580570707
2012-10-26 00:00:00,72.38122851464806
2012-10-26 01:00:00,32.94493264643113
2012-10-26 02:00:00,13.868069084667995
2012-10-26 03:00:00,7.279167279489829
2012-10-26 04:00:00,7.76890582501809
2012-10-26 05:00:00,34.13608247321612
2012-10-26 06:00:00,136.09380423538425
2012-10-26 07:00:00,371.8370589837275
2012-10-26 08:00:00,601.4200678824394
2012-10-26 09:00:00,354.0979461783586
2012-10-26 10:00:00,192.19683084093262
2012-10-26 11:00:00,266.1660336201052
2012-10-26 12:00:00,341.7690601973904
2012-10-26 13:00:00,356.18408410056475
2012-10-26 14:00:00,337.5318624460759
2012-10-26 15:00:00,387.1491557525984
2012-10-26 16:00:00,483.217695924327
2012-10-26 17:00:00,668.5719179240276
2012-10-26 18:00:00,555.5946647682165
2012-10-26 19:00:00,357.0480267627345
2012-10-26 20:00:00,249.19477415524588
2012-10-26 21:00:00,237.680461416461
2012-10-26 22:00:00,187.49074742327798
2012-10-26 23:00:00,179.31963123618235
2012-10-27 00:00:00,151.50029806789678
2012-10-27 01:00:00,101.09927959668701
2012-10-27 02:00:00,69.48100002441073
2012-10-27 03:00:00,36.48799903669014
2012-10-27 04:00:00,10.643553492836727
2012-10-27 05:00:00,11.05707998916574
2012-10-27 06:00:00,27.72627634538733
2012-10-27 07:00:00,74.34213548103875
2012-10-27 08:00:00,190.71255815775697
2012-10-27 09:00:00,286.03279730901954
2012-10-27 10:00:00,425.11859719831534
2012-10-27 11:00:00,540.8478551898158
2012-10-27 12:00:00,629.1615268944398
2012-10-27 13:00:00,651.5828637912248
2012-10-27 14:00:00,628.5920124823989
2012-10-27 15:00:00,552.0686296989451
2012-10-27 16:00:00,536.2235783865219
2012-10-27 17:00:00,522.828611469323
2012-10-27 18:00:00,437.42619703334594
2012-10-27 19:00:00,342.9139106628123
2012-10-27 20:00:00,265.6195209638334
2012-10-27 21:00:00,222.15493459060474
2012-10-27 22:00:00,182.22836909396972
2012-10-27 23:00:00,138.2606016900504
2012-10-28 00:00:00,91.57180352626398
2012-10-28 01:00:00,104.03235556725383
2012-10-28 02:00:00,75.69055572121702
2012-10-28 03:00:00,36.63238294534008
2012-10-28 04:00:00,11.858636983044477
2012-10-28 05:00:00,11.17702895311572
2012-10-28 06:00:00,21.95030831070314
2012-10-28 07:00:00,51.95669272748901
2012-10-28 08:00:00,124.33271904267606
2012-10-28 09:00:00,240.31293690285284
2012-10-28 10:00:00,338.1018329494446
2012-10-28 11:00:00,435.27244956633035
2012-10-28 12:00:00,471.01827053788696
2012-10-28 13:00:00,476.4953283582998
2012-10-28 14:00:00,469.4653588554696
2012-10-28 15:00:00,457.01305453175695
2012-10-28 16:00:00,301.9030980102167
2012-10-28 17:00:00,197.1512372275875
2012-10-28 18:00:00,97.28685852598919
2012-10-28 19:00:00,102.80735039279818
2012-10-28 20:00:00,73.92562750010595
2012-10-28 21:00:00,70.37779692985961
2012-10-28 22:00:00,65.06375668717338
2012-10-28 23:00:00,45.90430601868114
2012-10-29 00:00:00,22.92842292791454
2012-10-30 13:00:00,102.85127914838722
2012-10-30 14:00:00,93.44118866040891
2012-10-30 15:00:00,92.45768139609191
2012-10-30 16:00:00,135.53309088493026
2012-10-30 17:00:00,282.29497931570046
2012-10-30 18:00:00,314.2502144955289
2012-10-30 19:00:00,482.29147841653395
2012-10-30 20:00:00,232.0843176352512
2012-10-30 21:00:00,162.16520371048506
2012-10-30 22:00:00,134.05167464165967
2012-10-30 23:00:00,88.63162247400822
2012-10-31 00:00:00,38.40245119990302
2012-10-31 01:00:00,14.382543352184388
2012-10-31 02:00:00,6.758505447309527
2012-10-31 03:00:00,4.85831564803594
2012-10-31 04:00:00,6.171532205136415
2012-10-31 05:00:00,33.81025576389353
2012-10-31 06:00:00,142.18070069586923
2012-10-31 07:00:00,386.2150407133103
2012-10-31 08:00:00,681.4107834234698
2012-10-31 09:00:00,331.27011349733436
2012-10-31 10:00:00,173.80243951865526
2012-10-31 11:00:00,188.70033365808575
2012-10-31 12:00:00,249.86242616023713
2012-10-31 13:00:00,238.86366455820684
2012-10-31 14:00:00,209.8723609955531
2012-10-31 15:00:00,243.35515661104836
2012-10-31 16:00:00,344.14544185781267
2012-10-31 17:00:00,646.6394159273407
2012-10-31 18:00:00,632.9499552533525
2012-10-31 19:00:00,425.47102255834824
2012-10-31 20:00:00,302.46285941159005
2012-10-31 21:00:00,217.33585362994512
2012-10-31 22:00:00,160.57293107567907
2012-10-31 23:00:00,104.4087098283034
2012-11-20 00:00:00,31.86492660655127
2012-11-20 01:00:00,12.822022752305784
2012-11-20 02:00:00,5.44460657913573
2012-11-20 03:00:00,4.081644938314771
2012-11-20 04:00:00,6.707553366045505
2012-11-20 05:00:00,32.56573479353499
2012-11-20 06:00:00,136.86925929319912
2012-11-20 07:00:00,415.8111374389144
2012-11-20 08:00:00,697.3788303759678
2012-11-20 09:00:00,327.66787031439867
2012-11-20 10:00:00,172.59414170081232
2012-11-20 11:00:00,193.4486820296741
2012-11-20 12:00:00,240.6314589553116
2012-11-20 13:00:00,235.5824692922701
2012-11-20 14:00:00,212.20367826205646
2012-11-20 15:00:00,250.00191579540825
2012-11-20 16:00:00,350.42535964563376
2012-11-20 17:00:00,643.9114084755088
2012-11-20 18:00:00,629.4522491093878
2012-11-20 19:00:00,429.88227505662064
2012-11-20 20:00:00,289.66661825411444
2012-11-20 21:00:00,215.58906053803292
2012-11-20 22:00:00,157.0246488328582
2012-11-20 23:00:00,90.49449367834353
2012-11-21 00:00:00,39.026738759276945
2012-11-21 01:00:00,15.47590251990837
2012-11-21 02:00:00,6.518155036781738
2012-11-21 03:00:00,5.203195130105389
2012-11-21 04:00:00,6.076821316878334
2012-11-21 05:00:00,34.07388212406987
2012-11-21 06:00:00,137.86556706569266
2012-11-21 07:00:00,393.6085577042436
2012-11-21 08:00:00,660.4438451992514
2012-11-21 09:00:00,325.80006020489196
2012-11-21 10:00:00,182.1139166105839
2012-11-21 11:00:00,203.8258642384405
2012-11-21 12:00:00,262.2714336171052
2012-11-21 13:00:00,245.90412854249635
2012-11-21 14:00:00,237.11542745908488
2012-11-21 15:00:00,268.0050376059256
2012-11-21 16:00:00,379.89902056301173
2012-11-21 17:00:00,671.9583621802205
2012-11-21 18:00:00,664.9016839183928
2012-11-21 19:00:00,423.21078836538584
2012-11-21 20:00:00,289.9593167232972
2012-11-21 21:00:00,218.0689423062268
2012-11-21 22:00:00,151.93058080989312
2012-11-21 23:00:00,99.52558103600374
2012-11-22 00:00:00,79.83374986335255
2012-11-22 01:00:00,47.0071114098902
2012-11-22 02:00:00,30.374248803456716
2012-11-22 03:00:00,13.321520446677667
2012-11-22 04:00:00,8.3692323755017
2012-11-22 05:00:00,13.008255859179407
2012-11-22 06:00:00,35.07740020250746
2012-11-22 07:00:00,80.61137853667813
2012-11-22 08:00:00,190.37346712407256
2012-11-22 09:00:00,248.14532793924403
2012-11-22 10:00:00,329.4662397125555
2012-11-22 11:00:00,406.80615213727316
2012-11-22 12:00:00,442.416820807345
2012-11-22 13:00:00,458.8918069807261
2012-11-22 14:00:00,455.2801836830866
2012-11-22 15:00:00,451.8079770529887
2012-11-22 16:00:00,449.1538989470758
2012-11-22 17:00:00,457.8755256415394
2012-11-22 18:00:00,375.8729000939604
2012-11-22 19:00:00,292.8887041176512
2012-11-22 20:00:00,220.68072982341633
2012-11-22 21:00:00,174.65813002093932
2012-11-22 22:00:00,151.71178153282213
2012-11-22 23:00:00,103.83043417233448
2012-11-23 00:00:00,57.3781543491221
2012-11-23 01:00:00,29.652896055295642
2012-11-23 02:00:00,11.220280909733502
2012-11-23 03:00:00,5.519295819226646
2012-11-23 04:00:00,6.735443118927412
2012-11-23 05:00:00,28.731638234708885
2012-11-23 06:00:00,120.03566448949798
2012-11-23 07:00:00,336.64898574854533
2012-11-23 08:00:00,628.5663383479024
2012-11-23 09:00:00,353.2364837970703
2012-11-23 10:00:00,200.7360086370001
2012-11-23 11:00:00,249.76524732672056
2012-11-23 12:00:00,323.99570873873984
2012-11-23 13:00:00,339.593853334557
2012-11-23 14:00:00,333.9425680878258
2012-11-23 15:00:00,355.6894910613396
2012-11-23 16:00:00,467.69768199108
2012-11-23 17:00:00,719.8691627361975
2012-11-23 18:00:00,594.2973746651089
2012-11-23 19:00:00,413.0257974844309
2012-11-23 20:00:00,301.4486680710672
2012-11-23 21:00:00,230.29538492216986
2012-11-23 22:00:00,173.5627624900525
2012-11-23 23:00:00,142.98371316481956
2012-11-24 00:00:00,119.17335158722369
2012-11-24 01:00:00,80.57209315651873
2012-11-24 02:00:00,52.59042197055596
2012-11-24 03:00:00,24.28233360410467
2012-11-24 04:00:00,8.268418906654793
2012-11-24 05:00:00,8.364242746347335
2012-11-24 06:00:00,21.007689279463243
2012-11-24 07:00:00,53.03564768706808
2012-11-24 08:00:00,131.3987047416532
2012-11-24 09:00:00,196.2761938942874
2012-11-24 10:00:00,279.3659585582412
2012-11-24 11:00:00,340.07026492292
2012-11-24 12:00:00,362.71827072706355
2012-11-24 13:00:00,445.9606485424374
2012-11-24 14:00:00,414.460613404299
2012-11-24 15:00:00,388.00391185410336
2012-11-24 16:00:00,353.51855150837866
2012-11-24 17:00:00,313.6454461183874
2012-11-24 18:00:00,258.36897459779874
2012-11-24 19:00:00,227.2892070076487
2012-11-24 20:00:00,170.64238214562056
2012-11-24 21:00:00,140.55898491978985
2012-11-24 22:00:00,123.35031013367986
2012-11-24 23:00:00,103.33713957277399
2012-11-25 00:00:00,94.86449708480211
2012-11-25 01:00:00,84.09375351406979
2012-11-25 02:00:00,53.74502116002053
2012-11-25 03:00:00,26.74262633058433
2012-11-25 04:00:00,8.722157113136548
2012-11-25 05:00:00,7.55658573600232
2012-11-25 06:00:00,13.661021175388864
2012-11-25 07:00:00,35.60183396883728
2012-11-25 08:00:00,85.04416783801864
2012-11-25 09:00:00,155.32987512005087
2012-11-25 10:00:00,246.3617098049153
2012-11-25 11:00:00,300.8300751965499
2012-11-25 12:00:00,348.9598287445574
2012-11-25 13:00:00,356.80320979956747
2012-11-25 14:00:00,355.0745389566654
2012-11-25 15:00:00,365.91235364313155
2012-11-25 16:00:00,353.6513315805142
2012-11-25 17:00:00,285.6638303464329
2012-11-25 18:00:00,216.90958110415562
2012-11-25 19:00:00,183.1930809241951
2012-11-25 20:00:00,138.2889171263788
2012-11-25 21:00:00,105.97762061838952
2012-11-25 22:00:00,89.61503330287204
2012-11-25 23:00:00,59.45249258213522
2012-11-26 00:00:00,26.581664395205387
2012-11-26 01:00:00,9.792948195970657
2012-11-26 02:00:00,4.743005089041183
2012-11-26 03:00:00,3.8495550138577808
2012-11-26 04:00:00,5.564144533704128
2012-11-26 05:00:00,30.25915925271837
2012-11-26 06:00:00,126.10074774254758
2012-11-26 07:00:00,386.61145307586776
2012-11-26 08:00:00,671.2767404265662
2012-11-26 09:00:00,316.15024843109865
2012-11-26 10:00:00,164.72790191255132
2012-11-26 11:00:00,191.535923994871
2012-11-26 12:00:00,259.1551639573072
2012-11-26 13:00:00,245.0086626134929
2012-11-26 14:00:00,223.19772223956792
2012-11-26 15:00:00,244.83974173446745
2012-11-26 16:00:00,377.02275867686535
2012-11-26 17:00:00,693.1963684159397
2012-11-26 18:00:00,597.0176078521142
2012-11-26 19:00:00,408.4291537650605
2012-11-26 20:00:00,286.7596989177565
2012-11-26 21:00:00,198.96514560909222
2012-11-26 22:00:00,136.69439226331542
2012-11-26 23:00:00,79.94253954764098
2012-11-27 00:00:00,29.98628416645929
2012-11-27 01:00:00,12.543587531033383
2012-11-27 02:00:00,5.641174099804048
2012-11-27 03:00:00,3.7690880290967774
2012-11-27 04:00:00,6.079196322134601
2012-11-27 05:00:00,31.15999694916638
2012-11-27 06:00:00,133.1546651453381
2012-11-27 07:00:00,220.8019097174838
2012-11-27 08:00:00,370.16107927088353
2012-11-27 09:00:00,304.8440777387654
2012-11-27 10:00:00,96.28745213645018
2012-11-27 11:00:00,85.71199316529464
2012-11-27 12:00:00,92.42574110183608
2012-11-27 13:00:00,96.19007004282243
2012-11-27 14:00:00,83.3456790257084
2012-11-27 15:00:00,184.06007770391057
2012-11-27 16:00:00,274.188575576814
2012-11-27 17:00:00,526.6347962635191
2012-11-27 18:00:00,414.3076482937254
2012-11-27 19:00:00,329.5349495588083
2012-11-27 20:00:00,234.56295096385435
2012-11-27 21:00:00,152.94162742229727
2012-11-27 22:00:00,124.19797690440818
2012-11-27 23:00:00,76.23235180356276
2012-11-28 00:00:00,36.411720818022516
2012-11-28 01:00:00,13.51109434057907
2012-11-28 02:00:00,6.398447605599873
2012-11-28 03:00:00,4.239596359351571
2012-11-28 04:00:00,5.788041493663158
2012-11-28 05:00:00,32.40559223182321
2012-11-28 06:00:00,131.35829064688272
2012-11-28 07:00:00,385.58334140335444
2012-11-28 08:00:00,661.8489183829006
2012-11-28 09:00:00,317.54632082571635
2012-11-28 10:00:00,167.60101430950385
2012-11-28 11:00:00,188.10686313503516
2012-11-28 12:00:00,228.77907108908724
2012-11-28 13:00:00,224.42408613046288
2012-11-28 14:00:00,206.80467672985253
2012-11-28 15:00:00,228.10134986262167
2012-11-28 16:00:00,325.39156858128626
2012-11-28 17:00:00,617.3116759348067
2012-11-28 18:00:00,559.7026510092223
2012-11-28 19:00:00,388.59687465200244
2012-11-28 20:00:00,277.53045415795134
2012-11-28 21:00:00,194.99089040027886
2012-11-28 22:00:00,137.7698325936205
2012-11-28 23:00:00,87.62500290679021
2012-11-29 00:00:00,38.049710215579104
2012-11-29 01:00:00,12.804742907852754
2012-11-29 02:00:00,6.010367135291572
2012-11-29 04:00:00,5.984489896481893
2012-11-29 05:00:00,32.26751729858489
2012-11-29 06:00:00,133.67017923843179
2012-11-29 07:00:00,379.567354976516
2012-11-29 08:00:00,662.2694236338316
2012-11-29 09:00:00,317.6920807718202
2012-11-29 10:00:00,164.85785375967987
2012-11-29 11:00:00,201.00999083453593
2012-11-29 12:00:00,249.90160335761567
2012-11-29 13:00:00,245.2059483646684
2012-11-29 14:00:00,211.07135926946813
2012-11-29 15:00:00,230.43901665254543
2012-11-29 16:00:00,333.563554898524
2012-11-29 17:00:00,611.0330009228934
2012-11-29 18:00:00,579.2066399116626
2012-11-29 19:00:00,370.329173657291
2012-11-29 20:00:00,272.00870379389204
2012-11-29 21:00:00,188.67407052277832
2012-11-29 22:00:00,144.83298307781396
2012-11-29 23:00:00,104.31779909732826
2012-11-30 00:00:00,55.23507553305889
2012-11-30 01:00:00,26.992299057073122
2012-11-30 02:00:00,10.480625142394176
2012-11-30 03:00:00,5.684763290845126
2012-11-30 04:00:00,6.2670432628310175
2012-11-30 05:00:00,28.561881253417923
2012-11-30 06:00:00,112.85037049400857
2012-11-30 07:00:00,332.1111542745367
2012-11-30 08:00:00,621.3770301024786
2012-11-30 09:00:00,347.1549754537144
2012-11-30 10:00:00,182.44311623698138
2012-11-30 11:00:00,225.26857083307075
2012-11-30 12:00:00,298.7822534746744
2012-11-30 13:00:00,308.19873134765237
2012-11-30 14:00:00,284.675006863456
2012-11-30 15:00:00,311.97740514506194
2012-11-30 16:00:00,432.05031305431675
2012-11-30 17:00:00,599.9321918578585
2012-11-30 18:00:00,500.51591018540415
2012-11-30 19:00:00,349.4977075260389
2012-11-30 20:00:00,234.52678985082846
2012-11-30 21:00:00,181.29432129273872
2012-11-30 22:00:00,163.57420584679278
2012-11-30 23:00:00,128.46535598916645
2012-12-20 00:00:00,42.757744162669326
2012-12-20 01:00:00,15.681884535971292
2012-12-20 02:00:00,7.205164837303131
2012-12-20 03:00:00,4.4429147491369845
2012-12-20 04:00:00,6.167866433714128
2012-12-20 05:00:00,34.38090807615047
2012-12-20 06:00:00,138.9963702274277
2012-12-20 07:00:00,404.7916802927423
2012-12-20 08:00:00,679.5039226401625
2012-12-20 09:00:00,318.7655943069095
2012-12-20 10:00:00,167.38454165645402
2012-12-20 11:00:00,186.12499348922762
2012-12-20 12:00:00,237.12723057759015
2012-12-20 13:00:00,224.6986716493841
2012-12-20 14:00:00,204.2880272111093
2012-12-20 15:00:00,213.40249782003605
2012-12-20 16:00:00,307.3843951010601
2012-12-20 17:00:00,583.0704536975818
2012-12-20 18:00:00,560.7641749924114
2012-12-20 19:00:00,258.95139811945114
2012-12-20 20:00:00,183.86984567353977
2012-12-20 21:00:00,134.05746263244546
2012-12-20 22:00:00,75.49867447869829
2012-12-20 23:00:00,63.983369888665095
2012-12-21 00:00:00,26.47427806903542
2012-12-21 01:00:00,15.214081990784644
2012-12-21 02:00:00,6.994806513235045
2012-12-21 03:00:00,2.89477645888714
2012-12-21 04:00:00,2.4161528483540673
2012-12-21 05:00:00,17.411333252890167
2012-12-21 06:00:00,73.6806798783933
2012-12-21 07:00:00,240.11179019148904
2012-12-21 08:00:00,450.2581113867886
2012-12-21 09:00:00,236.90819149515875
2012-12-21 10:00:00,125.74072403584839
2012-12-21 11:00:00,141.31093992880753
2012-12-21 12:00:00,175.5893206520916
2012-12-21 13:00:00,174.6859796992081
2012-12-21 14:00:00,154.5377987012948
2012-12-21 15:00:00,166.2055093613496
2012-12-21 16:00:00,211.617560150932
2012-12-21 17:00:00,334.82900624010273
2012-12-21 18:00:00,290.5257906474735
2012-12-21 19:00:00,201.8378067534041
2012-12-21 20:00:00,139.21534421316517
2012-12-21 21:00:00,103.67781836109404
2012-12-21 22:00:00,95.29850178042284
2012-12-21 23:00:00,75.71080236281479
2012-12-22 00:00:00,63.8980626501555
2012-12-22 01:00:00,46.22093164818978
2012-12-22 02:00:00,36.5982300938311
2012-12-22 03:00:00,16.265605197388012
2012-12-22 04:00:00,4.235374240017904
2012-12-22 05:00:00,3.9700204763102214
2012-12-22 06:00:00,8.442713561105
2012-12-22 07:00:00,27.20360641214126
2012-12-22 08:00:00,82.24684595985212
2012-12-22 09:00:00,122.27121466329308
2012-12-22 10:00:00,188.213024229856
2012-12-22 11:00:00,223.93724824758633
2012-12-22 12:00:00,263.6161159424343
2012-12-22 13:00:00,307.3395624560837
2012-12-22 14:00:00,283.7513682282739
2012-12-22 15:00:00,270.4321203811739
2012-12-22 16:00:00,244.38174333565277
2012-12-22 17:00:00,202.0071821672729
2012-12-22 18:00:00,164.1616782298403
2012-12-22 19:00:00,137.32225735886868
2012-12-22 20:00:00,107.44526555771375
2012-12-22 21:00:00,79.76432151713304
2012-12-22 22:00:00,71.28501109100281
2012-12-22 23:00:00,57.6665634374478
2012-12-23 00:00:00,58.70881282723778
2012-12-23 01:00:00,51.737927100478046
2012-12-23 02:00:00,43.641631872460486
2012-12-23 03:00:00,22.78195398384805
2012-12-23 04:00:00,5.959811825263598
2012-12-23 05:00:00,4.16140250465441
2012-12-23 06:00:00,5.925801326560794
2012-12-23 07:00:00,18.9708370090157
2012-12-23 08:00:00,44.00203944749255
2012-12-23 09:00:00,86.38416793931901
2012-12-23 10:00:00,148.99276891960653
2012-12-23 11:00:00,189.9106762580081
2012-12-23 12:00:00,266.5214599012629
2012-12-23 13:00:00,298.64033602369
2012-12-23 14:00:00,295.14603111999253
2012-12-23 15:00:00,301.78877779100736
2012-12-23 16:00:00,274.2925893145747
2012-12-23 17:00:00,213.83031004726124
2012-12-23 18:00:00,160.65710684228048
2012-12-23 19:00:00,128.77036666440412
2012-12-23 20:00:00,84.80002716814239
2012-12-23 21:00:00,69.36937747330249
2012-12-23 22:00:00,62.09598081192337
2012-12-23 23:00:00,41.504606303412054
2012-12-24 00:00:00,15.653842281041637
2012-12-24 01:00:00,5.788764134705022
2012-12-24 02:00:00,3.5091152426469163
2012-12-24 03:00:00,2.260503602158047
2012-12-24 05:00:00,16.83238459088632
2012-12-24 06:00:00,75.56207706594755
2012-12-24 07:00:00,244.53566207759275
2012-12-24 08:00:00,450.41721335322364
2012-12-24 09:00:00,210.74154342198455
2012-12-24 10:00:00,95.81692020127703
2012-12-24 11:00:00,104.32241130981421
2012-12-24 12:00:00,131.04611003086737
2012-12-24 13:00:00,65.9402661895305
2012-12-24 14:00:00,59.22975354630648
2012-12-24 15:00:00,52.29761341938659
2012-12-24 16:00:00,72.60040486218786
2012-12-24 17:00:00,188.88660743117327
2012-12-24 18:00:00,193.89287070218586
2012-12-24 19:00:00,207.92604135441297
2012-12-24 20:00:00,93.32862127178583
2012-12-24 21:00:00,68.87001162602856
2012-12-24 22:00:00,73.67953614467528
2012-12-24 23:00:00,31.782312198222808
2012-12-25 00:00:00,25.800126485277755
2012-12-25 01:00:00,23.375220091613297
2012-12-25 02:00:00,17.914565365229187
2012-12-25 04:00:00,4.084252621295583
2012-12-25 05:00:00,4.979562555451623
2012-12-25 06:00:00,10.254555348562883
2012-12-25 07:00:00,24.804186755159357
2012-12-25 08:00:00,81.40176074619406
2012-12-25 09:00:00,112.41335224387718
2012-12-25 10:00:00,172.06660924941963
2012-12-25 11:00:00,199.76914035058323
2012-12-25 12:00:00,222.7410701652883
2012-12-25 13:00:00,257.361228572396
2012-12-25 14:00:00,230.1811102824239
2012-12-25 15:00:00,220.1573879935462
2012-12-25 16:00:00,222.96853239491816
2012-12-25 17:00:00,208.88474955222964
2012-12-25 18:00:00,181.62091657147602
2012-12-25 19:00:00,154.301339619165
2012-12-25 20:00:00,104.68124165801973
2012-12-25 21:00:00,80.25184907184189
2012-12-25 22:00:00,71.8085847681932
2012-12-25 23:00:00,42.04727176535403
2012-12-26 00:00:00,18.918106305416405
2012-12-26 01:00:00,5.010880838400649
2012-12-26 02:00:00,2.962529868229683
2012-12-26 03:00:00,1.9544826030273799
2012-12-26 04:00:00,2.0856885583531124
2012-12-26 05:00:00,15.528112470097751
2012-12-26 06:00:00,76.73598961226202
2012-12-26 07:00:00,99.86304787027568
2012-12-26 08:00:00,166.37983167235498
2012-12-26 09:00:00,75.0206112113338
2012-12-26 10:00:00,46.04797253986988
2012-12-26 11:00:00,39.46488071823795
2012-12-26 12:00:00,47.55592993257051
2012-12-26 13:00:00,45.57829587085896
2012-12-26 14:00:00,47.14664207459528
2012-12-26 15:00:00,44.94612429436812
2012-12-26 16:00:00,63.572916401783125
2012-12-26 17:00:00,136.68748877950975
2012-12-26 18:00:00,137.86785363229205
2012-12-26 19:00:00,119.99081954793377
2012-12-26 20:00:00,65.02149597063226
2012-12-26 21:00:00,94.08739683174286
2012-12-26 22:00:00,35.20689005647308
2012-12-26 23:00:00,23.768988239978736
2012-12-27 00:00:00,10.736676896179862
2012-12-27 01:00:00,3.7430098321997516
2012-12-27 02:00:00,3.188345519606428
2012-12-27 03:00:00,2.3364433610956112
2012-12-27 04:00:00,1.9797524462578047
2012-12-27 05:00:00,19.175283724388226
2012-12-27 06:00:00,82.22276629958404
2012-12-27 07:00:00,267.60151999151606
2012-12-27 08:00:00,458.5027522309392
2012-12-27 09:00:00,220.28421169385763
2012-12-27 10:00:00,106.41093974675863
2012-12-27 11:00:00,110.0186652311548
2012-12-27 12:00:00,137.69735370549552
2012-12-27 13:00:00,128.24758996959534
2012-12-27 14:00:00,103.12451528147784
2012-12-27 15:00:00,112.88175295941933
2012-12-27 16:00:00,170.0607041386547
2012-12-27 17:00:00,338.5466299587729
2012-12-27 18:00:00,323.89330914321806
2012-12-27 19:00:00,216.76640764893295
2012-12-27 20:00:00,171.96553230396935
2012-12-27 21:00:00,111.51851770402074
2012-12-27 22:00:00,83.32478375364542
2012-12-27 23:00:00,54.13163822513409
2012-12-28 00:00:00,34.284933505791535
2012-12-28 01:00:00,16.625024934799416
2012-12-28 02:00:00,5.973299725984162
2012-12-28 03:00:00,3.0316897519711103
2012-12-28 04:00:00,2.6547108193346887
2012-12-28 05:00:00,17.70895173079857
2012-12-28 06:00:00,71.24233113667694
2012-12-28 07:00:00,225.7053616626084
2012-12-28 08:00:00,461.3096113503363
2012-12-28 09:00:00,233.21774121101285
2012-12-28 10:00:00,112.13363946667722
2012-12-28 11:00:00,133.64638678544472
2012-12-28 12:00:00,177.20334926100324
2012-12-28 13:00:00,175.7792232780928
2012-12-28 14:00:00,156.02454336571674
2012-12-28 15:00:00,173.30849605981234
2012-12-28 16:00:00,228.63654817134685
2012-12-28 17:00:00,341.3503623149667
2012-12-28 18:00:00,301.9442690759268
2012-12-28 19:00:00,191.41962685683592
2012-12-28 20:00:00,132.87750041056123
2012-12-28 21:00:00,101.78916117158097
2012-12-28 22:00:00,93.29472088538732
2012-12-28 23:00:00,72.84952895894476
2012-12-29 00:00:00,59.988917347179296
2012-12-29 01:00:00,47.60505263199462
2012-12-29 02:00:00,37.96986156774434
2012-12-29 03:00:00,17.311796668413944
2012-12-29 04:00:00,4.248902743604603
2012-12-29 05:00:00,4.023408976182178
2012-12-29 06:00:00,8.178862143755667
2012-12-29 07:00:00,28.167215936970294
2012-12-29 08:00:00,79.7012187533144
2012-12-29 09:00:00,118.26473601476644
2012-12-29 10:00:00,111.29172448034961
2012-12-29 11:00:00,124.15662534254679
2012-12-29 12:00:00,167.73253069969837
2012-12-29 13:00:00,175.92975654847154
2012-12-29 14:00:00,233.0624841361946
2012-12-29 15:00:00,228.7504676043324
2012-12-29 16:00:00,249.9377492390854
2012-12-29 17:00:00,195.9028986804798
2012-12-29 18:00:00,185.09675897388985
2012-12-29 19:00:00,147.5467591515902
2012-12-29 20:00:00,100.7021811379062
2012-12-29 21:00:00,86.58451485997895
2012-12-29 22:00:00,75.42457798079747
2012-12-29 23:00:00,65.78019915414293
2012-12-30 00:00:00,64.3270129864218
2012-12-30 01:00:00,50.025594819037245
2012-12-30 02:00:00,43.22630053212994
2012-12-30 03:00:00,18.480262816000003
2012-12-30 04:00:00,4.608913211597328
2012-12-30 05:00:00,3.3300907143130187
2012-12-30 06:00:00,4.793834456254205
2012-12-30 07:00:00,17.667879618839944
2012-12-30 08:00:00,49.905333841978
2012-12-30 09:00:00,91.13814963747706
2012-12-30 10:00:00,154.79614885454652
2012-12-30 11:00:00,191.85329055809717
2012-12-30 12:00:00,228.14002007389533
2012-12-30 13:00:00,255.13920924716476
2012-12-30 14:00:00,242.0249677481522
2012-12-30 15:00:00,227.5525053006578
2012-12-30 16:00:00,209.63349171936665
2012-12-30 17:00:00,169.07110310472
2012-12-30 18:00:00,130.01276824297915
2012-12-30 19:00:00,144.0687853977447
2012-12-30 20:00:00,70.9064130420391
2012-12-30 21:00:00,58.36318375469351
2012-12-30 22:00:00,50.52864616144342
2012-12-30 23:00:00,31.517058305978455
2012-12-31 00:00:00,14.335115212795369
2012-12-31 01:00:00,5.419834199630128
2012-12-31 02:00:00,3.5023919128285357
2012-12-31 03:00:00,2.263606053638275
2012-12-31 04:00:00,2.2732865509268585
2012-12-31 05:00:00,15.001078333282736
2012-12-31 06:00:00,70.95918759062371
2012-12-31 07:00:00,225.00657613699676
2012-12-31 08:00:00,392.5484817708661
2012-12-31 09:00:00,197.83721500452634
2012-12-31 10:00:00,83.29242455324766
2012-12-31 11:00:00,94.05949646385972
2012-12-31 12:00:00,122.02913818147475
2012-12-31 13:00:00,119.30802267886176
2012-12-31 14:00:00,111.19742001278111
2012-12-31 15:00:00,120.72975051989161
2012-12-31 16:00:00,171.2737595453906
2012-12-31 17:00:00,348.43639166074126
2012-12-31 18:00:00,342.4913010393633
2012-12-31 19:00:00,223.54120610208884
2012-12-31 20:00:00,165.2715505412891
2012-12-31 21:00:00,114.34537671919225
2012-12-31 22:00:00,82.46167026424928
2012-12-31 23:00:00,46.15933418890224
