datetime,count
2011-01-20 00:00:00,9.325215997794391
2011-01-20 01:00:00,3.969257343717919
2011-01-20 02:00:00,2.5301878997507568
2011-01-20 03:00:00,2.1326582538015577
2011-01-20 04:00:00,2.009749812490795
2011-01-20 05:00:00,5.818938068667876
2011-01-20 06:00:00,34.000138116755494
2011-01-20 07:00:00,101.06582825822026
2011-01-20 08:00:00,194.0961732306087
2011-01-20 09:00:00,98.2346139981533
2011-01-20 10:00:00,52.83967875477047
2011-01-20 11:00:00,54.847508103458786
2011-01-20 12:00:00,70.31532365329329
2011-01-20 13:00:00,64.28540419774711
2011-01-20 14:00:00,61.57791029142457
2011-01-20 15:00:00,64.24785242480348
2011-01-20 16:00:00,92.6841414621945
2011-01-20 17:00:00,178.88185900382157
2011-01-20 18:00:00,169.3336440779184
2011-01-20 19:00:00,104.0270852076097
2011-01-20 20:00:00,83.38768979212685
2011-01-20 21:00:00,53.60560021642726
2011-01-20 22:00:00,40.47338330638944
2011-01-20 23:00:00,21.788992048405422
2011-01-21 00:00:00,14.991760224518709
2011-01-21 01:00:00,5.572155850099219
2011-01-21 02:00:00,3.229584743086033
2011-01-21 03:00:00,1.4843137697659357
2011-01-21 04:00:00,2.053600054110883
2011-01-21 05:00:00,4.556911261484201
2011-01-21 06:00:00,30.634214555847997
2011-01-21 07:00:00,84.49745964531832
2011-01-21 08:00:00,177.2465725716719
2011-01-21 09:00:00,92.60604804657774
2011-01-21 10:00:00,43.85633499344252
2011-01-21 11:00:00,51.635575096453366
2011-01-21 12:00:00,69.92544388081046
2011-01-21 13:00:00,63.61580973231729
2011-01-21 14:00:00,56.86382594180981
2011-01-21 15:00:00,63.1735819051455
2011-01-21 16:00:00,71.56913634849784
2011-01-21 17:00:00,134.35372554828504
2011-01-21 18:00:00,125.28368974388356
2011-01-21 19:00:00,70.80071293547516
2011-01-21 20:00:00,48.48929151197519
2011-01-21 21:00:00,34.949835943197805
2011-01-21 22:00:00,31.360648986206304
2011-01-21 23:00:00,21.38106900224888
2011-01-22 00:00:00,21.172817493413703
2011-01-22 01:00:00,13.501302886645044
2011-01-22 02:00:00,10.740885273208074
2011-01-22 03:00:00,4.761566541122854
2011-01-22 04:00:00,1.4065688272334
2011-01-22 06:00:00,3.111103376212911
2011-01-22 07:00:00,6.770267755888979
2011-01-22 08:00:00,21.862422457222735
2011-01-22 09:00:00,38.00444415766381
2011-01-22 10:00:00,60.337028465247094
2011-01-22 11:00:00,68.50037385394995
2011-01-22 12:00:00,90.91114244220718
2011-01-22 13:00:00,96.05110308207043
2011-01-22 14:00:00,87.40811461557806
2011-01-22 15:00:00,88.62439627163897
2011-01-22 16:00:00,81.26499811878189
2011-01-22 17:00:00,76.79702277434473
2011-01-22 18:00:00,59.79599083677783
2011-01-22 19:00:00,54.58163875612604
2011-01-22 20:00:00,36.021993302319714
2011-01-22 21:00:00,30.73787259645984
2011-01-22 22:00:00,23.18989659521286
2011-01-22 23:00:00,17.656900295323872
2011-01-23 00:00:00,20.409633031796837
2011-01-23 01:00:00,14.923384006403625
2011-01-23 02:00:00,11.15371238907211
2011-01-23 03:00:00,6.7471873559436055
2011-01-23 05:00:00,1.5104334343821688
2011-01-23 06:00:00,2.0579596357602723
2011-01-23 07:00:00,5.156988532467275
2011-01-23 08:00:00,14.78724613576122
2011-01-23 09:00:00,26.228703674827017
2011-01-23 10:00:00,52.24214014324946
2011-01-23 11:00:00,63.10294597907961
2011-01-23 12:00:00,79.18313165158897
2011-01-23 13:00:00,81.72512611816876
2011-01-23 14:00:00,78.83123031576125
2011-01-23 15:00:00,77.54354087168714
2011-01-23 16:00:00,74.68266642149672
2011-01-23 17:00:00,61.93096493917997
2011-01-23 18:00:00,55.81388370539812
2011-01-23 19:00:00,44.074857969120245
2011-01-23 20:00:00,29.975603690294232
2011-01-23 21:00:00,23.009130630963128
2011-01-23 22:00:00,16.52008369052358
2011-01-23 23:00:00,11.624161911030518
2011-01-24 00:00:00,6.615634316911631
2011-01-24 01:00:00,2.547630323902781
2011-01-24 03:00:00,1.4168146711766558
2011-01-24 04:00:00,1.5862703456865477
2011-01-24 05:00:00,4.94288967892534
2011-01-24 06:00:00,27.16272005259688
2011-01-24 07:00:00,81.28280677395068
2011-01-24 08:00:00,167.65001875308195
2011-01-24 09:00:00,83.61998033525578
2011-01-24 10:00:00,38.26666243067815
2011-01-24 11:00:00,38.357446963882076
2011-01-24 12:00:00,47.27923081814744
2011-01-24 13:00:00,44.54260928528049
2011-01-24 14:00:00,42.03544342001857
2011-01-24 15:00:00,48.49078229482632
2011-01-24 16:00:00,69.14433069928094
2011-01-24 17:00:00,142.24324587795857
2011-01-24 18:00:00,143.3844808007031
2011-01-24 19:00:00,87.51128126288162
2011-01-24 20:00:00,66.41076333194813
2011-01-24 21:00:00,42.96181390681439
2011-01-24 22:00:00,31.235759389314314
2011-01-24 23:00:00,17.321083095297872
2011-01-25 00:00:00,6.416279337917504
2011-01-25 01:00:00,3.0729968043805433
2011-01-25 02:00:00,2.0545258913220557
2011-01-25 04:00:00,1.7850491525243815
2011-01-25 05:00:00,4.857321331896239
2011-01-25 06:00:00,30.708064201657713
2011-01-25 07:00:00,86.76149602584525
2011-01-25 08:00:00,182.43196843939177
2011-01-25 09:00:00,91.30194345158367
2011-01-25 10:00:00,44.60811897021655
2011-01-25 11:00:00,48.95511594646181
2011-01-25 12:00:00,62.64628119477014
2011-01-25 13:00:00,60.76851662757139
2011-01-25 14:00:00,60.81355094965445
2011-01-25 15:00:00,64.87423276029556
2011-01-25 16:00:00,95.72705796291854
2011-01-25 17:00:00,184.15809346813188
2011-01-25 18:00:00,177.19536845623935
2011-01-25 19:00:00,106.12528639566067
2011-01-25 20:00:00,83.15762557926482
2011-01-25 21:00:00,54.47038435270805
2011-01-25 22:00:00,39.290123124634114
2011-01-25 23:00:00,19.732222700228427
2011-01-26 00:00:00,8.579278059260039
2011-01-26 01:00:00,3.6615215511406296
2011-01-26 02:00:00,2.142820560632961
2011-01-26 05:00:00,2.7673167260330747
2011-01-26 06:00:00,12.287222485806993
2011-01-26 07:00:00,34.51721015001992
2011-01-26 08:00:00,79.91085508233992
2011-01-26 09:00:00,26.161792042991014
2011-01-26 10:00:00,18.091657574414043
2011-01-26 11:00:00,15.221982590678927
2011-01-26 12:00:00,15.38614106666028
2011-01-26 13:00:00,14.34296313325567
2011-01-26 14:00:00,15.356304942980755
2011-01-26 15:00:00,12.449626741464437
2011-01-26 16:00:00,22.492515397937876
2011-01-26 17:00:00,55.631468819014955
2011-01-27 16:00:00,84.57220229001186
2011-01-27 17:00:00,169.94202121054997
2011-01-27 18:00:00,158.1799298800347
2011-01-27 19:00:00,97.49153790862161
2011-01-27 20:00:00,78.74323511004333
2011-01-27 21:00:00,50.01276943908039
2011-01-27 22:00:00,39.57712405567408
2011-01-27 23:00:00,21.22357379002229
2011-01-28 00:00:00,13.794135744753014
2011-01-28 01:00:00,6.147474891830401
2011-01-28 02:00:00,2.976757135979183
2011-01-28 03:00:00,1.9296990440171207
2011-01-28 05:00:00,5.679316936397598
2011-01-28 06:00:00,27.01006841244606
2011-01-28 07:00:00,79.15578446240283
2011-01-28 08:00:00,176.46225409401998
2011-01-28 09:00:00,53.86554510967318
2011-01-28 10:00:00,26.40929667299575
2011-01-28 11:00:00,29.337622587451122
2011-01-28 12:00:00,34.981070839445316
2011-01-28 13:00:00,34.99800375799404
2011-01-28 14:00:00,37.894103291375814
2011-01-28 15:00:00,64.1767944098203
2011-01-28 16:00:00,89.49425949453844
2011-01-28 17:00:00,163.5613465659374
2011-01-28 18:00:00,146.87455197360572
2011-01-28 19:00:00,90.21889410978328
2011-01-28 20:00:00,64.73421017104656
2011-01-28 21:00:00,43.210628446293754
2011-01-28 22:00:00,44.02039372475639
2011-01-28 23:00:00,30.118388981657525
2011-01-29 00:00:00,25.389360739808666
2011-01-29 01:00:00,17.80208456977062
2011-01-29 02:00:00,13.750114464522804
2011-01-29 03:00:00,7.650843447986732
2011-01-29 04:00:00,2.2095308660922717
2011-01-29 06:00:00,3.812225213257787
2011-01-29 07:00:00,8.923746483321075
2011-01-29 08:00:00,27.406199071167613
2011-01-29 09:00:00,46.29792898674543
2011-01-29 10:00:00,71.07593293181631
2011-01-29 11:00:00,77.43391204119484
2011-01-29 12:00:00,99.28470741416014
2011-01-29 13:00:00,108.12028801219604
2011-01-29 14:00:00,101.84762426397843
2011-01-29 15:00:00,100.7301049611317
2011-01-29 16:00:00,104.4426915523802
2011-01-29 17:00:00,88.60377898297193
2011-01-29 18:00:00,74.11296879110876
2011-01-29 19:00:00,65.02910591486997
2011-01-29 20:00:00,43.353377777911405
2011-01-29 21:00:00,35.805895349287674
2011-01-29 22:00:00,25.901659694127325
2011-01-29 23:00:00,21.662102956506647
2011-01-30 00:00:00,25.34540520992579
2011-01-30 01:00:00,19.03517642897985
2011-01-30 02:00:00,14.87142979164802
2011-01-30 03:00:00,8.109171868637146
2011-01-30 04:00:00,2.536147090901128
2011-01-30 05:00:00,1.9960660771394865
2011-01-30 07:00:00,6.5002148192441656
2011-01-30 08:00:00,16.595621912036506
2011-01-30 09:00:00,34.49417650004264
2011-01-30 10:00:00,67.02706376946162
2011-01-30 11:00:00,81.9639103456631
2011-01-30 12:00:00,122.16845681689217
2011-01-30 13:00:00,118.66108811798176
2011-01-30 14:00:00,117.3863807014491
2011-01-30 15:00:00,119.02335950969405
2011-01-30 16:00:00,113.82829045275795
2011-01-30 17:00:00,88.2606078426125
2011-01-30 18:00:00,74.88471491270451
2011-01-30 19:00:00,61.53201116254314
2011-01-30 20:00:00,42.48359962762804
2011-01-30 21:00:00,29.403435083419932
2011-01-30 22:00:00,19.559601186055026
2011-01-30 23:00:00,14.064550876165217
2011-01-31 00:00:00,7.549984906922775
2011-01-31 01:00:00,2.997821244170126
2011-01-31 02:00:00,2.1617770813737147
2011-01-31 03:00:00,1.7284443419171565
2011-01-31 04:00:00,1.5508012155580249
2011-01-31 05:00:00,3.7699802083493363
2011-01-31 06:00:00,26.29349490458062
2011-01-31 07:00:00,80.20587645910439
2011-01-31 08:00:00,161.8916105283853
2011-01-31 09:00:00,76.99291380614619
2011-01-31 10:00:00,38.51185595328192
2011-01-31 11:00:00,39.76262272243888
2011-01-31 12:00:00,53.1180859142811
2011-01-31 13:00:00,51.903576388648936
2011-01-31 14:00:00,46.25017392262606
2011-01-31 15:00:00,48.074514590624595
2011-01-31 16:00:00,73.68216643360978
2011-01-31 17:00:00,152.8071069570041
2011-01-31 18:00:00,148.00017886877822
2011-01-31 19:00:00,113.06014374079966
2011-01-31 20:00:00,50.17035817425422
2011-01-31 21:00:00,35.53853276072093
2011-01-31 22:00:00,34.07550561613182
2011-01-31 23:00:00,18.296024912567496
2011-02-20 00:00:00,32.44185542605186
2011-02-20 01:00:00,20.689215787493225
2011-02-20 02:00:00,14.640471921540012
2011-02-20 03:00:00,6.675387035559565
2011-02-20 04:00:00,1.6634866592263544
2011-02-20 06:00:00,2.7094307706314558
2011-02-20 07:00:00,7.490749694515566
2011-02-20 08:00:00,24.476014073715472
2011-02-20 09:00:00,45.84453803483282
2011-02-20 10:00:00,89.46649724852388
2011-02-20 11:00:00,107.5623391610591
2011-02-20 12:00:00,141.43222978265936
2011-02-20 13:00:00,152.06831781029229
2011-02-20 14:00:00,148.42370815430354
2011-02-20 15:00:00,143.6129511596774
2011-02-20 16:00:00,137.41225349274615
2011-02-20 17:00:00,120.6405842559835
2011-02-20 18:00:00,100.47210937660009
2011-02-20 19:00:00,83.64719243675412
2011-02-20 20:00:00,56.67119980252062
2011-02-20 21:00:00,43.36116264380603
2011-02-20 22:00:00,31.012377721659153
2011-02-20 23:00:00,24.824557887982678
2011-02-21 00:00:00,23.514908393064623
2011-02-21 01:00:00,14.488740299558746
2011-02-21 02:00:00,10.010675125023177
2011-02-21 03:00:00,3.9177946033202047
2011-02-21 04:00:00,2.6370009504817387
2011-02-21 05:00:00,3.7693416082686344
2011-02-21 06:00:00,13.025805262992794
2011-02-21 07:00:00,18.58303257402231
2011-02-21 08:00:00,54.29303111017761
2011-02-21 09:00:00,79.71959394653678
2011-02-21 10:00:00,95.46539449259332
2011-02-21 11:00:00,109.13740069391369
2011-02-21 12:00:00,125.12868548432277
2011-02-21 13:00:00,55.67236169625271
2011-02-21 14:00:00,118.4766796815376
2011-02-21 15:00:00,104.09348613280305
2011-02-21 16:00:00,51.55624821377795
2011-02-21 17:00:00,100.769355388588
2011-02-21 18:00:00,65.14058534158707
2011-02-21 19:00:00,58.64337709096773
2011-02-21 20:00:00,22.38774842830996
2011-02-21 21:00:00,18.37800909796267
2011-02-21 22:00:00,14.30640288646871
2011-02-21 23:00:00,10.670764540756636
2011-02-22 06:00:00,27.706257855612947
2011-02-22 07:00:00,90.73063194967628
2011-02-22 08:00:00,209.16735934376624
2011-02-22 09:00:00,99.53627460889138
2011-02-22 10:00:00,48.76292762978097
2011-02-22 11:00:00,53.29034887057153
2011-02-22 12:00:00,64.64257946275549
2011-02-22 13:00:00,65.1528964221686
2011-02-22 14:00:00,60.02317216308184
2011-02-22 15:00:00,68.87184309062523
2011-02-22 16:00:00,94.38263571834173
2011-02-22 17:00:00,191.9996795153004
2011-02-22 18:00:00,189.36209835794716
2011-02-22 19:00:00,103.07888636224489
2011-02-22 20:00:00,83.75743322540235
2011-02-22 21:00:00,54.1554436557688
2011-02-22 22:00:00,39.45764788437809
2011-02-22 23:00:00,20.482193802055757
2011-02-23 00:00:00,8.482117065389692
2011-02-23 01:00:00,3.448296520865486
2011-02-23 02:00:00,2.1861151907603853
2011-02-23 03:00:00,1.8120406806586704
2011-02-23 05:00:00,5.858119022630059
2011-02-23 06:00:00,35.63895534273862
2011-02-23 07:00:00,105.17962795616081
2011-02-23 08:00:00,208.91785929046944
2011-02-23 09:00:00,107.97675919095175
2011-02-23 10:00:00,53.487461374456174
2011-02-23 11:00:00,60.559192204519576
2011-02-23 12:00:00,74.9526036979583
2011-02-23 13:00:00,75.37476965580407
2011-02-23 14:00:00,72.34384789864673
2011-02-23 15:00:00,77.61831572367467
2011-02-23 16:00:00,110.88376745402746
2011-02-23 17:00:00,213.5603993888112
2011-02-23 18:00:00,209.55963401862692
2011-02-23 19:00:00,127.473672994432
2011-02-23 20:00:00,96.88459898228936
2011-02-23 21:00:00,66.04645014123906
2011-02-23 22:00:00,52.56039317217437
2011-02-23 23:00:00,27.097535704160556
2011-02-24 00:00:00,10.83719377826354
2011-02-24 01:00:00,4.284509176129784
2011-02-24 02:00:00,2.508916633748024
2011-02-24 03:00:00,2.143057756114951
2011-02-24 05:00:00,6.570331665477543
2011-02-24 06:00:00,35.9790835096062
2011-02-24 07:00:00,115.41149032415787
2011-02-24 08:00:00,230.4687355406696
2011-02-24 09:00:00,97.25159335391547
2011-02-24 10:00:00,55.72520461028823
2011-02-24 11:00:00,58.71644228177417
2011-02-24 12:00:00,76.47022909948157
2011-02-24 13:00:00,75.08576777054748
2011-02-24 14:00:00,68.07130000175073
2011-02-24 15:00:00,30.269306819847777
2011-02-24 16:00:00,40.18361638581101
2011-02-24 17:00:00,133.40700910463076
2011-02-24 18:00:00,150.40690528431836
2011-02-24 19:00:00,34.40012255955297
2011-02-24 20:00:00,67.57533343349267
2011-02-24 21:00:00,51.88825822939419
2011-02-24 22:00:00,20.351471379677292
2011-02-24 23:00:00,29.347970631609257
2011-02-25 00:00:00,12.00837725156955
2011-02-25 01:00:00,6.772773015181997
2011-02-25 02:00:00,4.249402847378519
2011-02-25 03:00:00,2.5105063202183984
2011-02-25 05:00:00,7.101743321857341
2011-02-25 06:00:00,24.10496009178122
2011-02-25 07:00:00,48.8534307084657
2011-02-25 08:00:00,131.5003057224062
2011-02-25 09:00:00,38.62637436205903
2011-02-25 10:00:00,20.384173441109386
2011-02-25 11:00:00,107.19252363059346
2011-02-25 12:00:00,73.10047797208429
2011-02-25 13:00:00,72.66366326326212
2011-02-25 14:00:00,56.58472509834108
2011-02-25 15:00:00,123.91050262467799
2011-02-25 16:00:00,109.52838245760998
2011-02-25 17:00:00,183.4278242560385
2011-02-25 18:00:00,175.9207364322573
2011-02-25 19:00:00,108.32425962148088
2011-02-25 20:00:00,70.70321905180532
2011-02-25 21:00:00,57.41887259061305
2011-02-25 22:00:00,51.69949923667229
2011-02-25 23:00:00,36.98059957685642
2011-02-26 00:00:00,34.326069745874406
2011-02-26 01:00:00,20.872841904349556
2011-02-26 02:00:00,12.89257034458101
2011-02-26 03:00:00,8.530184809322426
2011-02-26 04:00:00,2.590640843609889
2011-02-26 05:00:00,2.191923772404747
2011-02-26 06:00:00,4.968025773812691
2011-02-26 07:00:00,11.387312306861585
2011-02-26 08:00:00,38.95317123455554
2011-02-26 09:00:00,63.95165911230343
2011-02-26 10:00:00,99.44995647900569
2011-02-26 11:00:00,114.62459690537781
2011-02-26 12:00:00,144.02990913794454
2011-02-26 13:00:00,147.16936121038077
2011-02-26 14:00:00,137.2352196803597
2011-02-26 15:00:00,135.90480154572094
2011-02-26 16:00:00,136.57435077281392
2011-02-26 17:00:00,123.88656923076272
2011-02-26 18:00:00,106.6723719581787
2011-02-26 19:00:00,86.95546172469906
2011-02-26 20:00:00,65.3466188623691
2011-02-26 21:00:00,55.72437377426125
2011-02-26 22:00:00,46.089951635455726
2011-02-26 23:00:00,32.6049086997618
2011-02-27 00:00:00,30.82255444730939
2011-02-27 01:00:00,26.871244641966385
2011-02-27 02:00:00,20.079699173844077
2011-02-27 03:00:00,10.663183806532672
2011-02-27 04:00:00,3.388586590219582
2011-02-27 06:00:00,3.786751492927431
2011-02-27 07:00:00,8.888568106013473
2011-02-27 08:00:00,28.22869841405272
2011-02-27 09:00:00,50.945020070305404
2011-02-27 10:00:00,97.27231049706604
2011-02-27 11:00:00,121.3249098082656
2011-02-27 12:00:00,163.44543147394762
2011-02-27 13:00:00,171.5676823833598
2011-02-27 14:00:00,177.74052658155662
2011-02-27 15:00:00,201.88669597441023
2011-02-27 16:00:00,199.90688670599806
2011-02-27 17:00:00,134.99471351124708
2011-02-27 18:00:00,111.5253178793956
2011-02-27 19:00:00,94.64517021191942
2011-02-27 20:00:00,63.53543102088115
2011-02-27 21:00:00,50.10552050487127
2011-02-27 22:00:00,34.82557135337367
2011-02-27 23:00:00,26.474943793257417
2011-02-28 00:00:00,11.201283678597395
2011-02-28 01:00:00,3.0089927649175094
2011-02-28 03:00:00,1.9263368075396299
2011-02-28 05:00:00,6.934269753745122
2011-02-28 06:00:00,40.36815828010494
2011-02-28 07:00:00,114.77452747858335
2011-02-28 08:00:00,167.0395405191873
2011-02-28 09:00:00,115.06198751232301
2011-02-28 10:00:00,71.67315971877622
2011-02-28 11:00:00,83.30193343413335
2011-02-28 12:00:00,109.04846534804777
2011-02-28 13:00:00,30.540138519583373
2011-02-28 14:00:00,18.85942076095149
2011-02-28 15:00:00,19.308423197095337
2011-02-28 16:00:00,39.40736796177952
2011-02-28 17:00:00,50.979781180548876
2011-02-28 18:00:00,96.89618012374895
2011-02-28 19:00:00,21.543078927708464
2011-02-28 20:00:00,19.765936684264087
2011-02-28 21:00:00,57.83842373091271
2011-02-28 22:00:00,16.940220882220803
2011-02-28 23:00:00,24.886600981217978
2011-03-20 00:00:00,39.037525503952644
2011-03-20 01:00:00,30.483766261649485
2011-03-20 02:00:00,20.67122614665999
2011-03-20 03:00:00,10.175432096989542
2011-03-20 04:00:00,2.5605653863314894
2011-03-20 05:00:00,2.0606620918783953
2011-03-20 06:00:00,3.7392538807624547
2011-03-20 07:00:00,9.484748459130476
2011-03-20 08:00:00,33.813634993024834
2011-03-20 09:00:00,58.704556048328
2011-03-20 10:00:00,107.7327735921921
2011-03-20 11:00:00,128.02094320729634
2011-03-20 12:00:00,163.3180022674544
2011-03-20 13:00:00,168.12805140506913
2011-03-20 14:00:00,167.02014367573486
2011-03-20 15:00:00,163.6710448957033
2011-03-20 16:00:00,160.86373618624648
2011-03-20 17:00:00,142.1287118092063
2011-03-20 18:00:00,117.39307669918182
2011-03-20 19:00:00,91.34486727790859
2011-03-20 20:00:00,62.212811422946444
2011-03-20 21:00:00,41.52552562237513
2011-03-20 22:00:00,31.85373325649399
2011-03-20 23:00:00,15.475485207302322
2011-03-21 00:00:00,12.050327590781984
2011-03-21 01:00:00,6.486404504524762
2011-03-21 02:00:00,3.613501459558255
2011-03-21 03:00:00,2.165880255528329
2011-03-21 05:00:00,10.799174447733819
2011-03-21 06:00:00,26.379045035104234
2011-03-21 07:00:00,50.65633941829393
2011-03-21 08:00:00,202.2336160353394
2011-03-21 09:00:00,123.22059060819021
2011-03-21 10:00:00,67.99912257654003
2011-03-21 11:00:00,77.72763982368548
2011-03-21 12:00:00,103.38068444338955
2011-03-21 13:00:00,132.1369959379435
2011-03-21 14:00:00,121.4494232815081
2011-03-21 15:00:00,150.1042596680657
2011-03-21 16:00:00,197.8869660067966
2011-03-21 17:00:00,372.1981001703803
2011-03-21 18:00:00,343.85567737954443
2011-03-21 19:00:00,283.76152624764507
2011-03-21 20:00:00,197.7690472534273
2011-03-21 21:00:00,82.10260530103736
2011-03-21 22:00:00,78.35594350427672
2011-03-21 23:00:00,45.92535622521926
2011-03-22 00:00:00,22.219660240197875
2011-03-22 01:00:00,7.545389097967316
2011-03-22 02:00:00,6.829419822585518
2011-03-22 03:00:00,4.130014366388439
2011-03-22 04:00:00,4.172988970613211
2011-03-22 05:00:00,12.33263343914286
2011-03-22 06:00:00,61.51029283296915
2011-03-22 07:00:00,202.03204031147692
2011-03-22 08:00:00,309.9831333458924
2011-03-22 09:00:00,158.27488896081283
2011-03-22 10:00:00,76.91776633910268
2011-03-22 11:00:00,92.64669762905164
2011-03-22 12:00:00,128.11379245332665
2011-03-22 13:00:00,139.81572425808076
2011-03-22 14:00:00,122.2996205253973
2011-03-22 15:00:00,139.439773668925
2011-03-22 16:00:00,193.58310786734117
2011-03-22 17:00:00,361.20079522325227
2011-03-22 18:00:00,350.4477611896871
2011-03-22 19:00:00,227.0770703438925
2011-03-22 20:00:00,156.66516865207996
2011-03-22 21:00:00,97.71867382421996
2011-03-22 22:00:00,74.69180374906124
2011-03-22 23:00:00,38.85701756521213
2011-03-23 00:00:00,13.670402145372233
2011-03-23 01:00:00,7.172503797372068
2011-03-23 02:00:00,3.993181039824795
2011-03-23 03:00:00,2.3639636557610104
2011-03-23 05:00:00,9.597372283618213
2011-03-23 06:00:00,47.715902129312354
2011-03-23 07:00:00,134.77942443724396
2011-03-23 08:00:00,271.8285552843712
2011-03-23 09:00:00,134.6495251840131
2011-03-23 10:00:00,59.202074224803866
2011-03-23 11:00:00,66.72485939220368
2011-03-23 12:00:00,66.61734898027609
2011-03-23 13:00:00,39.57989994842385
2011-03-23 14:00:00,77.0752322927548
2011-03-23 15:00:00,91.43693004088199
2011-03-23 16:00:00,167.33949324489134
2011-03-23 17:00:00,301.63220629439195
2011-03-23 18:00:00,166.70412411919034
2011-03-23 19:00:00,105.07475585047175
2011-03-23 20:00:00,25.424551633317915
2011-03-23 21:00:00,22.452728472581903
2011-03-23 22:00:00,56.97298158752047
2011-03-23 23:00:00,25.195483978747934
2011-03-24 00:00:00,12.90830974075838
2011-03-24 01:00:00,5.960841630054727
2011-03-24 02:00:00,3.748850537487865
2011-03-24 03:00:00,2.556121048845067
2011-03-24 04:00:00,2.6930749016744056
2011-03-24 05:00:00,10.051308467960135
2011-03-24 06:00:00,47.53046480242067
2011-03-24 07:00:00,58.93620396761787
2011-03-24 08:00:00,92.98057329747876
2011-03-24 09:00:00,115.38892321188317
2011-03-24 10:00:00,42.7486950606526
2011-03-24 11:00:00,65.10189322456316
2011-03-24 12:00:00,85.42425117674068
2011-03-24 13:00:00,87.00168329464196
2011-03-24 14:00:00,82.21526658762862
2011-03-24 15:00:00,84.92190708707955
2011-03-24 16:00:00,135.00683469112315
2011-03-24 17:00:00,267.0094674974445
2011-03-24 18:00:00,251.8301833852793
2011-03-24 19:00:00,179.74277257135304
2011-03-24 20:00:00,125.42284214356371
2011-03-24 21:00:00,81.78557846536415
2011-03-24 22:00:00,70.17588195471296
2011-03-24 23:00:00,34.26211866331207
2011-03-25 00:00:00,18.793260749462505
2011-03-25 01:00:00,8.988431036873234
2011-03-25 02:00:00,4.281075737676046
2011-03-25 03:00:00,2.5004626669706225
2011-03-25 04:00:00,2.26314533247656
2011-03-25 05:00:00,7.330835865635677
2011-03-25 06:00:00,37.62061768807139
2011-03-25 07:00:00,106.76933142118591
2011-03-25 08:00:00,240.8903452439402
2011-03-25 09:00:00,142.77399718294078
2011-03-25 10:00:00,80.31423964766024
2011-03-25 11:00:00,89.39149200352749
2011-03-25 12:00:00,128.05788652607467
2011-03-25 13:00:00,129.4568382671155
2011-03-25 14:00:00,119.48407930933195
2011-03-25 15:00:00,122.90869740913888
2011-03-25 16:00:00,165.8780236735824
2011-03-25 17:00:00,269.00299224489925
2011-03-25 18:00:00,252.5860226055703
2011-03-25 19:00:00,151.75791415254196
2011-03-25 20:00:00,104.1687900141358
2011-03-25 21:00:00,78.41403256965647
2011-03-25 22:00:00,67.69655506554429
2011-03-25 23:00:00,49.60714584434422
2011-03-26 00:00:00,40.20294615976512
2011-03-26 01:00:00,30.431321795067582
2011-03-26 02:00:00,19.506321076680848
2011-03-26 03:00:00,8.329380190630825
2011-03-26 04:00:00,3.1965854507567957
2011-03-26 05:00:00,2.554644209755299
2011-03-26 06:00:00,5.486262626297809
2011-03-26 07:00:00,13.66110805801382
2011-03-26 08:00:00,53.6286089223679
2011-03-26 09:00:00,84.39018601710758
2011-03-26 10:00:00,137.2019585311122
2011-03-26 11:00:00,161.51339385663698
2011-03-26 12:00:00,207.60871675147206
2011-03-26 13:00:00,217.09186187510863
2011-03-26 14:00:00,214.8749858464345
2011-03-26 15:00:00,214.22320790656755
2011-03-26 16:00:00,199.40594080853379
2011-03-26 17:00:00,167.76772081944807
2011-03-26 18:00:00,141.88973443868633
2011-03-26 19:00:00,114.67936137193423
2011-03-26 20:00:00,82.31145476344159
2011-03-26 21:00:00,69.12319351462742
2011-03-26 22:00:00,58.92505247867574
2011-03-26 23:00:00,39.53979799709475
2011-03-27 00:00:00,39.24783999287549
2011-03-27 01:00:00,27.78575792877564
2011-03-27 02:00:00,15.70008346429935
2011-03-27 03:00:00,7.8753262057096105
2011-03-27 04:00:00,2.8412264963562324
2011-03-27 06:00:00,4.418206156829794
2011-03-27 07:00:00,9.014812327278866
2011-03-27 08:00:00,28.869106509535257
2011-03-27 09:00:00,67.55845676130275
2011-03-27 10:00:00,95.4803866460481
2011-03-27 11:00:00,131.70779847471272
2011-03-27 12:00:00,197.2668678196673
2011-03-27 13:00:00,211.26469358087525
2011-03-27 14:00:00,217.3250783618302
2011-03-27 15:00:00,203.8604710472499
2011-03-27 16:00:00,204.18076606295057
2011-03-27 17:00:00,168.37645237695804
2011-03-27 18:00:00,129.40464341888702
2011-03-27 19:00:00,101.21820786526453
2011-03-27 20:00:00,72.15108670295416
2011-03-27 21:00:00,55.18561437910793
2011-03-27 22:00:00,45.601276318350756
2011-03-27 23:00:00,31.492778664868954
2011-03-28 00:00:00,10.812133788639109
2011-03-28 01:00:00,5.956970571328316
2011-03-28 02:00:00,3.320435593743235
2011-03-28 03:00:00,2.3347569255190397
2011-03-28 05:00:00,6.309915645388722
2011-03-28 06:00:00,37.76821557314524
2011-03-28 07:00:00,110.87244835026613
2011-03-28 08:00:00,222.36488825388312
2011-03-28 09:00:00,113.04807322885341
2011-03-28 10:00:00,64.31028045229104
2011-03-28 11:00:00,69.8256192366344
2011-03-28 12:00:00,93.34598523739365
2011-03-28 13:00:00,89.17214243531885
2011-03-28 14:00:00,84.60675287787069
2011-03-28 15:00:00,90.3577602086851
2011-03-28 16:00:00,141.0421269138996
2011-03-28 17:00:00,272.522078267711
2011-03-28 18:00:00,264.0485460490162
2011-03-28 19:00:00,184.88239278446872
2011-03-28 20:00:00,136.3462986692523
2011-03-28 21:00:00,90.26327314412866
2011-03-28 22:00:00,63.02762981739801
2011-03-28 23:00:00,29.426715174782373
2011-03-29 00:00:00,10.153649918895606
2011-03-29 01:00:00,4.903363056024618
2011-03-29 02:00:00,2.8637354696123642
2011-03-29 03:00:00,1.8483522898331106
2011-03-29 04:00:00,2.2240733962303207
2011-03-29 05:00:00,8.054035477849599
2011-03-29 06:00:00,45.769122106437464
2011-03-29 07:00:00,127.7439337655891
2011-03-29 08:00:00,262.8800390116753
2011-03-29 09:00:00,142.386835148535
2011-03-29 10:00:00,69.77343216482097
2011-03-29 11:00:00,72.8539156419489
2011-03-29 12:00:00,100.44361742197175
2011-03-29 13:00:00,91.20903779398648
2011-03-29 14:00:00,92.70392848428159
2011-03-29 15:00:00,104.6912776042127
2011-03-29 16:00:00,162.05738390207316
2011-03-29 17:00:00,329.4369443436044
2011-03-29 18:00:00,292.41600509397006
2011-03-29 19:00:00,192.2136622281239
2011-03-29 20:00:00,143.84867867023604
2011-03-29 21:00:00,90.94975849965272
2011-03-29 22:00:00,72.67537740838986
2011-03-29 23:00:00,37.764191132220986
2011-03-30 00:00:00,16.154289045063173
2011-03-30 01:00:00,7.9498697837738606
2011-03-30 02:00:00,4.011071161429756
2011-03-30 03:00:00,2.515783986781059
2011-03-30 04:00:00,2.7763589065830643
2011-03-30 05:00:00,11.886104757977815
2011-03-30 06:00:00,53.10131524209786
2011-03-30 07:00:00,176.01738637539174
2011-03-30 08:00:00,314.79738882873187
2011-03-30 09:00:00,142.37380162764737
2011-03-30 10:00:00,67.09169115107608
2011-03-30 11:00:00,73.00669551949153
2011-03-30 12:00:00,96.7684095519592
2011-03-30 13:00:00,96.82672002607214
2011-03-30 14:00:00,85.28333931717408
2011-03-30 15:00:00,31.80318330217243
2011-03-30 16:00:00,52.731864584510646
2011-03-30 17:00:00,144.00289700626564
2011-03-30 18:00:00,186.32415265254753
2011-03-30 19:00:00,127.88513762811498
2011-03-30 20:00:00,29.680722650633633
2011-03-30 21:00:00,60.58817301399144
2011-03-30 22:00:00,24.297956536687877
2011-03-30 23:00:00,15.04740707136866
2011-03-31 00:00:00,8.83582437291798
2011-03-31 01:00:00,5.60567922624996
2011-03-31 02:00:00,3.766351632509286
2011-03-31 03:00:00,2.303687886624755
2011-03-31 04:00:00,2.2536347821202845
2011-03-31 05:00:00,7.324032952723886
2011-03-31 06:00:00,16.773022560625993
2011-03-31 07:00:00,50.76180306939252
2011-03-31 08:00:00,202.42597933527114
2011-03-31 09:00:00,44.32888163615002
2011-03-31 10:00:00,25.286044520915905
2011-03-31 11:00:00,31.07093654152912
2011-03-31 12:00:00,37.552604634060856
2011-03-31 13:00:00,36.20217996019608
2011-03-31 14:00:00,33.66664482788174
2011-03-31 15:00:00,25.32392458473749
2011-03-31 16:00:00,105.35310327507199
2011-03-31 17:00:00,205.25240571060294
2011-03-31 18:00:00,237.74511959038273
2011-03-31 19:00:00,154.6054475724469
2011-03-31 20:00:00,35.97629165223161
2011-03-31 21:00:00,71.56384676210061
2011-03-31 22:00:00,25.536906228156624
2011-03-31 23:00:00,22.95374270432985
2011-04-20 00:00:00,22.497490593866893
2011-04-20 01:00:00,7.837700688551714
2011-04-20 02:00:00,6.179182325233919
2011-04-20 03:00:00,3.7930340318335363
2011-04-20 04:00:00,3.831055177482516
2011-04-20 05:00:00,12.496669368157232
2011-04-20 06:00:00,58.61205343001105
2011-04-20 07:00:00,145.95456102366467
2011-04-20 08:00:00,318.82006751325446
2011-04-20 09:00:00,176.78868905558932
2011-04-20 10:00:00,108.55085592011409
2011-04-20 11:00:00,123.23969362518812
2011-04-20 12:00:00,164.29832322159416
2011-04-20 13:00:00,160.38336417320414
2011-04-20 14:00:00,142.51912118752708
2011-04-20 15:00:00,157.8815568930912
2011-04-20 16:00:00,229.36440320417393
2011-04-20 17:00:00,407.5675476282828
2011-04-20 18:00:00,415.8560832925343
2011-04-20 19:00:00,317.0262446287237
2011-04-20 20:00:00,218.0650759599703
2011-04-20 21:00:00,167.85590570247098
2011-04-20 22:00:00,130.00306102931285
2011-04-20 23:00:00,67.55695715857307
2011-04-21 00:00:00,25.534267097920154
2011-04-21 01:00:00,13.317797194301116
2011-04-21 02:00:00,6.123641640425466
2011-04-21 03:00:00,3.1965221590616544
2011-04-21 04:00:00,3.7766195809546277
2011-04-21 05:00:00,12.959804325063093
2011-04-21 06:00:00,55.76868845934463
2011-04-21 07:00:00,195.3227049553854
2011-04-21 08:00:00,306.48285720893955
2011-04-21 09:00:00,168.79315954408366
2011-04-21 10:00:00,86.64864178086724
2011-04-21 11:00:00,96.31051676031882
2011-04-21 12:00:00,132.84453143367276
2011-04-21 13:00:00,128.8218570190197
2011-04-21 14:00:00,125.00548828216641
2011-04-21 15:00:00,143.0162279213011
2011-04-21 16:00:00,202.36465121251538
2011-04-21 17:00:00,362.19523155952214
2011-04-21 18:00:00,348.217714709269
2011-04-21 19:00:00,237.5109922267046
2011-04-21 20:00:00,175.93716410529396
2011-04-21 21:00:00,109.84969749762546
2011-04-21 22:00:00,89.9152579404543
2011-04-21 23:00:00,47.88030032164886
2011-04-22 00:00:00,28.622613739423432
2011-04-22 01:00:00,12.349694576044476
2011-04-22 02:00:00,7.268965358888856
2011-04-22 03:00:00,3.2117990871139463
2011-04-22 04:00:00,2.82934818536919
2011-04-22 05:00:00,13.473750015253852
2011-04-22 06:00:00,49.00079110974218
2011-04-22 07:00:00,152.31085478516388
2011-04-22 08:00:00,306.5460694696077
2011-04-22 09:00:00,74.73772522241198
2011-04-22 10:00:00,86.76810613779082
2011-04-22 11:00:00,48.5346556491171
2011-04-22 12:00:00,67.93152972056279
2011-04-22 13:00:00,55.23921906074161
2011-04-22 14:00:00,33.40214418398554
2011-04-22 15:00:00,54.68779763822096
2011-04-22 16:00:00,93.45788124291688
2011-04-22 17:00:00,117.39176032721252
2011-04-22 18:00:00,108.75966235292697
2011-04-22 19:00:00,58.49161487919448
2011-04-22 20:00:00,32.996562353495406
2011-04-22 21:00:00,32.60965443344769
2011-04-22 22:00:00,30.49585825284111
2011-04-22 23:00:00,30.091799764689817
2011-04-23 00:00:00,38.2504216728479
2011-04-23 01:00:00,31.02217615920697
2011-04-23 02:00:00,18.402976179352862
2011-04-23 03:00:00,10.439699976293074
2011-04-23 04:00:00,4.5697922223189185
2011-04-23 05:00:00,4.669166713547849
2011-04-23 06:00:00,11.3688412627707
2011-04-23 07:00:00,15.8808158191279
2011-04-23 08:00:00,53.27201469953201
2011-04-23 09:00:00,67.62589884627877
2011-04-23 10:00:00,140.62987699983358
2011-04-23 11:00:00,132.57236486890676
2011-04-23 12:00:00,173.71254191441423
2011-04-23 13:00:00,177.7946102256216
2011-04-23 14:00:00,233.1717033394242
2011-04-23 15:00:00,238.99035005036893
2011-04-23 16:00:00,236.55248392715112
2011-04-23 17:00:00,233.21155096580833
2011-04-23 18:00:00,201.69437379862404
2011-04-23 19:00:00,152.0781392252602
2011-04-23 20:00:00,101.1861314877888
2011-04-23 21:00:00,101.83728616136646
2011-04-23 22:00:00,96.6927520724082
2011-04-23 23:00:00,68.6195856410848
2011-04-24 00:00:00,71.8987222729418
2011-04-24 01:00:00,54.0326492760201
2011-04-24 02:00:00,40.40186234102736
2011-04-24 03:00:00,16.80204557044748
2011-04-24 04:00:00,8.448704395329028
2011-04-24 05:00:00,8.74561741724052
2011-04-24 06:00:00,10.25098789539964
2011-04-24 07:00:00,20.788224286488987
2011-04-24 08:00:00,55.872107791164275
2011-04-24 09:00:00,109.8647842796324
2011-04-24 10:00:00,191.964582086122
2011-04-24 11:00:00,246.7192931482919
2011-04-24 12:00:00,267.1177476957748
2011-04-24 13:00:00,285.1802228584694
2011-04-24 14:00:00,326.7820061263163
2011-04-24 15:00:00,276.455624044115
2011-04-24 16:00:00,324.5148190292989
2011-04-24 17:00:00,263.2342597138759
2011-04-24 18:00:00,223.52976455755663
2011-04-24 19:00:00,99.28111781808857
2011-04-24 20:00:00,78.37645956646679
2011-04-24 21:00:00,46.77426591781688
2011-04-24 22:00:00,39.84057267568745
2011-04-24 23:00:00,32.947317844922544
2011-04-25 00:00:00,12.037676747000667
2011-04-25 01:00:00,8.962063348783428
2011-04-25 02:00:00,6.484180888463438
2011-04-25 03:00:00,3.799225498521059
2011-04-25 04:00:00,4.412339739362824
2011-04-25 05:00:00,12.156391905564504
2011-04-25 06:00:00,56.677427937735075
2011-04-25 07:00:00,137.78999864909403
2011-04-25 08:00:00,260.8810752111506
2011-04-25 09:00:00,173.1230674831208
2011-04-25 10:00:00,106.90289069281523
2011-04-25 11:00:00,121.87271349298729
2011-04-25 12:00:00,149.44766445934934
2011-04-25 13:00:00,149.39770942137847
2011-04-25 14:00:00,133.74977107601606
2011-04-25 15:00:00,154.19179346298773
2011-04-25 16:00:00,221.16468240315857
2011-04-25 17:00:00,404.8184508793305
2011-04-25 18:00:00,379.89069445396706
2011-04-25 19:00:00,291.60612655788333
2011-04-25 20:00:00,191.6309935318879
2011-04-25 21:00:00,150.5162575785294
2011-04-25 22:00:00,107.24669611652143
2011-04-25 23:00:00,51.491447588064496
2011-04-26 00:00:00,23.158233301236436
2011-04-26 01:00:00,12.272226794261169
2011-04-26 02:00:00,5.75890745530707
2011-04-26 03:00:00,3.3098563530564045
2011-04-26 04:00:00,4.224944913823889
2011-04-26 05:00:00,14.949259355478716
2011-04-26 06:00:00,79.46762727548477
2011-04-26 07:00:00,204.99280789703937
2011-04-26 08:00:00,276.32500138195303
2011-04-26 09:00:00,179.38229519358646
2011-04-26 10:00:00,108.06393451049183
2011-04-26 11:00:00,122.15061508147949
2011-04-26 12:00:00,148.53941732567216
2011-04-26 13:00:00,151.1329706133788
2011-04-26 14:00:00,126.9994698126206
2011-04-26 15:00:00,147.53909228841036
2011-04-26 16:00:00,208.1085644353245
2011-04-26 17:00:00,360.3838219885595
2011-04-26 18:00:00,342.25496742157037
2011-04-26 19:00:00,246.07945604948978
2011-04-26 20:00:00,183.17296555763107
2011-04-26 21:00:00,140.60373949569782
2011-04-26 22:00:00,94.14380488204696
2011-04-26 23:00:00,51.31971006071676
2011-04-27 00:00:00,23.630455819429027
2011-04-27 01:00:00,10.738007504856338
2011-04-27 02:00:00,5.896206577832601
2011-04-27 03:00:00,2.933375262732038
2011-04-27 04:00:00,4.435471794988577
2011-04-27 05:00:00,10.858288387145597
2011-04-27 06:00:00,65.90931871289438
2011-04-27 07:00:00,160.80002863324992
2011-04-27 08:00:00,206.09716265246067
2011-04-27 09:00:00,123.63659680629226
2011-04-27 10:00:00,85.60820069155199
2011-04-27 11:00:00,103.08307865532822
2011-04-27 12:00:00,128.42798237162674
2011-04-27 13:00:00,135.6852883263187
2011-04-27 14:00:00,123.9030917250964
2011-04-27 15:00:00,142.82825350884838
2011-04-27 16:00:00,198.1139039498405
2011-04-27 17:00:00,160.03030934176923
2011-04-27 18:00:00,159.6608283370878
2011-04-27 19:00:00,233.23214563872403
2011-04-27 20:00:00,144.96800656349538
2011-04-27 21:00:00,100.683862080322
2011-04-27 22:00:00,71.81033819635054
2011-04-27 23:00:00,45.948936757848955
2011-04-28 00:00:00,26.251223472993843
2011-04-28 01:00:00,9.706232165367805
2011-04-28 02:00:00,5.332256107893691
2011-04-28 03:00:00,3.88545274664713
2011-04-28 04:00:00,4.051145865969334
2011-04-28 05:00:00,14.255548479678387
2011-04-28 06:00:00,74.0083106806969
2011-04-28 07:00:00,200.75814524352788
2011-04-28 08:00:00,294.70448907200773
2011-04-28 09:00:00,83.68452065358568
2011-04-28 10:00:00,73.07436925041614
2011-04-28 11:00:00,90.72671758113148
2011-04-28 12:00:00,135.580324136207
2011-04-28 13:00:00,95.92587014930527
2011-04-28 14:00:00,110.37929074598634
2011-04-28 15:00:00,146.07190333080234
2011-04-28 16:00:00,191.74240834049377
2011-04-28 17:00:00,415.8947889576991
2011-04-28 18:00:00,416.93842607534265
2011-04-28 19:00:00,313.4873446090244
2011-04-28 20:00:00,206.75591137778798
2011-04-28 21:00:00,167.11289371120938
2011-04-28 22:00:00,126.22116488578662
2011-04-28 23:00:00,66.95008244457537
2011-04-29 00:00:00,37.04182636646013
2011-04-29 01:00:00,17.89925699223025
2011-04-29 02:00:00,12.44018785194962
2011-04-29 03:00:00,5.595225451015789
2011-04-29 04:00:00,5.0241818326757235
2011-04-29 05:00:00,17.778567464160098
2011-04-29 06:00:00,77.87206699833843
2011-04-29 07:00:00,204.46258658355077
2011-04-29 08:00:00,386.5385438614362
2011-04-29 09:00:00,217.54985510196173
2011-04-29 10:00:00,136.63118461597924
2011-04-29 11:00:00,169.3175656862628
2011-04-29 12:00:00,196.27450342965926
2011-04-29 13:00:00,196.6071554137243
2011-04-29 14:00:00,189.05272079077758
2011-04-29 15:00:00,190.02691337438486
2011-04-29 16:00:00,263.9288934247313
2011-04-29 17:00:00,356.3275246128115
2011-04-29 18:00:00,347.1603277139984
2011-04-29 19:00:00,209.7202745571155
2011-04-29 20:00:00,160.04149328489106
2011-04-29 21:00:00,121.21637899693872
2011-04-29 22:00:00,98.64627950284219
2011-04-29 23:00:00,70.45504921310778
2011-04-30 00:00:00,52.11766961577999
2011-04-30 01:00:00,39.54022512135445
2011-04-30 02:00:00,32.772939539731894
2011-04-30 03:00:00,15.120893275985974
2011-04-30 04:00:00,6.3822073047930665
2011-04-30 05:00:00,5.998842084119206
2011-04-30 06:00:00,14.75507257106796
2011-04-30 07:00:00,29.566624200112628
2011-04-30 08:00:00,76.76684038242607
2011-04-30 09:00:00,113.99018432402727
2011-04-30 10:00:00,190.75197387538043
2011-04-30 11:00:00,236.41629922231738
2011-04-30 12:00:00,308.7608370133263
2011-04-30 13:00:00,335.858722964613
2011-04-30 14:00:00,322.3153797522912
2011-04-30 15:00:00,338.121669343754
2011-04-30 16:00:00,329.8516511431296
2011-04-30 17:00:00,319.2063386522899
2011-04-30 18:00:00,249.60671460410455
2011-04-30 19:00:00,211.186133979198
2011-04-30 20:00:00,116.5347895788787
2011-04-30 21:00:00,103.9231202213602
2011-04-30 22:00:00,88.55763985724565
2011-04-30 23:00:00,64.25913768641844
2011-05-20 00:00:00,49.820907800113105
2011-05-20 01:00:00,19.552444481000634
2011-05-20 02:00:00,11.57107910467454
2011-05-20 03:00:00,6.453623105937628
2011-05-20 04:00:00,6.1110451447613645
2011-05-20 05:00:00,21.808336853317517
2011-05-20 06:00:00,95.41161946779118
2011-05-20 07:00:00,240.12860360462258
2011-05-20 08:00:00,463.70331836108295
2011-05-20 09:00:00,264.51813008442497
2011-05-20 10:00:00,160.78848005305426
2011-05-20 11:00:00,183.37045988637266
2011-05-20 12:00:00,238.3318144367427
2011-05-20 13:00:00,188.8143104042701
2011-05-20 14:00:00,225.88213085910613
2011-05-20 15:00:00,244.28631563874168
2011-05-20 16:00:00,372.9802510916395
2011-05-20 17:00:00,521.3314253124695
2011-05-20 18:00:00,486.10163276814365
2011-05-20 19:00:00,338.38016974475823
2011-05-20 20:00:00,239.12252310905592
2011-05-20 21:00:00,201.4396573180726
2011-05-20 22:00:00,168.13834731075661
2011-05-20 23:00:00,124.74803105364718
2011-05-21 00:00:00,99.52247950712113
2011-05-21 01:00:00,72.85417293687075
2011-05-21 02:00:00,61.73291316802628
2011-05-21 03:00:00,27.357952734784476
2011-05-21 04:00:00,8.602811000449204
2011-05-21 05:00:00,9.369384205146465
2011-05-21 06:00:00,21.190067334312968
2011-05-21 07:00:00,57.58633770483607
2011-05-21 08:00:00,136.74380528564043
2011-05-21 09:00:00,203.43237711372456
2011-05-21 10:00:00,286.49563886390126
2011-05-21 11:00:00,370.75038036384547
2011-05-21 12:00:00,421.98039650709114
2011-05-21 13:00:00,430.40760969797
2011-05-21 14:00:00,413.83944490269846
2011-05-21 15:00:00,410.7881374406254
2011-05-21 16:00:00,410.63516633135987
2011-05-21 17:00:00,409.14587733274504
2011-05-21 18:00:00,343.38883890707893
2011-05-21 19:00:00,299.5481905478432
2011-05-21 20:00:00,225.07600944116473
2011-05-21 21:00:00,198.1396868729374
2011-05-21 22:00:00,163.52888253997943
2011-05-21 23:00:00,115.80363861401207
2011-05-22 00:00:00,105.616633128361
2011-05-22 01:00:00,66.82586747536925
2011-05-22 02:00:00,56.9742444244864
2011-05-22 03:00:00,23.996054757781206
2011-05-22 04:00:00,9.17121416595501
2011-05-22 05:00:00,9.943944325616933
2011-05-22 06:00:00,13.492657203574904
2011-05-22 07:00:00,43.944082149033264
2011-05-22 08:00:00,112.0871123977303
2011-05-22 09:00:00,194.08301647670967
2011-05-22 10:00:00,280.73205950519593
2011-05-22 11:00:00,365.88427487176324
2011-05-22 12:00:00,395.9067912201306
2011-05-22 13:00:00,406.693019960244
2011-05-22 14:00:00,288.07858829197
2011-05-22 15:00:00,385.07789135176733
2011-05-22 16:00:00,399.22338685510533
2011-05-22 17:00:00,400.8378770574126
2011-05-22 18:00:00,335.9975609362806
2011-05-22 19:00:00,286.7905894814768
2011-05-22 20:00:00,219.33188508965685
2011-05-22 21:00:00,161.05326084276885
2011-05-22 22:00:00,123.73048237635953
2011-05-22 23:00:00,77.32815861767814
2011-05-23 00:00:00,27.88681658847107
2011-05-23 01:00:00,12.223784304036414
2011-05-23 02:00:00,5.356732748859491
2011-05-23 03:00:00,3.666976934615593
2011-05-23 04:00:00,4.908858711347007
2011-05-23 05:00:00,19.05326962853346
2011-05-23 06:00:00,71.17766056495753
2011-05-23 07:00:00,234.22612904127215
2011-05-23 08:00:00,357.38487219046476
2011-05-23 09:00:00,203.46454537877787
2011-05-23 10:00:00,131.3361298534653
2011-05-23 11:00:00,148.65968352507372
2011-05-23 12:00:00,186.87222798775935
2011-05-23 13:00:00,179.04411954448705
2011-05-23 14:00:00,145.8654718473811
2011-05-23 15:00:00,175.43566986030078
2011-05-23 16:00:00,281.2725812287588
2011-05-23 17:00:00,368.36286819993376
2011-05-23 18:00:00,450.84929921158397
2011-05-23 19:00:00,359.813155107946
2011-05-23 20:00:00,223.48341286401734
2011-05-23 21:00:00,129.22580115378884
2011-05-23 22:00:00,91.25782230171185
2011-05-23 23:00:00,66.21865699780093
2011-05-24 00:00:00,20.915018016839134
2011-05-24 01:00:00,9.173049507631116
2011-05-24 02:00:00,6.301065737837131
2011-05-24 03:00:00,4.251192813554888
2011-05-24 04:00:00,5.225465234368367
2011-05-24 05:00:00,17.690148755049943
2011-05-24 06:00:00,78.56813967788499
2011-05-24 07:00:00,198.40766467689642
2011-05-24 08:00:00,276.0098024958713
2011-05-24 09:00:00,235.69641208506295
2011-05-24 10:00:00,135.59145233995724
2011-05-24 11:00:00,152.93598580847504
2011-05-24 12:00:00,187.69931098542943
2011-05-24 13:00:00,180.894639414985
2011-05-24 14:00:00,160.34087033076233
2011-05-24 15:00:00,148.66285619964873
2011-05-24 16:00:00,291.5607832335017
2011-05-24 17:00:00,508.9392016576696
2011-05-24 18:00:00,487.1565400691629
2011-05-24 19:00:00,379.562542045266
2011-05-24 20:00:00,269.52471595838773
2011-05-24 21:00:00,189.3130677413859
2011-05-24 22:00:00,72.02977340837424
2011-05-24 23:00:00,78.14022418842141
2011-05-25 00:00:00,22.6130393708535
2011-05-25 01:00:00,10.689296951757347
2011-05-25 02:00:00,6.638624931539713
2011-05-25 03:00:00,4.464536473401339
2011-05-25 04:00:00,5.1342818807186275
2011-05-25 05:00:00,24.133318853475338
2011-05-25 06:00:00,87.8846332593361
2011-05-25 07:00:00,308.5906479576078
2011-05-25 08:00:00,456.42907013779586
2011-05-25 09:00:00,236.24136662087207
2011-05-25 10:00:00,138.6625770245449
2011-05-25 11:00:00,154.5993616538656
2011-05-25 12:00:00,191.95998195155408
2011-05-25 13:00:00,186.32373577401106
2011-05-25 14:00:00,166.1328140367135
2011-05-25 15:00:00,181.35518644564087
2011-05-25 16:00:00,289.4410197180397
2011-05-25 17:00:00,526.7019512042633
2011-05-25 18:00:00,508.6546938010781
2011-05-25 19:00:00,389.0535670229576
2011-05-25 20:00:00,276.70729162584735
2011-05-25 21:00:00,204.83442629582095
2011-05-25 22:00:00,159.58656708661442
2011-05-25 23:00:00,97.28985276498321
2011-05-26 00:00:00,41.388718364880795
2011-05-26 01:00:00,18.640635814453624
2011-05-26 02:00:00,8.351148368473234
2011-05-26 03:00:00,4.828252401638769
2011-05-26 04:00:00,5.38132048655894
2011-05-26 05:00:00,23.134280800228225
2011-05-26 06:00:00,70.88661334270537
2011-05-26 07:00:00,228.7243556369133
2011-05-26 08:00:00,393.84169553953507
2011-05-26 09:00:00,238.24203032284674
2011-05-26 10:00:00,137.89614352451446
2011-05-26 11:00:00,151.23284499204357
2011-05-26 12:00:00,181.78104118466803
2011-05-26 13:00:00,171.6995756222196
2011-05-26 14:00:00,154.92754741098025
2011-05-26 15:00:00,175.7484878952034
2011-05-26 16:00:00,279.3082864814212
2011-05-26 17:00:00,510.6143590778068
2011-05-26 18:00:00,514.4728652887356
2011-05-26 19:00:00,389.4040769846721
2011-05-26 20:00:00,280.79541149884716
2011-05-26 21:00:00,210.45622254416065
2011-05-26 22:00:00,166.63553550159804
2011-05-26 23:00:00,105.08897327552731
2011-05-27 00:00:00,65.74582486000176
2011-05-27 01:00:00,27.140005532454765
2011-05-27 02:00:00,17.21472586914171
2011-05-27 03:00:00,7.474881300448131
2011-05-27 04:00:00,6.89863154705467
2011-05-27 05:00:00,27.792291173783532
2011-05-27 06:00:00,114.56547813744749
2011-05-27 07:00:00,271.9811730899967
2011-05-27 08:00:00,450.3393030741305
2011-05-27 09:00:00,267.6253560435289
2011-05-27 10:00:00,161.95725119013855
2011-05-27 11:00:00,184.52589999141426
2011-05-27 12:00:00,229.52964748849797
2011-05-27 13:00:00,240.63335782795997
2011-05-27 14:00:00,216.06589585231612
2011-05-27 15:00:00,234.66705325883277
2011-05-27 16:00:00,354.6400692256186
2011-05-27 17:00:00,502.87413992381136
2011-05-27 18:00:00,451.5999247021342
2011-05-27 19:00:00,237.764266218779
2011-05-27 20:00:00,218.32907710552809
2011-05-27 21:00:00,176.61202239331863
2011-05-27 22:00:00,172.5860295064747
2011-05-27 23:00:00,120.82322375291665
2011-05-28 00:00:00,104.44554948056965
2011-05-28 01:00:00,72.68151054386458
2011-05-28 02:00:00,54.467118180511044
2011-05-28 03:00:00,23.687904396414595
2011-05-28 04:00:00,7.288524296218045
2011-05-28 05:00:00,9.02975298289002
2011-05-28 06:00:00,20.141147897610296
2011-05-28 07:00:00,54.198167008742104
2011-05-28 08:00:00,134.37115633061836
2011-05-28 09:00:00,204.38868216397236
2011-05-28 10:00:00,288.4688134518036
2011-05-28 11:00:00,366.1148549627019
2011-05-28 12:00:00,400.63356657620744
2011-05-28 13:00:00,403.833728628425
2011-05-28 14:00:00,385.1295907733804
2011-05-28 15:00:00,399.33260596346906
2011-05-28 16:00:00,388.18237710964695
2011-05-28 17:00:00,409.0343703217268
2011-05-28 18:00:00,341.7259879725438
2011-05-28 19:00:00,295.50375490970237
2011-05-28 20:00:00,237.70659321009862
2011-05-28 21:00:00,195.48997580941
2011-05-28 22:00:00,169.9965968451881
2011-05-28 23:00:00,121.91816738278908
2011-05-29 00:00:00,109.34187953963905
2011-05-29 01:00:00,77.99553460096647
2011-05-29 02:00:00,63.73918516356932
2011-05-29 03:00:00,28.219358406177314
2011-05-29 04:00:00,9.044435411184224
2011-05-29 05:00:00,9.49936478204629
2011-05-29 06:00:00,12.732972106308987
2011-05-29 07:00:00,36.49082782771801
2011-05-29 08:00:00,83.48537835451005
2011-05-29 09:00:00,89.56780038970729
2011-05-29 10:00:00,221.35210520039794
2011-05-29 11:00:00,263.6117517476445
2011-05-29 12:00:00,356.814064721827
2011-05-29 13:00:00,392.31155136466236
2011-05-29 14:00:00,356.2420264941492
2011-05-29 15:00:00,351.98837231149537
2011-05-29 16:00:00,359.85277906492007
2011-05-29 17:00:00,361.5258501879828
2011-05-29 18:00:00,285.27438087359525
2011-05-29 19:00:00,255.8892843273964
2011-05-29 20:00:00,208.88377631347674
2011-05-29 21:00:00,163.20179875844724
2011-05-29 22:00:00,109.26669693746608
2011-05-29 23:00:00,84.71817666635071
2011-05-30 00:00:00,57.863922896429386
2011-05-30 01:00:00,41.04719616664505
2011-05-30 02:00:00,33.505317380191684
2011-05-30 03:00:00,12.879570702274938
2011-05-30 04:00:00,7.014894537543433
2011-05-30 05:00:00,8.982896685166466
2011-05-30 06:00:00,16.76221571896474
2011-05-30 07:00:00,42.585140985143966
2011-05-30 08:00:00,114.36771433360393
2011-05-30 09:00:00,209.8229706308004
2011-05-30 10:00:00,253.2580680724002
2011-05-30 11:00:00,308.25788477318406
2011-05-30 12:00:00,315.3354729698008
2011-05-30 13:00:00,323.1017342904389
2011-05-30 14:00:00,303.50823677551426
2011-05-30 15:00:00,300.93627707952356
2011-05-30 16:00:00,326.0306479799874
2011-05-30 17:00:00,378.3278650057453
2011-05-30 18:00:00,349.5089246613246
2011-05-30 19:00:00,282.8350179058215
2011-05-30 20:00:00,269.978889562591
2011-05-30 21:00:00,202.32725114876507
2011-05-30 22:00:00,167.02214175534385
2011-05-30 23:00:00,109.45914391277108
2011-05-31 00:00:00,35.56026255745728
2011-05-31 01:00:00,12.777518067063507
2011-05-31 02:00:00,6.901095960143424
2011-05-31 03:00:00,3.9411442417800524
2011-05-31 04:00:00,6.0831946285007845
2011-05-31 05:00:00,26.64487776770481
2011-05-31 06:00:00,113.14359936457276
2011-05-31 07:00:00,299.92584359668587
2011-05-31 08:00:00,438.4041569066645
2011-05-31 09:00:00,218.01287644975685
2011-05-31 10:00:00,124.73283309763555
2011-05-31 11:00:00,135.23983413841682
2011-05-31 12:00:00,163.4021801507903
2011-05-31 13:00:00,151.6680314696386
2011-05-31 14:00:00,140.48796803645777
2011-05-31 15:00:00,154.22721975995907
2011-05-31 16:00:00,235.28455101828268
2011-05-31 17:00:00,483.1994890611164
2011-05-31 18:00:00,485.0782567446265
2011-05-31 19:00:00,381.72100585767316
2011-05-31 20:00:00,273.32570354592815
2011-05-31 21:00:00,204.61195184114572
2011-05-31 22:00:00,154.0012933754233
2011-05-31 23:00:00,89.70106653030948
2011-06-20 00:00:00,32.749809935924915
2011-06-20 01:00:00,11.45785465277989
2011-06-20 02:00:00,6.779496458227927
2011-06-20 03:00:00,3.4319706809938184
2011-06-20 04:00:00,4.145190446580987
2011-06-20 05:00:00,19.990375376406696
2011-06-20 06:00:00,79.88140293616763
2011-06-20 07:00:00,168.53719324248704
2011-06-20 08:00:00,290.9827810718755
2011-06-20 09:00:00,230.55859869832943
2011-06-20 10:00:00,122.74160332881382
2011-06-20 11:00:00,137.5875413846408
2011-06-20 12:00:00,186.66635664000125
2011-06-20 13:00:00,186.21155538668265
2011-06-20 14:00:00,165.15623629940916
2011-06-20 15:00:00,187.84165535411623
2011-06-20 16:00:00,293.5797362255002
2011-06-20 17:00:00,532.9355597558529
2011-06-20 18:00:00,511.16532029543794
2011-06-20 19:00:00,390.9157502605125
2011-06-20 20:00:00,272.0964522951866
2011-06-20 21:00:00,197.45231700170407
2011-06-20 22:00:00,141.57456999668523
2011-06-20 23:00:00,79.51511390590248
2011-06-21 00:00:00,35.065085544943074
2011-06-21 01:00:00,13.489743837507486
2011-06-21 02:00:00,4.629406621248805
2011-06-21 03:00:00,3.3706003512094513
2011-06-21 04:00:00,4.951923890080366
2011-06-21 05:00:00,21.587652256883853
2011-06-21 06:00:00,94.59142019761362
2011-06-21 07:00:00,213.87566210885376
2011-06-21 08:00:00,354.9519276278141
2011-06-21 09:00:00,194.65780654823072
2011-06-21 10:00:00,112.84720470515049
2011-06-21 11:00:00,141.7415811449573
2011-06-21 12:00:00,174.87808574117597
2011-06-21 13:00:00,179.527449899634
2011-06-21 14:00:00,162.28844787369488
2011-06-21 15:00:00,177.17972238725338
2011-06-21 16:00:00,271.9055489036557
2011-06-21 17:00:00,479.1952023530762
2011-06-21 18:00:00,454.3008062353856
2011-06-21 19:00:00,349.9552692833431
2011-06-21 20:00:00,220.92111236900047
2011-06-21 21:00:00,199.90126672503868
2011-06-21 22:00:00,155.72345532419013
2011-06-21 23:00:00,94.05287164958834
2011-06-22 00:00:00,38.55934248551499
2011-06-22 01:00:00,18.358653857136602
2011-06-22 02:00:00,8.309763889899052
2011-06-22 03:00:00,5.583503123876372
2011-06-22 04:00:00,5.269830019157868
2011-06-22 05:00:00,23.979037914489776
2011-06-22 06:00:00,111.3192760453156
2011-06-22 07:00:00,290.6462760038256
2011-06-22 08:00:00,418.52405249932366
2011-06-22 09:00:00,224.57351286152993
2011-06-22 10:00:00,132.98091354472535
2011-06-22 11:00:00,148.0990930774155
2011-06-22 12:00:00,182.70061587270789
2011-06-22 13:00:00,167.68211796728755
2011-06-22 14:00:00,159.44128845618957
2011-06-22 15:00:00,168.27698789125571
2011-06-22 16:00:00,262.16128447526637
2011-06-22 17:00:00,498.0511833102301
2011-06-22 18:00:00,485.1238544168034
2011-06-22 19:00:00,388.5592949560523
2011-06-22 20:00:00,263.78373101217005
2011-06-22 21:00:00,204.9023982570564
2011-06-22 22:00:00,155.17173805135258
2011-06-22 23:00:00,94.93109576141656
2011-06-23 00:00:00,41.01818511803343
2011-06-23 01:00:00,18.622081174013942
2011-06-23 02:00:00,9.304660745334987
2011-06-23 03:00:00,5.551447453100597
2011-06-23 04:00:00,6.81276963819216
2011-06-23 05:00:00,28.77079028423524
2011-06-23 06:00:00,115.9350373983789
2011-06-23 07:00:00,288.11436112741274
2011-06-23 08:00:00,412.9923833486415
2011-06-23 09:00:00,224.1632665053235
2011-06-23 10:00:00,136.36137426789145
2011-06-23 11:00:00,133.68494070367584
2011-06-23 12:00:00,185.84484263746333
2011-06-23 13:00:00,182.21535569477447
2011-06-23 14:00:00,161.65701915150717
2011-06-23 15:00:00,184.30304364089878
2011-06-23 16:00:00,291.2845351487181
2011-06-23 17:00:00,461.1373984212671
2011-06-23 18:00:00,478.3531394495666
2011-06-23 19:00:00,374.47307534487396
2011-06-23 20:00:00,267.5600044760454
2011-06-23 21:00:00,203.33393908896494
2011-06-23 22:00:00,157.96620535695848
2011-06-23 23:00:00,99.74065389056318
2011-06-24 00:00:00,67.41890498954639
2011-06-24 01:00:00,26.53648914353645
2011-06-24 02:00:00,15.321576166999979
2011-06-24 03:00:00,7.211730499502971
2011-06-24 04:00:00,6.829093993948685
2011-06-24 05:00:00,23.169212562586335
2011-06-24 06:00:00,110.3736383851662
2011-06-24 07:00:00,238.4974622341955
2011-06-24 08:00:00,424.60072655574123
2011-06-24 09:00:00,262.3183482745199
2011-06-24 10:00:00,155.92740246672565
2011-06-24 11:00:00,183.42352322122127
2011-06-24 12:00:00,230.4346408833789
2011-06-24 13:00:00,233.71538713514187
2011-06-24 14:00:00,213.6684506928668
2011-06-24 15:00:00,235.591291357887
2011-06-24 16:00:00,363.17620744425534
2011-06-24 17:00:00,538.184854427908
2011-06-24 18:00:00,495.951959523956
2011-06-24 19:00:00,368.46874026698185
2011-06-24 20:00:00,261.2008821958369
2011-06-24 21:00:00,222.63819092233672
2011-06-24 22:00:00,197.65431829717608
2011-06-24 23:00:00,160.49267588700704
2011-06-25 00:00:00,118.68328748440464
2011-06-25 01:00:00,87.33580892775991
2011-06-25 02:00:00,66.46697567419062
2011-06-25 03:00:00,28.658250340054813
2011-06-25 04:00:00,9.892798165102851
2011-06-25 05:00:00,11.734583029732828
2011-06-25 06:00:00,24.422059342185882
2011-06-25 07:00:00,56.23967945257563
2011-06-25 08:00:00,133.53519603784747
2011-06-25 09:00:00,200.8772583279298
2011-06-25 10:00:00,292.802170636027
2011-06-25 11:00:00,365.75508251670504
2011-06-25 12:00:00,429.09159624189397
2011-06-25 13:00:00,434.5525825878239
2011-06-25 14:00:00,404.46822044934675
2011-06-25 15:00:00,400.67520802948036
2011-06-25 16:00:00,415.1989298063363
2011-06-25 17:00:00,424.6027499287615
2011-06-25 18:00:00,359.81146440825523
2011-06-25 19:00:00,308.1143646226126
2011-06-25 20:00:00,246.22255250744058
2011-06-25 21:00:00,209.23218597384894
2011-06-25 22:00:00,184.06892988849643
2011-06-25 23:00:00,129.1787707426576
2011-06-26 00:00:00,111.46744680814787
2011-06-26 01:00:00,87.5920607320246
2011-06-26 02:00:00,71.30294978121391
2011-06-26 03:00:00,33.189709905641436
2011-06-26 04:00:00,11.483606796603272
2011-06-26 05:00:00,12.189024894654212
2011-06-26 06:00:00,20.896018643429
2011-06-26 07:00:00,48.31098788899366
2011-06-26 08:00:00,111.76828644768163
2011-06-26 09:00:00,194.96189740131717
2011-06-26 10:00:00,284.3259368204475
2011-06-26 11:00:00,367.351843720007
2011-06-26 12:00:00,420.9122296269263
2011-06-26 13:00:00,424.11978991472847
2011-06-26 14:00:00,407.4572780308663
2011-06-26 15:00:00,404.0079548311183
2011-06-26 16:00:00,405.9068368194097
2011-06-26 17:00:00,400.5815994141285
2011-06-26 18:00:00,339.2664462705952
2011-06-26 19:00:00,295.0054199048923
2011-06-26 20:00:00,227.912744355119
2011-06-26 21:00:00,182.48873016314676
2011-06-26 22:00:00,151.20117218210157
2011-06-26 23:00:00,104.89751504626825
2011-06-27 00:00:00,27.588292228019032
2011-06-27 01:00:00,15.719127383788624
2011-06-27 02:00:00,6.113057332235723
2011-06-27 03:00:00,4.154325851130983
2011-06-27 04:00:00,5.25916750434039
2011-06-27 05:00:00,23.129188495530343
2011-06-27 06:00:00,103.65530780263235
2011-06-27 07:00:00,301.9066316474341
2011-06-27 08:00:00,433.77523533392355
2011-06-27 09:00:00,230.67187247962292
2011-06-27 10:00:00,138.8504305398477
2011-06-27 11:00:00,153.05861913171748
2011-06-27 12:00:00,191.85618921091154
2011-06-27 13:00:00,188.68801964677718
2011-06-27 14:00:00,167.01915633246134
2011-06-27 15:00:00,186.3899332017433
2011-06-27 16:00:00,294.0788828066393
2011-06-27 17:00:00,535.4180707350878
2011-06-27 18:00:00,534.4517083026192
2011-06-27 19:00:00,390.6140050476481
2011-06-27 20:00:00,277.88330889805127
2011-06-27 21:00:00,203.39436612385757
2011-06-27 22:00:00,147.31182993480354
2011-06-27 23:00:00,86.94856126596376
2011-06-28 00:00:00,35.363347317825024
2011-06-28 01:00:00,16.886641154062442
2011-06-28 02:00:00,8.185676061999196
2011-06-28 03:00:00,5.435194462274158
2011-06-28 04:00:00,6.357886627347913
2011-06-28 05:00:00,27.40355331483392
2011-06-28 06:00:00,113.4672035946212
2011-06-28 07:00:00,289.82287790497423
2011-06-28 08:00:00,429.1302064340111
2011-06-28 09:00:00,215.45359042335332
2011-06-28 10:00:00,132.99501494757132
2011-06-28 11:00:00,143.46576941443902
2011-06-28 12:00:00,175.39758060894437
2011-06-28 13:00:00,171.35702928919895
2011-06-28 14:00:00,147.26203605297908
2011-06-28 15:00:00,157.64877976550173
2011-06-28 16:00:00,254.92262000537522
2011-06-28 17:00:00,428.85717595238236
2011-06-28 18:00:00,438.2781367994948
2011-06-28 19:00:00,373.2373276223025
2011-06-28 20:00:00,276.22754189576585
2011-06-28 21:00:00,204.19430661912605
2011-06-28 22:00:00,151.8126514573333
2011-06-28 23:00:00,90.64151772703453
2011-06-29 00:00:00,34.54390312444055
2011-06-29 01:00:00,16.879171490743644
2011-06-29 02:00:00,8.202341643209301
2011-06-29 03:00:00,5.397681683940273
2011-06-29 04:00:00,6.291385081615957
2011-06-29 05:00:00,26.187018685798293
2011-06-29 06:00:00,113.29821726604757
2011-06-29 07:00:00,304.75753085147153
2011-06-29 08:00:00,453.3288439758564
2011-06-29 09:00:00,232.85051022083508
2011-06-29 10:00:00,140.43850272239078
2011-06-29 11:00:00,157.74187067832045
2011-06-29 12:00:00,196.33112327778758
2011-06-29 13:00:00,182.06774411622575
2011-06-29 14:00:00,163.60750524734908
2011-06-29 15:00:00,183.07926103846953
2011-06-29 16:00:00,288.3588573490358
2011-06-29 17:00:00,524.9416889719557
2011-06-29 18:00:00,530.4563280982311
2011-06-29 19:00:00,401.42040139212
2011-06-29 20:00:00,284.5728925594066
2011-06-29 21:00:00,218.44951091761374
2011-06-29 22:00:00,168.80900969619736
2011-06-29 23:00:00,104.98738372972238
2011-06-30 00:00:00,42.70574161947518
2011-06-30 01:00:00,18.54126655465464
2011-06-30 02:00:00,9.518805848276957
2011-06-30 03:00:00,5.870642723605039
2011-06-30 04:00:00,6.394870541088399
2011-06-30 05:00:00,27.963417069475234
2011-06-30 06:00:00,119.72930935746896
2011-06-30 07:00:00,311.78692685781016
2011-06-30 08:00:00,459.903850857679
2011-06-30 09:00:00,237.7823051984535
2011-06-30 10:00:00,144.21362318342813
2011-06-30 11:00:00,161.33520542731048
2011-06-30 12:00:00,196.96828882346
2011-06-30 13:00:00,191.68611272779754
2011-06-30 14:00:00,170.6147302190744
2011-06-30 15:00:00,192.02096330437436
2011-06-30 16:00:00,292.1022019077707
2011-06-30 17:00:00,534.5177561847397
2011-06-30 18:00:00,539.9215846014711
2011-06-30 19:00:00,409.58589980328236
2011-06-30 20:00:00,290.4902259874795
2011-06-30 21:00:00,220.0088559695539
2011-06-30 22:00:00,173.7429032284264
2011-06-30 23:00:00,107.58489474087237
2011-07-20 00:00:00,36.04191192798676
2011-07-20 01:00:00,14.011061680677063
2011-07-20 02:00:00,7.203358619586643
2011-07-20 03:00:00,4.663380577479456
2011-07-20 04:00:00,6.046603466946191
2011-07-20 05:00:00,27.694681670138827
2011-07-20 06:00:00,98.78487533099076
2011-07-20 07:00:00,280.04976416891043
2011-07-20 08:00:00,412.9353990117715
2011-07-20 09:00:00,218.81190196273445
2011-07-20 10:00:00,129.72553210424792
2011-07-20 11:00:00,138.85455759318762
2011-07-20 12:00:00,161.3419971487948
2011-07-20 13:00:00,155.97236740032724
2011-07-20 14:00:00,141.44835327949284
2011-07-20 15:00:00,154.28127085567726
2011-07-20 16:00:00,237.44962747571134
2011-07-20 17:00:00,449.58056006789315
2011-07-20 18:00:00,450.7736951497744
2011-07-20 19:00:00,327.9648009445133
2011-07-20 20:00:00,225.67026873978114
2011-07-20 21:00:00,191.77528140829872
2011-07-20 22:00:00,156.43593216984493
2011-07-20 23:00:00,97.01216303643287
2011-07-21 00:00:00,38.378293308811394
2011-07-21 01:00:00,13.698681274334525
2011-07-21 02:00:00,7.372199571515779
2011-07-21 03:00:00,5.144422725486865
2011-07-21 04:00:00,5.781546723026448
2011-07-21 05:00:00,23.500581223352043
2011-07-21 06:00:00,107.67038452441192
2011-07-21 07:00:00,264.82866176974085
2011-07-21 08:00:00,389.75065032449334
2011-07-21 09:00:00,198.19971677112682
2011-07-21 10:00:00,122.84681986859951
2011-07-21 11:00:00,140.29365228728227
2011-07-21 12:00:00,161.16787981836504
2011-07-21 13:00:00,156.64796253868099
2011-07-21 14:00:00,144.2642257434261
2011-07-21 15:00:00,152.16751966394813
2011-07-21 16:00:00,240.03793449222104
2011-07-21 17:00:00,465.67080032137153
2011-07-21 18:00:00,458.54461540818124
2011-07-21 19:00:00,329.0777545398224
2011-07-21 20:00:00,223.6984718569633
2011-07-21 21:00:00,180.86063067575893
2011-07-21 22:00:00,149.4476499286254
2011-07-21 23:00:00,97.38062924675334
2011-07-22 00:00:00,63.284281018834925
2011-07-22 01:00:00,26.113262442989512
2011-07-22 02:00:00,14.903304563622605
2011-07-22 03:00:00,6.765792892172993
2011-07-22 04:00:00,6.679293503191228
2011-07-22 05:00:00,26.39592660597588
2011-07-22 06:00:00,108.1932572071461
2011-07-22 07:00:00,229.85124203169843
2011-07-22 08:00:00,383.00519999469367
2011-07-22 09:00:00,206.97476286289628
2011-07-22 10:00:00,133.97641775375104
2011-07-22 11:00:00,152.4288432874339
2011-07-22 12:00:00,185.1029685492063
2011-07-22 13:00:00,186.05785188435266
2011-07-22 14:00:00,180.26344822494755
2011-07-22 15:00:00,195.56261065508278
2011-07-22 16:00:00,290.4669063247193
2011-07-22 17:00:00,449.0874638231669
2011-07-22 18:00:00,425.85972345985306
2011-07-22 19:00:00,327.3050659573513
2011-07-22 20:00:00,221.46335091735165
2011-07-22 21:00:00,204.18569649284143
2011-07-22 22:00:00,184.9848539677019
2011-07-22 23:00:00,150.0143552450021
2011-07-23 00:00:00,103.8160331240905
2011-07-23 01:00:00,80.33983650254105
2011-07-23 02:00:00,62.203444926201165
2011-07-23 03:00:00,27.65434059547985
2011-07-23 04:00:00,9.983410705387772
2011-07-23 05:00:00,11.317088575383448
2011-07-23 06:00:00,23.25003564182727
2011-07-23 07:00:00,52.50785129014041
2011-07-23 08:00:00,120.98368916785861
2011-07-23 09:00:00,168.58738258578188
2011-07-23 10:00:00,242.6514440286904
2011-07-23 11:00:00,291.98102541658807
2011-07-23 12:00:00,331.98038096526017
2011-07-23 13:00:00,322.6047147154452
2011-07-23 14:00:00,321.0729101514869
2011-07-23 15:00:00,302.85476470509
2011-07-23 16:00:00,306.6339767045743
2011-07-23 17:00:00,309.40070416967484
2011-07-23 18:00:00,283.78604125355866
2011-07-23 19:00:00,276.65948446695126
2011-07-23 20:00:00,226.4154684047047
2011-07-23 21:00:00,203.45014254545723
2011-07-23 22:00:00,180.49051716386583
2011-07-23 23:00:00,137.2454494053158
2011-07-24 00:00:00,110.39094673458595
2011-07-24 01:00:00,83.90044799630647
2011-07-24 02:00:00,66.56028673951188
2011-07-24 03:00:00,29.55451848217978
2011-07-24 04:00:00,10.323965252335917
2011-07-24 05:00:00,10.992699256304931
2011-07-24 06:00:00,20.429055972922825
2011-07-24 07:00:00,47.093307182546006
2011-07-24 08:00:00,103.78257898631058
2011-07-24 09:00:00,166.47941236457217
2011-07-24 10:00:00,233.48564350975607
2011-07-24 11:00:00,304.3270878877124
2011-07-24 12:00:00,332.05273377394076
2011-07-24 13:00:00,363.56417116605155
2011-07-24 14:00:00,329.2662798145853
2011-07-24 15:00:00,320.77197889052786
2011-07-24 16:00:00,324.4400863353007
2011-07-24 17:00:00,324.46228729535324
2011-07-24 18:00:00,286.13540281916914
2011-07-24 19:00:00,260.60024658969394
2011-07-24 20:00:00,211.87118629471502
2011-07-24 21:00:00,176.27980941829932
2011-07-24 22:00:00,144.68377806003036
2011-07-24 23:00:00,100.03610600309833
2011-07-25 00:00:00,35.22663894138537
2011-07-25 01:00:00,17.0301458464075
2011-07-25 02:00:00,7.8159338855687155
2011-07-25 03:00:00,4.202070657987175
2011-07-25 04:00:00,5.210505356029933
2011-07-25 05:00:00,22.4239614677313
2011-07-25 06:00:00,104.55141530936369
2011-07-25 07:00:00,276.71453090929595
2011-07-25 08:00:00,412.38200169133256
2011-07-25 09:00:00,195.18768702213032
2011-07-25 10:00:00,118.13568019928121
2011-07-25 11:00:00,137.51852223560132
2011-07-25 12:00:00,165.57051893609759
2011-07-25 13:00:00,164.79339294062189
2011-07-25 14:00:00,150.01331625261557
2011-07-25 15:00:00,147.56247822444493
2011-07-25 16:00:00,228.6586412715647
2011-07-25 17:00:00,451.62876443387654
2011-07-25 18:00:00,452.24559019090424
2011-07-25 19:00:00,361.15234527785947
2011-07-25 20:00:00,259.35912492899496
2011-07-25 21:00:00,172.62435466358767
2011-07-25 22:00:00,135.43996864725742
2011-07-25 23:00:00,80.8936059817841
2011-07-26 00:00:00,37.73024976077487
2011-07-26 01:00:00,17.316319977441864
2011-07-26 02:00:00,7.220126406587841
2011-07-26 03:00:00,4.564855388815955
2011-07-26 04:00:00,5.683339304026306
2011-07-26 05:00:00,24.20491379138116
2011-07-26 06:00:00,114.01585630151632
2011-07-26 07:00:00,300.76270509272496
2011-07-26 08:00:00,449.28399996442954
2011-07-26 09:00:00,227.8765644834394
2011-07-26 10:00:00,133.6304171649748
2011-07-26 11:00:00,148.83072860363035
2011-07-26 12:00:00,184.9512650165398
2011-07-26 13:00:00,178.97128756781473
2011-07-26 14:00:00,158.028496143566
2011-07-26 15:00:00,171.7104086889554
2011-07-26 16:00:00,272.36280964146
2011-07-26 17:00:00,513.6553751195211
2011-07-26 18:00:00,516.8021138549075
2011-07-26 19:00:00,391.81138124331
2011-07-26 20:00:00,285.7558013844657
2011-07-26 21:00:00,213.39405826137528
2011-07-26 22:00:00,163.31138856529176
2011-07-26 23:00:00,96.26249069203105
2011-07-27 00:00:00,38.131603743469
2011-07-27 01:00:00,17.20491438214883
2011-07-27 02:00:00,8.172061418450518
2011-07-27 03:00:00,4.806270333940153
2011-07-27 04:00:00,6.392521976635852
2011-07-27 05:00:00,28.97374932443998
2011-07-27 06:00:00,115.07476724081442
2011-07-27 07:00:00,302.83555532323805
2011-07-27 08:00:00,454.2150269237512
2011-07-27 09:00:00,229.2432006912702
2011-07-27 10:00:00,136.14263238470875
2011-07-27 11:00:00,149.77159842711583
2011-07-27 12:00:00,188.12242979175866
2011-07-27 13:00:00,178.42794310848728
2011-07-27 14:00:00,162.77496032886177
2011-07-27 15:00:00,180.89145138812785
2011-07-27 16:00:00,284.1941367704016
2011-07-27 17:00:00,524.1591677093257
2011-07-27 18:00:00,533.3412652178579
2011-07-27 19:00:00,401.0175907580284
2011-07-27 20:00:00,288.5018457532873
2011-07-27 21:00:00,216.8686825394651
2011-07-27 22:00:00,166.46386475548735
2011-07-27 23:00:00,103.3235174167122
2011-07-28 00:00:00,44.25846756869001
2011-07-28 01:00:00,19.754130749462696
2011-07-28 02:00:00,9.958669575407855
2011-07-28 03:00:00,5.52132911649299
2011-07-28 04:00:00,6.6485685555127025
2011-07-28 05:00:00,29.786477229594784
2011-07-28 06:00:00,117.48176154700806
2011-07-28 07:00:00,305.5617858784059
2011-07-28 08:00:00,426.25443259201234
2011-07-28 09:00:00,219.81459524481227
2011-07-28 10:00:00,130.59011403374407
2011-07-28 11:00:00,138.48830297720747
2011-07-28 12:00:00,165.46014644635042
2011-07-28 13:00:00,160.8980622325547
2011-07-28 14:00:00,152.98960646948285
2011-07-28 15:00:00,155.97644443473928
2011-07-28 16:00:00,249.63854752961709
2011-07-28 17:00:00,482.16570963374494
2011-07-28 18:00:00,461.0693890155471
2011-07-28 19:00:00,362.1601385981279
2011-07-28 20:00:00,263.09974813329364
2011-07-28 21:00:00,200.43258170657697
2011-07-28 22:00:00,162.30808818545157
2011-07-28 23:00:00,101.89166256289293
2011-07-29 00:00:00,67.2761898093304
2011-07-29 01:00:00,26.97466305650212
2011-07-29 02:00:00,15.495571602304281
2011-07-29 03:00:00,6.37276747979542
2011-07-29 04:00:00,5.896918937214637
2011-07-29 05:00:00,22.791068757332724
2011-07-29 06:00:00,99.46615563235673
2011-07-29 07:00:00,246.1592043725062
2011-07-29 08:00:00,410.87644915743476
2011-07-29 09:00:00,225.24317068019093
2011-07-29 10:00:00,139.20333715119563
2011-07-29 11:00:00,157.6884925867821
2011-07-29 12:00:00,192.81442479299633
2011-07-29 13:00:00,185.8530059967639
2011-07-29 14:00:00,174.66018684912706
2011-07-29 15:00:00,190.56448881841735
2011-07-29 16:00:00,285.91140072535285
2011-07-29 17:00:00,431.0028405058189
2011-07-29 18:00:00,419.2454325767925
2011-07-29 19:00:00,300.6463925467571
2011-07-29 20:00:00,232.6332753846979
2011-07-29 21:00:00,216.4840019067152
2011-07-29 22:00:00,196.18558617725444
2011-07-29 23:00:00,155.90515159536238
2011-07-30 00:00:00,112.79320828682116
2011-07-30 01:00:00,80.4806269115018
2011-07-30 02:00:00,64.60837604798334
2011-07-30 03:00:00,29.41264132597055
2011-07-30 04:00:00,10.406988901419048
2011-07-30 05:00:00,11.391028289453054
2011-07-30 06:00:00,23.946150744571664
2011-07-30 07:00:00,53.80914583484316
2011-07-30 08:00:00,127.80150204036484
2011-07-30 09:00:00,182.29524428287516
2011-07-30 10:00:00,270.46384043199214
2011-07-30 11:00:00,337.79394419566205
2011-07-30 12:00:00,396.3828936505404
2011-07-30 13:00:00,385.4522578578384
2011-07-30 14:00:00,353.1404433876583
2011-07-30 15:00:00,344.05343216929606
2011-07-30 16:00:00,357.4233860946364
2011-07-30 17:00:00,354.51496314309054
2011-07-30 18:00:00,330.4669080655365
2011-07-30 19:00:00,309.55357380699826
2011-07-30 20:00:00,248.27620102993524
2011-07-30 21:00:00,214.27770045884716
2011-07-30 22:00:00,185.743208308801
2011-07-30 23:00:00,140.82913567461145
2011-07-31 00:00:00,112.4005754841335
2011-07-31 01:00:00,88.1854726175903
2011-07-31 02:00:00,69.4180559801938
2011-07-31 03:00:00,29.716239717675364
2011-07-31 04:00:00,10.544143268485065
2011-07-31 05:00:00,11.504939207329784
2011-07-31 06:00:00,19.97331517155445
2011-07-31 07:00:00,49.02911302256739
2011-07-31 08:00:00,109.16385681839516
2011-07-31 09:00:00,180.76045287025437
2011-07-31 10:00:00,265.303965246512
2011-07-31 11:00:00,331.20973071384924
2011-07-31 12:00:00,377.9465568097312
2011-07-31 13:00:00,379.61710690560875
2011-07-31 14:00:00,362.3680567051088
2011-07-31 15:00:00,359.40337121857726
2011-07-31 16:00:00,361.4509014081891
2011-07-31 17:00:00,350.08359561869736
2011-07-31 18:00:00,308.4029230519043
2011-07-31 19:00:00,280.11285540821996
2011-07-31 20:00:00,223.2740907529418
2011-07-31 21:00:00,181.08493062502205
2011-07-31 22:00:00,142.02856307874976
2011-07-31 23:00:00,100.46030426845536
2011-08-20 00:00:00,92.47528427256549
2011-08-20 01:00:00,74.26515800375604
2011-08-20 02:00:00,60.558608614987875
2011-08-20 03:00:00,26.70824607897426
2011-08-20 04:00:00,6.748176864727627
2011-08-20 05:00:00,8.513230347450756
2011-08-20 06:00:00,17.235755440377808
2011-08-20 07:00:00,47.67130496039524
2011-08-20 08:00:00,127.49145970279963
2011-08-20 09:00:00,191.98866056494512
2011-08-20 10:00:00,276.5551315418177
2011-08-20 11:00:00,349.2736037803422
2011-08-20 12:00:00,384.528439618456
2011-08-20 13:00:00,377.2160445964428
2011-08-20 14:00:00,377.06161043529266
2011-08-20 15:00:00,376.72509529837504
2011-08-20 16:00:00,386.4551375394218
2011-08-20 17:00:00,384.01640910945605
2011-08-20 18:00:00,331.5492189957288
2011-08-20 19:00:00,286.76046593866135
2011-08-20 20:00:00,235.842522825456
2011-08-20 21:00:00,187.64044743463506
2011-08-20 22:00:00,154.4174392205711
2011-08-20 23:00:00,124.54849182775727
2011-08-21 00:00:00,110.66641183589023
2011-08-21 01:00:00,86.24214355751106
2011-08-21 02:00:00,69.52953815990992
2011-08-21 03:00:00,27.918418265585434
2011-08-21 04:00:00,7.969117462989478
2011-08-21 05:00:00,7.899418043106815
2011-08-21 06:00:00,12.014481254466535
2011-08-21 07:00:00,40.41670221892238
2011-08-21 08:00:00,93.9439395767376
2011-08-21 09:00:00,176.83668928756947
2011-08-21 10:00:00,253.8933511159056
2011-08-21 11:00:00,314.11222206310896
2011-08-21 12:00:00,357.649074525705
2011-08-21 13:00:00,373.7710557919644
2011-08-21 14:00:00,222.57756496219736
2011-08-21 15:00:00,282.7243412330945
2011-08-21 16:00:00,315.9893180675363
2011-08-21 17:00:00,306.7307462202956
2011-08-21 18:00:00,264.76951250968796
2011-08-21 19:00:00,266.1988599152531
2011-08-21 20:00:00,196.21959070665002
2011-08-21 21:00:00,157.05736643907525
2011-08-21 22:00:00,126.41477664602682
2011-08-21 23:00:00,91.24378387884154
2011-08-22 00:00:00,35.23494032490004
2011-08-22 01:00:00,16.80737283128974
2011-08-22 02:00:00,8.16369656624197
2011-08-22 03:00:00,4.402724172553361
2011-08-22 04:00:00,6.348555065555348
2011-08-22 05:00:00,26.93468341902725
2011-08-22 06:00:00,104.07581337032558
2011-08-22 07:00:00,293.7266722156478
2011-08-22 08:00:00,440.05206252183535
2011-08-22 09:00:00,230.6710069924186
2011-08-22 10:00:00,132.52510575131458
2011-08-22 11:00:00,150.82706808670582
2011-08-22 12:00:00,192.0369397619889
2011-08-22 13:00:00,185.41244855689365
2011-08-22 14:00:00,167.13427336723402
2011-08-22 15:00:00,189.55766234007874
2011-08-22 16:00:00,294.5879300181534
2011-08-22 17:00:00,532.1615345400402
2011-08-22 18:00:00,527.2388866960805
2011-08-22 19:00:00,390.4958869144947
2011-08-22 20:00:00,278.5807137917427
2011-08-22 21:00:00,206.64998861751366
2011-08-22 22:00:00,143.28858702273902
2011-08-22 23:00:00,85.28253151172845
2011-08-23 00:00:00,33.34708499597846
2011-08-23 01:00:00,13.4714638550914
2011-08-23 02:00:00,7.0642080920371
2011-08-23 03:00:00,4.16135055297923
2011-08-23 04:00:00,5.526063898443482
2011-08-23 05:00:00,25.523152370539595
2011-08-23 06:00:00,108.9432124656957
2011-08-23 07:00:00,309.4283013568165
2011-08-23 08:00:00,461.6286425809162
2011-08-23 09:00:00,232.29393282033232
2011-08-23 10:00:00,138.29666769466508
2011-08-23 11:00:00,156.63246642536802
2011-08-23 12:00:00,196.83750181070195
2011-08-23 13:00:00,192.29825968806597
2011-08-23 14:00:00,170.36991351659674
2011-08-23 15:00:00,191.93169583745959
2011-08-23 16:00:00,303.0273970312274
2011-08-23 17:00:00,547.0214089231904
2011-08-23 18:00:00,540.1830031775517
2011-08-23 19:00:00,401.49281254963694
2011-08-23 20:00:00,274.30339132446807
2011-08-23 21:00:00,203.0420516970915
2011-08-23 22:00:00,155.01117117473808
2011-08-23 23:00:00,91.97403598022021
2011-08-24 00:00:00,36.397379248478586
2011-08-24 01:00:00,16.3496118462728
2011-08-24 02:00:00,7.45993623110589
2011-08-24 03:00:00,5.045734110402083
2011-08-24 04:00:00,5.906847269012302
2011-08-24 05:00:00,26.975310806018783
2011-08-24 06:00:00,109.31015451775905
2011-08-24 07:00:00,308.3865597286691
2011-08-24 08:00:00,449.91003077693836
2011-08-24 09:00:00,234.8716895668704
2011-08-24 10:00:00,136.36751782875035
2011-08-24 11:00:00,154.2939150749409
2011-08-24 12:00:00,189.2745290720917
2011-08-24 13:00:00,184.35875822306866
2011-08-24 14:00:00,165.45248876020736
2011-08-24 15:00:00,182.72178594799078
2011-08-24 16:00:00,282.614927563423
2011-08-24 17:00:00,518.2178394876371
2011-08-24 18:00:00,523.4908088731488
2011-08-24 19:00:00,392.54193895865455
2011-08-24 20:00:00,273.74846065132544
2011-08-24 21:00:00,203.46294048868222
2011-08-24 22:00:00,156.84503014141418
2011-08-24 23:00:00,94.40154072272755
2011-08-25 00:00:00,38.19932957556584
2011-08-25 01:00:00,18.249768445794246
2011-08-25 02:00:00,9.1227591839587
2011-08-25 03:00:00,5.285411310718081
2011-08-25 04:00:00,6.313928946779632
2011-08-25 05:00:00,26.163640188599178
2011-08-25 06:00:00,109.45321348687565
2011-08-25 07:00:00,275.89498916748676
2011-08-25 08:00:00,402.350829894065
2011-08-25 09:00:00,227.70133368899135
2011-08-25 10:00:00,132.0883042876584
2011-08-25 11:00:00,109.33433445983975
2011-08-25 12:00:00,117.39498964267304
2011-08-25 13:00:00,159.7065251239937
2011-08-25 14:00:00,143.03364776746616
2011-08-25 15:00:00,161.38645766822293
2011-08-25 16:00:00,210.00429047013316
2011-08-25 17:00:00,361.76001433402564
2011-08-25 18:00:00,346.41811794484494
2011-08-25 19:00:00,318.02811232965473
2011-08-25 20:00:00,242.58012924169935
2011-08-25 21:00:00,181.01817958263206
2011-08-25 22:00:00,136.92591601965418
2011-08-25 23:00:00,89.76535447135608
2011-08-26 00:00:00,59.9376889079921
2011-08-26 01:00:00,23.330971171866928
2011-08-26 02:00:00,11.640832465920589
2011-08-26 03:00:00,5.701791515158668
2011-08-26 04:00:00,5.422497679335443
2011-08-26 05:00:00,20.10387009242927
2011-08-26 06:00:00,93.96605186874547
2011-08-26 07:00:00,220.68093978508404
2011-08-26 08:00:00,375.2529927622444
2011-08-26 09:00:00,240.59213178196114
2011-08-26 10:00:00,152.3271409642993
2011-08-26 11:00:00,177.49221637205497
2011-08-26 12:00:00,222.67547317447423
2011-08-26 13:00:00,229.2534245187544
2011-08-26 14:00:00,194.88230235874363
2011-08-26 15:00:00,230.1967180751953
2011-08-26 16:00:00,342.3074211773022
2011-08-26 17:00:00,441.44414887284006
2011-08-26 18:00:00,391.2280002421553
2011-08-26 19:00:00,297.47211259340213
2011-08-26 20:00:00,215.63466434151982
2011-08-26 21:00:00,185.84613998446468
2011-08-26 22:00:00,169.56474549468282
2011-08-26 23:00:00,135.6919000849427
2011-08-27 00:00:00,108.05939906710877
2011-08-27 01:00:00,81.27421336852927
2011-08-27 02:00:00,63.89610423475829
2011-08-27 03:00:00,24.567080036361432
2011-08-27 04:00:00,8.322363329843732
2011-08-27 05:00:00,9.239865926888887
2011-08-27 06:00:00,17.17236937767226
2011-08-27 07:00:00,45.73727353604267
2011-08-27 08:00:00,111.54946747305746
2011-08-27 09:00:00,162.9879229256053
2011-08-27 10:00:00,224.68388676146282
2011-08-27 11:00:00,132.70341839779604
2011-08-27 12:00:00,176.0401550919937
2011-08-27 13:00:00,188.7554614609482
2011-08-27 14:00:00,96.6534111020974
2011-08-27 15:00:00,95.42073971169674
2011-08-27 16:00:00,102.75706337945918
2011-08-27 17:00:00,80.67283217659033
2011-08-28 07:00:00,26.077318350358517
2011-08-28 08:00:00,62.7713241885394
2011-08-28 09:00:00,187.88503198058058
2011-08-28 10:00:00,234.46574144852494
2011-08-28 11:00:00,356.4464587541065
2011-08-28 12:00:00,402.18088906992165
2011-08-28 13:00:00,405.3791463544257
2011-08-28 14:00:00,376.2106619292517
2011-08-28 15:00:00,374.3804271931475
2011-08-28 16:00:00,386.6025682383231
2011-08-28 17:00:00,402.645744882577
2011-08-28 18:00:00,336.92162204436653
2011-08-28 19:00:00,285.03203587239204
2011-08-28 20:00:00,224.4321341292625
2011-08-28 21:00:00,170.1947335544943
2011-08-28 22:00:00,131.0666832358623
2011-08-28 23:00:00,83.83072398257774
2011-08-29 00:00:00,33.500326099285665
2011-08-29 01:00:00,15.696107994473543
2011-08-29 02:00:00,7.759351077826048
2011-08-29 03:00:00,5.243510125745125
2011-08-29 04:00:00,5.994241021302124
2011-08-29 05:00:00,26.389730931157416
2011-08-29 06:00:00,105.94954304764376
2011-08-29 07:00:00,303.20808414041437
2011-08-29 08:00:00,459.4787352331268
2011-08-29 09:00:00,233.29395729908532
2011-08-29 10:00:00,133.63651045547164
2011-08-29 11:00:00,151.21615840761945
2011-08-29 12:00:00,195.84634886163997
2011-08-29 13:00:00,190.28774066406083
2011-08-29 14:00:00,165.44596289515334
2011-08-29 15:00:00,190.7791757758182
2011-08-29 16:00:00,299.1620300086915
2011-08-29 17:00:00,535.9608189001049
2011-08-29 18:00:00,534.6927897219498
2011-08-29 19:00:00,400.5704023270185
2011-08-29 20:00:00,271.50176875215845
2011-08-29 21:00:00,203.1908768907466
2011-08-29 22:00:00,146.5430482040862
2011-08-29 23:00:00,83.82072337828367
2011-08-30 00:00:00,33.10278144238577
2011-08-30 01:00:00,13.984431853966578
2011-08-30 02:00:00,7.341605084960019
2011-08-30 03:00:00,4.691799671337298
2011-08-30 04:00:00,6.1124972490929235
2011-08-30 05:00:00,26.16502517325879
2011-08-30 06:00:00,109.76884127294413
2011-08-30 07:00:00,307.84504271222085
2011-08-30 08:00:00,467.3007009876295
2011-08-30 09:00:00,231.8599873952299
2011-08-30 10:00:00,139.33449612238067
2011-08-30 11:00:00,156.4958805108692
2011-08-30 12:00:00,195.2463257428074
2011-08-30 13:00:00,190.65296975441427
2011-08-30 14:00:00,169.41599450564593
2011-08-30 15:00:00,190.64647880316863
2011-08-30 16:00:00,301.40961823354996
2011-08-30 17:00:00,545.9249035935246
2011-08-30 18:00:00,539.0201760729419
2011-08-30 19:00:00,399.8991042403875
2011-08-30 20:00:00,278.5495660477195
2011-08-30 21:00:00,198.64708840975732
2011-08-30 22:00:00,148.98005652515565
2011-08-30 23:00:00,90.39863678474057
2011-08-31 00:00:00,34.645066370827045
2011-08-31 01:00:00,15.549426833561213
2011-08-31 02:00:00,7.097021315234863
2011-08-31 03:00:00,4.843786710920737
2011-08-31 04:00:00,5.793131304023547
2011-08-31 05:00:00,25.332293434274398
2011-08-31 06:00:00,108.95156755407389
2011-08-31 07:00:00,293.39285688643656
2011-08-31 08:00:00,441.5960292530174
2011-08-31 09:00:00,234.20175378268837
2011-08-31 10:00:00,139.5790741128413
2011-08-31 11:00:00,157.1229645777903
2011-08-31 12:00:00,193.54011586744224
2011-08-31 13:00:00,190.78804796075102
2011-08-31 14:00:00,169.73653856255578
2011-08-31 15:00:00,190.8737101383511
2011-08-31 16:00:00,296.73965213512975
2011-08-31 17:00:00,543.905414549436
2011-08-31 18:00:00,533.8346821277296
2011-08-31 19:00:00,377.77379767793946
2011-08-31 20:00:00,278.3462930972238
2011-08-31 21:00:00,207.06914507737955
2011-08-31 22:00:00,148.2852547164881
2011-08-31 23:00:00,87.65007812211908
2011-09-20 00:00:00,29.568225801025893
2011-09-20 01:00:00,10.250341675530338
2011-09-20 02:00:00,5.821541094898551
2011-09-20 03:00:00,4.201300827031813
2011-09-20 04:00:00,5.234457663852489
2011-09-20 05:00:00,20.914439909894995
2011-09-20 06:00:00,93.18675897296443
2011-09-20 07:00:00,263.93030629672006
2011-09-20 08:00:00,179.2388781683159
2011-09-20 09:00:00,103.56544007144157
2011-09-20 10:00:00,71.30490490720732
2011-09-20 11:00:00,69.0370304833339
2011-09-20 12:00:00,87.56256846861146
2011-09-20 13:00:00,84.55136406710413
2011-09-20 14:00:00,103.83388871731857
2011-09-20 15:00:00,167.1284636588545
2011-09-20 16:00:00,224.73966389102836
2011-09-20 17:00:00,381.95612472073736
2011-09-20 18:00:00,375.99077511950486
2011-09-20 19:00:00,273.78844516776996
2011-09-20 20:00:00,163.341926651751
2011-09-20 21:00:00,106.39250470417815
2011-09-20 22:00:00,91.94452816691775
2011-09-20 23:00:00,65.41187879505853
2011-09-21 00:00:00,23.223278680851
2011-09-21 01:00:00,9.235841872301322
2011-09-21 02:00:00,5.922264954145262
2011-09-21 03:00:00,4.0996264891110155
2011-09-21 04:00:00,4.729517125356592
2011-09-21 05:00:00,16.595097128388797
2011-09-21 06:00:00,71.69480728086005
2011-09-21 07:00:00,207.2223403261062
2011-09-21 08:00:00,296.14729993871595
2011-09-21 09:00:00,140.19655335135832
2011-09-21 10:00:00,87.50832868568071
2011-09-21 11:00:00,115.37517761590072
2011-09-21 12:00:00,163.15694356774526
2011-09-21 13:00:00,177.97985243940406
2011-09-21 14:00:00,159.43532352300744
2011-09-21 15:00:00,178.23101906947295
2011-09-21 16:00:00,272.46350284357413
2011-09-21 17:00:00,369.34905426627824
2011-09-21 18:00:00,244.8279015876621
2011-09-21 19:00:00,157.7464498042587
2011-09-21 20:00:00,96.47987516414696
2011-09-21 21:00:00,91.51862546342963
2011-09-21 22:00:00,70.67295825126396
2011-09-21 23:00:00,69.53982694797637
2011-09-22 00:00:00,26.734993365204158
2011-09-22 01:00:00,8.742227084847803
2011-09-22 02:00:00,5.99031879354766
2011-09-22 03:00:00,4.146098411165312
2011-09-22 04:00:00,4.65050734315265
2011-09-22 05:00:00,17.24369760109934
2011-09-22 06:00:00,68.56155921891914
2011-09-22 07:00:00,206.8811771620268
2011-09-22 08:00:00,280.45225276939834
2011-09-22 09:00:00,151.97040885712408
2011-09-22 10:00:00,92.77032592494804
2011-09-22 11:00:00,88.30319289670115
2011-09-22 12:00:00,138.50147863872135
2011-09-22 13:00:00,137.03834428011368
2011-09-22 14:00:00,133.97640667091378
2011-09-22 15:00:00,161.11956721258446
2011-09-22 16:00:00,272.23680702294814
2011-09-22 17:00:00,426.87225836733705
2011-09-22 18:00:00,319.9293516284206
2011-09-22 19:00:00,240.15602315424297
2011-09-22 20:00:00,146.1380868397992
2011-09-22 21:00:00,109.48407765380784
2011-09-22 22:00:00,71.1359373783848
2011-09-22 23:00:00,57.25676791578742
2011-09-23 00:00:00,50.37791366091317
2011-09-23 01:00:00,15.957799538003636
2011-09-23 02:00:00,9.32221668560507
2011-09-23 03:00:00,5.051425718740424
2011-09-23 04:00:00,3.849022549393107
2011-09-23 05:00:00,18.72669972711399
2011-09-23 06:00:00,83.24714009018813
2011-09-23 07:00:00,134.3054240744102
2011-09-23 08:00:00,216.80888559487082
2011-09-23 09:00:00,125.14062614750269
2011-09-23 10:00:00,72.04491915558762
2011-09-23 11:00:00,82.22406198840389
2011-09-23 12:00:00,120.41652903870995
2011-09-23 13:00:00,100.00330404883715
2011-09-23 14:00:00,90.45637032168169
2011-09-23 15:00:00,128.20105667896343
2011-09-23 16:00:00,189.84191068013527
2011-09-23 17:00:00,254.3596634233925
2011-09-23 18:00:00,247.51908263356583
2011-09-23 19:00:00,230.3862768366729
2011-09-23 20:00:00,146.8196827996341
2011-09-23 21:00:00,114.2223573797007
2011-09-23 22:00:00,109.7446845502163
2011-09-23 23:00:00,83.2505888649893
2011-09-24 00:00:00,90.24237858013011
2011-09-24 01:00:00,63.387402935845564
2011-09-24 02:00:00,52.38288730394679
2011-09-24 03:00:00,21.15808399779201
2011-09-24 04:00:00,7.583642212832501
2011-09-24 05:00:00,7.723564381175007
2011-09-24 06:00:00,12.984349505648442
2011-09-24 07:00:00,42.654281283621984
2011-09-24 08:00:00,90.19774657630167
2011-09-24 09:00:00,123.0230852565666
2011-09-24 10:00:00,191.94324414116318
2011-09-24 11:00:00,259.8549291073426
2011-09-24 12:00:00,285.6668752262236
2011-09-24 13:00:00,341.50373316802495
2011-09-24 14:00:00,350.681350015151
2011-09-24 15:00:00,350.27367176530123
2011-09-24 16:00:00,335.2851080876517
2011-09-24 17:00:00,368.566645408837
2011-09-24 18:00:00,273.01346012683746
2011-09-24 19:00:00,192.1447470840876
2011-09-24 20:00:00,171.99056450926003
2011-09-24 21:00:00,158.24965456451025
2011-09-24 22:00:00,113.50778446032984
2011-09-24 23:00:00,87.13460206158457
2011-09-25 00:00:00,88.18712085711952
2011-09-25 01:00:00,70.51127602221965
2011-09-25 02:00:00,40.71071694274113
2011-09-25 03:00:00,15.446478439097717
2011-09-25 04:00:00,6.583004133461835
2011-09-25 05:00:00,8.413905799464121
2011-09-25 06:00:00,12.108070032504145
2011-09-25 07:00:00,30.299869616884404
2011-09-25 08:00:00,81.61704273969121
2011-09-25 09:00:00,144.32235731903125
2011-09-25 10:00:00,205.88019650523182
2011-09-25 11:00:00,300.62127950327556
2011-09-25 12:00:00,319.3079415402421
2011-09-25 13:00:00,345.4594080893604
2011-09-25 14:00:00,296.81406174649436
2011-09-25 15:00:00,294.84196404936176
2011-09-25 16:00:00,363.42535098759834
2011-09-25 17:00:00,354.81011196742924
2011-09-25 18:00:00,293.5183299694595
2011-09-25 19:00:00,205.0607992023418
2011-09-25 20:00:00,171.86673307543919
2011-09-25 21:00:00,100.68148245114536
2011-09-25 22:00:00,110.18860333985508
2011-09-25 23:00:00,66.33902907517825
2011-09-26 00:00:00,24.05790580440871
2011-09-26 01:00:00,11.526015612428763
2011-09-26 02:00:00,6.5837184674602325
2011-09-26 03:00:00,4.400002079927289
2011-09-26 04:00:00,5.456374082911952
2011-09-26 05:00:00,22.16094065225549
2011-09-26 06:00:00,86.24526137906375
2011-09-26 07:00:00,230.82765521914564
2011-09-26 08:00:00,330.4155291159657
2011-09-26 09:00:00,184.4120643303433
2011-09-26 10:00:00,104.14776761201298
2011-09-26 11:00:00,142.28984823924
2011-09-26 12:00:00,164.41256109980938
2011-09-26 13:00:00,164.93420893633487
2011-09-26 14:00:00,160.2443724195487
2011-09-26 15:00:00,186.29557310485995
2011-09-26 16:00:00,292.6458088371039
2011-09-26 17:00:00,490.5240977821941
2011-09-26 18:00:00,378.0477411543944
2011-09-26 19:00:00,301.53092359727714
2011-09-26 20:00:00,183.31946114816475
2011-09-26 21:00:00,129.61637573710905
2011-09-26 22:00:00,100.34009739780213
2011-09-26 23:00:00,67.08853320942337
2011-09-27 00:00:00,25.770361014024587
2011-09-27 01:00:00,9.873863201038695
2011-09-27 02:00:00,6.405604652511433
2011-09-27 03:00:00,4.506467311549992
2011-09-27 04:00:00,4.459507169460525
2011-09-27 05:00:00,14.035113487103914
2011-09-27 06:00:00,90.07780579464779
2011-09-27 07:00:00,248.09139533186965
2011-09-27 08:00:00,363.13602683743056
2011-09-27 09:00:00,140.05877548968252
2011-09-27 10:00:00,75.52246820502529
2011-09-27 11:00:00,103.70228384816387
2011-09-27 12:00:00,113.47309432675078
2011-09-27 13:00:00,163.69353027749037
2011-09-27 14:00:00,152.0326465370207
2011-09-27 15:00:00,145.51866481089382
2011-09-27 16:00:00,231.2582587426336
2011-09-27 17:00:00,348.2896741060064
2011-09-27 18:00:00,341.18408384826785
2011-09-27 19:00:00,266.298039154251
2011-09-27 20:00:00,244.70556195566238
2011-09-27 21:00:00,165.18065082946757
2011-09-27 22:00:00,113.61226616558818
2011-09-27 23:00:00,71.68742251883043
2011-09-28 00:00:00,28.249480270040074
2011-09-28 01:00:00,10.757535717383428
2011-09-28 02:00:00,6.339621185018646
2011-09-28 03:00:00,4.678578332469991
2011-09-28 04:00:00,5.220886385420289
2011-09-28 05:00:00,19.218433163178382
2011-09-28 06:00:00,63.81020077907359
2011-09-28 07:00:00,130.5935042976493
2011-09-28 08:00:00,198.75860975486876
2011-09-28 09:00:00,128.6202728379336
2011-09-28 10:00:00,85.69991710929182
2011-09-28 11:00:00,132.51443135334955
2011-09-28 12:00:00,156.66163103654827
2011-09-28 13:00:00,164.33930180572446
2011-09-28 14:00:00,164.35338919998375
2011-09-28 15:00:00,186.0689176478299
2011-09-28 16:00:00,288.48417249404014
2011-09-28 17:00:00,493.83826323241146
2011-09-28 18:00:00,298.9134486080066
2011-09-28 19:00:00,241.0406842884803
2011-09-28 20:00:00,160.9164067178504
2011-09-28 21:00:00,96.69610973899546
2011-09-28 22:00:00,115.73038497221336
2011-09-28 23:00:00,74.38339534097538
2011-09-29 00:00:00,27.85347018861998
2011-09-29 01:00:00,9.574413014525735
2011-09-29 02:00:00,6.368907720721952
2011-09-29 03:00:00,4.70383830545845
2011-09-29 04:00:00,5.369610797157787
2011-09-29 05:00:00,22.152425446783557
2011-09-29 06:00:00,91.48331183029548
2011-09-29 07:00:00,255.85088113124715
2011-09-29 08:00:00,371.75716852227924
2011-09-29 09:00:00,237.9343720501096
2011-09-29 10:00:00,139.47637862020414
2011-09-29 11:00:00,157.04128043700706
2011-09-29 12:00:00,197.1475456195441
2011-09-29 13:00:00,191.13237516930278
2011-09-29 14:00:00,169.77732508255653
2011-09-29 15:00:00,191.0273913349666
2011-09-29 16:00:00,299.6624220472388
2011-09-29 17:00:00,540.1320012713129
2011-09-29 18:00:00,537.1062339026798
2011-09-29 19:00:00,397.8989474371059
2011-09-29 20:00:00,278.4884586352262
2011-09-29 21:00:00,194.88097180175598
2011-09-29 22:00:00,145.27296242418012
2011-09-29 23:00:00,87.85559285572981
2011-09-30 00:00:00,59.76934062691697
2011-09-30 01:00:00,25.63078761225232
2011-09-30 02:00:00,12.476517809774656
2011-09-30 03:00:00,6.051560193815202
2011-09-30 04:00:00,5.6888159541322745
2011-09-30 05:00:00,24.378795139508124
2011-09-30 06:00:00,102.86268737841895
2011-09-30 07:00:00,237.2384674591101
2011-09-30 08:00:00,432.366829679155
2011-09-30 09:00:00,261.34832981093064
2011-09-30 10:00:00,161.2827977888235
2011-09-30 11:00:00,194.63872910831182
2011-09-30 12:00:00,242.04484737045885
2011-09-30 13:00:00,243.3386381422418
2011-09-30 14:00:00,225.10830354597744
2011-09-30 15:00:00,245.94754920473196
2011-09-30 16:00:00,377.59186752111617
2011-09-30 17:00:00,525.6087026814552
2011-09-30 18:00:00,444.7736888376728
2011-09-30 19:00:00,305.9132655585834
2011-09-30 20:00:00,216.12556103115065
2011-09-30 21:00:00,180.9574855459062
2011-09-30 22:00:00,154.2497489715281
2011-09-30 23:00:00,122.04886839783057
2011-10-20 00:00:00,25.334180829523405
2011-10-20 01:00:00,11.534442233612722
2011-10-20 02:00:00,6.877528637329151
2011-10-20 03:00:00,4.420347360528162
2011-10-20 04:00:00,5.293649112260171
2011-10-20 05:00:00,25.63615189759252
2011-10-20 06:00:00,101.27040156144889
2011-10-20 07:00:00,269.1030059291179
2011-10-20 08:00:00,399.51933953690735
2011-10-20 09:00:00,191.90509096771956
2011-10-20 10:00:00,123.84150902377584
2011-10-20 11:00:00,136.20563019507316
2011-10-20 12:00:00,164.541364649444
2011-10-20 13:00:00,164.43819946193923
2011-10-20 14:00:00,126.74342057072585
2011-10-20 15:00:00,159.99021712918295
2011-10-20 16:00:00,236.06843942054184
2011-10-20 17:00:00,429.2783989933831
2011-10-20 18:00:00,419.5197252513267
2011-10-20 19:00:00,310.9361113475792
2011-10-20 20:00:00,216.16517920281075
2011-10-20 21:00:00,155.14248363856154
2011-10-20 22:00:00,120.71549013617985
2011-10-20 23:00:00,78.67039084605688
2011-10-21 00:00:00,53.76700299254159
2011-10-21 01:00:00,22.267232815741867
2011-10-21 02:00:00,12.398525792540173
2011-10-21 03:00:00,5.436101010112364
2011-10-21 04:00:00,5.2764679922092
2011-10-21 05:00:00,22.595845149535947
2011-10-21 06:00:00,89.57335382528099
2011-10-21 07:00:00,235.33436962628483
2011-10-21 08:00:00,421.8567831760584
2011-10-21 09:00:00,239.1343706771488
2011-10-21 10:00:00,144.95917115849178
2011-10-21 11:00:00,185.5907331240216
2011-10-21 12:00:00,226.30090680627183
2011-10-21 13:00:00,220.78194774331558
2011-10-21 14:00:00,217.58159717311491
2011-10-21 15:00:00,229.1274250993422
2011-10-21 16:00:00,315.8464640975766
2011-10-21 17:00:00,419.9494457350574
2011-10-21 18:00:00,378.11831580785736
2011-10-21 19:00:00,264.3430942973143
2011-10-21 20:00:00,181.05044044713898
2011-10-21 21:00:00,151.86587468749246
2011-10-21 22:00:00,139.56812289701776
2011-10-21 23:00:00,104.40032773190178
2011-10-22 00:00:00,85.98290490001442
2011-10-22 01:00:00,63.292258850241495
2011-10-22 02:00:00,54.174757148701794
2011-10-22 03:00:00,24.115972843315326
2011-10-22 04:00:00,7.526261595203932
2011-10-22 05:00:00,7.8778555546635
2011-10-22 06:00:00,17.83012045636699
2011-10-22 07:00:00,45.021289951628766
2011-10-22 08:00:00,112.06641040378221
2011-10-22 09:00:00,160.88655390428778
2011-10-22 10:00:00,231.60056562895045
2011-10-22 11:00:00,284.0101606189929
2011-10-22 12:00:00,350.86234045598917
2011-10-22 13:00:00,374.78573410561506
2011-10-22 14:00:00,328.8318556730409
2011-10-22 15:00:00,338.6056678548954
2011-10-22 16:00:00,346.91821686314574
2011-10-22 17:00:00,314.2502190258773
2011-10-22 18:00:00,254.8113500410301
2011-10-22 19:00:00,218.8948637205002
2011-10-22 20:00:00,159.3522810701504
2011-10-22 21:00:00,131.3502633528579
2011-10-22 22:00:00,116.14403090589747
2011-10-22 23:00:00,82.0281361105588
2011-10-23 00:00:00,78.92330847507176
2011-10-23 01:00:00,60.41103198325794
2011-10-23 02:00:00,52.183975369791945
2011-10-23 03:00:00,22.484434331082998
2011-10-23 04:00:00,7.500256192252879
2011-10-23 05:00:00,6.643740042817836
2011-10-23 06:00:00,12.089188003891
2011-10-23 07:00:00,34.695197753534174
2011-10-23 08:00:00,77.03177574230702
2011-10-23 09:00:00,139.47514335837784
2011-10-23 10:00:00,232.8215124513488
2011-10-23 11:00:00,292.3651683428331
2011-10-23 12:00:00,355.0650846994971
2011-10-23 13:00:00,382.2176645765483
2011-10-23 14:00:00,359.6333777664968
2011-10-23 15:00:00,360.3819136487732
2011-10-23 16:00:00,356.0822155268231
2011-10-23 17:00:00,311.5363333764103
2011-10-23 18:00:00,255.97151086965965
2011-10-23 19:00:00,205.95697216932945
2011-10-23 20:00:00,148.8172296593467
2011-10-23 21:00:00,118.8899985804899
2011-10-23 22:00:00,94.37159918655011
2011-10-23 23:00:00,65.63259967526463
2011-10-24 00:00:00,29.62242000958657
2011-10-24 01:00:00,11.5704562948274
2011-10-24 02:00:00,6.566573357839791
2011-10-24 03:00:00,4.944704599105111
2011-10-24 04:00:00,5.6358577587181085
2011-10-24 05:00:00,21.763857626126423
2011-10-24 06:00:00,95.75886027082123
2011-10-24 07:00:00,244.4035739480994
2011-10-24 08:00:00,385.21195355532075
2011-10-24 09:00:00,209.7362021900202
2011-10-24 10:00:00,110.26432588537747
2011-10-24 11:00:00,141.3222058720269
2011-10-24 12:00:00,185.00240657890998
2011-10-24 13:00:00,182.06431233428512
2011-10-24 14:00:00,158.77386067492466
2011-10-24 15:00:00,185.77646178069608
2011-10-24 16:00:00,276.2214656031937
2011-10-24 17:00:00,490.99959836483777
2011-10-24 18:00:00,489.1516567256216
2011-10-24 19:00:00,185.56538147335942
2011-10-24 20:00:00,217.20544569210097
2011-10-24 21:00:00,143.36329770062858
2011-10-24 22:00:00,124.59052639834445
2011-10-24 23:00:00,69.48707804643354
2011-10-25 00:00:00,31.212266089041613
2011-10-25 01:00:00,12.882792965605582
2011-10-25 02:00:00,6.750413081111173
2011-10-25 03:00:00,4.689751518754353
2011-10-25 04:00:00,5.742419880385276
2011-10-25 05:00:00,22.169590879402843
2011-10-25 06:00:00,99.50792228631653
2011-10-25 07:00:00,279.5825530468984
2011-10-25 08:00:00,438.874849258747
2011-10-25 09:00:00,227.74883570389443
2011-10-25 10:00:00,133.02596527712518
2011-10-25 11:00:00,150.12742738160935
2011-10-25 12:00:00,192.9011416610335
2011-10-25 13:00:00,188.2538538091672
2011-10-25 14:00:00,168.69616237237545
2011-10-25 15:00:00,189.76844981092358
2011-10-25 16:00:00,290.8961459662837
2011-10-25 17:00:00,510.3728698736194
2011-10-25 18:00:00,492.51635780785386
2011-10-25 19:00:00,321.50103121278045
2011-10-25 20:00:00,230.2712762567982
2011-10-25 21:00:00,162.45786568161373
2011-10-25 22:00:00,129.3971763202383
2011-10-25 23:00:00,74.45085662403412
2011-10-26 00:00:00,32.02382681408124
2011-10-26 01:00:00,12.25979007631204
2011-10-26 02:00:00,6.691568478183347
2011-10-26 03:00:00,4.285930706619347
2011-10-26 04:00:00,4.962125838662685
2011-10-26 05:00:00,25.54211397013225
2011-10-26 06:00:00,102.4385746152148
2011-10-26 07:00:00,279.73971408207814
2011-10-26 08:00:00,426.45878912444334
2011-10-26 09:00:00,223.82250213131135
2011-10-26 10:00:00,126.80481066724371
2011-10-26 11:00:00,148.20841907007156
2011-10-26 12:00:00,154.89966637332896
2011-10-26 13:00:00,146.51180709786638
2011-10-26 14:00:00,150.20241318788683
2011-10-26 15:00:00,170.1546524599695
2011-10-26 16:00:00,254.92067785469305
2011-10-26 17:00:00,452.23234179550775
2011-10-26 18:00:00,464.6999503439422
2011-10-26 19:00:00,289.49066264398687
2011-10-26 20:00:00,200.88070137452647
2011-10-26 21:00:00,172.27515952420828
2011-10-26 22:00:00,99.44650100577647
2011-10-26 23:00:00,68.64201812048758
2011-10-27 00:00:00,27.44954450905754
2011-10-27 01:00:00,10.662176035887613
2011-10-27 02:00:00,4.807651738978629
2011-10-27 03:00:00,3.563902919565348
2011-10-27 04:00:00,3.914049017572128
2011-10-27 05:00:00,14.398318956437997
2011-10-27 06:00:00,68.77139219134622
2011-10-27 07:00:00,248.5760068121662
2011-10-27 08:00:00,187.1908505509852
2011-10-27 09:00:00,216.56934301527292
2011-10-27 10:00:00,84.70927778673912
2011-10-27 11:00:00,85.16524062000252
2011-10-27 12:00:00,93.86268482818896
2011-10-27 13:00:00,127.01890566127872
2011-10-27 14:00:00,135.57541120186636
2011-10-27 15:00:00,150.8224067454098
2011-10-27 16:00:00,276.9982678350149
2011-10-27 17:00:00,389.861276932415
2011-10-27 18:00:00,391.9879121568235
2011-10-27 19:00:00,273.4038437746824
2011-10-27 20:00:00,204.46289128343196
2011-10-27 21:00:00,130.20308483306357
2011-10-27 22:00:00,100.9961098553433
2011-10-27 23:00:00,59.63792186344564
2011-10-28 00:00:00,45.49699391619085
2011-10-28 01:00:00,19.43769368834773
2011-10-28 02:00:00,10.481783716527257
2011-10-28 03:00:00,4.2488443175126545
2011-10-28 04:00:00,4.0639832707389765
2011-10-28 05:00:00,19.97161124197231
2011-10-28 06:00:00,83.84453291083594
2011-10-28 07:00:00,224.74153336022937
2011-10-28 08:00:00,410.18648426919947
2011-10-28 09:00:00,230.78093803368185
2011-10-28 10:00:00,124.62248097839512
2011-10-28 11:00:00,150.92393955674174
2011-10-28 12:00:00,196.75716582437582
2011-10-28 13:00:00,194.11156958378194
2011-10-28 14:00:00,171.402495170867
2011-10-28 15:00:00,189.0869927162386
2011-10-28 16:00:00,259.4154597727171
2011-10-28 17:00:00,389.79127014012215
2011-10-28 18:00:00,351.532958638601
2011-10-28 19:00:00,244.36567024559332
2011-10-28 20:00:00,93.3742455354139
2011-10-28 21:00:00,77.5340515836651
2011-10-28 22:00:00,61.65374641650035
2011-10-28 23:00:00,47.29621615654454
2011-10-29 00:00:00,37.24359642734145
2011-10-29 01:00:00,31.855219906941546
2011-10-29 02:00:00,28.488530294907733
2011-10-29 03:00:00,13.397621239878715
2011-10-29 04:00:00,5.4680008254464525
2011-10-29 05:00:00,4.279093147501961
2011-10-29 06:00:00,8.670994213597893
2011-10-29 07:00:00,18.551249354243488
2011-10-29 08:00:00,44.717315822850836
2011-10-29 09:00:00,48.77548755419564
2011-10-29 10:00:00,56.100936230087264
2011-10-29 11:00:00,64.07256469718608
2011-10-29 12:00:00,63.88423021396839
2011-10-29 13:00:00,56.83270654512738
2011-10-29 14:00:00,62.91253313120063
2011-10-29 15:00:00,106.53520206981398
2011-10-29 16:00:00,67.85768333311728
2011-10-29 17:00:00,62.3218886972335
2011-10-29 18:00:00,52.8181949528633
2011-10-29 19:00:00,106.08597920493422
2011-10-29 20:00:00,69.86905651363367
2011-10-29 21:00:00,66.43516292493472
2011-10-29 22:00:00,71.20769391531388
2011-10-29 23:00:00,54.62963595738475
2011-10-30 00:00:00,58.5490778602851
2011-10-30 01:00:00,46.06796989731375
2011-10-30 02:00:00,33.27208689172116
2011-10-30 03:00:00,14.268415331892115
2011-10-30 04:00:00,3.441146649614141
2011-10-30 05:00:00,3.87023393204263
2011-10-30 06:00:00,9.953177489407015
2011-10-30 07:00:00,29.738546011120093
2011-10-30 08:00:00,70.55936224888029
2011-10-30 09:00:00,126.31217400698154
2011-10-30 10:00:00,215.41470825588175
2011-10-30 11:00:00,261.1937893366638
2011-10-30 12:00:00,323.10782991826005
2011-10-30 13:00:00,339.3773147081627
2011-10-30 14:00:00,327.6767734110741
2011-10-30 15:00:00,320.2415812716915
2011-10-30 16:00:00,306.35906497652155
2011-10-30 17:00:00,274.36975157651875
2011-10-30 18:00:00,213.21232199290355
2011-10-30 19:00:00,252.9275197798989
2011-10-30 20:00:00,126.30147302871958
2011-10-30 21:00:00,97.59340854505098
2011-10-30 22:00:00,79.00816448943976
2011-10-30 23:00:00,45.64407253047158
2011-10-31 00:00:00,19.759637278564167
2011-10-31 01:00:00,8.279090635161058
2011-10-31 02:00:00,4.015351360920766
2011-10-31 03:00:00,3.366051569805362
2011-10-31 04:00:00,3.521517718084958
2011-10-31 05:00:00,17.391495344782008
2011-10-31 06:00:00,81.77305765856181
2011-10-31 07:00:00,232.39503737628823
2011-10-31 08:00:00,387.06912891508597
2011-10-31 09:00:00,204.91835302134317
2011-10-31 10:00:00,107.90531803043757
2011-10-31 11:00:00,127.8232005970993
2011-10-31 12:00:00,160.2693516696932
2011-10-31 13:00:00,152.14304156382485
2011-10-31 14:00:00,136.35668455446154
2011-10-31 15:00:00,156.31759296918915
2011-10-31 16:00:00,241.355452055302
2011-10-31 17:00:00,444.58623642302956
2011-10-31 18:00:00,425.77185665340755
2011-10-31 19:00:00,301.0306017517177
2011-10-31 20:00:00,218.0285868220296
2011-10-31 21:00:00,136.26586866088013
2011-10-31 22:00:00,100.95932957278033
2011-10-31 23:00:00,59.84369680740794
2011-11-20 00:00:00,85.59295235465899
2011-11-20 01:00:00,64.76821964948357
2011-11-20 02:00:00,54.8932310073742
2011-11-20 03:00:00,21.583015952704905
2011-11-20 04:00:00,6.679075553273033
2011-11-20 05:00:00,6.815148135615951
2011-11-20 06:00:00,13.745706966939782
2011-11-20 07:00:00,40.1028910537236
2011-11-20 08:00:00,78.57041899030692
2011-11-20 09:00:00,143.94027429284574
2011-11-20 10:00:00,213.78008835685523
2011-11-20 11:00:00,278.60554727573617
2011-11-20 12:00:00,335.36659616636985
2011-11-20 13:00:00,355.71677628172966
2011-11-20 14:00:00,347.85001070732926
2011-11-20 15:00:00,324.8838434149168
2011-11-20 16:00:00,328.33283547501446
2011-11-20 17:00:00,296.99118414480347
2011-11-20 18:00:00,255.77046409255996
2011-11-20 19:00:00,207.65888551631565
2011-11-20 20:00:00,169.77511697247317
2011-11-20 21:00:00,114.65685262276335
2011-11-20 22:00:00,59.11487224401108
2011-11-20 23:00:00,43.94303536506186
2011-11-21 00:00:00,21.07144274312294
2011-11-21 01:00:00,6.9479885124871785
2011-11-21 02:00:00,4.444934404392777
2011-11-21 03:00:00,3.448084802594548
2011-11-21 04:00:00,4.01977737665389
2011-11-21 05:00:00,17.5254112785513
2011-11-21 06:00:00,73.66397457814736
2011-11-21 07:00:00,240.7391652798371
2011-11-21 08:00:00,330.59748420274013
2011-11-21 09:00:00,170.2058324401769
2011-11-21 10:00:00,114.73432745383056
2011-11-21 11:00:00,127.96156584505677
2011-11-21 12:00:00,176.20419393435915
2011-11-21 13:00:00,170.7900517225015
2011-11-21 14:00:00,132.51711254831537
2011-11-21 15:00:00,61.38080741683922
2011-11-21 16:00:00,106.4827204312416
2011-11-21 17:00:00,122.53318066631947
2011-11-21 18:00:00,190.34028007418544
2011-11-21 19:00:00,142.4601676773142
2011-11-21 20:00:00,105.57309794063701
2011-11-21 21:00:00,71.37553029786427
2011-11-21 22:00:00,59.04012018183633
2011-11-21 23:00:00,43.17141559048833
2011-11-22 00:00:00,14.127478851597475
2011-11-22 01:00:00,6.882399591167385
2011-11-22 02:00:00,4.72146002748263
2011-11-22 03:00:00,3.8183238885615576
2011-11-22 04:00:00,4.5222088983910425
2011-11-22 05:00:00,11.765555141225573
2011-11-22 06:00:00,81.76100694947432
2011-11-22 07:00:00,109.56029997043795
2011-11-22 08:00:00,158.06651877201375
2011-11-22 09:00:00,94.6126272946815
2011-11-22 10:00:00,53.18408828435834
2011-11-22 11:00:00,55.62820600608731
2011-11-22 12:00:00,61.3051516285509
2011-11-22 13:00:00,59.22248671586856
2011-11-22 14:00:00,55.28132177159921
2011-11-22 15:00:00,59.38201367398725
2011-11-22 16:00:00,111.01150446393093
2011-11-22 17:00:00,159.90331967989937
2011-11-22 18:00:00,152.73042017649095
2011-11-22 19:00:00,158.6559837094669
2011-11-22 20:00:00,165.77869135491318
2011-11-22 21:00:00,105.40170537642543
2011-11-22 22:00:00,88.51236476948633
2011-11-22 23:00:00,61.10209882060831
2011-11-23 00:00:00,20.88364219707236
2011-11-23 01:00:00,8.530299712920286
2011-11-23 02:00:00,4.09239100058526
2011-11-23 03:00:00,2.862042376401602
2011-11-23 04:00:00,3.8765669744255478
2011-11-23 05:00:00,18.234160313808445
2011-11-23 06:00:00,73.34345704048626
2011-11-23 07:00:00,229.62349422778155
2011-11-23 08:00:00,330.05813708361165
2011-11-23 09:00:00,166.7009535680063
2011-11-23 10:00:00,93.61049996373981
2011-11-23 11:00:00,133.87310513034868
2011-11-23 12:00:00,174.6361306698211
2011-11-23 13:00:00,140.8748657539274
2011-11-23 14:00:00,137.93355327412894
2011-11-23 15:00:00,141.0657394662123
2011-11-23 16:00:00,213.64043915141406
2011-11-23 17:00:00,217.2498785256222
2011-11-23 18:00:00,338.0413714843703
2011-11-23 19:00:00,266.0756807281396
2011-11-23 20:00:00,187.84014654873314
2011-11-23 21:00:00,123.0277978373394
2011-11-23 22:00:00,93.57513134609535
2011-11-23 23:00:00,56.73171809283444
2011-11-24 00:00:00,53.43559043554676
2011-11-24 01:00:00,29.434363167261278
2011-11-24 02:00:00,22.95595406351715
2011-11-24 03:00:00,12.473544262515004
2011-11-24 04:00:00,6.428244173651943
2011-11-24 05:00:00,9.283483223889323
2011-11-24 06:00:00,29.482985055147495
2011-11-24 07:00:00,52.3627823484013
2011-11-24 08:00:00,139.84902331851703
2011-11-24 09:00:00,177.81451413961437
2011-11-24 10:00:00,210.46057545618547
2011-11-24 11:00:00,265.3553495813171
2011-11-24 12:00:00,297.2260273524853
2011-11-24 13:00:00,300.9536721527944
2011-11-24 14:00:00,300.84661887086384
2011-11-24 15:00:00,300.085761734784
2011-11-24 16:00:00,301.35458696738533
2011-11-24 17:00:00,311.9701838048166
2011-11-24 18:00:00,250.35539672030808
2011-11-24 19:00:00,226.74548349880575
2011-11-24 20:00:00,147.5143880407888
2011-11-24 21:00:00,129.95452694368467
2011-11-24 22:00:00,112.04860504928865
2011-11-24 23:00:00,79.43372839597689
2011-11-25 00:00:00,47.243935078612104
2011-11-25 01:00:00,19.929970249925425
2011-11-25 02:00:00,10.897651479896584
2011-11-25 03:00:00,4.626576758591005
2011-11-25 04:00:00,4.649006948154309
2011-11-25 05:00:00,21.02881744391381
2011-11-25 06:00:00,78.04495009742824
2011-11-25 07:00:00,209.09781907134231
2011-11-25 08:00:00,367.94769085460086
2011-11-25 09:00:00,235.80824192933073
2011-11-25 10:00:00,129.14839480974098
2011-11-25 11:00:00,152.7620594602691
2011-11-25 12:00:00,210.8204272292214
2011-11-25 13:00:00,220.5959658684814
2011-11-25 14:00:00,210.02244923203074
2011-11-25 15:00:00,227.08072776130646
2011-11-25 16:00:00,300.069631597352
2011-11-25 17:00:00,429.9824897714939
2011-11-25 18:00:00,382.4317231985757
2011-11-25 19:00:00,256.0713327626152
2011-11-25 20:00:00,174.50562815264132
2011-11-25 21:00:00,128.63517210374192
2011-11-25 22:00:00,116.8329731186396
2011-11-25 23:00:00,91.44769740244129
2011-11-26 00:00:00,81.60788218736229
2011-11-26 01:00:00,58.99145765025477
2011-11-26 02:00:00,47.980121177788604
2011-11-26 03:00:00,20.53351124649672
2011-11-26 04:00:00,6.47088525746366
2011-11-26 05:00:00,7.155960721389774
2011-11-26 06:00:00,16.520931981215142
2011-11-26 07:00:00,33.33914023410754
2011-11-26 08:00:00,100.79031129657064
2011-11-26 09:00:00,145.80072438344843
2011-11-26 10:00:00,201.13831866181357
2011-11-26 11:00:00,278.79107351097963
2011-11-26 12:00:00,339.1571523628793
2011-11-26 13:00:00,351.5715859909634
2011-11-26 14:00:00,323.66406300701885
2011-11-26 15:00:00,338.0414958135412
2011-11-26 16:00:00,312.65928348453497
2011-11-26 17:00:00,291.3351896505842
2011-11-26 18:00:00,227.97081950638852
2011-11-26 19:00:00,196.39510352203644
2011-11-26 20:00:00,147.75676009655285
2011-11-26 21:00:00,113.4157274581334
2011-11-26 22:00:00,100.94232367275262
2011-11-26 23:00:00,74.21154180605113
2011-11-27 00:00:00,79.64977790886675
2011-11-27 01:00:00,61.66900268236013
2011-11-27 02:00:00,52.33424085340746
2011-11-27 03:00:00,22.074119864671403
2011-11-27 04:00:00,7.642141112337995
2011-11-27 05:00:00,6.914127136573236
2011-11-27 06:00:00,13.492696675913429
2011-11-27 07:00:00,33.1518291289989
2011-11-27 08:00:00,75.89713911169741
2011-11-27 09:00:00,153.79647111364065
2011-11-27 10:00:00,223.63698853128824
2011-11-27 11:00:00,292.34740905856427
2011-11-27 12:00:00,367.44643374158034
2011-11-27 13:00:00,369.9846807485392
2011-11-27 14:00:00,384.5153754273027
2011-11-27 15:00:00,388.5706028119141
2011-11-27 16:00:00,361.67693295507615
2011-11-27 17:00:00,318.03109326265724
2011-11-27 18:00:00,237.00534044655237
2011-11-27 19:00:00,207.2125431345276
2011-11-27 20:00:00,170.44545514885016
2011-11-27 21:00:00,123.30195463611898
2011-11-27 22:00:00,98.86224912710567
2011-11-27 23:00:00,68.23081129246981
2011-11-28 00:00:00,29.39581041080801
2011-11-28 01:00:00,12.730135710751362
2011-11-28 03:00:00,4.579764680980681
2011-11-28 04:00:00,6.018604593658664
2011-11-28 05:00:00,21.8477526722565
2011-11-28 06:00:00,98.74948995182083
2011-11-28 07:00:00,267.71985365507135
2011-11-28 08:00:00,348.5126131815023
2011-11-28 09:00:00,196.6360067283058
2011-11-28 10:00:00,115.6129657652348
2011-11-28 11:00:00,141.90564409117272
2011-11-28 12:00:00,188.35068496347216
2011-11-28 13:00:00,182.3915208677884
2011-11-28 14:00:00,162.63878420443763
2011-11-28 15:00:00,184.36710294969268
2011-11-28 16:00:00,278.9100004594363
2011-11-28 17:00:00,485.4896571194403
2011-11-28 18:00:00,474.7894789299635
2011-11-28 19:00:00,338.00457621373766
2011-11-28 20:00:00,235.27457481575271
2011-11-28 21:00:00,175.40038783144155
2011-11-28 22:00:00,120.65490169921011
2011-11-28 23:00:00,71.47199448572383
2011-11-29 00:00:00,28.994148255872666
2011-11-29 01:00:00,12.012300359617456
2011-11-29 02:00:00,5.623386296513638
2011-11-29 03:00:00,4.148586073018517
2011-11-29 04:00:00,4.751765909885025
2011-11-29 05:00:00,22.406055276753
2011-11-29 06:00:00,104.08816888423698
2011-11-29 07:00:00,288.44795505967943
2011-11-29 08:00:00,441.2048067930231
2011-11-29 09:00:00,175.08018444372857
2011-11-29 10:00:00,108.91140370072404
2011-11-29 11:00:00,88.62398763552417
2011-11-29 12:00:00,76.82514772824283
2011-11-29 13:00:00,88.32850746922125
2011-11-29 14:00:00,58.96010324259872
2011-11-29 15:00:00,65.65304694501891
2011-11-29 16:00:00,114.10836792969783
2011-11-29 17:00:00,290.4468515457945
2011-11-29 18:00:00,305.588575129382
2011-11-29 19:00:00,232.37254348301394
2011-11-29 20:00:00,174.06629429821965
2011-11-29 21:00:00,114.9913732536126
2011-11-29 22:00:00,108.26438623399753
2011-11-29 23:00:00,59.09355188269059
2011-11-30 00:00:00,24.86179972949023
2011-11-30 01:00:00,11.150881318731116
2011-11-30 02:00:00,5.0422071424091826
2011-11-30 03:00:00,3.3877691671294627
2011-11-30 04:00:00,4.250568116292985
2011-11-30 05:00:00,22.425909124787438
2011-11-30 06:00:00,86.11566662406463
2011-11-30 07:00:00,241.92497780478556
2011-11-30 08:00:00,389.06683441070965
2011-11-30 09:00:00,199.58840183491796
2011-11-30 10:00:00,106.59736952123868
2011-11-30 11:00:00,126.71189373864183
2011-11-30 12:00:00,145.18141209180627
2011-11-30 13:00:00,142.4320815571931
2011-11-30 14:00:00,130.03833356707617
2011-11-30 15:00:00,143.40700767792308
2011-11-30 16:00:00,211.77993755540587
2011-11-30 17:00:00,358.3402854637709
2011-11-30 18:00:00,358.1538122164906
2011-11-30 19:00:00,246.10562391335765
2011-11-30 20:00:00,174.88366831378607
2011-11-30 21:00:00,119.17892046308131
2011-11-30 22:00:00,93.7424470439705
2011-11-30 23:00:00,56.58317196045116
2011-12-20 00:00:00,24.775866672722124
2011-12-20 01:00:00,10.840801334113936
2011-12-20 02:00:00,5.467085382764172
2011-12-20 03:00:00,4.026691094309023
2011-12-20 04:00:00,5.14853942115889
2011-12-20 05:00:00,21.86115280703813
2011-12-20 06:00:00,92.87475532607328
2011-12-20 07:00:00,258.756105585093
2011-12-20 08:00:00,418.01722557112544
2011-12-20 09:00:00,210.6791333709857
2011-12-20 10:00:00,109.96272740643197
2011-12-20 11:00:00,124.06693815265963
2011-12-20 12:00:00,155.28668921466738
2011-12-20 13:00:00,148.5359369479342
2011-12-20 14:00:00,133.78271785157455
2011-12-20 15:00:00,146.5197070003743
2011-12-20 16:00:00,232.59708052679676
2011-12-20 17:00:00,404.8153517813392
2011-12-20 18:00:00,386.7004657921026
2011-12-20 19:00:00,270.77361560322277
2011-12-20 20:00:00,194.94824272254795
2011-12-20 21:00:00,139.0626744230292
2011-12-20 22:00:00,104.21589304663704
2011-12-20 23:00:00,65.83394312702036
2011-12-21 00:00:00,15.391413267342127
2011-12-21 01:00:00,6.297757309858029
2011-12-21 02:00:00,3.561302397893313
2011-12-21 03:00:00,2.5718056650503023
2011-12-21 04:00:00,2.897062470294372
2011-12-21 05:00:00,14.99297784764606
2011-12-21 06:00:00,53.42687016311077
2011-12-21 07:00:00,155.29386896706765
2011-12-21 08:00:00,140.77305924099744
2011-12-21 09:00:00,132.56933349179536
2011-12-21 10:00:00,81.23612099295948
2011-12-21 11:00:00,84.33087730472641
2011-12-21 12:00:00,40.22695901735658
2011-12-21 13:00:00,25.94060981500934
2011-12-21 14:00:00,78.82270583959505
2011-12-21 15:00:00,85.66137522951271
2011-12-21 16:00:00,33.49150714217626
2011-12-21 17:00:00,71.69332029406642
2011-12-21 18:00:00,151.357868537512
2011-12-21 19:00:00,145.38033398668387
2011-12-21 20:00:00,108.59732417765804
2011-12-21 21:00:00,116.95592331685475
2011-12-21 22:00:00,98.04243335468261
2011-12-21 23:00:00,65.91977691339571
2011-12-22 00:00:00,22.415778447844357
2011-12-22 01:00:00,9.692857569496535
2011-12-22 02:00:00,6.813551793865093
2011-12-22 03:00:00,3.882126164938717
2011-12-22 04:00:00,3.91094804607371
2011-12-22 05:00:00,16.927224096146027
2011-12-22 06:00:00,58.096291134514196
2011-12-22 07:00:00,150.11709819813947
2011-12-22 08:00:00,272.1037473850839
2011-12-22 09:00:00,135.34310523555519
2011-12-22 10:00:00,70.6494722170834
2011-12-22 11:00:00,85.40859399144641
2011-12-22 12:00:00,122.58950179301371
2011-12-22 13:00:00,108.94533182889816
2011-12-22 14:00:00,97.2798648919846
2011-12-22 15:00:00,115.08017091415255
2011-12-22 16:00:00,169.9661721904788
2011-12-22 17:00:00,275.6320566675388
2011-12-22 18:00:00,272.5869108917216
2011-12-22 19:00:00,180.31445476652576
2011-12-22 20:00:00,57.40413905378332
2011-12-22 21:00:00,41.63005612948865
2011-12-22 22:00:00,29.88215810975609
2011-12-22 23:00:00,25.640827286981388
2011-12-23 00:00:00,20.3444465723808
2011-12-23 01:00:00,10.604220809079447
2011-12-23 02:00:00,6.606279307243259
2011-12-23 03:00:00,3.2884437225364804
2011-12-23 04:00:00,2.367294076313112
2011-12-23 05:00:00,11.47894074414343
2011-12-23 06:00:00,56.73475886144143
2011-12-23 07:00:00,142.99894765676217
2011-12-23 08:00:00,280.72827229161066
2011-12-23 09:00:00,148.93260165935902
2011-12-23 10:00:00,79.1507794310252
2011-12-23 11:00:00,89.94797359608287
2011-12-23 12:00:00,120.49020912549544
2011-12-23 13:00:00,126.90259110372335
2011-12-23 14:00:00,112.91107792850494
2011-12-23 15:00:00,124.22758168256419
2011-12-23 16:00:00,144.17290047431146
2011-12-23 17:00:00,239.70167133593452
2011-12-23 18:00:00,212.556159030332
2011-12-23 19:00:00,136.5672515063527
2011-12-23 20:00:00,88.66014247418602
2011-12-23 21:00:00,65.99344381650457
2011-12-23 22:00:00,62.9446324589107
2011-12-23 23:00:00,50.71983841457799
2011-12-24 00:00:00,46.14417362712325
2011-12-24 01:00:00,37.20938133880166
2011-12-24 02:00:00,29.28237537213871
2011-12-24 03:00:00,13.33245594124863
2011-12-24 04:00:00,3.8871416245890744
2011-12-24 05:00:00,3.7185291851237583
2011-12-24 06:00:00,6.737443935937962
2011-12-24 07:00:00,17.759612409375094
2011-12-24 08:00:00,50.89080312793648
2011-12-24 09:00:00,74.21685043657801
2011-12-24 10:00:00,108.85660444875492
2011-12-24 11:00:00,126.0756265287708
2011-12-24 12:00:00,160.62958623350852
2011-12-24 13:00:00,160.01213544424488
2011-12-24 14:00:00,153.48210537760815
2011-12-24 15:00:00,147.26615796843163
2011-12-24 16:00:00,142.60586312217316
2011-12-24 17:00:00,117.86138983587648
2011-12-24 18:00:00,108.21626836621223
2011-12-24 19:00:00,100.2063252220868
2011-12-24 20:00:00,67.65968694059714
2011-12-24 21:00:00,58.15503916572919
2011-12-24 22:00:00,45.76585360839475
2011-12-24 23:00:00,39.494494105434995
2011-12-25 00:00:00,38.878031171306446
2011-12-25 01:00:00,28.490109806605982
2011-12-25 02:00:00,25.199253396096083
2011-12-25 03:00:00,14.418882046493477
2011-12-25 05:00:00,2.7686222292495417
2011-12-25 06:00:00,4.2585523506198
2011-12-25 07:00:00,12.10090789430718
2011-12-25 08:00:00,27.89017319055867
2011-12-25 09:00:00,50.87535445099279
2011-12-25 10:00:00,101.11693524576248
2011-12-25 11:00:00,125.6394266899628
2011-12-25 12:00:00,140.66880325499233
2011-12-25 13:00:00,158.38464447812285
2011-12-25 14:00:00,157.11492862800512
2011-12-25 15:00:00,157.97806397332965
2011-12-25 16:00:00,155.15115820853742
2011-12-25 17:00:00,136.39699358973132
2011-12-25 18:00:00,103.45441057874943
2011-12-25 19:00:00,95.57404050010953
2011-12-25 20:00:00,61.926219927906274
2011-12-25 21:00:00,46.16863706606584
2011-12-25 22:00:00,35.428303552178726
2011-12-25 23:00:00,29.031452777157412
2011-12-26 00:00:00,24.26205779012146
2011-12-26 01:00:00,20.4179571311249
2011-12-26 02:00:00,15.32047292900402
2011-12-26 04:00:00,2.668237125033124
2011-12-26 05:00:00,3.9340371922459916
2011-12-26 06:00:00,9.185249127242137
2011-12-26 07:00:00,25.48468941067619
2011-12-26 08:00:00,70.45053130836773
2011-12-26 09:00:00,91.04666963937103
2011-12-26 10:00:00,104.29485288744395
2011-12-26 11:00:00,110.54800309297238
2011-12-26 12:00:00,140.88451031773678
2011-12-26 13:00:00,154.76339405537746
2011-12-26 14:00:00,149.14680376949173
2011-12-26 15:00:00,147.16909350018602
2011-12-26 16:00:00,140.72261382877497
2011-12-26 17:00:00,140.98503221629176
2011-12-26 18:00:00,131.561227999299
2011-12-26 19:00:00,111.90265728898983
2011-12-26 20:00:00,74.19368337379356
2011-12-26 21:00:00,60.641885767925814
2011-12-26 22:00:00,46.85265929630587
2011-12-26 23:00:00,36.45977260134961
2011-12-27 00:00:00,12.820310139777035
2011-12-27 01:00:00,4.7757232649426165
2011-12-27 02:00:00,2.8267522395525644
2011-12-27 03:00:00,2.2477656322186856
2011-12-27 04:00:00,2.3610997523652593
2011-12-27 05:00:00,9.704028464812762
2011-12-27 06:00:00,49.08682853231136
2011-12-27 07:00:00,145.43055047980704
2011-12-27 08:00:00,268.4796011360429
2011-12-27 09:00:00,57.17363702245683
2011-12-27 10:00:00,67.92738973444091
2011-12-27 11:00:00,34.97818736530334
2011-12-27 12:00:00,37.768761178057346
2011-12-27 13:00:00,32.58822591427247
2011-12-27 14:00:00,31.970216980580847
2011-12-27 15:00:00,32.42096628171237
2011-12-27 16:00:00,42.51088879131933
2011-12-27 17:00:00,134.0721997149158
2011-12-27 18:00:00,212.99025770700717
2011-12-27 19:00:00,140.39729576684775
2011-12-27 20:00:00,105.90325028036
2011-12-27 21:00:00,78.57546847388642
2011-12-27 22:00:00,60.1115607393923
2011-12-27 23:00:00,35.74581738954556
2011-12-28 00:00:00,14.522246929998342
2011-12-28 01:00:00,6.349081912783522
2011-12-28 02:00:00,3.15055326143286
2011-12-28 03:00:00,2.2032588365790424
2011-12-28 05:00:00,10.75276840803683
2011-12-28 06:00:00,53.14665361661595
2011-12-28 07:00:00,152.514989319809
2011-12-28 08:00:00,261.3684139175393
2011-12-28 09:00:00,131.23793394232004
2011-12-28 10:00:00,68.75875366803783
2011-12-28 11:00:00,73.95808949549229
2011-12-28 12:00:00,76.71457930099533
2011-12-28 13:00:00,79.45137359966698
2011-12-28 14:00:00,75.54172659284959
2011-12-28 15:00:00,79.9111046797082
2011-12-28 16:00:00,110.8580834690826
2011-12-28 17:00:00,218.14401173599458
2011-12-28 18:00:00,210.276235202018
2011-12-28 19:00:00,130.3659038132198
2011-12-28 20:00:00,103.06423139269884
2011-12-28 21:00:00,64.09757844990268
2011-12-28 22:00:00,50.516643180730966
2011-12-28 23:00:00,29.271736408962873
2011-12-29 00:00:00,12.430930665514062
2011-12-29 01:00:00,4.586263432636957
2011-12-29 02:00:00,2.9284400825581467
2011-12-29 03:00:00,1.888501231340914
2011-12-29 04:00:00,2.300969953618642
2011-12-29 05:00:00,9.975952623073292
2011-12-29 06:00:00,47.716631491244925
2011-12-29 07:00:00,140.7730581164207
2011-12-29 08:00:00,260.9497931762449
2011-12-29 09:00:00,120.82372786945905
2011-12-29 10:00:00,57.76400622179686
2011-12-29 11:00:00,64.18970141555728
2011-12-29 12:00:00,78.70756726673767
2011-12-29 13:00:00,76.7225003278858
2011-12-29 14:00:00,77.15539463132379
2011-12-29 15:00:00,79.03849410182099
2011-12-29 16:00:00,117.0501264477954
2011-12-29 17:00:00,231.8736760240307
2011-12-29 18:00:00,227.90419465662643
2011-12-29 19:00:00,142.74898463373432
2011-12-29 20:00:00,109.36800321429574
2011-12-29 21:00:00,72.7754704009226
2011-12-29 22:00:00,60.83687425866221
2011-12-29 23:00:00,41.270477205181194
2011-12-30 00:00:00,28.105866201266927
2011-12-30 01:00:00,10.268044049123224
2011-12-30 02:00:00,4.174774729101745
2011-12-30 03:00:00,2.420188761258719
2011-12-30 04:00:00,2.2560304309727934
2011-12-30 05:00:00,9.538444828909851
2011-12-30 06:00:00,47.379242937979214
2011-12-30 07:00:00,131.35021701056866
2011-12-30 08:00:00,259.2985422199743
2011-12-30 09:00:00,141.35307585402933
2011-12-30 10:00:00,71.7648236725739
2011-12-30 11:00:00,82.12511599609006
2011-12-30 12:00:00,120.70413844020014
2011-12-30 13:00:00,120.15086830771111
2011-12-30 14:00:00,111.02799955658314
2011-12-30 15:00:00,130.90445262529988
2011-12-30 16:00:00,156.47878681020683
2011-12-30 17:00:00,248.30209995996955
2011-12-30 18:00:00,216.75016225392966
2011-12-30 19:00:00,126.41188317662755
2011-12-30 20:00:00,98.30164003417603
2011-12-30 21:00:00,72.25111650410655
2011-12-30 22:00:00,65.17852907863082
2011-12-30 23:00:00,49.224398647236455
2011-12-31 00:00:00,46.4597140975145
2011-12-31 01:00:00,39.430797775507926
2011-12-31 02:00:00,30.42945528249314
2011-12-31 03:00:00,13.503841822378487
2011-12-31 04:00:00,4.573156639389433
2011-12-31 05:00:00,4.230369576768542
2011-12-31 06:00:00,9.524220950649157
2011-12-31 07:00:00,15.409402633636482
2011-12-31 08:00:00,57.665215439452716
2011-12-31 09:00:00,85.91553056745025
2011-12-31 10:00:00,136.0166084166093
2011-12-31 11:00:00,160.81440973291294
2011-12-31 12:00:00,311.42874942805406
2011-12-31 13:00:00,294.8034823381069
2011-12-31 14:00:00,234.20497934394288
2011-12-31 15:00:00,224.85901624224704
2011-12-31 16:00:00,194.04163064083298
2011-12-31 17:00:00,161.60829945697594
2011-12-31 18:00:00,140.56814886554812
2011-12-31 19:00:00,127.22180348713331
2011-12-31 20:00:00,92.73344462037088
2011-12-31 21:00:00,74.601186906848
2011-12-31 22:00:00,61.57975036143907
2011-12-31 23:00:00,49.443546455571685
2012-01-20 00:00:00,33.81113153586766
2012-01-20 01:00:00,18.09588095531616
2012-01-20 02:00:00,7.068862369557081
2012-01-20 03:00:00,3.6400543594616788
2012-01-20 04:00:00,3.857194022638053
2012-01-20 05:00:00,18.95894946301641
2012-01-20 06:00:00,71.26478423254794
2012-01-20 07:00:00,213.20368980690512
2012-01-20 08:00:00,413.46015965322135
2012-01-20 09:00:00,215.6665069201859
2012-01-20 10:00:00,97.1235867996707
2012-01-20 11:00:00,94.3008467043806
2012-01-20 12:00:00,135.73796904300605
2012-01-20 13:00:00,156.52450859521704
2012-01-20 14:00:00,130.54856414219634
2012-01-20 15:00:00,153.95120495188505
2012-01-20 16:00:00,179.64874305844194
2012-01-20 17:00:00,309.7376163522222
2012-01-20 18:00:00,277.07603451199736
2012-01-20 19:00:00,184.49424509197965
2012-01-20 20:00:00,117.6758542348517
2012-01-20 21:00:00,88.52251964781533
2012-01-20 22:00:00,74.15411092244709
2012-01-20 23:00:00,47.823030989717665
2012-01-21 00:00:00,43.221687519494246
2012-01-21 01:00:00,36.169162607463115
2012-01-21 02:00:00,29.15504496493503
2012-01-21 03:00:00,17.470889341006284
2012-01-21 04:00:00,4.717790595756268
2012-01-21 05:00:00,4.168563935365381
2012-01-21 06:00:00,6.732617885511844
2012-01-21 07:00:00,22.716007427594082
2012-01-21 08:00:00,65.7483313026913
2012-01-21 09:00:00,84.10909125506845
2012-01-21 10:00:00,84.3353539327988
2012-01-21 11:00:00,176.74431766799842
2012-01-21 12:00:00,229.04684392517956
2012-01-21 13:00:00,225.45471903459696
2012-01-21 14:00:00,156.82722717424681
2012-01-21 15:00:00,150.75018255015553
2012-01-21 16:00:00,166.95987022923157
2012-01-21 17:00:00,138.47677278478852
2012-01-21 18:00:00,118.43923889225437
2012-01-21 19:00:00,103.09503631318464
2012-01-21 20:00:00,69.40158061216869
2012-01-21 21:00:00,63.2209594892041
2012-01-21 22:00:00,51.88856342733972
2012-01-21 23:00:00,50.7897514445871
2012-01-22 00:00:00,46.328346132765915
2012-01-22 01:00:00,38.90588635336685
2012-01-22 02:00:00,30.51946583301013
2012-01-22 03:00:00,17.653627769154813
2012-01-22 04:00:00,3.823233210931175
2012-01-22 05:00:00,4.1978494876556525
2012-01-22 06:00:00,4.616596889401145
2012-01-22 07:00:00,16.21254195014204
2012-01-22 08:00:00,42.71563387234234
2012-01-22 09:00:00,74.21162836214351
2012-01-22 10:00:00,115.80463481523043
2012-01-22 11:00:00,109.53974112446473
2012-01-22 12:00:00,206.72458964042505
2012-01-22 13:00:00,230.2117952049784
2012-01-22 14:00:00,209.638327073949
2012-01-22 15:00:00,193.42159483515158
2012-01-22 16:00:00,188.50930540662813
2012-01-22 17:00:00,158.1275623883502
2012-01-22 18:00:00,86.67256152771259
2012-01-22 19:00:00,75.46525777429954
2012-01-22 20:00:00,57.2222109920955
2012-01-22 21:00:00,50.59762751595016
2012-01-22 22:00:00,43.33590514665256
2012-01-22 23:00:00,32.23902081681857
2012-01-23 00:00:00,15.59355621827208
2012-01-23 01:00:00,5.533612640544155
2012-01-23 02:00:00,3.4020062483414555
2012-01-23 03:00:00,2.593224506920408
2012-01-23 04:00:00,2.529797309272263
2012-01-23 05:00:00,14.833456534940469
2012-01-23 06:00:00,66.89173557459588
2012-01-23 07:00:00,128.75982133673517
2012-01-23 08:00:00,234.88029465600468
2012-01-23 09:00:00,179.42148877584253
2012-01-23 10:00:00,77.1099780077985
2012-01-23 11:00:00,82.5736934227543
2012-01-23 12:00:00,84.55771010005327
2012-01-23 13:00:00,57.0538376247196
2012-01-23 14:00:00,62.86014254243326
2012-01-23 15:00:00,81.58960360914935
2012-01-23 16:00:00,146.01727841031664
2012-01-23 17:00:00,270.4221468889058
2012-01-23 18:00:00,281.1568438849001
2012-01-23 19:00:00,184.53208682591267
2012-01-23 20:00:00,134.1805104966324
2012-01-23 21:00:00,72.20640151204363
2012-01-23 22:00:00,62.82681511566082
2012-01-23 23:00:00,37.2911681025726
2012-01-24 00:00:00,13.68867003216707
2012-01-24 01:00:00,5.38758750630328
2012-01-24 02:00:00,3.506473190423714
2012-01-24 03:00:00,2.2231625910983253
2012-01-24 04:00:00,2.457381515057484
2012-01-24 05:00:00,16.28687732202102
2012-01-24 06:00:00,75.21248506180726
2012-01-24 07:00:00,228.6549023688928
2012-01-24 08:00:00,381.34967530726544
2012-01-24 09:00:00,191.86127177185028
2012-01-24 10:00:00,98.60008027135143
2012-01-24 11:00:00,102.69141149846372
2012-01-24 12:00:00,107.06647497452897
2012-01-24 13:00:00,103.97142682049721
2012-01-24 14:00:00,116.35444916887982
2012-01-24 15:00:00,127.5911072256255
2012-01-24 16:00:00,201.74767287478983
2012-01-24 17:00:00,412.85593882283194
2012-01-24 18:00:00,404.2652737209732
2012-01-24 19:00:00,302.79859169034387
2012-01-24 20:00:00,180.46199525223875
2012-01-24 21:00:00,126.45022753567912
2012-01-24 22:00:00,91.326987610127
2012-01-24 23:00:00,57.602995046937565
2012-01-25 00:00:00,19.64511196411585
2012-01-25 01:00:00,7.49365649514869
2012-01-25 02:00:00,4.534353569183049
2012-01-25 03:00:00,2.7269185078381897
2012-01-25 04:00:00,2.6318149672954902
2012-01-25 05:00:00,16.665671031911987
2012-01-25 06:00:00,79.27725633204273
2012-01-25 07:00:00,256.52598369130794
2012-01-25 08:00:00,424.9919861974333
2012-01-25 09:00:00,216.46603058540256
2012-01-25 10:00:00,94.97329299358998
2012-01-25 11:00:00,102.85316457335507
2012-01-25 12:00:00,133.6325854023112
2012-01-25 13:00:00,132.17996205480955
2012-01-25 14:00:00,124.75575114694163
2012-01-25 15:00:00,137.50367846408741
2012-01-25 16:00:00,199.9906780176437
2012-01-25 17:00:00,386.0980078376931
2012-01-25 18:00:00,366.4112325996151
2012-01-25 19:00:00,246.1488881882566
2012-01-25 20:00:00,178.00860628109527
2012-01-25 21:00:00,123.63967240403322
2012-01-25 22:00:00,91.50898829561888
2012-01-25 23:00:00,57.688419943779834
2012-01-26 00:00:00,21.457573423225632
2012-01-26 01:00:00,7.192945987605912
2012-01-26 02:00:00,4.8951551636838495
2012-01-26 03:00:00,2.9346764154409186
2012-01-26 04:00:00,3.1679145601042844
2012-01-26 05:00:00,19.476602144786384
2012-01-26 06:00:00,80.95129870129924
2012-01-26 07:00:00,254.22985812645297
2012-01-26 08:00:00,413.5304349752612
2012-01-26 09:00:00,211.25966255654615
2012-01-26 10:00:00,98.54624631332405
2012-01-26 11:00:00,97.90752031636046
2012-01-26 12:00:00,118.86861296137592
2012-01-26 13:00:00,133.22077758680405
2012-01-26 14:00:00,129.13603729256562
2012-01-26 15:00:00,147.87503438988998
2012-01-26 16:00:00,197.2477789898907
2012-01-26 17:00:00,388.3989272549297
2012-01-26 18:00:00,389.58621040335686
2012-01-26 19:00:00,253.20598212999198
2012-01-26 20:00:00,182.8114265731934
2012-01-26 21:00:00,133.92737565091886
2012-01-26 22:00:00,114.84340601258822
2012-01-26 23:00:00,69.27535952773636
2012-01-27 00:00:00,41.519432677810826
2012-01-27 01:00:00,20.37616390953596
2012-01-27 02:00:00,13.178097155978119
2012-01-27 03:00:00,4.279314471023316
2012-01-27 04:00:00,3.0133053633431217
2012-01-27 05:00:00,18.61685755864453
2012-01-27 06:00:00,76.64869752806804
2012-01-27 07:00:00,177.86841226063456
2012-01-27 08:00:00,214.4994225450102
2012-01-27 09:00:00,107.88356569116023
2012-01-27 10:00:00,74.77549944223097
2012-01-27 11:00:00,150.21193687406543
2012-01-27 12:00:00,204.29299243847822
2012-01-27 13:00:00,269.3733782687452
2012-01-27 14:00:00,236.76446117913991
2012-01-27 15:00:00,241.31720931277
2012-01-27 16:00:00,264.45442019323366
2012-01-27 17:00:00,402.30592436173583
2012-01-27 18:00:00,364.88890803453415
2012-01-27 19:00:00,232.5983466326337
2012-01-27 20:00:00,145.73039678449373
2012-01-27 21:00:00,105.33876190726404
2012-01-27 22:00:00,100.19701442619933
2012-01-27 23:00:00,75.93432998753664
2012-01-28 00:00:00,63.6200749104035
2012-01-28 01:00:00,53.75883996876774
2012-01-28 02:00:00,37.61079246185296
2012-01-28 03:00:00,20.49615053143651
2012-01-28 04:00:00,4.601973173311984
2012-01-28 05:00:00,4.0558103878517215
2012-01-28 06:00:00,8.209119510269556
2012-01-28 07:00:00,26.598555375693547
2012-01-28 08:00:00,77.00551620623898
2012-01-28 09:00:00,108.44288686919994
2012-01-28 10:00:00,174.3841263583384
2012-01-28 11:00:00,216.68391620570227
2012-01-28 12:00:00,250.71442350376032
2012-01-28 13:00:00,305.2558969525332
2012-01-28 14:00:00,300.87852013266223
2012-01-28 15:00:00,306.5863501961704
2012-01-28 16:00:00,312.3402042347934
2012-01-28 17:00:00,270.62529204728094
2012-01-28 18:00:00,228.9066105648547
2012-01-28 19:00:00,171.8392315946346
2012-01-28 20:00:00,139.18984909602068
2012-01-28 21:00:00,104.38461233776678
2012-01-28 22:00:00,87.49546107911223
2012-01-28 23:00:00,69.77641851330661
2012-01-29 00:00:00,64.13746180486501
2012-01-29 01:00:00,55.33021934303345
2012-01-29 02:00:00,41.72182591119754
2012-01-29 03:00:00,20.273504623842243
2012-01-29 04:00:00,5.415060366905928
2012-01-29 05:00:00,4.371521065396596
2012-01-29 06:00:00,5.616594552368317
2012-01-29 07:00:00,18.83659584838672
2012-01-29 08:00:00,45.31486707674698
2012-01-29 09:00:00,81.90924626390122
2012-01-29 10:00:00,161.378044705889
2012-01-29 11:00:00,189.43074741511708
2012-01-29 12:00:00,260.75266641400026
2012-01-29 13:00:00,277.44536465776224
2012-01-29 14:00:00,252.15941267295017
2012-01-29 15:00:00,269.7897088718853
2012-01-29 16:00:00,253.96641663891552
2012-01-29 17:00:00,216.1748974618426
2012-01-29 18:00:00,163.28169217283374
2012-01-29 19:00:00,124.4090737780758
2012-01-29 20:00:00,83.92819727299218
2012-01-29 21:00:00,67.8396931932111
2012-01-29 22:00:00,54.322325161417446
2012-01-29 23:00:00,42.57353563537479
2012-01-30 00:00:00,16.113408757197305
2012-01-30 01:00:00,5.099071046069575
2012-01-30 02:00:00,3.4578411290594904
2012-01-30 03:00:00,2.3331616385791873
2012-01-30 04:00:00,2.660209673957238
2012-01-30 05:00:00,15.513087654895
2012-01-30 06:00:00,71.65131592963793
2012-01-30 07:00:00,226.20596521342577
2012-01-30 08:00:00,377.5264765819274
2012-01-30 09:00:00,181.9720522203056
2012-01-30 10:00:00,88.57533513102487
2012-01-30 11:00:00,104.43019865123442
2012-01-30 12:00:00,115.10326887250612
2012-01-30 13:00:00,115.37568284630981
2012-01-30 14:00:00,116.05189020203632
2012-01-30 15:00:00,116.75851366013308
2012-01-30 16:00:00,187.67459887770318
2012-01-30 17:00:00,371.23695478996245
2012-01-30 18:00:00,368.3407608313332
2012-01-30 19:00:00,230.06773874941626
2012-01-30 20:00:00,167.73564614575045
2012-01-30 21:00:00,112.29109861416802
2012-01-30 22:00:00,78.00255479631099
2012-01-30 23:00:00,46.422545556985774
2012-01-31 00:00:00,18.095446618272764
2012-01-31 01:00:00,6.4550546692769455
2012-01-31 02:00:00,3.970687142687987
2012-01-31 03:00:00,2.3621032436608944
2012-01-31 04:00:00,2.5554004141068214
2012-01-31 05:00:00,17.70621303510019
2012-01-31 06:00:00,81.28998877095287
2012-01-31 07:00:00,244.97081690073443
2012-01-31 08:00:00,405.4204984142586
2012-01-31 09:00:00,207.07372147146307
2012-01-31 10:00:00,96.28738266506731
2012-01-31 11:00:00,128.04041284149287
2012-01-31 12:00:00,148.05804641751058
2012-01-31 13:00:00,171.90110264478466
2012-01-31 14:00:00,181.4919661098436
2012-01-31 15:00:00,206.61147676291188
2012-01-31 16:00:00,295.12779067009217
2012-01-31 17:00:00,544.6226279049378
2012-01-31 18:00:00,544.5328315105589
2012-01-31 19:00:00,371.9820025937572
2012-01-31 20:00:00,201.70621557137548
2012-01-31 21:00:00,165.74911611760086
2012-01-31 22:00:00,108.47454466286021
2012-01-31 23:00:00,66.5564414719529
2012-02-20 00:00:00,33.60298400236553
2012-02-20 01:00:00,18.70174693934005
2012-02-20 02:00:00,13.554723129407602
2012-02-20 03:00:00,6.485143641605436
2012-02-20 05:00:00,4.305496513679973
2012-02-20 06:00:00,10.664332184827721
2012-02-20 07:00:00,26.5866520871665
2012-02-20 08:00:00,94.68231214721567
2012-02-20 09:00:00,128.44687016559135
2012-02-20 10:00:00,164.90873408648605
2012-02-20 11:00:00,207.7495350675091
2012-02-20 12:00:00,223.28990600366055
2012-02-20 13:00:00,232.80658089905108
2012-02-20 14:00:00,237.05276874850813
2012-02-20 15:00:00,235.86822741755265
2012-02-20 16:00:00,257.3370719195863
2012-02-20 17:00:00,270.09999862328846
2012-02-20 18:00:00,213.85384360440634
2012-02-20 19:00:00,183.87310369848493
2012-02-20 20:00:00,128.54450218908173
2012-02-20 21:00:00,89.02426768336056
2012-02-20 22:00:00,70.10512415975681
2012-02-20 23:00:00,51.97246349184218
2012-02-21 00:00:00,18.554592375330063
2012-02-21 01:00:00,5.802447814521601
2012-02-21 02:00:00,3.5532619867976614
2012-02-21 04:00:00,2.6286425110736347
2012-02-21 05:00:00,16.39903069327358
2012-02-21 06:00:00,81.60697601233596
2012-02-21 07:00:00,279.39993112646937
2012-02-21 08:00:00,463.9747978416407
2012-02-21 09:00:00,225.24727501831822
2012-02-21 10:00:00,107.37304775022209
2012-02-21 11:00:00,106.32128537141703
2012-02-21 12:00:00,122.4458706379823
2012-02-21 13:00:00,131.98066075185318
2012-02-21 14:00:00,109.5520678467545
2012-02-21 15:00:00,131.0789713857863
2012-02-21 16:00:00,218.53674097967016
2012-02-21 17:00:00,442.2658279258285
2012-02-21 18:00:00,437.06995666172486
2012-02-21 19:00:00,272.76508254154686
2012-02-21 20:00:00,196.28371011140786
2012-02-21 21:00:00,136.6491285558084
2012-02-21 22:00:00,92.67655522768437
2012-02-21 23:00:00,56.63114883845142
2012-02-22 00:00:00,22.68416326124391
2012-02-22 01:00:00,8.24974851230753
2012-02-22 02:00:00,4.4040583130373365
2012-02-22 03:00:00,2.536933029094223
2012-02-22 04:00:00,2.7154518078028755
2012-02-22 05:00:00,21.532249707287125
2012-02-22 06:00:00,90.95267332169635
2012-02-22 07:00:00,308.1418642723364
2012-02-22 08:00:00,487.2438354429972
2012-02-22 09:00:00,249.66818143113647
2012-02-22 10:00:00,120.89749816027455
2012-02-22 11:00:00,133.4425406242749
2012-02-22 12:00:00,165.91506375923717
2012-02-22 13:00:00,171.33902738896282
2012-02-22 14:00:00,164.2119753440741
2012-02-22 15:00:00,225.71887353024877
2012-02-22 16:00:00,324.28263227423474
2012-02-22 17:00:00,599.8209765227707
2012-02-22 18:00:00,496.71453994629
2012-02-22 19:00:00,332.19921714726644
2012-02-22 20:00:00,222.97551628921588
2012-02-22 21:00:00,182.5168514291666
2012-02-22 22:00:00,120.57304982861177
2012-02-22 23:00:00,75.14985967955809
2012-02-23 00:00:00,27.80562935327424
2012-02-23 01:00:00,12.192097517373387
2012-02-23 02:00:00,6.4626433577489975
2012-02-23 03:00:00,2.761320584772042
2012-02-23 04:00:00,3.493822693274212
2012-02-23 05:00:00,25.75375899292873
2012-02-23 06:00:00,100.70668873890084
2012-02-23 07:00:00,313.03095257686766
2012-02-23 08:00:00,501.29630896369804
2012-02-23 09:00:00,246.58859848438857
2012-02-23 10:00:00,145.2130818929382
2012-02-23 11:00:00,172.96455898341634
2012-02-23 12:00:00,238.90993243447542
2012-02-23 13:00:00,234.03284745880126
2012-02-23 14:00:00,209.34362178642297
2012-02-23 15:00:00,237.55812746619904
2012-02-23 16:00:00,343.90551026644033
2012-02-23 17:00:00,624.1594364274961
2012-02-23 18:00:00,626.9297885936362
2012-02-23 19:00:00,436.39306980374363
2012-02-23 20:00:00,262.2031121188659
2012-02-23 21:00:00,184.9812473207654
2012-02-23 22:00:00,135.935033701821
2012-02-23 23:00:00,90.63142078397392
2012-02-24 00:00:00,47.36758234697198
2012-02-24 01:00:00,24.793973347579616
2012-02-24 02:00:00,9.860330540322824
2012-02-24 03:00:00,5.994911036888702
2012-02-24 04:00:00,4.307042273500039
2012-02-24 05:00:00,22.480086724305423
2012-02-24 06:00:00,91.6071988054289
2012-02-24 07:00:00,261.7745519501465
2012-02-24 08:00:00,453.6981761352537
2012-02-24 09:00:00,115.85193708326827
2012-02-24 10:00:00,70.13110008608336
2012-02-24 11:00:00,147.21970444127112
2012-02-24 12:00:00,209.13035456481842
2012-02-24 13:00:00,209.87313076463423
2012-02-24 14:00:00,222.74593800487486
2012-02-24 15:00:00,103.9951530205847
2012-02-24 16:00:00,129.82147393026654
2012-02-24 17:00:00,250.12352601136104
2012-02-24 18:00:00,357.87782580780623
2012-02-24 19:00:00,275.94023346764646
2012-02-24 20:00:00,202.14638542697872
2012-02-24 21:00:00,145.99683604981993
2012-02-24 22:00:00,120.35852717655078
2012-02-24 23:00:00,91.21766929723145
2012-02-25 00:00:00,73.3315810345854
2012-02-25 01:00:00,56.57568042100907
2012-02-25 02:00:00,43.736842397237055
2012-02-25 03:00:00,20.078953547059246
2012-02-25 04:00:00,5.415909450305132
2012-02-25 05:00:00,4.9645094823268705
2012-02-25 06:00:00,9.741194560275847
2012-02-25 07:00:00,32.68521776456584
2012-02-25 08:00:00,86.77277340667787
2012-02-25 09:00:00,62.4573820002752
2012-02-25 10:00:00,198.51160097479337
2012-02-25 11:00:00,222.7668202299336
2012-02-25 12:00:00,267.7871543574588
2012-02-25 13:00:00,306.5508121386504
2012-02-25 14:00:00,265.1950925376888
2012-02-25 15:00:00,268.39848735806765
2012-02-25 16:00:00,238.01972452114467
2012-02-25 17:00:00,206.08275825128214
2012-02-25 18:00:00,161.1410734545952
2012-02-25 19:00:00,149.61799852360855
2012-02-25 20:00:00,96.93386124025825
2012-02-25 21:00:00,89.82288150908006
2012-02-25 22:00:00,73.17239844565542
2012-02-25 23:00:00,61.35370049170132
2012-02-26 00:00:00,61.10280890174105
2012-02-26 01:00:00,50.56453533837479
2012-02-26 02:00:00,39.64389672997385
2012-02-26 03:00:00,21.44121668142212
2012-02-26 04:00:00,4.800784966809131
2012-02-26 05:00:00,4.255498219380254
2012-02-26 06:00:00,5.1888440911255955
2012-02-26 07:00:00,17.301597371457554
2012-02-26 08:00:00,47.35861084513698
2012-02-26 09:00:00,90.64468911514169
2012-02-26 10:00:00,179.8256054324189
2012-02-26 11:00:00,221.1842395132947
2012-02-26 12:00:00,288.49880769851234
2012-02-26 13:00:00,332.1349657949779
2012-02-26 14:00:00,316.79664664213874
2012-02-26 15:00:00,307.29257572979793
2012-02-26 16:00:00,297.4432406870958
2012-02-26 17:00:00,254.0288901325781
2012-02-26 18:00:00,186.84396595170134
2012-02-26 19:00:00,160.89260589247075
2012-02-26 20:00:00,94.68603817144343
2012-02-26 21:00:00,75.00520697586916
2012-02-26 22:00:00,57.4473518441182
2012-02-26 23:00:00,43.07367307722635
2012-02-27 00:00:00,16.92097865730755
2012-02-27 01:00:00,5.667538027185948
2012-02-27 02:00:00,3.494959030350853
2012-02-27 03:00:00,2.6285889926838855
2012-02-27 04:00:00,2.748607563404387
2012-02-27 05:00:00,17.090908117746654
2012-02-27 06:00:00,82.8278922344234
2012-02-27 07:00:00,281.1331764807518
2012-02-27 08:00:00,463.05948455108467
2012-02-27 09:00:00,229.10396822320018
2012-02-27 10:00:00,108.05893027141022
2012-02-27 11:00:00,125.80077389081413
2012-02-27 12:00:00,163.58514080006205
2012-02-27 13:00:00,155.91120439563713
2012-02-27 14:00:00,163.55209587742178
2012-02-27 15:00:00,220.19265166333554
2012-02-27 16:00:00,318.43904746605216
2012-02-27 17:00:00,594.4409719801049
2012-02-27 18:00:00,590.2788830929414
2012-02-27 19:00:00,405.9983791702485
2012-02-27 20:00:00,239.3661038709177
2012-02-27 21:00:00,177.2775992920365
2012-02-27 22:00:00,112.71907401558266
2012-02-27 23:00:00,65.21336508471202
2012-02-28 00:00:00,26.603598589313847
2012-02-28 01:00:00,10.206897253699037
2012-02-28 02:00:00,4.901538875769563
2012-02-28 03:00:00,2.3625703887416094
2012-02-28 04:00:00,2.4886752068691536
2012-02-28 05:00:00,17.557305260129315
2012-02-28 06:00:00,86.00441340484153
2012-02-28 07:00:00,285.0966764198123
2012-02-28 08:00:00,454.0795085035562
2012-02-28 09:00:00,231.19010462983235
2012-02-28 10:00:00,108.28825896844009
2012-02-28 11:00:00,118.69532982309354
2012-02-28 12:00:00,155.0425784587971
2012-02-28 13:00:00,148.78544227910464
2012-02-28 14:00:00,148.66037376530898
2012-02-28 15:00:00,172.2923634354118
2012-02-28 16:00:00,242.95567191369307
2012-02-28 17:00:00,476.35712930757865
2012-02-28 18:00:00,473.66138041846744
2012-02-28 19:00:00,313.6424884121272
2012-02-28 20:00:00,225.6795397054608
2012-02-28 21:00:00,136.30864504216578
2012-02-28 22:00:00,99.06043461898395
2012-02-28 23:00:00,56.48245879703749
2012-02-29 00:00:00,23.798233969929427
2012-02-29 01:00:00,7.788532199570179
2012-02-29 02:00:00,4.095539279617492
2012-02-29 03:00:00,2.430230804891902
2012-02-29 05:00:00,18.415732984896472
2012-02-29 06:00:00,85.29357813596135
2012-02-29 07:00:00,292.3811889595024
2012-02-29 08:00:00,455.5765199721262
2012-02-29 09:00:00,117.55311337811733
2012-02-29 10:00:00,61.56513419433416
2012-02-29 11:00:00,61.399182106926816
2012-02-29 12:00:00,49.67348668825312
2012-02-29 13:00:00,114.83550593136816
2012-02-29 14:00:00,110.18472968756092
2012-02-29 15:00:00,131.12272585631084
2012-02-29 16:00:00,94.73070323951603
2012-02-29 17:00:00,402.296023456292
2012-02-29 18:00:00,241.29117087700104
2012-02-29 19:00:00,274.64655849778956
2012-02-29 20:00:00,106.18195127103526
2012-02-29 21:00:00,84.71857221799587
2012-02-29 22:00:00,59.01778725834683
2012-02-29 23:00:00,47.167417109973
2012-03-20 00:00:00,27.310330256494794
2012-03-20 01:00:00,13.882983357195286
2012-03-20 02:00:00,5.755150949670835
2012-03-20 03:00:00,3.0815823060640284
2012-03-20 04:00:00,3.7349393798085897
2012-03-20 05:00:00,21.087011828949798
2012-03-20 06:00:00,128.32821933643618
2012-03-20 07:00:00,135.1445041437277
2012-03-20 08:00:00,572.3608049799659
2012-03-20 09:00:00,291.9390323108722
2012-03-20 10:00:00,174.43803544263352
2012-03-20 11:00:00,187.30581958733325
2012-03-20 12:00:00,242.63005395499243
2012-03-20 13:00:00,237.0645656762418
2012-03-20 14:00:00,198.1439855085855
2012-03-20 15:00:00,230.75639571924336
2012-03-20 16:00:00,369.796146370736
2012-03-20 17:00:00,642.6645759682631
2012-03-20 18:00:00,648.6544251022281
2012-03-20 19:00:00,475.64641165262134
2012-03-20 20:00:00,330.5318609887953
2012-03-20 21:00:00,236.77929726609733
2012-03-20 22:00:00,171.1727385217883
2012-03-20 23:00:00,88.56758834592023
2012-03-21 00:00:00,38.603784905902444
2012-03-21 01:00:00,17.22139189792447
2012-03-21 02:00:00,7.87011917287872
2012-03-21 03:00:00,4.002718011607555
2012-03-21 04:00:00,5.062698524706664
2012-03-21 05:00:00,29.608772708964622
2012-03-21 06:00:00,126.2354468946203
2012-03-21 07:00:00,155.74574032430348
2012-03-21 08:00:00,350.94481776884425
2012-03-21 09:00:00,293.60956894541096
2012-03-21 10:00:00,161.4042107629856
2012-03-21 11:00:00,168.33422901078274
2012-03-21 12:00:00,243.65861687691935
2012-03-21 13:00:00,189.3540471170781
2012-03-21 14:00:00,205.94054436745603
2012-03-21 15:00:00,231.46983923328122
2012-03-21 16:00:00,381.389104880671
2012-03-21 17:00:00,699.4479326290536
2012-03-21 18:00:00,699.2465811480456
2012-03-21 19:00:00,534.9397057834306
2012-03-21 20:00:00,353.94290562109865
2012-03-21 21:00:00,231.2835394693129
2012-03-21 22:00:00,178.83293311323055
2012-03-21 23:00:00,113.96883197356223
2012-03-22 00:00:00,44.81572372816546
2012-03-22 01:00:00,19.57975634446604
2012-03-22 02:00:00,9.809822822846375
2012-03-22 03:00:00,5.486177308104736
2012-03-22 04:00:00,5.288183498558816
2012-03-22 05:00:00,26.005997856182574
2012-03-22 06:00:00,130.92248306920777
2012-03-22 07:00:00,344.1506388650214
2012-03-22 08:00:00,594.4564068686954
2012-03-22 09:00:00,284.4119142495201
2012-03-22 10:00:00,145.5266831012937
2012-03-22 11:00:00,156.58521421001154
2012-03-22 12:00:00,188.28983579127237
2012-03-22 13:00:00,263.1934819634969
2012-03-22 14:00:00,245.6027747016421
2012-03-22 15:00:00,276.497061570931
2012-03-22 16:00:00,406.9525089417811
2012-03-22 17:00:00,724.6283161986153
2012-03-22 18:00:00,730.0252982391171
2012-03-22 19:00:00,559.4966151381287
2012-03-22 20:00:00,357.24330320580793
2012-03-22 21:00:00,273.4478582762034
2012-03-22 22:00:00,193.62677964039185
2012-03-22 23:00:00,119.47639210913654
2012-03-23 00:00:00,67.0135069629462
2012-03-23 01:00:00,31.037424312057777
2012-03-23 02:00:00,16.730093648130676
2012-03-23 03:00:00,7.350898440018688
2012-03-23 04:00:00,6.206813614393303
2012-03-23 05:00:00,25.76139242669069
2012-03-23 06:00:00,126.2156451780991
2012-03-23 07:00:00,306.87002628789884
2012-03-23 08:00:00,580.5559903689879
2012-03-23 09:00:00,317.2992130644485
2012-03-23 10:00:00,170.57538718255347
2012-03-23 11:00:00,260.1765088080852
2012-03-23 12:00:00,342.0608575708645
2012-03-23 13:00:00,350.22346068797407
2012-03-23 14:00:00,328.4970212004839
2012-03-23 15:00:00,359.41241590416416
2012-03-23 16:00:00,505.2100812527942
2012-03-23 17:00:00,740.3854942853192
2012-03-23 18:00:00,657.0038204509948
2012-03-23 19:00:00,490.19532367195353
2012-03-23 20:00:00,343.98975001817826
2012-03-23 21:00:00,281.8719953282804
2012-03-23 22:00:00,235.53983637268897
2012-03-23 23:00:00,181.91664584232274
2012-03-24 00:00:00,140.6446587215795
2012-03-24 01:00:00,98.36649850631902
2012-03-24 02:00:00,71.45789775445859
2012-03-24 03:00:00,33.21124369790226
2012-03-24 04:00:00,12.411699204634415
2012-03-24 05:00:00,11.588542898975547
2012-03-24 06:00:00,29.294387677962504
2012-03-24 07:00:00,62.0195415052027
2012-03-24 08:00:00,167.92055051153994
2012-03-24 09:00:00,236.67542619346858
2012-03-24 10:00:00,282.1008759559951
2012-03-24 11:00:00,322.0054642620795
2012-03-24 12:00:00,205.84815636704715
2012-03-24 13:00:00,196.7861154150018
2012-03-24 14:00:00,158.16395359675911
2012-03-24 15:00:00,128.4266813250665
2012-03-24 16:00:00,134.98992239689147
2012-03-24 17:00:00,154.5348506770856
2012-03-24 18:00:00,133.62994112087526
2012-03-24 19:00:00,132.59678669254777
2012-03-24 20:00:00,95.49563812910313
2012-03-24 21:00:00,84.20177894707626
2012-03-24 22:00:00,72.03894894060457
2012-03-24 23:00:00,89.05697217866299
2012-03-25 00:00:00,68.50865014040404
2012-03-25 01:00:00,66.65522977771504
2012-03-25 02:00:00,38.498937772827674
2012-03-25 03:00:00,19.83924291115815
2012-03-25 04:00:00,8.693965337233958
2012-03-25 05:00:00,8.732944786868341
2012-03-25 06:00:00,14.000846680086358
2012-03-25 07:00:00,31.410274645922186
2012-03-25 08:00:00,82.04141177426513
2012-03-25 09:00:00,154.1567576065524
2012-03-25 10:00:00,227.82946206461216
2012-03-25 11:00:00,286.06559410925536
2012-03-25 12:00:00,333.8685483540693
2012-03-25 13:00:00,396.23769875803856
2012-03-25 14:00:00,382.33281670000764
2012-03-25 15:00:00,364.0435266201911
2012-03-25 16:00:00,446.1112233222092
2012-03-25 17:00:00,427.63076622567314
2012-03-25 18:00:00,356.8257765181272
2012-03-25 19:00:00,297.71926252092317
2012-03-25 20:00:00,217.02464639064834
2012-03-25 21:00:00,165.57781624337323
2012-03-25 22:00:00,120.49179183853558
2012-03-25 23:00:00,86.50624663836948
2012-03-26 00:00:00,30.486632530391674
2012-03-26 01:00:00,15.098205486611093
2012-03-26 02:00:00,7.243077109444261
2012-03-26 03:00:00,4.263847084452603
2012-03-26 04:00:00,5.568973781994619
2012-03-26 05:00:00,29.74806940995189
2012-03-26 06:00:00,129.5325109056756
2012-03-26 07:00:00,396.2167315763219
2012-03-26 08:00:00,652.2889389377178
2012-03-26 09:00:00,322.3067861774179
2012-03-26 10:00:00,175.40789306252913
2012-03-26 11:00:00,189.02661878782942
2012-03-26 12:00:00,244.72755946668255
2012-03-26 13:00:00,231.76263182028845
2012-03-26 14:00:00,213.92848534936778
2012-03-26 15:00:00,230.87367511800147
2012-03-26 16:00:00,327.21871526254824
2012-03-26 17:00:00,638.6223449946452
2012-03-26 18:00:00,625.9926084023084
2012-03-26 19:00:00,407.9783842799777
2012-03-26 20:00:00,267.85690681434846
2012-03-26 21:00:00,184.91345049208343
2012-03-26 22:00:00,118.97798604998054
2012-03-26 23:00:00,58.732468371772505
2012-03-27 00:00:00,23.216719998541876
2012-03-27 01:00:00,10.050325446612895
2012-03-27 02:00:00,4.373606341713067
2012-03-27 03:00:00,2.589126519409705
2012-03-27 04:00:00,3.080862162098568
2012-03-27 05:00:00,19.204600117256724
2012-03-27 06:00:00,104.05790795306243
2012-03-27 07:00:00,296.1101481215883
2012-03-27 08:00:00,493.9305182684468
2012-03-27 09:00:00,266.6601470070558
2012-03-27 10:00:00,139.53357348670383
2012-03-27 11:00:00,159.9581187052965
2012-03-27 12:00:00,189.2733876247025
2012-03-27 13:00:00,204.7056853000904
2012-03-27 14:00:00,192.94401851393823
2012-03-27 15:00:00,216.8444600596082
2012-03-27 16:00:00,331.39382298875114
2012-03-27 17:00:00,639.5285710137932
2012-03-27 18:00:00,627.0580898192993
2012-03-27 19:00:00,419.77376400694476
2012-03-27 20:00:00,296.7883327385615
2012-03-27 21:00:00,189.07031595505515
2012-03-27 22:00:00,137.65915979289713
2012-03-27 23:00:00,75.99644212149074
2012-03-28 00:00:00,27.915947454938795
2012-03-28 01:00:00,11.063859968617571
2012-03-28 02:00:00,5.099911752786962
2012-03-28 03:00:00,2.906093294849922
2012-03-28 04:00:00,3.103111054752529
2012-03-28 05:00:00,25.03062216846992
2012-03-28 06:00:00,120.42662141577046
2012-03-28 07:00:00,371.0948901144052
2012-03-28 08:00:00,616.1051426065194
2012-03-28 09:00:00,317.8558526696945
2012-03-28 10:00:00,178.929337248914
2012-03-28 11:00:00,213.54713342139735
2012-03-28 12:00:00,265.6201371411339
2012-03-28 13:00:00,277.9025163552249
2012-03-28 14:00:00,248.3417991803089
2012-03-28 15:00:00,269.7187537019915
2012-03-28 16:00:00,273.6609274880335
2012-03-28 17:00:00,733.171638350214
2012-03-28 18:00:00,736.1482801048678
2012-03-28 19:00:00,552.3368332405998
2012-03-28 20:00:00,377.12700583480034
2012-03-28 21:00:00,276.0381809450044
2012-03-28 22:00:00,201.39935913000915
2012-03-28 23:00:00,114.56714501780525
2012-03-29 00:00:00,43.825455896598626
2012-03-29 01:00:00,20.11912282646283
2012-03-29 02:00:00,9.26012414213358
2012-03-29 03:00:00,5.044411106442861
2012-03-29 04:00:00,5.585167742686129
2012-03-29 05:00:00,33.34311283761964
2012-03-29 06:00:00,146.05916583091323
2012-03-29 07:00:00,409.52306638459265
2012-03-29 08:00:00,667.825306302819
2012-03-29 09:00:00,342.80972120850856
2012-03-29 10:00:00,181.93149765044873
2012-03-29 11:00:00,217.50544490529933
2012-03-29 12:00:00,265.62768780829936
2012-03-29 13:00:00,239.69604865094965
2012-03-29 14:00:00,233.58447793945862
2012-03-29 15:00:00,265.78576324067615
2012-03-29 16:00:00,377.12688821036306
2012-03-29 17:00:00,682.9173806312001
2012-03-29 18:00:00,665.1836366021824
2012-03-29 19:00:00,441.7681608427054
2012-03-29 20:00:00,307.91387983968394
2012-03-29 21:00:00,210.35941164474744
2012-03-29 22:00:00,156.55849655747267
2012-03-29 23:00:00,93.357107504241
2012-03-30 00:00:00,51.431341123786
2012-03-30 01:00:00,24.24136268618535
2012-03-30 02:00:00,12.037030136182086
2012-03-30 03:00:00,5.387564611871092
2012-03-30 04:00:00,4.5998351155510875
2012-03-30 05:00:00,26.648384135044537
2012-03-30 06:00:00,105.2920294223524
2012-03-30 07:00:00,324.6618545766823
2012-03-30 08:00:00,622.1932428463908
2012-03-30 09:00:00,341.0075739873784
2012-03-30 10:00:00,173.04379378861472
2012-03-30 11:00:00,196.5768244813815
2012-03-30 12:00:00,260.065842576729
2012-03-30 13:00:00,150.0629491955437
2012-03-30 14:00:00,131.01313772886795
2012-03-30 15:00:00,147.1932183832195
2012-03-30 16:00:00,185.19602342508594
2012-03-30 17:00:00,579.7687265848012
2012-03-30 18:00:00,535.4299901874065
2012-03-30 19:00:00,377.03941447055183
2012-03-30 20:00:00,248.63476117767283
2012-03-30 21:00:00,192.5295316890787
2012-03-30 22:00:00,162.86547110977233
2012-03-30 23:00:00,128.8010251938756
2012-03-31 00:00:00,100.07083160303631
2012-03-31 01:00:00,73.40818279171876
2012-03-31 02:00:00,55.76718217269498
2012-03-31 03:00:00,26.70906823031308
2012-03-31 04:00:00,9.756296330557454
2012-03-31 05:00:00,9.750062567226403
2012-03-31 06:00:00,21.63264702892045
2012-03-31 07:00:00,50.74794860297169
2012-03-31 08:00:00,145.91381890014435
2012-03-31 09:00:00,213.56774460998116
2012-03-31 10:00:00,306.9760047492691
2012-03-31 11:00:00,426.2963611126819
2012-03-31 12:00:00,497.4785422155493
2012-03-31 13:00:00,571.3231116029899
2012-03-31 14:00:00,466.45032400219554
2012-03-31 15:00:00,486.8567224642263
2012-03-31 16:00:00,448.6071686662667
2012-03-31 17:00:00,444.2327345766338
2012-03-31 18:00:00,292.0388626908251
2012-03-31 19:00:00,281.71207715244
2012-03-31 20:00:00,180.66645663575457
2012-03-31 21:00:00,154.91057761715922
2012-03-31 22:00:00,133.98501521977403
2012-03-31 23:00:00,90.66335058672851
2012-04-20 00:00:00,65.7225875324689
2012-04-20 01:00:00,31.67107478225485
2012-04-20 02:00:00,15.099122855249131
2012-04-20 03:00:00,7.308703496906094
2012-04-20 04:00:00,6.323528522513212
2012-04-20 05:00:00,28.475013056645864
2012-04-20 06:00:00,125.84802888957164
2012-04-20 07:00:00,338.2668572031767
2012-04-20 08:00:00,642.5945224223949
2012-04-20 09:00:00,353.6026546027423
2012-04-20 10:00:00,225.08492189184918
2012-04-20 11:00:00,286.20950003406705
2012-04-20 12:00:00,358.3194135358277
2012-04-20 13:00:00,372.2789397835833
2012-04-20 14:00:00,342.9101498119527
2012-04-20 15:00:00,373.0417829100536
2012-04-20 16:00:00,528.2188117054798
2012-04-20 17:00:00,746.5615869890964
2012-04-20 18:00:00,641.8224410167536
2012-04-20 19:00:00,489.8523548263165
2012-04-20 20:00:00,327.81919938910033
2012-04-20 21:00:00,268.38038439565025
2012-04-20 22:00:00,223.92670868222712
2012-04-20 23:00:00,174.77017338840284
2012-04-21 00:00:00,131.41044609594297
2012-04-21 01:00:00,94.37052953095932
2012-04-21 02:00:00,69.99038095802294
2012-04-21 03:00:00,30.961249031023677
2012-04-21 04:00:00,11.198047182753275
2012-04-21 05:00:00,12.494452324763316
2012-04-21 06:00:00,32.203038833540894
2012-04-21 07:00:00,65.95398468326351
2012-04-21 08:00:00,193.086283125422
2012-04-21 09:00:00,300.04500164310844
2012-04-21 10:00:00,410.8954593270999
2012-04-21 11:00:00,500.9531369497457
2012-04-21 12:00:00,597.1120688034173
2012-04-21 13:00:00,602.9603393709161
2012-04-21 14:00:00,600.8643256658842
2012-04-21 15:00:00,604.790647796593
2012-04-21 16:00:00,588.8796137911606
2012-04-21 17:00:00,538.1306174693136
2012-04-21 18:00:00,448.2910607918572
2012-04-21 19:00:00,178.97907623740298
2012-04-21 20:00:00,84.74307626099744
2012-04-21 21:00:00,82.89600621690113
2012-04-21 22:00:00,175.01804484485368
2012-04-21 23:00:00,109.5947249893042
2012-04-22 00:00:00,97.00194571827979
2012-04-22 01:00:00,80.16631171291027
2012-04-22 02:00:00,64.65493055800684
2012-04-22 03:00:00,31.83178355408313
2012-04-22 04:00:00,12.023488894847521
2012-04-22 05:00:00,10.788272008573106
2012-04-22 06:00:00,18.30678835883905
2012-04-22 07:00:00,33.5218390146024
2012-04-22 08:00:00,71.61318916719469
2012-04-22 09:00:00,96.74539830774228
2012-04-22 10:00:00,114.90451429098378
2012-04-22 11:00:00,127.36415628776626
2012-04-22 12:00:00,153.1692366006428
2012-04-22 13:00:00,183.1426489789224
2012-04-22 14:00:00,156.26733061562385
2012-04-22 15:00:00,150.23402320157493
2012-04-22 16:00:00,135.36211933124844
2012-04-22 17:00:00,103.55792722942857
2012-04-22 18:00:00,88.61580923498758
2012-04-22 19:00:00,66.83739012073983
2012-04-22 20:00:00,70.61748695995215
2012-04-22 21:00:00,67.00588056444433
2012-04-22 22:00:00,42.39437589710444
2012-04-22 23:00:00,44.49810197047878
2012-04-23 00:00:00,18.519501252629738
2012-04-23 01:00:00,7.542833746347296
2012-04-23 02:00:00,4.254889021381885
2012-04-23 03:00:00,2.411543220264151
2012-04-23 04:00:00,2.806312907887454
2012-04-23 05:00:00,18.169361717600598
2012-04-23 06:00:00,100.05555123585714
2012-04-23 07:00:00,149.45467860247612
2012-04-23 08:00:00,532.0337996002859
2012-04-23 09:00:00,258.12857719708836
2012-04-23 10:00:00,128.09487295625289
2012-04-23 11:00:00,143.62322730374353
2012-04-23 12:00:00,75.86606785681546
2012-04-23 13:00:00,84.89149056646541
2012-04-23 14:00:00,85.14239223391819
2012-04-23 15:00:00,182.5194323664136
2012-04-23 16:00:00,101.30853704836012
2012-04-23 17:00:00,259.1898745903125
2012-04-23 18:00:00,332.5286179576687
2012-04-23 19:00:00,346.2068681853136
2012-04-23 20:00:00,237.48628840866124
2012-04-23 21:00:00,148.215772943122
2012-04-23 22:00:00,118.31943116548885
2012-04-23 23:00:00,66.79754862417332
2012-04-24 00:00:00,24.688929996141432
2012-04-24 01:00:00,10.688339768639034
2012-04-24 02:00:00,4.673969787402634
2012-04-24 03:00:00,2.6371645653499822
2012-04-24 04:00:00,2.964618837559537
2012-04-24 05:00:00,23.886571516677932
2012-04-24 06:00:00,116.49307964830766
2012-04-24 07:00:00,365.86835335553997
2012-04-24 08:00:00,618.8332826376148
2012-04-24 09:00:00,319.2391805613845
2012-04-24 10:00:00,165.98613241256484
2012-04-24 11:00:00,198.59276829822875
2012-04-24 12:00:00,254.81131868452923
2012-04-24 13:00:00,256.21490659998653
2012-04-24 14:00:00,227.27114597986497
2012-04-24 15:00:00,255.22962832100464
2012-04-24 16:00:00,360.77043206587194
2012-04-24 17:00:00,681.4125281816124
2012-04-24 18:00:00,670.0043744757904
2012-04-24 19:00:00,456.3486177233169
2012-04-24 20:00:00,303.2586402141346
2012-04-24 21:00:00,224.62339668151884
2012-04-24 22:00:00,153.8766671238207
2012-04-24 23:00:00,85.00708617773478
2012-04-25 00:00:00,36.42929946731884
2012-04-25 01:00:00,13.382418269446475
2012-04-25 02:00:00,5.479209583806654
2012-04-25 03:00:00,2.765798140280922
2012-04-25 04:00:00,3.2072773246344024
2012-04-25 05:00:00,27.280931560524493
2012-04-25 06:00:00,122.17880030869344
2012-04-25 07:00:00,386.43879564851056
2012-04-25 08:00:00,642.0197483009918
2012-04-25 09:00:00,332.40111056335456
2012-04-25 10:00:00,197.80536113575698
2012-04-25 11:00:00,220.65629302820082
2012-04-25 12:00:00,284.8578228450946
2012-04-25 13:00:00,282.0459184995335
2012-04-25 14:00:00,244.2997531735408
2012-04-25 15:00:00,284.78168989091694
2012-04-25 16:00:00,404.2681613460678
2012-04-25 17:00:00,716.9286007003899
2012-04-25 18:00:00,714.1543880158987
2012-04-25 19:00:00,529.1190499988295
2012-04-25 20:00:00,369.3560518958537
2012-04-25 21:00:00,260.8690717805567
2012-04-25 22:00:00,184.52290580131674
2012-04-25 23:00:00,105.2687810976845
2012-04-26 00:00:00,39.27086277360664
2012-04-26 01:00:00,18.22395388928304
2012-04-26 02:00:00,8.863935938417576
2012-04-26 03:00:00,4.687650508143346
2012-04-26 04:00:00,5.922898506326334
2012-04-26 05:00:00,31.853512678614514
2012-04-26 06:00:00,137.94962775719472
2012-04-26 07:00:00,140.8198354463577
2012-04-26 08:00:00,387.38753613567394
2012-04-26 09:00:00,149.24200831830439
2012-04-26 10:00:00,151.31577231077492
2012-04-26 11:00:00,160.15229102893517
2012-04-26 12:00:00,200.76411376460555
2012-04-26 13:00:00,191.1635807020201
2012-04-26 14:00:00,216.84664193509377
2012-04-26 15:00:00,187.04615453795867
2012-04-26 16:00:00,293.76512422748965
2012-04-26 17:00:00,661.6619139293944
2012-04-26 18:00:00,615.9829210030556
2012-04-26 19:00:00,463.9275694817126
2012-04-26 20:00:00,357.18935182398263
2012-04-26 21:00:00,228.5482159998767
2012-04-26 22:00:00,186.29931909215242
2012-04-26 23:00:00,114.02643431101535
2012-04-27 00:00:00,63.88153771687442
2012-04-27 01:00:00,30.953867504539083
2012-04-27 02:00:00,17.432931782485767
2012-04-27 03:00:00,7.17409932945869
2012-04-27 04:00:00,5.699973363433546
2012-04-27 05:00:00,28.673222455251626
2012-04-27 06:00:00,115.82997670811244
2012-04-27 07:00:00,335.3754233892673
2012-04-27 08:00:00,669.3492773473024
2012-04-27 09:00:00,362.28652677403545
2012-04-27 10:00:00,201.2805559842106
2012-04-27 11:00:00,228.69448156975244
2012-04-27 12:00:00,317.9079948333641
2012-04-27 13:00:00,318.4750098215572
2012-04-27 14:00:00,294.69426836813454
2012-04-27 15:00:00,344.525865436171
2012-04-27 16:00:00,469.44708656706894
2012-04-27 17:00:00,707.2803229633912
2012-04-27 18:00:00,583.353731413152
2012-04-27 19:00:00,402.06289924975465
2012-04-27 20:00:00,271.13406760495604
2012-04-27 21:00:00,194.3305835438784
2012-04-27 22:00:00,179.89743182836398
2012-04-27 23:00:00,131.45968122752876
2012-04-28 00:00:00,102.58764137987257
2012-04-28 01:00:00,69.95961842950683
2012-04-28 02:00:00,56.527535074957186
2012-04-28 03:00:00,26.45510723268233
2012-04-28 04:00:00,8.553287083278141
2012-04-28 05:00:00,8.680975083366452
2012-04-28 06:00:00,24.340134184327063
2012-04-28 07:00:00,55.21100478851401
2012-04-28 08:00:00,167.06550308419156
2012-04-28 09:00:00,224.38869596647493
2012-04-28 10:00:00,307.36167498036417
2012-04-28 11:00:00,364.152976662369
2012-04-28 12:00:00,431.88500750478903
2012-04-28 13:00:00,472.4288434606658
2012-04-28 14:00:00,501.11825787614237
2012-04-28 15:00:00,491.8605883345007
2012-04-28 16:00:00,459.7781370507232
2012-04-28 17:00:00,415.1509622176169
2012-04-28 18:00:00,197.285361655034
2012-04-28 19:00:00,133.72553184781634
2012-04-28 20:00:00,197.16322699325497
2012-04-28 21:00:00,87.25890033787373
2012-04-28 22:00:00,134.3864874993571
2012-04-28 23:00:00,107.82001070364166
2012-04-29 00:00:00,64.5393796147423
2012-04-29 01:00:00,78.96222545890365
2012-04-29 02:00:00,60.60656985025352
2012-04-29 03:00:00,26.458442997778697
2012-04-29 04:00:00,8.678505205763685
2012-04-29 05:00:00,8.726905581443361
2012-04-29 06:00:00,17.301166475582242
2012-04-29 07:00:00,40.96829544302875
2012-04-29 08:00:00,109.02149455774101
2012-04-29 09:00:00,187.67765749365986
2012-04-29 10:00:00,326.4575048219622
2012-04-29 11:00:00,416.0608929296708
2012-04-29 12:00:00,504.7821411177813
2012-04-29 13:00:00,518.9773011578092
2012-04-29 14:00:00,559.5431342445168
2012-04-29 15:00:00,559.2202745879912
2012-04-29 16:00:00,549.8094886232067
2012-04-29 17:00:00,509.33721588308
2012-04-29 18:00:00,431.6897823508582
2012-04-29 19:00:00,354.4097360450591
2012-04-29 20:00:00,267.9002020916259
2012-04-29 21:00:00,179.53909121072894
2012-04-29 22:00:00,132.46144340397484
2012-04-29 23:00:00,83.48786897428923
2012-04-30 00:00:00,31.961050529799287
2012-04-30 01:00:00,13.47457828924567
2012-04-30 02:00:00,6.793724496369567
2012-04-30 03:00:00,3.565932195353321
2012-04-30 04:00:00,3.292600622460406
2012-04-30 05:00:00,23.98796833733215
2012-04-30 06:00:00,125.05194090317742
2012-04-30 07:00:00,390.71102172910844
2012-04-30 08:00:00,653.2553631299567
2012-04-30 09:00:00,311.2363173546511
2012-04-30 10:00:00,159.38872211796615
2012-04-30 11:00:00,176.7950612650838
2012-04-30 12:00:00,213.2755853768752
2012-04-30 13:00:00,228.6723024531251
2012-04-30 14:00:00,209.97800372341527
2012-04-30 15:00:00,243.97060530623102
2012-04-30 16:00:00,397.77423948847616
2012-04-30 17:00:00,708.0919040346743
2012-04-30 18:00:00,671.8285684486732
2012-04-30 19:00:00,478.97440327480933
2012-04-30 20:00:00,324.78536160172683
2012-04-30 21:00:00,238.22547710634683
2012-04-30 22:00:00,162.23579932267367
2012-04-30 23:00:00,85.14666384849417
2012-05-20 00:00:00,144.54087031135768
2012-05-20 01:00:00,108.9154998621649
2012-05-20 02:00:00,83.7161181563776
2012-05-20 03:00:00,39.94183300618527
2012-05-20 04:00:00,13.683094335522888
2012-05-20 05:00:00,13.592364063654173
2012-05-20 06:00:00,24.246782725654278
2012-05-20 07:00:00,59.02614143727585
2012-05-20 08:00:00,142.9080034380747
2012-05-20 09:00:00,280.0104716952766
2012-05-20 10:00:00,420.00857060640476
2012-05-20 11:00:00,519.605319834899
2012-05-20 12:00:00,594.2867000533865
2012-05-20 13:00:00,599.4072014915357
2012-05-20 14:00:00,590.0250547681184
2012-05-20 15:00:00,552.6244954423911
2012-05-20 16:00:00,570.6309560347333
2012-05-20 17:00:00,544.2568477815339
2012-05-20 18:00:00,464.2802347400984
2012-05-20 19:00:00,377.6206941125549
2012-05-20 20:00:00,292.46597536917807
2012-05-20 21:00:00,203.33077138619944
2012-05-20 22:00:00,149.80325565009622
2012-05-20 23:00:00,67.8971053979715
2012-05-21 00:00:00,23.6802825645419
2012-05-21 01:00:00,9.49783725534304
2012-05-21 02:00:00,5.141728157149539
2012-05-21 03:00:00,3.8623168509085795
2012-05-21 04:00:00,4.111950337178346
2012-05-21 05:00:00,23.35497524908892
2012-05-21 06:00:00,71.70992405907016
2012-05-21 07:00:00,129.46094759505314
2012-05-21 08:00:00,268.31512817172074
2012-05-21 09:00:00,148.84088790998513
2012-05-21 10:00:00,79.2900842390154
2012-05-21 11:00:00,159.11538662822466
2012-05-21 12:00:00,189.9761947248481
2012-05-21 13:00:00,96.80698315219561
2012-05-21 14:00:00,89.55504285381409
2012-05-21 15:00:00,245.43870869023837
2012-05-21 16:00:00,363.88759958135654
2012-05-21 17:00:00,675.3972511536068
2012-05-21 18:00:00,684.4975157538128
2012-05-21 19:00:00,524.3508636626002
2012-05-21 20:00:00,365.1333375832304
2012-05-21 21:00:00,272.02434602655455
2012-05-21 22:00:00,164.60293108986707
2012-05-21 23:00:00,94.03451893588709
2012-05-22 00:00:00,38.910548058419735
2012-05-22 01:00:00,14.927034595940171
2012-05-22 02:00:00,7.429452675784548
2012-05-22 03:00:00,4.844454298328096
2012-05-22 04:00:00,5.849081611768017
2012-05-22 05:00:00,25.73970756967528
2012-05-22 06:00:00,80.38049850867978
2012-05-22 07:00:00,169.78624908335775
2012-05-22 08:00:00,565.485136688528
2012-05-22 09:00:00,302.53238623127817
2012-05-22 10:00:00,169.72015473289676
2012-05-22 11:00:00,186.02210140355604
2012-05-22 12:00:00,241.37309147426316
2012-05-22 13:00:00,245.70608811257415
2012-05-22 14:00:00,221.80910983319575
2012-05-22 15:00:00,282.9860084687091
2012-05-22 16:00:00,429.43985603782977
2012-05-22 17:00:00,770.6088952205259
2012-05-22 18:00:00,759.9811240745236
2012-05-22 19:00:00,536.191522147252
2012-05-22 20:00:00,371.7128149794826
2012-05-22 21:00:00,265.8777544210609
2012-05-22 22:00:00,192.22511507501127
2012-05-22 23:00:00,114.28385995132726
2012-05-23 00:00:00,48.75469886014956
2012-05-23 01:00:00,18.386847966472416
2012-05-23 02:00:00,7.870247903897282
2012-05-23 03:00:00,5.823173984598827
2012-05-23 04:00:00,4.910740255076672
2012-05-23 05:00:00,24.832932453464394
2012-05-23 06:00:00,159.27078347769947
2012-05-23 07:00:00,404.5034791139084
2012-05-23 08:00:00,595.020818140342
2012-05-23 09:00:00,339.5323680344841
2012-05-23 10:00:00,199.02423244607036
2012-05-23 11:00:00,228.60859482753784
2012-05-23 12:00:00,273.23037980123587
2012-05-23 13:00:00,256.86628913934925
2012-05-23 14:00:00,253.1635479824148
2012-05-23 15:00:00,271.8207008010592
2012-05-23 16:00:00,290.58008773974734
2012-05-23 17:00:00,467.29815226672184
2012-05-23 18:00:00,469.8952838620618
2012-05-23 19:00:00,379.7212746519742
2012-05-23 20:00:00,269.6419129928851
2012-05-23 21:00:00,198.1861236115344
2012-05-23 22:00:00,160.65432999862156
2012-05-23 23:00:00,122.60296008824679
2012-05-24 00:00:00,52.46395273847897
2012-05-24 01:00:00,18.90320400378293
2012-05-24 02:00:00,9.667163711232979
2012-05-24 03:00:00,5.292261232674484
2012-05-24 04:00:00,6.209475003613795
2012-05-24 05:00:00,35.02514215202061
2012-05-24 06:00:00,142.27000637740005
2012-05-24 07:00:00,420.24287346246444
2012-05-24 08:00:00,698.0100363253921
2012-05-24 09:00:00,376.8025463380995
2012-05-24 10:00:00,212.0795804199612
2012-05-24 11:00:00,240.4348271046754
2012-05-24 12:00:00,301.63634361916763
2012-05-24 13:00:00,292.1582755625898
2012-05-24 14:00:00,254.16378906931348
2012-05-24 15:00:00,287.0959700515806
2012-05-24 16:00:00,430.0711609288898
2012-05-24 17:00:00,768.9669380271874
2012-05-24 18:00:00,770.9113845733247
2012-05-24 19:00:00,561.3016612414367
2012-05-24 20:00:00,363.20590207576106
2012-05-24 21:00:00,137.8332681891073
2012-05-24 22:00:00,180.67381537993015
2012-05-24 23:00:00,122.61146350022182
2012-05-25 00:00:00,81.58655852743236
2012-05-25 01:00:00,37.56892194793653
2012-05-25 02:00:00,15.997102703206867
2012-05-25 03:00:00,6.987170944334767
2012-05-25 04:00:00,6.710966598920416
2012-05-25 05:00:00,34.07513619408273
2012-05-25 06:00:00,135.74866324213045
2012-05-25 07:00:00,314.14098764577045
2012-05-25 08:00:00,583.7086797977524
2012-05-25 09:00:00,322.32444385942466
2012-05-25 10:00:00,236.43182594161465
2012-05-25 11:00:00,271.27374218257347
2012-05-25 12:00:00,360.10276847752056
2012-05-25 13:00:00,365.27168218966347
2012-05-25 14:00:00,337.8389432089549
2012-05-25 15:00:00,354.140299646821
2012-05-25 16:00:00,500.53345027832916
2012-05-25 17:00:00,719.0254609554787
2012-05-25 18:00:00,618.4453844647069
2012-05-25 19:00:00,492.82062488604043
2012-05-25 20:00:00,356.0142999646341
2012-05-25 21:00:00,296.0943276865171
2012-05-25 22:00:00,247.13908563778512
2012-05-25 23:00:00,196.81269801784353
2012-05-26 00:00:00,153.07789972871706
2012-05-26 01:00:00,109.83004791982276
2012-05-26 02:00:00,80.33685628046874
2012-05-26 03:00:00,36.5702968209715
2012-05-26 04:00:00,12.237398535768552
2012-05-26 05:00:00,13.308668619349959
2012-05-26 06:00:00,29.839720153573413
2012-05-26 07:00:00,70.24928083902333
2012-05-26 08:00:00,196.37163817080125
2012-05-26 09:00:00,262.88830933969587
2012-05-26 10:00:00,399.5130398164048
2012-05-26 11:00:00,503.40303682979794
2012-05-26 12:00:00,541.0309967172617
2012-05-26 13:00:00,548.0392389663295
2012-05-26 14:00:00,537.0379639997118
2012-05-26 15:00:00,537.4212668051332
2012-05-26 16:00:00,534.5758090255287
2012-05-26 17:00:00,524.3822190998069
2012-05-26 18:00:00,471.68914804969484
2012-05-26 19:00:00,388.48675206111056
2012-05-26 20:00:00,321.1886072547073
2012-05-26 21:00:00,270.3429114619033
2012-05-26 22:00:00,231.67544118907017
2012-05-26 23:00:00,174.14275951140652
2012-05-27 00:00:00,139.8928398088815
2012-05-27 01:00:00,114.21518555682695
2012-05-27 02:00:00,85.85372305589556
2012-05-27 03:00:00,42.258315952079656
2012-05-27 04:00:00,12.245061210984865
2012-05-27 05:00:00,13.189399669010209
2012-05-27 06:00:00,23.184738274560228
2012-05-27 07:00:00,57.97155192683758
2012-05-27 08:00:00,119.92571731384868
2012-05-27 09:00:00,219.20877484300337
2012-05-27 10:00:00,403.6567694383814
2012-05-27 11:00:00,487.1369781503206
2012-05-27 12:00:00,512.2320807254259
2012-05-27 13:00:00,521.2283120536348
2012-05-27 14:00:00,512.4493459495848
2012-05-27 15:00:00,524.6675218932105
2012-05-27 16:00:00,520.2077202615072
2012-05-27 17:00:00,516.0919517190184
2012-05-27 18:00:00,448.9927454971842
2012-05-27 19:00:00,371.1762280859817
2012-05-27 20:00:00,300.2172256414301
2012-05-27 21:00:00,137.8332975194136
2012-05-27 22:00:00,84.15484635929066
2012-05-27 23:00:00,72.30695530083682
2012-05-28 00:00:00,80.32148168332463
2012-05-28 01:00:00,40.793024255729335
2012-05-28 02:00:00,30.001050923249657
2012-05-28 03:00:00,16.26600141202807
2012-05-28 04:00:00,10.836044937579347
2012-05-28 05:00:00,17.47828132571126
2012-05-28 06:00:00,52.11215359149463
2012-05-28 07:00:00,96.02774911521993
2012-05-28 08:00:00,238.1221319821305
2012-05-28 09:00:00,315.73839650356945
2012-05-28 10:00:00,371.21217190731005
2012-05-28 11:00:00,428.4003605013776
2012-05-28 12:00:00,431.91192873233933
2012-05-28 13:00:00,419.67204041169776
2012-05-28 14:00:00,415.4072954853799
2012-05-28 15:00:00,411.5280269703974
2012-05-28 16:00:00,447.27247998614916
2012-05-28 17:00:00,526.0821562527983
2012-05-28 18:00:00,487.00418293516924
2012-05-28 19:00:00,445.01564202898146
2012-05-28 20:00:00,317.39404091085584
2012-05-28 21:00:00,236.99905705216887
2012-05-28 22:00:00,207.55971396568344
2012-05-28 23:00:00,130.4051293156706
2012-05-29 00:00:00,42.347338464454566
2012-05-29 01:00:00,17.76118926341402
2012-05-29 02:00:00,8.51550492400495
2012-05-29 03:00:00,5.099573518346282
2012-05-29 04:00:00,7.037155759027535
2012-05-29 05:00:00,37.49466884870103
2012-05-29 06:00:00,157.32304196392425
2012-05-29 07:00:00,436.628390777515
2012-05-29 08:00:00,648.3040118466104
2012-05-29 09:00:00,353.2663732016584
2012-05-29 10:00:00,187.25424843816538
2012-05-29 11:00:00,216.8587058379646
2012-05-29 12:00:00,274.6028178163805
2012-05-29 13:00:00,266.3680992339296
2012-05-29 14:00:00,234.19241320692043
2012-05-29 15:00:00,267.1734192407912
2012-05-29 16:00:00,406.3549418930227
2012-05-29 17:00:00,761.0152534056417
2012-05-29 18:00:00,753.7386821478885
2012-05-29 19:00:00,543.8135127581058
2012-05-29 20:00:00,241.37265230895122
2012-05-29 21:00:00,78.92625391416433
2012-05-29 22:00:00,137.95490623133992
2012-05-29 23:00:00,60.703307707645735
2012-05-30 00:00:00,34.379870296085585
2012-05-30 01:00:00,11.806292918395165
2012-05-30 02:00:00,5.773755931184146
2012-05-30 03:00:00,4.121847297202006
2012-05-30 04:00:00,5.969052366346146
2012-05-30 05:00:00,37.93512459207841
2012-05-30 06:00:00,148.59886093325582
2012-05-30 07:00:00,217.24800912878047
2012-05-30 08:00:00,667.3923325251578
2012-05-30 09:00:00,355.8774373204496
2012-05-30 10:00:00,186.4991025775727
2012-05-30 11:00:00,222.31541502701958
2012-05-30 12:00:00,298.14569026495406
2012-05-30 13:00:00,291.1591988818136
2012-05-30 14:00:00,261.22918375624374
2012-05-30 15:00:00,288.84945339966566
2012-05-30 16:00:00,437.05083396532854
2012-05-30 17:00:00,785.3429975492239
2012-05-30 18:00:00,788.0782670551786
2012-05-30 19:00:00,568.6649957462037
2012-05-30 20:00:00,355.6124382553429
2012-05-30 21:00:00,304.8759913339869
2012-05-30 22:00:00,218.00125151353137
2012-05-30 23:00:00,138.1719479968379
2012-05-31 00:00:00,55.163204204063604
2012-05-31 01:00:00,22.050013710064476
2012-05-31 02:00:00,10.481598258642723
2012-05-31 03:00:00,6.240255461327056
2012-05-31 04:00:00,7.429924223852828
2012-05-31 05:00:00,39.921655350319874
2012-05-31 06:00:00,166.09052903024474
2012-05-31 07:00:00,456.80829427870333
2012-05-31 08:00:00,717.1989050808011
2012-05-31 09:00:00,376.1014579301841
2012-05-31 10:00:00,212.29922428393942
2012-05-31 11:00:00,241.60465305053913
2012-05-31 12:00:00,306.00136395383134
2012-05-31 13:00:00,300.47720903340587
2012-05-31 14:00:00,260.8211653323848
2012-05-31 15:00:00,291.5239856594907
2012-05-31 16:00:00,440.51583614819384
2012-05-31 17:00:00,796.7151641913082
2012-05-31 18:00:00,791.6622312650434
2012-05-31 19:00:00,584.4485612943386
2012-05-31 20:00:00,420.85184744796936
2012-05-31 21:00:00,318.58787175987305
2012-05-31 22:00:00,234.63244142078986
2012-05-31 23:00:00,144.13880960138798
2012-06-20 00:00:00,49.31434655959264
2012-06-20 01:00:00,20.224496018654726
2012-06-20 02:00:00,9.772052276555502
2012-06-20 03:00:00,6.483938742432716
2012-06-20 04:00:00,7.6712344587169365
2012-06-20 05:00:00,40.73224401450433
2012-06-20 06:00:00,139.77136880887554
2012-06-20 07:00:00,367.0757384970621
2012-06-20 08:00:00,634.9437986550633
2012-06-20 09:00:00,333.6859664015436
2012-06-20 10:00:00,198.57720554339835
2012-06-20 11:00:00,217.00152681308413
2012-06-20 12:00:00,258.755743940279
2012-06-20 13:00:00,254.2630941474541
2012-06-20 14:00:00,228.61786647556917
2012-06-20 15:00:00,242.3542401442151
2012-06-20 16:00:00,355.6977577914741
2012-06-20 17:00:00,667.0549311566824
2012-06-20 18:00:00,666.6540442909888
2012-06-20 19:00:00,533.5888926408686
2012-06-20 20:00:00,397.7758592152288
2012-06-20 21:00:00,305.8538241182224
2012-06-20 22:00:00,231.3668973484506
2012-06-20 23:00:00,136.6450034439497
2012-06-21 00:00:00,55.125347012248184
2012-06-21 01:00:00,21.317591319587184
2012-06-21 02:00:00,10.317137998675946
2012-06-21 03:00:00,6.030081250841697
2012-06-21 04:00:00,7.72035338987892
2012-06-21 05:00:00,40.99682266626678
2012-06-21 06:00:00,157.39865732587776
2012-06-21 07:00:00,395.0672369250742
2012-06-21 08:00:00,621.7079431484748
2012-06-21 09:00:00,334.73782894632166
2012-06-21 10:00:00,193.5876881429828
2012-06-21 11:00:00,216.52167513600318
2012-06-21 12:00:00,250.60683476450555
2012-06-21 13:00:00,241.1718764461989
2012-06-21 14:00:00,228.47853436737205
2012-06-21 15:00:00,231.7006929749921
2012-06-21 16:00:00,353.6300085567237
2012-06-21 17:00:00,736.9318183844828
2012-06-21 18:00:00,756.973827478759
2012-06-21 19:00:00,504.8769008042448
2012-06-21 20:00:00,387.33435544736517
2012-06-21 21:00:00,307.23588706666123
2012-06-21 22:00:00,227.42131990257172
2012-06-21 23:00:00,141.99088121401286
2012-06-22 00:00:00,80.81992200818983
2012-06-22 01:00:00,37.923228273727474
2012-06-22 02:00:00,18.762344749483006
2012-06-22 03:00:00,8.277990187210243
2012-06-22 04:00:00,7.508299418687104
2012-06-22 05:00:00,36.88565716343898
2012-06-22 06:00:00,149.18579268088348
2012-06-22 07:00:00,390.1008674723497
2012-06-22 08:00:00,619.6392861904544
2012-06-22 09:00:00,381.40435546752184
2012-06-22 10:00:00,227.24394174789572
2012-06-22 11:00:00,271.76971022683085
2012-06-22 12:00:00,318.08429241202845
2012-06-22 13:00:00,316.2146035386296
2012-06-22 14:00:00,292.88719237111826
2012-06-22 15:00:00,312.40607761797094
2012-06-22 16:00:00,434.0266876495558
2012-06-22 17:00:00,746.9352234983903
2012-06-22 18:00:00,591.5280396164878
2012-06-22 19:00:00,457.26148419154896
2012-06-22 20:00:00,325.9012301315806
2012-06-22 21:00:00,208.79885981246076
2012-06-22 22:00:00,250.16093857001795
2012-06-22 23:00:00,188.21747096476355
2012-06-23 00:00:00,149.82508335212538
2012-06-23 01:00:00,115.85718677633353
2012-06-23 02:00:00,70.85118089345312
2012-06-23 03:00:00,33.07585002133209
2012-06-23 04:00:00,10.619592602546792
2012-06-23 05:00:00,10.88152899128308
2012-06-23 06:00:00,29.716239122737466
2012-06-23 07:00:00,74.78888577909808
2012-06-23 08:00:00,198.44850092418304
2012-06-23 09:00:00,293.19770177714963
2012-06-23 10:00:00,419.7240250547506
2012-06-23 11:00:00,513.6244243777658
2012-06-23 12:00:00,558.9674727032561
2012-06-23 13:00:00,569.9083213860258
2012-06-23 14:00:00,586.6148655364011
2012-06-23 15:00:00,547.6389029550655
2012-06-23 16:00:00,556.8055607416663
2012-06-23 17:00:00,561.9293703544049
2012-06-23 18:00:00,500.9562037595654
2012-06-23 19:00:00,426.31004724771833
2012-06-23 20:00:00,347.7893573176125
2012-06-23 21:00:00,295.56157915581855
2012-06-23 22:00:00,255.2083070449547
2012-06-23 23:00:00,190.9207065967814
2012-06-24 00:00:00,154.4791910162466
2012-06-24 01:00:00,122.50077449946988
2012-06-24 02:00:00,92.66498180260203
2012-06-24 03:00:00,43.54563552399605
2012-06-24 04:00:00,14.068845586537895
2012-06-24 05:00:00,14.171485532722087
2012-06-24 06:00:00,23.692420141324337
2012-06-24 07:00:00,60.76681587775438
2012-06-24 08:00:00,141.15088050070113
2012-06-24 09:00:00,266.04871102902746
2012-06-24 10:00:00,407.7033363617546
2012-06-24 11:00:00,503.9517772862162
2012-06-24 12:00:00,546.530937845276
2012-06-24 13:00:00,552.8945879982159
2012-06-24 14:00:00,533.1568141297581
2012-06-24 15:00:00,525.3952178899247
2012-06-24 16:00:00,521.6577039793578
2012-06-24 17:00:00,506.91694484605966
2012-06-24 18:00:00,461.91926804811067
2012-06-24 19:00:00,381.3050493930118
2012-06-24 20:00:00,300.282360361364
2012-06-24 21:00:00,216.7732551744198
2012-06-24 22:00:00,174.76882699714605
2012-06-24 23:00:00,113.92643442259694
2012-06-25 00:00:00,43.168545813921014
2012-06-25 01:00:00,18.279654695907027
2012-06-25 02:00:00,9.111269188198099
2012-06-25 03:00:00,5.502399070458643
2012-06-25 04:00:00,7.84129024361547
2012-06-25 05:00:00,38.8661760756351
2012-06-25 06:00:00,154.1390973715391
2012-06-25 07:00:00,441.319461435068
2012-06-25 08:00:00,654.4515622650744
2012-06-25 09:00:00,355.79373789445685
2012-06-25 10:00:00,190.06756952150596
2012-06-25 11:00:00,214.9662261007755
2012-06-25 12:00:00,283.2027829403767
2012-06-25 13:00:00,283.2404803416189
2012-06-25 14:00:00,236.84257913888547
2012-06-25 15:00:00,281.4016247118092
2012-06-25 16:00:00,424.11062104882205
2012-06-25 17:00:00,794.891959920575
2012-06-25 18:00:00,798.3058255994364
2012-06-25 19:00:00,569.3189481936961
2012-06-25 20:00:00,400.9299403578972
2012-06-25 21:00:00,301.99390679470594
2012-06-25 22:00:00,194.06984255828095
2012-06-25 23:00:00,108.05587220029557
2012-06-26 00:00:00,40.24819022298024
2012-06-26 01:00:00,15.900287440148976
2012-06-26 02:00:00,8.16007716359431
2012-06-26 03:00:00,4.826266729655643
2012-06-26 04:00:00,6.861943062678531
2012-06-26 05:00:00,36.585606415984856
2012-06-26 06:00:00,158.84783261714176
2012-06-26 07:00:00,446.7588687509201
2012-06-26 08:00:00,710.7844612230573
2012-06-26 09:00:00,370.9832178577272
2012-06-26 10:00:00,205.6998411290978
2012-06-26 11:00:00,236.1657759019477
2012-06-26 12:00:00,311.2929696588672
2012-06-26 13:00:00,303.04317939091504
2012-06-26 14:00:00,265.6461613998332
2012-06-26 15:00:00,300.9064627806375
2012-06-26 16:00:00,453.85070228788607
2012-06-26 17:00:00,822.0498254347247
2012-06-26 18:00:00,811.0355145057142
2012-06-26 19:00:00,599.8779845526275
2012-06-26 20:00:00,414.6906497250948
2012-06-26 21:00:00,324.4309508251272
2012-06-26 22:00:00,220.20776268865313
2012-06-26 23:00:00,128.00116228041512
2012-06-27 00:00:00,48.78461092298677
2012-06-27 01:00:00,19.047569915271783
2012-06-27 02:00:00,8.88214667497193
2012-06-27 03:00:00,5.717945779289593
2012-06-27 04:00:00,6.944858056360632
2012-06-27 05:00:00,39.55423367719469
2012-06-27 06:00:00,164.9068539821423
2012-06-27 07:00:00,467.7003142396111
2012-06-27 08:00:00,723.2164529415415
2012-06-27 09:00:00,370.07648397714706
2012-06-27 10:00:00,216.58215906316667
2012-06-27 11:00:00,245.3261022674029
2012-06-27 12:00:00,309.1000439112439
2012-06-27 13:00:00,285.0159477116448
2012-06-27 14:00:00,260.8771836255014
2012-06-27 15:00:00,285.16209288159126
2012-06-27 16:00:00,429.7529564302538
2012-06-27 17:00:00,785.731158050508
2012-06-27 18:00:00,788.2444197221178
2012-06-27 19:00:00,582.553354154541
2012-06-27 20:00:00,435.0806115766294
2012-06-27 21:00:00,327.1277455091628
2012-06-27 22:00:00,237.32502366293838
2012-06-27 23:00:00,147.9617845306268
2012-06-28 00:00:00,57.277237760751625
2012-06-28 01:00:00,22.68904842781783
2012-06-28 02:00:00,11.73205315243932
2012-06-28 03:00:00,7.1680793328120584
2012-06-28 04:00:00,8.427078227209993
2012-06-28 05:00:00,41.928667026621525
2012-06-28 06:00:00,171.79397968473245
2012-06-28 07:00:00,458.93725459118195
2012-06-28 08:00:00,701.0984125807447
2012-06-28 09:00:00,367.1281027799906
2012-06-28 10:00:00,213.23183415079538
2012-06-28 11:00:00,229.8070232417507
2012-06-28 12:00:00,287.29799055250436
2012-06-28 13:00:00,280.0075754521539
2012-06-28 14:00:00,249.675854307343
2012-06-28 15:00:00,281.50315951280504
2012-06-28 16:00:00,414.9785483418233
2012-06-28 17:00:00,767.2083480624005
2012-06-28 18:00:00,778.8946649259993
2012-06-28 19:00:00,556.0734214438617
2012-06-28 20:00:00,417.58436680391526
2012-06-28 21:00:00,314.1633698481295
2012-06-28 22:00:00,234.37739231374633
2012-06-28 23:00:00,153.1085022512522
2012-06-29 00:00:00,90.1089918096847
2012-06-29 01:00:00,40.694050961738924
2012-06-29 02:00:00,19.82374219661773
2012-06-29 03:00:00,8.747383035865756
2012-06-29 04:00:00,8.413314350419522
2012-06-29 05:00:00,40.66064509763427
2012-06-29 06:00:00,155.33534973921664
2012-06-29 07:00:00,396.54494140848044
2012-06-29 08:00:00,648.8869314625019
2012-06-29 09:00:00,374.8338814056493
2012-06-29 10:00:00,210.11694743213445
2012-06-29 11:00:00,243.19726109175568
2012-06-29 12:00:00,293.46739039090835
2012-06-29 13:00:00,270.91747940947675
2012-06-29 14:00:00,250.31640910435044
2012-06-29 15:00:00,267.99116429029647
2012-06-29 16:00:00,333.827111618025
2012-06-29 17:00:00,523.9009482909373
2012-06-29 18:00:00,429.2961072511009
2012-06-29 19:00:00,385.0400947509049
2012-06-29 20:00:00,292.21601832764736
2012-06-29 21:00:00,267.30293189131453
2012-06-29 22:00:00,174.0142157101427
2012-06-29 23:00:00,146.47362272785466
2012-06-30 00:00:00,81.21810054100166
2012-06-30 01:00:00,67.4521532276695
2012-06-30 02:00:00,68.82237374090897
2012-06-30 03:00:00,32.7415294934206
2012-06-30 04:00:00,9.88083895444725
2012-06-30 05:00:00,12.062815377067235
2012-06-30 06:00:00,26.73247029361336
2012-06-30 07:00:00,74.76494005775098
2012-06-30 08:00:00,176.78425422729714
2012-06-30 09:00:00,239.81920737218542
2012-06-30 10:00:00,380.16949354844087
2012-06-30 11:00:00,463.4839928258666
2012-06-30 12:00:00,536.0765096037946
2012-06-30 13:00:00,541.0911400136912
2012-06-30 14:00:00,534.3793590157061
2012-06-30 15:00:00,529.2332785621172
2012-06-30 16:00:00,497.1828068953068
2012-06-30 17:00:00,514.0592851532152
2012-06-30 18:00:00,440.15456755213904
2012-06-30 19:00:00,406.9661269943139
2012-06-30 20:00:00,329.6234069296205
2012-06-30 21:00:00,284.753244168175
2012-06-30 22:00:00,242.15573882733383
2012-06-30 23:00:00,179.46870418943297
2012-07-20 00:00:00,57.848949165704994
2012-07-20 01:00:00,37.62978461142366
2012-07-20 02:00:00,15.458899780259289
2012-07-20 03:00:00,7.378128573383286
2012-07-20 04:00:00,7.440303004400557
2012-07-20 05:00:00,35.35179389171758
2012-07-20 06:00:00,133.80432602741854
2012-07-20 07:00:00,315.00920639450794
2012-07-20 08:00:00,559.8038882842844
2012-07-20 09:00:00,369.7164217564315
2012-07-20 10:00:00,215.7280505141185
2012-07-20 11:00:00,180.46812325574507
2012-07-20 12:00:00,197.27714165135302
2012-07-20 13:00:00,198.20424940439386
2012-07-20 14:00:00,173.08860133935204
2012-07-20 15:00:00,269.28621936610006
2012-07-20 16:00:00,366.74928755518675
2012-07-20 17:00:00,476.1379284038642
2012-07-20 18:00:00,488.3627345543914
2012-07-20 19:00:00,320.79040075372393
2012-07-20 20:00:00,143.62766447205547
2012-07-20 21:00:00,117.711838842235
2012-07-20 22:00:00,173.3653323611709
2012-07-20 23:00:00,143.84017026279253
2012-07-21 00:00:00,79.97580533288212
2012-07-21 01:00:00,93.38478051655446
2012-07-21 02:00:00,45.59440909964865
2012-07-21 03:00:00,22.924321449487103
2012-07-21 04:00:00,6.939724611116667
2012-07-21 05:00:00,7.486936689867959
2012-07-21 06:00:00,17.674660666385186
2012-07-21 07:00:00,64.17213597051364
2012-07-21 08:00:00,167.44194660701586
2012-07-21 09:00:00,235.07090603194277
2012-07-21 10:00:00,169.2212623014382
2012-07-21 11:00:00,368.33266500101684
2012-07-21 12:00:00,253.56095185170892
2012-07-21 13:00:00,256.00919418038507
2012-07-21 14:00:00,356.1110232365189
2012-07-21 15:00:00,202.29182653921526
2012-07-21 16:00:00,216.6880401717977
2012-07-21 17:00:00,197.77968392719308
2012-07-21 18:00:00,261.8140643864512
2012-07-21 19:00:00,246.28185315830393
2012-07-21 20:00:00,111.01181347752984
2012-07-21 21:00:00,171.79503252802704
2012-07-21 22:00:00,147.48780429548492
2012-07-21 23:00:00,124.79177004873354
2012-07-22 00:00:00,116.8319172117096
2012-07-22 01:00:00,99.22366485560298
2012-07-22 02:00:00,75.8111896176062
2012-07-22 03:00:00,37.41271927817087
2012-07-22 04:00:00,12.40543997734876
2012-07-22 05:00:00,12.47771529136934
2012-07-22 06:00:00,18.55174606247012
2012-07-22 07:00:00,48.08758765556459
2012-07-22 08:00:00,110.50477712735795
2012-07-22 09:00:00,252.02045754410938
2012-07-22 10:00:00,368.07666891754405
2012-07-22 11:00:00,448.92946641477783
2012-07-22 12:00:00,486.49504885931486
2012-07-22 13:00:00,493.2368484641832
2012-07-22 14:00:00,503.4573588547888
2012-07-22 15:00:00,498.95998868773495
2012-07-22 16:00:00,484.6127182996406
2012-07-22 17:00:00,493.89225924061736
2012-07-22 18:00:00,437.88465743660373
2012-07-22 19:00:00,359.4646372722984
2012-07-22 20:00:00,277.6346489699896
2012-07-22 21:00:00,198.58547649337473
2012-07-22 22:00:00,162.09221452849096
2012-07-22 23:00:00,107.96089060823236
2012-07-23 00:00:00,40.58175545921326
2012-07-23 01:00:00,15.228104460966334
2012-07-23 02:00:00,7.675518160977639
2012-07-23 03:00:00,5.316428285758971
2012-07-23 04:00:00,6.732606307868231
2012-07-23 05:00:00,30.058600602351454
2012-07-23 06:00:00,146.36201834348842
2012-07-23 07:00:00,382.3061867497257
2012-07-23 08:00:00,608.174494681889
2012-07-23 09:00:00,333.2932260151521
2012-07-23 10:00:00,186.0742323181126
2012-07-23 11:00:00,220.03353232671665
2012-07-23 12:00:00,276.94044594033596
2012-07-23 13:00:00,271.2361764408762
2012-07-23 14:00:00,239.80688164436265
2012-07-23 15:00:00,270.0206079806758
2012-07-23 16:00:00,408.17224584503003
2012-07-23 17:00:00,737.2931391705179
2012-07-23 18:00:00,786.592113301707
2012-07-23 19:00:00,552.8534435685731
2012-07-23 20:00:00,407.5840050480638
2012-07-23 21:00:00,305.41237003735466
2012-07-23 22:00:00,206.5589789497766
2012-07-23 23:00:00,114.23823734600833
2012-07-24 00:00:00,46.04455662643601
2012-07-24 01:00:00,18.867264666103445
2012-07-24 02:00:00,9.023684354210758
2012-07-24 03:00:00,5.89011757831331
2012-07-24 04:00:00,7.597150231705992
2012-07-24 05:00:00,38.55123466610503
2012-07-24 06:00:00,162.31242255226528
2012-07-24 07:00:00,444.0925698793708
2012-07-24 08:00:00,627.4683914078166
2012-07-24 09:00:00,310.2440384357426
2012-07-24 10:00:00,184.27651694779752
2012-07-24 11:00:00,209.8761267232457
2012-07-24 12:00:00,260.50297270579745
2012-07-24 13:00:00,255.1583603629913
2012-07-24 14:00:00,228.56791822312508
2012-07-24 15:00:00,268.31837444800766
2012-07-24 16:00:00,412.7807776877727
2012-07-24 17:00:00,754.9914787435948
2012-07-24 18:00:00,749.4140374659933
2012-07-24 19:00:00,558.7576005866706
2012-07-24 20:00:00,406.6006012101215
2012-07-24 21:00:00,306.09030190989296
2012-07-24 22:00:00,213.48876856952964
2012-07-24 23:00:00,121.34368773162853
2012-07-25 00:00:00,48.88799871414105
2012-07-25 01:00:00,20.3642472603332
2012-07-25 02:00:00,9.855806744876666
2012-07-25 03:00:00,5.683177835451596
2012-07-25 04:00:00,7.057229432512611
2012-07-25 05:00:00,40.099060811595876
2012-07-25 06:00:00,166.88445684206386
2012-07-25 07:00:00,449.27896364877677
2012-07-25 08:00:00,713.6130375306158
2012-07-25 09:00:00,369.4600859096375
2012-07-25 10:00:00,216.59958266197472
2012-07-25 11:00:00,241.44054800792986
2012-07-25 12:00:00,304.82737652050076
2012-07-25 13:00:00,294.3341648907412
2012-07-25 14:00:00,251.48776721318342
2012-07-25 15:00:00,293.64817026866365
2012-07-25 16:00:00,427.4636843661816
2012-07-25 17:00:00,783.6947892001001
2012-07-25 18:00:00,792.4676550288368
2012-07-25 19:00:00,599.4469742460088
2012-07-25 20:00:00,433.7717699554135
2012-07-25 21:00:00,325.12461376919464
2012-07-25 22:00:00,233.2927013682263
2012-07-25 23:00:00,140.1490366323763
2012-07-26 00:00:00,55.32955123113832
2012-07-26 01:00:00,22.08820774615795
2012-07-26 02:00:00,10.826098575748011
2012-07-26 03:00:00,6.226900217163109
2012-07-26 04:00:00,7.98969589658217
2012-07-26 05:00:00,41.30837489400788
2012-07-26 06:00:00,163.53537573153636
2012-07-26 07:00:00,449.94144361318644
2012-07-26 08:00:00,619.6538576316982
2012-07-26 09:00:00,353.0541862324526
2012-07-26 10:00:00,198.33735309794025
2012-07-26 11:00:00,214.95565486062588
2012-07-26 12:00:00,252.58162079748075
2012-07-26 13:00:00,246.81613657767906
2012-07-26 14:00:00,211.25125816227077
2012-07-26 15:00:00,233.41857061501634
2012-07-26 16:00:00,310.87572811622647
2012-07-26 17:00:00,627.5609867807242
2012-07-26 18:00:00,609.0555097713948
2012-07-26 19:00:00,455.6851485706009
2012-07-26 20:00:00,366.76197136048137
2012-07-26 21:00:00,287.4858870061448
2012-07-26 22:00:00,216.27853051429014
2012-07-26 23:00:00,143.17304220100584
2012-07-27 00:00:00,84.84456344979256
2012-07-27 01:00:00,38.51146336378174
2012-07-27 02:00:00,19.953202248623562
2012-07-27 03:00:00,9.237265692687634
2012-07-27 04:00:00,8.289055642246627
2012-07-27 05:00:00,38.30480231875961
2012-07-27 06:00:00,151.6333657560863
2012-07-27 07:00:00,393.9126212358947
2012-07-27 08:00:00,620.0630207608184
2012-07-27 09:00:00,369.5289188854225
2012-07-27 10:00:00,225.72263569929203
2012-07-27 11:00:00,263.48064360477895
2012-07-27 12:00:00,319.38858270365097
2012-07-27 13:00:00,333.826943892142
2012-07-27 14:00:00,296.34391880415967
2012-07-27 15:00:00,320.1829351713433
2012-07-27 16:00:00,481.799619759595
2012-07-27 17:00:00,726.3152489844218
2012-07-27 18:00:00,651.4507870138864
2012-07-27 19:00:00,478.8353522930653
2012-07-27 20:00:00,349.1028696568774
2012-07-27 21:00:00,290.70930910084763
2012-07-27 22:00:00,252.81213424468794
2012-07-27 23:00:00,202.09159357508875
2012-07-28 00:00:00,159.89914776295802
2012-07-28 01:00:00,111.83825755693363
2012-07-28 02:00:00,83.00573528221943
2012-07-28 03:00:00,36.82471357358271
2012-07-28 04:00:00,12.039924116371258
2012-07-28 05:00:00,14.252022155253018
2012-07-28 06:00:00,32.061864157114236
2012-07-28 07:00:00,76.43360127074219
2012-07-28 08:00:00,190.6336472305899
2012-07-28 09:00:00,271.3692947613205
2012-07-28 10:00:00,385.7461991713477
2012-07-28 11:00:00,476.3141458164065
2012-07-28 12:00:00,546.446299303014
2012-07-28 13:00:00,530.6667550481832
2012-07-28 14:00:00,536.8658234005594
2012-07-28 15:00:00,531.2540215101512
2012-07-28 16:00:00,531.9860783044678
2012-07-28 17:00:00,541.9503228663983
2012-07-28 18:00:00,491.6710156179622
2012-07-28 19:00:00,327.2073202905176
2012-07-28 20:00:00,266.2648594668177
2012-07-28 21:00:00,258.63712524447595
2012-07-28 22:00:00,224.32477549472338
2012-07-28 23:00:00,174.33747069185563
2012-07-29 00:00:00,145.29762387672304
2012-07-29 01:00:00,120.01145490117682
2012-07-29 02:00:00,92.81354192517712
2012-07-29 03:00:00,40.02973198382145
2012-07-29 04:00:00,12.78924770720588
2012-07-29 05:00:00,13.211779659570668
2012-07-29 06:00:00,23.78762432682465
2012-07-29 07:00:00,58.67540545877465
2012-07-29 08:00:00,136.28754548270217
2012-07-29 09:00:00,261.2925063948434
2012-07-29 10:00:00,390.57508792123383
2012-07-29 11:00:00,469.2635515296617
2012-07-29 12:00:00,525.3475926405098
2012-07-29 13:00:00,535.422359602298
2012-07-29 14:00:00,530.7184982525175
2012-07-29 15:00:00,526.3148587280521
2012-07-29 16:00:00,527.2282712135726
2012-07-29 17:00:00,510.56978961273137
2012-07-29 18:00:00,462.207799927138
2012-07-29 19:00:00,376.283430200923
2012-07-29 20:00:00,290.7450439404245
2012-07-29 21:00:00,207.71494146477056
2012-07-29 22:00:00,165.3256533330884
2012-07-29 23:00:00,109.7265552631583
2012-07-30 00:00:00,45.63580705069642
2012-07-30 01:00:00,18.33184670176267
2012-07-30 02:00:00,9.282003289617114
2012-07-30 03:00:00,5.597849422365879
2012-07-30 04:00:00,7.185644219154857
2012-07-30 05:00:00,37.20330156333853
2012-07-30 06:00:00,151.19495165041593
2012-07-30 07:00:00,403.5305256727519
2012-07-30 08:00:00,618.2120955914257
2012-07-30 09:00:00,332.06726782340223
2012-07-30 10:00:00,187.57265293395608
2012-07-30 11:00:00,220.0968340320346
2012-07-30 12:00:00,278.32761845940234
2012-07-30 13:00:00,272.3519821808541
2012-07-30 14:00:00,236.08284330233568
2012-07-30 15:00:00,271.40923352082217
2012-07-30 16:00:00,412.67383508002894
2012-07-30 17:00:00,750.3537553210466
2012-07-30 18:00:00,752.529970587764
2012-07-30 19:00:00,545.1388533737872
2012-07-30 20:00:00,395.0332268347951
2012-07-30 21:00:00,295.3059386304159
2012-07-30 22:00:00,193.58345386490043
2012-07-30 23:00:00,111.42025802198121
2012-07-31 00:00:00,45.641349315026204
2012-07-31 01:00:00,17.828180369844393
2012-07-31 02:00:00,9.022376338703925
2012-07-31 03:00:00,5.981763774060164
2012-07-31 04:00:00,7.597150231705992
2012-07-31 05:00:00,38.76719433230255
2012-07-31 06:00:00,158.08790375779012
2012-07-31 07:00:00,402.95533583931314
2012-07-31 08:00:00,641.7811573298002
2012-07-31 09:00:00,353.7762850863144
2012-07-31 10:00:00,195.64916040790132
2012-07-31 11:00:00,219.9380809423685
2012-07-31 12:00:00,282.11033789931605
2012-07-31 13:00:00,270.5130479938375
2012-07-31 14:00:00,238.1955778592239
2012-07-31 15:00:00,274.87334828651944
2012-07-31 16:00:00,421.1201413247203
2012-07-31 17:00:00,781.9420350497021
2012-07-31 18:00:00,757.7738712324422
2012-07-31 19:00:00,444.0667034235166
2012-07-31 20:00:00,308.99970413940133
2012-07-31 21:00:00,286.37559651164474
2012-07-31 22:00:00,207.77656792197556
2012-07-31 23:00:00,117.7307297535524
2012-08-20 00:00:00,35.34046936507715
2012-08-20 01:00:00,16.415914855486495
2012-08-20 02:00:00,8.612820549701357
2012-08-20 03:00:00,5.669911284293863
2012-08-20 04:00:00,6.771650884205395
2012-08-20 05:00:00,32.91217664365041
2012-08-20 06:00:00,145.41082141491825
2012-08-20 07:00:00,423.77929313198837
2012-08-20 08:00:00,641.5784442733183
2012-08-20 09:00:00,349.8997583648098
2012-08-20 10:00:00,189.90587364226718
2012-08-20 11:00:00,227.99002634855452
2012-08-20 12:00:00,289.4824048479885
2012-08-20 13:00:00,293.16348197693185
2012-08-20 14:00:00,251.35397971392032
2012-08-20 15:00:00,290.1152412335724
2012-08-20 16:00:00,441.8347904641155
2012-08-20 17:00:00,796.1958772897767
2012-08-20 18:00:00,616.2301276298285
2012-08-20 19:00:00,480.2780247474061
2012-08-20 20:00:00,275.41650353845466
2012-08-20 21:00:00,235.30066730999718
2012-08-20 22:00:00,151.14543784740454
2012-08-20 23:00:00,94.59659117514659
2012-08-21 00:00:00,35.12521860397222
2012-08-21 01:00:00,14.284197882956652
2012-08-21 02:00:00,6.437290502056031
2012-08-21 03:00:00,5.292583607207554
2012-08-21 04:00:00,6.683144800421641
2012-08-21 05:00:00,36.7961767499378
2012-08-21 06:00:00,163.12992471363543
2012-08-21 07:00:00,452.8156541987064
2012-08-21 08:00:00,682.0492983407237
2012-08-21 09:00:00,362.7011729853991
2012-08-21 10:00:00,208.84362782268346
2012-08-21 11:00:00,237.73577383438146
2012-08-21 12:00:00,306.48882544054226
2012-08-21 13:00:00,301.6440679045541
2012-08-21 14:00:00,259.0479857573111
2012-08-21 15:00:00,296.8391094696274
2012-08-21 16:00:00,454.7871783041584
2012-08-21 17:00:00,811.8356878080504
2012-08-21 18:00:00,812.6597596915358
2012-08-21 19:00:00,347.2741127111128
2012-08-21 20:00:00,379.6068879297953
2012-08-21 21:00:00,285.4204416002859
2012-08-21 22:00:00,192.79632833961318
2012-08-21 23:00:00,115.31663391757226
2012-08-22 00:00:00,47.64331590264129
2012-08-22 01:00:00,18.84310473573478
2012-08-22 02:00:00,9.02198525013033
2012-08-22 03:00:00,6.109151961669841
2012-08-22 04:00:00,7.323233124755256
2012-08-22 05:00:00,39.3382231216432
2012-08-22 06:00:00,164.43669790541736
2012-08-22 07:00:00,448.9976392096072
2012-08-22 08:00:00,677.477466185652
2012-08-22 09:00:00,362.6500774910754
2012-08-22 10:00:00,216.05983374007553
2012-08-22 11:00:00,241.0604589528486
2012-08-22 12:00:00,302.4016774812419
2012-08-22 13:00:00,295.8223108334563
2012-08-22 14:00:00,260.39863222482927
2012-08-22 15:00:00,296.4709999377133
2012-08-22 16:00:00,350.60134618667723
2012-08-22 17:00:00,641.2808772405912
2012-08-22 18:00:00,604.41883531442
2012-08-22 19:00:00,503.8290952294476
2012-08-22 20:00:00,392.9709889219236
2012-08-22 21:00:00,289.328853388914
2012-08-22 22:00:00,215.55868956948697
2012-08-22 23:00:00,128.30597224559352
2012-08-23 00:00:00,53.34618552340977
2012-08-23 01:00:00,19.514728234306602
2012-08-23 02:00:00,10.005245081860636
2012-08-23 03:00:00,6.796386107164503
2012-08-23 04:00:00,7.627549080086038
2012-08-23 05:00:00,39.46819303076325
2012-08-23 06:00:00,139.7379738094624
2012-08-23 07:00:00,382.47549335406796
2012-08-23 08:00:00,638.3127975056682
2012-08-23 09:00:00,354.272097089569
2012-08-23 10:00:00,212.57025369955824
2012-08-23 11:00:00,243.6897985238994
2012-08-23 12:00:00,303.5846070117615
2012-08-23 13:00:00,284.80630310343867
2012-08-23 14:00:00,251.49185221404537
2012-08-23 15:00:00,284.5554368857796
2012-08-23 16:00:00,452.49836965590225
2012-08-23 17:00:00,825.627672055236
2012-08-23 18:00:00,824.9410703801507
2012-08-23 19:00:00,594.1924316362688
2012-08-23 20:00:00,427.679324384074
2012-08-23 21:00:00,324.7806807950743
2012-08-23 22:00:00,230.45969216499597
2012-08-23 23:00:00,137.40344135238504
2012-08-24 00:00:00,79.89177745255856
2012-08-24 01:00:00,34.66688540696454
2012-08-24 02:00:00,19.4359381986118
2012-08-24 03:00:00,8.548379935636545
2012-08-24 04:00:00,7.7269057716331915
2012-08-24 05:00:00,37.22781770904288
2012-08-24 06:00:00,132.79910073117142
2012-08-24 07:00:00,357.71960485938547
2012-08-24 08:00:00,606.9689549514848
2012-08-24 09:00:00,376.6078455607508
2012-08-24 10:00:00,238.09827349050482
2012-08-24 11:00:00,283.2048983703622
2012-08-24 12:00:00,357.149023145493
2012-08-24 13:00:00,351.8608144027976
2012-08-24 14:00:00,325.808458384079
2012-08-24 15:00:00,363.46278079413844
2012-08-24 16:00:00,521.9237277285631
2012-08-24 17:00:00,759.2812639602315
2012-08-24 18:00:00,595.0825622573441
2012-08-24 19:00:00,484.65708448091823
2012-08-24 20:00:00,342.62105857989417
2012-08-24 21:00:00,287.7277860429439
2012-08-24 22:00:00,245.7979428403766
2012-08-24 23:00:00,193.05366553496677
2012-08-25 00:00:00,155.27016259948377
2012-08-25 01:00:00,110.90343868593419
2012-08-25 02:00:00,82.87156523521142
2012-08-25 03:00:00,38.77827574761511
2012-08-25 04:00:00,12.782056703042345
2012-08-25 05:00:00,12.518315389483357
2012-08-25 06:00:00,28.59120981024974
2012-08-25 07:00:00,66.61600924534991
2012-08-25 08:00:00,182.075704541954
2012-08-25 09:00:00,284.94719598719524
2012-08-25 10:00:00,401.7111324250195
2012-08-25 11:00:00,483.0165343730879
2012-08-25 12:00:00,435.9029864471546
2012-08-25 13:00:00,563.4292858980627
2012-08-25 14:00:00,384.58193563857435
2012-08-25 15:00:00,453.5318187892342
2012-08-25 16:00:00,478.4102836980783
2012-08-25 17:00:00,466.5093188347802
2012-08-25 18:00:00,431.568888013402
2012-08-25 19:00:00,306.5933543858158
2012-08-25 20:00:00,128.88264419946768
2012-08-25 21:00:00,220.88614528809964
2012-08-25 22:00:00,199.1922765975501
2012-08-25 23:00:00,130.83154666531567
2012-08-26 00:00:00,137.58656919393027
2012-08-26 01:00:00,108.53088986334281
2012-08-26 02:00:00,74.13815758566363
2012-08-26 03:00:00,35.6347217005249
2012-08-26 04:00:00,10.152569005394295
2012-08-26 05:00:00,11.479247187422281
2012-08-26 06:00:00,17.01667533364848
2012-08-26 07:00:00,50.153662095596445
2012-08-26 08:00:00,118.55763424795919
2012-08-26 09:00:00,239.9941107624012
2012-08-26 10:00:00,377.54241068804265
2012-08-26 11:00:00,464.7210965775286
2012-08-26 12:00:00,321.14318199444443
2012-08-26 13:00:00,289.19162883715603
2012-08-26 14:00:00,384.94569716707224
2012-08-26 15:00:00,185.17534757519752
2012-08-26 16:00:00,180.65474829791202
2012-08-26 17:00:00,341.3741320592737
2012-08-26 18:00:00,244.5541460982919
2012-08-26 19:00:00,221.27454256618563
2012-08-26 20:00:00,206.5708028110388
2012-08-26 21:00:00,168.1262884655689
2012-08-26 22:00:00,130.78365949441292
2012-08-26 23:00:00,95.89008580370441
2012-08-27 00:00:00,40.88729559007503
2012-08-27 01:00:00,14.99340483231849
2012-08-27 02:00:00,8.139419230324688
2012-08-27 03:00:00,5.658519663820341
2012-08-27 04:00:00,7.290729948943921
2012-08-27 05:00:00,35.56932134505742
2012-08-27 06:00:00,146.93182910968986
2012-08-27 07:00:00,362.3053499523508
2012-08-27 08:00:00,546.0342038359056
2012-08-27 09:00:00,311.70398061131255
2012-08-27 10:00:00,190.55633228752393
2012-08-27 11:00:00,217.14154730216023
2012-08-27 12:00:00,275.3831976896663
2012-08-27 13:00:00,279.32420047282034
2012-08-27 14:00:00,241.55611438234342
2012-08-27 15:00:00,275.7941807626912
2012-08-27 16:00:00,419.16691081263673
2012-08-27 17:00:00,798.3286360537384
2012-08-27 18:00:00,794.3953991580643
2012-08-27 19:00:00,537.2714881282868
2012-08-27 20:00:00,394.1031755339091
2012-08-27 21:00:00,292.48273923929617
2012-08-27 22:00:00,183.64613503730556
2012-08-27 23:00:00,107.81176541747875
2012-08-28 00:00:00,43.63863973044385
2012-08-28 01:00:00,16.13612470569027
2012-08-28 02:00:00,8.837001815392139
2012-08-28 03:00:00,5.680594831409053
2012-08-28 04:00:00,7.780234458373798
2012-08-28 05:00:00,36.9953620692185
2012-08-28 06:00:00,139.72012817673408
2012-08-28 07:00:00,382.2072611749528
2012-08-28 08:00:00,569.8464574680953
2012-08-28 09:00:00,334.9067597905748
2012-08-28 10:00:00,198.62610994316492
2012-08-28 11:00:00,223.4694235921844
2012-08-28 12:00:00,283.4896106023727
2012-08-28 13:00:00,277.77337261119135
2012-08-28 14:00:00,241.89748877065134
2012-08-28 15:00:00,282.42475472958057
2012-08-28 16:00:00,431.74636444741986
2012-08-28 17:00:00,797.5280269329589
2012-08-28 18:00:00,806.2610551720795
2012-08-28 19:00:00,595.8835692982794
2012-08-28 20:00:00,428.67161729000486
2012-08-28 21:00:00,321.8395077137672
2012-08-28 22:00:00,225.04939600088844
2012-08-28 23:00:00,131.8198754363625
2012-08-29 00:00:00,50.469947166398
2012-08-29 01:00:00,19.932338272590815
2012-08-29 02:00:00,9.130716844486027
2012-08-29 03:00:00,6.064011724294913
2012-08-29 04:00:00,7.168987983681593
2012-08-29 05:00:00,40.21539782666045
2012-08-29 06:00:00,168.28532576121273
2012-08-29 07:00:00,452.3921995737201
2012-08-29 08:00:00,707.5561057986214
2012-08-29 09:00:00,368.56634047391066
2012-08-29 10:00:00,215.5269745404211
2012-08-29 11:00:00,247.7268175728374
2012-08-29 12:00:00,305.18279436084043
2012-08-29 13:00:00,299.2168435117101
2012-08-29 14:00:00,262.75555106311043
2012-08-29 15:00:00,299.5810694060804
2012-08-29 16:00:00,459.84824188005655
2012-08-29 17:00:00,830.1168009106223
2012-08-29 18:00:00,826.380225776828
2012-08-29 19:00:00,594.8723037543077
2012-08-29 20:00:00,426.8046741534623
2012-08-29 21:00:00,321.97997015033434
2012-08-29 22:00:00,235.4947978820142
2012-08-29 23:00:00,145.68954429031163
2012-08-30 00:00:00,55.04163090682793
2012-08-30 01:00:00,21.21367144087188
2012-08-30 02:00:00,10.431799906842485
2012-08-30 03:00:00,6.635178235227651
2012-08-30 04:00:00,7.782335569800516
2012-08-30 05:00:00,40.543776280855084
2012-08-30 06:00:00,169.57094709338364
2012-08-30 07:00:00,449.0849030797923
2012-08-30 08:00:00,665.2337175444982
2012-08-30 09:00:00,368.3100827052658
2012-08-30 10:00:00,216.19684893068484
2012-08-30 11:00:00,244.4561334694699
2012-08-30 12:00:00,303.3856275681922
2012-08-30 13:00:00,297.0260514733694
2012-08-30 14:00:00,263.7042538897752
2012-08-30 15:00:00,284.9583183894217
2012-08-30 16:00:00,431.5164248433839
2012-08-30 17:00:00,802.8417299251237
2012-08-30 18:00:00,807.3512646391509
2012-08-30 19:00:00,597.5997948639047
2012-08-30 20:00:00,424.44315804450866
2012-08-30 21:00:00,316.06297680670275
2012-08-30 22:00:00,227.37438166651447
2012-08-30 23:00:00,145.36867291826042
2012-08-31 00:00:00,85.61507607030916
2012-08-31 01:00:00,38.41347848454665
2012-08-31 02:00:00,17.108955100433352
2012-08-31 03:00:00,8.158808380390177
2012-08-31 04:00:00,7.636269602422297
2012-08-31 05:00:00,35.63315553099413
2012-08-31 06:00:00,129.19785275173263
2012-08-31 07:00:00,302.2008112136088
2012-08-31 08:00:00,600.3737360640671
2012-08-31 09:00:00,379.3023735827636
2012-08-31 10:00:00,234.60645660462802
2012-08-31 11:00:00,276.15596232177813
2012-08-31 12:00:00,353.768229854553
2012-08-31 13:00:00,348.0378569002057
2012-08-31 14:00:00,322.1368183562932
2012-08-31 15:00:00,328.48788340109047
2012-08-31 16:00:00,467.4564482874787
2012-08-31 17:00:00,729.8360654032213
2012-08-31 18:00:00,642.3806936521025
2012-08-31 19:00:00,492.57553398358897
2012-08-31 20:00:00,355.15011981682113
2012-08-31 21:00:00,294.7979591218897
2012-08-31 22:00:00,256.03948127836816
2012-08-31 23:00:00,208.843824626032
2012-09-20 00:00:00,53.58710894007957
2012-09-20 01:00:00,20.83974111981794
2012-09-20 02:00:00,10.863175939245206
2012-09-20 03:00:00,6.722342284562258
2012-09-20 04:00:00,7.944285744465528
2012-09-20 05:00:00,39.96097917070868
2012-09-20 06:00:00,159.72041701041044
2012-09-20 07:00:00,431.4834192287864
2012-09-20 08:00:00,737.4903459567095
2012-09-20 09:00:00,387.3708481044304
2012-09-20 10:00:00,216.79044771457953
2012-09-20 11:00:00,251.76437165597628
2012-09-20 12:00:00,318.48422855726034
2012-09-20 13:00:00,310.9226240410485
2012-09-20 14:00:00,271.3521938404166
2012-09-20 15:00:00,310.34373803810644
2012-09-20 16:00:00,462.2202384243535
2012-09-20 17:00:00,822.495537650065
2012-09-20 18:00:00,811.3096732316603
2012-09-20 19:00:00,549.8066047912018
2012-09-20 20:00:00,399.0153665196977
2012-09-20 21:00:00,300.8901523963088
2012-09-20 22:00:00,215.38431830397954
2012-09-20 23:00:00,137.20629486034696
2012-09-21 00:00:00,81.72836979239104
2012-09-21 01:00:00,38.362749967344996
2012-09-21 02:00:00,19.536300859529046
2012-09-21 03:00:00,9.25679901675913
2012-09-21 04:00:00,8.92377000773617
2012-09-21 05:00:00,38.851072955187306
2012-09-21 06:00:00,160.42123265688633
2012-09-21 07:00:00,410.9702439814855
2012-09-21 08:00:00,720.4657071181686
2012-09-21 09:00:00,420.87145519330016
2012-09-21 10:00:00,251.69841808923232
2012-09-21 11:00:00,301.90272802605966
2012-09-21 12:00:00,377.1483638664668
2012-09-21 13:00:00,381.4673285514873
2012-09-21 14:00:00,349.56128633641924
2012-09-21 15:00:00,384.33700892884167
2012-09-21 16:00:00,544.5120296250113
2012-09-21 17:00:00,787.9617584095579
2012-09-21 18:00:00,666.0497987592098
2012-09-21 19:00:00,477.60045129111745
2012-09-21 20:00:00,337.35607400569756
2012-09-21 21:00:00,265.568761164164
2012-09-21 22:00:00,227.54770907977536
2012-09-21 23:00:00,181.14439985788948
2012-09-22 00:00:00,147.5324923314193
2012-09-22 01:00:00,101.88159929861105
2012-09-22 02:00:00,74.6847575665519
2012-09-22 03:00:00,34.38211655997122
2012-09-22 04:00:00,11.383322052539187
2012-09-22 05:00:00,12.757946765861558
2012-09-22 06:00:00,29.285917077598985
2012-09-22 07:00:00,76.53031612213061
2012-09-22 08:00:00,196.93854823095648
2012-09-22 09:00:00,298.7993801955662
2012-09-22 10:00:00,423.2040398245284
2012-09-22 11:00:00,525.3138303314163
2012-09-22 12:00:00,591.5181048608972
2012-09-22 13:00:00,596.0800371738952
2012-09-22 14:00:00,589.1493054793683
2012-09-22 15:00:00,587.4093201464907
2012-09-22 16:00:00,585.9312301516804
2012-09-22 17:00:00,580.907662808282
2012-09-22 18:00:00,507.9220553320587
2012-09-22 19:00:00,430.6776844908207
2012-09-22 20:00:00,340.4500152431024
2012-09-22 21:00:00,280.3862899953239
2012-09-22 22:00:00,237.611233830288
2012-09-22 23:00:00,179.40014889794023
2012-09-23 00:00:00,154.21820481185932
2012-09-23 01:00:00,108.14962576057687
2012-09-23 02:00:00,83.76625177535168
2012-09-23 03:00:00,37.99387337307501
2012-09-23 04:00:00,11.967491104665916
2012-09-23 05:00:00,11.727166876258561
2012-09-23 06:00:00,21.05765719202062
2012-09-23 07:00:00,57.317493923569465
2012-09-23 08:00:00,125.38330837944943
2012-09-23 09:00:00,249.61006649489863
2012-09-23 10:00:00,405.7628530515842
2012-09-23 11:00:00,483.5563476896932
2012-09-23 12:00:00,566.6552809290736
2012-09-23 13:00:00,609.0243909370239
2012-09-23 14:00:00,601.5192962559059
2012-09-23 15:00:00,593.6302837737621
2012-09-23 16:00:00,584.9956696767233
2012-09-23 17:00:00,510.81237145242676
2012-09-23 18:00:00,424.5058437190126
2012-09-23 19:00:00,343.75448376083
2012-09-23 20:00:00,266.73736711652225
2012-09-23 21:00:00,176.91156549902246
2012-09-23 22:00:00,146.06407856354576
2012-09-23 23:00:00,92.14308284522757
2012-09-24 00:00:00,39.69608406111861
2012-09-24 01:00:00,16.15090611953475
2012-09-24 02:00:00,7.469002355837125
2012-09-24 03:00:00,5.174818851679822
2012-09-24 04:00:00,6.914514527100788
2012-09-24 05:00:00,37.46802012614576
2012-09-24 06:00:00,156.57529395240903
2012-09-24 07:00:00,431.3310858855528
2012-09-24 08:00:00,710.8105978176576
2012-09-24 09:00:00,373.1639573920312
2012-09-24 10:00:00,198.5559653390419
2012-09-24 11:00:00,234.11116505567185
2012-09-24 12:00:00,308.6690370335541
2012-09-24 13:00:00,308.0247687766973
2012-09-24 14:00:00,265.0369577296319
2012-09-24 15:00:00,310.6797756970979
2012-09-24 16:00:00,441.0591353734716
2012-09-24 17:00:00,786.0237900046201
2012-09-24 18:00:00,768.2644685134705
2012-09-24 19:00:00,548.1003019865699
2012-09-24 20:00:00,382.1798820801538
2012-09-24 21:00:00,282.1203977363547
2012-09-24 22:00:00,182.5287998972156
2012-09-24 23:00:00,100.40450809526172
2012-09-25 00:00:00,41.42276885096021
2012-09-25 01:00:00,15.563384625878014
2012-09-25 02:00:00,8.498005083204518
2012-09-25 03:00:00,4.829144569202364
2012-09-25 04:00:00,6.785916368743008
2012-09-25 05:00:00,37.44032038257416
2012-09-25 06:00:00,155.4863370437444
2012-09-25 07:00:00,441.20763396522625
2012-09-25 08:00:00,715.4488628083965
2012-09-25 09:00:00,375.2123021895702
2012-09-25 10:00:00,204.63976254385219
2012-09-25 11:00:00,240.54056511144643
2012-09-25 12:00:00,312.39056577934156
2012-09-25 13:00:00,306.55021427731265
2012-09-25 14:00:00,265.43472921779016
2012-09-25 15:00:00,311.00189596290835
2012-09-25 16:00:00,464.8756596432623
2012-09-25 17:00:00,838.1897258170932
2012-09-25 18:00:00,831.5130695015212
2012-09-25 19:00:00,595.6588168665227
2012-09-25 20:00:00,410.68766628128947
2012-09-25 21:00:00,307.3914765550296
2012-09-25 22:00:00,217.0185626932824
2012-09-25 23:00:00,125.5055253643702
2012-09-26 00:00:00,48.391364976573065
2012-09-26 01:00:00,19.147022367779826
2012-09-26 02:00:00,8.246526881902629
2012-09-26 03:00:00,5.423640579745253
2012-09-26 04:00:00,7.008984834158808
2012-09-26 05:00:00,39.9101204593572
2012-09-26 06:00:00,166.54292025314655
2012-09-26 07:00:00,459.9392161689846
2012-09-26 08:00:00,698.9601853446126
2012-09-26 09:00:00,377.9548283198286
2012-09-26 10:00:00,206.2650377932042
2012-09-26 11:00:00,245.36478571612173
2012-09-26 12:00:00,312.2876109920011
2012-09-26 13:00:00,305.48426669382457
2012-09-26 14:00:00,262.8683346667208
2012-09-26 15:00:00,299.57403589969647
2012-09-26 16:00:00,453.77672465223407
2012-09-26 17:00:00,826.1407959571615
2012-09-26 18:00:00,826.6269694034007
2012-09-26 19:00:00,603.2324097784099
2012-09-26 20:00:00,417.65828585969615
2012-09-26 21:00:00,324.0778644826962
2012-09-26 22:00:00,174.74190041583995
2012-09-26 23:00:00,120.55750900024458
2012-09-27 00:00:00,55.41656237628973
2012-09-27 01:00:00,21.62926792066303
2012-09-27 02:00:00,10.987045844502761
2012-09-27 03:00:00,6.745667428661305
2012-09-27 04:00:00,7.6673364036766145
2012-09-27 05:00:00,39.59334292515769
2012-09-27 06:00:00,162.60506771450272
2012-09-27 07:00:00,447.1500311805877
2012-09-27 08:00:00,696.444251340354
2012-09-27 09:00:00,373.2953125032509
2012-09-27 10:00:00,212.67532138358627
2012-09-27 11:00:00,241.04651883397116
2012-09-27 12:00:00,302.7527796954186
2012-09-27 13:00:00,294.3774304082839
2012-09-27 14:00:00,258.9042396512844
2012-09-27 15:00:00,291.7810746591597
2012-09-27 16:00:00,436.0848220262159
2012-09-27 17:00:00,739.4899953747486
2012-09-27 18:00:00,731.1366892164046
2012-09-27 19:00:00,581.5590374431955
2012-09-27 20:00:00,396.2938609076448
2012-09-27 21:00:00,181.0976508604046
2012-09-27 22:00:00,147.6626626542743
2012-09-27 23:00:00,110.8786985250087
2012-09-28 00:00:00,54.98757777571755
2012-09-28 01:00:00,24.76502432026924
2012-09-28 02:00:00,11.478880709979467
2012-09-28 03:00:00,7.598507417817353
2012-09-28 04:00:00,5.352846834026292
2012-09-28 05:00:00,34.99281842444908
2012-09-28 06:00:00,133.85898808328477
2012-09-28 07:00:00,287.92676445688664
2012-09-28 08:00:00,562.0891052056907
2012-09-28 09:00:00,347.9435745090719
2012-09-28 10:00:00,227.64628735085293
2012-09-28 11:00:00,284.20805754648393
2012-09-28 12:00:00,372.17938891699606
2012-09-28 13:00:00,374.46415567197386
2012-09-28 14:00:00,346.1667579595497
2012-09-28 15:00:00,374.38414903052785
2012-09-28 16:00:00,534.4751699060092
2012-09-28 17:00:00,767.8313616066029
2012-09-28 18:00:00,651.5706206671346
2012-09-28 19:00:00,386.99776596779367
2012-09-28 20:00:00,281.1833241011837
2012-09-28 21:00:00,223.0683840843605
2012-09-28 22:00:00,226.40120294062302
2012-09-28 23:00:00,177.1312896435548
2012-09-29 00:00:00,152.11761336624144
2012-09-29 01:00:00,106.09262618487698
2012-09-29 02:00:00,74.18997000090499
2012-09-29 03:00:00,32.77104372139664
2012-09-29 04:00:00,11.733084000646029
2012-09-29 05:00:00,12.867806193108692
2012-09-29 06:00:00,30.0868396646148
2012-09-29 07:00:00,74.41940331905404
2012-09-29 08:00:00,192.73800140814018
2012-09-29 09:00:00,290.3109309182379
2012-09-29 10:00:00,411.6419304983976
2012-09-29 11:00:00,497.53695874964575
2012-09-29 12:00:00,621.1607703797863
2012-09-29 13:00:00,626.9882617405143
2012-09-29 14:00:00,630.1769766111324
2012-09-29 15:00:00,613.9464742779405
2012-09-29 16:00:00,611.5814617842657
2012-09-29 17:00:00,598.6800249293508
2012-09-29 18:00:00,466.50645554912694
2012-09-29 19:00:00,381.4071559746701
2012-09-29 20:00:00,296.6678011154505
2012-09-29 21:00:00,251.56022116244574
2012-09-29 22:00:00,208.7450504118765
2012-09-29 23:00:00,161.4161690691427
2012-09-30 00:00:00,141.5791653858397
2012-09-30 01:00:00,110.28141407155172
2012-09-30 02:00:00,83.41458397554126
2012-09-30 03:00:00,39.95606135013617
2012-09-30 04:00:00,12.50024438354646
2012-09-30 05:00:00,11.785856649054807
2012-09-30 06:00:00,22.035316574022765
2012-09-30 07:00:00,55.66676975424989
2012-09-30 08:00:00,124.31793224059939
2012-09-30 09:00:00,255.95247516322638
2012-09-30 10:00:00,404.94555799399785
2012-09-30 11:00:00,521.6679113645874
2012-09-30 12:00:00,596.5317446428585
2012-09-30 13:00:00,599.9358423307333
2012-09-30 14:00:00,590.7159837070382
2012-09-30 15:00:00,595.9821392233496
2012-09-30 16:00:00,588.5960659534057
2012-09-30 17:00:00,560.5400195142122
2012-09-30 18:00:00,391.94002608648617
2012-09-30 19:00:00,209.7723974619105
2012-09-30 20:00:00,163.35668743407348
2012-09-30 21:00:00,178.5854941206548
2012-09-30 22:00:00,130.70874323548068
2012-09-30 23:00:00,93.30892168696603
2012-10-20 00:00:00,144.1287958153535
2012-10-20 01:00:00,102.58854763741266
2012-10-20 02:00:00,76.3368659376658
2012-10-20 03:00:00,34.61225738336975
2012-10-20 04:00:00,11.385456543191435
2012-10-20 05:00:00,11.715809014255182
2012-10-20 06:00:00,29.855751237066716
2012-10-20 07:00:00,72.45125853700625
2012-10-20 08:00:00,193.380881389459
2012-10-20 09:00:00,292.768690791138
2012-10-20 10:00:00,412.29704307691065
2012-10-20 11:00:00,495.4019494663929
2012-10-20 12:00:00,578.9807792411249
2012-10-20 13:00:00,596.6575393502317
2012-10-20 14:00:00,586.416471887353
2012-10-20 15:00:00,579.6593580673511
2012-10-20 16:00:00,574.368517284114
2012-10-20 17:00:00,538.4375588108865
2012-10-20 18:00:00,458.52907619961564
2012-10-20 19:00:00,375.8923377716485
2012-10-20 20:00:00,297.10822341769347
2012-10-20 21:00:00,227.41035739406792
2012-10-20 22:00:00,184.04163891740717
2012-10-20 23:00:00,144.44427449713734
2012-10-21 00:00:00,126.75761485142428
2012-10-21 01:00:00,101.1276250538483
2012-10-21 02:00:00,79.96693112637226
2012-10-21 03:00:00,35.73240399479826
2012-10-21 04:00:00,11.609682903501184
2012-10-21 05:00:00,11.164724254356521
2012-10-21 06:00:00,19.755248266687836
2012-10-21 07:00:00,55.49634930478307
2012-10-21 08:00:00,117.47861651301136
2012-10-21 09:00:00,234.12086611405766
2012-10-21 10:00:00,377.3966942034997
2012-10-21 11:00:00,488.59456452539337
2012-10-21 12:00:00,571.3654639398457
2012-10-21 13:00:00,573.665237424146
2012-10-21 14:00:00,563.2773130890341
2012-10-21 15:00:00,560.8084534381744
2012-10-21 16:00:00,538.8840161502417
2012-10-21 17:00:00,491.4594714282903
2012-10-21 18:00:00,416.17478580621656
2012-10-21 19:00:00,326.471099921623
2012-10-21 20:00:00,242.24604054701445
2012-10-21 21:00:00,151.78978816599718
2012-10-21 22:00:00,119.98690867849405
2012-10-21 23:00:00,84.90835045614561
2012-10-22 00:00:00,34.60329696237041
2012-10-22 01:00:00,13.641687010519949
2012-10-22 02:00:00,6.877973388811677
2012-10-22 03:00:00,4.749320359564174
2012-10-22 04:00:00,6.552436165224993
2012-10-22 05:00:00,33.66896009122933
2012-10-22 06:00:00,145.8243290436352
2012-10-22 07:00:00,414.85135546330844
2012-10-22 08:00:00,703.4464096403508
2012-10-22 09:00:00,353.4324046916673
2012-10-22 10:00:00,198.31350227660465
2012-10-22 11:00:00,234.2633565761434
2012-10-22 12:00:00,312.0963473326995
2012-10-22 13:00:00,311.45871507183693
2012-10-22 14:00:00,264.6902488030737
2012-10-22 15:00:00,311.58288233380426
2012-10-22 16:00:00,465.94504526006904
2012-10-22 17:00:00,845.3299033369499
2012-10-22 18:00:00,744.5348028636809
2012-10-22 19:00:00,535.3662385190645
2012-10-22 20:00:00,361.2603402036667
2012-10-22 21:00:00,267.6107463844156
2012-10-22 22:00:00,166.437972855166
2012-10-22 23:00:00,99.72948894738572
2012-10-23 00:00:00,40.46328459535503
2012-10-23 01:00:00,16.696160503462938
2012-10-23 02:00:00,7.680956513474619
2012-10-23 03:00:00,5.713045773213848
2012-10-23 04:00:00,7.510362074825474
2012-10-23 05:00:00,37.59285590486117
2012-10-23 06:00:00,154.78882649571355
2012-10-23 07:00:00,421.58767621548014
2012-10-23 08:00:00,690.3132104880176
2012-10-23 09:00:00,350.27525836413236
2012-10-23 10:00:00,206.13133973243774
2012-10-23 11:00:00,240.874842555208
2012-10-23 12:00:00,309.34810441141616
2012-10-23 13:00:00,302.04275912356695
2012-10-23 14:00:00,268.8063308852387
2012-10-23 15:00:00,309.0511038564715
2012-10-23 16:00:00,469.87164138330894
2012-10-23 17:00:00,843.2568757557224
2012-10-23 18:00:00,825.1542243428121
2012-10-23 19:00:00,593.6328147807852
2012-10-23 20:00:00,396.1345006831424
2012-10-23 21:00:00,286.7058284529869
2012-10-23 22:00:00,203.04351428192962
2012-10-23 23:00:00,118.36473365379928
2012-10-24 00:00:00,48.855008568139596
2012-10-24 01:00:00,18.595266813911998
2012-10-24 02:00:00,8.757194238117473
2012-10-24 03:00:00,6.126477855193851
2012-10-24 04:00:00,7.625698645689912
2012-10-24 05:00:00,39.552955565049814
2012-10-24 06:00:00,167.6308945344785
2012-10-24 07:00:00,390.6424516470437
2012-10-24 08:00:00,585.8917833660269
2012-10-24 09:00:00,354.666138768225
2012-10-24 10:00:00,196.3274258223378
2012-10-24 11:00:00,242.5177944779449
2012-10-24 12:00:00,313.4337148571793
2012-10-24 13:00:00,308.9088241622811
2012-10-24 14:00:00,275.1268449248446
2012-10-24 15:00:00,314.40308212820196
2012-10-24 16:00:00,473.5514111403371
2012-10-24 17:00:00,841.0825763257754
2012-10-24 18:00:00,838.1446502255837
2012-10-24 19:00:00,584.7524714953807
2012-10-24 20:00:00,407.7518580736303
2012-10-24 21:00:00,308.5027722828389
2012-10-24 22:00:00,226.76846633570116
2012-10-24 23:00:00,125.33815719452811
2012-10-25 00:00:00,52.935051276409844
2012-10-25 01:00:00,21.727167326758124
2012-10-25 02:00:00,10.63219356075061
2012-10-25 03:00:00,5.576409665572948
2012-10-25 04:00:00,6.620651616127201
2012-10-25 05:00:00,34.659242994683154
2012-10-25 06:00:00,144.87681450002793
2012-10-25 07:00:00,378.2041556555189
2012-10-25 08:00:00,589.2854093292528
2012-10-25 09:00:00,321.41096420620016
2012-10-25 10:00:00,181.06151659002307
2012-10-25 11:00:00,191.16329846362984
2012-10-25 12:00:00,265.66127899545904
2012-10-25 13:00:00,251.79804190931407
2012-10-25 14:00:00,258.51029005156926
2012-10-25 15:00:00,307.7999291372814
2012-10-25 16:00:00,434.12004785218585
2012-10-25 17:00:00,763.227745899437
2012-10-25 18:00:00,540.9118615319259
2012-10-25 19:00:00,429.31318339756183
2012-10-25 20:00:00,279.19634998404985
2012-10-25 21:00:00,206.75247994678966
2012-10-25 22:00:00,179.2709843551253
2012-10-25 23:00:00,120.66290155647081
2012-10-26 00:00:00,73.86887079730647
2012-10-26 01:00:00,30.53551026659828
2012-10-26 02:00:00,13.410504633892359
2012-10-26 03:00:00,6.5158150756539115
2012-10-26 04:00:00,6.639091238181658
2012-10-26 05:00:00,32.01882334242426
2012-10-26 06:00:00,133.83557046642323
2012-10-26 07:00:00,317.5731387808488
2012-10-26 08:00:00,545.4553849988283
2012-10-26 09:00:00,320.2856631312459
2012-10-26 10:00:00,178.1849638792147
2012-10-26 11:00:00,256.84574041947116
2012-10-26 12:00:00,339.30900068044565
2012-10-26 13:00:00,351.35703660486655
2012-10-26 14:00:00,335.9694057215062
2012-10-26 15:00:00,372.0916653351711
2012-10-26 16:00:00,460.0213153344863
2012-10-26 17:00:00,594.5562797094873
2012-10-26 18:00:00,485.93103684238827
2012-10-26 19:00:00,344.52751000842466
2012-10-26 20:00:00,241.91652827310298
2012-10-26 21:00:00,235.8693917533134
2012-10-26 22:00:00,179.78126396876615
2012-10-26 23:00:00,170.21063447985094
2012-10-27 00:00:00,147.52511827665847
2012-10-27 01:00:00,93.24423319112574
2012-10-27 02:00:00,68.02914970111277
2012-10-27 03:00:00,35.227489234516725
2012-10-27 04:00:00,10.01573981303633
2012-10-27 05:00:00,10.697964287134289
2012-10-27 06:00:00,25.876310614161895
2012-10-27 07:00:00,74.30947386201312
2012-10-27 08:00:00,181.11354062095276
2012-10-27 09:00:00,279.69345701935185
2012-10-27 10:00:00,389.1304990014514
2012-10-27 11:00:00,493.0496614801535
2012-10-27 12:00:00,599.7155151594245
2012-10-27 13:00:00,627.323393231582
2012-10-27 14:00:00,612.9078629844583
2012-10-27 15:00:00,522.5538261192514
2012-10-27 16:00:00,520.1499667187461
2012-10-27 17:00:00,500.3982059437499
2012-10-27 18:00:00,434.1911363152501
2012-10-27 19:00:00,345.61632999059793
2012-10-27 20:00:00,270.1665624535379
2012-10-27 21:00:00,228.33198332834843
2012-10-27 22:00:00,183.5926440813974
2012-10-27 23:00:00,135.76303262763713
2012-10-28 00:00:00,93.58455860893079
2012-10-28 01:00:00,96.5776927726839
2012-10-28 02:00:00,73.42266756556373
2012-10-28 03:00:00,35.842418024637595
2012-10-28 04:00:00,11.633570654282252
2012-10-28 05:00:00,10.92732133221947
2012-10-28 06:00:00,19.829604268310078
2012-10-28 07:00:00,50.177690042434875
2012-10-28 08:00:00,112.11607552794612
2012-10-28 09:00:00,232.38740266387475
2012-10-28 10:00:00,325.4864405957422
2012-10-28 11:00:00,405.5136660404395
2012-10-28 12:00:00,440.585268340065
2012-10-28 13:00:00,448.650489865287
2012-10-28 14:00:00,455.6996953107762
2012-10-28 15:00:00,444.3549717357962
2012-10-28 16:00:00,279.40326277170414
2012-10-28 17:00:00,184.70305135175013
2012-10-28 18:00:00,119.40926990191288
2012-10-28 19:00:00,119.09827215029122
2012-10-28 20:00:00,85.28101728576945
2012-10-28 21:00:00,81.4031089329307
2012-10-28 22:00:00,69.18111055945198
2012-10-28 23:00:00,50.39342936451839
2012-10-29 00:00:00,23.373801671609762
2012-10-30 13:00:00,88.42138594164197
2012-10-30 14:00:00,86.54491236006193
2012-10-30 15:00:00,82.54800747603818
2012-10-30 16:00:00,126.73915090117846
2012-10-30 17:00:00,275.56815835860505
2012-10-30 18:00:00,306.00221934007493
2012-10-30 19:00:00,473.45823547475766
2012-10-30 20:00:00,228.64377558737678
2012-10-30 21:00:00,158.50683058935175
2012-10-30 22:00:00,143.25511142277833
2012-10-30 23:00:00,89.83191387019379
2012-10-31 00:00:00,34.35935204776895
2012-10-31 01:00:00,14.333627566075588
2012-10-31 02:00:00,6.78557717725427
2012-10-31 03:00:00,4.585465850391451
2012-10-31 04:00:00,5.342450951905471
2012-10-31 05:00:00,33.39345352740679
2012-10-31 06:00:00,140.85790426674617
2012-10-31 07:00:00,384.03548471266174
2012-10-31 08:00:00,673.4790133380315
2012-10-31 09:00:00,341.0042875876492
2012-10-31 10:00:00,169.34601649500533
2012-10-31 11:00:00,192.2911633632457
2012-10-31 12:00:00,253.51580941283333
2012-10-31 13:00:00,249.09092896825365
2012-10-31 14:00:00,215.797097494207
2012-10-31 15:00:00,249.9494040486677
2012-10-31 16:00:00,347.21840736977913
2012-10-31 17:00:00,662.5230189774846
2012-10-31 18:00:00,652.1555886160255
2012-10-31 19:00:00,434.7790377590742
2012-10-31 20:00:00,311.5595938569593
2012-10-31 21:00:00,225.71477144671223
2012-10-31 22:00:00,163.27557353593988
2012-10-31 23:00:00,105.06210398056793
2012-11-20 00:00:00,31.05795820824372
2012-11-20 01:00:00,13.744677452193812
2012-11-20 02:00:00,6.155906298730617
2012-11-20 03:00:00,4.4538304668053055
2012-11-20 04:00:00,6.5399933901229
2012-11-20 05:00:00,32.28969513783006
2012-11-20 06:00:00,138.47888295963764
2012-11-20 07:00:00,410.87603274295213
2012-11-20 08:00:00,681.4217539134291
2012-11-20 09:00:00,321.1530010702435
2012-11-20 10:00:00,165.34917814418588
2012-11-20 11:00:00,189.0693740027396
2012-11-20 12:00:00,226.5279176376631
2012-11-20 13:00:00,228.9909115488639
2012-11-20 14:00:00,210.4480665564161
2012-11-20 15:00:00,248.50566765021523
2012-11-20 16:00:00,337.348772223064
2012-11-20 17:00:00,612.9314858517637
2012-11-20 18:00:00,616.6707961486977
2012-11-20 19:00:00,405.28972890328976
2012-11-20 20:00:00,274.14749511083517
2012-11-20 21:00:00,209.80404075660493
2012-11-20 22:00:00,152.31620117102608
2012-11-20 23:00:00,89.95849091763483
2012-11-21 00:00:00,35.25705087639798
2012-11-21 01:00:00,14.827774953980878
2012-11-21 02:00:00,6.652588612052731
2012-11-21 03:00:00,4.549567650889383
2012-11-21 04:00:00,5.667994931411138
2012-11-21 05:00:00,31.43989096203299
2012-11-21 06:00:00,134.8023734737519
2012-11-21 07:00:00,378.1323246488659
2012-11-21 08:00:00,634.2367966325734
2012-11-21 09:00:00,332.08175981664135
2012-11-21 10:00:00,176.0410581372691
2012-11-21 11:00:00,204.1988895861026
2012-11-21 12:00:00,251.72405239725205
2012-11-21 13:00:00,243.86953373016578
2012-11-21 14:00:00,238.80287406914374
2012-11-21 15:00:00,264.8408521569479
2012-11-21 16:00:00,359.4134156158656
2012-11-21 17:00:00,652.4822005662784
2012-11-21 18:00:00,652.3813192848452
2012-11-21 19:00:00,411.39063473925626
2012-11-21 20:00:00,289.51673787309085
2012-11-21 21:00:00,211.059026643346
2012-11-21 22:00:00,152.36911787673068
2012-11-21 23:00:00,96.094441535444
2012-11-22 00:00:00,81.0825910335627
2012-11-22 01:00:00,46.741499572287154
2012-11-22 02:00:00,32.25833181822064
2012-11-22 03:00:00,15.504057238459454
2012-11-22 04:00:00,8.696750474688375
2012-11-22 05:00:00,11.351495906684846
2012-11-22 06:00:00,36.2847355508136
2012-11-22 07:00:00,79.98598692833323
2012-11-22 08:00:00,208.95331931650634
2012-11-22 09:00:00,283.46333984216466
2012-11-22 10:00:00,313.67809022746957
2012-11-22 11:00:00,390.4058434157357
2012-11-22 12:00:00,415.94656359745255
2012-11-22 13:00:00,420.6117435286416
2012-11-22 14:00:00,417.10918423372993
2012-11-22 15:00:00,413.6813812850041
2012-11-22 16:00:00,433.78339357277605
2012-11-22 17:00:00,443.7529399667678
2012-11-22 18:00:00,351.16392982254865
2012-11-22 19:00:00,288.12610101333
2012-11-22 20:00:00,221.44442160721223
2012-11-22 21:00:00,183.4392376681784
2012-11-22 22:00:00,148.99862330373688
2012-11-22 23:00:00,106.28303976009104
2012-11-23 00:00:00,55.98844141537624
2012-11-23 01:00:00,27.65466431108247
2012-11-23 02:00:00,12.101951486194828
2012-11-23 03:00:00,5.313419576539969
2012-11-23 04:00:00,5.950284613111619
2012-11-23 05:00:00,26.781468567243422
2012-11-23 06:00:00,117.69723462281578
2012-11-23 07:00:00,326.48707266738603
2012-11-23 08:00:00,621.4390695850761
2012-11-23 09:00:00,354.77611579802726
2012-11-23 10:00:00,196.84124492948433
2012-11-23 11:00:00,236.4777777544166
2012-11-23 12:00:00,307.73669188436656
2012-11-23 13:00:00,327.3281553427866
2012-11-23 14:00:00,328.37545702739544
2012-11-23 15:00:00,338.62830390246745
2012-11-23 16:00:00,423.0986341964288
2012-11-23 17:00:00,652.9754022542968
2012-11-23 18:00:00,524.8625901435212
2012-11-23 19:00:00,390.46096610030685
2012-11-23 20:00:00,289.6390350436608
2012-11-23 21:00:00,229.80160480445488
2012-11-23 22:00:00,180.06153845875963
2012-11-23 23:00:00,144.67215297974263
2012-11-24 00:00:00,117.37266937436243
2012-11-24 01:00:00,80.02317557484044
2012-11-24 02:00:00,59.5313903717094
2012-11-24 03:00:00,27.262650704166404
2012-11-24 04:00:00,9.283629758892099
2012-11-24 05:00:00,9.26610776607896
2012-11-24 06:00:00,21.977073126297483
2012-11-24 07:00:00,51.785428585944366
2012-11-24 08:00:00,137.11832505227554
2012-11-24 09:00:00,199.58697625231167
2012-11-24 10:00:00,271.7882372149147
2012-11-24 11:00:00,335.5717529202954
2012-11-24 12:00:00,353.62968462630494
2012-11-24 13:00:00,420.58695728313387
2012-11-24 14:00:00,401.1283196539147
2012-11-24 15:00:00,383.80937692762376
2012-11-24 16:00:00,367.8929961261422
2012-11-24 17:00:00,310.2839837348017
2012-11-24 18:00:00,257.9948083359194
2012-11-24 19:00:00,225.0301699119235
2012-11-24 20:00:00,165.3699847419208
2012-11-24 21:00:00,143.69609710773426
2012-11-24 22:00:00,122.36223712903649
2012-11-24 23:00:00,97.27355081915664
2012-11-25 00:00:00,83.59288041458485
2012-11-25 01:00:00,77.42684451380087
2012-11-25 02:00:00,58.533393411332554
2012-11-25 03:00:00,28.961333888023688
2012-11-25 04:00:00,10.039577431635017
2012-11-25 05:00:00,8.662307968029225
2012-11-25 06:00:00,15.45610549146563
2012-11-25 07:00:00,40.7376992320664
2012-11-25 08:00:00,86.48194773262553
2012-11-25 09:00:00,155.10497362668178
2012-11-25 10:00:00,253.45531056072113
2012-11-25 11:00:00,292.322021029878
2012-11-25 12:00:00,348.97405164903296
2012-11-25 13:00:00,352.65603182560824
2012-11-25 14:00:00,362.5299174951282
2012-11-25 15:00:00,376.2735350291303
2012-11-25 16:00:00,351.17441979371074
2012-11-25 17:00:00,287.4921862155036
2012-11-25 18:00:00,228.5800324721753
2012-11-25 19:00:00,189.0325100357602
2012-11-25 20:00:00,138.8749020923483
2012-11-25 21:00:00,108.137482585554
2012-11-25 22:00:00,82.53184704548536
2012-11-25 23:00:00,53.40486317915942
2012-11-26 00:00:00,26.57930609439525
2012-11-26 01:00:00,10.32929257506359
2012-11-26 02:00:00,5.725808554080881
2012-11-26 03:00:00,3.798916779256616
2012-11-26 04:00:00,5.4458326873399585
2012-11-26 05:00:00,31.182786517441986
2012-11-26 06:00:00,125.92922547722013
2012-11-26 07:00:00,384.60829827007433
2012-11-26 08:00:00,656.3719682280714
2012-11-26 09:00:00,316.5777420643243
2012-11-26 10:00:00,163.9415896181534
2012-11-26 11:00:00,194.92784271821256
2012-11-26 12:00:00,246.89476578928654
2012-11-26 13:00:00,241.03121246116973
2012-11-26 14:00:00,220.29454884490997
2012-11-26 15:00:00,240.3977479725072
2012-11-26 16:00:00,359.1360876225684
2012-11-26 17:00:00,664.5941773394111
2012-11-26 18:00:00,606.1073056116676
2012-11-26 19:00:00,401.50623928538596
2012-11-26 20:00:00,284.55572787771575
2012-11-26 21:00:00,204.3864292079695
2012-11-26 22:00:00,136.73632238553523
2012-11-26 23:00:00,81.89563809862418
2012-11-27 00:00:00,29.18840991440869
2012-11-27 01:00:00,13.498751504488308
2012-11-27 02:00:00,6.1214835982516975
2012-11-27 03:00:00,3.7162112398498204
2012-11-27 04:00:00,5.332064982903466
2012-11-27 05:00:00,30.381584107616874
2012-11-27 06:00:00,131.10016129217274
2012-11-27 07:00:00,176.2958636361401
2012-11-27 08:00:00,323.41434633275884
2012-11-27 09:00:00,293.3903023900351
2012-11-27 10:00:00,86.83604187760362
2012-11-27 11:00:00,78.18401412312974
2012-11-27 12:00:00,68.57412507155597
2012-11-27 13:00:00,83.96669147401265
2012-11-27 14:00:00,70.93440414592028
2012-11-27 15:00:00,178.2975371077869
2012-11-27 16:00:00,253.00584288299098
2012-11-27 17:00:00,495.9062063043388
2012-11-27 18:00:00,430.77765555267274
2012-11-27 19:00:00,308.9328544471582
2012-11-27 20:00:00,219.73524018103532
2012-11-27 21:00:00,149.176774996497
2012-11-27 22:00:00,132.07991709895708
2012-11-27 23:00:00,82.14208425668014
2012-11-28 00:00:00,31.83707743047369
2012-11-28 01:00:00,14.147457803448063
2012-11-28 02:00:00,7.3351629304429045
2012-11-28 03:00:00,4.23899533476972
2012-11-28 04:00:00,5.292780202926073
2012-11-28 05:00:00,31.16999684131131
2012-11-28 06:00:00,126.82966347606583
2012-11-28 07:00:00,378.88715103874205
2012-11-28 08:00:00,662.2019851808261
2012-11-28 09:00:00,323.5178278122004
2012-11-28 10:00:00,162.8809442715296
2012-11-28 11:00:00,188.15121294649933
2012-11-28 12:00:00,219.75552964862703
2012-11-28 13:00:00,228.30412018609653
2012-11-28 14:00:00,209.2986692053691
2012-11-28 15:00:00,229.1512687690357
2012-11-28 16:00:00,320.58829722434996
2012-11-28 17:00:00,613.1495999677065
2012-11-28 18:00:00,566.9026907975058
2012-11-28 19:00:00,384.4287147997557
2012-11-28 20:00:00,283.35644398893453
2012-11-28 21:00:00,193.4906954485691
2012-11-28 22:00:00,142.62171008215887
2012-11-28 23:00:00,88.66350746608342
2012-11-29 00:00:00,34.34714243357013
2012-11-29 01:00:00,14.849958290542972
2012-11-29 02:00:00,7.987249077143813
2012-11-29 04:00:00,5.737493756910198
2012-11-29 05:00:00,30.702267141673023
2012-11-29 06:00:00,127.31900890263479
2012-11-29 07:00:00,382.7045238481717
2012-11-29 08:00:00,663.990380017075
2012-11-29 09:00:00,313.87335771937296
2012-11-29 10:00:00,162.40269603928814
2012-11-29 11:00:00,198.7419232792748
2012-11-29 12:00:00,236.54087505272406
2012-11-29 13:00:00,238.14247062807192
2012-11-29 14:00:00,212.68307851130965
2012-11-29 15:00:00,228.93451169436196
2012-11-29 16:00:00,325.04984619013123
2012-11-29 17:00:00,612.3662788884379
2012-11-29 18:00:00,583.0946867184248
2012-11-29 19:00:00,367.14347467100976
2012-11-29 20:00:00,266.70013136286804
2012-11-29 21:00:00,184.0303335449934
2012-11-29 22:00:00,138.70584801680315
2012-11-29 23:00:00,97.27390232023365
2012-11-30 00:00:00,55.25109027910527
2012-11-30 01:00:00,25.127200628468234
2012-11-30 02:00:00,11.597739656567667
2012-11-30 03:00:00,5.505329584347023
2012-11-30 04:00:00,5.9351951213823515
2012-11-30 05:00:00,26.802305763807713
2012-11-30 06:00:00,108.13684252017583
2012-11-30 07:00:00,331.19192170896093
2012-11-30 08:00:00,619.5849915633332
2012-11-30 09:00:00,343.82140845350943
2012-11-30 10:00:00,184.2714565395721
2012-11-30 11:00:00,217.11789952537384
2012-11-30 12:00:00,280.528565898848
2012-11-30 13:00:00,286.79710424967
2012-11-30 14:00:00,263.86752922710446
2012-11-30 15:00:00,290.3558130245582
2012-11-30 16:00:00,400.02093971053614
2012-11-30 17:00:00,593.3152699194866
2012-11-30 18:00:00,462.0898206848492
2012-11-30 19:00:00,342.6958290839304
2012-11-30 20:00:00,234.55142852700845
2012-11-30 21:00:00,173.41186555786487
2012-11-30 22:00:00,166.24528946962528
2012-11-30 23:00:00,119.65009920047464
2012-12-20 00:00:00,38.87520251824121
2012-12-20 01:00:00,15.822205953744408
2012-12-20 02:00:00,7.364856287031551
2012-12-20 03:00:00,4.690096719760401
2012-12-20 04:00:00,6.003732867112353
2012-12-20 05:00:00,32.07910761710384
2012-12-20 06:00:00,134.8448634925826
2012-12-20 07:00:00,395.0777262409865
2012-12-20 08:00:00,659.4032731984846
2012-12-20 09:00:00,319.25414344618116
2012-12-20 10:00:00,160.4389972440544
2012-12-20 11:00:00,180.33106802921284
2012-12-20 12:00:00,224.74535499930923
2012-12-20 13:00:00,218.44709116635454
2012-12-20 14:00:00,202.11542624704228
2012-12-20 15:00:00,215.68896503232665
2012-12-20 16:00:00,287.8033650061068
2012-12-20 17:00:00,579.8207801870991
2012-12-20 18:00:00,565.6642199145263
2012-12-20 19:00:00,225.47621014209457
2012-12-20 20:00:00,167.23926866038892
2012-12-20 21:00:00,118.79939796495633
2012-12-20 22:00:00,81.16634446357972
2012-12-20 23:00:00,68.04902599390557
2012-12-21 00:00:00,34.85121823534226
2012-12-21 01:00:00,17.0956572711977
2012-12-21 02:00:00,8.690645397399194
2012-12-21 03:00:00,3.7179644428845053
2012-12-21 04:00:00,3.5719801861639993
2012-12-21 05:00:00,22.281261338388227
2012-12-21 06:00:00,78.66393231180388
2012-12-21 07:00:00,258.6022511866992
2012-12-21 08:00:00,463.6152883370059
2012-12-21 09:00:00,245.23881171714882
2012-12-21 10:00:00,130.24900951455217
2012-12-21 11:00:00,138.69160734953994
2012-12-21 12:00:00,190.6249037064896
2012-12-21 13:00:00,188.90584067623334
2012-12-21 14:00:00,162.9782155963623
2012-12-21 15:00:00,186.1928452906056
2012-12-21 16:00:00,223.02256131742968
2012-12-21 17:00:00,361.11380708134715
2012-12-21 18:00:00,313.7295645820118
2012-12-21 19:00:00,226.28399175580364
2012-12-21 20:00:00,148.58569291922484
2012-12-21 21:00:00,110.25570401505982
2012-12-21 22:00:00,97.4403815924505
2012-12-21 23:00:00,78.51822957118921
2012-12-22 00:00:00,69.46406915608758
2012-12-22 01:00:00,50.7103216707044
2012-12-22 02:00:00,39.330341369642156
2012-12-22 03:00:00,21.029932220519072
2012-12-22 04:00:00,5.257793252678744
2012-12-22 05:00:00,4.762462363474983
2012-12-22 06:00:00,10.107971411655534
2012-12-22 07:00:00,34.76381343482913
2012-12-22 08:00:00,96.15829174608245
2012-12-22 09:00:00,135.74890100112208
2012-12-22 10:00:00,205.56603821063834
2012-12-22 11:00:00,242.13010986437394
2012-12-22 12:00:00,264.66376472457625
2012-12-22 13:00:00,313.54954282330164
2012-12-22 14:00:00,286.9266453250448
2012-12-22 15:00:00,258.06764059416486
2012-12-22 16:00:00,247.55936129198096
2012-12-22 17:00:00,216.92376708985623
2012-12-22 18:00:00,183.2345618472491
2012-12-22 19:00:00,160.34028233685217
2012-12-22 20:00:00,110.90357767827186
2012-12-22 21:00:00,87.15021076467976
2012-12-22 22:00:00,71.69643157223355
2012-12-22 23:00:00,63.071945410466135
2012-12-23 00:00:00,64.79901837130879
2012-12-23 01:00:00,55.65027493690761
2012-12-23 02:00:00,45.735464455950805
2012-12-23 03:00:00,27.344281679962407
2012-12-23 04:00:00,7.029603146106491
2012-12-23 05:00:00,4.850947584599395
2012-12-23 06:00:00,6.364351522786343
2012-12-23 07:00:00,24.857045369624423
2012-12-23 08:00:00,58.46045163063724
2012-12-23 09:00:00,99.1816209312155
2012-12-23 10:00:00,179.11371749801336
2012-12-23 11:00:00,223.4467757997727
2012-12-23 12:00:00,278.85486425492036
2012-12-23 13:00:00,319.1781231835139
2012-12-23 14:00:00,302.711019992658
2012-12-23 15:00:00,311.6264458829706
2012-12-23 16:00:00,293.7721185739422
2012-12-23 17:00:00,229.1176954431146
2012-12-23 18:00:00,174.06129134859546
2012-12-23 19:00:00,155.0841574918981
2012-12-23 20:00:00,94.74532347765334
2012-12-23 21:00:00,74.53017110662964
2012-12-23 22:00:00,56.593347074103434
2012-12-23 23:00:00,45.97507240163675
2012-12-24 00:00:00,20.312277880712294
2012-12-24 01:00:00,6.466194150020565
2012-12-24 02:00:00,4.086644669798367
2012-12-24 03:00:00,3.0609249854963974
2012-12-24 05:00:00,20.825925411473342
2012-12-24 06:00:00,89.90402552002328
2012-12-24 07:00:00,287.1770870187157
2012-12-24 08:00:00,486.30802857966216
2012-12-24 09:00:00,232.50364140336006
2012-12-24 10:00:00,110.42793880499495
2012-12-24 11:00:00,116.41761448101376
2012-12-24 12:00:00,134.35652310011824
2012-12-24 13:00:00,71.92390733585964
2012-12-24 14:00:00,67.96403704201083
2012-12-24 15:00:00,67.45595990454319
2012-12-24 16:00:00,92.33543466660637
2012-12-24 17:00:00,213.2314520247387
2012-12-24 18:00:00,206.75804360815124
2012-12-24 19:00:00,236.4574494450278
2012-12-24 20:00:00,103.79367659113694
2012-12-24 21:00:00,69.25041546180537
2012-12-24 22:00:00,82.67058055973678
2012-12-24 23:00:00,45.067461346087185
2012-12-25 00:00:00,29.765942826202384
2012-12-25 01:00:00,26.259103629315003
2012-12-25 02:00:00,19.646743751782715
2012-12-25 04:00:00,3.913922727600534
2012-12-25 05:00:00,5.078207052203022
2012-12-25 06:00:00,11.595097917055117
2012-12-25 07:00:00,43.29108784151995
2012-12-25 08:00:00,121.47499964563829
2012-12-25 09:00:00,156.46539852250373
2012-12-25 10:00:00,207.63917806484747
2012-12-25 11:00:00,239.8576490443067
2012-12-25 12:00:00,265.6237291336007
2012-12-25 13:00:00,304.6607569898942
2012-12-25 14:00:00,275.4261112481399
2012-12-25 15:00:00,258.4592320090119
2012-12-25 16:00:00,260.2323486263388
2012-12-25 17:00:00,242.49556915960216
2012-12-25 18:00:00,206.79638594003526
2012-12-25 19:00:00,180.11439366610523
2012-12-25 20:00:00,111.47338611633839
2012-12-25 21:00:00,93.25082863455215
2012-12-25 22:00:00,79.01453989080574
2012-12-25 23:00:00,54.21756543572201
2012-12-26 00:00:00,23.329072998327337
2012-12-26 01:00:00,6.482451993547503
2012-12-26 02:00:00,4.020651685118982
2012-12-26 03:00:00,3.02050190183331
2012-12-26 04:00:00,3.0381984041826193
2012-12-26 05:00:00,18.818965301988936
2012-12-26 06:00:00,86.97202947555958
2012-12-26 07:00:00,104.45544372294125
2012-12-26 08:00:00,200.90316224187512
2012-12-26 09:00:00,86.45814403863272
2012-12-26 10:00:00,51.236906367966185
2012-12-26 11:00:00,51.21642905456147
2012-12-26 12:00:00,52.47486606299631
2012-12-26 13:00:00,52.95452183739907
2012-12-26 14:00:00,64.88949913907182
2012-12-26 15:00:00,53.824705372860734
2012-12-26 16:00:00,71.56697134031809
2012-12-26 17:00:00,144.97877260467968
2012-12-26 18:00:00,145.45595163665686
2012-12-26 19:00:00,124.57153059620136
2012-12-26 20:00:00,76.34546549905491
2012-12-26 21:00:00,102.74168909048679
2012-12-26 22:00:00,38.08003769258631
2012-12-26 23:00:00,40.48832265804597
2012-12-27 00:00:00,15.75798826303313
2012-12-27 01:00:00,4.122831671064344
2012-12-27 02:00:00,3.3044391712047405
2012-12-27 03:00:00,3.0930415814987366
2012-12-27 04:00:00,2.8818690994889926
2012-12-27 05:00:00,22.076144672414863
2012-12-27 06:00:00,87.16441033959397
2012-12-27 07:00:00,305.5353540203506
2012-12-27 08:00:00,487.4821251958964
2012-12-27 09:00:00,246.36646972956947
2012-12-27 10:00:00,118.16381395476304
2012-12-27 11:00:00,116.17850678591348
2012-12-27 12:00:00,142.09475964745423
2012-12-27 13:00:00,139.2770128222336
2012-12-27 14:00:00,110.42473341381694
2012-12-27 15:00:00,124.89586648841731
2012-12-27 16:00:00,193.00991041377668
2012-12-27 17:00:00,363.6470382560904
2012-12-27 18:00:00,362.5381477421855
2012-12-27 19:00:00,242.0942092273835
2012-12-27 20:00:00,192.5492307803254
2012-12-27 21:00:00,119.5340968923316
2012-12-27 22:00:00,89.13379870269841
2012-12-27 23:00:00,65.12482825083461
2012-12-28 00:00:00,43.162736621623026
2012-12-28 01:00:00,20.5109606854442
2012-12-28 02:00:00,7.753659800875214
2012-12-28 03:00:00,4.550793135490387
2012-12-28 04:00:00,3.9536431792494557
2012-12-28 05:00:00,21.052154459554323
2012-12-28 06:00:00,80.84876154723926
2012-12-28 07:00:00,252.87312507136846
2012-12-28 08:00:00,476.3304663914463
2012-12-28 09:00:00,253.50232370194988
2012-12-28 10:00:00,119.1535363925549
2012-12-28 11:00:00,133.72119161728008
2012-12-28 12:00:00,193.64659126669446
2012-12-28 13:00:00,192.26614050945938
2012-12-28 14:00:00,165.8626767358216
2012-12-28 15:00:00,190.98260648573338
2012-12-28 16:00:00,238.53228132920154
2012-12-28 17:00:00,379.72411513713433
2012-12-28 18:00:00,331.1202060794944
2012-12-28 19:00:00,220.1087196130538
2012-12-28 20:00:00,141.4170919867162
2012-12-28 21:00:00,109.1620911340687
2012-12-28 22:00:00,94.94517675037375
2012-12-28 23:00:00,77.72144899401331
2012-12-29 00:00:00,75.00718688349941
2012-12-29 01:00:00,54.882982824060264
2012-12-29 02:00:00,42.09883190206164
2012-12-29 03:00:00,21.61149589562986
2012-12-29 04:00:00,5.310300907031912
2012-12-29 05:00:00,4.5992886572115275
2012-12-29 06:00:00,9.61250611202019
2012-12-29 07:00:00,33.66983773162981
2012-12-29 08:00:00,100.36611928269105
2012-12-29 09:00:00,137.42754294305533
2012-12-29 10:00:00,113.91813813015614
2012-12-29 11:00:00,128.58553799122808
2012-12-29 12:00:00,167.6702345775516
2012-12-29 13:00:00,181.2387540136089
2012-12-29 14:00:00,258.08867133899025
2012-12-29 15:00:00,249.06549748154345
2012-12-29 16:00:00,257.9870424126228
2012-12-29 17:00:00,221.09478242305312
2012-12-29 18:00:00,186.31984827881024
2012-12-29 19:00:00,163.2536082521312
2012-12-29 20:00:00,94.43574741534749
2012-12-29 21:00:00,90.86184579980488
2012-12-29 22:00:00,78.38994494108925
2012-12-29 23:00:00,74.32363396067085
2012-12-30 00:00:00,72.67985580246629
2012-12-30 01:00:00,56.91213080165824
2012-12-30 02:00:00,47.16705818077145
2012-12-30 03:00:00,22.708912762369085
2012-12-30 04:00:00,5.366488137359507
2012-12-30 05:00:00,4.456926333017668
2012-12-30 06:00:00,5.691493586972656
2012-12-30 07:00:00,23.38312535917364
2012-12-30 08:00:00,59.48800444189476
2012-12-30 09:00:00,100.69320563203243
2012-12-30 10:00:00,181.81549112969364
2012-12-30 11:00:00,226.0249251157573
2012-12-30 12:00:00,256.79268725687206
2012-12-30 13:00:00,272.70078359671595
2012-12-30 14:00:00,258.8496906808316
2012-12-30 15:00:00,249.2208078354244
2012-12-30 16:00:00,236.74587168578375
2012-12-30 17:00:00,202.7706972645143
2012-12-30 18:00:00,160.07759283664916
2012-12-30 19:00:00,171.7839492208534
2012-12-30 20:00:00,80.43544305902245
2012-12-30 21:00:00,66.0675431829519
2012-12-30 22:00:00,48.96704836312985
2012-12-30 23:00:00,36.39135362285913
2012-12-31 00:00:00,18.812290995930866
2012-12-31 01:00:00,6.024085203420757
2012-12-31 02:00:00,4.142056792136197
2012-12-31 03:00:00,3.171031871919872
2012-12-31 04:00:00,3.3838720080685847
2012-12-31 05:00:00,19.70926220564285
2012-12-31 06:00:00,86.01058068088297
2012-12-31 07:00:00,272.0688350678772
2012-12-31 08:00:00,455.57494950440616
2012-12-31 09:00:00,225.81915574045283
2012-12-31 10:00:00,100.85968113983581
2012-12-31 11:00:00,109.30322415207175
2012-12-31 12:00:00,130.9405343638293
2012-12-31 13:00:00,130.40043114370957
2012-12-31 14:00:00,122.32419379935797
2012-12-31 15:00:00,130.48122288125504
2012-12-31 16:00:00,193.13826434533098
2012-12-31 17:00:00,377.01123170758115
2012-12-31 18:00:00,370.30381077020536
2012-12-31 19:00:00,240.34315452857612
2012-12-31 20:00:00,179.83018171965432
2012-12-31 21:00:00,118.83518581555174
2012-12-31 22:00:00,86.65899083313036
2012-12-31 23:00:00,54.81074450670587
