datetime,count
2011-01-20 00:00:00,11.933743873875873
2011-01-20 01:00:00,4.527551844746353
2011-01-20 02:00:00,2.7876511300344147
2011-01-20 03:00:00,2.8267542582463
2011-01-20 04:00:00,2.354526632162149
2011-01-20 05:00:00,6.708386050987616
2011-01-20 06:00:00,39.77426657564572
2011-01-20 07:00:00,105.46474612849617
2011-01-20 08:00:00,228.400073751204
2011-01-20 09:00:00,126.70643679200353
2011-01-20 10:00:00,60.91775751497278
2011-01-20 11:00:00,59.719622098842294
2011-01-20 12:00:00,81.73324310546596
2011-01-20 13:00:00,73.43841138048819
2011-01-20 14:00:00,70.90673185155642
2011-01-20 15:00:00,77.7619917290254
2011-01-20 16:00:00,96.39209484234581
2011-01-20 17:00:00,209.00939625207351
2011-01-20 18:00:00,189.0900267970478
2011-01-20 19:00:00,116.48481507834678
2011-01-20 20:00:00,88.60128173919834
2011-01-20 21:00:00,56.77203269525806
2011-01-20 22:00:00,46.74769201198902
2011-01-20 23:00:00,28.930881161198847
2011-01-21 00:00:00,18.10998578983531
2011-01-21 01:00:00,7.623864412243856
2011-01-21 02:00:00,3.9677498695872764
2011-01-21 03:00:00,2.121316773113901
2011-01-21 04:00:00,1.8078590250170172
2011-01-21 05:00:00,6.378815179344975
2011-01-21 06:00:00,33.4263422558019
2011-01-21 07:00:00,98.71254718919019
2011-01-21 08:00:00,203.3042285141618
2011-01-21 09:00:00,124.1100262138352
2011-01-21 10:00:00,51.1312998020236
2011-01-21 11:00:00,64.23897003214279
2011-01-21 12:00:00,79.38685039139199
2011-01-21 13:00:00,81.26917202983886
2011-01-21 14:00:00,69.70542391651152
2011-01-21 15:00:00,77.88809035376937
2011-01-21 16:00:00,94.85732951881259
2011-01-21 17:00:00,172.43570884134823
2011-01-21 18:00:00,152.14115428182382
2011-01-21 19:00:00,92.33362205029346
2011-01-21 20:00:00,62.551344491519274
2011-01-21 21:00:00,47.6606368393327
2011-01-21 22:00:00,39.905080867956336
2011-01-21 23:00:00,28.81833975203574
2011-01-22 00:00:00,26.729359220548865
2011-01-22 01:00:00,20.063975666707428
2011-01-22 02:00:00,15.564521705036768
2011-01-22 03:00:00,6.802155880803123
2011-01-22 04:00:00,2.1958749890650515
2011-01-22 06:00:00,3.6887568939209516
2011-01-22 07:00:00,13.215342844622507
2011-01-22 08:00:00,27.73954483372672
2011-01-22 09:00:00,38.15379545972753
2011-01-22 10:00:00,65.49627178506952
2011-01-22 11:00:00,73.36878545710944
2011-01-22 12:00:00,90.71362292232811
2011-01-22 13:00:00,96.43559090894256
2011-01-22 14:00:00,90.0888242118683
2011-01-22 15:00:00,95.74786052107231
2011-01-22 16:00:00,88.50211607094413
2011-01-22 17:00:00,90.89772184228352
2011-01-22 18:00:00,67.34778836558094
2011-01-22 19:00:00,48.27035084215053
2011-01-22 20:00:00,40.10129236341071
2011-01-22 21:00:00,40.72597987343058
2011-01-22 22:00:00,33.01959678982608
2011-01-22 23:00:00,23.097130480110895
2011-01-23 00:00:00,28.169694506715665
2011-01-23 01:00:00,20.839513663189166
2011-01-23 02:00:00,16.63271132582691
2011-01-23 03:00:00,10.258726804958359
2011-01-23 05:00:00,2.0589798578232346
2011-01-23 06:00:00,2.870480554384418
2011-01-23 07:00:00,8.167905154527798
2011-01-23 08:00:00,19.892592989228643
2011-01-23 09:00:00,32.41000185678139
2011-01-23 10:00:00,61.5833803873031
2011-01-23 11:00:00,72.11185052168534
2011-01-23 12:00:00,85.40728304975208
2011-01-23 13:00:00,88.92489003605333
2011-01-23 14:00:00,90.1473962565174
2011-01-23 15:00:00,89.48279805199331
2011-01-23 16:00:00,90.07683421178355
2011-01-23 17:00:00,79.86965641352552
2011-01-23 18:00:00,68.57098901935348
2011-01-23 19:00:00,48.983923463684505
2011-01-23 20:00:00,35.3887629655742
2011-01-23 21:00:00,32.6660286602491
2011-01-23 22:00:00,23.89893686505683
2011-01-23 23:00:00,15.341811079296008
2011-01-24 00:00:00,9.195887545738989
2011-01-24 01:00:00,3.391510931749096
2011-01-24 03:00:00,1.5876194312803202
2011-01-24 04:00:00,2.1172805161238033
2011-01-24 05:00:00,5.385494690575679
2011-01-24 06:00:00,33.47748734266285
2011-01-24 07:00:00,88.48316929551254
2011-01-24 08:00:00,193.7013424366934
2011-01-24 09:00:00,110.24984570518225
2011-01-24 10:00:00,46.8181281366848
2011-01-24 11:00:00,42.65966336696932
2011-01-24 12:00:00,56.699631674264495
2011-01-24 13:00:00,52.445145528436896
2011-01-24 14:00:00,47.32798131627419
2011-01-24 15:00:00,56.53299494180599
2011-01-24 16:00:00,78.33366768467273
2011-01-24 17:00:00,164.2612173739686
2011-01-24 18:00:00,161.66680664677443
2011-01-24 19:00:00,100.80009997989666
2011-01-24 20:00:00,74.73348705492228
2011-01-24 21:00:00,46.63512294569409
2011-01-24 22:00:00,31.655210166822503
2011-01-24 23:00:00,20.92708076296445
2011-01-25 00:00:00,7.732706254256288
2011-01-25 01:00:00,3.5046528756786124
2011-01-25 02:00:00,2.1914525454911944
2011-01-25 04:00:00,1.8691920351236475
2011-01-25 05:00:00,5.346135631781753
2011-01-25 06:00:00,36.371582171676486
2011-01-25 07:00:00,95.37933375981424
2011-01-25 08:00:00,207.69212267025227
2011-01-25 09:00:00,121.39751180307965
2011-01-25 10:00:00,54.14951503253426
2011-01-25 11:00:00,54.53482293225464
2011-01-25 12:00:00,72.87221613270599
2011-01-25 13:00:00,71.24953438272286
2011-01-25 14:00:00,69.3174767067448
2011-01-25 15:00:00,74.86912584516134
2011-01-25 16:00:00,100.23485685096297
2011-01-25 17:00:00,215.04564874003296
2011-01-25 18:00:00,202.9768758979055
2011-01-25 19:00:00,114.27565134247308
2011-01-25 20:00:00,80.14031417286776
2011-01-25 21:00:00,57.8003342265655
2011-01-25 22:00:00,38.71105964219424
2011-01-25 23:00:00,22.946541223629644
2011-01-26 00:00:00,8.18548976118486
2011-01-26 01:00:00,4.387931462181689
2011-01-26 02:00:00,2.6664972507873332
2011-01-26 05:00:00,4.0902459029648215
2011-01-26 06:00:00,27.405787057378962
2011-01-26 07:00:00,64.80701216801742
2011-01-26 08:00:00,132.0904307716949
2011-01-26 09:00:00,63.489533416702876
2011-01-26 10:00:00,31.787247671286003
2011-01-26 11:00:00,29.450828806057018
2011-01-26 12:00:00,29.53477040964368
2011-01-26 13:00:00,29.973821192629742
2011-01-26 14:00:00,27.977702221779545
2011-01-26 15:00:00,28.48822409192856
2011-01-26 16:00:00,53.546506890562384
2011-01-26 17:00:00,104.69182417063682
2011-01-27 16:00:00,83.41496783170649
2011-01-27 17:00:00,178.0549855804737
2011-01-27 18:00:00,163.53669768049784
2011-01-27 19:00:00,108.04796506773997
2011-01-27 20:00:00,85.90285521488445
2011-01-27 21:00:00,54.495064480407315
2011-01-27 22:00:00,40.99258409082945
2011-01-27 23:00:00,25.89544201771067
2011-01-28 00:00:00,16.05465119061406
2011-01-28 01:00:00,6.920857866295019
2011-01-28 02:00:00,2.540733396511306
2011-01-28 03:00:00,1.5596162918331569
2011-01-28 05:00:00,7.207121840116886
2011-01-28 06:00:00,33.48822444908697
2011-01-28 07:00:00,94.70505407067633
2011-01-28 08:00:00,212.13486306272512
2011-01-28 09:00:00,76.12134221645711
2011-01-28 10:00:00,35.04133352931987
2011-01-28 11:00:00,38.16566162663506
2011-01-28 12:00:00,55.770312341389584
2011-01-28 13:00:00,56.09210902544478
2011-01-28 14:00:00,54.4082258267387
2011-01-28 15:00:00,80.79544206726338
2011-01-28 16:00:00,96.59321438099502
2011-01-28 17:00:00,183.18352172508625
2011-01-28 18:00:00,165.651577572665
2011-01-28 19:00:00,100.15144195407825
2011-01-28 20:00:00,73.74835356388317
2011-01-28 21:00:00,48.94127831878082
2011-01-28 22:00:00,46.157398784160684
2011-01-28 23:00:00,36.070950139729746
2011-01-29 00:00:00,31.8288472241559
2011-01-29 01:00:00,23.519624162784908
2011-01-29 02:00:00,18.86824830505572
2011-01-29 03:00:00,10.212976121791794
2011-01-29 04:00:00,3.0686421914457114
2011-01-29 06:00:00,3.2942971699686465
2011-01-29 07:00:00,11.091121196658278
2011-01-29 08:00:00,28.34320531337665
2011-01-29 09:00:00,44.71425349517709
2011-01-29 10:00:00,68.63787407260426
2011-01-29 11:00:00,73.19865749405093
2011-01-29 12:00:00,94.73695712703629
2011-01-29 13:00:00,99.57957217492978
2011-01-29 14:00:00,94.87044456100644
2011-01-29 15:00:00,95.08107153377553
2011-01-29 16:00:00,98.63967930619143
2011-01-29 17:00:00,94.77358467494597
2011-01-29 18:00:00,80.05167712889723
2011-01-29 19:00:00,65.83954148450619
2011-01-29 20:00:00,46.85088849041201
2011-01-29 21:00:00,42.23441644760145
2011-01-29 22:00:00,36.241545391798105
2011-01-29 23:00:00,28.778781560945212
2011-01-30 00:00:00,31.40410086751232
2011-01-30 01:00:00,26.8840703298809
2011-01-30 02:00:00,20.1863803610728
2011-01-30 03:00:00,10.389638986356541
2011-01-30 04:00:00,3.66747992146405
2011-01-30 05:00:00,2.533028609365414
2011-01-30 07:00:00,7.390821235956277
2011-01-30 08:00:00,20.662464487368663
2011-01-30 09:00:00,33.314458837084274
2011-01-30 10:00:00,66.4750973492057
2011-01-30 11:00:00,78.66511576013433
2011-01-30 12:00:00,133.05046869032273
2011-01-30 13:00:00,110.36342608148671
2011-01-30 14:00:00,108.84963115437017
2011-01-30 15:00:00,133.95671451077638
2011-01-30 16:00:00,125.61757193719386
2011-01-30 17:00:00,90.14602156722403
2011-01-30 18:00:00,75.65371041074016
2011-01-30 19:00:00,48.695243109114344
2011-01-30 20:00:00,41.06494686799936
2011-01-30 21:00:00,35.32310000382779
2011-01-30 22:00:00,28.554065075277283
2011-01-30 23:00:00,22.342282288478394
2011-01-31 00:00:00,10.075846504183257
2011-01-31 01:00:00,3.0559483790112125
2011-01-31 02:00:00,2.228473339245288
2011-01-31 03:00:00,2.0973685132842066
2011-01-31 04:00:00,1.7089283783735933
2011-01-31 05:00:00,3.1328389777658128
2011-01-31 06:00:00,34.23288100146776
2011-01-31 07:00:00,96.7649413486752
2011-01-31 08:00:00,191.61303240988642
2011-01-31 09:00:00,105.93415655745586
2011-01-31 10:00:00,43.53810551062818
2011-01-31 11:00:00,42.03693757322663
2011-01-31 12:00:00,58.62600808247581
2011-01-31 13:00:00,54.7090344226767
2011-01-31 14:00:00,52.236844182005825
2011-01-31 15:00:00,50.6398045419659
2011-01-31 16:00:00,81.20916343291341
2011-01-31 17:00:00,166.3573114107597
2011-01-31 18:00:00,164.16294408740146
2011-01-31 19:00:00,125.31094217793498
2011-01-31 20:00:00,59.97765445784167
2011-01-31 21:00:00,36.26618672551564
2011-01-31 22:00:00,33.14609170682004
2011-01-31 23:00:00,19.21312144686444
2011-02-20 00:00:00,31.617331179312696
2011-02-20 01:00:00,21.755891144508798
2011-02-20 02:00:00,16.765966832442437
2011-02-20 03:00:00,7.724025187642312
2011-02-20 04:00:00,2.2371168942043416
2011-02-20 06:00:00,2.8698764661447704
2011-02-20 07:00:00,9.319561407901883
2011-02-20 08:00:00,22.827187721959298
2011-02-20 09:00:00,37.29374293807442
2011-02-20 10:00:00,83.06972859285064
2011-02-20 11:00:00,103.92575827044759
2011-02-20 12:00:00,133.9781790932363
2011-02-20 13:00:00,162.11651607619024
2011-02-20 14:00:00,144.36677775595808
2011-02-20 15:00:00,162.53471754682784
2011-02-20 16:00:00,148.8771321239699
2011-02-20 17:00:00,112.81398325098807
2011-02-20 18:00:00,89.5239001139669
2011-02-20 19:00:00,69.26861499255583
2011-02-20 20:00:00,52.64399667075422
2011-02-20 21:00:00,47.867321442373715
2011-02-20 22:00:00,40.156428008842646
2011-02-20 23:00:00,30.310018839113575
2011-02-21 00:00:00,27.561018133323568
2011-02-21 01:00:00,20.432583046921444
2011-02-21 02:00:00,12.905065188825631
2011-02-21 03:00:00,5.934270578067424
2011-02-21 04:00:00,3.5580326291182716
2011-02-21 05:00:00,3.8156894757208994
2011-02-21 06:00:00,8.875896980686282
2011-02-21 07:00:00,22.107177869466874
2011-02-21 08:00:00,51.98697891316814
2011-02-21 09:00:00,65.359821796294
2011-02-21 10:00:00,89.0479574158895
2011-02-21 11:00:00,102.31856889526034
2011-02-21 12:00:00,115.29487785993649
2011-02-21 13:00:00,79.26684205536603
2011-02-21 14:00:00,110.33269432014984
2011-02-21 15:00:00,111.32972157645447
2011-02-21 16:00:00,73.98752153244962
2011-02-21 17:00:00,104.30771173433106
2011-02-21 18:00:00,85.35572212479867
2011-02-21 19:00:00,72.71686959844165
2011-02-21 20:00:00,33.0961491242448
2011-02-21 21:00:00,26.477057211190782
2011-02-21 22:00:00,21.619963638080414
2011-02-21 23:00:00,14.80074187314084
2011-02-22 06:00:00,32.86752675113614
2011-02-22 07:00:00,97.15325421942907
2011-02-22 08:00:00,195.72421867731777
2011-02-22 09:00:00,109.67416922712648
2011-02-22 10:00:00,48.88412688948225
2011-02-22 11:00:00,48.69140145142218
2011-02-22 12:00:00,61.67335398561271
2011-02-22 13:00:00,68.54893844634726
2011-02-22 14:00:00,57.2096587695568
2011-02-22 15:00:00,65.29948608520067
2011-02-22 16:00:00,79.39518659026022
2011-02-22 17:00:00,171.70119999985144
2011-02-22 18:00:00,164.4491530943858
2011-02-22 19:00:00,101.0825520148921
2011-02-22 20:00:00,69.41072384677393
2011-02-22 21:00:00,50.5771615352193
2011-02-22 22:00:00,36.22725329681175
2011-02-22 23:00:00,21.048612619313634
2011-02-23 00:00:00,9.6643301171075
2011-02-23 01:00:00,4.478921753337108
2011-02-23 02:00:00,1.993956610969494
2011-02-23 03:00:00,1.7951665367321517
2011-02-23 05:00:00,5.3438364360661135
2011-02-23 06:00:00,32.303583219908354
2011-02-23 07:00:00,82.68657637874801
2011-02-23 08:00:00,185.532363598079
2011-02-23 09:00:00,119.75993838916413
2011-02-23 10:00:00,52.74089734939996
2011-02-23 11:00:00,58.0890191997276
2011-02-23 12:00:00,78.09167170706576
2011-02-23 13:00:00,75.84367937288762
2011-02-23 14:00:00,73.96578519735381
2011-02-23 15:00:00,77.97952346147797
2011-02-23 16:00:00,103.23043092705788
2011-02-23 17:00:00,226.26838158995187
2011-02-23 18:00:00,210.90545954117823
2011-02-23 19:00:00,129.96600959103063
2011-02-23 20:00:00,81.63266666514662
2011-02-23 21:00:00,62.00208961696897
2011-02-23 22:00:00,44.85766382148789
2011-02-23 23:00:00,22.25002708739193
2011-02-24 00:00:00,10.63577986462062
2011-02-24 01:00:00,4.6075917859272035
2011-02-24 02:00:00,2.253930248053135
2011-02-24 03:00:00,2.0442750325823384
2011-02-24 05:00:00,6.999222461337077
2011-02-24 06:00:00,38.81432082691093
2011-02-24 07:00:00,102.23718064933355
2011-02-24 08:00:00,244.4567707859027
2011-02-24 09:00:00,126.64308940753031
2011-02-24 10:00:00,57.55667614222258
2011-02-24 11:00:00,66.24827276962327
2011-02-24 12:00:00,88.96053436617244
2011-02-24 13:00:00,85.93768043905764
2011-02-24 14:00:00,81.19463011469797
2011-02-24 15:00:00,31.82833226907984
2011-02-24 16:00:00,41.924626583853154
2011-02-24 17:00:00,128.11596196649361
2011-02-24 18:00:00,165.89828072806625
2011-02-24 19:00:00,60.52960918691124
2011-02-24 20:00:00,84.53379355476076
2011-02-24 21:00:00,61.05561118230495
2011-02-24 22:00:00,30.277530453625303
2011-02-24 23:00:00,29.319194421726866
2011-02-25 00:00:00,12.597134430898764
2011-02-25 01:00:00,8.713025463940529
2011-02-25 02:00:00,5.305278074262327
2011-02-25 03:00:00,2.2863929358668376
2011-02-25 05:00:00,7.726644177824385
2011-02-25 06:00:00,30.88202975150789
2011-02-25 07:00:00,63.28207919155793
2011-02-25 08:00:00,139.57325636332007
2011-02-25 09:00:00,52.7555599785868
2011-02-25 10:00:00,33.748706230623185
2011-02-25 11:00:00,120.80613760498213
2011-02-25 12:00:00,98.33667881350291
2011-02-25 13:00:00,98.34147311552114
2011-02-25 14:00:00,97.7050244298657
2011-02-25 15:00:00,152.4327518517411
2011-02-25 16:00:00,115.69670243346798
2011-02-25 17:00:00,196.42662437067182
2011-02-25 18:00:00,170.18905443389966
2011-02-25 19:00:00,108.26153756122922
2011-02-25 20:00:00,76.14494612478465
2011-02-25 21:00:00,58.44523920148155
2011-02-25 22:00:00,49.988859881683275
2011-02-25 23:00:00,37.347858097569585
2011-02-26 00:00:00,31.01473654008408
2011-02-26 01:00:00,24.87202943353126
2011-02-26 02:00:00,18.767896389099484
2011-02-26 03:00:00,10.359674114586863
2011-02-26 04:00:00,3.215197737326487
2011-02-26 05:00:00,2.30802198393808
2011-02-26 06:00:00,3.4223716132209114
2011-02-26 07:00:00,11.436706627591807
2011-02-26 08:00:00,23.261325656649685
2011-02-26 09:00:00,55.1048103026681
2011-02-26 10:00:00,91.23457733693036
2011-02-26 11:00:00,112.19774192278138
2011-02-26 12:00:00,127.8248455093707
2011-02-26 13:00:00,136.16607282579267
2011-02-26 14:00:00,135.2063863274837
2011-02-26 15:00:00,140.2213096879688
2011-02-26 16:00:00,140.7863785104725
2011-02-26 17:00:00,122.37558455233939
2011-02-26 18:00:00,98.98023277735493
2011-02-26 19:00:00,72.36017224631509
2011-02-26 20:00:00,58.750826238016565
2011-02-26 21:00:00,54.95010295223909
2011-02-26 22:00:00,47.156405415841256
2011-02-26 23:00:00,41.049453903659625
2011-02-27 00:00:00,32.06276766648413
2011-02-27 01:00:00,29.631838059017912
2011-02-27 02:00:00,23.285160451858143
2011-02-27 03:00:00,12.31939463440753
2011-02-27 04:00:00,3.970543306525662
2011-02-27 06:00:00,3.5389781452064226
2011-02-27 07:00:00,10.02932735143811
2011-02-27 08:00:00,26.20071307057804
2011-02-27 09:00:00,43.29248468013408
2011-02-27 10:00:00,73.94122234401848
2011-02-27 11:00:00,100.86678372356626
2011-02-27 12:00:00,161.6692929115089
2011-02-27 13:00:00,177.88178393764002
2011-02-27 14:00:00,187.3998218015215
2011-02-27 15:00:00,215.0647801339489
2011-02-27 16:00:00,223.6247334713208
2011-02-27 17:00:00,126.43322554780325
2011-02-27 18:00:00,110.18161996122046
2011-02-27 19:00:00,85.55970012137387
2011-02-27 20:00:00,64.02274121942992
2011-02-27 21:00:00,55.86574720247851
2011-02-27 22:00:00,45.12188009309833
2011-02-27 23:00:00,34.30654601068496
2011-02-28 00:00:00,14.065292876147444
2011-02-28 01:00:00,4.224197118519852
2011-02-28 03:00:00,1.8252600619729198
2011-02-28 05:00:00,8.222649501502337
2011-02-28 06:00:00,38.45229270441519
2011-02-28 07:00:00,121.24150385607854
2011-02-28 08:00:00,211.58775971689812
2011-02-28 09:00:00,132.31901351820756
2011-02-28 10:00:00,82.03148035127427
2011-02-28 11:00:00,92.02005789692875
2011-02-28 12:00:00,114.07586992846063
2011-02-28 13:00:00,45.218803201279954
2011-02-28 14:00:00,31.566491689861333
2011-02-28 15:00:00,33.845553827664844
2011-02-28 16:00:00,57.04293994500271
2011-02-28 17:00:00,90.9778824534058
2011-02-28 18:00:00,140.22193019004652
2011-02-28 19:00:00,68.19281230599465
2011-02-28 20:00:00,55.528126287158045
2011-02-28 21:00:00,59.397588371446204
2011-02-28 22:00:00,26.63131412341666
2011-02-28 23:00:00,26.21823789336691
2011-03-20 00:00:00,37.5765516612125
2011-03-20 01:00:00,33.313866488751174
2011-03-20 02:00:00,22.72852199032125
2011-03-20 03:00:00,10.442834117415215
2011-03-20 04:00:00,1.6881836728326438
2011-03-20 05:00:00,1.8859863919628217
2011-03-20 06:00:00,1.9914212547008525
2011-03-20 07:00:00,9.897586649489494
2011-03-20 08:00:00,33.048739700796006
2011-03-20 09:00:00,48.93703665682908
2011-03-20 10:00:00,97.01565263348259
2011-03-20 11:00:00,121.49162288386924
2011-03-20 12:00:00,157.15840736143895
2011-03-20 13:00:00,165.27664024512018
2011-03-20 14:00:00,165.7618674309405
2011-03-20 15:00:00,169.21305845130763
2011-03-20 16:00:00,163.64583232283238
2011-03-20 17:00:00,127.93078449117759
2011-03-20 18:00:00,100.97155264611135
2011-03-20 19:00:00,71.83572116643634
2011-03-20 20:00:00,57.20864115864687
2011-03-20 21:00:00,52.143108044633436
2011-03-20 22:00:00,40.235553258592944
2011-03-20 23:00:00,25.397572272405846
2011-03-21 00:00:00,16.586975118971758
2011-03-21 01:00:00,9.683815744993414
2011-03-21 02:00:00,5.128812671262427
2011-03-21 03:00:00,2.892668607439376
2011-03-21 05:00:00,13.755045881299887
2011-03-21 06:00:00,48.617263275011176
2011-03-21 07:00:00,80.19403609933548
2011-03-21 08:00:00,264.8908329114812
2011-03-21 09:00:00,136.05155511561264
2011-03-21 10:00:00,71.85982088030964
2011-03-21 11:00:00,87.59145696892247
2011-03-21 12:00:00,100.67606932298175
2011-03-21 13:00:00,132.3501146191059
2011-03-21 14:00:00,128.02767296638822
2011-03-21 15:00:00,166.19507882154363
2011-03-21 16:00:00,215.7768134669236
2011-03-21 17:00:00,433.84305189221396
2011-03-21 18:00:00,415.92233311017173
2011-03-21 19:00:00,323.0600641556649
2011-03-21 20:00:00,256.0735780641583
2011-03-21 21:00:00,101.12415456027976
2011-03-21 22:00:00,101.96170483998172
2011-03-21 23:00:00,58.35132203772021
2011-03-22 00:00:00,33.69583515565758
2011-03-22 01:00:00,8.573871867766465
2011-03-22 02:00:00,7.5337957930487365
2011-03-22 03:00:00,4.113459527930333
2011-03-22 04:00:00,4.301210656662244
2011-03-22 05:00:00,18.710447676422714
2011-03-22 06:00:00,73.47425811307217
2011-03-22 07:00:00,221.34697644933757
2011-03-22 08:00:00,341.5217234403094
2011-03-22 09:00:00,152.6865450136299
2011-03-22 10:00:00,92.41957737195398
2011-03-22 11:00:00,99.12523913388745
2011-03-22 12:00:00,141.0137036136975
2011-03-22 13:00:00,154.30703819202412
2011-03-22 14:00:00,126.0562745835186
2011-03-22 15:00:00,146.63854572776754
2011-03-22 16:00:00,239.76925295671518
2011-03-22 17:00:00,419.18536765477086
2011-03-22 18:00:00,397.34631118034406
2011-03-22 19:00:00,222.53318632895252
2011-03-22 20:00:00,152.7048005955963
2011-03-22 21:00:00,107.38159404182925
2011-03-22 22:00:00,85.31641592408951
2011-03-22 23:00:00,53.88284412810525
2011-03-23 00:00:00,18.883401968877543
2011-03-23 01:00:00,8.602767340909466
2011-03-23 02:00:00,4.374134622495657
2011-03-23 03:00:00,2.9602971499522104
2011-03-23 05:00:00,11.148029510133034
2011-03-23 06:00:00,61.97548298172755
2011-03-23 07:00:00,140.9041404717472
2011-03-23 08:00:00,311.0368737126805
2011-03-23 09:00:00,141.56314935253235
2011-03-23 10:00:00,60.10713719767874
2011-03-23 11:00:00,62.56654383322241
2011-03-23 12:00:00,72.36786896962502
2011-03-23 13:00:00,47.577406347333465
2011-03-23 14:00:00,78.78063971276846
2011-03-23 15:00:00,85.28372294286558
2011-03-23 16:00:00,157.1657646033216
2011-03-23 17:00:00,346.68477157423365
2011-03-23 18:00:00,190.85622402358268
2011-03-23 19:00:00,124.47023492560868
2011-03-23 20:00:00,47.77018207359171
2011-03-23 21:00:00,35.045291790164185
2011-03-23 22:00:00,52.16428233121642
2011-03-23 23:00:00,35.72315156891649
2011-03-24 00:00:00,17.630651971596816
2011-03-24 01:00:00,6.651025862714543
2011-03-24 02:00:00,4.65176355618797
2011-03-24 03:00:00,3.116137333219615
2011-03-24 04:00:00,2.650267308601056
2011-03-24 05:00:00,12.068795637170162
2011-03-24 06:00:00,54.62096207783327
2011-03-24 07:00:00,75.61266469041632
2011-03-24 08:00:00,126.74801675377739
2011-03-24 09:00:00,111.15499858847784
2011-03-24 10:00:00,47.56285576730339
2011-03-24 11:00:00,66.18794174499821
2011-03-24 12:00:00,84.98552479139907
2011-03-24 13:00:00,86.64488542672538
2011-03-24 14:00:00,86.47628934726468
2011-03-24 15:00:00,83.45452689927808
2011-03-24 16:00:00,141.66717663741497
2011-03-24 17:00:00,290.37049128696935
2011-03-24 18:00:00,278.8488435107045
2011-03-24 19:00:00,179.16207000688865
2011-03-24 20:00:00,127.03244792535949
2011-03-24 21:00:00,93.18875803938126
2011-03-24 22:00:00,71.7126803207482
2011-03-24 23:00:00,47.06065758541605
2011-03-25 00:00:00,27.228832384024997
2011-03-25 01:00:00,11.791019942670037
2011-03-25 02:00:00,6.382696057182215
2011-03-25 03:00:00,3.654082676210828
2011-03-25 04:00:00,2.511476462379573
2011-03-25 05:00:00,12.395492198955191
2011-03-25 06:00:00,53.03282041699449
2011-03-25 07:00:00,151.0147425378479
2011-03-25 08:00:00,301.1001873077057
2011-03-25 09:00:00,160.48179770058798
2011-03-25 10:00:00,87.46533607633053
2011-03-25 11:00:00,100.29283031564235
2011-03-25 12:00:00,123.76788641678414
2011-03-25 13:00:00,128.85054292057777
2011-03-25 14:00:00,121.56590716259714
2011-03-25 15:00:00,128.79303452053836
2011-03-25 16:00:00,175.5502167257924
2011-03-25 17:00:00,299.2768426160983
2011-03-25 18:00:00,256.4630229633243
2011-03-25 19:00:00,154.0866253249131
2011-03-25 20:00:00,106.87247758434293
2011-03-25 21:00:00,87.29157052681676
2011-03-25 22:00:00,71.51564828088968
2011-03-25 23:00:00,53.60878263157512
2011-03-26 00:00:00,42.31209280188998
2011-03-26 01:00:00,36.34645757349076
2011-03-26 02:00:00,27.62065074006195
2011-03-26 03:00:00,11.797762579210366
2011-03-26 04:00:00,3.7386376340658685
2011-03-26 05:00:00,4.101495168288979
2011-03-26 06:00:00,8.938176907036214
2011-03-26 07:00:00,20.676578692710695
2011-03-26 08:00:00,56.27310507087789
2011-03-26 09:00:00,88.10994669520419
2011-03-26 10:00:00,148.2000501175926
2011-03-26 11:00:00,168.08387497102805
2011-03-26 12:00:00,207.16254126400767
2011-03-26 13:00:00,223.93757905748302
2011-03-26 14:00:00,229.1927612191384
2011-03-26 15:00:00,229.88784722338892
2011-03-26 16:00:00,214.53094961870391
2011-03-26 17:00:00,194.30710214418258
2011-03-26 18:00:00,168.52379422220852
2011-03-26 19:00:00,114.40724601903828
2011-03-26 20:00:00,82.4845504355576
2011-03-26 21:00:00,67.44683547659625
2011-03-26 22:00:00,61.45382185555254
2011-03-26 23:00:00,46.61182755950465
2011-03-27 00:00:00,46.40443860497426
2011-03-27 01:00:00,35.658453817205476
2011-03-27 02:00:00,27.614374529291023
2011-03-27 03:00:00,12.655748664867591
2011-03-27 04:00:00,4.296739670711488
2011-03-27 06:00:00,8.103460408182782
2011-03-27 07:00:00,17.338185107518946
2011-03-27 08:00:00,42.92743330762137
2011-03-27 09:00:00,74.63677008122792
2011-03-27 10:00:00,125.77365895179109
2011-03-27 11:00:00,150.10246407016476
2011-03-27 12:00:00,188.05515028330186
2011-03-27 13:00:00,204.42565959984827
2011-03-27 14:00:00,218.66376023968164
2011-03-27 15:00:00,210.31657371928537
2011-03-27 16:00:00,218.55452267073701
2011-03-27 17:00:00,185.31913419443302
2011-03-27 18:00:00,145.3928603688796
2011-03-27 19:00:00,113.9775189924153
2011-03-27 20:00:00,78.28781579889991
2011-03-27 21:00:00,60.302023215067344
2011-03-27 22:00:00,49.385021466733875
2011-03-27 23:00:00,39.30404168231075
2011-03-28 00:00:00,14.382045822388836
2011-03-28 01:00:00,6.430164967034452
2011-03-28 02:00:00,4.006059651260141
2011-03-28 03:00:00,2.7463452530831476
2011-03-28 05:00:00,10.726802877904746
2011-03-28 06:00:00,50.55495920074471
2011-03-28 07:00:00,153.678630873906
2011-03-28 08:00:00,291.7570008031254
2011-03-28 09:00:00,138.59374881584728
2011-03-28 10:00:00,74.93720710376147
2011-03-28 11:00:00,77.8026429715636
2011-03-28 12:00:00,100.51773698244601
2011-03-28 13:00:00,95.0911562536199
2011-03-28 14:00:00,99.1792417573589
2011-03-28 15:00:00,98.21132908528963
2011-03-28 16:00:00,159.31554535622428
2011-03-28 17:00:00,316.22106063651154
2011-03-28 18:00:00,304.6119745058718
2011-03-28 19:00:00,193.4775052219324
2011-03-28 20:00:00,141.28038129922393
2011-03-28 21:00:00,103.57273214687052
2011-03-28 22:00:00,68.31827856185171
2011-03-28 23:00:00,37.55682691968259
2011-03-29 00:00:00,15.822410104935381
2011-03-29 01:00:00,5.769863709754258
2011-03-29 02:00:00,3.962215884319982
2011-03-29 03:00:00,2.5143553495722863
2011-03-29 04:00:00,2.438179409206195
2011-03-29 05:00:00,11.155964790545116
2011-03-29 06:00:00,55.74701347016139
2011-03-29 07:00:00,160.56845954168733
2011-03-29 08:00:00,303.96370307724607
2011-03-29 09:00:00,149.64878174864697
2011-03-29 10:00:00,76.194396428607
2011-03-29 11:00:00,83.96089395381016
2011-03-29 12:00:00,110.89401213781517
2011-03-29 13:00:00,100.15416677000208
2011-03-29 14:00:00,103.11542753482176
2011-03-29 15:00:00,109.65966315357028
2011-03-29 16:00:00,174.68643007063997
2011-03-29 17:00:00,360.05201446233775
2011-03-29 18:00:00,326.5501006131136
2011-03-29 19:00:00,203.29721098046448
2011-03-29 20:00:00,154.10466822816994
2011-03-29 21:00:00,107.20390072930999
2011-03-29 22:00:00,76.51402292205509
2011-03-29 23:00:00,50.44079111516561
2011-03-30 00:00:00,21.8629687765025
2011-03-30 01:00:00,9.998437246585743
2011-03-30 02:00:00,5.21505349117272
2011-03-30 03:00:00,3.2789041652708084
2011-03-30 04:00:00,3.5862809458538565
2011-03-30 05:00:00,15.887167230688457
2011-03-30 06:00:00,66.10444852186758
2011-03-30 07:00:00,184.35855799577598
2011-03-30 08:00:00,336.39043619249134
2011-03-30 09:00:00,151.55419463922382
2011-03-30 10:00:00,79.59309814943677
2011-03-30 11:00:00,87.94270323138274
2011-03-30 12:00:00,106.94986909217434
2011-03-30 13:00:00,102.393742881604
2011-03-30 14:00:00,95.97427392658616
2011-03-30 15:00:00,51.034918944434175
2011-03-30 16:00:00,70.94402981693017
2011-03-30 17:00:00,150.96348755295406
2011-03-30 18:00:00,198.2958439114845
2011-03-30 19:00:00,120.59523811996317
2011-03-30 20:00:00,60.280727556139766
2011-03-30 21:00:00,59.60359500967657
2011-03-30 22:00:00,31.803475574542112
2011-03-30 23:00:00,27.04493128806513
2011-03-31 00:00:00,11.230246278623227
2011-03-31 01:00:00,6.145761954171337
2011-03-31 02:00:00,4.317553810595889
2011-03-31 03:00:00,2.7736134615083925
2011-03-31 04:00:00,2.6646028355271305
2011-03-31 05:00:00,9.317287923032122
2011-03-31 06:00:00,33.865740976380756
2011-03-31 07:00:00,77.86166894035163
2011-03-31 08:00:00,244.2715881653064
2011-03-31 09:00:00,62.088467459563105
2011-03-31 10:00:00,38.78063389909148
2011-03-31 11:00:00,42.033900802982814
2011-03-31 12:00:00,45.24570267359809
2011-03-31 13:00:00,47.955466776467794
2011-03-31 14:00:00,45.73901439669963
2011-03-31 15:00:00,41.90689352221094
2011-03-31 16:00:00,109.51094409772718
2011-03-31 17:00:00,233.54698432012339
2011-03-31 18:00:00,247.7527045896878
2011-03-31 19:00:00,159.48088583777877
2011-03-31 20:00:00,60.57995664525155
2011-03-31 21:00:00,68.6681439593415
2011-03-31 22:00:00,36.03259139589748
2011-03-31 23:00:00,31.89751709498851
2011-04-20 00:00:00,32.506081883233335
2011-04-20 01:00:00,8.880328657777728
2011-04-20 02:00:00,7.415545208872191
2011-04-20 03:00:00,3.95523348947196
2011-04-20 04:00:00,4.37250660734548
2011-04-20 05:00:00,15.771401012734723
2011-04-20 06:00:00,80.79069086404463
2011-04-20 07:00:00,209.18492236532035
2011-04-20 08:00:00,423.3767411743993
2011-04-20 09:00:00,207.16832615960303
2011-04-20 10:00:00,132.72859742952667
2011-04-20 11:00:00,141.71581663043145
2011-04-20 12:00:00,189.02965019214017
2011-04-20 13:00:00,180.45373867420045
2011-04-20 14:00:00,160.6845129378289
2011-04-20 15:00:00,167.94037545199166
2011-04-20 16:00:00,265.1829531156707
2011-04-20 17:00:00,488.07564932787153
2011-04-20 18:00:00,490.0263793183025
2011-04-20 19:00:00,390.82273192712154
2011-04-20 20:00:00,291.7375729423037
2011-04-20 21:00:00,203.61823403630916
2011-04-20 22:00:00,146.32171091854906
2011-04-20 23:00:00,77.14511880034264
2011-04-21 00:00:00,33.79568394122034
2011-04-21 01:00:00,14.994129959295739
2011-04-21 02:00:00,8.835490155383592
2011-04-21 03:00:00,3.626360337298453
2011-04-21 04:00:00,4.153123351480507
2011-04-21 05:00:00,19.19743462438297
2011-04-21 06:00:00,61.70011531822148
2011-04-21 07:00:00,205.29714687682082
2011-04-21 08:00:00,332.22617209758226
2011-04-21 09:00:00,173.575813734694
2011-04-21 10:00:00,93.02242557095869
2011-04-21 11:00:00,108.93697760207677
2011-04-21 12:00:00,149.60744469014662
2011-04-21 13:00:00,146.27856945680088
2011-04-21 14:00:00,131.2696174995086
2011-04-21 15:00:00,145.28327457615077
2011-04-21 16:00:00,211.3218171670294
2011-04-21 17:00:00,413.85406184039675
2011-04-21 18:00:00,382.9737200700837
2011-04-21 19:00:00,250.22216530680151
2011-04-21 20:00:00,199.099153884794
2011-04-21 21:00:00,126.03238930439056
2011-04-21 22:00:00,100.85504983149129
2011-04-21 23:00:00,65.53678673123464
2011-04-22 00:00:00,38.19511994907721
2011-04-22 01:00:00,19.634876611431956
2011-04-22 02:00:00,10.470073363078374
2011-04-22 03:00:00,5.52887928601302
2011-04-22 04:00:00,3.9772785736889524
2011-04-22 05:00:00,16.785036073727504
2011-04-22 06:00:00,65.72208478450052
2011-04-22 07:00:00,173.1738715988955
2011-04-22 08:00:00,325.47805655406785
2011-04-22 09:00:00,107.92074894308728
2011-04-22 10:00:00,91.118110758384
2011-04-22 11:00:00,72.86788503338963
2011-04-22 12:00:00,82.43576361448322
2011-04-22 13:00:00,53.78989071798361
2011-04-22 14:00:00,31.036797952863044
2011-04-22 15:00:00,50.62926805049666
2011-04-22 16:00:00,110.48498056643572
2011-04-22 17:00:00,140.43442187333443
2011-04-22 18:00:00,101.98251966417737
2011-04-22 19:00:00,71.24157657232188
2011-04-22 20:00:00,41.382548210001794
2011-04-22 21:00:00,43.078961156938234
2011-04-22 22:00:00,40.02413777916982
2011-04-22 23:00:00,43.805138830696464
2011-04-23 00:00:00,37.108148686324306
2011-04-23 01:00:00,29.860532384814526
2011-04-23 02:00:00,23.353290174046794
2011-04-23 03:00:00,13.898071177607653
2011-04-23 04:00:00,5.409701842766934
2011-04-23 05:00:00,6.197173246566879
2011-04-23 06:00:00,10.979157116391642
2011-04-23 07:00:00,22.598638887616264
2011-04-23 08:00:00,49.877528637667105
2011-04-23 09:00:00,67.36424883421091
2011-04-23 10:00:00,135.13281045874214
2011-04-23 11:00:00,174.28973354181352
2011-04-23 12:00:00,210.41668894492258
2011-04-23 13:00:00,215.03725129050403
2011-04-23 14:00:00,297.1317240650162
2011-04-23 15:00:00,340.7259835152514
2011-04-23 16:00:00,351.09148048431234
2011-04-23 17:00:00,320.00911411791304
2011-04-23 18:00:00,268.6362393769074
2011-04-23 19:00:00,217.91426646788986
2011-04-23 20:00:00,137.32760235681295
2011-04-23 21:00:00,142.0493456237554
2011-04-23 22:00:00,137.36514644636048
2011-04-23 23:00:00,82.40316327060047
2011-04-24 00:00:00,94.36605190688778
2011-04-24 01:00:00,69.96706121973136
2011-04-24 02:00:00,55.50619165161065
2011-04-24 03:00:00,26.21556289783217
2011-04-24 04:00:00,8.84898388920966
2011-04-24 05:00:00,10.213131286615297
2011-04-24 06:00:00,10.452403848420586
2011-04-24 07:00:00,30.526268588478224
2011-04-24 08:00:00,78.49061239860937
2011-04-24 09:00:00,135.03391387484103
2011-04-24 10:00:00,246.76649462218376
2011-04-24 11:00:00,354.3199937385877
2011-04-24 12:00:00,379.9531247756946
2011-04-24 13:00:00,382.0907622983297
2011-04-24 14:00:00,376.98393521869946
2011-04-24 15:00:00,393.98995942294613
2011-04-24 16:00:00,391.90492756047234
2011-04-24 17:00:00,358.8431819975113
2011-04-24 18:00:00,311.5202953781969
2011-04-24 19:00:00,192.39403057876012
2011-04-24 20:00:00,127.80361859230781
2011-04-24 21:00:00,71.11007440031646
2011-04-24 22:00:00,45.23043199746438
2011-04-24 23:00:00,46.61256667845127
2011-04-25 00:00:00,20.08351634670702
2011-04-25 01:00:00,10.767630633514955
2011-04-25 02:00:00,9.331679134760734
2011-04-25 03:00:00,4.331647000585088
2011-04-25 04:00:00,5.279928230432993
2011-04-25 05:00:00,15.317729844239096
2011-04-25 06:00:00,79.74799048122719
2011-04-25 07:00:00,200.8262568492578
2011-04-25 08:00:00,391.08110986492073
2011-04-25 09:00:00,197.0888681450217
2011-04-25 10:00:00,119.69649543539735
2011-04-25 11:00:00,137.09021580811734
2011-04-25 12:00:00,178.11340925538576
2011-04-25 13:00:00,175.42793515042172
2011-04-25 14:00:00,166.4105815618513
2011-04-25 15:00:00,174.1816803702658
2011-04-25 16:00:00,272.40697347763194
2011-04-25 17:00:00,524.7107615915922
2011-04-25 18:00:00,482.0931536815945
2011-04-25 19:00:00,360.95407217666906
2011-04-25 20:00:00,262.78451947328415
2011-04-25 21:00:00,191.3384168135714
2011-04-25 22:00:00,115.88082026256195
2011-04-25 23:00:00,67.14511402964592
2011-04-26 00:00:00,29.77041038752454
2011-04-26 01:00:00,11.49518578995372
2011-04-26 02:00:00,5.933418465655644
2011-04-26 03:00:00,3.006511903225902
2011-04-26 04:00:00,4.313857303200445
2011-04-26 05:00:00,21.133714447554635
2011-04-26 06:00:00,103.69912205044666
2011-04-26 07:00:00,291.2744644428064
2011-04-26 08:00:00,423.562857960724
2011-04-26 09:00:00,203.19428187860348
2011-04-26 10:00:00,122.6745116184918
2011-04-26 11:00:00,140.5052970166219
2011-04-26 12:00:00,182.72729549423835
2011-04-26 13:00:00,179.33762711456302
2011-04-26 14:00:00,166.45924957085467
2011-04-26 15:00:00,172.26274628879847
2011-04-26 16:00:00,275.36242087056297
2011-04-26 17:00:00,537.7236962594285
2011-04-26 18:00:00,477.5667550013838
2011-04-26 19:00:00,318.75016946395897
2011-04-26 20:00:00,246.52806509503884
2011-04-26 21:00:00,196.10426336497974
2011-04-26 22:00:00,135.93742126323946
2011-04-26 23:00:00,65.93110487634583
2011-04-27 00:00:00,29.421235676763636
2011-04-27 01:00:00,13.68036408528835
2011-04-27 02:00:00,6.492252714706647
2011-04-27 03:00:00,3.59323598462689
2011-04-27 04:00:00,4.254420078698682
2011-04-27 05:00:00,16.40736572495976
2011-04-27 06:00:00,89.95942987788423
2011-04-27 07:00:00,245.36824678677354
2011-04-27 08:00:00,379.75512658777046
2011-04-27 09:00:00,177.9290730284152
2011-04-27 10:00:00,109.90935061435161
2011-04-27 11:00:00,121.63291572140133
2011-04-27 12:00:00,164.68740537598666
2011-04-27 13:00:00,163.1152192759511
2011-04-27 14:00:00,162.78118202708802
2011-04-27 15:00:00,164.57992282116228
2011-04-27 16:00:00,261.60706245932147
2011-04-27 17:00:00,302.1532140714433
2011-04-27 18:00:00,278.9625165344154
2011-04-27 19:00:00,327.50501299188437
2011-04-27 20:00:00,227.61243081547414
2011-04-27 21:00:00,143.67334816445668
2011-04-27 22:00:00,102.67914429260898
2011-04-27 23:00:00,63.107946578153836
2011-04-28 00:00:00,36.81012223956344
2011-04-28 01:00:00,12.468980819306982
2011-04-28 02:00:00,5.449146957347363
2011-04-28 03:00:00,4.343546338580619
2011-04-28 04:00:00,4.846208117109276
2011-04-28 05:00:00,22.094302505149336
2011-04-28 06:00:00,89.8326703835447
2011-04-28 07:00:00,266.9631793386773
2011-04-28 08:00:00,398.61299602319787
2011-04-28 09:00:00,142.1215832907327
2011-04-28 10:00:00,101.66069649526575
2011-04-28 11:00:00,116.79179944719576
2011-04-28 12:00:00,164.27178355032154
2011-04-28 13:00:00,143.5711006660098
2011-04-28 14:00:00,136.29334745901326
2011-04-28 15:00:00,174.1460901231232
2011-04-28 16:00:00,249.8362321079428
2011-04-28 17:00:00,479.96140398390025
2011-04-28 18:00:00,435.5114523312371
2011-04-28 19:00:00,360.96863604289535
2011-04-28 20:00:00,269.24011729688567
2011-04-28 21:00:00,205.20841002046623
2011-04-28 22:00:00,145.58841546692565
2011-04-28 23:00:00,93.39371502798028
2011-04-29 00:00:00,56.04421551945386
2011-04-29 01:00:00,26.173523990108606
2011-04-29 02:00:00,15.55358969365328
2011-04-29 03:00:00,7.065844870648826
2011-04-29 04:00:00,5.191755856845323
2011-04-29 05:00:00,22.843924691673656
2011-04-29 06:00:00,92.95968782673413
2011-04-29 07:00:00,245.8775074927884
2011-04-29 08:00:00,434.31100585172055
2011-04-29 09:00:00,225.8610566221511
2011-04-29 10:00:00,147.1434364593802
2011-04-29 11:00:00,182.45424463282419
2011-04-29 12:00:00,233.09100068870603
2011-04-29 13:00:00,228.78402207455997
2011-04-29 14:00:00,211.92191722117587
2011-04-29 15:00:00,221.27380228285466
2011-04-29 16:00:00,285.6775399330297
2011-04-29 17:00:00,412.2478366007899
2011-04-29 18:00:00,385.8621378021527
2011-04-29 19:00:00,216.04976072262224
2011-04-29 20:00:00,179.11404610876775
2011-04-29 21:00:00,136.9846731919347
2011-04-29 22:00:00,108.18657788007059
2011-04-29 23:00:00,89.56500791003518
2011-04-30 00:00:00,60.36088432577477
2011-04-30 01:00:00,55.73726172103488
2011-04-30 02:00:00,43.6114573985084
2011-04-30 03:00:00,21.46232958003041
2011-04-30 04:00:00,6.600903100223131
2011-04-30 05:00:00,6.14151596600169
2011-04-30 06:00:00,17.253445704166115
2011-04-30 07:00:00,33.32422625068209
2011-04-30 08:00:00,79.32478592779572
2011-04-30 09:00:00,127.96189544018901
2011-04-30 10:00:00,229.63266335533882
2011-04-30 11:00:00,282.68766987801763
2011-04-30 12:00:00,340.0346114592977
2011-04-30 13:00:00,354.82092044947285
2011-04-30 14:00:00,347.97210396005687
2011-04-30 15:00:00,370.9601500095447
2011-04-30 16:00:00,366.31852972271554
2011-04-30 17:00:00,352.40708141306567
2011-04-30 18:00:00,294.84951738006123
2011-04-30 19:00:00,255.6155260351499
2011-04-30 20:00:00,125.44372223984935
2011-04-30 21:00:00,107.48717827268584
2011-04-30 22:00:00,96.07431334323667
2011-04-30 23:00:00,73.18391194230271
2011-05-20 00:00:00,35.59195430439233
2011-05-20 01:00:00,17.369481258079503
2011-05-20 02:00:00,10.524324468533047
2011-05-20 03:00:00,6.112789654423901
2011-05-20 04:00:00,4.991214667568039
2011-05-20 05:00:00,18.399348157574956
2011-05-20 06:00:00,84.89307672813067
2011-05-20 07:00:00,245.20260081291767
2011-05-20 08:00:00,427.5519240497093
2011-05-20 09:00:00,222.87160805707248
2011-05-20 10:00:00,152.1439277658501
2011-05-20 11:00:00,171.60490171862816
2011-05-20 12:00:00,233.23721608541663
2011-05-20 13:00:00,188.27618253820827
2011-05-20 14:00:00,222.22284250307763
2011-05-20 15:00:00,239.0121160893453
2011-05-20 16:00:00,342.9506318674835
2011-05-20 17:00:00,458.02806143089026
2011-05-20 18:00:00,452.2035946686257
2011-05-20 19:00:00,302.05784336157615
2011-05-20 20:00:00,222.035248192998
2011-05-20 21:00:00,184.5369202875884
2011-05-20 22:00:00,152.86346273042378
2011-05-20 23:00:00,124.66578213599871
2011-05-21 00:00:00,98.39952491777994
2011-05-21 01:00:00,75.08909857517685
2011-05-21 02:00:00,58.29229340954364
2011-05-21 03:00:00,23.73970019833422
2011-05-21 04:00:00,6.730308459284676
2011-05-21 05:00:00,9.229853685861183
2011-05-21 06:00:00,20.829115048705212
2011-05-21 07:00:00,54.5807095871049
2011-05-21 08:00:00,119.70098422886583
2011-05-21 09:00:00,202.81722943281002
2011-05-21 10:00:00,281.43059409374996
2011-05-21 11:00:00,366.17723445384865
2011-05-21 12:00:00,394.62381905369296
2011-05-21 13:00:00,399.2508903206301
2011-05-21 14:00:00,399.42268462602993
2011-05-21 15:00:00,401.6809760793335
2011-05-21 16:00:00,401.89703806086663
2011-05-21 17:00:00,376.8424806530681
2011-05-21 18:00:00,340.1623123864745
2011-05-21 19:00:00,310.34664398739494
2011-05-21 20:00:00,221.22549724100332
2011-05-21 21:00:00,187.42827821701817
2011-05-21 22:00:00,149.50053186452084
2011-05-21 23:00:00,101.68282319865482
2011-05-22 00:00:00,97.49816052476737
2011-05-22 01:00:00,65.48680918909206
2011-05-22 02:00:00,53.99862785654142
2011-05-22 03:00:00,26.192255899035082
2011-05-22 04:00:00,9.950840757386
2011-05-22 05:00:00,10.888726061609361
2011-05-22 06:00:00,12.125009586838214
2011-05-22 07:00:00,42.93820131554811
2011-05-22 08:00:00,98.72877481338486
2011-05-22 09:00:00,187.522429256543
2011-05-22 10:00:00,275.0297273464668
2011-05-22 11:00:00,345.9865573086617
2011-05-22 12:00:00,376.22015736057267
2011-05-22 13:00:00,376.52531320645403
2011-05-22 14:00:00,302.4044083789253
2011-05-22 15:00:00,365.6254179688593
2011-05-22 16:00:00,378.5889222908796
2011-05-22 17:00:00,366.38506754951675
2011-05-22 18:00:00,325.99243628184905
2011-05-22 19:00:00,298.79624775109147
2011-05-22 20:00:00,230.97198449917087
2011-05-22 21:00:00,163.97054245628811
2011-05-22 22:00:00,125.06813601306814
2011-05-22 23:00:00,81.21711249493087
2011-05-23 00:00:00,27.342216226883057
2011-05-23 01:00:00,14.643145549700714
2011-05-23 02:00:00,5.918021608453762
2011-05-23 03:00:00,3.578894284120375
2011-05-23 04:00:00,5.222796001370426
2011-05-23 05:00:00,19.42804274217365
2011-05-23 06:00:00,82.27171190938068
2011-05-23 07:00:00,220.0881871948924
2011-05-23 08:00:00,383.0310549621554
2011-05-23 09:00:00,187.98497239552734
2011-05-23 10:00:00,119.06621326716383
2011-05-23 11:00:00,135.16685734546576
2011-05-23 12:00:00,169.4794156312555
2011-05-23 13:00:00,163.72815284920873
2011-05-23 14:00:00,148.95830825683402
2011-05-23 15:00:00,158.767271951438
2011-05-23 16:00:00,263.2382153886076
2011-05-23 17:00:00,403.68864330068254
2011-05-23 18:00:00,482.2346910019699
2011-05-23 19:00:00,360.9318258407193
2011-05-23 20:00:00,237.87939712718452
2011-05-23 21:00:00,139.23416748473323
2011-05-23 22:00:00,98.59862467287539
2011-05-23 23:00:00,63.19541233991231
2011-05-24 00:00:00,21.510113913176287
2011-05-24 01:00:00,10.695684326260373
2011-05-24 02:00:00,6.602671893317114
2011-05-24 03:00:00,3.69902350957621
2011-05-24 04:00:00,5.767341192452539
2011-05-24 05:00:00,17.389598228048634
2011-05-24 06:00:00,92.89172068630333
2011-05-24 07:00:00,200.7513787193519
2011-05-24 08:00:00,321.06036772442485
2011-05-24 09:00:00,209.43902365550906
2011-05-24 10:00:00,121.28297182349738
2011-05-24 11:00:00,142.2075083549506
2011-05-24 12:00:00,178.3067233909412
2011-05-24 13:00:00,186.85418673233545
2011-05-24 14:00:00,162.1270578271448
2011-05-24 15:00:00,152.9982639394532
2011-05-24 16:00:00,290.18843385403824
2011-05-24 17:00:00,492.6952881695494
2011-05-24 18:00:00,506.1932571614126
2011-05-24 19:00:00,354.43699360516285
2011-05-24 20:00:00,269.98559510704615
2011-05-24 21:00:00,207.59388841404024
2011-05-24 22:00:00,80.87441465857455
2011-05-24 23:00:00,70.65392276002085
2011-05-25 00:00:00,22.548326242877053
2011-05-25 01:00:00,10.586679169685226
2011-05-25 02:00:00,6.943209268443786
2011-05-25 03:00:00,4.259318555130058
2011-05-25 04:00:00,5.155945997641651
2011-05-25 05:00:00,23.830633654793967
2011-05-25 06:00:00,100.80056530685022
2011-05-25 07:00:00,329.36661595496224
2011-05-25 08:00:00,434.7547054319777
2011-05-25 09:00:00,208.24660923067185
2011-05-25 10:00:00,127.11920625981118
2011-05-25 11:00:00,144.21366161821734
2011-05-25 12:00:00,191.82808938758313
2011-05-25 13:00:00,178.8003269740484
2011-05-25 14:00:00,164.3545560912277
2011-05-25 15:00:00,173.0241060021699
2011-05-25 16:00:00,270.6132629458619
2011-05-25 17:00:00,532.4479536093954
2011-05-25 18:00:00,505.7840831308712
2011-05-25 19:00:00,387.55756271883257
2011-05-25 20:00:00,300.71510993979837
2011-05-25 21:00:00,211.58216769436882
2011-05-25 22:00:00,146.93909991983222
2011-05-25 23:00:00,89.04226654162703
2011-05-26 00:00:00,39.90770772450257
2011-05-26 01:00:00,16.409324829100335
2011-05-26 02:00:00,7.161166763026841
2011-05-26 03:00:00,4.636880513574664
2011-05-26 04:00:00,5.623852191309721
2011-05-26 05:00:00,21.807671710897694
2011-05-26 06:00:00,88.28171846951543
2011-05-26 07:00:00,208.14488154999214
2011-05-26 08:00:00,417.65797736698187
2011-05-26 09:00:00,202.2674089641248
2011-05-26 10:00:00,122.0596535163914
2011-05-26 11:00:00,150.39026819428582
2011-05-26 12:00:00,190.76526705660777
2011-05-26 13:00:00,179.98808048376603
2011-05-26 14:00:00,159.32456588931615
2011-05-26 15:00:00,173.81079101167228
2011-05-26 16:00:00,263.7323618413576
2011-05-26 17:00:00,506.703331643975
2011-05-26 18:00:00,497.8263020877786
2011-05-26 19:00:00,359.6881240664293
2011-05-26 20:00:00,292.7213648434087
2011-05-26 21:00:00,206.48467002982042
2011-05-26 22:00:00,154.8898507821992
2011-05-26 23:00:00,106.29723394066544
2011-05-27 00:00:00,61.84759853121467
2011-05-27 01:00:00,25.193099775436753
2011-05-27 02:00:00,14.481746639051972
2011-05-27 03:00:00,6.41575451647099
2011-05-27 04:00:00,5.375903536413793
2011-05-27 05:00:00,25.000800139963292
2011-05-27 06:00:00,100.48614806325119
2011-05-27 07:00:00,267.74806274355825
2011-05-27 08:00:00,450.4534801071344
2011-05-27 09:00:00,227.3746893525033
2011-05-27 10:00:00,149.76298252357978
2011-05-27 11:00:00,167.88594171974205
2011-05-27 12:00:00,222.85981780181993
2011-05-27 13:00:00,223.13353646596323
2011-05-27 14:00:00,218.87796121838815
2011-05-27 15:00:00,225.56077403246232
2011-05-27 16:00:00,319.8600576968257
2011-05-27 17:00:00,506.70866231303364
2011-05-27 18:00:00,438.2743969027876
2011-05-27 19:00:00,242.21280770276582
2011-05-27 20:00:00,213.46934331867755
2011-05-27 21:00:00,159.9413797059825
2011-05-27 22:00:00,157.87856363800586
2011-05-27 23:00:00,124.78041976135005
2011-05-28 00:00:00,102.56034246452938
2011-05-28 01:00:00,76.44367234151079
2011-05-28 02:00:00,49.479531021487006
2011-05-28 03:00:00,25.695904244793542
2011-05-28 04:00:00,7.179570556401958
2011-05-28 05:00:00,9.921403095322045
2011-05-28 06:00:00,19.921686026826944
2011-05-28 07:00:00,49.435080887373886
2011-05-28 08:00:00,116.43443338492473
2011-05-28 09:00:00,203.39110457841525
2011-05-28 10:00:00,273.26748369691154
2011-05-28 11:00:00,347.0697506171771
2011-05-28 12:00:00,368.35562493559416
2011-05-28 13:00:00,375.56001873993705
2011-05-28 14:00:00,366.5961813899297
2011-05-28 15:00:00,410.3915674133429
2011-05-28 16:00:00,404.2323338299939
2011-05-28 17:00:00,386.8656591310188
2011-05-28 18:00:00,327.9273066032173
2011-05-28 19:00:00,282.2942190279845
2011-05-28 20:00:00,249.4467661594456
2011-05-28 21:00:00,180.9357004733662
2011-05-28 22:00:00,174.48706482219305
2011-05-28 23:00:00,118.2788977142196
2011-05-29 00:00:00,106.71673561021969
2011-05-29 01:00:00,80.7302306812618
2011-05-29 02:00:00,60.89236363530074
2011-05-29 03:00:00,28.059903312319516
2011-05-29 04:00:00,9.231311786768472
2011-05-29 05:00:00,10.349520021089642
2011-05-29 06:00:00,15.893403856174132
2011-05-29 07:00:00,32.62188949875771
2011-05-29 08:00:00,81.22782197296567
2011-05-29 09:00:00,100.2570966276746
2011-05-29 10:00:00,219.66348859526266
2011-05-29 11:00:00,250.5362118829343
2011-05-29 12:00:00,316.79966441189583
2011-05-29 13:00:00,388.4687275196562
2011-05-29 14:00:00,353.75630501051717
2011-05-29 15:00:00,375.6112581879879
2011-05-29 16:00:00,368.3754517871272
2011-05-29 17:00:00,351.76249693843295
2011-05-29 18:00:00,275.1833155745086
2011-05-29 19:00:00,259.5650828501169
2011-05-29 20:00:00,210.9032979089111
2011-05-29 21:00:00,157.77699999609166
2011-05-29 22:00:00,116.22705093451472
2011-05-29 23:00:00,91.66231182648268
2011-05-30 00:00:00,74.98346029508278
2011-05-30 01:00:00,58.57621619685794
2011-05-30 02:00:00,35.6225389972029
2011-05-30 03:00:00,17.42107021259136
2011-05-30 04:00:00,7.230698025270291
2011-05-30 05:00:00,8.729003292958165
2011-05-30 06:00:00,16.955369187336725
2011-05-30 07:00:00,48.889274198011975
2011-05-30 08:00:00,100.7808817928921
2011-05-30 09:00:00,203.33905676683216
2011-05-30 10:00:00,249.54574343395376
2011-05-30 11:00:00,313.5068779113561
2011-05-30 12:00:00,362.4271301249425
2011-05-30 13:00:00,369.49916790312574
2011-05-30 14:00:00,364.2631191037191
2011-05-30 15:00:00,339.93150262186515
2011-05-30 16:00:00,365.85790194173785
2011-05-30 17:00:00,397.64168898619863
2011-05-30 18:00:00,373.05490078787585
2011-05-30 19:00:00,252.5969430817921
2011-05-30 20:00:00,268.138363593576
2011-05-30 21:00:00,228.03526427243105
2011-05-30 22:00:00,170.47169644571483
2011-05-30 23:00:00,94.72196233989817
2011-05-31 00:00:00,29.728816099529542
2011-05-31 01:00:00,14.484904475867989
2011-05-31 02:00:00,7.070491104520809
2011-05-31 03:00:00,3.6889613002034194
2011-05-31 04:00:00,6.012239281408166
2011-05-31 05:00:00,24.363135513711114
2011-05-31 06:00:00,111.67083253686505
2011-05-31 07:00:00,305.16537573832886
2011-05-31 08:00:00,448.3785953582516
2011-05-31 09:00:00,195.54091106806533
2011-05-31 10:00:00,121.9692004340906
2011-05-31 11:00:00,140.41772033611736
2011-05-31 12:00:00,165.00052526908118
2011-05-31 13:00:00,155.36097592026618
2011-05-31 14:00:00,150.3787026902805
2011-05-31 15:00:00,148.59928507750806
2011-05-31 16:00:00,266.57963036991436
2011-05-31 17:00:00,528.9189220210285
2011-05-31 18:00:00,522.2437506748944
2011-05-31 19:00:00,375.66329128123067
2011-05-31 20:00:00,293.3243995719424
2011-05-31 21:00:00,211.6921552794518
2011-05-31 22:00:00,150.6728136678967
2011-05-31 23:00:00,82.3997746166007
2011-06-20 00:00:00,31.442419077240583
2011-06-20 01:00:00,14.57989230033903
2011-06-20 02:00:00,7.701744312660122
2011-06-20 03:00:00,3.4640758143670816
2011-06-20 04:00:00,4.305241397847171
2011-06-20 05:00:00,18.966535046335757
2011-06-20 06:00:00,80.36045278908841
2011-06-20 07:00:00,156.87913310406535
2011-06-20 08:00:00,321.9134386855344
2011-06-20 09:00:00,193.7079403072698
2011-06-20 10:00:00,111.25561458020191
2011-06-20 11:00:00,118.0836280997307
2011-06-20 12:00:00,170.4647938392356
2011-06-20 13:00:00,177.48377055089318
2011-06-20 14:00:00,170.7395541038612
2011-06-20 15:00:00,169.82460025739695
2011-06-20 16:00:00,286.33035970672114
2011-06-20 17:00:00,500.8413814460529
2011-06-20 18:00:00,504.3537271240597
2011-06-20 19:00:00,370.1115528579054
2011-06-20 20:00:00,276.55596820404867
2011-06-20 21:00:00,199.59089876110698
2011-06-20 22:00:00,128.9283653421105
2011-06-20 23:00:00,74.63816314325945
2011-06-21 00:00:00,31.19310175832993
2011-06-21 01:00:00,11.072208571941513
2011-06-21 02:00:00,5.0591294156467965
2011-06-21 03:00:00,3.9560008694805098
2011-06-21 04:00:00,5.97738601421509
2011-06-21 05:00:00,20.662347503776964
2011-06-21 06:00:00,109.10269984405576
2011-06-21 07:00:00,228.00003956806455
2011-06-21 08:00:00,396.72862920609555
2011-06-21 09:00:00,177.40730714723387
2011-06-21 10:00:00,115.96318679349974
2011-06-21 11:00:00,130.40814026909803
2011-06-21 12:00:00,180.01768063884205
2011-06-21 13:00:00,174.09189628171202
2011-06-21 14:00:00,163.0336262296766
2011-06-21 15:00:00,174.88482871216314
2011-06-21 16:00:00,288.9216826469471
2011-06-21 17:00:00,552.7865046495584
2011-06-21 18:00:00,502.6193192400033
2011-06-21 19:00:00,343.96251709716046
2011-06-21 20:00:00,204.2698706164387
2011-06-21 21:00:00,223.9978044663676
2011-06-21 22:00:00,151.00568457093328
2011-06-21 23:00:00,84.71325652596724
2011-06-22 00:00:00,34.67047195479607
2011-06-22 01:00:00,14.700243925591803
2011-06-22 02:00:00,5.909068243283767
2011-06-22 03:00:00,6.0912618828751475
2011-06-22 04:00:00,6.222053825149085
2011-06-22 05:00:00,26.136875642461682
2011-06-22 06:00:00,109.9263516057998
2011-06-22 07:00:00,310.5344971751492
2011-06-22 08:00:00,433.2038370251732
2011-06-22 09:00:00,202.23082827435832
2011-06-22 10:00:00,130.28610652591883
2011-06-22 11:00:00,149.02205753093844
2011-06-22 12:00:00,182.48998243515376
2011-06-22 13:00:00,164.9926440853009
2011-06-22 14:00:00,152.1042954174095
2011-06-22 15:00:00,167.03052146952265
2011-06-22 16:00:00,270.39417892852896
2011-06-22 17:00:00,501.65918027537657
2011-06-22 18:00:00,504.16839533906534
2011-06-22 19:00:00,372.0116415061042
2011-06-22 20:00:00,286.47661426139837
2011-06-22 21:00:00,222.11568325502685
2011-06-22 22:00:00,158.98621304835683
2011-06-22 23:00:00,91.59350870435573
2011-06-23 00:00:00,38.23900173635941
2011-06-23 01:00:00,19.089767582723372
2011-06-23 02:00:00,7.948653811205827
2011-06-23 03:00:00,4.847358325689605
2011-06-23 04:00:00,6.040769428344444
2011-06-23 05:00:00,26.029965975984346
2011-06-23 06:00:00,115.69238852002005
2011-06-23 07:00:00,312.7976012672695
2011-06-23 08:00:00,423.3010642861547
2011-06-23 09:00:00,203.45307748254092
2011-06-23 10:00:00,131.6418131837109
2011-06-23 11:00:00,126.14655430206437
2011-06-23 12:00:00,178.29749376191143
2011-06-23 13:00:00,175.3654087926283
2011-06-23 14:00:00,158.7785077656346
2011-06-23 15:00:00,170.35513558633525
2011-06-23 16:00:00,275.79047430254974
2011-06-23 17:00:00,475.13769564037403
2011-06-23 18:00:00,482.3898702666249
2011-06-23 19:00:00,350.3059459134115
2011-06-23 20:00:00,291.31671583724915
2011-06-23 21:00:00,216.46586135575063
2011-06-23 22:00:00,155.153775638772
2011-06-23 23:00:00,108.76270549680635
2011-06-24 00:00:00,59.294087739450205
2011-06-24 01:00:00,23.03813127210713
2011-06-24 02:00:00,12.789722515299761
2011-06-24 03:00:00,6.370718045464075
2011-06-24 04:00:00,6.224956123243496
2011-06-24 05:00:00,20.388401527503728
2011-06-24 06:00:00,95.26564671353124
2011-06-24 07:00:00,264.25499690660996
2011-06-24 08:00:00,443.37012955364327
2011-06-24 09:00:00,228.08661580331994
2011-06-24 10:00:00,152.55119588851184
2011-06-24 11:00:00,182.60184690255647
2011-06-24 12:00:00,226.4661657456041
2011-06-24 13:00:00,235.30200223409707
2011-06-24 14:00:00,221.5178620430642
2011-06-24 15:00:00,235.73879425619216
2011-06-24 16:00:00,321.6277628050926
2011-06-24 17:00:00,545.5888058073483
2011-06-24 18:00:00,465.8159460870057
2011-06-24 19:00:00,369.7947824843336
2011-06-24 20:00:00,266.7418730057426
2011-06-24 21:00:00,221.60971394732368
2011-06-24 22:00:00,206.76026845610608
2011-06-24 23:00:00,148.13088900635458
2011-06-25 00:00:00,108.7378691041351
2011-06-25 01:00:00,78.32086300338423
2011-06-25 02:00:00,55.42658902992581
2011-06-25 03:00:00,29.40061347055729
2011-06-25 04:00:00,8.258499849629924
2011-06-25 05:00:00,10.592205822733478
2011-06-25 06:00:00,23.33153678480653
2011-06-25 07:00:00,54.16507148874037
2011-06-25 08:00:00,142.22742542506276
2011-06-25 09:00:00,212.76118119738913
2011-06-25 10:00:00,295.7432505953842
2011-06-25 11:00:00,360.75796653168027
2011-06-25 12:00:00,418.4342656917237
2011-06-25 13:00:00,418.94310851119553
2011-06-25 14:00:00,411.39241803566927
2011-06-25 15:00:00,411.2170138484656
2011-06-25 16:00:00,413.94024701032015
2011-06-25 17:00:00,417.6525393681233
2011-06-25 18:00:00,377.2883283024127
2011-06-25 19:00:00,322.00040736917424
2011-06-25 20:00:00,257.9867381219802
2011-06-25 21:00:00,213.45285609276092
2011-06-25 22:00:00,179.9647944679652
2011-06-25 23:00:00,120.74689485696561
2011-06-26 00:00:00,105.82744929906673
2011-06-26 01:00:00,86.80221971284413
2011-06-26 02:00:00,69.97208200642044
2011-06-26 03:00:00,31.934726628012896
2011-06-26 04:00:00,9.356573793190794
2011-06-26 05:00:00,11.990759543971311
2011-06-26 06:00:00,21.679693939509527
2011-06-26 07:00:00,48.475542155466925
2011-06-26 08:00:00,106.8400791242952
2011-06-26 09:00:00,194.95637803808364
2011-06-26 10:00:00,291.74110223941364
2011-06-26 11:00:00,361.82766416868515
2011-06-26 12:00:00,402.32900334288905
2011-06-26 13:00:00,395.31629102849365
2011-06-26 14:00:00,387.3083499542965
2011-06-26 15:00:00,395.1620121084811
2011-06-26 16:00:00,387.55806314425473
2011-06-26 17:00:00,366.71620323514765
2011-06-26 18:00:00,344.694173136748
2011-06-26 19:00:00,305.3802187520174
2011-06-26 20:00:00,224.8339231918153
2011-06-26 21:00:00,180.99064269559764
2011-06-26 22:00:00,151.56760895025803
2011-06-26 23:00:00,93.85368727094622
2011-06-27 00:00:00,28.358027503537862
2011-06-27 01:00:00,11.743534038210113
2011-06-27 02:00:00,6.60948829549128
2011-06-27 03:00:00,4.397605658224085
2011-06-27 04:00:00,5.5825402275588605
2011-06-27 05:00:00,21.193607658072942
2011-06-27 06:00:00,109.65602612629911
2011-06-27 07:00:00,297.17674887868753
2011-06-27 08:00:00,396.0754049777026
2011-06-27 09:00:00,196.00278337733974
2011-06-27 10:00:00,125.84963507896357
2011-06-27 11:00:00,143.50894714103555
2011-06-27 12:00:00,187.68150309890356
2011-06-27 13:00:00,168.34091099946042
2011-06-27 14:00:00,162.89110583587419
2011-06-27 15:00:00,175.45396886660598
2011-06-27 16:00:00,285.805530363751
2011-06-27 17:00:00,559.6118338579781
2011-06-27 18:00:00,517.9445443399538
2011-06-27 19:00:00,392.0015216840126
2011-06-27 20:00:00,289.03167059248653
2011-06-27 21:00:00,196.01358782064707
2011-06-27 22:00:00,134.1626421566335
2011-06-27 23:00:00,82.39031093903532
2011-06-28 00:00:00,31.808314317397638
2011-06-28 01:00:00,14.713727964624535
2011-06-28 02:00:00,7.638786380606575
2011-06-28 03:00:00,5.393322378148442
2011-06-28 04:00:00,7.0567736521075535
2011-06-28 05:00:00,22.81620278263386
2011-06-28 06:00:00,111.62400550876013
2011-06-28 07:00:00,305.0516135350407
2011-06-28 08:00:00,423.2177803923079
2011-06-28 09:00:00,199.5862587853967
2011-06-28 10:00:00,124.45577630042877
2011-06-28 11:00:00,145.5464760866473
2011-06-28 12:00:00,169.2189771995514
2011-06-28 13:00:00,172.52134374605743
2011-06-28 14:00:00,151.65581018816715
2011-06-28 15:00:00,160.1459583005122
2011-06-28 16:00:00,243.06937620303083
2011-06-28 17:00:00,446.1978913591553
2011-06-28 18:00:00,394.7917741329557
2011-06-28 19:00:00,330.69486066081333
2011-06-28 20:00:00,284.9353558915733
2011-06-28 21:00:00,210.3213087712595
2011-06-28 22:00:00,137.00369772409243
2011-06-28 23:00:00,88.07850096958086
2011-06-29 00:00:00,31.767444210369433
2011-06-29 01:00:00,14.426288990790079
2011-06-29 02:00:00,6.726523244972158
2011-06-29 03:00:00,5.292187498983214
2011-06-29 04:00:00,6.678732541720288
2011-06-29 05:00:00,26.833099884488767
2011-06-29 06:00:00,109.24314695010602
2011-06-29 07:00:00,308.80039076274363
2011-06-29 08:00:00,443.11777020324496
2011-06-29 09:00:00,201.34454120417485
2011-06-29 10:00:00,124.10952775703906
2011-06-29 11:00:00,156.54615818562382
2011-06-29 12:00:00,202.82840952191987
2011-06-29 13:00:00,185.34292890114224
2011-06-29 14:00:00,162.20756465226887
2011-06-29 15:00:00,168.98490010444092
2011-06-29 16:00:00,272.71144465077634
2011-06-29 17:00:00,541.4992778400621
2011-06-29 18:00:00,544.8201971031998
2011-06-29 19:00:00,362.5887342824447
2011-06-29 20:00:00,274.79385777625043
2011-06-29 21:00:00,223.41372404853183
2011-06-29 22:00:00,162.89946949797374
2011-06-29 23:00:00,99.68918575249965
2011-06-30 00:00:00,40.487572400574564
2011-06-30 01:00:00,18.9789649310893
2011-06-30 02:00:00,8.257376646338745
2011-06-30 03:00:00,6.132702298075381
2011-06-30 04:00:00,5.951523684966579
2011-06-30 05:00:00,26.57443267654155
2011-06-30 06:00:00,114.13535170953949
2011-06-30 07:00:00,319.99931893057175
2011-06-30 08:00:00,428.07873378455815
2011-06-30 09:00:00,203.89946891651036
2011-06-30 10:00:00,125.22633227021302
2011-06-30 11:00:00,157.77921667063646
2011-06-30 12:00:00,198.1437594919008
2011-06-30 13:00:00,189.63266378490647
2011-06-30 14:00:00,160.07214153027388
2011-06-30 15:00:00,177.0947157420931
2011-06-30 16:00:00,277.6496158742273
2011-06-30 17:00:00,556.2878895182077
2011-06-30 18:00:00,543.5138569669696
2011-06-30 19:00:00,379.41741508933575
2011-06-30 20:00:00,299.7695031386171
2011-06-30 21:00:00,216.856488228557
2011-06-30 22:00:00,165.8612700585148
2011-06-30 23:00:00,115.26634443657736
2011-07-20 00:00:00,32.65987185010429
2011-07-20 01:00:00,15.122318171492964
2011-07-20 02:00:00,5.756445469301532
2011-07-20 03:00:00,5.336226221868129
2011-07-20 04:00:00,6.518846789209145
2011-07-20 05:00:00,29.743545968949682
2011-07-20 06:00:00,116.34705991849395
2011-07-20 07:00:00,301.8857358820957
2011-07-20 08:00:00,425.0974289751201
2011-07-20 09:00:00,202.00637261548246
2011-07-20 10:00:00,125.21425115219968
2011-07-20 11:00:00,143.17943852484723
2011-07-20 12:00:00,183.49455271690687
2011-07-20 13:00:00,166.905409097038
2011-07-20 14:00:00,147.28893583440728
2011-07-20 15:00:00,162.89588124584446
2011-07-20 16:00:00,274.6848269169116
2011-07-20 17:00:00,557.4934797399749
2011-07-20 18:00:00,542.7899526121107
2011-07-20 19:00:00,380.262819723809
2011-07-20 20:00:00,289.58700581722417
2011-07-20 21:00:00,217.4748912109027
2011-07-20 22:00:00,158.6153121706036
2011-07-20 23:00:00,100.58167740029276
2011-07-21 00:00:00,41.08436437782048
2011-07-21 01:00:00,16.0988274690053
2011-07-21 02:00:00,6.908196065815298
2011-07-21 03:00:00,4.991937038392449
2011-07-21 04:00:00,5.919873170046278
2011-07-21 05:00:00,23.276562993902964
2011-07-21 06:00:00,118.6762060127586
2011-07-21 07:00:00,298.316387717587
2011-07-21 08:00:00,426.7191356969296
2011-07-21 09:00:00,201.2560594240926
2011-07-21 10:00:00,126.03275810220012
2011-07-21 11:00:00,140.44710399569135
2011-07-21 12:00:00,168.44401631030487
2011-07-21 13:00:00,161.19542803991698
2011-07-21 14:00:00,153.42034914234372
2011-07-21 15:00:00,157.66007603619315
2011-07-21 16:00:00,252.85131361697003
2011-07-21 17:00:00,499.0971489469383
2011-07-21 18:00:00,498.437318987175
2011-07-21 19:00:00,362.25611148311964
2011-07-21 20:00:00,283.6181244253884
2011-07-21 21:00:00,214.89875340790928
2011-07-21 22:00:00,164.16666674934618
2011-07-21 23:00:00,108.9402924046037
2011-07-22 00:00:00,60.54597705381558
2011-07-22 01:00:00,29.37968441197983
2011-07-22 02:00:00,18.309540378471297
2011-07-22 03:00:00,6.588055245852383
2011-07-22 04:00:00,7.122616097632127
2011-07-22 05:00:00,22.999877869746335
2011-07-22 06:00:00,102.37291981654059
2011-07-22 07:00:00,267.37718526248443
2011-07-22 08:00:00,440.4760574283917
2011-07-22 09:00:00,224.87130666158524
2011-07-22 10:00:00,146.20319829753484
2011-07-22 11:00:00,175.53093083147266
2011-07-22 12:00:00,218.48432228827792
2011-07-22 13:00:00,221.56873407842932
2011-07-22 14:00:00,212.08793523372887
2011-07-22 15:00:00,226.0033549244522
2011-07-22 16:00:00,283.9592435300018
2011-07-22 17:00:00,493.16095264996284
2011-07-22 18:00:00,452.0913371542496
2011-07-22 19:00:00,335.95878816750826
2011-07-22 20:00:00,241.1143402665967
2011-07-22 21:00:00,209.3745792233467
2011-07-22 22:00:00,185.00810956929118
2011-07-22 23:00:00,147.34198579397432
2011-07-23 00:00:00,109.99972667282807
2011-07-23 01:00:00,83.6694087499325
2011-07-23 02:00:00,62.77276121770391
2011-07-23 03:00:00,28.11407256853131
2011-07-23 04:00:00,9.166967335811446
2011-07-23 05:00:00,10.714723686400461
2011-07-23 06:00:00,28.844680649823175
2011-07-23 07:00:00,62.710999473904295
2011-07-23 08:00:00,142.5079604014644
2011-07-23 09:00:00,207.6217100580189
2011-07-23 10:00:00,287.0491345738431
2011-07-23 11:00:00,336.81254135587534
2011-07-23 12:00:00,380.7176499755901
2011-07-23 13:00:00,383.27192008615697
2011-07-23 14:00:00,375.63939815979404
2011-07-23 15:00:00,379.9327463503927
2011-07-23 16:00:00,387.00871255709137
2011-07-23 17:00:00,379.99128983441955
2011-07-23 18:00:00,369.89768359989125
2011-07-23 19:00:00,302.7020143131216
2011-07-23 20:00:00,278.4580236945711
2011-07-23 21:00:00,227.07689014940175
2011-07-23 22:00:00,195.73708145526797
2011-07-23 23:00:00,131.50371217787242
2011-07-24 00:00:00,121.48713609238769
2011-07-24 01:00:00,87.71808300076422
2011-07-24 02:00:00,74.56825211001805
2011-07-24 03:00:00,30.478101773184356
2011-07-24 04:00:00,8.073161667798104
2011-07-24 05:00:00,10.54790972058971
2011-07-24 06:00:00,20.054477216790538
2011-07-24 07:00:00,55.1329765207833
2011-07-24 08:00:00,117.32339870432122
2011-07-24 09:00:00,194.75063133198108
2011-07-24 10:00:00,283.0438544717228
2011-07-24 11:00:00,336.3846018143166
2011-07-24 12:00:00,378.8886337287548
2011-07-24 13:00:00,379.1936597607983
2011-07-24 14:00:00,361.9705546133222
2011-07-24 15:00:00,355.13049943866065
2011-07-24 16:00:00,370.42084457981247
2011-07-24 17:00:00,374.92983682582803
2011-07-24 18:00:00,359.2852620983369
2011-07-24 19:00:00,320.52642302830594
2011-07-24 20:00:00,246.29276406843536
2011-07-24 21:00:00,199.27090739525178
2011-07-24 22:00:00,149.75363696743287
2011-07-24 23:00:00,93.88434974385636
2011-07-25 00:00:00,37.27137934404969
2011-07-25 01:00:00,13.926346869044508
2011-07-25 02:00:00,7.376774442478856
2011-07-25 03:00:00,4.530315735942248
2011-07-25 04:00:00,6.431117561579842
2011-07-25 05:00:00,22.373679487805894
2011-07-25 06:00:00,112.23547335834344
2011-07-25 07:00:00,299.46900110198055
2011-07-25 08:00:00,414.23531827073305
2011-07-25 09:00:00,193.10346356498644
2011-07-25 10:00:00,120.72759929838867
2011-07-25 11:00:00,138.1000825887151
2011-07-25 12:00:00,168.76102659744961
2011-07-25 13:00:00,159.47535433354545
2011-07-25 14:00:00,142.9926986901358
2011-07-25 15:00:00,144.18561449258695
2011-07-25 16:00:00,226.25656567166266
2011-07-25 17:00:00,495.52226995381824
2011-07-25 18:00:00,489.84470730995673
2011-07-25 19:00:00,381.52650771783885
2011-07-25 20:00:00,282.77981153810043
2011-07-25 21:00:00,175.5855674908549
2011-07-25 22:00:00,133.29270023545513
2011-07-25 23:00:00,73.95034919195822
2011-07-26 00:00:00,30.741055304933816
2011-07-26 01:00:00,16.05099350423988
2011-07-26 02:00:00,7.6308830403978165
2011-07-26 03:00:00,4.294682466908706
2011-07-26 04:00:00,5.6981001695409645
2011-07-26 05:00:00,24.951991624456458
2011-07-26 06:00:00,112.63461805644408
2011-07-26 07:00:00,307.75519119525495
2011-07-26 08:00:00,424.6336926555817
2011-07-26 09:00:00,196.89263351730813
2011-07-26 10:00:00,125.00659715585452
2011-07-26 11:00:00,143.99860914231976
2011-07-26 12:00:00,172.40866615289457
2011-07-26 13:00:00,171.8575392713999
2011-07-26 14:00:00,156.12243175044674
2011-07-26 15:00:00,162.55941207893247
2011-07-26 16:00:00,263.58725536275637
2011-07-26 17:00:00,534.7860950573961
2011-07-26 18:00:00,514.5657982397453
2011-07-26 19:00:00,364.7821501788436
2011-07-26 20:00:00,294.0881064342276
2011-07-26 21:00:00,235.76890051058535
2011-07-26 22:00:00,160.90631605950483
2011-07-26 23:00:00,85.48987204391445
2011-07-27 00:00:00,41.164069054859326
2011-07-27 01:00:00,16.411377811792832
2011-07-27 02:00:00,8.989453045292674
2011-07-27 03:00:00,4.172800507765617
2011-07-27 04:00:00,5.2670762818007635
2011-07-27 05:00:00,26.480303477435747
2011-07-27 06:00:00,114.35971216286582
2011-07-27 07:00:00,309.167339330991
2011-07-27 08:00:00,430.82754139357905
2011-07-27 09:00:00,199.18694999805024
2011-07-27 10:00:00,119.63571249790975
2011-07-27 11:00:00,147.52117790125803
2011-07-27 12:00:00,198.26532213836225
2011-07-27 13:00:00,179.37923830269727
2011-07-27 14:00:00,161.66235242183566
2011-07-27 15:00:00,170.57864129482624
2011-07-27 16:00:00,277.9672298403897
2011-07-27 17:00:00,562.927100457446
2011-07-27 18:00:00,545.4971672962408
2011-07-27 19:00:00,380.9147557522406
2011-07-27 20:00:00,300.7030373782399
2011-07-27 21:00:00,223.4507385512615
2011-07-27 22:00:00,156.7190012280533
2011-07-27 23:00:00,96.7500779859445
2011-07-28 00:00:00,44.97281205756293
2011-07-28 01:00:00,17.94372908766839
2011-07-28 02:00:00,9.074826013831503
2011-07-28 03:00:00,5.183380319424472
2011-07-28 04:00:00,5.844233178380454
2011-07-28 05:00:00,27.330945227327106
2011-07-28 06:00:00,112.87065990791191
2011-07-28 07:00:00,316.25972995649596
2011-07-28 08:00:00,426.4245783074336
2011-07-28 09:00:00,200.43995011712482
2011-07-28 10:00:00,121.15656354603667
2011-07-28 11:00:00,142.46941711377272
2011-07-28 12:00:00,173.5229202228748
2011-07-28 13:00:00,160.67199242785676
2011-07-28 14:00:00,160.248436707573
2011-07-28 15:00:00,163.34959493341094
2011-07-28 16:00:00,270.66159228289644
2011-07-28 17:00:00,559.8715692577168
2011-07-28 18:00:00,527.4052537718986
2011-07-28 19:00:00,379.97864507785516
2011-07-28 20:00:00,286.96332002076196
2011-07-28 21:00:00,206.49871093453567
2011-07-28 22:00:00,153.1625305766211
2011-07-28 23:00:00,108.37233695686953
2011-07-29 00:00:00,57.08630225822026
2011-07-29 01:00:00,26.953845600341833
2011-07-29 02:00:00,17.045024740698143
2011-07-29 03:00:00,5.670915179374079
2011-07-29 04:00:00,6.681030922344616
2011-07-29 05:00:00,21.65352655421458
2011-07-29 06:00:00,96.09174809985913
2011-07-29 07:00:00,275.37067654094443
2011-07-29 08:00:00,422.733099767769
2011-07-29 09:00:00,229.835211245547
2011-07-29 10:00:00,148.6325325179729
2011-07-29 11:00:00,174.49927897391882
2011-07-29 12:00:00,224.69913700107858
2011-07-29 13:00:00,236.42530162746343
2011-07-29 14:00:00,214.6695115909768
2011-07-29 15:00:00,250.32109009095748
2011-07-29 16:00:00,324.8470307633751
2011-07-29 17:00:00,508.50033589005443
2011-07-29 18:00:00,445.5639241129844
2011-07-29 19:00:00,354.63539833256067
2011-07-29 20:00:00,244.13322702821137
2011-07-29 21:00:00,214.11735983284507
2011-07-29 22:00:00,198.66072439604898
2011-07-29 23:00:00,145.98677131502814
2011-07-30 00:00:00,117.8129929602812
2011-07-30 01:00:00,83.33656430883477
2011-07-30 02:00:00,65.4363615848991
2011-07-30 03:00:00,29.78077492364568
2011-07-30 04:00:00,8.614267890970526
2011-07-30 05:00:00,10.790715282655919
2011-07-30 06:00:00,22.7629375917218
2011-07-30 07:00:00,56.70601095176844
2011-07-30 08:00:00,140.44115444521793
2011-07-30 09:00:00,217.36579297854001
2011-07-30 10:00:00,290.5951534224341
2011-07-30 11:00:00,339.05865622887325
2011-07-30 12:00:00,387.3947057338828
2011-07-30 13:00:00,388.1807442693333
2011-07-30 14:00:00,376.89961660127585
2011-07-30 15:00:00,370.23748972002085
2011-07-30 16:00:00,385.57406950990736
2011-07-30 17:00:00,376.6527909485745
2011-07-30 18:00:00,357.3714187513114
2011-07-30 19:00:00,325.32784483845097
2011-07-30 20:00:00,250.18854964477117
2011-07-30 21:00:00,222.6877778091151
2011-07-30 22:00:00,185.49715235528123
2011-07-30 23:00:00,131.77277452140623
2011-07-31 00:00:00,119.7805028748877
2011-07-31 01:00:00,90.87676951625902
2011-07-31 02:00:00,76.7634493693442
2011-07-31 03:00:00,30.202192816270202
2011-07-31 04:00:00,8.197359783011837
2011-07-31 05:00:00,12.132224953315674
2011-07-31 06:00:00,22.081563665581257
2011-07-31 07:00:00,56.533366907548896
2011-07-31 08:00:00,119.67125500238012
2011-07-31 09:00:00,193.45239078896697
2011-07-31 10:00:00,277.48096258202014
2011-07-31 11:00:00,329.63429368884584
2011-07-31 12:00:00,372.51656311580297
2011-07-31 13:00:00,374.810183327076
2011-07-31 14:00:00,358.410771838233
2011-07-31 15:00:00,350.3014853098249
2011-07-31 16:00:00,362.1256803334892
2011-07-31 17:00:00,351.87687613669993
2011-07-31 18:00:00,367.19094725637103
2011-07-31 19:00:00,308.4977738211551
2011-07-31 20:00:00,242.58285049487708
2011-07-31 21:00:00,199.12782553544218
2011-07-31 22:00:00,145.17154882748375
2011-07-31 23:00:00,89.62437445461389
2011-08-20 00:00:00,106.71461425920218
2011-08-20 01:00:00,82.1644571680984
2011-08-20 02:00:00,60.49595567103546
2011-08-20 03:00:00,27.710928535973302
2011-08-20 04:00:00,9.121505843495683
2011-08-20 05:00:00,11.477160421583452
2011-08-20 06:00:00,22.95708005218508
2011-08-20 07:00:00,50.282352761758325
2011-08-20 08:00:00,113.12417249311052
2011-08-20 09:00:00,201.73177640907028
2011-08-20 10:00:00,287.91368954741176
2011-08-20 11:00:00,363.8605374763091
2011-08-20 12:00:00,381.7831952381286
2011-08-20 13:00:00,387.67171689114656
2011-08-20 14:00:00,379.9809446965713
2011-08-20 15:00:00,383.0436991613277
2011-08-20 16:00:00,391.84913441300614
2011-08-20 17:00:00,407.4777218311668
2011-08-20 18:00:00,369.6939755177129
2011-08-20 19:00:00,320.63347092326046
2011-08-20 20:00:00,267.2253394587268
2011-08-20 21:00:00,204.94705566838442
2011-08-20 22:00:00,158.5677842921346
2011-08-20 23:00:00,117.07290198456269
2011-08-21 00:00:00,120.76297000310134
2011-08-21 01:00:00,81.53110986659439
2011-08-21 02:00:00,68.68640437659172
2011-08-21 03:00:00,34.58192818913841
2011-08-21 04:00:00,5.676391783676064
2011-08-21 05:00:00,8.16216835465784
2011-08-21 06:00:00,10.657172511969907
2011-08-21 07:00:00,41.46605221566997
2011-08-21 08:00:00,97.33756554650729
2011-08-21 09:00:00,189.35441244486964
2011-08-21 10:00:00,270.1933924899814
2011-08-21 11:00:00,329.85088990383287
2011-08-21 12:00:00,382.3767241116341
2011-08-21 13:00:00,396.89094344139284
2011-08-21 14:00:00,264.4237179676385
2011-08-21 15:00:00,288.93569471673595
2011-08-21 16:00:00,304.5725629993566
2011-08-21 17:00:00,281.89531061129765
2011-08-21 18:00:00,258.8369309474896
2011-08-21 19:00:00,295.0550099245287
2011-08-21 20:00:00,208.32911502801267
2011-08-21 21:00:00,180.6267877234914
2011-08-21 22:00:00,143.43085956790273
2011-08-21 23:00:00,94.43019397442254
2011-08-22 00:00:00,33.04863571493521
2011-08-22 01:00:00,14.047402410685004
2011-08-22 02:00:00,9.850166984341161
2011-08-22 03:00:00,4.358115503830344
2011-08-22 04:00:00,5.223423079690819
2011-08-22 05:00:00,25.951220474987075
2011-08-22 06:00:00,102.91985438433076
2011-08-22 07:00:00,293.04713591878647
2011-08-22 08:00:00,400.9213810562574
2011-08-22 09:00:00,201.25346878470577
2011-08-22 10:00:00,123.1376698954338
2011-08-22 11:00:00,151.0328711889843
2011-08-22 12:00:00,177.3256408369595
2011-08-22 13:00:00,168.14617613124187
2011-08-22 14:00:00,161.17180864866626
2011-08-22 15:00:00,168.32493814332543
2011-08-22 16:00:00,273.39971675941496
2011-08-22 17:00:00,538.3681086321714
2011-08-22 18:00:00,527.9827083540335
2011-08-22 19:00:00,381.98134307318225
2011-08-22 20:00:00,286.0520996639768
2011-08-22 21:00:00,202.86947062512326
2011-08-22 22:00:00,121.13630041838238
2011-08-22 23:00:00,82.09199488428645
2011-08-23 00:00:00,31.407404830844207
2011-08-23 01:00:00,14.295306463346174
2011-08-23 02:00:00,9.018727679279461
2011-08-23 03:00:00,3.8853950826546013
2011-08-23 04:00:00,5.002534798428192
2011-08-23 05:00:00,24.7889848653233
2011-08-23 06:00:00,112.53390081508462
2011-08-23 07:00:00,317.60440091732573
2011-08-23 08:00:00,441.17495414996847
2011-08-23 09:00:00,203.336252894245
2011-08-23 10:00:00,124.7378644717995
2011-08-23 11:00:00,152.87776132579313
2011-08-23 12:00:00,195.14447671898705
2011-08-23 13:00:00,190.1591241972832
2011-08-23 14:00:00,166.55510591522273
2011-08-23 15:00:00,177.32574305660435
2011-08-23 16:00:00,293.91734664673896
2011-08-23 17:00:00,571.6250411170053
2011-08-23 18:00:00,558.220861374348
2011-08-23 19:00:00,388.58819582965117
2011-08-23 20:00:00,284.34948832009985
2011-08-23 21:00:00,206.77872316494944
2011-08-23 22:00:00,157.80153980685253
2011-08-23 23:00:00,82.59965129642478
2011-08-24 00:00:00,36.7067503777193
2011-08-24 01:00:00,15.071152619116125
2011-08-24 02:00:00,8.20975788293386
2011-08-24 03:00:00,5.407464612475422
2011-08-24 04:00:00,6.532174539705467
2011-08-24 05:00:00,25.687636907316193
2011-08-24 06:00:00,110.13769621394849
2011-08-24 07:00:00,314.7462592898357
2011-08-24 08:00:00,446.7405590361139
2011-08-24 09:00:00,206.6296284096386
2011-08-24 10:00:00,124.6035717034458
2011-08-24 11:00:00,151.69759464671182
2011-08-24 12:00:00,190.7387097011545
2011-08-24 13:00:00,178.40018074088357
2011-08-24 14:00:00,169.72859429697905
2011-08-24 15:00:00,170.47867629007024
2011-08-24 16:00:00,269.43266975526564
2011-08-24 17:00:00,563.1747496669966
2011-08-24 18:00:00,524.6953417275806
2011-08-24 19:00:00,365.3390072871428
2011-08-24 20:00:00,274.1270805095811
2011-08-24 21:00:00,200.14190435832242
2011-08-24 22:00:00,141.90621097679917
2011-08-24 23:00:00,96.17670321102428
2011-08-25 00:00:00,41.08599223613297
2011-08-25 01:00:00,17.145343761702826
2011-08-25 02:00:00,7.957587755051239
2011-08-25 03:00:00,5.575392799449337
2011-08-25 04:00:00,5.979203874005259
2011-08-25 05:00:00,26.05872313885253
2011-08-25 06:00:00,104.5185439538272
2011-08-25 07:00:00,272.76882983251164
2011-08-25 08:00:00,422.7250047215304
2011-08-25 09:00:00,208.5468853550107
2011-08-25 10:00:00,126.99435337747563
2011-08-25 11:00:00,81.5074992128701
2011-08-25 12:00:00,112.83365753092303
2011-08-25 13:00:00,161.67565346742418
2011-08-25 14:00:00,153.43771932992445
2011-08-25 15:00:00,161.4903213182914
2011-08-25 16:00:00,210.1457562649989
2011-08-25 17:00:00,406.9084625920324
2011-08-25 18:00:00,389.6305679407493
2011-08-25 19:00:00,276.9019902086525
2011-08-25 20:00:00,237.2431750185263
2011-08-25 21:00:00,200.86503629341257
2011-08-25 22:00:00,144.87330451374868
2011-08-25 23:00:00,91.08335888808804
2011-08-26 00:00:00,56.95537177295266
2011-08-26 01:00:00,23.478677415458606
2011-08-26 02:00:00,13.212749808822087
2011-08-26 03:00:00,6.188351406279909
2011-08-26 04:00:00,6.119234460305174
2011-08-26 05:00:00,19.899194973913136
2011-08-26 06:00:00,94.47615329192547
2011-08-26 07:00:00,256.7114836635354
2011-08-26 08:00:00,414.9155518208828
2011-08-26 09:00:00,222.9549616978813
2011-08-26 10:00:00,157.64827612447934
2011-08-26 11:00:00,171.57084289733103
2011-08-26 12:00:00,227.3896734193484
2011-08-26 13:00:00,238.51902254356895
2011-08-26 14:00:00,212.02201975123336
2011-08-26 15:00:00,239.78766103158455
2011-08-26 16:00:00,326.4476907336286
2011-08-26 17:00:00,495.651933610571
2011-08-26 18:00:00,397.74570826549683
2011-08-26 19:00:00,291.2375244932457
2011-08-26 20:00:00,216.372377423699
2011-08-26 21:00:00,189.27499438566716
2011-08-26 22:00:00,172.97385805175458
2011-08-26 23:00:00,138.9889560830881
2011-08-27 00:00:00,111.49848450860722
2011-08-27 01:00:00,78.35821841830656
2011-08-27 02:00:00,61.23795804047886
2011-08-27 03:00:00,31.90800266247403
2011-08-27 04:00:00,7.540981499570961
2011-08-27 05:00:00,8.748696064803323
2011-08-27 06:00:00,20.22950562492008
2011-08-27 07:00:00,41.59015940113516
2011-08-27 08:00:00,116.05537872775592
2011-08-27 09:00:00,160.2274682014114
2011-08-27 10:00:00,221.41088021972104
2011-08-27 11:00:00,136.8268567802607
2011-08-27 12:00:00,179.45518175404914
2011-08-27 13:00:00,199.9721134008904
2011-08-27 14:00:00,131.1384041816138
2011-08-27 15:00:00,135.70875895425485
2011-08-27 16:00:00,119.53542845563864
2011-08-27 17:00:00,99.46146777917542
2011-08-28 07:00:00,35.35456825150051
2011-08-28 08:00:00,85.11776009823286
2011-08-28 09:00:00,183.22552576434924
2011-08-28 10:00:00,256.2991191090582
2011-08-28 11:00:00,343.4193272996515
2011-08-28 12:00:00,402.1850014216363
2011-08-28 13:00:00,410.9816194515321
2011-08-28 14:00:00,390.1816783195527
2011-08-28 15:00:00,385.06025184960714
2011-08-28 16:00:00,372.0104436547689
2011-08-28 17:00:00,385.31686024855856
2011-08-28 18:00:00,366.431096460744
2011-08-28 19:00:00,314.6817136488182
2011-08-28 20:00:00,233.33899750949712
2011-08-28 21:00:00,187.2056348235713
2011-08-28 22:00:00,136.76924682148413
2011-08-28 23:00:00,85.92464659658985
2011-08-29 00:00:00,36.1729973341337
2011-08-29 01:00:00,14.743875128547867
2011-08-29 02:00:00,8.824250947453564
2011-08-29 03:00:00,6.101728997035027
2011-08-29 04:00:00,5.643699922776237
2011-08-29 05:00:00,23.89873309860366
2011-08-29 06:00:00,111.98219049452014
2011-08-29 07:00:00,304.17850532538483
2011-08-29 08:00:00,417.5783910086645
2011-08-29 09:00:00,200.2255640377362
2011-08-29 10:00:00,123.03512509323846
2011-08-29 11:00:00,152.6345126300252
2011-08-29 12:00:00,189.720758394974
2011-08-29 13:00:00,191.18564765354967
2011-08-29 14:00:00,172.33808898533857
2011-08-29 15:00:00,176.47681888234337
2011-08-29 16:00:00,294.4707441140719
2011-08-29 17:00:00,535.968319227583
2011-08-29 18:00:00,520.20783327359
2011-08-29 19:00:00,381.7675813780334
2011-08-29 20:00:00,285.2461339226702
2011-08-29 21:00:00,206.81562336727015
2011-08-29 22:00:00,143.43548039395014
2011-08-29 23:00:00,74.80581274462322
2011-08-30 00:00:00,34.34060316868941
2011-08-30 01:00:00,13.046858424607354
2011-08-30 02:00:00,7.327453621748454
2011-08-30 03:00:00,4.736252843550785
2011-08-30 04:00:00,6.100116532869358
2011-08-30 05:00:00,22.491843159344267
2011-08-30 06:00:00,111.24068464418171
2011-08-30 07:00:00,316.0624398282547
2011-08-30 08:00:00,452.29948833976806
2011-08-30 09:00:00,204.22599878067695
2011-08-30 10:00:00,126.20568689495485
2011-08-30 11:00:00,151.94988018026282
2011-08-30 12:00:00,194.09866830772688
2011-08-30 13:00:00,189.03892301942224
2011-08-30 14:00:00,172.539022216892
2011-08-30 15:00:00,176.91072424841792
2011-08-30 16:00:00,297.4986807197869
2011-08-30 17:00:00,562.4144435513685
2011-08-30 18:00:00,548.2594134936883
2011-08-30 19:00:00,374.63739710363313
2011-08-30 20:00:00,282.9565569733057
2011-08-30 21:00:00,208.93409013334318
2011-08-30 22:00:00,153.911041291128
2011-08-30 23:00:00,84.65656892059819
2011-08-31 00:00:00,31.74848467324105
2011-08-31 01:00:00,13.864291755757202
2011-08-31 02:00:00,6.6788813405007215
2011-08-31 03:00:00,5.687314665217031
2011-08-31 04:00:00,6.206960296824066
2011-08-31 05:00:00,26.38367803080147
2011-08-31 06:00:00,108.69146200909422
2011-08-31 07:00:00,325.68770185349086
2011-08-31 08:00:00,438.54137096844335
2011-08-31 09:00:00,207.25465751107586
2011-08-31 10:00:00,126.29596034887012
2011-08-31 11:00:00,150.86900776301678
2011-08-31 12:00:00,194.71949678904141
2011-08-31 13:00:00,185.8082983904238
2011-08-31 14:00:00,169.02003703624442
2011-08-31 15:00:00,171.5835896166058
2011-08-31 16:00:00,293.2910215642442
2011-08-31 17:00:00,564.9175648239643
2011-08-31 18:00:00,540.2787769839066
2011-08-31 19:00:00,373.344792533641
2011-08-31 20:00:00,290.98044808247096
2011-08-31 21:00:00,212.85493995959308
2011-08-31 22:00:00,150.5783203148388
2011-08-31 23:00:00,80.15162848462231
2011-09-20 00:00:00,32.88347619557589
2011-09-20 01:00:00,11.800037417889925
2011-09-20 02:00:00,5.114019654288096
2011-09-20 03:00:00,4.403160813855462
2011-09-20 04:00:00,4.881843953462836
2011-09-20 05:00:00,20.563314831425856
2011-09-20 06:00:00,97.97085385119503
2011-09-20 07:00:00,268.6830822613224
2011-09-20 08:00:00,226.1555450790307
2011-09-20 09:00:00,113.06064464365711
2011-09-20 10:00:00,79.26506509187526
2011-09-20 11:00:00,78.92591391958828
2011-09-20 12:00:00,90.58694537702787
2011-09-20 13:00:00,90.82014196913019
2011-09-20 14:00:00,101.74878325037173
2011-09-20 15:00:00,159.06164438595084
2011-09-20 16:00:00,214.1094155304933
2011-09-20 17:00:00,410.78342920136174
2011-09-20 18:00:00,410.22992998120856
2011-09-20 19:00:00,258.88269988569994
2011-09-20 20:00:00,157.5356774859188
2011-09-20 21:00:00,106.65603897909841
2011-09-20 22:00:00,99.44501027350748
2011-09-20 23:00:00,67.4601111658026
2011-09-21 00:00:00,23.8782917705353
2011-09-21 01:00:00,10.354821774275411
2011-09-21 02:00:00,6.351563246275042
2011-09-21 03:00:00,4.101405596732509
2011-09-21 04:00:00,4.623179999523049
2011-09-21 05:00:00,14.609057288355052
2011-09-21 06:00:00,82.50309797924407
2011-09-21 07:00:00,201.0912435877643
2011-09-21 08:00:00,329.2325893411429
2011-09-21 09:00:00,125.07821609073417
2011-09-21 10:00:00,86.54397176760276
2011-09-21 11:00:00,115.59922585008243
2011-09-21 12:00:00,159.67719956301795
2011-09-21 13:00:00,160.71056122753117
2011-09-21 14:00:00,154.02695134089322
2011-09-21 15:00:00,157.5953379342145
2011-09-21 16:00:00,262.4942547773833
2011-09-21 17:00:00,379.58931842882225
2011-09-21 18:00:00,324.5162516595159
2011-09-21 19:00:00,175.16967224880258
2011-09-21 20:00:00,110.68745813156393
2011-09-21 21:00:00,81.32388960625546
2011-09-21 22:00:00,83.38412334938565
2011-09-21 23:00:00,67.17656631863255
2011-09-22 00:00:00,28.112915776958193
2011-09-22 01:00:00,12.023435912766118
2011-09-22 02:00:00,6.823812444010592
2011-09-22 03:00:00,4.597105920982546
2011-09-22 04:00:00,4.388052619382789
2011-09-22 05:00:00,19.51631708562795
2011-09-22 06:00:00,88.02790940874804
2011-09-22 07:00:00,211.434943437708
2011-09-22 08:00:00,305.4915211408289
2011-09-22 09:00:00,126.20742601077714
2011-09-22 10:00:00,95.64116432518502
2011-09-22 11:00:00,101.53700294415526
2011-09-22 12:00:00,150.24271390561472
2011-09-22 13:00:00,146.99547457503763
2011-09-22 14:00:00,135.03462012178633
2011-09-22 15:00:00,146.8013826396729
2011-09-22 16:00:00,269.24516992129884
2011-09-22 17:00:00,392.7086044989595
2011-09-22 18:00:00,357.69209216725983
2011-09-22 19:00:00,220.29958486842702
2011-09-22 20:00:00,128.62226747672548
2011-09-22 21:00:00,109.80768681321274
2011-09-22 22:00:00,84.89309995903349
2011-09-22 23:00:00,70.84553859947935
2011-09-23 00:00:00,37.37710785208865
2011-09-23 01:00:00,16.18742104631966
2011-09-23 02:00:00,10.265823012409825
2011-09-23 03:00:00,5.556773173388717
2011-09-23 04:00:00,4.3345443099785905
2011-09-23 05:00:00,17.602907906640347
2011-09-23 06:00:00,79.97856271805135
2011-09-23 07:00:00,137.5784943783652
2011-09-23 08:00:00,232.93100000195676
2011-09-23 09:00:00,125.81141839013449
2011-09-23 10:00:00,71.6347670864872
2011-09-23 11:00:00,81.64652219553905
2011-09-23 12:00:00,110.8323033061595
2011-09-23 13:00:00,110.74505479537625
2011-09-23 14:00:00,93.61857376761324
2011-09-23 15:00:00,121.78314858321396
2011-09-23 16:00:00,173.03548094134476
2011-09-23 17:00:00,267.99736593962797
2011-09-23 18:00:00,257.69768021505365
2011-09-23 19:00:00,213.16928590314214
2011-09-23 20:00:00,150.8009041935512
2011-09-23 21:00:00,110.23953859400383
2011-09-23 22:00:00,119.85395490076651
2011-09-23 23:00:00,89.0792904034942
2011-09-24 00:00:00,85.60808488330922
2011-09-24 01:00:00,68.37479793886432
2011-09-24 02:00:00,54.63923157509188
2011-09-24 03:00:00,25.513751662352554
2011-09-24 04:00:00,8.274249404141742
2011-09-24 05:00:00,9.940910698443366
2011-09-24 06:00:00,13.286158425699957
2011-09-24 07:00:00,45.18137323734239
2011-09-24 08:00:00,94.05310018601965
2011-09-24 09:00:00,136.8915832760003
2011-09-24 10:00:00,215.08794521336668
2011-09-24 11:00:00,267.25187172163237
2011-09-24 12:00:00,289.54747386289813
2011-09-24 13:00:00,329.96628417810086
2011-09-24 14:00:00,320.31384349995886
2011-09-24 15:00:00,326.8763051010963
2011-09-24 16:00:00,307.8135177968876
2011-09-24 17:00:00,326.26876057638435
2011-09-24 18:00:00,284.9810554822819
2011-09-24 19:00:00,204.4528721125307
2011-09-24 20:00:00,186.4635464797493
2011-09-24 21:00:00,163.70509452734365
2011-09-24 22:00:00,118.38326909385928
2011-09-24 23:00:00,98.40069392351192
2011-09-25 00:00:00,91.31269800962579
2011-09-25 01:00:00,74.44277265882346
2011-09-25 02:00:00,48.934897264488725
2011-09-25 03:00:00,22.066854666717564
2011-09-25 04:00:00,6.500039895942846
2011-09-25 05:00:00,12.788881271908691
2011-09-25 06:00:00,13.89776228775398
2011-09-25 07:00:00,36.51653001239815
2011-09-25 08:00:00,89.01355176822072
2011-09-25 09:00:00,165.94981775164553
2011-09-25 10:00:00,240.05154363117134
2011-09-25 11:00:00,290.689558155369
2011-09-25 12:00:00,318.4534698803952
2011-09-25 13:00:00,320.73910435080273
2011-09-25 14:00:00,308.7243162289484
2011-09-25 15:00:00,311.63298097681763
2011-09-25 16:00:00,371.1773425138723
2011-09-25 17:00:00,319.90669630480454
2011-09-25 18:00:00,279.7134849208285
2011-09-25 19:00:00,227.22214954698978
2011-09-25 20:00:00,184.98136021768605
2011-09-25 21:00:00,111.35251522078349
2011-09-25 22:00:00,116.22063382519579
2011-09-25 23:00:00,84.8753852347108
2011-09-26 00:00:00,25.272744656419064
2011-09-26 01:00:00,11.328063110143663
2011-09-26 02:00:00,5.465378893444111
2011-09-26 03:00:00,3.593425890316122
2011-09-26 04:00:00,5.307029650027258
2011-09-26 05:00:00,21.055030944852916
2011-09-26 06:00:00,90.27974293751058
2011-09-26 07:00:00,235.9087279333297
2011-09-26 08:00:00,351.38567223590826
2011-09-26 09:00:00,180.1907608901969
2011-09-26 10:00:00,100.19984217705118
2011-09-26 11:00:00,132.66687110276357
2011-09-26 12:00:00,161.5604887203138
2011-09-26 13:00:00,170.00184680903848
2011-09-26 14:00:00,165.53570004115454
2011-09-26 15:00:00,181.92473843256948
2011-09-26 16:00:00,292.04255368868695
2011-09-26 17:00:00,545.5057655022928
2011-09-26 18:00:00,405.21329088692914
2011-09-26 19:00:00,266.1937574871427
2011-09-26 20:00:00,191.11342561656747
2011-09-26 21:00:00,137.84014133102397
2011-09-26 22:00:00,106.2472988795093
2011-09-26 23:00:00,66.33483261188876
2011-09-27 00:00:00,26.11230044314372
2011-09-27 01:00:00,10.76676800480246
2011-09-27 02:00:00,6.093032036680195
2011-09-27 03:00:00,3.6985042034846827
2011-09-27 04:00:00,4.198350336974864
2011-09-27 05:00:00,14.112346449456975
2011-09-27 06:00:00,93.83998118591276
2011-09-27 07:00:00,242.1103582471971
2011-09-27 08:00:00,380.5326277997804
2011-09-27 09:00:00,139.08308267127148
2011-09-27 10:00:00,66.97462452434104
2011-09-27 11:00:00,100.61447960791297
2011-09-27 12:00:00,114.36026246617811
2011-09-27 13:00:00,170.35319122367068
2011-09-27 14:00:00,143.96108939900057
2011-09-27 15:00:00,145.02672892045416
2011-09-27 16:00:00,209.3912740872807
2011-09-27 17:00:00,326.90912786112517
2011-09-27 18:00:00,328.35168740490724
2011-09-27 19:00:00,234.76589728641184
2011-09-27 20:00:00,237.8911183077968
2011-09-27 21:00:00,169.43658608602385
2011-09-27 22:00:00,124.8735703507779
2011-09-27 23:00:00,67.54598373346536
2011-09-28 00:00:00,27.758802670281067
2011-09-28 01:00:00,11.918980810406904
2011-09-28 02:00:00,5.435848143149737
2011-09-28 03:00:00,4.311848527175121
2011-09-28 04:00:00,6.113197372667937
2011-09-28 05:00:00,19.7065455439027
2011-09-28 06:00:00,62.82712581589139
2011-09-28 07:00:00,131.62681445680994
2011-09-28 08:00:00,223.19544670771197
2011-09-28 09:00:00,120.9353220191014
2011-09-28 10:00:00,65.22208808985701
2011-09-28 11:00:00,117.1068014740371
2011-09-28 12:00:00,152.84222608015426
2011-09-28 13:00:00,175.70972830789395
2011-09-28 14:00:00,168.4476678296797
2011-09-28 15:00:00,174.498076836471
2011-09-28 16:00:00,290.3749124677697
2011-09-28 17:00:00,544.448065477551
2011-09-28 18:00:00,300.3555571698008
2011-09-28 19:00:00,224.32080857032975
2011-09-28 20:00:00,142.34214260096596
2011-09-28 21:00:00,91.71164672898881
2011-09-28 22:00:00,123.23070153670633
2011-09-28 23:00:00,68.14872309446193
2011-09-29 00:00:00,26.360820645785033
2011-09-29 01:00:00,11.382823147027313
2011-09-29 02:00:00,6.22430022011886
2011-09-29 03:00:00,4.8902209413394
2011-09-29 04:00:00,5.498721673631461
2011-09-29 05:00:00,22.378558299242222
2011-09-29 06:00:00,107.54006355052562
2011-09-29 07:00:00,284.73119475119125
2011-09-29 08:00:00,429.18357110815066
2011-09-29 09:00:00,204.21827701060832
2011-09-29 10:00:00,130.89517763000464
2011-09-29 11:00:00,150.51409315831856
2011-09-29 12:00:00,194.89306322989768
2011-09-29 13:00:00,186.94199045578483
2011-09-29 14:00:00,172.58100616952498
2011-09-29 15:00:00,178.73460898184877
2011-09-29 16:00:00,279.5476405467565
2011-09-29 17:00:00,527.4557615155616
2011-09-29 18:00:00,508.06870412914424
2011-09-29 19:00:00,346.68625331953626
2011-09-29 20:00:00,251.52163695594658
2011-09-29 21:00:00,192.4891785746648
2011-09-29 22:00:00,140.20779552476466
2011-09-29 23:00:00,84.85080554668758
2011-09-30 00:00:00,50.80380653183565
2011-09-30 01:00:00,24.274861912039405
2011-09-30 02:00:00,13.02861107157482
2011-09-30 03:00:00,6.274029327910356
2011-09-30 04:00:00,6.327721084492955
2011-09-30 05:00:00,24.03420837831883
2011-09-30 06:00:00,90.70162795952714
2011-09-30 07:00:00,248.1935057878408
2011-09-30 08:00:00,429.27025414008466
2011-09-30 09:00:00,226.49229745351786
2011-09-30 10:00:00,156.53588329808494
2011-09-30 11:00:00,196.59345906276238
2011-09-30 12:00:00,234.09117421685602
2011-09-30 13:00:00,225.34544276829655
2011-09-30 14:00:00,215.10986918519103
2011-09-30 15:00:00,233.72442856217236
2011-09-30 16:00:00,349.21713903044713
2011-09-30 17:00:00,524.0778031064343
2011-09-30 18:00:00,441.8318319823089
2011-09-30 19:00:00,283.26770403231666
2011-09-30 20:00:00,206.25376699214166
2011-09-30 21:00:00,168.04181094316837
2011-09-30 22:00:00,135.80530819655124
2011-09-30 23:00:00,110.26527266587944
2011-10-20 00:00:00,23.29566214001664
2011-10-20 01:00:00,12.674185034164836
2011-10-20 02:00:00,6.24854906566933
2011-10-20 03:00:00,4.281771464474266
2011-10-20 04:00:00,5.031890917420482
2011-10-20 05:00:00,24.39304551895851
2011-10-20 06:00:00,80.01120255287383
2011-10-20 07:00:00,254.35599354621144
2011-10-20 08:00:00,378.6671077068394
2011-10-20 09:00:00,185.56215440223008
2011-10-20 10:00:00,113.84033017848647
2011-10-20 11:00:00,126.42041017767693
2011-10-20 12:00:00,160.36764027421424
2011-10-20 13:00:00,157.7162476351195
2011-10-20 14:00:00,132.66531776727234
2011-10-20 15:00:00,145.43405550405583
2011-10-20 16:00:00,221.53509554490287
2011-10-20 17:00:00,378.55439604298755
2011-10-20 18:00:00,370.6070689720585
2011-10-20 19:00:00,263.6317214856146
2011-10-20 20:00:00,198.575816888483
2011-10-20 21:00:00,140.1466637048327
2011-10-20 22:00:00,106.60030038869986
2011-10-20 23:00:00,75.4576496657333
2011-10-21 00:00:00,46.05002408229494
2011-10-21 01:00:00,22.895701668648165
2011-10-21 02:00:00,12.107395794382523
2011-10-21 03:00:00,5.969905385577578
2011-10-21 04:00:00,4.539854622732625
2011-10-21 05:00:00,20.960650979268042
2011-10-21 06:00:00,84.05144950134101
2011-10-21 07:00:00,232.39421630438574
2011-10-21 08:00:00,409.25127640617427
2011-10-21 09:00:00,223.36662768846327
2011-10-21 10:00:00,140.41515439534953
2011-10-21 11:00:00,174.0431656130657
2011-10-21 12:00:00,209.27094877126711
2011-10-21 13:00:00,202.33954594116034
2011-10-21 14:00:00,198.40546948279143
2011-10-21 15:00:00,217.99823544501464
2011-10-21 16:00:00,297.3758705863282
2011-10-21 17:00:00,406.8546794059158
2011-10-21 18:00:00,362.36055815977005
2011-10-21 19:00:00,232.9615746930465
2011-10-21 20:00:00,173.07884055989268
2011-10-21 21:00:00,134.1701268708455
2011-10-21 22:00:00,120.53230609221016
2011-10-21 23:00:00,93.60886363249524
2011-10-22 00:00:00,78.10977849413763
2011-10-22 01:00:00,63.833906245579854
2011-10-22 02:00:00,48.78195541239835
2011-10-22 03:00:00,23.189626660410397
2011-10-22 04:00:00,6.8318012286284615
2011-10-22 05:00:00,7.13178114691205
2011-10-22 06:00:00,17.936481605035116
2011-10-22 07:00:00,43.08361696629366
2011-10-22 08:00:00,86.42741672873932
2011-10-22 09:00:00,147.07283049858086
2011-10-22 10:00:00,228.29655192623244
2011-10-22 11:00:00,271.6405513430417
2011-10-22 12:00:00,340.94845569601046
2011-10-22 13:00:00,361.56005479003386
2011-10-22 14:00:00,316.97081869145455
2011-10-22 15:00:00,333.6540384867093
2011-10-22 16:00:00,334.5301758154984
2011-10-22 17:00:00,284.1474336154195
2011-10-22 18:00:00,230.61867679048206
2011-10-22 19:00:00,199.14320111768774
2011-10-22 20:00:00,148.7738543413671
2011-10-22 21:00:00,114.57625035543295
2011-10-22 22:00:00,98.17617450809462
2011-10-22 23:00:00,73.7047726193891
2011-10-23 00:00:00,75.8617875434029
2011-10-23 01:00:00,64.94924844780067
2011-10-23 02:00:00,46.847729594899
2011-10-23 03:00:00,21.82935758001685
2011-10-23 04:00:00,8.69909324394326
2011-10-23 05:00:00,7.311478970643179
2011-10-23 06:00:00,15.682915032616766
2011-10-23 07:00:00,35.05473121411064
2011-10-23 08:00:00,75.90732538576349
2011-10-23 09:00:00,133.67757773512378
2011-10-23 10:00:00,246.7577088274606
2011-10-23 11:00:00,281.00066191291586
2011-10-23 12:00:00,330.80164716979
2011-10-23 13:00:00,344.17805049403324
2011-10-23 14:00:00,342.70828958604284
2011-10-23 15:00:00,340.37639767000854
2011-10-23 16:00:00,339.90325005375263
2011-10-23 17:00:00,291.14080333472026
2011-10-23 18:00:00,254.96282965068355
2011-10-23 19:00:00,188.80267567824552
2011-10-23 20:00:00,136.9780541496103
2011-10-23 21:00:00,106.86246152953042
2011-10-23 22:00:00,79.99458081421314
2011-10-23 23:00:00,65.94851902160175
2011-10-24 00:00:00,27.355104315097645
2011-10-24 01:00:00,10.843079316357672
2011-10-24 02:00:00,5.132241422303073
2011-10-24 03:00:00,5.7663258221607645
2011-10-24 04:00:00,6.059380518700365
2011-10-24 05:00:00,22.82266884314242
2011-10-24 06:00:00,89.90286068358847
2011-10-24 07:00:00,247.27381364824174
2011-10-24 08:00:00,390.14545369494317
2011-10-24 09:00:00,192.08852138996681
2011-10-24 10:00:00,104.98752557243915
2011-10-24 11:00:00,121.19861245891859
2011-10-24 12:00:00,167.22435572898547
2011-10-24 13:00:00,159.58810320356923
2011-10-24 14:00:00,145.28293812026774
2011-10-24 15:00:00,187.79752137940054
2011-10-24 16:00:00,271.20740911473547
2011-10-24 17:00:00,505.3467834525997
2011-10-24 18:00:00,492.14582710423093
2011-10-24 19:00:00,205.16191496158143
2011-10-24 20:00:00,219.37629214918715
2011-10-24 21:00:00,156.12554457796978
2011-10-24 22:00:00,117.64786836031287
2011-10-24 23:00:00,65.46781339425075
2011-10-25 00:00:00,35.695626637676995
2011-10-25 01:00:00,13.400488417202007
2011-10-25 02:00:00,4.905436449497512
2011-10-25 03:00:00,4.319895874408215
2011-10-25 04:00:00,5.757569919563521
2011-10-25 05:00:00,23.020786604444446
2011-10-25 06:00:00,103.10430638925425
2011-10-25 07:00:00,271.87395928568674
2011-10-25 08:00:00,422.8992893522277
2011-10-25 09:00:00,202.98396311683342
2011-10-25 10:00:00,122.01623678315839
2011-10-25 11:00:00,134.48507314721672
2011-10-25 12:00:00,180.6388712760404
2011-10-25 13:00:00,175.61196254620927
2011-10-25 14:00:00,162.84809738815707
2011-10-25 15:00:00,176.61738885095923
2011-10-25 16:00:00,277.84619307772897
2011-10-25 17:00:00,516.080456391971
2011-10-25 18:00:00,468.8328704393648
2011-10-25 19:00:00,296.2778179107542
2011-10-25 20:00:00,213.98353767540743
2011-10-25 21:00:00,156.40281775975026
2011-10-25 22:00:00,120.73721451860555
2011-10-25 23:00:00,67.41863490773615
2011-10-26 00:00:00,37.829172735929944
2011-10-26 01:00:00,12.720571910294437
2011-10-26 02:00:00,6.858972835990604
2011-10-26 03:00:00,4.621436526611992
2011-10-26 04:00:00,4.897014661616462
2011-10-26 05:00:00,24.054339866555146
2011-10-26 06:00:00,104.14177179109166
2011-10-26 07:00:00,283.0720414273808
2011-10-26 08:00:00,421.768398852699
2011-10-26 09:00:00,208.23186701263435
2011-10-26 10:00:00,122.98533832453556
2011-10-26 11:00:00,130.0755779699669
2011-10-26 12:00:00,153.42508800747183
2011-10-26 13:00:00,137.3458604906482
2011-10-26 14:00:00,136.56584612157425
2011-10-26 15:00:00,149.8248047019627
2011-10-26 16:00:00,226.74037775612618
2011-10-26 17:00:00,424.23393694684654
2011-10-26 18:00:00,455.1891919589354
2011-10-26 19:00:00,259.9590802652036
2011-10-26 20:00:00,195.3345688165483
2011-10-26 21:00:00,165.46342036293592
2011-10-26 22:00:00,113.76675514512996
2011-10-26 23:00:00,66.02011265071039
2011-10-27 00:00:00,28.05214213480583
2011-10-27 01:00:00,10.464733539816553
2011-10-27 02:00:00,5.571465823520878
2011-10-27 03:00:00,3.2545393818990385
2011-10-27 04:00:00,4.1096502927118035
2011-10-27 05:00:00,17.077441037209656
2011-10-27 06:00:00,68.06827356524789
2011-10-27 07:00:00,248.0716056985434
2011-10-27 08:00:00,245.1067387500421
2011-10-27 09:00:00,202.31325335030897
2011-10-27 10:00:00,83.98473436952155
2011-10-27 11:00:00,93.47267991804044
2011-10-27 12:00:00,80.36645711727013
2011-10-27 13:00:00,120.2271385392344
2011-10-27 14:00:00,124.06454241537759
2011-10-27 15:00:00,141.23358644921944
2011-10-27 16:00:00,254.26630115793606
2011-10-27 17:00:00,363.76134858022124
2011-10-27 18:00:00,351.4822073488537
2011-10-27 19:00:00,234.94578517195743
2011-10-27 20:00:00,195.64176769023953
2011-10-27 21:00:00,118.44677327059529
2011-10-27 22:00:00,88.57917338859303
2011-10-27 23:00:00,59.88848481636764
2011-10-28 00:00:00,41.5837532975812
2011-10-28 01:00:00,18.553699556254827
2011-10-28 02:00:00,10.353267452275567
2011-10-28 03:00:00,4.161393655538116
2011-10-28 04:00:00,4.162215373587978
2011-10-28 05:00:00,18.992079360975602
2011-10-28 06:00:00,76.96146263235669
2011-10-28 07:00:00,221.076413906457
2011-10-28 08:00:00,387.47233505087723
2011-10-28 09:00:00,214.61212056559765
2011-10-28 10:00:00,119.81258915147698
2011-10-28 11:00:00,145.61867043474678
2011-10-28 12:00:00,179.2696966896807
2011-10-28 13:00:00,173.34663127847836
2011-10-28 14:00:00,157.6252106972491
2011-10-28 15:00:00,173.1848879328984
2011-10-28 16:00:00,238.24249013336035
2011-10-28 17:00:00,379.1314648379216
2011-10-28 18:00:00,339.5930279295708
2011-10-28 19:00:00,230.8194411001879
2011-10-28 20:00:00,98.31968196348271
2011-10-28 21:00:00,83.41520401167902
2011-10-28 22:00:00,69.38356436207332
2011-10-28 23:00:00,55.449812742801214
2011-10-29 00:00:00,45.15076977534195
2011-10-29 01:00:00,35.7311462238351
2011-10-29 02:00:00,31.346666634499126
2011-10-29 03:00:00,13.346028247205513
2011-10-29 04:00:00,5.28254156435504
2011-10-29 05:00:00,4.6835868904714175
2011-10-29 06:00:00,12.587977380378355
2011-10-29 07:00:00,26.486873936474172
2011-10-29 08:00:00,57.903595230010254
2011-10-29 09:00:00,65.36145014322783
2011-10-29 10:00:00,77.6793089247879
2011-10-29 11:00:00,81.18870562559957
2011-10-29 12:00:00,103.42774703176262
2011-10-29 13:00:00,99.64061778924538
2011-10-29 14:00:00,106.67100345369104
2011-10-29 15:00:00,109.70418249132592
2011-10-29 16:00:00,97.77013293269013
2011-10-29 17:00:00,93.65311689652717
2011-10-29 18:00:00,85.05601105214501
2011-10-29 19:00:00,122.17728905732001
2011-10-29 20:00:00,89.21797015877776
2011-10-29 21:00:00,74.16303091317778
2011-10-29 22:00:00,65.27310078868494
2011-10-29 23:00:00,54.13786992314878
2011-10-30 00:00:00,61.9953469993426
2011-10-30 01:00:00,50.05426249601129
2011-10-30 02:00:00,36.74095230700682
2011-10-30 03:00:00,13.874138138807771
2011-10-30 04:00:00,4.496935776968032
2011-10-30 05:00:00,4.413423436883849
2011-10-30 06:00:00,11.17084029383706
2011-10-30 07:00:00,26.380755272269216
2011-10-30 08:00:00,74.02082623154533
2011-10-30 09:00:00,124.6214740167673
2011-10-30 10:00:00,215.8566064672388
2011-10-30 11:00:00,254.69446898323218
2011-10-30 12:00:00,321.5020585444102
2011-10-30 13:00:00,329.8947863326706
2011-10-30 14:00:00,341.1534189436642
2011-10-30 15:00:00,333.9093453051978
2011-10-30 16:00:00,311.12749141053257
2011-10-30 17:00:00,250.2380903458539
2011-10-30 18:00:00,200.0656391344963
2011-10-30 19:00:00,251.30558602807622
2011-10-30 20:00:00,124.16168750203909
2011-10-30 21:00:00,94.44032675881861
2011-10-30 22:00:00,67.2576969019319
2011-10-30 23:00:00,49.26980345489416
2011-10-31 00:00:00,18.31425818354301
2011-10-31 01:00:00,7.6989179115350925
2011-10-31 02:00:00,3.315985434380689
2011-10-31 03:00:00,3.3257575160947845
2011-10-31 04:00:00,4.076410752927651
2011-10-31 05:00:00,19.57240779814783
2011-10-31 06:00:00,81.07407944216295
2011-10-31 07:00:00,241.06446705434718
2011-10-31 08:00:00,406.18016224197873
2011-10-31 09:00:00,193.00280509560085
2011-10-31 10:00:00,109.50469732205072
2011-10-31 11:00:00,128.14559623883156
2011-10-31 12:00:00,158.3865072487693
2011-10-31 13:00:00,148.31069379545715
2011-10-31 14:00:00,135.76827736771327
2011-10-31 15:00:00,157.328423827014
2011-10-31 16:00:00,234.33673665978353
2011-10-31 17:00:00,458.8956442043874
2011-10-31 18:00:00,410.0023223256238
2011-10-31 19:00:00,280.8015450836269
2011-10-31 20:00:00,195.855735181787
2011-10-31 21:00:00,132.12952499694916
2011-10-31 22:00:00,101.13215922412277
2011-10-31 23:00:00,58.54777669701324
2011-11-20 00:00:00,77.92024034432771
2011-11-20 01:00:00,59.80328460032276
2011-11-20 02:00:00,46.26207600187841
2011-11-20 03:00:00,21.650027602757415
2011-11-20 04:00:00,6.472283991047166
2011-11-20 05:00:00,6.3526264606047755
2011-11-20 06:00:00,14.557178746214845
2011-11-20 07:00:00,41.689014934140616
2011-11-20 08:00:00,76.36719096782016
2011-11-20 09:00:00,137.06145060906587
2011-11-20 10:00:00,235.00100796681107
2011-11-20 11:00:00,302.5028428452475
2011-11-20 12:00:00,326.0039921036007
2011-11-20 13:00:00,341.1560767957297
2011-11-20 14:00:00,333.61128270266454
2011-11-20 15:00:00,320.1923474619101
2011-11-20 16:00:00,324.96362177176195
2011-11-20 17:00:00,297.83167827434227
2011-11-20 18:00:00,293.39899636218337
2011-11-20 19:00:00,217.92165559172804
2011-11-20 20:00:00,175.7823151784965
2011-11-20 21:00:00,125.96149555850438
2011-11-20 22:00:00,63.70420729849186
2011-11-20 23:00:00,54.464410816693544
2011-11-21 00:00:00,26.645218713357774
2011-11-21 01:00:00,7.502542067173046
2011-11-21 02:00:00,5.485624224929813
2011-11-21 03:00:00,3.102729434299385
2011-11-21 04:00:00,3.441465351371093
2011-11-21 05:00:00,16.031256783372875
2011-11-21 06:00:00,78.85776670053171
2011-11-21 07:00:00,241.11923804408616
2011-11-21 08:00:00,381.4351881697305
2011-11-21 09:00:00,175.03258979675172
2011-11-21 10:00:00,111.05498843253693
2011-11-21 11:00:00,113.24956582915851
2011-11-21 12:00:00,158.37536476158098
2011-11-21 13:00:00,152.16180871585138
2011-11-21 14:00:00,111.83788227559049
2011-11-21 15:00:00,58.69669183500478
2011-11-21 16:00:00,93.7794739910108
2011-11-21 17:00:00,129.83963089728053
2011-11-21 18:00:00,192.49559542755384
2011-11-21 19:00:00,124.36761520210094
2011-11-21 20:00:00,104.77230294361846
2011-11-21 21:00:00,78.64332145537637
2011-11-21 22:00:00,67.24708894147668
2011-11-21 23:00:00,46.352635838444655
2011-11-22 00:00:00,16.931841376702984
2011-11-22 01:00:00,7.2755208941817315
2011-11-22 02:00:00,4.479345054840888
2011-11-22 03:00:00,3.2090826195382114
2011-11-22 04:00:00,3.774549741072164
2011-11-22 05:00:00,10.764166595527342
2011-11-22 06:00:00,85.02273370089407
2011-11-22 07:00:00,96.8241646225766
2011-11-22 08:00:00,172.5189055448057
2011-11-22 09:00:00,92.57125348683834
2011-11-22 10:00:00,45.8042653603268
2011-11-22 11:00:00,53.81970358128103
2011-11-22 12:00:00,54.61979886820269
2011-11-22 13:00:00,53.481744630246226
2011-11-22 14:00:00,50.68781520491447
2011-11-22 15:00:00,49.989106095638085
2011-11-22 16:00:00,102.45376589996229
2011-11-22 17:00:00,165.04567397608363
2011-11-22 18:00:00,156.46931080027144
2011-11-22 19:00:00,158.11982302835096
2011-11-22 20:00:00,149.04389299107916
2011-11-22 21:00:00,102.13984277454948
2011-11-22 22:00:00,95.6536052423309
2011-11-22 23:00:00,62.907236676015295
2011-11-23 00:00:00,21.150475485098838
2011-11-23 01:00:00,8.9087572625169
2011-11-23 02:00:00,4.440272962625547
2011-11-23 03:00:00,3.0576721264853015
2011-11-23 04:00:00,4.443283254452987
2011-11-23 05:00:00,16.15761923054893
2011-11-23 06:00:00,75.08250046172697
2011-11-23 07:00:00,207.7875186865781
2011-11-23 08:00:00,365.59337391671625
2011-11-23 09:00:00,159.5819277722475
2011-11-23 10:00:00,84.07216368454696
2011-11-23 11:00:00,115.30968207227161
2011-11-23 12:00:00,164.29817172541325
2011-11-23 13:00:00,135.78106509618905
2011-11-23 14:00:00,130.00158278548074
2011-11-23 15:00:00,134.48397676548342
2011-11-23 16:00:00,200.13872013948077
2011-11-23 17:00:00,212.21285202419122
2011-11-23 18:00:00,339.7230693523999
2011-11-23 19:00:00,248.45156650723456
2011-11-23 20:00:00,179.07871237673896
2011-11-23 21:00:00,123.43249628523958
2011-11-23 22:00:00,88.22940419845524
2011-11-23 23:00:00,57.66786513890404
2011-11-24 00:00:00,53.434632656294426
2011-11-24 01:00:00,25.80110060901415
2011-11-24 02:00:00,20.014444521112118
2011-11-24 03:00:00,10.382889024109767
2011-11-24 04:00:00,6.436972930448141
2011-11-24 05:00:00,9.245598526747589
2011-11-24 06:00:00,27.404424667851423
2011-11-24 07:00:00,52.249598564106044
2011-11-24 08:00:00,126.33613288704628
2011-11-24 09:00:00,156.13244809605155
2011-11-24 10:00:00,210.78865811124894
2011-11-24 11:00:00,237.24130130193788
2011-11-24 12:00:00,279.96936776934984
2011-11-24 13:00:00,281.2144807909819
2011-11-24 14:00:00,277.3650375189913
2011-11-24 15:00:00,272.5985131382319
2011-11-24 16:00:00,286.16527611089657
2011-11-24 17:00:00,312.00360231977294
2011-11-24 18:00:00,251.02783235110934
2011-11-24 19:00:00,204.14198338756174
2011-11-24 20:00:00,135.03253491994525
2011-11-24 21:00:00,110.50356919676835
2011-11-24 22:00:00,98.47188132338593
2011-11-24 23:00:00,68.76673899007446
2011-11-25 00:00:00,40.07012387056231
2011-11-25 01:00:00,17.852995503138484
2011-11-25 02:00:00,10.277717271461608
2011-11-25 03:00:00,4.3695907205291125
2011-11-25 04:00:00,4.292060944045198
2011-11-25 05:00:00,20.99119961187306
2011-11-25 06:00:00,73.37351420751132
2011-11-25 07:00:00,221.2878181164186
2011-11-25 08:00:00,374.90448296240527
2011-11-25 09:00:00,228.68836548220756
2011-11-25 10:00:00,122.93961921638527
2011-11-25 11:00:00,154.6716736152836
2011-11-25 12:00:00,204.24893006565793
2011-11-25 13:00:00,212.9502885212928
2011-11-25 14:00:00,200.93829249378967
2011-11-25 15:00:00,226.48677884892632
2011-11-25 16:00:00,302.57907228032195
2011-11-25 17:00:00,448.9458317055249
2011-11-25 18:00:00,394.53468909496013
2011-11-25 19:00:00,240.96481505234564
2011-11-25 20:00:00,175.13871449971526
2011-11-25 21:00:00,134.62835558302334
2011-11-25 22:00:00,114.04984555258491
2011-11-25 23:00:00,85.7507174090788
2011-11-26 00:00:00,76.18415576369425
2011-11-26 01:00:00,65.01386699675717
2011-11-26 02:00:00,46.4031277661767
2011-11-26 03:00:00,19.02287629329813
2011-11-26 04:00:00,7.036509008361293
2011-11-26 05:00:00,6.4110746941568095
2011-11-26 06:00:00,14.659930404743758
2011-11-26 07:00:00,32.622163755015706
2011-11-26 08:00:00,80.6361835105557
2011-11-26 09:00:00,135.1310089984804
2011-11-26 10:00:00,213.7595742666446
2011-11-26 11:00:00,278.2514526916998
2011-11-26 12:00:00,347.4743730861225
2011-11-26 13:00:00,354.11347526314955
2011-11-26 14:00:00,322.2149163991588
2011-11-26 15:00:00,335.5118349846199
2011-11-26 16:00:00,305.3420906515686
2011-11-26 17:00:00,279.3577944251159
2011-11-26 18:00:00,214.45062312793692
2011-11-26 19:00:00,181.81928830316306
2011-11-26 20:00:00,147.3294239296509
2011-11-26 21:00:00,101.3204130907052
2011-11-26 22:00:00,95.1943465857444
2011-11-26 23:00:00,66.43850114502764
2011-11-27 00:00:00,77.9683742297716
2011-11-27 01:00:00,73.58505583160127
2011-11-27 02:00:00,46.43031557676734
2011-11-27 03:00:00,21.82935758001685
2011-11-27 04:00:00,7.795139449506273
2011-11-27 05:00:00,6.486742966362897
2011-11-27 06:00:00,14.351500336359587
2011-11-27 07:00:00,35.4182905775366
2011-11-27 08:00:00,77.69492734132398
2011-11-27 09:00:00,143.28244746507963
2011-11-27 10:00:00,241.69055101987783
2011-11-27 11:00:00,293.11370530811166
2011-11-27 12:00:00,348.76461517358354
2011-11-27 13:00:00,350.3797483286339
2011-11-27 14:00:00,427.17368505197703
2011-11-27 15:00:00,411.8201488383289
2011-11-27 16:00:00,382.20088938462004
2011-11-27 17:00:00,324.6311047449484
2011-11-27 18:00:00,254.5860110764714
2011-11-27 19:00:00,204.14660083000354
2011-11-27 20:00:00,169.50543386544794
2011-11-27 21:00:00,121.12949964067475
2011-11-27 22:00:00,106.13078443122454
2011-11-27 23:00:00,79.85713988504611
2011-11-28 00:00:00,34.51402444326321
2011-11-28 01:00:00,13.05453715220585
2011-11-28 03:00:00,4.547187989501397
2011-11-28 04:00:00,6.4755511599175675
2011-11-28 05:00:00,22.834360000214257
2011-11-28 06:00:00,95.43271088454648
2011-11-28 07:00:00,281.7635638903591
2011-11-28 08:00:00,384.90227869014
2011-11-28 09:00:00,183.63776275790715
2011-11-28 10:00:00,113.34203729212079
2011-11-28 11:00:00,123.09048450365735
2011-11-28 12:00:00,193.46611669396023
2011-11-28 13:00:00,182.82753756233507
2011-11-28 14:00:00,171.54741986389416
2011-11-28 15:00:00,188.6538522918457
2011-11-28 16:00:00,277.1923155914377
2011-11-28 17:00:00,548.5996538647776
2011-11-28 18:00:00,513.3578085950163
2011-11-28 19:00:00,322.87594913930053
2011-11-28 20:00:00,228.5822810402029
2011-11-28 21:00:00,174.87321992025522
2011-11-28 22:00:00,124.00342272736252
2011-11-28 23:00:00,64.8598270815391
2011-11-29 00:00:00,28.204126371987257
2011-11-29 01:00:00,11.165409410643552
2011-11-29 02:00:00,4.4603524460717106
2011-11-29 03:00:00,3.7872603951032735
2011-11-29 04:00:00,5.186114291773036
2011-11-29 05:00:00,23.074454394428436
2011-11-29 06:00:00,97.97544081586643
2011-11-29 07:00:00,284.72210797789205
2011-11-29 08:00:00,432.5119663149703
2011-11-29 09:00:00,170.7323817657928
2011-11-29 10:00:00,94.83088264678891
2011-11-29 11:00:00,76.41761847885634
2011-11-29 12:00:00,81.22856615783212
2011-11-29 13:00:00,90.9476372333091
2011-11-29 14:00:00,49.238551710926345
2011-11-29 15:00:00,62.170743051416856
2011-11-29 16:00:00,91.86508610083776
2011-11-29 17:00:00,291.0223570405916
2011-11-29 18:00:00,318.56271919097486
2011-11-29 19:00:00,199.57441936461584
2011-11-29 20:00:00,153.64882233308478
2011-11-29 21:00:00,116.32589799608436
2011-11-29 22:00:00,97.43909118512403
2011-11-29 23:00:00,49.682701034672675
2011-11-30 00:00:00,24.69421252760036
2011-11-30 01:00:00,10.50226953562933
2011-11-30 02:00:00,5.059934573305182
2011-11-30 03:00:00,3.6552929560568783
2011-11-30 04:00:00,4.644134772143902
2011-11-30 05:00:00,21.32293859975066
2011-11-30 06:00:00,84.63284255376257
2011-11-30 07:00:00,247.4029183455695
2011-11-30 08:00:00,399.7556329287031
2011-11-30 09:00:00,205.88388764885627
2011-11-30 10:00:00,108.86992564695629
2011-11-30 11:00:00,120.64677289178458
2011-11-30 12:00:00,142.21579020262897
2011-11-30 13:00:00,138.49221818196696
2011-11-30 14:00:00,131.8553770535986
2011-11-30 15:00:00,140.8560785625059
2011-11-30 16:00:00,206.45302017156115
2011-11-30 17:00:00,359.3570485213455
2011-11-30 18:00:00,348.75963275610513
2011-11-30 19:00:00,236.52520446598464
2011-11-30 20:00:00,170.16469532659727
2011-11-30 21:00:00,124.45015406734248
2011-11-30 22:00:00,90.88265162167231
2011-11-30 23:00:00,54.538207838393305
2011-12-20 00:00:00,24.204927614486756
2011-12-20 01:00:00,10.426478107810734
2011-12-20 02:00:00,4.813446585296013
2011-12-20 03:00:00,3.872055467677515
2011-12-20 04:00:00,5.579032167074097
2011-12-20 05:00:00,21.551611622829515
2011-12-20 06:00:00,89.13547187781992
2011-12-20 07:00:00,250.14927343180338
2011-12-20 08:00:00,416.28146745004705
2011-12-20 09:00:00,198.19371057442373
2011-12-20 10:00:00,114.39004068348122
2011-12-20 11:00:00,124.99893538761701
2011-12-20 12:00:00,158.59599130258016
2011-12-20 13:00:00,151.18136490009002
2011-12-20 14:00:00,137.27776224954033
2011-12-20 15:00:00,151.98123549849464
2011-12-20 16:00:00,243.86192452492736
2011-12-20 17:00:00,451.9859474583848
2011-12-20 18:00:00,393.864738412407
2011-12-20 19:00:00,270.49577053671356
2011-12-20 20:00:00,189.41150412421456
2011-12-20 21:00:00,145.47958650205288
2011-12-20 22:00:00,103.09560530156914
2011-12-20 23:00:00,65.29861736237963
2011-12-21 00:00:00,12.40033288779463
2011-12-21 01:00:00,7.147463450044856
2011-12-21 02:00:00,3.8998688184366146
2011-12-21 03:00:00,2.713404198185041
2011-12-21 04:00:00,2.5829288297483273
2011-12-21 05:00:00,9.375359083562529
2011-12-21 06:00:00,44.31440256912005
2011-12-21 07:00:00,127.21890658517336
2011-12-21 08:00:00,140.04685864820385
2011-12-21 09:00:00,127.8778548355403
2011-12-21 10:00:00,75.57030320971221
2011-12-21 11:00:00,77.99803106710007
2011-12-21 12:00:00,48.14438467930927
2011-12-21 13:00:00,33.93592292519109
2011-12-21 14:00:00,75.81331011947005
2011-12-21 15:00:00,85.07860012159297
2011-12-21 16:00:00,43.84388962044762
2011-12-21 17:00:00,85.08840613163562
2011-12-21 18:00:00,151.74792922080456
2011-12-21 19:00:00,137.21091392951993
2011-12-21 20:00:00,112.46404944985736
2011-12-21 21:00:00,99.20133428685806
2011-12-21 22:00:00,78.5089114341999
2011-12-21 23:00:00,48.343569877207706
2011-12-22 00:00:00,19.243133086524956
2011-12-22 01:00:00,9.209644039471675
2011-12-22 02:00:00,6.190333756614932
2011-12-22 03:00:00,3.3301227700545852
2011-12-22 04:00:00,3.066825767850559
2011-12-22 05:00:00,12.049849107206208
2011-12-22 06:00:00,47.00377066989023
2011-12-22 07:00:00,129.04988628330278
2011-12-22 08:00:00,258.3508620951188
2011-12-22 09:00:00,137.76379128766717
2011-12-22 10:00:00,67.12600826482681
2011-12-22 11:00:00,79.32116788263252
2011-12-22 12:00:00,112.85720958028756
2011-12-22 13:00:00,99.91100683420218
2011-12-22 14:00:00,92.3801106970582
2011-12-22 15:00:00,106.22472441382902
2011-12-22 16:00:00,146.11558822164162
2011-12-22 17:00:00,218.46701232247923
2011-12-22 18:00:00,221.40645777200888
2011-12-22 19:00:00,162.73040352972265
2011-12-22 20:00:00,66.09902714689386
2011-12-22 21:00:00,47.048138757104084
2011-12-22 22:00:00,33.66769348514085
2011-12-22 23:00:00,29.375469472084728
2011-12-23 00:00:00,19.882512148093095
2011-12-23 01:00:00,9.853865764043718
2011-12-23 02:00:00,5.972846118066914
2011-12-23 03:00:00,2.9837581094064816
2011-12-23 04:00:00,2.3013823360834786
2011-12-23 05:00:00,9.050438435736849
2011-12-23 06:00:00,43.59310934032679
2011-12-23 07:00:00,114.44856243463596
2011-12-23 08:00:00,261.015099332137
2011-12-23 09:00:00,145.89509941714755
2011-12-23 10:00:00,77.9717477892825
2011-12-23 11:00:00,90.44984711887373
2011-12-23 12:00:00,116.30354929059918
2011-12-23 13:00:00,115.11020789299214
2011-12-23 14:00:00,107.63350407478993
2011-12-23 15:00:00,108.67986664993757
2011-12-23 16:00:00,127.98679523708866
2011-12-23 17:00:00,221.67067765803012
2011-12-23 18:00:00,193.39096771565397
2011-12-23 19:00:00,122.72810761073283
2011-12-23 20:00:00,81.93568903462177
2011-12-23 21:00:00,67.1302687434445
2011-12-23 22:00:00,57.17052551545821
2011-12-23 23:00:00,46.098788035038766
2011-12-24 00:00:00,36.89752254884483
2011-12-24 01:00:00,29.152690988660076
2011-12-24 02:00:00,22.474825932968724
2011-12-24 03:00:00,11.58287761937671
2011-12-24 04:00:00,3.5660734491788135
2011-12-24 05:00:00,3.407173186285642
2011-12-24 06:00:00,4.51600799547812
2011-12-24 07:00:00,16.948935234104272
2011-12-24 08:00:00,41.26328149757636
2011-12-24 09:00:00,55.60976980374969
2011-12-24 10:00:00,93.49782730222931
2011-12-24 11:00:00,114.80455104414932
2011-12-24 12:00:00,141.9123793706648
2011-12-24 13:00:00,142.1428880565058
2011-12-24 14:00:00,137.71519973656572
2011-12-24 15:00:00,130.18612430410707
2011-12-24 16:00:00,127.59191675232316
2011-12-24 17:00:00,102.01814303539388
2011-12-24 18:00:00,93.19633966614958
2011-12-24 19:00:00,73.33487533416032
2011-12-24 20:00:00,52.165157037141476
2011-12-24 21:00:00,50.13884722446777
2011-12-24 22:00:00,40.75386606346076
2011-12-24 23:00:00,31.853182429104834
2011-12-25 00:00:00,33.56979412727368
2011-12-25 01:00:00,28.713825042410274
2011-12-25 02:00:00,22.67620432550459
2011-12-25 03:00:00,13.76848586631911
2011-12-25 05:00:00,2.7481625027218852
2011-12-25 06:00:00,3.670158190438496
2011-12-25 07:00:00,9.264305006022463
2011-12-25 08:00:00,21.71588921668797
2011-12-25 09:00:00,40.69379632655664
2011-12-25 10:00:00,71.21469883451178
2011-12-25 11:00:00,92.56641813247862
2011-12-25 12:00:00,105.4348424815337
2011-12-25 13:00:00,115.32502951248564
2011-12-25 14:00:00,125.66435351314581
2011-12-25 15:00:00,128.53829866071774
2011-12-25 16:00:00,140.00544309240018
2011-12-25 17:00:00,94.87088972458294
2011-12-25 18:00:00,82.01875717097403
2011-12-25 19:00:00,59.79767817545519
2011-12-25 20:00:00,55.62435464799857
2011-12-25 21:00:00,48.24848270061804
2011-12-25 22:00:00,41.99595562526211
2011-12-25 23:00:00,30.537193526498054
2011-12-26 00:00:00,24.723194339727183
2011-12-26 01:00:00,19.38931331692661
2011-12-26 02:00:00,13.772353391252077
2011-12-26 04:00:00,3.6335150700795387
2011-12-26 05:00:00,3.7713305007174527
2011-12-26 06:00:00,8.945658923471754
2011-12-26 07:00:00,22.531321443507824
2011-12-26 08:00:00,53.65440004733017
2011-12-26 09:00:00,68.22358278192942
2011-12-26 10:00:00,95.14009393199119
2011-12-26 11:00:00,105.94200826195735
2011-12-26 12:00:00,134.67871080943914
2011-12-26 13:00:00,139.4611254271844
2011-12-26 14:00:00,139.31502283600707
2011-12-26 15:00:00,138.56280193798966
2011-12-26 16:00:00,131.27881550436214
2011-12-26 17:00:00,119.45928192804085
2011-12-26 18:00:00,109.60156615201875
2011-12-26 19:00:00,80.90519267942167
2011-12-26 20:00:00,62.941351148924355
2011-12-26 21:00:00,48.89918749983411
2011-12-26 22:00:00,42.307894975877275
2011-12-26 23:00:00,30.09167298520648
2011-12-27 00:00:00,10.711455466769154
2011-12-27 01:00:00,3.754644445542624
2011-12-27 02:00:00,2.1536351449763336
2011-12-27 03:00:00,2.3423468456619907
2011-12-27 04:00:00,2.0293992620090613
2011-12-27 05:00:00,5.570226566395693
2011-12-27 06:00:00,39.46671002662312
2011-12-27 07:00:00,116.62867646665018
2011-12-27 08:00:00,242.7446303834475
2011-12-27 09:00:00,68.26925017078085
2011-12-27 10:00:00,65.92588906397152
2011-12-27 11:00:00,35.878481879545014
2011-12-27 12:00:00,46.65101754466886
2011-12-27 13:00:00,39.59460209983753
2011-12-27 14:00:00,32.34075245531726
2011-12-27 15:00:00,35.68950256946431
2011-12-27 16:00:00,55.30738337443599
2011-12-27 17:00:00,142.82152922919855
2011-12-27 18:00:00,189.49135822780954
2011-12-27 19:00:00,128.6802877771221
2011-12-27 20:00:00,90.50595711331846
2011-12-27 21:00:00,64.18174409293154
2011-12-27 22:00:00,40.597693744547385
2011-12-27 23:00:00,27.271106703701587
2011-12-28 00:00:00,12.627137416508154
2011-12-28 01:00:00,7.055818739711813
2011-12-28 02:00:00,3.239775878406705
2011-12-28 03:00:00,2.827121259851964
2011-12-28 05:00:00,6.212234637798363
2011-12-28 06:00:00,43.198659402291966
2011-12-28 07:00:00,118.36682554827738
2011-12-28 08:00:00,239.54755811713986
2011-12-28 09:00:00,136.71925143391925
2011-12-28 10:00:00,73.63538324750394
2011-12-28 11:00:00,70.59614723909884
2011-12-28 12:00:00,79.22570202266395
2011-12-28 13:00:00,78.11357086896119
2011-12-28 14:00:00,71.11755676014965
2011-12-28 15:00:00,74.34482915462873
2011-12-28 16:00:00,95.51842943499904
2011-12-28 17:00:00,198.26488644504008
2011-12-28 18:00:00,177.6395781708703
2011-12-28 19:00:00,110.91677406778206
2011-12-28 20:00:00,79.76205776518391
2011-12-28 21:00:00,56.522345931451355
2011-12-28 22:00:00,42.70795522299359
2011-12-28 23:00:00,26.609915723693934
2011-12-29 00:00:00,10.726923179230388
2011-12-29 01:00:00,4.486812888508572
2011-12-29 02:00:00,2.4678288273193703
2011-12-29 03:00:00,2.08946068778905
2011-12-29 04:00:00,1.8344552334416169
2011-12-29 05:00:00,6.320520855686739
2011-12-29 06:00:00,39.281728484237604
2011-12-29 07:00:00,105.1104523254999
2011-12-29 08:00:00,221.7016221074254
2011-12-29 09:00:00,122.4339054189514
2011-12-29 10:00:00,52.6186704442451
2011-12-29 11:00:00,56.270033462095554
2011-12-29 12:00:00,75.59493778928734
2011-12-29 13:00:00,73.50005688143668
2011-12-29 14:00:00,69.04948467006444
2011-12-29 15:00:00,69.44199063810848
2011-12-29 16:00:00,95.08939798838276
2011-12-29 17:00:00,200.31767206291957
2011-12-29 18:00:00,197.97966416345835
2011-12-29 19:00:00,127.52745279360802
2011-12-29 20:00:00,90.21091676906879
2011-12-29 21:00:00,62.6117717395123
2011-12-29 22:00:00,48.3315824345479
2011-12-29 23:00:00,34.10258465463836
2011-12-30 00:00:00,20.88915002798811
2011-12-30 01:00:00,8.448121363730891
2011-12-30 02:00:00,3.7965053004795797
2011-12-30 03:00:00,2.534930770576149
2011-12-30 04:00:00,1.935200837662616
2011-12-30 05:00:00,7.805450885412317
2011-12-30 06:00:00,36.69270995426417
2011-12-30 07:00:00,103.3925735348846
2011-12-30 08:00:00,236.59593347633285
2011-12-30 09:00:00,133.62529858460456
2011-12-30 10:00:00,69.05077360014714
2011-12-30 11:00:00,85.57604901524685
2011-12-30 12:00:00,100.99431395908417
2011-12-30 13:00:00,105.61245807044796
2011-12-30 14:00:00,107.52862720657485
2011-12-30 15:00:00,124.49964280589388
2011-12-30 16:00:00,146.01699098399632
2011-12-30 17:00:00,228.63187510296794
2011-12-30 18:00:00,196.0606623855544
2011-12-30 19:00:00,116.0632465031907
2011-12-30 20:00:00,88.22962455766155
2011-12-30 21:00:00,71.32360448202844
2011-12-30 22:00:00,56.26530376076098
2011-12-30 23:00:00,48.81662379988219
2011-12-31 00:00:00,39.39057927575694
2011-12-31 01:00:00,33.392082637215694
2011-12-31 02:00:00,23.953537360635078
2011-12-31 03:00:00,9.672656057264373
2011-12-31 04:00:00,3.7772144566939914
2011-12-31 05:00:00,3.58006766011273
2011-12-31 06:00:00,6.472209249018026
2011-12-31 07:00:00,11.93575893231197
2011-12-31 08:00:00,39.07921294069588
2011-12-31 09:00:00,42.35430573019903
2011-12-31 10:00:00,82.31080507827281
2011-12-31 11:00:00,121.9494393957929
2011-12-31 12:00:00,246.46616921400613
2011-12-31 13:00:00,255.63267684232636
2011-12-31 14:00:00,204.78409493813155
2011-12-31 15:00:00,209.83171372693997
2011-12-31 16:00:00,179.8132532848777
2011-12-31 17:00:00,137.16687212125245
2011-12-31 18:00:00,134.71174646686651
2011-12-31 19:00:00,106.72152907665684
2011-12-31 20:00:00,84.2451318608918
2011-12-31 21:00:00,71.50912930608783
2011-12-31 22:00:00,58.78964530730336
2011-12-31 23:00:00,45.38874170424658
2012-01-20 00:00:00,31.494639970052447
2012-01-20 01:00:00,15.30986398661214
2012-01-20 02:00:00,8.308945949631978
2012-01-20 03:00:00,3.9868859816381472
2012-01-20 04:00:00,2.8885561081007056
2012-01-20 05:00:00,16.314830366001978
2012-01-20 06:00:00,73.44098449773833
2012-01-20 07:00:00,221.97541043920972
2012-01-20 08:00:00,434.5659249682981
2012-01-20 09:00:00,214.5927602859004
2012-01-20 10:00:00,99.46592463100293
2012-01-20 11:00:00,108.42549959640856
2012-01-20 12:00:00,146.35351675381986
2012-01-20 13:00:00,159.78220885534805
2012-01-20 14:00:00,130.84936127667757
2012-01-20 15:00:00,152.39308592114418
2012-01-20 16:00:00,183.2972242218927
2012-01-20 17:00:00,303.9617044126653
2012-01-20 18:00:00,280.25072402357927
2012-01-20 19:00:00,181.57234316125803
2012-01-20 20:00:00,119.94354716368483
2012-01-20 21:00:00,89.11633678264926
2012-01-20 22:00:00,70.90683504108371
2012-01-20 23:00:00,45.702236437602735
2012-01-21 00:00:00,37.267782218755954
2012-01-21 01:00:00,33.71577261747262
2012-01-21 02:00:00,28.891036525285777
2012-01-21 03:00:00,13.49092505859559
2012-01-21 04:00:00,4.782658511429146
2012-01-21 05:00:00,4.12598228965128
2012-01-21 06:00:00,6.924041549122781
2012-01-21 07:00:00,18.023369818155583
2012-01-21 08:00:00,67.81104273679527
2012-01-21 09:00:00,86.67504936490391
2012-01-21 10:00:00,110.29967681033932
2012-01-21 11:00:00,180.11570260602335
2012-01-21 12:00:00,209.31747228142007
2012-01-21 13:00:00,215.37640174751067
2012-01-21 14:00:00,142.7509926302027
2012-01-21 15:00:00,139.1925637501016
2012-01-21 16:00:00,171.88393893563125
2012-01-21 17:00:00,142.468319099277
2012-01-21 18:00:00,131.78590602356104
2012-01-21 19:00:00,117.56907441721516
2012-01-21 20:00:00,87.5332057241119
2012-01-21 21:00:00,73.65083874894371
2012-01-21 22:00:00,63.696693481080594
2012-01-21 23:00:00,47.94107468166503
2012-01-22 00:00:00,49.967096423095555
2012-01-22 01:00:00,43.38295895769584
2012-01-22 02:00:00,37.21237541332767
2012-01-22 03:00:00,17.54385665908337
2012-01-22 04:00:00,4.6579882839878035
2012-01-22 05:00:00,4.13914737968428
2012-01-22 06:00:00,6.005075672271249
2012-01-22 07:00:00,17.250484896151228
2012-01-22 08:00:00,51.380603147469685
2012-01-22 09:00:00,84.09189645661995
2012-01-22 10:00:00,133.93673509381264
2012-01-22 11:00:00,122.43436226325863
2012-01-22 12:00:00,195.10527033315913
2012-01-22 13:00:00,201.4667143853548
2012-01-22 14:00:00,188.82156183394514
2012-01-22 15:00:00,186.2462730416933
2012-01-22 16:00:00,169.5671477533858
2012-01-22 17:00:00,148.43147189269357
2012-01-22 18:00:00,99.4510166609374
2012-01-22 19:00:00,91.55123311480955
2012-01-22 20:00:00,66.3738013718468
2012-01-22 21:00:00,55.25936742889479
2012-01-22 22:00:00,55.50623054107329
2012-01-22 23:00:00,37.60788488946753
2012-01-23 00:00:00,13.775177720562871
2012-01-23 01:00:00,6.029117435901172
2012-01-23 02:00:00,3.8100498496064796
2012-01-23 03:00:00,2.323307740394628
2012-01-23 04:00:00,2.4968816643565077
2012-01-23 05:00:00,17.383392874782018
2012-01-23 06:00:00,75.8453997849688
2012-01-23 07:00:00,149.65355176141156
2012-01-23 08:00:00,234.79485878144405
2012-01-23 09:00:00,205.085622577284
2012-01-23 10:00:00,82.60657931337315
2012-01-23 11:00:00,81.62982925940506
2012-01-23 12:00:00,92.26988080744636
2012-01-23 13:00:00,71.06941185427192
2012-01-23 14:00:00,62.813083702874636
2012-01-23 15:00:00,85.34103843723423
2012-01-23 16:00:00,140.5466860010889
2012-01-23 17:00:00,257.66237647755406
2012-01-23 18:00:00,262.0181792315674
2012-01-23 19:00:00,194.39306824309932
2012-01-23 20:00:00,146.63315467019885
2012-01-23 21:00:00,92.06897659240096
2012-01-23 22:00:00,72.97634969497528
2012-01-23 23:00:00,43.450238150744994
2012-01-24 00:00:00,13.054547221744292
2012-01-24 01:00:00,6.054081373874206
2012-01-24 02:00:00,4.502858540299276
2012-01-24 03:00:00,2.3484138641479064
2012-01-24 04:00:00,2.5126647485111167
2012-01-24 05:00:00,16.804880883610476
2012-01-24 06:00:00,78.78377097734419
2012-01-24 07:00:00,238.26911850457782
2012-01-24 08:00:00,434.8357651002566
2012-01-24 09:00:00,210.73767455455487
2012-01-24 10:00:00,93.8806870793064
2012-01-24 11:00:00,98.81369065796859
2012-01-24 12:00:00,112.70487001554906
2012-01-24 13:00:00,109.44878842984137
2012-01-24 14:00:00,117.41644674425106
2012-01-24 15:00:00,139.93576792981483
2012-01-24 16:00:00,232.65529958270972
2012-01-24 17:00:00,467.7526519441907
2012-01-24 18:00:00,427.14293291519726
2012-01-24 19:00:00,323.60777573968227
2012-01-24 20:00:00,188.11542358251347
2012-01-24 21:00:00,136.92942608247486
2012-01-24 22:00:00,102.14546961801713
2012-01-24 23:00:00,56.96596419111539
2012-01-25 00:00:00,14.62786915105863
2012-01-25 01:00:00,7.316047006036558
2012-01-25 02:00:00,3.805514288762711
2012-01-25 03:00:00,2.762777957911054
2012-01-25 04:00:00,2.034837971484004
2012-01-25 05:00:00,17.14896068574684
2012-01-25 06:00:00,81.89942674320511
2012-01-25 07:00:00,254.02623925443467
2012-01-25 08:00:00,480.7356090088655
2012-01-25 09:00:00,232.44280403951916
2012-01-25 10:00:00,101.92940314142871
2012-01-25 11:00:00,109.27424225931372
2012-01-25 12:00:00,148.73713666720715
2012-01-25 13:00:00,146.53996818019553
2012-01-25 14:00:00,128.2579969067702
2012-01-25 15:00:00,145.1859646428585
2012-01-25 16:00:00,217.40779954127984
2012-01-25 17:00:00,414.3389933935108
2012-01-25 18:00:00,374.0818907784813
2012-01-25 19:00:00,261.91686990289344
2012-01-25 20:00:00,193.8251349056023
2012-01-25 21:00:00,127.65415619400669
2012-01-25 22:00:00,102.78278919491898
2012-01-25 23:00:00,55.82792635076695
2012-01-26 00:00:00,20.18146241818483
2012-01-26 01:00:00,7.07681062924617
2012-01-26 02:00:00,5.256211533594714
2012-01-26 03:00:00,2.3759639813890203
2012-01-26 04:00:00,2.48866646316362
2012-01-26 05:00:00,19.92782099006776
2012-01-26 06:00:00,85.07367891796031
2012-01-26 07:00:00,249.9174923668216
2012-01-26 08:00:00,460.5697940112474
2012-01-26 09:00:00,225.9913087200433
2012-01-26 10:00:00,96.73287288773511
2012-01-26 11:00:00,96.08194517023135
2012-01-26 12:00:00,133.443265636254
2012-01-26 13:00:00,135.7519904911795
2012-01-26 14:00:00,139.31051354857806
2012-01-26 15:00:00,153.81862486634975
2012-01-26 16:00:00,226.747502989681
2012-01-26 17:00:00,435.4103616694709
2012-01-26 18:00:00,430.31603558963843
2012-01-26 19:00:00,291.3338996420829
2012-01-26 20:00:00,213.03788821230734
2012-01-26 21:00:00,150.76162799646454
2012-01-26 22:00:00,117.97550470076423
2012-01-26 23:00:00,69.59796771053728
2012-01-27 00:00:00,42.807552841890136
2012-01-27 01:00:00,18.81116020808569
2012-01-27 02:00:00,8.96690373984788
2012-01-27 03:00:00,3.58484855696788
2012-01-27 04:00:00,2.6178839951205988
2012-01-27 05:00:00,19.746351501360017
2012-01-27 06:00:00,76.1399330835472
2012-01-27 07:00:00,216.90210483514497
2012-01-27 08:00:00,253.49522184235593
2012-01-27 09:00:00,148.97779679848
2012-01-27 10:00:00,89.24799095476149
2012-01-27 11:00:00,173.5499209577835
2012-01-27 12:00:00,259.82587174198363
2012-01-27 13:00:00,250.70306432573216
2012-01-27 14:00:00,221.93117616480964
2012-01-27 15:00:00,219.16083059165203
2012-01-27 16:00:00,267.08924177170684
2012-01-27 17:00:00,422.1716061031474
2012-01-27 18:00:00,381.49013804087645
2012-01-27 19:00:00,246.1417537293052
2012-01-27 20:00:00,158.58893343053438
2012-01-27 21:00:00,130.27593090527597
2012-01-27 22:00:00,112.01082995387355
2012-01-27 23:00:00,75.46291743950903
2012-01-28 00:00:00,67.24611538213183
2012-01-28 01:00:00,51.72859178929624
2012-01-28 02:00:00,39.64232002975675
2012-01-28 03:00:00,20.532844800954386
2012-01-28 04:00:00,6.221959297770151
2012-01-28 05:00:00,3.1714160133546114
2012-01-28 06:00:00,7.8710687826953745
2012-01-28 07:00:00,25.628380752858913
2012-01-28 08:00:00,75.19002661791176
2012-01-28 09:00:00,117.05099440613438
2012-01-28 10:00:00,190.19980398324378
2012-01-28 11:00:00,243.96186648103372
2012-01-28 12:00:00,249.31745910688647
2012-01-28 13:00:00,297.6038735963703
2012-01-28 14:00:00,312.1703955050115
2012-01-28 15:00:00,334.53896474516887
2012-01-28 16:00:00,352.51246300511485
2012-01-28 17:00:00,283.7559490407645
2012-01-28 18:00:00,242.73359171731641
2012-01-28 19:00:00,176.0098789419306
2012-01-28 20:00:00,133.97926432580252
2012-01-28 21:00:00,112.49654041591198
2012-01-28 22:00:00,98.13479508424595
2012-01-28 23:00:00,75.64217246700085
2012-01-29 00:00:00,69.8330545335626
2012-01-29 01:00:00,54.689110909454335
2012-01-29 02:00:00,39.142162307067885
2012-01-29 03:00:00,19.602032968906308
2012-01-29 04:00:00,6.28899428441395
2012-01-29 05:00:00,4.629865258693242
2012-01-29 06:00:00,6.876709668490413
2012-01-29 07:00:00,22.799348199281663
2012-01-29 08:00:00,59.18178533788078
2012-01-29 09:00:00,84.8692441731217
2012-01-29 10:00:00,152.25289667431133
2012-01-29 11:00:00,203.27855996018152
2012-01-29 12:00:00,300.50826174333224
2012-01-29 13:00:00,301.0833551274325
2012-01-29 14:00:00,290.7365945395092
2012-01-29 15:00:00,333.5389888268179
2012-01-29 16:00:00,295.9197738001392
2012-01-29 17:00:00,251.1974667166915
2012-01-29 18:00:00,204.48185960177057
2012-01-29 19:00:00,135.88601889329243
2012-01-29 20:00:00,99.94231681432544
2012-01-29 21:00:00,83.66448479439626
2012-01-29 22:00:00,75.63568881374226
2012-01-29 23:00:00,43.56819882627447
2012-01-30 00:00:00,17.210546829674332
2012-01-30 01:00:00,4.893268046551494
2012-01-30 02:00:00,3.660829319638494
2012-01-30 03:00:00,2.0865969119824426
2012-01-30 04:00:00,1.9423093044462505
2012-01-30 05:00:00,16.336573668487713
2012-01-30 06:00:00,70.12235053038486
2012-01-30 07:00:00,207.08003667369582
2012-01-30 08:00:00,374.40583968405656
2012-01-30 09:00:00,197.24853069171658
2012-01-30 10:00:00,90.62627938805005
2012-01-30 11:00:00,101.25363996168196
2012-01-30 12:00:00,125.8073982705749
2012-01-30 13:00:00,136.95413611512976
2012-01-30 14:00:00,133.94019255058728
2012-01-30 15:00:00,142.77586438211443
2012-01-30 16:00:00,217.73338021099138
2012-01-30 17:00:00,404.3940080454504
2012-01-30 18:00:00,395.22251122350013
2012-01-30 19:00:00,241.56414334275036
2012-01-30 20:00:00,187.7581527803157
2012-01-30 21:00:00,136.79448907883778
2012-01-30 22:00:00,86.03287432295176
2012-01-30 23:00:00,49.27352251279587
2012-01-31 00:00:00,16.871591680689374
2012-01-31 01:00:00,5.747652298033826
2012-01-31 02:00:00,4.134975915797571
2012-01-31 03:00:00,2.338688267322257
2012-01-31 04:00:00,2.2530133300305812
2012-01-31 05:00:00,16.96696919547716
2012-01-31 06:00:00,87.23708122562977
2012-01-31 07:00:00,251.61079407280909
2012-01-31 08:00:00,477.3926141845104
2012-01-31 09:00:00,226.54750349856414
2012-01-31 10:00:00,110.13698214330641
2012-01-31 11:00:00,124.85113961804771
2012-01-31 12:00:00,161.3478611552859
2012-01-31 13:00:00,188.54800672008727
2012-01-31 14:00:00,184.7419228099613
2012-01-31 15:00:00,210.2265143544045
2012-01-31 16:00:00,302.43534578140054
2012-01-31 17:00:00,541.573192714028
2012-01-31 18:00:00,531.4010632788932
2012-01-31 19:00:00,362.3793134879846
2012-01-31 20:00:00,211.20570456339783
2012-01-31 21:00:00,171.9016446727174
2012-01-31 22:00:00,116.52121433005166
2012-01-31 23:00:00,67.972909467741
2012-02-20 00:00:00,37.453712633420835
2012-02-20 01:00:00,29.178112653790656
2012-02-20 02:00:00,22.800123489477443
2012-02-20 03:00:00,9.335163429648235
2012-02-20 05:00:00,4.616049091538697
2012-02-20 06:00:00,10.550859036051174
2012-02-20 07:00:00,23.057612022235833
2012-02-20 08:00:00,71.7002261670092
2012-02-20 09:00:00,91.20340795400789
2012-02-20 10:00:00,141.21159645143513
2012-02-20 11:00:00,178.5867518731527
2012-02-20 12:00:00,197.3216920437304
2012-02-20 13:00:00,202.6297474421402
2012-02-20 14:00:00,213.3482379593204
2012-02-20 15:00:00,240.9710788479959
2012-02-20 16:00:00,254.3026873602213
2012-02-20 17:00:00,261.2542385226455
2012-02-20 18:00:00,195.94325951689615
2012-02-20 19:00:00,159.35033931854227
2012-02-20 20:00:00,121.34721493284817
2012-02-20 21:00:00,82.19992579735629
2012-02-20 22:00:00,65.87528000336474
2012-02-20 23:00:00,50.55476571108372
2012-02-21 00:00:00,18.08222651618584
2012-02-21 01:00:00,6.110359327283261
2012-02-21 02:00:00,3.4529991116529404
2012-02-21 04:00:00,2.5981685238557186
2012-02-21 05:00:00,17.734522771404464
2012-02-21 06:00:00,79.46277967839606
2012-02-21 07:00:00,247.31819091790916
2012-02-21 08:00:00,460.80554311111155
2012-02-21 09:00:00,236.094387817655
2012-02-21 10:00:00,104.294637865115
2012-02-21 11:00:00,104.67548869346106
2012-02-21 12:00:00,137.1387350917044
2012-02-21 13:00:00,142.52206958786675
2012-02-21 14:00:00,124.88921746661894
2012-02-21 15:00:00,142.53969381447519
2012-02-21 16:00:00,225.6576602121288
2012-02-21 17:00:00,439.5259704236379
2012-02-21 18:00:00,428.03686848992845
2012-02-21 19:00:00,288.294362524139
2012-02-21 20:00:00,196.5572729670408
2012-02-21 21:00:00,159.7182644904799
2012-02-21 22:00:00,98.05927431737743
2012-02-21 23:00:00,55.158117119421114
2012-02-22 00:00:00,21.082714266121933
2012-02-22 01:00:00,8.73257770082045
2012-02-22 02:00:00,3.960890239073746
2012-02-22 03:00:00,2.6660700311602077
2012-02-22 04:00:00,2.080848651521086
2012-02-22 05:00:00,21.061496843012538
2012-02-22 06:00:00,87.87005924707839
2012-02-22 07:00:00,271.36062902369173
2012-02-22 08:00:00,492.34756208147473
2012-02-22 09:00:00,244.97765609375332
2012-02-22 10:00:00,110.40732710754882
2012-02-22 11:00:00,131.0092919856408
2012-02-22 12:00:00,159.3896813795623
2012-02-22 13:00:00,164.40837058633937
2012-02-22 14:00:00,147.04821737272408
2012-02-22 15:00:00,201.53580213218044
2012-02-22 16:00:00,294.1157574756563
2012-02-22 17:00:00,539.4830964214976
2012-02-22 18:00:00,469.1834893248496
2012-02-22 19:00:00,321.2794891280597
2012-02-22 20:00:00,222.7808191944743
2012-02-22 21:00:00,182.68196038790967
2012-02-22 22:00:00,116.4470981005569
2012-02-22 23:00:00,70.39569464078599
2012-02-23 00:00:00,27.927601830906212
2012-02-23 01:00:00,10.177294143869819
2012-02-23 02:00:00,6.657415523884223
2012-02-23 03:00:00,2.6762419370086805
2012-02-23 04:00:00,2.931703589172687
2012-02-23 05:00:00,23.321701545399197
2012-02-23 06:00:00,91.15574683887023
2012-02-23 07:00:00,265.56363926998114
2012-02-23 08:00:00,473.0762293646164
2012-02-23 09:00:00,231.31560025476568
2012-02-23 10:00:00,134.79800889071538
2012-02-23 11:00:00,167.94841121757514
2012-02-23 12:00:00,210.51176629588682
2012-02-23 13:00:00,209.7666030587165
2012-02-23 14:00:00,197.534594452588
2012-02-23 15:00:00,225.40993922595112
2012-02-23 16:00:00,328.0982807721877
2012-02-23 17:00:00,553.9458243905975
2012-02-23 18:00:00,534.3648489925822
2012-02-23 19:00:00,374.03920265939007
2012-02-23 20:00:00,245.50089781905595
2012-02-23 21:00:00,178.552195183483
2012-02-23 22:00:00,133.6800000791864
2012-02-23 23:00:00,84.44511230079742
2012-02-24 00:00:00,44.49585798204192
2012-02-24 01:00:00,21.62958266505808
2012-02-24 02:00:00,7.433591209226007
2012-02-24 03:00:00,5.259442279767288
2012-02-24 04:00:00,3.4580297018907244
2012-02-24 05:00:00,23.335210151735176
2012-02-24 06:00:00,90.20388759695868
2012-02-24 07:00:00,255.68188116066358
2012-02-24 08:00:00,467.74550520527345
2012-02-24 09:00:00,126.5678078604786
2012-02-24 10:00:00,81.68308501229266
2012-02-24 11:00:00,148.47761451111018
2012-02-24 12:00:00,224.0181169315305
2012-02-24 13:00:00,220.61565110397981
2012-02-24 14:00:00,208.77548702431554
2012-02-24 15:00:00,114.24271621689509
2012-02-24 16:00:00,132.54220315049338
2012-02-24 17:00:00,242.99417998934032
2012-02-24 18:00:00,351.6715645117018
2012-02-24 19:00:00,269.6306328169179
2012-02-24 20:00:00,179.62820570490405
2012-02-24 21:00:00,137.6174205283467
2012-02-24 22:00:00,113.01424303488503
2012-02-24 23:00:00,78.6910605252556
2012-02-25 00:00:00,64.53640952911232
2012-02-25 01:00:00,55.927238920696915
2012-02-25 02:00:00,43.24792396253697
2012-02-25 03:00:00,16.798277546316864
2012-02-25 04:00:00,4.967426202787164
2012-02-25 05:00:00,4.779542571213197
2012-02-25 06:00:00,8.649596588179909
2012-02-25 07:00:00,28.366254229744804
2012-02-25 08:00:00,80.31385171905491
2012-02-25 09:00:00,80.89396622299348
2012-02-25 10:00:00,179.86829951618594
2012-02-25 11:00:00,204.27678578427245
2012-02-25 12:00:00,263.981661774989
2012-02-25 13:00:00,279.3124959133396
2012-02-25 14:00:00,259.5666513136101
2012-02-25 15:00:00,279.00693952481964
2012-02-25 16:00:00,247.7665828194261
2012-02-25 17:00:00,194.30161821923122
2012-02-25 18:00:00,169.2447751498675
2012-02-25 19:00:00,127.20984013484285
2012-02-25 20:00:00,94.97943473999524
2012-02-25 21:00:00,80.17581886960097
2012-02-25 22:00:00,68.36857658710984
2012-02-25 23:00:00,48.686751641204864
2012-02-26 00:00:00,57.02779557548498
2012-02-26 01:00:00,46.91963328287976
2012-02-26 02:00:00,37.43296498672615
2012-02-26 03:00:00,20.83018325172048
2012-02-26 04:00:00,5.85568835871054
2012-02-26 05:00:00,5.389053928255693
2012-02-26 06:00:00,6.3768569295268
2012-02-26 07:00:00,18.455448928599942
2012-02-26 08:00:00,49.97583827586558
2012-02-26 09:00:00,89.31221836418723
2012-02-26 10:00:00,157.96136004846016
2012-02-26 11:00:00,198.87871022924952
2012-02-26 12:00:00,257.3936596233742
2012-02-26 13:00:00,296.0261106571578
2012-02-26 14:00:00,318.9249512503037
2012-02-26 15:00:00,340.0383752946515
2012-02-26 16:00:00,296.0013021251249
2012-02-26 17:00:00,244.7351075058663
2012-02-26 18:00:00,193.94933115019725
2012-02-26 19:00:00,152.87641992156682
2012-02-26 20:00:00,112.55166831381646
2012-02-26 21:00:00,85.5575763768796
2012-02-26 22:00:00,71.3899228432282
2012-02-26 23:00:00,38.31781323475692
2012-02-27 00:00:00,15.855721624668547
2012-02-27 01:00:00,5.804220625147655
2012-02-27 02:00:00,3.6520746862137665
2012-02-27 03:00:00,2.6768853144156664
2012-02-27 04:00:00,2.511597634523109
2012-02-27 05:00:00,17.42666377601573
2012-02-27 06:00:00,80.13527737354856
2012-02-27 07:00:00,237.05350285476158
2012-02-27 08:00:00,456.49018954788016
2012-02-27 09:00:00,226.65701346001265
2012-02-27 10:00:00,112.1536516913654
2012-02-27 11:00:00,128.85338699165078
2012-02-27 12:00:00,157.950537718401
2012-02-27 13:00:00,159.58052771200897
2012-02-27 14:00:00,163.81923187816238
2012-02-27 15:00:00,208.1065552711544
2012-02-27 16:00:00,302.17875072966183
2012-02-27 17:00:00,539.0464782670882
2012-02-27 18:00:00,518.7742952551683
2012-02-27 19:00:00,358.5652357797024
2012-02-27 20:00:00,246.63109858410166
2012-02-27 21:00:00,173.23985372580125
2012-02-27 22:00:00,115.67982868278997
2012-02-27 23:00:00,67.10113244940291
2012-02-28 00:00:00,26.200860359750756
2012-02-28 01:00:00,10.012111940702871
2012-02-28 02:00:00,6.14686569602313
2012-02-28 03:00:00,2.5209853613815745
2012-02-28 04:00:00,2.31904275712824
2012-02-28 05:00:00,16.089749317455215
2012-02-28 06:00:00,84.2098470346142
2012-02-28 07:00:00,231.1903254963514
2012-02-28 08:00:00,408.30322870196613
2012-02-28 09:00:00,206.79820604101138
2012-02-28 10:00:00,105.62840294283596
2012-02-28 11:00:00,121.36354409485632
2012-02-28 12:00:00,156.31374219947128
2012-02-28 13:00:00,154.95755307150972
2012-02-28 14:00:00,143.16896511582007
2012-02-28 15:00:00,162.34847741250465
2012-02-28 16:00:00,254.0976099203027
2012-02-28 17:00:00,473.3191974793234
2012-02-28 18:00:00,457.2315962765507
2012-02-28 19:00:00,310.0725643141633
2012-02-28 20:00:00,207.2591107212549
2012-02-28 21:00:00,151.2534027074386
2012-02-28 22:00:00,99.4368326677194
2012-02-28 23:00:00,56.39368775143977
2012-02-29 00:00:00,22.902899387600037
2012-02-29 01:00:00,7.366872587811933
2012-02-29 02:00:00,4.349744604035162
2012-02-29 03:00:00,2.2759859528018462
2012-02-29 05:00:00,20.082933872769775
2012-02-29 06:00:00,85.77876663980511
2012-02-29 07:00:00,254.61992608935958
2012-02-29 08:00:00,479.25117392769937
2012-02-29 09:00:00,109.77352101766317
2012-02-29 10:00:00,63.65732049084916
2012-02-29 11:00:00,68.58760387291338
2012-02-29 12:00:00,63.54756163311763
2012-02-29 13:00:00,104.50802275681568
2012-02-29 14:00:00,100.72250489495518
2012-02-29 15:00:00,128.56598928084756
2012-02-29 16:00:00,113.51208406487542
2012-02-29 17:00:00,360.8208877797146
2012-02-29 18:00:00,253.9139966368436
2012-02-29 19:00:00,266.92927738508416
2012-02-29 20:00:00,114.80918973480178
2012-02-29 21:00:00,79.73067221919456
2012-02-29 22:00:00,67.51186080650427
2012-02-29 23:00:00,39.73161550496101
2012-03-20 00:00:00,25.1950587961209
2012-03-20 01:00:00,14.266487433327857
2012-03-20 02:00:00,5.797569420256634
2012-03-20 03:00:00,3.446706045003822
2012-03-20 04:00:00,3.440195349363011
2012-03-20 05:00:00,21.996459057993167
2012-03-20 06:00:00,101.80996790572696
2012-03-20 07:00:00,150.45904052694772
2012-03-20 08:00:00,513.9586866309156
2012-03-20 09:00:00,298.8449668787838
2012-03-20 10:00:00,142.62824884635887
2012-03-20 11:00:00,176.36457014156403
2012-03-20 12:00:00,223.99477149204782
2012-03-20 13:00:00,216.6347519359386
2012-03-20 14:00:00,204.50852184583968
2012-03-20 15:00:00,226.483126094415
2012-03-20 16:00:00,335.23136625420636
2012-03-20 17:00:00,588.8079799105187
2012-03-20 18:00:00,614.6980148296717
2012-03-20 19:00:00,434.4500377513635
2012-03-20 20:00:00,318.68812036089435
2012-03-20 21:00:00,218.0144035751984
2012-03-20 22:00:00,159.33443191152787
2012-03-20 23:00:00,81.21703700991824
2012-03-21 00:00:00,41.81010848519931
2012-03-21 01:00:00,19.473763448249628
2012-03-21 02:00:00,7.341133393941287
2012-03-21 03:00:00,4.490607239260035
2012-03-21 04:00:00,4.532867911547205
2012-03-21 05:00:00,28.930511728820598
2012-03-21 06:00:00,114.3634181675437
2012-03-21 07:00:00,153.5999241501952
2012-03-21 08:00:00,331.2676734385396
2012-03-21 09:00:00,317.89307817727047
2012-03-21 10:00:00,163.43592959041172
2012-03-21 11:00:00,154.58041750360604
2012-03-21 12:00:00,232.050609898775
2012-03-21 13:00:00,196.14673626758537
2012-03-21 14:00:00,205.96344391137535
2012-03-21 15:00:00,222.67058817278766
2012-03-21 16:00:00,381.60725228460484
2012-03-21 17:00:00,687.866765184896
2012-03-21 18:00:00,710.5155366120229
2012-03-21 19:00:00,533.661382400354
2012-03-21 20:00:00,357.2670075252836
2012-03-21 21:00:00,235.4756440805285
2012-03-21 22:00:00,186.3767214276362
2012-03-21 23:00:00,116.33302095359792
2012-03-22 00:00:00,53.18769601325507
2012-03-22 01:00:00,21.143931526031313
2012-03-22 02:00:00,10.51770834843678
2012-03-22 03:00:00,6.015639985766027
2012-03-22 04:00:00,4.988387928943771
2012-03-22 05:00:00,24.917670450888814
2012-03-22 06:00:00,124.33327408259565
2012-03-22 07:00:00,315.74185564169545
2012-03-22 08:00:00,552.4907936900798
2012-03-22 09:00:00,270.38867078758665
2012-03-22 10:00:00,126.94267987818448
2012-03-22 11:00:00,128.53671215100047
2012-03-22 12:00:00,179.90442925539327
2012-03-22 13:00:00,240.3848257376002
2012-03-22 14:00:00,223.66124150946325
2012-03-22 15:00:00,266.60491383195466
2012-03-22 16:00:00,380.38642989753987
2012-03-22 17:00:00,752.1618107427428
2012-03-22 18:00:00,760.1444734810922
2012-03-22 19:00:00,537.6994129957029
2012-03-22 20:00:00,400.645733731763
2012-03-22 21:00:00,272.1599329153737
2012-03-22 22:00:00,193.16371841774807
2012-03-22 23:00:00,128.27327782935623
2012-03-23 00:00:00,73.58216449062414
2012-03-23 01:00:00,32.70850059816347
2012-03-23 02:00:00,13.262994386086708
2012-03-23 03:00:00,8.069163472472564
2012-03-23 04:00:00,6.16415607429637
2012-03-23 05:00:00,27.656975720688667
2012-03-23 06:00:00,125.23828795256263
2012-03-23 07:00:00,326.57499256109685
2012-03-23 08:00:00,506.411411879424
2012-03-23 09:00:00,305.309959501176
2012-03-23 10:00:00,171.69018920546083
2012-03-23 11:00:00,253.66458111114315
2012-03-23 12:00:00,339.0299281495447
2012-03-23 13:00:00,362.51058997512325
2012-03-23 14:00:00,351.41706905674107
2012-03-23 15:00:00,366.20850555858885
2012-03-23 16:00:00,501.52987831569163
2012-03-23 17:00:00,772.7506282021952
2012-03-23 18:00:00,684.0372532543186
2012-03-23 19:00:00,483.78978656321306
2012-03-23 20:00:00,355.1157382582979
2012-03-23 21:00:00,288.3664794797919
2012-03-23 22:00:00,237.886437548802
2012-03-23 23:00:00,189.05888968468963
2012-03-24 00:00:00,141.46109759785594
2012-03-24 01:00:00,98.51793376186788
2012-03-24 02:00:00,72.62509916972661
2012-03-24 03:00:00,30.547899394885007
2012-03-24 04:00:00,10.880923253159864
2012-03-24 05:00:00,11.904013433553649
2012-03-24 06:00:00,31.296317253136362
2012-03-24 07:00:00,62.11713677661876
2012-03-24 08:00:00,142.31955678950717
2012-03-24 09:00:00,217.09797550174216
2012-03-24 10:00:00,296.9345751640697
2012-03-24 11:00:00,307.73301211561
2012-03-24 12:00:00,225.76214781021412
2012-03-24 13:00:00,220.14101359998145
2012-03-24 14:00:00,200.95739942373177
2012-03-24 15:00:00,178.41954710212758
2012-03-24 16:00:00,158.71418309854175
2012-03-24 17:00:00,161.79972867934578
2012-03-24 18:00:00,142.00205059074605
2012-03-24 19:00:00,148.4402650542939
2012-03-24 20:00:00,95.9596012587078
2012-03-24 21:00:00,82.41157980166042
2012-03-24 22:00:00,71.54443317107625
2012-03-24 23:00:00,90.60571676506531
2012-03-25 00:00:00,76.67040998704519
2012-03-25 01:00:00,65.53377732484485
2012-03-25 02:00:00,40.51455616941464
2012-03-25 03:00:00,18.016046986618488
2012-03-25 04:00:00,8.835306816325165
2012-03-25 05:00:00,9.153326178921256
2012-03-25 06:00:00,16.69976457749405
2012-03-25 07:00:00,37.389743472542655
2012-03-25 08:00:00,98.9745147258977
2012-03-25 09:00:00,134.70118174964378
2012-03-25 10:00:00,234.27866003847618
2012-03-25 11:00:00,247.39181471175237
2012-03-25 12:00:00,305.3765160241771
2012-03-25 13:00:00,366.90453550672123
2012-03-25 14:00:00,344.7513598545717
2012-03-25 15:00:00,344.06801504027214
2012-03-25 16:00:00,408.8764696871916
2012-03-25 17:00:00,423.80036342274815
2012-03-25 18:00:00,365.50028989092755
2012-03-25 19:00:00,312.02036503365946
2012-03-25 20:00:00,213.57206558532965
2012-03-25 21:00:00,161.08776867192154
2012-03-25 22:00:00,117.01889393676822
2012-03-25 23:00:00,84.4140436984023
2012-03-26 00:00:00,34.56083343480193
2012-03-26 01:00:00,14.650740670002577
2012-03-26 02:00:00,7.771116699289735
2012-03-26 03:00:00,4.78565401194402
2012-03-26 04:00:00,5.77224210860315
2012-03-26 05:00:00,28.16016429943851
2012-03-26 06:00:00,127.59007845001929
2012-03-26 07:00:00,411.88125152290525
2012-03-26 08:00:00,644.5335385120111
2012-03-26 09:00:00,307.8920508904536
2012-03-26 10:00:00,182.33483427613396
2012-03-26 11:00:00,219.3141144217132
2012-03-26 12:00:00,265.1459669968589
2012-03-26 13:00:00,249.75100046469805
2012-03-26 14:00:00,248.761530548971
2012-03-26 15:00:00,259.34148711263686
2012-03-26 16:00:00,345.19674320790045
2012-03-26 17:00:00,608.4491210450036
2012-03-26 18:00:00,577.3568494306119
2012-03-26 19:00:00,399.4507037722424
2012-03-26 20:00:00,271.6122577109208
2012-03-26 21:00:00,193.77060874594412
2012-03-26 22:00:00,129.4135349065579
2012-03-26 23:00:00,65.82599104029609
2012-03-27 00:00:00,27.367291955851204
2012-03-27 01:00:00,9.046465932125438
2012-03-27 02:00:00,4.2211604120060535
2012-03-27 03:00:00,3.1271229300725616
2012-03-27 04:00:00,3.2019051198712702
2012-03-27 05:00:00,20.474699135957724
2012-03-27 06:00:00,94.14838565442999
2012-03-27 07:00:00,299.42288899024453
2012-03-27 08:00:00,509.23279440823745
2012-03-27 09:00:00,271.54247984312724
2012-03-27 10:00:00,145.06080133480674
2012-03-27 11:00:00,165.6279152025598
2012-03-27 12:00:00,212.81360987005255
2012-03-27 13:00:00,227.04603309961666
2012-03-27 14:00:00,208.5309267426053
2012-03-27 15:00:00,241.27955956251049
2012-03-27 16:00:00,349.0223801745891
2012-03-27 17:00:00,618.2025608897758
2012-03-27 18:00:00,566.9221753609706
2012-03-27 19:00:00,418.4205786847101
2012-03-27 20:00:00,308.38339468034167
2012-03-27 21:00:00,193.88509818284146
2012-03-27 22:00:00,139.0470317181751
2012-03-27 23:00:00,75.83802056784808
2012-03-28 00:00:00,31.34626169646764
2012-03-28 01:00:00,10.570957866206953
2012-03-28 02:00:00,4.841017046917534
2012-03-28 03:00:00,3.5760106025231537
2012-03-28 04:00:00,2.8400587567912483
2012-03-28 05:00:00,27.384781183488478
2012-03-28 06:00:00,114.97256902281606
2012-03-28 07:00:00,352.40160880075325
2012-03-28 08:00:00,624.0652513179843
2012-03-28 09:00:00,324.2777003197792
2012-03-28 10:00:00,179.93762720085292
2012-03-28 11:00:00,221.61916924917713
2012-03-28 12:00:00,275.3526159295769
2012-03-28 13:00:00,282.1269221845083
2012-03-28 14:00:00,257.3210524166127
2012-03-28 15:00:00,272.28484716856576
2012-03-28 16:00:00,303.87458626904845
2012-03-28 17:00:00,764.1119926983329
2012-03-28 18:00:00,775.0370379368311
2012-03-28 19:00:00,541.6510060304203
2012-03-28 20:00:00,410.23882429303455
2012-03-28 21:00:00,289.65061479546966
2012-03-28 22:00:00,215.92905614494734
2012-03-28 23:00:00,122.6240127655573
2012-03-29 00:00:00,48.79816029409919
2012-03-29 01:00:00,18.724520113885596
2012-03-29 02:00:00,8.732545867182589
2012-03-29 03:00:00,4.563295693913643
2012-03-29 04:00:00,5.226943713554259
2012-03-29 05:00:00,30.92631467242159
2012-03-29 06:00:00,138.72189086400485
2012-03-29 07:00:00,395.4088195317134
2012-03-29 08:00:00,632.0345074913073
2012-03-29 09:00:00,331.9549676899707
2012-03-29 10:00:00,175.30599953636147
2012-03-29 11:00:00,227.0352948438915
2012-03-29 12:00:00,263.6863147463018
2012-03-29 13:00:00,244.04622166822327
2012-03-29 14:00:00,238.25260473586005
2012-03-29 15:00:00,277.2758390744589
2012-03-29 16:00:00,396.7155822820831
2012-03-29 17:00:00,698.5702715528198
2012-03-29 18:00:00,691.7298515247264
2012-03-29 19:00:00,470.1431044379148
2012-03-29 20:00:00,316.29304493681815
2012-03-29 21:00:00,216.196175651693
2012-03-29 22:00:00,152.36033387187592
2012-03-29 23:00:00,93.8300168372047
2012-03-30 00:00:00,55.844767727299185
2012-03-30 01:00:00,27.970685267203798
2012-03-30 02:00:00,11.123330324889157
2012-03-30 03:00:00,8.147848866400135
2012-03-30 04:00:00,5.871983580615536
2012-03-30 05:00:00,25.62883966905041
2012-03-30 06:00:00,99.7680128576075
2012-03-30 07:00:00,304.72303846518236
2012-03-30 08:00:00,585.0295362622999
2012-03-30 09:00:00,330.9094778997602
2012-03-30 10:00:00,181.43941122472143
2012-03-30 11:00:00,209.07350938726194
2012-03-30 12:00:00,271.8687816805111
2012-03-30 13:00:00,204.94242452593113
2012-03-30 14:00:00,187.62326350878956
2012-03-30 15:00:00,210.07751074487746
2012-03-30 16:00:00,221.62383881696897
2012-03-30 17:00:00,559.7844689196002
2012-03-30 18:00:00,530.6803044992739
2012-03-30 19:00:00,365.4691948477498
2012-03-30 20:00:00,247.94282372938838
2012-03-30 21:00:00,190.60085476691745
2012-03-30 22:00:00,159.29156116356242
2012-03-30 23:00:00,128.8433991501542
2012-03-31 00:00:00,95.3301079539281
2012-03-31 01:00:00,71.86949784593507
2012-03-31 02:00:00,54.86613503330839
2012-03-31 03:00:00,25.750916103424697
2012-03-31 04:00:00,9.366810252338695
2012-03-31 05:00:00,10.889539542003558
2012-03-31 06:00:00,24.727973166356385
2012-03-31 07:00:00,49.15085485906957
2012-03-31 08:00:00,124.09602654649743
2012-03-31 09:00:00,207.91506884597092
2012-03-31 10:00:00,307.64290469771396
2012-03-31 11:00:00,431.06753665947974
2012-03-31 12:00:00,495.32481880399365
2012-03-31 13:00:00,560.8268251826954
2012-03-31 14:00:00,496.03090552760943
2012-03-31 15:00:00,519.4542052581586
2012-03-31 16:00:00,479.446778980708
2012-03-31 17:00:00,419.5493702249695
2012-03-31 18:00:00,300.35438125394955
2012-03-31 19:00:00,278.7773194131318
2012-03-31 20:00:00,184.8923498839204
2012-03-31 21:00:00,156.77673191283392
2012-03-31 22:00:00,134.84828153407986
2012-03-31 23:00:00,89.51902681534325
2012-04-20 00:00:00,68.10330751026979
2012-04-20 01:00:00,34.66162351455381
2012-04-20 02:00:00,12.413589482933242
2012-04-20 03:00:00,8.161114991732834
2012-04-20 04:00:00,6.532767747027071
2012-04-20 05:00:00,26.92404671494622
2012-04-20 06:00:00,128.7251967424973
2012-04-20 07:00:00,319.2835684790851
2012-04-20 08:00:00,545.4236183333702
2012-04-20 09:00:00,322.81763904605214
2012-04-20 10:00:00,202.3667423508009
2012-04-20 11:00:00,266.5873231354851
2012-04-20 12:00:00,360.4674964820199
2012-04-20 13:00:00,380.91120389518795
2012-04-20 14:00:00,350.63317297095216
2012-04-20 15:00:00,382.4956454644691
2012-04-20 16:00:00,510.1073276709587
2012-04-20 17:00:00,747.6562795168472
2012-04-20 18:00:00,645.0247671975955
2012-04-20 19:00:00,476.10576294270123
2012-04-20 20:00:00,336.86849502623795
2012-04-20 21:00:00,258.07220906639276
2012-04-20 22:00:00,216.78118437840436
2012-04-20 23:00:00,173.4457335007935
2012-04-21 00:00:00,123.61876572313061
2012-04-21 01:00:00,98.50613895408617
2012-04-21 02:00:00,69.77106003407255
2012-04-21 03:00:00,31.316329078180495
2012-04-21 04:00:00,11.111248450369203
2012-04-21 05:00:00,13.379170701139191
2012-04-21 06:00:00,31.60545267457895
2012-04-21 07:00:00,69.66571085434705
2012-04-21 08:00:00,179.37616372691386
2012-04-21 09:00:00,272.83075577143035
2012-04-21 10:00:00,429.4441790069508
2012-04-21 11:00:00,506.9797977625814
2012-04-21 12:00:00,568.7773750208678
2012-04-21 13:00:00,608.9559672647914
2012-04-21 14:00:00,582.706216616191
2012-04-21 15:00:00,617.5462720691369
2012-04-21 16:00:00,585.5919039805409
2012-04-21 17:00:00,554.385496018039
2012-04-21 18:00:00,443.415639081866
2012-04-21 19:00:00,225.4720663742386
2012-04-21 20:00:00,107.77200329393008
2012-04-21 21:00:00,97.03875710487219
2012-04-21 22:00:00,156.75490522660473
2012-04-21 23:00:00,101.9318976524564
2012-04-22 00:00:00,99.55290918032395
2012-04-22 01:00:00,80.48264023023391
2012-04-22 02:00:00,63.46747858101442
2012-04-22 03:00:00,28.969481824564962
2012-04-22 04:00:00,10.911913556971589
2012-04-22 05:00:00,11.314639077265852
2012-04-22 06:00:00,23.13349307796772
2012-04-22 07:00:00,38.97004480719836
2012-04-22 08:00:00,83.9889068649815
2012-04-22 09:00:00,106.61249279864785
2012-04-22 10:00:00,151.43500274640488
2012-04-22 11:00:00,167.6659288688523
2012-04-22 12:00:00,198.5746068454658
2012-04-22 13:00:00,208.47515954371056
2012-04-22 14:00:00,190.10420909641306
2012-04-22 15:00:00,189.3233508881471
2012-04-22 16:00:00,159.5667575563789
2012-04-22 17:00:00,136.51961105351228
2012-04-22 18:00:00,119.12421746521288
2012-04-22 19:00:00,107.71645844724915
2012-04-22 20:00:00,90.49155676654462
2012-04-22 21:00:00,78.69317382666749
2012-04-22 22:00:00,59.16910371681929
2012-04-22 23:00:00,56.054521737534785
2012-04-23 00:00:00,21.431408179210543
2012-04-23 01:00:00,8.922089024865542
2012-04-23 02:00:00,5.039957992786317
2012-04-23 03:00:00,3.4491260811919062
2012-04-23 04:00:00,3.6956020682866475
2012-04-23 05:00:00,20.670274578613906
2012-04-23 06:00:00,102.99405782160534
2012-04-23 07:00:00,166.40433686043195
2012-04-23 08:00:00,535.3864522680298
2012-04-23 09:00:00,265.4543798566184
2012-04-23 10:00:00,138.2243601407602
2012-04-23 11:00:00,149.7931477642153
2012-04-23 12:00:00,121.62992367347344
2012-04-23 13:00:00,121.48075945493369
2012-04-23 14:00:00,117.29600791432499
2012-04-23 15:00:00,185.69766025092613
2012-04-23 16:00:00,135.56295846490303
2012-04-23 17:00:00,252.81489367115282
2012-04-23 18:00:00,291.0853547789917
2012-04-23 19:00:00,326.9660733622022
2012-04-23 20:00:00,238.69303003976952
2012-04-23 21:00:00,148.9658834029346
2012-04-23 22:00:00,121.42458206097217
2012-04-23 23:00:00,74.17418827531918
2012-04-24 00:00:00,27.07835200168126
2012-04-24 01:00:00,12.359444288556402
2012-04-24 02:00:00,4.745983660633669
2012-04-24 03:00:00,3.363194795039727
2012-04-24 04:00:00,2.4216844995250204
2012-04-24 05:00:00,24.80475960772959
2012-04-24 06:00:00,106.033170971072
2012-04-24 07:00:00,340.29470379918837
2012-04-24 08:00:00,617.6432355235218
2012-04-24 09:00:00,315.72877000669143
2012-04-24 10:00:00,179.27516783210416
2012-04-24 11:00:00,216.67714558178582
2012-04-24 12:00:00,263.0090602380316
2012-04-24 13:00:00,261.2190174382898
2012-04-24 14:00:00,242.94009210005237
2012-04-24 15:00:00,263.87744596720347
2012-04-24 16:00:00,403.53171788797033
2012-04-24 17:00:00,682.4548488665484
2012-04-24 18:00:00,679.6080053788716
2012-04-24 19:00:00,484.64590706699045
2012-04-24 20:00:00,320.20289702122966
2012-04-24 21:00:00,221.989312724537
2012-04-24 22:00:00,158.32731742868614
2012-04-24 23:00:00,88.61387187372695
2012-04-25 00:00:00,36.677801918307054
2012-04-25 01:00:00,12.07934175632394
2012-04-25 02:00:00,5.130955362249338
2012-04-25 03:00:00,3.012189934931334
2012-04-25 04:00:00,2.0943167957053026
2012-04-25 05:00:00,27.769366253106494
2012-04-25 06:00:00,114.38144158314257
2012-04-25 07:00:00,368.4566782290415
2012-04-25 08:00:00,620.0512738112341
2012-04-25 09:00:00,335.84697532925816
2012-04-25 10:00:00,194.59050077208272
2012-04-25 11:00:00,234.9245218320431
2012-04-25 12:00:00,277.68537133334746
2012-04-25 13:00:00,281.58864746789885
2012-04-25 14:00:00,250.69429484959306
2012-04-25 15:00:00,287.9065081597957
2012-04-25 16:00:00,395.9341036025765
2012-04-25 17:00:00,753.2086155628143
2012-04-25 18:00:00,759.0160590064237
2012-04-25 19:00:00,524.9719684673648
2012-04-25 20:00:00,385.80436379796384
2012-04-25 21:00:00,267.54741178711134
2012-04-25 22:00:00,191.42299112047755
2012-04-25 23:00:00,111.21983496221056
2012-04-26 00:00:00,44.657015658807026
2012-04-26 01:00:00,15.800900280027216
2012-04-26 02:00:00,8.022041800564477
2012-04-26 03:00:00,4.691492081480506
2012-04-26 04:00:00,5.287332037742105
2012-04-26 05:00:00,29.817012443280255
2012-04-26 06:00:00,137.30696893195437
2012-04-26 07:00:00,199.9647433283642
2012-04-26 08:00:00,437.7787524580252
2012-04-26 09:00:00,152.72497923924908
2012-04-26 10:00:00,131.41336450587232
2012-04-26 11:00:00,135.1455022797516
2012-04-26 12:00:00,207.67338162026448
2012-04-26 13:00:00,191.6797692507228
2012-04-26 14:00:00,205.28297816401368
2012-04-26 15:00:00,190.96355709351744
2012-04-26 16:00:00,288.93443023192344
2012-04-26 17:00:00,642.1753967799285
2012-04-26 18:00:00,604.2108235079355
2012-04-26 19:00:00,434.4686180105311
2012-04-26 20:00:00,362.11232653185124
2012-04-26 21:00:00,227.42779346455717
2012-04-26 22:00:00,193.34003887834578
2012-04-26 23:00:00,112.08557091660225
2012-04-27 00:00:00,67.27625228639684
2012-04-27 01:00:00,32.31026062335407
2012-04-27 02:00:00,15.060454762726959
2012-04-27 03:00:00,8.549713361064324
2012-04-27 04:00:00,6.738956233104273
2012-04-27 05:00:00,25.83740910988028
2012-04-27 06:00:00,108.71496101024002
2012-04-27 07:00:00,316.92218482528375
2012-04-27 08:00:00,600.9755743646194
2012-04-27 09:00:00,328.6259435551562
2012-04-27 10:00:00,206.9493203087562
2012-04-27 11:00:00,248.95181578711836
2012-04-27 12:00:00,328.0561720242107
2012-04-27 13:00:00,355.6695105225401
2012-04-27 14:00:00,321.85557361691644
2012-04-27 15:00:00,394.1969110150136
2012-04-27 16:00:00,473.8151283632157
2012-04-27 17:00:00,673.6411475752277
2012-04-27 18:00:00,575.4490146261091
2012-04-27 19:00:00,431.48748727922657
2012-04-27 20:00:00,274.3770703318595
2012-04-27 21:00:00,198.50091203158846
2012-04-27 22:00:00,165.96080324821122
2012-04-27 23:00:00,120.59799073453004
2012-04-28 00:00:00,100.32889658253391
2012-04-28 01:00:00,73.13148976048419
2012-04-28 02:00:00,52.18336719979281
2012-04-28 03:00:00,24.614266291690548
2012-04-28 04:00:00,8.603219007760313
2012-04-28 05:00:00,8.16029931515025
2012-04-28 06:00:00,23.274674484783418
2012-04-28 07:00:00,57.88375393963863
2012-04-28 08:00:00,146.27394061361844
2012-04-28 09:00:00,229.29246616187305
2012-04-28 10:00:00,316.7493959530208
2012-04-28 11:00:00,394.54249446043247
2012-04-28 12:00:00,441.893869453561
2012-04-28 13:00:00,473.71970048788125
2012-04-28 14:00:00,512.3443000712207
2012-04-28 15:00:00,498.38987005861725
2012-04-28 16:00:00,470.1173580403832
2012-04-28 17:00:00,394.65344289794194
2012-04-28 18:00:00,234.827570314089
2012-04-28 19:00:00,175.18008068266835
2012-04-28 20:00:00,187.6209458460233
2012-04-28 21:00:00,106.2526353356275
2012-04-28 22:00:00,135.37084381554936
2012-04-28 23:00:00,106.02460459475537
2012-04-29 00:00:00,68.71316902426051
2012-04-29 01:00:00,76.23594835441509
2012-04-29 02:00:00,65.03441403786444
2012-04-29 03:00:00,26.858435980577262
2012-04-29 04:00:00,10.225814575592207
2012-04-29 05:00:00,10.911144394032839
2012-04-29 06:00:00,20.386998696608195
2012-04-29 07:00:00,43.76553273590698
2012-04-29 08:00:00,119.85946666982954
2012-04-29 09:00:00,197.6759504297277
2012-04-29 10:00:00,334.2503179967457
2012-04-29 11:00:00,451.92548273198753
2012-04-29 12:00:00,547.9838575120282
2012-04-29 13:00:00,581.3314144166726
2012-04-29 14:00:00,578.1989054007432
2012-04-29 15:00:00,581.0607452712004
2012-04-29 16:00:00,543.3004521763858
2012-04-29 17:00:00,472.90071570865314
2012-04-29 18:00:00,415.6497399098429
2012-04-29 19:00:00,389.4386397985287
2012-04-29 20:00:00,278.3724667463353
2012-04-29 21:00:00,182.79059586979938
2012-04-29 22:00:00,137.30974434377774
2012-04-29 23:00:00,94.23970869875309
2012-04-30 00:00:00,38.36568020198391
2012-04-30 01:00:00,14.735337331723468
2012-04-30 02:00:00,6.985380929643429
2012-04-30 03:00:00,4.038903803482592
2012-04-30 04:00:00,3.4104889355557817
2012-04-30 05:00:00,24.793353135481254
2012-04-30 06:00:00,113.79636527499545
2012-04-30 07:00:00,363.06955210270246
2012-04-30 08:00:00,608.0735329714178
2012-04-30 09:00:00,309.80328325208245
2012-04-30 10:00:00,172.74447080350708
2012-04-30 11:00:00,196.9660424604953
2012-04-30 12:00:00,232.84827063301722
2012-04-30 13:00:00,241.23927378032766
2012-04-30 14:00:00,231.59256390720066
2012-04-30 15:00:00,255.44093499341542
2012-04-30 16:00:00,388.4193496024219
2012-04-30 17:00:00,729.3877068374094
2012-04-30 18:00:00,694.9559397517341
2012-04-30 19:00:00,477.7669044738468
2012-04-30 20:00:00,323.32278713662015
2012-04-30 21:00:00,241.02726487190336
2012-04-30 22:00:00,164.26771219749403
2012-04-30 23:00:00,91.95801112301666
2012-05-20 00:00:00,150.7573544500411
2012-05-20 01:00:00,104.54090367013228
2012-05-20 02:00:00,72.13650890845645
2012-05-20 03:00:00,34.62184277393573
2012-05-20 04:00:00,12.802666953549547
2012-05-20 05:00:00,12.733421031455114
2012-05-20 06:00:00,21.85042426362656
2012-05-20 07:00:00,55.308682949118506
2012-05-20 08:00:00,145.6380536590876
2012-05-20 09:00:00,271.46910000528396
2012-05-20 10:00:00,409.3789887423479
2012-05-20 11:00:00,517.3813852949382
2012-05-20 12:00:00,643.1998791117594
2012-05-20 13:00:00,651.5667112037729
2012-05-20 14:00:00,605.7143111827206
2012-05-20 15:00:00,570.5581498679703
2012-05-20 16:00:00,577.3639709473782
2012-05-20 17:00:00,531.9510980118846
2012-05-20 18:00:00,437.89326187510017
2012-05-20 19:00:00,352.32843448623953
2012-05-20 20:00:00,272.1400250116717
2012-05-20 21:00:00,202.53926478992008
2012-05-20 22:00:00,156.27220883102223
2012-05-20 23:00:00,80.4037424424138
2012-05-21 00:00:00,25.292436757914164
2012-05-21 01:00:00,11.460844461231671
2012-05-21 02:00:00,5.063573459272625
2012-05-21 03:00:00,4.091366179158525
2012-05-21 04:00:00,4.125540704325493
2012-05-21 05:00:00,21.657881028436236
2012-05-21 06:00:00,62.98597287327681
2012-05-21 07:00:00,174.13954256093425
2012-05-21 08:00:00,234.53351869898287
2012-05-21 09:00:00,138.2459614255369
2012-05-21 10:00:00,82.53419333337952
2012-05-21 11:00:00,147.60212277479508
2012-05-21 12:00:00,186.71909191491395
2012-05-21 13:00:00,111.86780338716434
2012-05-21 14:00:00,107.1073145346281
2012-05-21 15:00:00,219.31919964776597
2012-05-21 16:00:00,358.09979176240137
2012-05-21 17:00:00,706.084374367512
2012-05-21 18:00:00,704.3190984944772
2012-05-21 19:00:00,506.68843712717353
2012-05-21 20:00:00,376.52450913241
2012-05-21 21:00:00,274.4180769871476
2012-05-21 22:00:00,171.11442476278086
2012-05-21 23:00:00,102.70322200366527
2012-05-22 00:00:00,37.1882444018561
2012-05-22 01:00:00,16.50711500120891
2012-05-22 02:00:00,6.863067696625339
2012-05-22 03:00:00,5.876021163442751
2012-05-22 04:00:00,5.239013525383257
2012-05-22 05:00:00,23.566126548812996
2012-05-22 06:00:00,69.65728772652817
2012-05-22 07:00:00,183.49513672154058
2012-05-22 08:00:00,527.8324864265435
2012-05-22 09:00:00,326.7834952577772
2012-05-22 10:00:00,175.0330808314689
2012-05-22 11:00:00,193.83779208543132
2012-05-22 12:00:00,221.30883881409267
2012-05-22 13:00:00,226.91323138887145
2012-05-22 14:00:00,203.82708434904646
2012-05-22 15:00:00,275.4859180221276
2012-05-22 16:00:00,392.79473294032215
2012-05-22 17:00:00,757.2461646118003
2012-05-22 18:00:00,736.9466393480485
2012-05-22 19:00:00,510.2871439506707
2012-05-22 20:00:00,379.4985998177989
2012-05-22 21:00:00,265.8281044955905
2012-05-22 22:00:00,208.82476065586403
2012-05-22 23:00:00,117.39572396408789
2012-05-23 00:00:00,47.498395748880554
2012-05-23 01:00:00,19.0743323849051
2012-05-23 02:00:00,7.820414428694536
2012-05-23 03:00:00,6.374913265439491
2012-05-23 04:00:00,5.105594063009972
2012-05-23 05:00:00,22.335329363075317
2012-05-23 06:00:00,149.6885320442761
2012-05-23 07:00:00,444.4631510778284
2012-05-23 08:00:00,629.4390586525902
2012-05-23 09:00:00,334.42042855383295
2012-05-23 10:00:00,186.13016583475726
2012-05-23 11:00:00,220.58405176411665
2012-05-23 12:00:00,276.1421029934655
2012-05-23 13:00:00,227.93717329082142
2012-05-23 14:00:00,239.02987972588267
2012-05-23 15:00:00,271.94944773670795
2012-05-23 16:00:00,324.21173405950805
2012-05-23 17:00:00,558.1258292580065
2012-05-23 18:00:00,579.9462198480811
2012-05-23 19:00:00,394.0999888488749
2012-05-23 20:00:00,302.95173132518596
2012-05-23 21:00:00,207.60945737668584
2012-05-23 22:00:00,176.46787862355194
2012-05-23 23:00:00,120.4829027118382
2012-05-24 00:00:00,57.19666535325033
2012-05-24 01:00:00,20.886284880894966
2012-05-24 02:00:00,9.52170465576158
2012-05-24 03:00:00,5.8683011643336185
2012-05-24 04:00:00,5.62879998352486
2012-05-24 05:00:00,32.225194409150774
2012-05-24 06:00:00,142.85946380936835
2012-05-24 07:00:00,465.9400363833279
2012-05-24 08:00:00,677.5305232691283
2012-05-24 09:00:00,335.586230661307
2012-05-24 10:00:00,194.07770732350053
2012-05-24 11:00:00,229.86467308400648
2012-05-24 12:00:00,297.555899175378
2012-05-24 13:00:00,288.1941542102377
2012-05-24 14:00:00,248.51714745714153
2012-05-24 15:00:00,290.32880701698605
2012-05-24 16:00:00,398.0426215430554
2012-05-24 17:00:00,793.2797344546916
2012-05-24 18:00:00,758.6836436009295
2012-05-24 19:00:00,554.1191917740023
2012-05-24 20:00:00,360.9544193675853
2012-05-24 21:00:00,136.54615079613714
2012-05-24 22:00:00,196.13126242069362
2012-05-24 23:00:00,132.22237206027518
2012-05-25 00:00:00,81.28891520488233
2012-05-25 01:00:00,38.18325537684553
2012-05-25 02:00:00,12.919484797444232
2012-05-25 03:00:00,6.019758563004842
2012-05-25 04:00:00,6.571910069753
2012-05-25 05:00:00,34.62009136856915
2012-05-25 06:00:00,131.3003356007283
2012-05-25 07:00:00,383.2394611852046
2012-05-25 08:00:00,604.2802630533517
2012-05-25 09:00:00,295.29992694541454
2012-05-25 10:00:00,213.10092537663294
2012-05-25 11:00:00,254.10284751895216
2012-05-25 12:00:00,342.65644450949833
2012-05-25 13:00:00,351.7071359246218
2012-05-25 14:00:00,333.76354082401605
2012-05-25 15:00:00,352.8385032238581
2012-05-25 16:00:00,473.5898972810952
2012-05-25 17:00:00,732.7242001906785
2012-05-25 18:00:00,673.3684988534962
2012-05-25 19:00:00,501.5884844996417
2012-05-25 20:00:00,357.1795867665599
2012-05-25 21:00:00,288.72579759380113
2012-05-25 22:00:00,251.38018798417724
2012-05-25 23:00:00,190.69232565799948
2012-05-26 00:00:00,145.46745421234996
2012-05-26 01:00:00,102.74982425003539
2012-05-26 02:00:00,70.72496899727787
2012-05-26 03:00:00,30.387160496389647
2012-05-26 04:00:00,9.657591522704621
2012-05-26 05:00:00,12.789571384159972
2012-05-26 06:00:00,31.65819673818321
2012-05-26 07:00:00,59.75464269161065
2012-05-26 08:00:00,183.6622887098012
2012-05-26 09:00:00,250.91776378258277
2012-05-26 10:00:00,363.9507185140195
2012-05-26 11:00:00,459.5819806685496
2012-05-26 12:00:00,517.7227923145523
2012-05-26 13:00:00,533.5601104908947
2012-05-26 14:00:00,514.1295455936638
2012-05-26 15:00:00,508.12203602351957
2012-05-26 16:00:00,534.4359824645793
2012-05-26 17:00:00,510.79827821680027
2012-05-26 18:00:00,482.2699003277233
2012-05-26 19:00:00,379.88341595054214
2012-05-26 20:00:00,298.1986214280798
2012-05-26 21:00:00,241.69475140871359
2012-05-26 22:00:00,217.35932515387404
2012-05-26 23:00:00,155.39777791148126
2012-05-27 00:00:00,126.37882770043002
2012-05-27 01:00:00,104.75584807477028
2012-05-27 02:00:00,75.31563703991571
2012-05-27 03:00:00,32.94146722548702
2012-05-27 04:00:00,9.915931766169948
2012-05-27 05:00:00,13.169067811133015
2012-05-27 06:00:00,22.750347739784424
2012-05-27 07:00:00,56.05000211894014
2012-05-27 08:00:00,152.85454357502854
2012-05-27 09:00:00,223.6490316158037
2012-05-27 10:00:00,366.54873512361803
2012-05-27 11:00:00,456.06378529855465
2012-05-27 12:00:00,497.2225932209882
2012-05-27 13:00:00,545.9423427045907
2012-05-27 14:00:00,531.2663676185318
2012-05-27 15:00:00,516.9211456644264
2012-05-27 16:00:00,517.8147352534178
2012-05-27 17:00:00,487.42066887905673
2012-05-27 18:00:00,442.11886208320067
2012-05-27 19:00:00,355.339866408195
2012-05-27 20:00:00,307.3573047102907
2012-05-27 21:00:00,139.73769093551033
2012-05-27 22:00:00,103.53639542453996
2012-05-27 23:00:00,87.45414662395399
2012-05-28 00:00:00,80.45940241386691
2012-05-28 01:00:00,48.05870681103937
2012-05-28 02:00:00,30.941119865875862
2012-05-28 03:00:00,16.272603126410893
2012-05-28 04:00:00,8.681953228854265
2012-05-28 05:00:00,15.877522691030592
2012-05-28 06:00:00,47.59417915261167
2012-05-28 07:00:00,109.10304093860664
2012-05-28 08:00:00,208.40238742926573
2012-05-28 09:00:00,290.5439953882681
2012-05-28 10:00:00,339.74308846445064
2012-05-28 11:00:00,362.22770397545634
2012-05-28 12:00:00,392.4217830634494
2012-05-28 13:00:00,386.2336040690219
2012-05-28 14:00:00,384.1295298573188
2012-05-28 15:00:00,354.17368584351414
2012-05-28 16:00:00,400.3509091753168
2012-05-28 17:00:00,514.0076924696366
2012-05-28 18:00:00,486.55819200738995
2012-05-28 19:00:00,413.5157896647214
2012-05-28 20:00:00,326.9769446013188
2012-05-28 21:00:00,260.43367786502455
2012-05-28 22:00:00,215.33915794619605
2012-05-28 23:00:00,121.2061325807933
2012-05-29 00:00:00,43.1590854576558
2012-05-29 01:00:00,17.140426921132935
2012-05-29 02:00:00,6.949522243830894
2012-05-29 03:00:00,5.159853602437993
2012-05-29 04:00:00,6.388766581521357
2012-05-29 05:00:00,33.37956190931387
2012-05-29 06:00:00,158.63699327017912
2012-05-29 07:00:00,457.6979548017148
2012-05-29 08:00:00,659.1729749389025
2012-05-29 09:00:00,316.7230269114726
2012-05-29 10:00:00,185.82966721762222
2012-05-29 11:00:00,219.68929190490798
2012-05-29 12:00:00,274.19486162465347
2012-05-29 13:00:00,268.34841146132277
2012-05-29 14:00:00,251.13804805800837
2012-05-29 15:00:00,274.19805996511377
2012-05-29 16:00:00,391.5118343423508
2012-05-29 17:00:00,760.5905469565275
2012-05-29 18:00:00,740.6914628060988
2012-05-29 19:00:00,535.4128082635813
2012-05-29 20:00:00,280.79288801443056
2012-05-29 21:00:00,106.47214561989453
2012-05-29 22:00:00,153.34888333082733
2012-05-29 23:00:00,76.70818921879236
2012-05-30 00:00:00,36.82958457112816
2012-05-30 01:00:00,12.736027771906663
2012-05-30 02:00:00,5.7034488774203
2012-05-30 03:00:00,4.112267461883144
2012-05-30 04:00:00,5.863021904187967
2012-05-30 05:00:00,35.537851826953144
2012-05-30 06:00:00,152.3182033455129
2012-05-30 07:00:00,244.44389207222997
2012-05-30 08:00:00,674.6844149698863
2012-05-30 09:00:00,337.47065311066854
2012-05-30 10:00:00,177.02668715448505
2012-05-30 11:00:00,221.5836844141053
2012-05-30 12:00:00,302.70098226029796
2012-05-30 13:00:00,293.1357122695222
2012-05-30 14:00:00,261.10171075984147
2012-05-30 15:00:00,286.3704828059441
2012-05-30 16:00:00,410.2399684922485
2012-05-30 17:00:00,743.3185605985767
2012-05-30 18:00:00,806.7511610373518
2012-05-30 19:00:00,551.8856363058956
2012-05-30 20:00:00,350.16197985140417
2012-05-30 21:00:00,310.0652049321458
2012-05-30 22:00:00,245.41899019089448
2012-05-30 23:00:00,137.0687287165233
2012-05-31 00:00:00,57.27180883431625
2012-05-31 01:00:00,21.87878297829691
2012-05-31 02:00:00,9.831192870093762
2012-05-31 03:00:00,5.706561700633877
2012-05-31 04:00:00,6.42510120484027
2012-05-31 05:00:00,33.97805969811084
2012-05-31 06:00:00,160.97615004123296
2012-05-31 07:00:00,478.48032110859606
2012-05-31 08:00:00,669.6372857498333
2012-05-31 09:00:00,326.77961710850207
2012-05-31 10:00:00,192.34838829363738
2012-05-31 11:00:00,239.58440088911993
2012-05-31 12:00:00,310.1836179560711
2012-05-31 13:00:00,296.8105980662805
2012-05-31 14:00:00,248.049856997268
2012-05-31 15:00:00,284.9395499933315
2012-05-31 16:00:00,418.1021032365469
2012-05-31 17:00:00,817.805833892713
2012-05-31 18:00:00,798.9266809534272
2012-05-31 19:00:00,558.4531226793576
2012-05-31 20:00:00,423.2147891959462
2012-05-31 21:00:00,314.7874442522717
2012-05-31 22:00:00,244.22767343701872
2012-05-31 23:00:00,153.05525504247606
2012-06-20 00:00:00,45.23497263752968
2012-06-20 01:00:00,19.581739913958348
2012-06-20 02:00:00,7.872709503175135
2012-06-20 03:00:00,6.385245310447575
2012-06-20 04:00:00,6.851339581910771
2012-06-20 05:00:00,36.15733191631789
2012-06-20 06:00:00,148.84438441686217
2012-06-20 07:00:00,371.3372938678605
2012-06-20 08:00:00,653.8894310240028
2012-06-20 09:00:00,339.4593043390356
2012-06-20 10:00:00,193.6290757248838
2012-06-20 11:00:00,227.41558231237872
2012-06-20 12:00:00,275.91614363992346
2012-06-20 13:00:00,276.08539401553435
2012-06-20 14:00:00,242.29027551537928
2012-06-20 15:00:00,277.3309045746613
2012-06-20 16:00:00,414.49301541348916
2012-06-20 17:00:00,751.7384124422061
2012-06-20 18:00:00,740.6015715033521
2012-06-20 19:00:00,538.2993947156552
2012-06-20 20:00:00,415.5103022862906
2012-06-20 21:00:00,304.69805618764485
2012-06-20 22:00:00,241.9184684220159
2012-06-20 23:00:00,133.98341162032156
2012-06-21 00:00:00,65.16683523604684
2012-06-21 01:00:00,25.02463352514824
2012-06-21 02:00:00,9.488635165082417
2012-06-21 03:00:00,5.854622780279834
2012-06-21 04:00:00,7.284539802990447
2012-06-21 05:00:00,38.737545427009515
2012-06-21 06:00:00,180.63303264762806
2012-06-21 07:00:00,415.2719489314859
2012-06-21 08:00:00,694.6791632295059
2012-06-21 09:00:00,313.7132632141418
2012-06-21 10:00:00,193.84101697540504
2012-06-21 11:00:00,228.32217444177405
2012-06-21 12:00:00,275.7898807253479
2012-06-21 13:00:00,270.70283783058943
2012-06-21 14:00:00,240.28239859589385
2012-06-21 15:00:00,264.0692977951564
2012-06-21 16:00:00,422.40372521235304
2012-06-21 17:00:00,759.2033010402376
2012-06-21 18:00:00,779.6332527560546
2012-06-21 19:00:00,545.8452578166126
2012-06-21 20:00:00,432.50174507121164
2012-06-21 21:00:00,327.62808916041354
2012-06-21 22:00:00,242.5510772660744
2012-06-21 23:00:00,150.5322955912404
2012-06-22 00:00:00,75.17432840043482
2012-06-22 01:00:00,38.81797626293776
2012-06-22 02:00:00,17.125439205779003
2012-06-22 03:00:00,8.220057733531744
2012-06-22 04:00:00,8.33820092467964
2012-06-22 05:00:00,34.72276628166162
2012-06-22 06:00:00,132.16658659394238
2012-06-22 07:00:00,380.269723533782
2012-06-22 08:00:00,644.9257471204328
2012-06-22 09:00:00,358.99579085149156
2012-06-22 10:00:00,235.13909782724653
2012-06-22 11:00:00,284.2382024568328
2012-06-22 12:00:00,346.164672376399
2012-06-22 13:00:00,355.36270883398106
2012-06-22 14:00:00,324.1619958326258
2012-06-22 15:00:00,350.7713672644906
2012-06-22 16:00:00,445.5273730985913
2012-06-22 17:00:00,784.1905161330606
2012-06-22 18:00:00,669.0820938183629
2012-06-22 19:00:00,466.7304186313133
2012-06-22 20:00:00,335.52610114684114
2012-06-22 21:00:00,176.58801001482797
2012-06-22 22:00:00,254.99132576425
2012-06-22 23:00:00,168.5068630846007
2012-06-23 00:00:00,155.52691888534332
2012-06-23 01:00:00,100.48744139342462
2012-06-23 02:00:00,77.48501533762285
2012-06-23 03:00:00,34.30750867063712
2012-06-23 04:00:00,10.688994991131258
2012-06-23 05:00:00,10.359214968881243
2012-06-23 06:00:00,29.875090026014426
2012-06-23 07:00:00,63.06756520742549
2012-06-23 08:00:00,175.61032858259296
2012-06-23 09:00:00,280.955429085412
2012-06-23 10:00:00,419.6193042583835
2012-06-23 11:00:00,502.2328517006743
2012-06-23 12:00:00,561.5770691578707
2012-06-23 13:00:00,581.1498641107067
2012-06-23 14:00:00,592.6789329117406
2012-06-23 15:00:00,522.7949700932899
2012-06-23 16:00:00,491.0215510392103
2012-06-23 17:00:00,473.6064519660855
2012-06-23 18:00:00,437.40115813176226
2012-06-23 19:00:00,380.1682737644486
2012-06-23 20:00:00,311.7481173523204
2012-06-23 21:00:00,251.76179438422656
2012-06-23 22:00:00,220.58469803182524
2012-06-23 23:00:00,164.4558688586079
2012-06-24 00:00:00,151.82010331802184
2012-06-24 01:00:00,113.36156225046007
2012-06-24 02:00:00,82.47009852024293
2012-06-24 03:00:00,39.328351624058136
2012-06-24 04:00:00,13.583201845847142
2012-06-24 05:00:00,12.568472670116588
2012-06-24 06:00:00,20.128118237285594
2012-06-24 07:00:00,49.738427550758395
2012-06-24 08:00:00,135.56445278571732
2012-06-24 09:00:00,247.74829712933806
2012-06-24 10:00:00,389.0970831147948
2012-06-24 11:00:00,479.0328784447729
2012-06-24 12:00:00,524.8403785937448
2012-06-24 13:00:00,546.3115110880887
2012-06-24 14:00:00,516.0736590020487
2012-06-24 15:00:00,484.7820178069584
2012-06-24 16:00:00,472.54885691222773
2012-06-24 17:00:00,477.0518836997594
2012-06-24 18:00:00,472.44161914755495
2012-06-24 19:00:00,393.6914137843013
2012-06-24 20:00:00,309.9838276563608
2012-06-24 21:00:00,224.1858331274064
2012-06-24 22:00:00,168.4811294402
2012-06-24 23:00:00,113.05083157048819
2012-06-25 00:00:00,42.109894983492254
2012-06-25 01:00:00,17.119529434002196
2012-06-25 02:00:00,10.039002844491296
2012-06-25 03:00:00,6.182502324792937
2012-06-25 04:00:00,6.591285844058706
2012-06-25 05:00:00,37.64060083167685
2012-06-25 06:00:00,152.4067207985633
2012-06-25 07:00:00,453.96998390609514
2012-06-25 08:00:00,650.652871349784
2012-06-25 09:00:00,330.60631318414653
2012-06-25 10:00:00,190.6828181292609
2012-06-25 11:00:00,222.7554842399802
2012-06-25 12:00:00,277.18409404065676
2012-06-25 13:00:00,279.1183189389736
2012-06-25 14:00:00,251.10005956560477
2012-06-25 15:00:00,275.44439044668945
2012-06-25 16:00:00,419.49429323494167
2012-06-25 17:00:00,769.4319620931517
2012-06-25 18:00:00,759.9919354886677
2012-06-25 19:00:00,539.5633446319794
2012-06-25 20:00:00,386.9651414150923
2012-06-25 21:00:00,277.5869720561417
2012-06-25 22:00:00,180.76720381093097
2012-06-25 23:00:00,100.79465656862439
2012-06-26 00:00:00,38.24218821935109
2012-06-26 01:00:00,14.634989488139578
2012-06-26 02:00:00,8.4366883019661
2012-06-26 03:00:00,5.063550888229532
2012-06-26 04:00:00,6.805095944554014
2012-06-26 05:00:00,35.404888741581544
2012-06-26 06:00:00,141.87954564255415
2012-06-26 07:00:00,439.912183753368
2012-06-26 08:00:00,670.5229586202404
2012-06-26 09:00:00,333.37644945000943
2012-06-26 10:00:00,195.10668549621812
2012-06-26 11:00:00,234.58212516326412
2012-06-26 12:00:00,291.2824386461064
2012-06-26 13:00:00,280.2299378718502
2012-06-26 14:00:00,259.4686282035288
2012-06-26 15:00:00,292.3195184986492
2012-06-26 16:00:00,423.22599151755213
2012-06-26 17:00:00,801.3571180527875
2012-06-26 18:00:00,777.4830884133505
2012-06-26 19:00:00,557.3523636850641
2012-06-26 20:00:00,410.1771881349164
2012-06-26 21:00:00,290.26255078816075
2012-06-26 22:00:00,196.83671416824293
2012-06-26 23:00:00,118.1879161911248
2012-06-27 00:00:00,43.60172390161422
2012-06-27 01:00:00,16.045149880762395
2012-06-27 02:00:00,9.054245170941352
2012-06-27 03:00:00,5.26124497241859
2012-06-27 04:00:00,6.484893650097829
2012-06-27 05:00:00,36.7316054347876
2012-06-27 06:00:00,149.54151972752263
2012-06-27 07:00:00,443.4869482301864
2012-06-27 08:00:00,668.4525295059626
2012-06-27 09:00:00,329.16259608619094
2012-06-27 10:00:00,192.91431186661094
2012-06-27 11:00:00,226.60016637925202
2012-06-27 12:00:00,285.9195922977293
2012-06-27 13:00:00,274.4982974279384
2012-06-27 14:00:00,248.898093021578
2012-06-27 15:00:00,278.64438397505336
2012-06-27 16:00:00,416.7578461574425
2012-06-27 17:00:00,782.1421480568957
2012-06-27 18:00:00,774.6720408558597
2012-06-27 19:00:00,556.81448051475
2012-06-27 20:00:00,432.54720473708255
2012-06-27 21:00:00,311.0440150549066
2012-06-27 22:00:00,240.1597075865978
2012-06-27 23:00:00,143.24949906948146
2012-06-28 00:00:00,59.648880673893906
2012-06-28 01:00:00,20.671057719327024
2012-06-28 02:00:00,11.321329137063389
2012-06-28 03:00:00,6.2186587703254546
2012-06-28 04:00:00,6.720762378993465
2012-06-28 05:00:00,36.51894874223053
2012-06-28 06:00:00,152.37535823662748
2012-06-28 07:00:00,470.8098235989199
2012-06-28 08:00:00,641.1326202741259
2012-06-28 09:00:00,336.0113872943204
2012-06-28 10:00:00,202.82255405882958
2012-06-28 11:00:00,235.25239181909282
2012-06-28 12:00:00,279.94683829018857
2012-06-28 13:00:00,286.50949291962235
2012-06-28 14:00:00,242.59186386856518
2012-06-28 15:00:00,271.5115591324684
2012-06-28 16:00:00,426.1704085469479
2012-06-28 17:00:00,761.1706023913526
2012-06-28 18:00:00,756.9153229974085
2012-06-28 19:00:00,529.9772402706149
2012-06-28 20:00:00,440.2231801827834
2012-06-28 21:00:00,331.8486605848435
2012-06-28 22:00:00,260.9258149079425
2012-06-28 23:00:00,155.97496284157
2012-06-29 00:00:00,81.37972895067765
2012-06-29 01:00:00,37.836616229581104
2012-06-29 02:00:00,17.179221104989143
2012-06-29 03:00:00,7.779746099092122
2012-06-29 04:00:00,7.829803366475302
2012-06-29 05:00:00,34.052044549162225
2012-06-29 06:00:00,132.45842528378782
2012-06-29 07:00:00,389.6015085943936
2012-06-29 08:00:00,669.1841004913078
2012-06-29 09:00:00,363.07874456141826
2012-06-29 10:00:00,227.83395184679958
2012-06-29 11:00:00,265.826814453554
2012-06-29 12:00:00,340.6655883875874
2012-06-29 13:00:00,336.68535091494596
2012-06-29 14:00:00,312.79673332750536
2012-06-29 15:00:00,330.2149178414703
2012-06-29 16:00:00,426.25405599950983
2012-06-29 17:00:00,688.3765304715547
2012-06-29 18:00:00,561.4397196968114
2012-06-29 19:00:00,453.1606831298983
2012-06-29 20:00:00,337.05961244974225
2012-06-29 21:00:00,282.1827030807917
2012-06-29 22:00:00,176.86322594162402
2012-06-29 23:00:00,140.02577656500353
2012-06-30 00:00:00,96.01929563171898
2012-06-30 01:00:00,89.42320300682793
2012-06-30 02:00:00,71.45997535907914
2012-06-30 03:00:00,35.65133190970348
2012-06-30 04:00:00,10.699630939880604
2012-06-30 05:00:00,10.953832343401256
2012-06-30 06:00:00,26.955533216741486
2012-06-30 07:00:00,63.75041261996326
2012-06-30 08:00:00,153.8115360255586
2012-06-30 09:00:00,219.2429524036752
2012-06-30 10:00:00,357.5290910009734
2012-06-30 11:00:00,434.8404463367703
2012-06-30 12:00:00,489.5848414870986
2012-06-30 13:00:00,502.7340946232829
2012-06-30 14:00:00,500.07119334457855
2012-06-30 15:00:00,488.8682817928182
2012-06-30 16:00:00,432.4669479736026
2012-06-30 17:00:00,453.9523808608287
2012-06-30 18:00:00,437.20930576054644
2012-06-30 19:00:00,405.95744692229175
2012-06-30 20:00:00,307.8415131882079
2012-06-30 21:00:00,264.3042136178419
2012-06-30 22:00:00,226.65668648856635
2012-06-30 23:00:00,180.58092771205935
2012-07-20 00:00:00,60.371970798306826
2012-07-20 01:00:00,35.36564489874831
2012-07-20 02:00:00,12.888008567178355
2012-07-20 03:00:00,7.238392560354373
2012-07-20 04:00:00,7.725231741228387
2012-07-20 05:00:00,34.752235523111324
2012-07-20 06:00:00,128.1789290021522
2012-07-20 07:00:00,382.9734252617133
2012-07-20 08:00:00,619.258033009971
2012-07-20 09:00:00,343.6751246948813
2012-07-20 10:00:00,209.45021937138853
2012-07-20 11:00:00,204.78153599857538
2012-07-20 12:00:00,172.04094492834346
2012-07-20 13:00:00,179.72687674626064
2012-07-20 14:00:00,162.13539277988394
2012-07-20 15:00:00,294.3022550717803
2012-07-20 16:00:00,352.68271530788485
2012-07-20 17:00:00,460.36868756264596
2012-07-20 18:00:00,513.0903227988649
2012-07-20 19:00:00,336.93750992240376
2012-07-20 20:00:00,119.1702997281989
2012-07-20 21:00:00,138.87656055749193
2012-07-20 22:00:00,198.9368233392681
2012-07-20 23:00:00,161.8298041771195
2012-07-21 00:00:00,96.20024521643492
2012-07-21 01:00:00,106.672878601099
2012-07-21 02:00:00,57.8992342161103
2012-07-21 03:00:00,25.919556657544014
2012-07-21 04:00:00,8.726844567878313
2012-07-21 05:00:00,9.080168471241342
2012-07-21 06:00:00,23.100704561107875
2012-07-21 07:00:00,57.7677890030551
2012-07-21 08:00:00,172.36910099546247
2012-07-21 09:00:00,224.57770634947116
2012-07-21 10:00:00,184.12217143835923
2012-07-21 11:00:00,376.5045557041311
2012-07-21 12:00:00,270.8042405105237
2012-07-21 13:00:00,247.0345733161095
2012-07-21 14:00:00,396.7616456054804
2012-07-21 15:00:00,304.54206192665936
2012-07-21 16:00:00,189.82985020040948
2012-07-21 17:00:00,202.5177262382763
2012-07-21 18:00:00,294.25164551510596
2012-07-21 19:00:00,277.214434445514
2012-07-21 20:00:00,124.3082370716867
2012-07-21 21:00:00,155.83741075311727
2012-07-21 22:00:00,136.51669998289853
2012-07-21 23:00:00,125.98614257798306
2012-07-22 00:00:00,118.84384800944562
2012-07-22 01:00:00,106.13780510280469
2012-07-22 02:00:00,82.08144530647463
2012-07-22 03:00:00,38.465243459963446
2012-07-22 04:00:00,12.557165582028258
2012-07-22 05:00:00,13.237129849945655
2012-07-22 06:00:00,20.37225968029807
2012-07-22 07:00:00,46.423290718190614
2012-07-22 08:00:00,132.88163652790405
2012-07-22 09:00:00,255.6575987272159
2012-07-22 10:00:00,379.740959502553
2012-07-22 11:00:00,409.164466202901
2012-07-22 12:00:00,468.6847252561035
2012-07-22 13:00:00,490.55769451409316
2012-07-22 14:00:00,492.9663676268836
2012-07-22 15:00:00,468.01621199731125
2012-07-22 16:00:00,456.3089646286733
2012-07-22 17:00:00,472.7448847635411
2012-07-22 18:00:00,414.31030377422485
2012-07-22 19:00:00,334.2045549552764
2012-07-22 20:00:00,260.6012762259223
2012-07-22 21:00:00,201.8750083596093
2012-07-22 22:00:00,153.02008735778253
2012-07-22 23:00:00,104.18480935417469
2012-07-23 00:00:00,43.15265718000333
2012-07-23 01:00:00,15.484122797059252
2012-07-23 02:00:00,7.178406041807501
2012-07-23 03:00:00,5.993561440240249
2012-07-23 04:00:00,7.008663875512106
2012-07-23 05:00:00,31.081567709358048
2012-07-23 06:00:00,149.05968238502223
2012-07-23 07:00:00,425.3980162985702
2012-07-23 08:00:00,639.6143623499113
2012-07-23 09:00:00,329.44044369436347
2012-07-23 10:00:00,198.78476688201903
2012-07-23 11:00:00,220.78053788728943
2012-07-23 12:00:00,275.38767691862233
2012-07-23 13:00:00,271.71421276779654
2012-07-23 14:00:00,246.48613343292445
2012-07-23 15:00:00,270.1519851110364
2012-07-23 16:00:00,429.16107287608804
2012-07-23 17:00:00,811.23559163801
2012-07-23 18:00:00,811.5745549837126
2012-07-23 19:00:00,577.2250216998443
2012-07-23 20:00:00,434.8454470393356
2012-07-23 21:00:00,299.07437419493107
2012-07-23 22:00:00,204.26935919283216
2012-07-23 23:00:00,129.9756199204714
2012-07-24 00:00:00,52.0582722375618
2012-07-24 01:00:00,20.544242781889285
2012-07-24 02:00:00,8.438493118419572
2012-07-24 03:00:00,5.5139874086141045
2012-07-24 04:00:00,7.272759039316872
2012-07-24 05:00:00,40.05730277720629
2012-07-24 06:00:00,166.17587939049346
2012-07-24 07:00:00,484.4746056640618
2012-07-24 08:00:00,658.4006851474888
2012-07-24 09:00:00,306.70213604588224
2012-07-24 10:00:00,193.95435022389012
2012-07-24 11:00:00,210.6423844415761
2012-07-24 12:00:00,273.3938468352959
2012-07-24 13:00:00,256.840331004508
2012-07-24 14:00:00,242.64666196654298
2012-07-24 15:00:00,275.32596390381434
2012-07-24 16:00:00,424.18498548044744
2012-07-24 17:00:00,821.5118131099405
2012-07-24 18:00:00,803.4165623245968
2012-07-24 19:00:00,593.1231426410654
2012-07-24 20:00:00,448.18154681529734
2012-07-24 21:00:00,305.28919864495157
2012-07-24 22:00:00,201.4530040025823
2012-07-24 23:00:00,117.42067309508707
2012-07-25 00:00:00,43.311135082239765
2012-07-25 01:00:00,17.262211335379572
2012-07-25 02:00:00,8.820760762687128
2012-07-25 03:00:00,5.248227615071096
2012-07-25 04:00:00,6.110325690451367
2012-07-25 05:00:00,38.94668109790425
2012-07-25 06:00:00,161.55434223853666
2012-07-25 07:00:00,442.7754484685682
2012-07-25 08:00:00,652.9555103381039
2012-07-25 09:00:00,329.53559288356985
2012-07-25 10:00:00,196.6351129233989
2012-07-25 11:00:00,235.08686144368752
2012-07-25 12:00:00,305.46867550325396
2012-07-25 13:00:00,278.6707502475995
2012-07-25 14:00:00,247.8166832838951
2012-07-25 15:00:00,294.54142103233426
2012-07-25 16:00:00,434.0338236461518
2012-07-25 17:00:00,822.999002246883
2012-07-25 18:00:00,790.9703432291935
2012-07-25 19:00:00,587.1152649600109
2012-07-25 20:00:00,454.4375497128379
2012-07-25 21:00:00,318.69662343827974
2012-07-25 22:00:00,240.13208730621938
2012-07-25 23:00:00,130.66699617444277
2012-07-26 00:00:00,56.673981880637974
2012-07-26 01:00:00,21.116899344698684
2012-07-26 02:00:00,10.211432811894946
2012-07-26 03:00:00,6.035420417469785
2012-07-26 04:00:00,5.799154302398577
2012-07-26 05:00:00,38.225994919217044
2012-07-26 06:00:00,168.20560534538097
2012-07-26 07:00:00,475.3347221948937
2012-07-26 08:00:00,681.8496986314447
2012-07-26 09:00:00,334.1051662178071
2012-07-26 10:00:00,208.61965799181286
2012-07-26 11:00:00,227.55010825376286
2012-07-26 12:00:00,279.65663835339467
2012-07-26 13:00:00,276.1785078998236
2012-07-26 14:00:00,235.91928058162597
2012-07-26 15:00:00,260.17686782968906
2012-07-26 16:00:00,409.2426177786671
2012-07-26 17:00:00,737.7192098131882
2012-07-26 18:00:00,710.5602261729512
2012-07-26 19:00:00,523.7277007247231
2012-07-26 20:00:00,438.100298757157
2012-07-26 21:00:00,283.8855213990763
2012-07-26 22:00:00,212.81530444777235
2012-07-26 23:00:00,155.1971413233804
2012-07-27 00:00:00,81.07017324905061
2012-07-27 01:00:00,42.1524760312243
2012-07-27 02:00:00,16.524534935710765
2012-07-27 03:00:00,7.560825024154385
2012-07-27 04:00:00,8.914021993797515
2012-07-27 05:00:00,36.124028090652644
2012-07-27 06:00:00,145.09455566259118
2012-07-27 07:00:00,388.6697073822308
2012-07-27 08:00:00,663.6926588508743
2012-07-27 09:00:00,348.5894189949796
2012-07-27 10:00:00,236.14127788547503
2012-07-27 11:00:00,275.46243724745887
2012-07-27 12:00:00,338.3457990059153
2012-07-27 13:00:00,352.4179773049856
2012-07-27 14:00:00,318.0613062267694
2012-07-27 15:00:00,366.087809450812
2012-07-27 16:00:00,469.47204442507734
2012-07-27 17:00:00,758.2214941592528
2012-07-27 18:00:00,659.4554680302755
2012-07-27 19:00:00,475.7301822453275
2012-07-27 20:00:00,357.5545862377462
2012-07-27 21:00:00,293.35778356733834
2012-07-27 22:00:00,257.1032254627686
2012-07-27 23:00:00,183.48070315207715
2012-07-28 00:00:00,155.55798315167235
2012-07-28 01:00:00,93.74220950940841
2012-07-28 02:00:00,75.86665121311023
2012-07-28 03:00:00,34.792043866660876
2012-07-28 04:00:00,9.733981399926417
2012-07-28 05:00:00,13.596168557714932
2012-07-28 06:00:00,32.491852402008874
2012-07-28 07:00:00,65.81057827842092
2012-07-28 08:00:00,168.17590284260248
2012-07-28 09:00:00,270.8401298801113
2012-07-28 10:00:00,397.90941342002236
2012-07-28 11:00:00,463.4473028954852
2012-07-28 12:00:00,531.4757033734637
2012-07-28 13:00:00,541.0835099009148
2012-07-28 14:00:00,526.415620108106
2012-07-28 15:00:00,490.77656893105325
2012-07-28 16:00:00,506.9931402404959
2012-07-28 17:00:00,475.7233638703416
2012-07-28 18:00:00,473.109223735071
2012-07-28 19:00:00,319.95938653146794
2012-07-28 20:00:00,242.69277299507658
2012-07-28 21:00:00,228.9721202786218
2012-07-28 22:00:00,201.0202493126781
2012-07-28 23:00:00,166.29752023667336
2012-07-29 00:00:00,146.2767928822831
2012-07-29 01:00:00,105.4496340225888
2012-07-29 02:00:00,83.11822907579281
2012-07-29 03:00:00,40.16290122908636
2012-07-29 04:00:00,10.504478821510379
2012-07-29 05:00:00,15.496443582920307
2012-07-29 06:00:00,22.374016352260444
2012-07-29 07:00:00,53.85177756915768
2012-07-29 08:00:00,137.52739792047973
2012-07-29 09:00:00,262.7777634441127
2012-07-29 10:00:00,392.2512905620499
2012-07-29 11:00:00,474.23699988654363
2012-07-29 12:00:00,547.700593848055
2012-07-29 13:00:00,538.7117526048212
2012-07-29 14:00:00,536.5498514700168
2012-07-29 15:00:00,530.8209901094463
2012-07-29 16:00:00,502.3298151814329
2012-07-29 17:00:00,477.1984829966721
2012-07-29 18:00:00,459.6694085511514
2012-07-29 19:00:00,361.7183254140522
2012-07-29 20:00:00,280.5709769326282
2012-07-29 21:00:00,204.93855614267096
2012-07-29 22:00:00,148.16987152561165
2012-07-29 23:00:00,101.77384134136119
2012-07-30 00:00:00,51.05606004886913
2012-07-30 01:00:00,17.298741025675312
2012-07-30 02:00:00,11.079003473479151
2012-07-30 03:00:00,5.890814173009623
2012-07-30 04:00:00,8.441910081841211
2012-07-30 05:00:00,38.9634588798305
2012-07-30 06:00:00,148.7297687236161
2012-07-30 07:00:00,446.8122266903903
2012-07-30 08:00:00,660.5347582845143
2012-07-30 09:00:00,335.61587280827536
2012-07-30 10:00:00,202.04917131955025
2012-07-30 11:00:00,223.2582029950974
2012-07-30 12:00:00,276.05881101328606
2012-07-30 13:00:00,272.6411411662016
2012-07-30 14:00:00,251.8237989971473
2012-07-30 15:00:00,268.95400723208087
2012-07-30 16:00:00,422.68531749639
2012-07-30 17:00:00,814.7015424239634
2012-07-30 18:00:00,771.8679675766876
2012-07-30 19:00:00,581.8130184166617
2012-07-30 20:00:00,410.46881314360405
2012-07-30 21:00:00,295.8686114250921
2012-07-30 22:00:00,184.85339002022738
2012-07-30 23:00:00,121.252025150511
2012-07-31 00:00:00,46.01905702447082
2012-07-31 01:00:00,20.569552574700758
2012-07-31 02:00:00,8.168469809860012
2012-07-31 03:00:00,6.323371403774542
2012-07-31 04:00:00,7.272759039316872
2012-07-31 05:00:00,38.52547292049378
2012-07-31 06:00:00,159.71788896560815
2012-07-31 07:00:00,409.9134483314025
2012-07-31 08:00:00,648.8294477481649
2012-07-31 09:00:00,327.60769761768626
2012-07-31 10:00:00,204.2158887240245
2012-07-31 11:00:00,220.8129339427628
2012-07-31 12:00:00,287.03807763276
2012-07-31 13:00:00,272.6420928148738
2012-07-31 14:00:00,256.0755579184852
2012-07-31 15:00:00,278.10845324200073
2012-07-31 16:00:00,407.84343379869995
2012-07-31 17:00:00,839.5240498756873
2012-07-31 18:00:00,826.5660940466005
2012-07-31 19:00:00,404.4406156476931
2012-07-31 20:00:00,283.7678039474907
2012-07-31 21:00:00,263.9618515931196
2012-07-31 22:00:00,193.33266224157074
2012-07-31 23:00:00,119.2201883582278
2012-08-20 00:00:00,36.09706471304603
2012-08-20 01:00:00,16.51581071672997
2012-08-20 02:00:00,7.671985928285901
2012-08-20 03:00:00,6.132433185861767
2012-08-20 04:00:00,8.182485823223885
2012-08-20 05:00:00,35.71435173770932
2012-08-20 06:00:00,150.620776249607
2012-08-20 07:00:00,448.2453786960749
2012-08-20 08:00:00,664.9434985670367
2012-08-20 09:00:00,334.0360415606804
2012-08-20 10:00:00,199.48596442506675
2012-08-20 11:00:00,232.40457905627574
2012-08-20 12:00:00,283.9179433746451
2012-08-20 13:00:00,284.6164572644966
2012-08-20 14:00:00,256.6574187495885
2012-08-20 15:00:00,283.556275287873
2012-08-20 16:00:00,416.6613655877812
2012-08-20 17:00:00,816.3231076364485
2012-08-20 18:00:00,635.3889425691403
2012-08-20 19:00:00,444.34779579113984
2012-08-20 20:00:00,275.53445414596547
2012-08-20 21:00:00,229.18514753786175
2012-08-20 22:00:00,154.452750905911
2012-08-20 23:00:00,101.32820175542629
2012-08-21 00:00:00,36.82889175071466
2012-08-21 01:00:00,15.918207406077261
2012-08-21 02:00:00,5.942820060953861
2012-08-21 03:00:00,5.854156952940682
2012-08-21 04:00:00,6.843143973710646
2012-08-21 05:00:00,40.14121874927416
2012-08-21 06:00:00,165.0677367781085
2012-08-21 07:00:00,485.35650800520216
2012-08-21 08:00:00,668.6038636317996
2012-08-21 09:00:00,332.9188102577542
2012-08-21 10:00:00,198.584853936209
2012-08-21 11:00:00,226.81911843522872
2012-08-21 12:00:00,299.01783566264885
2012-08-21 13:00:00,293.31151895547555
2012-08-21 14:00:00,253.82464359410628
2012-08-21 15:00:00,298.3329697421206
2012-08-21 16:00:00,454.68581786455434
2012-08-21 17:00:00,821.2869540192075
2012-08-21 18:00:00,822.667117541665
2012-08-21 19:00:00,363.4893707515318
2012-08-21 20:00:00,393.65908611227877
2012-08-21 21:00:00,283.2357462737999
2012-08-21 22:00:00,199.71301199043535
2012-08-21 23:00:00,128.42899153045613
2012-08-22 00:00:00,46.77112630814953
2012-08-22 01:00:00,20.058962939978308
2012-08-22 02:00:00,8.020985003862965
2012-08-22 03:00:00,6.383978305030086
2012-08-22 04:00:00,6.166232589553541
2012-08-22 05:00:00,40.442053271648135
2012-08-22 06:00:00,168.9562930840187
2012-08-22 07:00:00,488.6989293160079
2012-08-22 08:00:00,706.5572063621894
2012-08-22 09:00:00,334.3692727523845
2012-08-22 10:00:00,208.11470707924954
2012-08-22 11:00:00,232.0146710105474
2012-08-22 12:00:00,295.2029901726298
2012-08-22 13:00:00,284.89929755275944
2012-08-22 14:00:00,243.7887014355364
2012-08-22 15:00:00,288.8120775781541
2012-08-22 16:00:00,361.5056750190436
2012-08-22 17:00:00,743.6157877657513
2012-08-22 18:00:00,730.754786328995
2012-08-22 19:00:00,483.1398269721868
2012-08-22 20:00:00,417.70718467284297
2012-08-22 21:00:00,301.48213491482204
2012-08-22 22:00:00,235.62259290002953
2012-08-22 23:00:00,145.00935820554503
2012-08-23 00:00:00,61.474226678678846
2012-08-23 01:00:00,21.693472795491445
2012-08-23 02:00:00,9.581382031391461
2012-08-23 03:00:00,7.094853355314851
2012-08-23 04:00:00,7.104868059569535
2012-08-23 05:00:00,42.17208904910891
2012-08-23 06:00:00,161.1628860773722
2012-08-23 07:00:00,395.4432882979344
2012-08-23 08:00:00,689.596505829708
2012-08-23 09:00:00,344.3036683442991
2012-08-23 10:00:00,203.00868803733968
2012-08-23 11:00:00,237.05520459425605
2012-08-23 12:00:00,300.95429360840296
2012-08-23 13:00:00,284.86351565021033
2012-08-23 14:00:00,238.35084118598803
2012-08-23 15:00:00,287.77750582773615
2012-08-23 16:00:00,425.60961406281115
2012-08-23 17:00:00,822.5178716124723
2012-08-23 18:00:00,824.3848996460574
2012-08-23 19:00:00,596.0572657086392
2012-08-23 20:00:00,433.83308021284284
2012-08-23 21:00:00,320.40571849609427
2012-08-23 22:00:00,223.9869837073783
2012-08-23 23:00:00,150.28716906957234
2012-08-24 00:00:00,76.26179431796513
2012-08-24 01:00:00,36.50780568305378
2012-08-24 02:00:00,18.828076058036977
2012-08-24 03:00:00,8.698954248879872
2012-08-24 04:00:00,7.992879637091136
2012-08-24 05:00:00,36.82937805195066
2012-08-24 06:00:00,135.46663484747054
2012-08-24 07:00:00,383.4966643286906
2012-08-24 08:00:00,660.8173908122066
2012-08-24 09:00:00,379.39412426603417
2012-08-24 10:00:00,251.16454124385555
2012-08-24 11:00:00,278.95808477106027
2012-08-24 12:00:00,364.39955420342
2012-08-24 13:00:00,361.47934395990086
2012-08-24 14:00:00,337.4198748717724
2012-08-24 15:00:00,362.06221176892325
2012-08-24 16:00:00,487.0170166419663
2012-08-24 17:00:00,783.6844450728414
2012-08-24 18:00:00,678.4806106461875
2012-08-24 19:00:00,494.0055867128047
2012-08-24 20:00:00,362.180973583312
2012-08-24 21:00:00,278.01033226521076
2012-08-24 22:00:00,235.18893931624802
2012-08-24 23:00:00,178.5870610847557
2012-08-25 00:00:00,139.43233935971068
2012-08-25 01:00:00,102.60297713753098
2012-08-25 02:00:00,83.18688747949432
2012-08-25 03:00:00,35.25858419291732
2012-08-25 04:00:00,10.402555700073236
2012-08-25 05:00:00,9.321979626451476
2012-08-25 06:00:00,30.63273313777656
2012-08-25 07:00:00,55.7002648515893
2012-08-25 08:00:00,165.85960335552159
2012-08-25 09:00:00,265.23491380448615
2012-08-25 10:00:00,402.1590338618862
2012-08-25 11:00:00,485.48316510617633
2012-08-25 12:00:00,442.0932166538898
2012-08-25 13:00:00,567.1625427996553
2012-08-25 14:00:00,378.8413016386374
2012-08-25 15:00:00,460.1719000269246
2012-08-25 16:00:00,472.88990807168875
2012-08-25 17:00:00,439.69559084433104
2012-08-25 18:00:00,403.86610057492214
2012-08-25 19:00:00,331.01202847356666
2012-08-25 20:00:00,143.62151930300035
2012-08-25 21:00:00,208.76734833102438
2012-08-25 22:00:00,187.49822840757187
2012-08-25 23:00:00,130.21755738328767
2012-08-26 00:00:00,136.80742710641363
2012-08-26 01:00:00,105.38096291207701
2012-08-26 02:00:00,84.6976569270673
2012-08-26 03:00:00,40.235403621467796
2012-08-26 04:00:00,11.917024999073584
2012-08-26 05:00:00,11.707766851541825
2012-08-26 06:00:00,19.324740929687007
2012-08-26 07:00:00,50.87992989940201
2012-08-26 08:00:00,141.24112988524078
2012-08-26 09:00:00,247.41238595497117
2012-08-26 10:00:00,389.03212982900834
2012-08-26 11:00:00,463.2843758568465
2012-08-26 12:00:00,379.12750396709293
2012-08-26 13:00:00,302.85194770173644
2012-08-26 14:00:00,361.6195595155779
2012-08-26 15:00:00,260.33404116597774
2012-08-26 16:00:00,207.31986542884147
2012-08-26 17:00:00,319.6977933024135
2012-08-26 18:00:00,285.73809596463514
2012-08-26 19:00:00,256.3203544284226
2012-08-26 20:00:00,185.17548869628345
2012-08-26 21:00:00,186.9354609011237
2012-08-26 22:00:00,128.19852643916443
2012-08-26 23:00:00,104.1897392813424
2012-08-27 00:00:00,43.25412206069458
2012-08-27 01:00:00,15.181997906114486
2012-08-27 02:00:00,7.195312043066894
2012-08-27 03:00:00,6.083598522270092
2012-08-27 04:00:00,8.216074775631856
2012-08-27 05:00:00,36.507265740856944
2012-08-27 06:00:00,147.07904323286465
2012-08-27 07:00:00,373.2450010103081
2012-08-27 08:00:00,585.3538008844295
2012-08-27 09:00:00,323.365612880132
2012-08-27 10:00:00,194.44892079783264
2012-08-27 11:00:00,229.63875183539295
2012-08-27 12:00:00,281.4227473470457
2012-08-27 13:00:00,271.9274806353525
2012-08-27 14:00:00,251.17155464033937
2012-08-27 15:00:00,271.3220937293862
2012-08-27 16:00:00,409.70883650435826
2012-08-27 17:00:00,820.0368023458808
2012-08-27 18:00:00,819.7999556754849
2012-08-27 19:00:00,564.0322096159216
2012-08-27 20:00:00,424.89766397978576
2012-08-27 21:00:00,287.66461551513277
2012-08-27 22:00:00,176.3071820353781
2012-08-27 23:00:00,119.41172272518463
2012-08-28 00:00:00,41.3656074832174
2012-08-28 01:00:00,16.761936620907765
2012-08-28 02:00:00,8.231354264697327
2012-08-28 03:00:00,5.703227626032657
2012-08-28 04:00:00,6.936068424405917
2012-08-28 05:00:00,38.06158404759045
2012-08-28 06:00:00,162.9883776978936
2012-08-28 07:00:00,364.69609170201363
2012-08-28 08:00:00,598.0790535248974
2012-08-28 09:00:00,334.5766987975136
2012-08-28 10:00:00,194.0770997983343
2012-08-28 11:00:00,223.44455333592813
2012-08-28 12:00:00,278.49881401850814
2012-08-28 13:00:00,272.14930727677455
2012-08-28 14:00:00,243.52101057215341
2012-08-28 15:00:00,270.6023917246906
2012-08-28 16:00:00,420.8745760825268
2012-08-28 17:00:00,806.4567243040926
2012-08-28 18:00:00,829.0933492467278
2012-08-28 19:00:00,585.9575539954378
2012-08-28 20:00:00,427.26154593670736
2012-08-28 21:00:00,304.4133844659914
2012-08-28 22:00:00,218.81046281994873
2012-08-28 23:00:00,133.02643860350594
2012-08-29 00:00:00,52.9902337596652
2012-08-29 01:00:00,19.03388436243697
2012-08-29 02:00:00,8.655794224533004
2012-08-29 03:00:00,7.187018873979037
2012-08-29 04:00:00,5.877395893057391
2012-08-29 05:00:00,39.395252326072125
2012-08-29 06:00:00,167.54741621223724
2012-08-29 07:00:00,468.1475400019537
2012-08-29 08:00:00,687.3611457984238
2012-08-29 09:00:00,329.53095108172664
2012-08-29 10:00:00,202.80520831530134
2012-08-29 11:00:00,232.68924143252303
2012-08-29 12:00:00,299.86867270908516
2012-08-29 13:00:00,301.67348668475375
2012-08-29 14:00:00,251.21312009158072
2012-08-29 15:00:00,282.59564175725353
2012-08-29 16:00:00,459.13457706061126
2012-08-29 17:00:00,838.113693525985
2012-08-29 18:00:00,835.2233092477582
2012-08-29 19:00:00,613.1294411469421
2012-08-29 20:00:00,430.90231174493437
2012-08-29 21:00:00,320.3905972980036
2012-08-29 22:00:00,241.65385755584833
2012-08-29 23:00:00,143.26297635382198
2012-08-30 00:00:00,63.70985762216263
2012-08-30 01:00:00,21.83583321494465
2012-08-30 02:00:00,9.626389128910919
2012-08-30 03:00:00,6.673821627128994
2012-08-30 04:00:00,6.526504519618159
2012-08-30 05:00:00,40.88217820548616
2012-08-30 06:00:00,167.73157270514224
2012-08-30 07:00:00,492.6174701773637
2012-08-30 08:00:00,699.5160041477723
2012-08-30 09:00:00,331.2724527878796
2012-08-30 10:00:00,197.62500881789055
2012-08-30 11:00:00,248.18853290317156
2012-08-30 12:00:00,293.19921414480507
2012-08-30 13:00:00,281.01438008083977
2012-08-30 14:00:00,241.22258775826376
2012-08-30 15:00:00,284.0768407471366
2012-08-30 16:00:00,427.9070445762909
2012-08-30 17:00:00,841.3689718139915
2012-08-30 18:00:00,807.9446613407912
2012-08-30 19:00:00,616.7654768762202
2012-08-30 20:00:00,467.1933357088801
2012-08-30 21:00:00,327.71788161043395
2012-08-30 22:00:00,241.86608913259252
2012-08-30 23:00:00,158.29407622882803
2012-08-31 00:00:00,82.26407599792077
2012-08-31 01:00:00,38.02028279325733
2012-08-31 02:00:00,13.512246617678471
2012-08-31 03:00:00,7.842418714121349
2012-08-31 04:00:00,8.008837419608003
2012-08-31 05:00:00,34.313451478315
2012-08-31 06:00:00,125.20829237965609
2012-08-31 07:00:00,377.5327190510643
2012-08-31 08:00:00,660.1423694870645
2012-08-31 09:00:00,360.65431032278536
2012-08-31 10:00:00,231.6046594031945
2012-08-31 11:00:00,264.96727193365405
2012-08-31 12:00:00,342.7685926450152
2012-08-31 13:00:00,340.69957090426226
2012-08-31 14:00:00,310.26409943423766
2012-08-31 15:00:00,351.91034115804774
2012-08-31 16:00:00,439.9750147241716
2012-08-31 17:00:00,706.3581013374336
2012-08-31 18:00:00,639.9766181434987
2012-08-31 19:00:00,469.01496148784054
2012-08-31 20:00:00,362.05438672712233
2012-08-31 21:00:00,290.7783626444509
2012-08-31 22:00:00,259.0769335362414
2012-08-31 23:00:00,183.49153570710695
2012-09-20 00:00:00,51.355028900704234
2012-09-20 01:00:00,20.810111719730685
2012-09-20 02:00:00,10.283032840383914
2012-09-20 03:00:00,6.57454965919202
2012-09-20 04:00:00,6.254911403189365
2012-09-20 05:00:00,37.69509667022728
2012-09-20 06:00:00,165.37588672248836
2012-09-20 07:00:00,474.7610126419436
2012-09-20 08:00:00,718.6263372226157
2012-09-20 09:00:00,332.29313593880363
2012-09-20 10:00:00,202.8178782223607
2012-09-20 11:00:00,239.8773534453876
2012-09-20 12:00:00,310.8911562775091
2012-09-20 13:00:00,295.7682033628624
2012-09-20 14:00:00,258.07812451709884
2012-09-20 15:00:00,297.8424819741319
2012-09-20 16:00:00,431.6035466235923
2012-09-20 17:00:00,841.209704947715
2012-09-20 18:00:00,826.9744479166659
2012-09-20 19:00:00,577.446556305153
2012-09-20 20:00:00,419.28962950160223
2012-09-20 21:00:00,301.8146034319012
2012-09-20 22:00:00,219.12083503052685
2012-09-20 23:00:00,138.04638882100852
2012-09-21 00:00:00,77.87280322828234
2012-09-21 01:00:00,38.68820179582251
2012-09-21 02:00:00,19.396680607436544
2012-09-21 03:00:00,9.813548411877637
2012-09-21 04:00:00,10.213827631737292
2012-09-21 05:00:00,38.65733149426476
2012-09-21 06:00:00,149.49693194675527
2012-09-21 07:00:00,407.8586832861678
2012-09-21 08:00:00,673.2030655207843
2012-09-21 09:00:00,358.47140510701183
2012-09-21 10:00:00,233.02689431789685
2012-09-21 11:00:00,286.7423370064721
2012-09-21 12:00:00,360.8050704064137
2012-09-21 13:00:00,380.8090397711517
2012-09-21 14:00:00,330.1060828805695
2012-09-21 15:00:00,369.0462558134499
2012-09-21 16:00:00,500.0383918914316
2012-09-21 17:00:00,762.2637022579977
2012-09-21 18:00:00,682.6935907801867
2012-09-21 19:00:00,506.387694829901
2012-09-21 20:00:00,348.42478615602175
2012-09-21 21:00:00,272.5615771015689
2012-09-21 22:00:00,247.91002779234282
2012-09-21 23:00:00,174.6051971539464
2012-09-22 00:00:00,147.5740660762644
2012-09-22 01:00:00,108.57626839578386
2012-09-22 02:00:00,69.88698251086029
2012-09-22 03:00:00,32.32104262061409
2012-09-22 04:00:00,11.332186222753933
2012-09-22 05:00:00,12.696354261047675
2012-09-22 06:00:00,29.78120762204481
2012-09-22 07:00:00,63.16332444517951
2012-09-22 08:00:00,175.97244321718216
2012-09-22 09:00:00,292.76695105651504
2012-09-22 10:00:00,431.62776394540543
2012-09-22 11:00:00,516.4030900307938
2012-09-22 12:00:00,590.9367880186535
2012-09-22 13:00:00,585.9999630838665
2012-09-22 14:00:00,565.3570722852734
2012-09-22 15:00:00,559.6579272171177
2012-09-22 16:00:00,548.1140370703584
2012-09-22 17:00:00,526.9222396159452
2012-09-22 18:00:00,477.2493278529458
2012-09-22 19:00:00,397.3992984999607
2012-09-22 20:00:00,311.1939811041773
2012-09-22 21:00:00,262.6032761081301
2012-09-22 22:00:00,232.17854679211396
2012-09-22 23:00:00,169.35902798489283
2012-09-23 00:00:00,126.12620839492475
2012-09-23 01:00:00,91.2011040438459
2012-09-23 02:00:00,67.96150614116935
2012-09-23 03:00:00,29.53617458499395
2012-09-23 04:00:00,10.42206026644964
2012-09-23 05:00:00,11.233957961936248
2012-09-23 06:00:00,21.531165737278354
2012-09-23 07:00:00,51.72787903855758
2012-09-23 08:00:00,134.18684137534433
2012-09-23 09:00:00,234.8061460924674
2012-09-23 10:00:00,392.8072833315102
2012-09-23 11:00:00,505.6593495963536
2012-09-23 12:00:00,598.3538147549328
2012-09-23 13:00:00,627.6400884530034
2012-09-23 14:00:00,614.0295786248355
2012-09-23 15:00:00,629.6571895044179
2012-09-23 16:00:00,566.0231210674398
2012-09-23 17:00:00,520.1582684557712
2012-09-23 18:00:00,448.6651559805412
2012-09-23 19:00:00,343.1606177759015
2012-09-23 20:00:00,252.20939812206637
2012-09-23 21:00:00,170.5227419746156
2012-09-23 22:00:00,147.30148927703257
2012-09-23 23:00:00,93.06931146014611
2012-09-24 00:00:00,39.96258917201929
2012-09-24 01:00:00,16.280486161830623
2012-09-24 02:00:00,7.2279473100961225
2012-09-24 03:00:00,5.091581970154737
2012-09-24 04:00:00,7.3277657402758605
2012-09-24 05:00:00,35.81354404454639
2012-09-24 06:00:00,142.79993444136943
2012-09-24 07:00:00,449.8565296639008
2012-09-24 08:00:00,687.5990087066539
2012-09-24 09:00:00,334.5942208215557
2012-09-24 10:00:00,189.39774228902516
2012-09-24 11:00:00,239.8190017327441
2012-09-24 12:00:00,297.05408209149346
2012-09-24 13:00:00,290.8499565856457
2012-09-24 14:00:00,268.5414215246411
2012-09-24 15:00:00,300.4485684059945
2012-09-24 16:00:00,432.65891366989655
2012-09-24 17:00:00,791.1219991106545
2012-09-24 18:00:00,769.5216671705073
2012-09-24 19:00:00,508.7467646860152
2012-09-24 20:00:00,364.9925758210104
2012-09-24 21:00:00,242.79710570372708
2012-09-24 22:00:00,152.2080128198764
2012-09-24 23:00:00,92.36876257151386
2012-09-25 00:00:00,41.166882851443305
2012-09-25 01:00:00,15.744796123896998
2012-09-25 02:00:00,6.371615048989459
2012-09-25 03:00:00,3.846255233932232
2012-09-25 04:00:00,6.4095429128725545
2012-09-25 05:00:00,37.13883333958136
2012-09-25 06:00:00,152.23729973625365
2012-09-25 07:00:00,458.6169290387229
2012-09-25 08:00:00,716.7809475613094
2012-09-25 09:00:00,348.4423692756669
2012-09-25 10:00:00,201.82240074136686
2012-09-25 11:00:00,238.18458950161977
2012-09-25 12:00:00,305.949192634287
2012-09-25 13:00:00,300.25277223604587
2012-09-25 14:00:00,271.3827917567014
2012-09-25 15:00:00,310.18044529403625
2012-09-25 16:00:00,446.71066111997135
2012-09-25 17:00:00,846.787686920811
2012-09-25 18:00:00,828.4555902659191
2012-09-25 19:00:00,537.1099101259623
2012-09-25 20:00:00,390.8728281631842
2012-09-25 21:00:00,262.53372586223475
2012-09-25 22:00:00,187.79111602949482
2012-09-25 23:00:00,106.76217924860376
2012-09-26 00:00:00,40.31804438461218
2012-09-26 01:00:00,15.893731361442352
2012-09-26 02:00:00,6.655824508466651
2012-09-26 03:00:00,4.998872940741032
2012-09-26 04:00:00,6.618757222308764
2012-09-26 05:00:00,40.42078670883872
2012-09-26 06:00:00,159.8360667936476
2012-09-26 07:00:00,488.7087728581611
2012-09-26 08:00:00,726.9283569932624
2012-09-26 09:00:00,347.3551983371416
2012-09-26 10:00:00,190.57258543609734
2012-09-26 11:00:00,238.67472656699306
2012-09-26 12:00:00,319.200458110803
2012-09-26 13:00:00,298.0565252342634
2012-09-26 14:00:00,262.0376922344218
2012-09-26 15:00:00,299.6070792668389
2012-09-26 16:00:00,438.38083883445114
2012-09-26 17:00:00,825.3044368751541
2012-09-26 18:00:00,825.0623892838563
2012-09-26 19:00:00,576.3399051211167
2012-09-26 20:00:00,424.95451660942797
2012-09-26 21:00:00,299.01681272794224
2012-09-26 22:00:00,150.49000121105703
2012-09-26 23:00:00,109.88343850927875
2012-09-27 00:00:00,55.8622633911928
2012-09-27 01:00:00,21.88349976156484
2012-09-27 02:00:00,10.756043017223238
2012-09-27 03:00:00,7.318403698899507
2012-09-27 04:00:00,6.667161077857775
2012-09-27 05:00:00,40.991947671047726
2012-09-27 06:00:00,159.3809820132348
2012-09-27 07:00:00,475.8701731011177
2012-09-27 08:00:00,732.3478823121517
2012-09-27 09:00:00,345.0287301197253
2012-09-27 10:00:00,199.33008869338394
2012-09-27 11:00:00,238.9353151159065
2012-09-27 12:00:00,304.9501682487382
2012-09-27 13:00:00,291.26946685317023
2012-09-27 14:00:00,254.51589286041244
2012-09-27 15:00:00,304.13068607835277
2012-09-27 16:00:00,426.30705388345484
2012-09-27 17:00:00,759.7666938496
2012-09-27 18:00:00,760.9002675992475
2012-09-27 19:00:00,580.5364431417041
2012-09-27 20:00:00,371.20694263630895
2012-09-27 21:00:00,173.74389705359482
2012-09-27 22:00:00,129.80868901130552
2012-09-27 23:00:00,88.6875547447335
2012-09-28 00:00:00,55.03726991466782
2012-09-28 01:00:00,23.90622211954271
2012-09-28 02:00:00,10.07968899986245
2012-09-28 03:00:00,6.467789882822679
2012-09-28 04:00:00,5.813460430686695
2012-09-28 05:00:00,36.34657081647915
2012-09-28 06:00:00,124.08036908044645
2012-09-28 07:00:00,338.766835526185
2012-09-28 08:00:00,620.176962382187
2012-09-28 09:00:00,336.3854694642816
2012-09-28 10:00:00,207.3210239785934
2012-09-28 11:00:00,262.7686295508561
2012-09-28 12:00:00,373.06035583278765
2012-09-28 13:00:00,379.23780353484824
2012-09-28 14:00:00,346.72832632919824
2012-09-28 15:00:00,375.15152254403836
2012-09-28 16:00:00,505.3619873054769
2012-09-28 17:00:00,742.4784559303362
2012-09-28 18:00:00,674.6928231470099
2012-09-28 19:00:00,337.08314551400537
2012-09-28 20:00:00,243.35750720071192
2012-09-28 21:00:00,182.88569174199887
2012-09-28 22:00:00,224.03185688102036
2012-09-28 23:00:00,157.4035213176318
2012-09-29 00:00:00,141.12988098001625
2012-09-29 01:00:00,107.44769193535834
2012-09-29 02:00:00,67.78950165156651
2012-09-29 03:00:00,33.535508120401474
2012-09-29 04:00:00,12.301331028823155
2012-09-29 05:00:00,11.74442481637374
2012-09-29 06:00:00,29.587939109599727
2012-09-29 07:00:00,68.77387757764623
2012-09-29 08:00:00,168.47750885833298
2012-09-29 09:00:00,273.6963103795903
2012-09-29 10:00:00,411.95420233478626
2012-09-29 11:00:00,513.9278103851933
2012-09-29 12:00:00,611.7160407543643
2012-09-29 13:00:00,627.9039319762664
2012-09-29 14:00:00,601.9609280271449
2012-09-29 15:00:00,597.9410418712898
2012-09-29 16:00:00,601.4579695640276
2012-09-29 17:00:00,550.0899516744033
2012-09-29 18:00:00,452.98124937804175
2012-09-29 19:00:00,343.5294722189304
2012-09-29 20:00:00,260.0721157681604
2012-09-29 21:00:00,219.5269259952736
2012-09-29 22:00:00,181.30177175458002
2012-09-29 23:00:00,159.7752044861719
2012-09-30 00:00:00,137.17895886655612
2012-09-30 01:00:00,105.90988124312317
2012-09-30 02:00:00,65.97196792700326
2012-09-30 03:00:00,33.03887361945884
2012-09-30 04:00:00,10.244952460973494
2012-09-30 05:00:00,10.838226570152472
2012-09-30 06:00:00,25.224900695377688
2012-09-30 07:00:00,55.656738229356144
2012-09-30 08:00:00,129.58075100438873
2012-09-30 09:00:00,251.0105563078333
2012-09-30 10:00:00,407.8516630635193
2012-09-30 11:00:00,502.2976420706083
2012-09-30 12:00:00,590.7668852758136
2012-09-30 13:00:00,618.4329429397443
2012-09-30 14:00:00,594.8570245968929
2012-09-30 15:00:00,627.378479917918
2012-09-30 16:00:00,620.8052237784515
2012-09-30 17:00:00,536.7664242442588
2012-09-30 18:00:00,410.58573940106027
2012-09-30 19:00:00,216.43643688508368
2012-09-30 20:00:00,154.12804880340985
2012-09-30 21:00:00,171.9773664402087
2012-09-30 22:00:00,128.2224860909253
2012-09-30 23:00:00,94.31962425714285
2012-10-20 00:00:00,131.18588680909397
2012-10-20 01:00:00,97.6780215709708
2012-10-20 02:00:00,64.9277097777979
2012-10-20 03:00:00,28.248356340567465
2012-10-20 04:00:00,9.566323392466032
2012-10-20 05:00:00,10.851912850098186
2012-10-20 06:00:00,26.92230515041383
2012-10-20 07:00:00,66.77575465647467
2012-10-20 08:00:00,164.14572653047776
2012-10-20 09:00:00,269.24089510975136
2012-10-20 10:00:00,402.7039768863391
2012-10-20 11:00:00,508.2423051253207
2012-10-20 12:00:00,608.8990500642742
2012-10-20 13:00:00,624.0406811668709
2012-10-20 14:00:00,602.977253231186
2012-10-20 15:00:00,578.8200982680204
2012-10-20 16:00:00,585.0909703267054
2012-10-20 17:00:00,548.4174704908868
2012-10-20 18:00:00,461.3478201939207
2012-10-20 19:00:00,340.21763999075773
2012-10-20 20:00:00,249.07979307884958
2012-10-20 21:00:00,193.1426773667801
2012-10-20 22:00:00,169.9489671309781
2012-10-20 23:00:00,148.1921208264361
2012-10-21 00:00:00,121.6473791302428
2012-10-21 01:00:00,97.12297008794208
2012-10-21 02:00:00,64.08139239005486
2012-10-21 03:00:00,30.497512139863176
2012-10-21 04:00:00,10.109390446639969
2012-10-21 05:00:00,9.445698306685276
2012-10-21 06:00:00,21.78678307443447
2012-10-21 07:00:00,52.79024155106756
2012-10-21 08:00:00,122.43526805131205
2012-10-21 09:00:00,224.16851067160283
2012-10-21 10:00:00,380.02748766226824
2012-10-21 11:00:00,478.0124428118094
2012-10-21 12:00:00,577.3019471844245
2012-10-21 13:00:00,613.5444397738971
2012-10-21 14:00:00,615.3207734910486
2012-10-21 15:00:00,602.8879786166478
2012-10-21 16:00:00,609.8641864622947
2012-10-21 17:00:00,518.6369791918496
2012-10-21 18:00:00,436.6695331796178
2012-10-21 19:00:00,329.5546449327074
2012-10-21 20:00:00,228.48158904225392
2012-10-21 21:00:00,150.6465167341345
2012-10-21 22:00:00,126.05046730088218
2012-10-21 23:00:00,97.01027770419026
2012-10-22 00:00:00,35.078270549683445
2012-10-22 01:00:00,14.045189637783196
2012-10-22 02:00:00,7.379855268135313
2012-10-22 03:00:00,5.168573185238209
2012-10-22 04:00:00,6.13499893060743
2012-10-22 05:00:00,33.24195391728889
2012-10-22 06:00:00,132.5056923043869
2012-10-22 07:00:00,399.15281838467916
2012-10-22 08:00:00,716.8690190215135
2012-10-22 09:00:00,327.05641322756924
2012-10-22 10:00:00,184.40643308043045
2012-10-22 11:00:00,239.65329283220564
2012-10-22 12:00:00,303.36049216814604
2012-10-22 13:00:00,297.6705057186939
2012-10-22 14:00:00,266.8561461608379
2012-10-22 15:00:00,308.8619713763227
2012-10-22 16:00:00,453.13188338589237
2012-10-22 17:00:00,798.418864707242
2012-10-22 18:00:00,718.2979569502983
2012-10-22 19:00:00,506.6617700953417
2012-10-22 20:00:00,362.0842590103783
2012-10-22 21:00:00,230.25893117064015
2012-10-22 22:00:00,144.9214497026966
2012-10-22 23:00:00,95.60075506973195
2012-10-23 00:00:00,41.066300219933865
2012-10-23 01:00:00,14.733860719783745
2012-10-23 02:00:00,6.3463408513413615
2012-10-23 03:00:00,5.12742581552269
2012-10-23 04:00:00,7.387134741128466
2012-10-23 05:00:00,38.28495955348151
2012-10-23 06:00:00,148.4692581537949
2012-10-23 07:00:00,426.02666636041414
2012-10-23 08:00:00,720.440862053057
2012-10-23 09:00:00,344.6094537745354
2012-10-23 10:00:00,190.51350231639557
2012-10-23 11:00:00,242.67598864356938
2012-10-23 12:00:00,300.85007382931326
2012-10-23 13:00:00,289.29774015909567
2012-10-23 14:00:00,267.1618396108831
2012-10-23 15:00:00,304.85258757496547
2012-10-23 16:00:00,451.3774134189974
2012-10-23 17:00:00,847.5474739229021
2012-10-23 18:00:00,789.3444428970918
2012-10-23 19:00:00,532.0746517615721
2012-10-23 20:00:00,402.3550624816513
2012-10-23 21:00:00,261.13765683193327
2012-10-23 22:00:00,193.2943815636048
2012-10-23 23:00:00,111.60379022537506
2012-10-24 00:00:00,45.29515485298566
2012-10-24 01:00:00,17.444534031119822
2012-10-24 02:00:00,8.811179270237087
2012-10-24 03:00:00,6.459637212658871
2012-10-24 04:00:00,6.594530113680213
2012-10-24 05:00:00,41.67795741898298
2012-10-24 06:00:00,167.6565915470215
2012-10-24 07:00:00,436.8859559624435
2012-10-24 08:00:00,656.5539931653066
2012-10-24 09:00:00,351.3034968984815
2012-10-24 10:00:00,192.25103205691806
2012-10-24 11:00:00,234.91742082199426
2012-10-24 12:00:00,310.4814694070079
2012-10-24 13:00:00,298.4848071406453
2012-10-24 14:00:00,262.27493877430516
2012-10-24 15:00:00,316.9101758726562
2012-10-24 16:00:00,460.1161247138777
2012-10-24 17:00:00,838.1694499586735
2012-10-24 18:00:00,821.8635328429575
2012-10-24 19:00:00,526.6920804697235
2012-10-24 20:00:00,379.59041189432827
2012-10-24 21:00:00,271.45693844161076
2012-10-24 22:00:00,203.28657339572825
2012-10-24 23:00:00,123.28949383225725
2012-10-25 00:00:00,47.658298549839564
2012-10-25 01:00:00,19.912672858064887
2012-10-25 02:00:00,10.011394581700962
2012-10-25 03:00:00,6.049147589251536
2012-10-25 04:00:00,7.030763372101414
2012-10-25 05:00:00,35.995985308495804
2012-10-25 06:00:00,145.1692937019209
2012-10-25 07:00:00,404.9309713979882
2012-10-25 08:00:00,647.0666852229705
2012-10-25 09:00:00,338.1663437297276
2012-10-25 10:00:00,172.6640131028658
2012-10-25 11:00:00,175.63686992893236
2012-10-25 12:00:00,240.5237202859354
2012-10-25 13:00:00,226.87962540444246
2012-10-25 14:00:00,239.1996758415249
2012-10-25 15:00:00,302.18839027157753
2012-10-25 16:00:00,417.3457955466808
2012-10-25 17:00:00,766.9113878544695
2012-10-25 18:00:00,521.8829527366752
2012-10-25 19:00:00,399.2529275722423
2012-10-25 20:00:00,288.1227956861975
2012-10-25 21:00:00,201.5346625068867
2012-10-25 22:00:00,187.11124943351928
2012-10-25 23:00:00,111.73809799187913
2012-10-26 00:00:00,67.71907003302792
2012-10-26 01:00:00,28.557384259195334
2012-10-26 02:00:00,11.135786474937413
2012-10-26 03:00:00,6.862403594355267
2012-10-26 04:00:00,6.94194290745269
2012-10-26 05:00:00,33.72315062217071
2012-10-26 06:00:00,130.04907166880903
2012-10-26 07:00:00,389.4358320630467
2012-10-26 08:00:00,546.6454300375759
2012-10-26 09:00:00,328.8969416829661
2012-10-26 10:00:00,183.52298379033704
2012-10-26 11:00:00,240.9269282522811
2012-10-26 12:00:00,331.3084226589576
2012-10-26 13:00:00,338.7794225213612
2012-10-26 14:00:00,329.55925979469396
2012-10-26 15:00:00,362.08798523831337
2012-10-26 16:00:00,456.6099717943915
2012-10-26 17:00:00,599.6262656550887
2012-10-26 18:00:00,465.77324677870376
2012-10-26 19:00:00,318.65930017793966
2012-10-26 20:00:00,247.96656993598407
2012-10-26 21:00:00,224.87841347939948
2012-10-26 22:00:00,180.06539919003194
2012-10-26 23:00:00,156.95722051524552
2012-10-27 00:00:00,137.56816333222554
2012-10-27 01:00:00,97.82117145512956
2012-10-27 02:00:00,63.43146796047288
2012-10-27 03:00:00,33.616380970948434
2012-10-27 04:00:00,10.136051062605219
2012-10-27 05:00:00,10.553894452253196
2012-10-27 06:00:00,27.777169309562197
2012-10-27 07:00:00,69.88014347628555
2012-10-27 08:00:00,169.96235054412142
2012-10-27 09:00:00,260.76089738137637
2012-10-27 10:00:00,407.4013162861652
2012-10-27 11:00:00,515.4242995573037
2012-10-27 12:00:00,604.6481814270944
2012-10-27 13:00:00,620.679583447735
2012-10-27 14:00:00,588.1005103521088
2012-10-27 15:00:00,522.7869392332051
2012-10-27 16:00:00,496.2139929345252
2012-10-27 17:00:00,488.49710105787307
2012-10-27 18:00:00,422.69925259409683
2012-10-27 19:00:00,333.08222111200996
2012-10-27 20:00:00,246.78522977653992
2012-10-27 21:00:00,198.95681433509336
2012-10-27 22:00:00,163.00721763907026
2012-10-27 23:00:00,116.29967818226505
2012-10-28 00:00:00,91.73344895539199
2012-10-28 01:00:00,100.68877362704256
2012-10-28 02:00:00,72.74818233044148
2012-10-28 03:00:00,30.97994546579921
2012-10-28 04:00:00,10.96230044426028
2012-10-28 05:00:00,10.716487217823655
2012-10-28 06:00:00,21.572764312484747
2012-10-28 07:00:00,50.763032001686454
2012-10-28 08:00:00,132.42723370708399
2012-10-28 09:00:00,226.59385304049823
2012-10-28 10:00:00,323.64264715569107
2012-10-28 11:00:00,433.24054175405365
2012-10-28 12:00:00,467.8541579740149
2012-10-28 13:00:00,478.137574212927
2012-10-28 14:00:00,483.01566108414124
2012-10-28 15:00:00,456.2839767442959
2012-10-28 16:00:00,294.46033592098064
2012-10-28 17:00:00,233.24681672066586
2012-10-28 18:00:00,128.06893181193698
2012-10-28 19:00:00,124.62793488763245
2012-10-28 20:00:00,105.37451701583805
2012-10-28 21:00:00,94.57753799303211
2012-10-28 22:00:00,79.77255476211911
2012-10-28 23:00:00,59.31952259607755
2012-10-29 00:00:00,24.16425506725857
2012-10-30 13:00:00,114.46202626414424
2012-10-30 14:00:00,103.46597927194053
2012-10-30 15:00:00,98.94508297345064
2012-10-30 16:00:00,160.70640930664143
2012-10-30 17:00:00,268.9625627457681
2012-10-30 18:00:00,290.02789990565867
2012-10-30 19:00:00,487.83087914994246
2012-10-30 20:00:00,236.60231885846116
2012-10-30 21:00:00,159.27240022393468
2012-10-30 22:00:00,128.9391754050596
2012-10-30 23:00:00,92.10891368958599
2012-10-31 00:00:00,34.82920653493568
2012-10-31 01:00:00,14.866699561997752
2012-10-31 02:00:00,6.392800566491514
2012-10-31 03:00:00,4.404441543759913
2012-10-31 04:00:00,6.15987492640908
2012-10-31 05:00:00,31.043199860260813
2012-10-31 06:00:00,124.40369253163223
2012-10-31 07:00:00,341.423260614035
2012-10-31 08:00:00,617.7319734979216
2012-10-31 09:00:00,309.24234083817726
2012-10-31 10:00:00,158.4706649454873
2012-10-31 11:00:00,175.34193777134686
2012-10-31 12:00:00,235.5844933522748
2012-10-31 13:00:00,226.09432283429686
2012-10-31 14:00:00,204.62170763435003
2012-10-31 15:00:00,237.70549867281164
2012-10-31 16:00:00,345.09860931430313
2012-10-31 17:00:00,600.1909584770298
2012-10-31 18:00:00,600.2880575706052
2012-10-31 19:00:00,411.33104778001086
2012-10-31 20:00:00,286.3694885105086
2012-10-31 21:00:00,203.76660195338067
2012-10-31 22:00:00,154.63691326708718
2012-10-31 23:00:00,106.33880404971805
2012-11-20 00:00:00,31.793902253870527
2012-11-20 01:00:00,14.516260169825998
2012-11-20 02:00:00,4.940202369914371
2012-11-20 03:00:00,3.8027046559814695
2012-11-20 04:00:00,7.470502282449088
2012-11-20 05:00:00,32.62768060563285
2012-11-20 06:00:00,127.74571049394069
2012-11-20 07:00:00,378.8128149207864
2012-11-20 08:00:00,636.0996053430139
2012-11-20 09:00:00,308.76040329188623
2012-11-20 10:00:00,167.1746633159575
2012-11-20 11:00:00,191.628200387873
2012-11-20 12:00:00,232.89794358733002
2012-11-20 13:00:00,231.7361167381036
2012-11-20 14:00:00,209.1936225099828
2012-11-20 15:00:00,244.3723306555848
2012-11-20 16:00:00,350.3851583664406
2012-11-20 17:00:00,594.5580798360364
2012-11-20 18:00:00,578.6221305794011
2012-11-20 19:00:00,405.9005006418139
2012-11-20 20:00:00,277.87086354094237
2012-11-20 21:00:00,196.42760467901255
2012-11-20 22:00:00,153.3989992871732
2012-11-20 23:00:00,94.68853197535309
2012-11-21 00:00:00,35.72782651084524
2012-11-21 01:00:00,16.789594748956166
2012-11-21 02:00:00,5.4079629847832145
2012-11-21 03:00:00,4.929729548301052
2012-11-21 04:00:00,5.547281850471016
2012-11-21 05:00:00,30.006421526047905
2012-11-21 06:00:00,120.10810814446047
2012-11-21 07:00:00,346.82188596382673
2012-11-21 08:00:00,594.2117727563997
2012-11-21 09:00:00,307.15830287582173
2012-11-21 10:00:00,169.87818279810827
2012-11-21 11:00:00,193.75663404964365
2012-11-21 12:00:00,246.8174232312578
2012-11-21 13:00:00,238.4485904609673
2012-11-21 14:00:00,244.69115758694915
2012-11-21 15:00:00,272.1491385897862
2012-11-21 16:00:00,377.37530521806605
2012-11-21 17:00:00,603.6324527870244
2012-11-21 18:00:00,580.891149523243
2012-11-21 19:00:00,397.88809218265413
2012-11-21 20:00:00,272.89608064817685
2012-11-21 21:00:00,198.75189501475484
2012-11-21 22:00:00,139.73987206290798
2012-11-21 23:00:00,106.73556144113654
2012-11-22 00:00:00,72.4256103986339
2012-11-22 01:00:00,49.55204396990615
2012-11-22 02:00:00,32.230051302084476
2012-11-22 03:00:00,12.310988125179287
2012-11-22 04:00:00,6.796009657890662
2012-11-22 05:00:00,10.224981941436797
2012-11-22 06:00:00,28.738573509806333
2012-11-22 07:00:00,69.41973633129763
2012-11-22 08:00:00,160.04438486045638
2012-11-22 09:00:00,219.90603758956394
2012-11-22 10:00:00,315.54840202526236
2012-11-22 11:00:00,408.3108969936444
2012-11-22 12:00:00,466.71874743378766
2012-11-22 13:00:00,482.0178099474896
2012-11-22 14:00:00,474.4890950108478
2012-11-22 15:00:00,461.47124691562783
2012-11-22 16:00:00,470.55828346405514
2012-11-22 17:00:00,458.58519929258273
2012-11-22 18:00:00,357.8524055149782
2012-11-22 19:00:00,271.9971629189189
2012-11-22 20:00:00,212.77707891905257
2012-11-22 21:00:00,177.66456674842794
2012-11-22 22:00:00,150.61785728367326
2012-11-22 23:00:00,106.71115084812615
2012-11-23 00:00:00,49.2463207214117
2012-11-23 01:00:00,24.312207443316858
2012-11-23 02:00:00,10.702288797244986
2012-11-23 03:00:00,5.974744871444007
2012-11-23 04:00:00,7.967659187485393
2012-11-23 05:00:00,27.110948552882085
2012-11-23 06:00:00,111.46956605292003
2012-11-23 07:00:00,318.8432734665853
2012-11-23 08:00:00,543.3754898082258
2012-11-23 09:00:00,326.7006134814736
2012-11-23 10:00:00,186.410908121221
2012-11-23 11:00:00,234.2699722217622
2012-11-23 12:00:00,299.00006241891566
2012-11-23 13:00:00,313.24791029529626
2012-11-23 14:00:00,338.9691312794984
2012-11-23 15:00:00,362.0574753390879
2012-11-23 16:00:00,453.6441865960669
2012-11-23 17:00:00,669.0434021813771
2012-11-23 18:00:00,558.8727730267808
2012-11-23 19:00:00,413.3569913357921
2012-11-23 20:00:00,281.6653139656022
2012-11-23 21:00:00,210.19049139006842
2012-11-23 22:00:00,157.35534811553825
2012-11-23 23:00:00,114.95270152568364
2012-11-24 00:00:00,90.60483123502607
2012-11-24 01:00:00,73.46465349721561
2012-11-24 02:00:00,41.27253593016964
2012-11-24 03:00:00,17.446854396167858
2012-11-24 04:00:00,7.067213944388266
2012-11-24 05:00:00,6.562384548167309
2012-11-24 06:00:00,18.786973527436636
2012-11-24 07:00:00,49.02701246755293
2012-11-24 08:00:00,131.44842385170372
2012-11-24 09:00:00,182.5963770131013
2012-11-24 10:00:00,256.1762631614198
2012-11-24 11:00:00,312.1804762269614
2012-11-24 12:00:00,333.88141137224994
2012-11-24 13:00:00,425.4059336879037
2012-11-24 14:00:00,404.00732509340565
2012-11-24 15:00:00,362.77334327014887
2012-11-24 16:00:00,338.95290492327706
2012-11-24 17:00:00,289.35183971671523
2012-11-24 18:00:00,254.63189408642143
2012-11-24 19:00:00,222.51589967088103
2012-11-24 20:00:00,165.0487343021694
2012-11-24 21:00:00,133.36576151379467
2012-11-24 22:00:00,108.14034055368715
2012-11-24 23:00:00,86.31986924706828
2012-11-25 00:00:00,82.0112501351834
2012-11-25 01:00:00,72.96299064127022
2012-11-25 02:00:00,42.3229300195852
2012-11-25 03:00:00,19.198178761912974
2012-11-25 04:00:00,6.480589167058052
2012-11-25 05:00:00,6.881203100947664
2012-11-25 06:00:00,13.291701735976881
2012-11-25 07:00:00,36.70836641486592
2012-11-25 08:00:00,100.2438806629046
2012-11-25 09:00:00,155.6987716136593
2012-11-25 10:00:00,254.5937826726634
2012-11-25 11:00:00,298.2635841276414
2012-11-25 12:00:00,347.2741757125329
2012-11-25 13:00:00,350.06531112308863
2012-11-25 14:00:00,352.893354250412
2012-11-25 15:00:00,356.43967092028026
2012-11-25 16:00:00,352.38555241661936
2012-11-25 17:00:00,274.8284463689837
2012-11-25 18:00:00,229.37293280723094
2012-11-25 19:00:00,202.09451182190256
2012-11-25 20:00:00,142.44953266061546
2012-11-25 21:00:00,112.95267863588018
2012-11-25 22:00:00,96.0852762967353
2012-11-25 23:00:00,68.66769993423907
2012-11-26 00:00:00,25.119791316748604
2012-11-26 01:00:00,10.24917461484419
2012-11-26 02:00:00,4.270858554695181
2012-11-26 03:00:00,3.887930505510274
2012-11-26 04:00:00,5.404780431000384
2012-11-26 05:00:00,31.647931781485887
2012-11-26 06:00:00,120.38699888917225
2012-11-26 07:00:00,356.0667859282959
2012-11-26 08:00:00,610.8227839354822
2012-11-26 09:00:00,301.37870608581846
2012-11-26 10:00:00,166.9665902916151
2012-11-26 11:00:00,192.3714980374238
2012-11-26 12:00:00,252.77852564225873
2012-11-26 13:00:00,246.5458644963939
2012-11-26 14:00:00,226.78692193412408
2012-11-26 15:00:00,250.70848834353401
2012-11-26 16:00:00,374.87335499802384
2012-11-26 17:00:00,609.3980391188474
2012-11-26 18:00:00,559.4547722376961
2012-11-26 19:00:00,385.8272627797203
2012-11-26 20:00:00,264.9077363543261
2012-11-26 21:00:00,189.58017014176374
2012-11-26 22:00:00,132.76382350998463
2012-11-26 23:00:00,85.45162452498506
2012-11-27 00:00:00,30.05117416111865
2012-11-27 01:00:00,13.723081253565473
2012-11-27 02:00:00,5.351364555917909
2012-11-27 03:00:00,3.681217001377822
2012-11-27 04:00:00,5.915336069149024
2012-11-27 05:00:00,27.68878693188243
2012-11-27 06:00:00,120.62998695062372
2012-11-27 07:00:00,194.47458198012495
2012-11-27 08:00:00,291.773275589891
2012-11-27 09:00:00,284.6974059720619
2012-11-27 10:00:00,94.57219606758623
2012-11-27 11:00:00,92.40907498789115
2012-11-27 12:00:00,105.32927639442885
2012-11-27 13:00:00,107.15934134424485
2012-11-27 14:00:00,96.75019704120199
2012-11-27 15:00:00,183.39386125704442
2012-11-27 16:00:00,292.34330144837867
2012-11-27 17:00:00,485.1958056028299
2012-11-27 18:00:00,431.5457856988202
2012-11-27 19:00:00,346.0432462225387
2012-11-27 20:00:00,244.8560654633058
2012-11-27 21:00:00,158.1057489474289
2012-11-27 22:00:00,123.35915463393903
2012-11-27 23:00:00,78.14348811912004
2012-11-28 00:00:00,31.584084307716857
2012-11-28 01:00:00,16.5496408820108
2012-11-28 02:00:00,6.204409857814178
2012-11-28 03:00:00,4.0102083764341465
2012-11-28 04:00:00,6.063297955422561
2012-11-28 05:00:00,31.83051373509243
2012-11-28 06:00:00,127.69509484358457
2012-11-28 07:00:00,356.41452052684656
2012-11-28 08:00:00,633.4580348771979
2012-11-28 09:00:00,314.17352403762516
2012-11-28 10:00:00,171.96547476145074
2012-11-28 11:00:00,183.92440929256637
2012-11-28 12:00:00,226.75434780440992
2012-11-28 13:00:00,233.61054440164077
2012-11-28 14:00:00,206.2455368411717
2012-11-28 15:00:00,239.5060063980583
2012-11-28 16:00:00,343.22862192512105
2012-11-28 17:00:00,568.5379742509111
2012-11-28 18:00:00,531.2088638025076
2012-11-28 19:00:00,379.281270626263
2012-11-28 20:00:00,262.16217683943006
2012-11-28 21:00:00,191.01560308519782
2012-11-28 22:00:00,129.20710136865546
2012-11-28 23:00:00,79.74992064686728
2012-11-29 00:00:00,31.121412818167
2012-11-29 01:00:00,13.190593247345024
2012-11-29 02:00:00,5.067414831359246
2012-11-29 04:00:00,5.56808247417378
2012-11-29 05:00:00,29.648598536138714
2012-11-29 06:00:00,121.92511153171397
2012-11-29 07:00:00,352.0042276931308
2012-11-29 08:00:00,606.1114752604802
2012-11-29 09:00:00,305.68097777491204
2012-11-29 10:00:00,158.54307149711502
2012-11-29 11:00:00,192.95942124359414
2012-11-29 12:00:00,258.22285393839974
2012-11-29 13:00:00,254.58870330320468
2012-11-29 14:00:00,207.9110359235413
2012-11-29 15:00:00,247.986374768213
2012-11-29 16:00:00,355.4027893984477
2012-11-29 17:00:00,577.5599359147836
2012-11-29 18:00:00,555.6924532619504
2012-11-29 19:00:00,378.7748527575002
2012-11-29 20:00:00,263.6404560969846
2012-11-29 21:00:00,187.20049497504434
2012-11-29 22:00:00,140.39280693588498
2012-11-29 23:00:00,107.51305011115926
2012-11-30 00:00:00,48.29746798678817
2012-11-30 01:00:00,24.522978392899585
2012-11-30 02:00:00,10.053794915879706
2012-11-30 03:00:00,6.187148445214925
2012-11-30 04:00:00,7.007132965272694
2012-11-30 05:00:00,27.132246827451002
2012-11-30 06:00:00,105.22817616384347
2012-11-30 07:00:00,313.48004254515354
2012-11-30 08:00:00,533.6349109318369
2012-11-30 09:00:00,326.06968161827325
2012-11-30 10:00:00,173.88265252876732
2012-11-30 11:00:00,209.62396632357735
2012-11-30 12:00:00,273.5717776040036
2012-11-30 13:00:00,285.7703516567508
2012-11-30 14:00:00,263.3893358684861
2012-11-30 15:00:00,288.70106944925567
2012-11-30 16:00:00,410.55195467145523
2012-11-30 17:00:00,586.1698206949841
2012-11-30 18:00:00,496.2050715096822
2012-11-30 19:00:00,341.85894646408605
2012-11-30 20:00:00,232.63205401049026
2012-11-30 21:00:00,176.71956780042058
2012-11-30 22:00:00,151.29458185135536
2012-11-30 23:00:00,123.49557503679759
2012-12-20 00:00:00,37.710068629934696
2012-12-20 01:00:00,15.857867172415055
2012-12-20 02:00:00,9.256929863117943
2012-12-20 03:00:00,3.5918925517991953
2012-12-20 04:00:00,5.715316151634334
2012-12-20 05:00:00,32.635497375210825
2012-12-20 06:00:00,129.45442706818426
2012-12-20 07:00:00,374.0893293312277
2012-12-20 08:00:00,622.9012162823667
2012-12-20 09:00:00,301.06540753805746
2012-12-20 10:00:00,162.2542488977218
2012-12-20 11:00:00,173.78837642587928
2012-12-20 12:00:00,226.34951661726967
2012-12-20 13:00:00,224.31526761680553
2012-12-20 14:00:00,197.1324954521752
2012-12-20 15:00:00,217.75949842067968
2012-12-20 16:00:00,319.37140264782045
2012-12-20 17:00:00,562.3372419650875
2012-12-20 18:00:00,542.0741436427213
2012-12-20 19:00:00,243.8204292471458
2012-12-20 20:00:00,178.04034220465536
2012-12-20 21:00:00,121.4761149514444
2012-12-20 22:00:00,77.43228806857486
2012-12-20 23:00:00,63.89994246142224
2012-12-21 00:00:00,32.96719684764491
2012-12-21 01:00:00,17.968373892525715
2012-12-21 02:00:00,7.737734409250331
2012-12-21 03:00:00,3.6202777133485866
2012-12-21 04:00:00,2.7062763563485923
2012-12-21 05:00:00,19.07217095378248
2012-12-21 06:00:00,72.52380038564995
2012-12-21 07:00:00,233.55941924303778
2012-12-21 08:00:00,453.8169443155277
2012-12-21 09:00:00,233.4167667496707
2012-12-21 10:00:00,128.1141259470547
2012-12-21 11:00:00,153.17599663810034
2012-12-21 12:00:00,182.59762831145045
2012-12-21 13:00:00,185.5915709431752
2012-12-21 14:00:00,158.15044348184838
2012-12-21 15:00:00,171.5413441843415
2012-12-21 16:00:00,219.24199979411688
2012-12-21 17:00:00,344.57905615048895
2012-12-21 18:00:00,317.665446458113
2012-12-21 19:00:00,212.6953589935503
2012-12-21 20:00:00,141.63347548465512
2012-12-21 21:00:00,111.02645132338014
2012-12-21 22:00:00,89.22846791397649
2012-12-21 23:00:00,66.54204235062517
2012-12-22 00:00:00,52.69579773962206
2012-12-22 01:00:00,39.58424390745097
2012-12-22 02:00:00,31.686430355626634
2012-12-22 03:00:00,16.194308167976725
2012-12-22 04:00:00,4.804959118072363
2012-12-22 05:00:00,4.30481799491743
2012-12-22 06:00:00,8.071755466735194
2012-12-22 07:00:00,27.633984484019585
2012-12-22 08:00:00,79.0399380189098
2012-12-22 09:00:00,114.75519553391837
2012-12-22 10:00:00,182.26054458507218
2012-12-22 11:00:00,215.11065479265767
2012-12-22 12:00:00,219.19287048292236
2012-12-22 13:00:00,269.45593069073703
2012-12-22 14:00:00,253.21740008040578
2012-12-22 15:00:00,251.42544766694718
2012-12-22 16:00:00,207.94191670188033
2012-12-22 17:00:00,173.4778478011236
2012-12-22 18:00:00,148.74988911236852
2012-12-22 19:00:00,117.53282068357373
2012-12-22 20:00:00,101.55052303213317
2012-12-22 21:00:00,76.81562337477965
2012-12-22 22:00:00,68.02760602594962
2012-12-22 23:00:00,52.289086181879235
2012-12-23 00:00:00,55.798725202601645
2012-12-23 01:00:00,49.98446575374868
2012-12-23 02:00:00,38.729530346119226
2012-12-23 03:00:00,23.74901269996076
2012-12-23 04:00:00,6.387038311436183
2012-12-23 05:00:00,4.044236136426248
2012-12-23 06:00:00,6.216884233013269
2012-12-23 07:00:00,19.944791053920152
2012-12-23 08:00:00,51.68065216328872
2012-12-23 09:00:00,86.44958860034995
2012-12-23 10:00:00,150.6181535750049
2012-12-23 11:00:00,185.59866405226222
2012-12-23 12:00:00,263.52109982472786
2012-12-23 13:00:00,288.1767319258596
2012-12-23 14:00:00,316.1813429241335
2012-12-23 15:00:00,306.840747431001
2012-12-23 16:00:00,267.86121865526724
2012-12-23 17:00:00,217.80620163489274
2012-12-23 18:00:00,166.00801642405705
2012-12-23 19:00:00,120.57400396835764
2012-12-23 20:00:00,80.87803346657839
2012-12-23 21:00:00,74.45974953773869
2012-12-23 22:00:00,80.54091188393582
2012-12-23 23:00:00,42.6469614341864
2012-12-24 00:00:00,15.545474945629547
2012-12-24 01:00:00,5.676474175133579
2012-12-24 02:00:00,3.2551289129962604
2012-12-24 03:00:00,2.321849060684932
2012-12-24 05:00:00,17.505609306861068
2012-12-24 06:00:00,77.6888906275871
2012-12-24 07:00:00,239.8075409206766
2012-12-24 08:00:00,452.5412533878738
2012-12-24 09:00:00,220.81915517152228
2012-12-24 10:00:00,95.3290433567611
2012-12-24 11:00:00,103.160522018957
2012-12-24 12:00:00,118.83975104023129
2012-12-24 13:00:00,69.9828207382683
2012-12-24 14:00:00,69.49365658097979
2012-12-24 15:00:00,68.50250129382543
2012-12-24 16:00:00,89.6659061645436
2012-12-24 17:00:00,164.920138813028
2012-12-24 18:00:00,171.9291873339911
2012-12-24 19:00:00,190.7141415754235
2012-12-24 20:00:00,100.99843634525139
2012-12-24 21:00:00,78.93345240952083
2012-12-24 22:00:00,76.58444744864222
2012-12-24 23:00:00,36.2018723931093
2012-12-25 00:00:00,29.50110432638388
2012-12-25 01:00:00,29.26923971274933
2012-12-25 02:00:00,21.52210830318595
2012-12-25 04:00:00,4.805655679565547
2012-12-25 05:00:00,4.660024298739036
2012-12-25 06:00:00,10.211847228855794
2012-12-25 07:00:00,23.481756988399884
2012-12-25 08:00:00,80.70370318214466
2012-12-25 09:00:00,95.64041962114113
2012-12-25 10:00:00,161.3655801375623
2012-12-25 11:00:00,195.95221956016667
2012-12-25 12:00:00,235.85683832046647
2012-12-25 13:00:00,274.12404440527047
2012-12-25 14:00:00,265.35002542269405
2012-12-25 15:00:00,254.58867426733173
2012-12-25 16:00:00,231.51678655684327
2012-12-25 17:00:00,205.15818255897415
2012-12-25 18:00:00,183.89850130327872
2012-12-25 19:00:00,151.74404742422504
2012-12-25 20:00:00,107.45178044025961
2012-12-25 21:00:00,80.72718333563309
2012-12-25 22:00:00,69.31012992286479
2012-12-25 23:00:00,45.0561268712046
2012-12-26 00:00:00,17.006694801748814
2012-12-26 01:00:00,5.357417592340663
2012-12-26 02:00:00,3.5201594378761656
2012-12-26 03:00:00,2.6382058422898003
2012-12-26 04:00:00,2.257537983944636
2012-12-26 05:00:00,16.29252164616885
2012-12-26 06:00:00,80.0281786925583
2012-12-26 07:00:00,137.26097791334817
2012-12-26 08:00:00,201.79165178744276
2012-12-26 09:00:00,112.47000584483905
2012-12-26 10:00:00,63.997914861422316
2012-12-26 11:00:00,63.481015155688354
2012-12-26 12:00:00,64.38593821236489
2012-12-26 13:00:00,64.60972442127698
2012-12-26 14:00:00,62.96755738836966
2012-12-26 15:00:00,65.88066044917933
2012-12-26 16:00:00,91.5776592012831
2012-12-26 17:00:00,158.87295381868722
2012-12-26 18:00:00,155.61161421410907
2012-12-26 19:00:00,128.4210612277168
2012-12-26 20:00:00,76.71512911157794
2012-12-26 21:00:00,98.36704422688142
2012-12-26 22:00:00,52.74886955442366
2012-12-26 23:00:00,28.95266944191472
2012-12-27 00:00:00,12.601755967098303
2012-12-27 01:00:00,4.8535232136515685
2012-12-27 02:00:00,4.068030658963405
2012-12-27 03:00:00,2.7716438332129347
2012-12-27 04:00:00,2.299912236961693
2012-12-27 05:00:00,19.060272715731116
2012-12-27 06:00:00,76.42416115318399
2012-12-27 07:00:00,258.9323233662964
2012-12-27 08:00:00,480.77930803688344
2012-12-27 09:00:00,220.10437341550636
2012-12-27 10:00:00,101.15832190584322
2012-12-27 11:00:00,107.64859771177923
2012-12-27 12:00:00,140.0056713113786
2012-12-27 13:00:00,134.63975674224213
2012-12-27 14:00:00,112.16935563153262
2012-12-27 15:00:00,118.24662116906218
2012-12-27 16:00:00,182.60170885627738
2012-12-27 17:00:00,353.70935953500714
2012-12-27 18:00:00,333.5236358172565
2012-12-27 19:00:00,223.36641862582854
2012-12-27 20:00:00,177.9799219298504
2012-12-27 21:00:00,109.69058859458069
2012-12-27 22:00:00,85.29915615586802
2012-12-27 23:00:00,55.94939914290351
2012-12-28 00:00:00,31.559935708515354
2012-12-28 01:00:00,14.395644693853736
2012-12-28 02:00:00,6.4488965059408825
2012-12-28 03:00:00,3.2809853901303185
2012-12-28 04:00:00,2.639617897704908
2012-12-28 05:00:00,16.931706378309684
2012-12-28 06:00:00,72.0688872563264
2012-12-28 07:00:00,224.11126732663283
2012-12-28 08:00:00,447.01659645545044
2012-12-28 09:00:00,231.8707927045952
2012-12-28 10:00:00,115.92258252931838
2012-12-28 11:00:00,139.5124508039634
2012-12-28 12:00:00,181.56853701260607
2012-12-28 13:00:00,184.00646064486347
2012-12-28 14:00:00,157.0345900301201
2012-12-28 15:00:00,178.2234261142832
2012-12-28 16:00:00,234.82747004764047
2012-12-28 17:00:00,330.5560493816728
2012-12-28 18:00:00,311.849723867636
2012-12-28 19:00:00,200.13394616808426
2012-12-28 20:00:00,134.89242978624043
2012-12-28 21:00:00,103.98099799170048
2012-12-28 22:00:00,89.66208374002512
2012-12-28 23:00:00,64.33085465002871
2012-12-29 00:00:00,53.44341347822914
2012-12-29 01:00:00,46.30181154730667
2012-12-29 02:00:00,39.4010270354086
2012-12-29 03:00:00,17.989107538885218
2012-12-29 04:00:00,4.987866958436439
2012-12-29 05:00:00,2.93397871541874
2012-12-29 06:00:00,6.999489575124812
2012-12-29 07:00:00,26.793241844982532
2012-12-29 08:00:00,71.95871544717161
2012-12-29 09:00:00,109.65435281289047
2012-12-29 10:00:00,128.1956453961579
2012-12-29 11:00:00,132.3733332013316
2012-12-29 12:00:00,130.5440880333858
2012-12-29 13:00:00,134.51297675588228
2012-12-29 14:00:00,219.39045512076714
2012-12-29 15:00:00,211.99006613311408
2012-12-29 16:00:00,222.6022567952952
2012-12-29 17:00:00,177.13654370338776
2012-12-29 18:00:00,159.5711418874101
2012-12-29 19:00:00,129.50047065641473
2012-12-29 20:00:00,95.5565450281113
2012-12-29 21:00:00,79.21673275589073
2012-12-29 22:00:00,72.8797938093071
2012-12-29 23:00:00,60.68132336215528
2012-12-30 00:00:00,59.40132842214903
2012-12-30 01:00:00,42.77272771211891
2012-12-30 02:00:00,40.063768301646
2012-12-30 03:00:00,18.479141716643156
2012-12-30 04:00:00,5.342656449160117
2012-12-30 05:00:00,3.2037723231033013
2012-12-30 06:00:00,5.2039027745579585
2012-12-30 07:00:00,17.21320678750806
2012-12-30 08:00:00,55.38215206959008
2012-12-30 09:00:00,91.0712924842616
2012-12-30 10:00:00,151.074725857667
2012-12-30 11:00:00,185.76532851475196
2012-12-30 12:00:00,197.67002454661423
2012-12-30 13:00:00,213.15120384790853
2012-12-30 14:00:00,205.10081885676078
2012-12-30 15:00:00,220.79181320703455
2012-12-30 16:00:00,195.37170492701787
2012-12-30 17:00:00,161.90524668768973
2012-12-30 18:00:00,142.59826798526004
2012-12-30 19:00:00,147.54757880469265
2012-12-30 20:00:00,79.90672365304809
2012-12-30 21:00:00,65.4114284864573
2012-12-30 22:00:00,58.916330982470456
2012-12-30 23:00:00,33.67562917576072
2012-12-31 00:00:00,14.03587990583602
2012-12-31 01:00:00,5.623511178364096
2012-12-31 02:00:00,3.9439176664158544
2012-12-31 03:00:00,2.1477845080160165
2012-12-31 04:00:00,2.235484400544993
2012-12-31 05:00:00,15.03103065306062
2012-12-31 06:00:00,78.53527341839678
2012-12-31 07:00:00,239.9589816099764
2012-12-31 08:00:00,423.7930433479114
2012-12-31 09:00:00,213.15675403054132
2012-12-31 10:00:00,87.54142031905265
2012-12-31 11:00:00,93.27084094901618
2012-12-31 12:00:00,110.9917249734651
2012-12-31 13:00:00,116.93856452904274
2012-12-31 14:00:00,117.59322180419065
2012-12-31 15:00:00,123.02068215487438
2012-12-31 16:00:00,178.18075933136214
2012-12-31 17:00:00,332.30041970062075
2012-12-31 18:00:00,331.4112796060941
2012-12-31 19:00:00,223.39500420370413
2012-12-31 20:00:00,174.4777779851959
2012-12-31 21:00:00,117.61707598623354
2012-12-31 22:00:00,93.329036215106
2012-12-31 23:00:00,47.5507729059477
