datetime,count
2011-01-20 00:00:00,9.66913844474583
2011-01-20 01:00:00,3.900116041070298
2011-01-20 02:00:00,2.9574698168616216
2011-01-20 03:00:00,2.4331908058022176
2011-01-20 04:00:00,1.9240964362393558
2011-01-20 05:00:00,6.118658849756317
2011-01-20 06:00:00,34.6059000164019
2011-01-20 07:00:00,95.04130553102092
2011-01-20 08:00:00,190.88659597623342
2011-01-20 09:00:00,106.63587354466065
2011-01-20 10:00:00,50.23821989497441
2011-01-20 11:00:00,54.805761625129215
2011-01-20 12:00:00,69.89873551029457
2011-01-20 13:00:00,63.77583012950912
2011-01-20 14:00:00,62.05258359860828
2011-01-20 15:00:00,65.86809507867245
2011-01-20 16:00:00,87.70622984473519
2011-01-20 17:00:00,181.5479403753175
2011-01-20 18:00:00,169.78608148453117
2011-01-20 19:00:00,98.87304440147813
2011-01-20 20:00:00,82.66148236109245
2011-01-20 21:00:00,51.63730086455725
2011-01-20 22:00:00,39.62031923856234
2011-01-20 23:00:00,21.535072998980496
2011-01-21 00:00:00,15.06281690832803
2011-01-21 01:00:00,5.816459302136284
2011-01-21 02:00:00,4.0544817024121915
2011-01-21 03:00:00,1.7563251942768137
2011-01-21 04:00:00,1.7808692266277024
2011-01-21 05:00:00,4.46909955386935
2011-01-21 06:00:00,30.251313470723773
2011-01-21 07:00:00,82.57719005359463
2011-01-21 08:00:00,175.78118026524288
2011-01-21 09:00:00,96.25987854801757
2011-01-21 10:00:00,34.3104043229476
2011-01-21 11:00:00,43.63182516283098
2011-01-21 12:00:00,65.91798678738462
2011-01-21 13:00:00,59.91254528349385
2011-01-21 14:00:00,50.626559655717074
2011-01-21 15:00:00,58.905596445782784
2011-01-21 16:00:00,71.31966133783759
2011-01-21 17:00:00,142.96539599338055
2011-01-21 18:00:00,131.15129640000987
2011-01-21 19:00:00,66.06772944375126
2011-01-21 20:00:00,43.35372823874994
2011-01-21 21:00:00,31.13625766500614
2011-01-21 22:00:00,27.52150034558528
2011-01-21 23:00:00,21.709887631895864
2011-01-22 00:00:00,20.1590877265093
2011-01-22 01:00:00,13.87133506398013
2011-01-22 02:00:00,10.462372592998346
2011-01-22 03:00:00,4.9831859888403995
2011-01-22 04:00:00,1.8652816704368385
2011-01-22 06:00:00,3.7557626517274274
2011-01-22 07:00:00,6.7598494205990125
2011-01-22 08:00:00,20.14774006063076
2011-01-22 09:00:00,27.995514359267215
2011-01-22 10:00:00,57.73904955733682
2011-01-22 11:00:00,64.25189340510673
2011-01-22 12:00:00,85.03393946933781
2011-01-22 13:00:00,92.50384714970576
2011-01-22 14:00:00,86.37072333787177
2011-01-22 15:00:00,85.04860563325009
2011-01-22 16:00:00,78.55344001793453
2011-01-22 17:00:00,77.22143957410981
2011-01-22 18:00:00,57.30182245552695
2011-01-22 19:00:00,44.04283748070869
2011-01-22 20:00:00,31.373944280308194
2011-01-22 21:00:00,28.69985300102412
2011-01-22 22:00:00,23.84848107597708
2011-01-22 23:00:00,17.99643332849464
2011-01-23 00:00:00,20.621927444558672
2011-01-23 01:00:00,16.03765943859554
2011-01-23 02:00:00,11.932984239762249
2011-01-23 03:00:00,8.536155910720652
2011-01-23 05:00:00,1.8706995706761345
2011-01-23 06:00:00,2.6217373184118737
2011-01-23 07:00:00,5.545184538392206
2011-01-23 08:00:00,13.840166440544332
2011-01-23 09:00:00,21.34153315615935
2011-01-23 10:00:00,54.207661367212424
2011-01-23 11:00:00,65.34485606861564
2011-01-23 12:00:00,80.51775645058997
2011-01-23 13:00:00,83.04136535169982
2011-01-23 14:00:00,82.07451686664922
2011-01-23 15:00:00,79.77807717590835
2011-01-23 16:00:00,76.26042794724518
2011-01-23 17:00:00,63.646074370826476
2011-01-23 18:00:00,55.31346551394739
2011-01-23 19:00:00,40.80548921535302
2011-01-23 20:00:00,27.107222225190426
2011-01-23 21:00:00,22.39180073034546
2011-01-23 22:00:00,16.624170731468006
2011-01-23 23:00:00,12.340579258513362
2011-01-24 00:00:00,7.079455207925246
2011-01-24 01:00:00,3.0216336589121875
2011-01-24 03:00:00,1.770916134039457
2011-01-24 04:00:00,1.996627126154578
2011-01-24 05:00:00,4.962488902480922
2011-01-24 06:00:00,25.184573586801303
2011-01-24 07:00:00,75.0018525516576
2011-01-24 08:00:00,165.562068020661
2011-01-24 09:00:00,78.75899454635882
2011-01-24 10:00:00,32.496503215307875
2011-01-24 11:00:00,30.78377025433432
2011-01-24 12:00:00,37.99932535971457
2011-01-24 13:00:00,37.77079709982075
2011-01-24 14:00:00,34.18718916498717
2011-01-24 15:00:00,38.08576496307934
2011-01-24 16:00:00,65.44996933688192
2011-01-24 17:00:00,144.96287395959024
2011-01-24 18:00:00,143.28753471791254
2011-01-24 19:00:00,86.335576284053
2011-01-24 20:00:00,60.80515940677181
2011-01-24 21:00:00,33.282150184078844
2011-01-24 22:00:00,25.105671031842036
2011-01-24 23:00:00,15.362930779577729
2011-01-25 00:00:00,7.157243895150534
2011-01-25 01:00:00,3.498899926024677
2011-01-25 02:00:00,2.4474000960163758
2011-01-25 04:00:00,1.914381592973713
2011-01-25 05:00:00,5.055999496056312
2011-01-25 06:00:00,28.80568064719662
2011-01-25 07:00:00,78.72804588795533
2011-01-25 08:00:00,163.35945995366706
2011-01-25 09:00:00,97.29696595429881
2011-01-25 10:00:00,47.65692557616491
2011-01-25 11:00:00,49.665977073324456
2011-01-25 12:00:00,65.76777998935368
2011-01-25 13:00:00,62.95108766078713
2011-01-25 14:00:00,62.26987908928774
2011-01-25 15:00:00,66.44829160298787
2011-01-25 16:00:00,99.67571410550379
2011-01-25 17:00:00,189.28021160315961
2011-01-25 18:00:00,179.01497502518674
2011-01-25 19:00:00,106.03137809886879
2011-01-25 20:00:00,78.64705042856464
2011-01-25 21:00:00,51.23867027877701
2011-01-25 22:00:00,38.288378467713834
2011-01-25 23:00:00,18.632384733077593
2011-01-26 00:00:00,9.48468077632214
2011-01-26 01:00:00,3.980264257949351
2011-01-26 02:00:00,2.926617858611893
2011-01-26 05:00:00,3.3281893220759575
2011-01-26 06:00:00,13.832036931123795
2011-01-26 07:00:00,37.709018602805834
2011-01-26 08:00:00,87.53103845656906
2011-01-26 09:00:00,32.41276550497676
2011-01-26 10:00:00,18.275602759652035
2011-01-26 11:00:00,15.121363553128981
2011-01-26 12:00:00,15.302837781333078
2011-01-26 13:00:00,13.735002390432559
2011-01-26 14:00:00,15.034327006143698
2011-01-26 15:00:00,11.516104616744537
2011-01-26 16:00:00,30.260363722820895
2011-01-26 17:00:00,64.06640917784533
2011-01-27 16:00:00,79.81259224358185
2011-01-27 17:00:00,163.48137058159725
2011-01-27 18:00:00,149.13874029308323
2011-01-27 19:00:00,93.90976552375426
2011-01-27 20:00:00,72.9025671088119
2011-01-27 21:00:00,43.09988370300689
2011-01-27 22:00:00,36.78664669007148
2011-01-27 23:00:00,20.599877111871148
2011-01-28 00:00:00,14.696731775129152
2011-01-28 01:00:00,6.980669623745143
2011-01-28 02:00:00,3.485658613840548
2011-01-28 03:00:00,2.2036285180116946
2011-01-28 05:00:00,6.271237906124785
2011-01-28 06:00:00,27.720185493358798
2011-01-28 07:00:00,79.81735144614153
2011-01-28 08:00:00,167.5340898374614
2011-01-28 09:00:00,56.235365233613976
2011-01-28 10:00:00,26.826272843025755
2011-01-28 11:00:00,33.680669295611686
2011-01-28 12:00:00,39.90972888564024
2011-01-28 13:00:00,40.929296280462225
2011-01-28 14:00:00,42.676991958137855
2011-01-28 15:00:00,63.295666068476656
2011-01-28 16:00:00,88.98390176416098
2011-01-28 17:00:00,158.62286312359475
2011-01-28 18:00:00,140.04427474901925
2011-01-28 19:00:00,91.11322017654332
2011-01-28 20:00:00,67.23327628643
2011-01-28 21:00:00,43.723390698999296
2011-01-28 22:00:00,40.80572209293218
2011-01-28 23:00:00,29.673174333067728
2011-01-29 00:00:00,24.614889364671043
2011-01-29 01:00:00,19.26168192479222
2011-01-29 02:00:00,14.824092262505083
2011-01-29 03:00:00,8.258780911697057
2011-01-29 04:00:00,2.47604168919476
2011-01-29 06:00:00,3.9978571322676686
2011-01-29 07:00:00,8.704635734383494
2011-01-29 08:00:00,26.14518141480089
2011-01-29 09:00:00,38.498869967651295
2011-01-29 10:00:00,67.20792636856979
2011-01-29 11:00:00,72.55065597355217
2011-01-29 12:00:00,90.59776335789834
2011-01-29 13:00:00,103.56932606031245
2011-01-29 14:00:00,96.96843373270613
2011-01-29 15:00:00,94.23082750402835
2011-01-29 16:00:00,100.11266295810381
2011-01-29 17:00:00,87.46225984283916
2011-01-29 18:00:00,72.96160950927333
2011-01-29 19:00:00,61.53029527860056
2011-01-29 20:00:00,40.80066070467439
2011-01-29 21:00:00,36.265688668906925
2011-01-29 22:00:00,26.817889895612584
2011-01-29 23:00:00,20.92613506256616
2011-01-30 00:00:00,24.56313907941405
2011-01-30 01:00:00,20.515852292880975
2011-01-30 02:00:00,16.031868563381778
2011-01-30 03:00:00,9.61164683380814
2011-01-30 04:00:00,3.54787810515092
2011-01-30 05:00:00,2.0561497465085754
2011-01-30 07:00:00,6.516467853147231
2011-01-30 08:00:00,17.453913943103192
2011-01-30 09:00:00,29.5419925998453
2011-01-30 10:00:00,69.61337299083857
2011-01-30 11:00:00,81.4041310109743
2011-01-30 12:00:00,119.66686129322065
2011-01-30 13:00:00,117.6599340197327
2011-01-30 14:00:00,110.46200924830337
2011-01-30 15:00:00,115.94987086006357
2011-01-30 16:00:00,110.93578285038845
2011-01-30 17:00:00,90.47387257663797
2011-01-30 18:00:00,73.9722322902384
2011-01-30 19:00:00,60.4089907136996
2011-01-30 20:00:00,40.066566944657644
2011-01-30 21:00:00,30.10186464290654
2011-01-30 22:00:00,19.532333568349284
2011-01-30 23:00:00,14.005826358876025
2011-01-31 00:00:00,8.231482685383831
2011-01-31 01:00:00,3.03327053609194
2011-01-31 02:00:00,2.670331305974618
2011-01-31 03:00:00,2.029817490612637
2011-01-31 04:00:00,1.5239711619851724
2011-01-31 05:00:00,3.608921910596721
2011-01-31 06:00:00,24.909392719760618
2011-01-31 07:00:00,73.17160851920518
2011-01-31 08:00:00,154.18127242371278
2011-01-31 09:00:00,72.80044387145445
2011-01-31 10:00:00,31.689681785863307
2011-01-31 11:00:00,31.3638970911651
2011-01-31 12:00:00,49.05489550974145
2011-01-31 13:00:00,47.58497631644103
2011-01-31 14:00:00,39.85315003679055
2011-01-31 15:00:00,35.75404632551703
2011-01-31 16:00:00,67.13976821726102
2011-01-31 17:00:00,144.6035845558863
2011-01-31 18:00:00,146.66800953266454
2011-01-31 19:00:00,112.7763068543719
2011-01-31 20:00:00,49.2132958612565
2011-01-31 21:00:00,35.34541757478772
2011-01-31 22:00:00,25.688615901308403
2011-01-31 23:00:00,16.263186285055642
2011-02-20 00:00:00,30.810033216243326
2011-02-20 01:00:00,20.233331947242316
2011-02-20 02:00:00,14.269691401678093
2011-02-20 03:00:00,7.182543451197552
2011-02-20 04:00:00,1.6594451008322704
2011-02-20 06:00:00,2.8132590801572244
2011-02-20 07:00:00,7.154592103566709
2011-02-20 08:00:00,23.826970931521775
2011-02-20 09:00:00,40.55257231625386
2011-02-20 10:00:00,96.21319337448452
2011-02-20 11:00:00,114.50229125422636
2011-02-20 12:00:00,150.65914824608066
2011-02-20 13:00:00,169.3048249047127
2011-02-20 14:00:00,157.41880343654393
2011-02-20 15:00:00,153.92226539211825
2011-02-20 16:00:00,146.10122089688636
2011-02-20 17:00:00,133.53289758396323
2011-02-20 18:00:00,100.43579679860302
2011-02-20 19:00:00,84.62787637022416
2011-02-20 20:00:00,57.793682389292535
2011-02-20 21:00:00,46.72775181407179
2011-02-20 22:00:00,37.209442933710974
2011-02-20 23:00:00,27.87523429791261
2011-02-21 00:00:00,25.630173500875145
2011-02-21 01:00:00,15.622532426533294
2011-02-21 02:00:00,11.616653093447745
2011-02-21 03:00:00,3.8996162326041897
2011-02-21 04:00:00,3.146337173688658
2011-02-21 05:00:00,4.2620034546734376
2011-02-21 06:00:00,9.736381664564762
2011-02-21 07:00:00,16.808436530525316
2011-02-21 08:00:00,55.503412804022396
2011-02-21 09:00:00,70.37181514067534
2011-02-21 10:00:00,96.02145424216648
2011-02-21 11:00:00,115.75807449966076
2011-02-21 12:00:00,137.0546474567803
2011-02-21 13:00:00,66.00421700871459
2011-02-21 14:00:00,128.45041817376523
2011-02-21 15:00:00,113.72995018656198
2011-02-21 16:00:00,55.248430623407025
2011-02-21 17:00:00,108.53161611636767
2011-02-21 18:00:00,70.20475500416326
2011-02-21 19:00:00,60.489941308521814
2011-02-21 20:00:00,21.56138406342773
2011-02-21 21:00:00,18.893489233999883
2011-02-21 22:00:00,15.417173328368929
2011-02-21 23:00:00,12.140847423442628
2011-02-22 06:00:00,27.025090890409967
2011-02-22 07:00:00,85.26319476678162
2011-02-22 08:00:00,191.5767448624697
2011-02-22 09:00:00,98.29813712821453
2011-02-22 10:00:00,42.07865319851496
2011-02-22 11:00:00,50.48145471274859
2011-02-22 12:00:00,58.7582016528515
2011-02-22 13:00:00,64.22466701373756
2011-02-22 14:00:00,60.31947566003598
2011-02-22 15:00:00,66.32320676455721
2011-02-22 16:00:00,91.21660394062253
2011-02-22 17:00:00,188.25821345159835
2011-02-22 18:00:00,186.54740862621475
2011-02-22 19:00:00,102.2325021736819
2011-02-22 20:00:00,83.79365742438367
2011-02-22 21:00:00,49.20107509179989
2011-02-22 22:00:00,35.17795686289269
2011-02-22 23:00:00,20.363742977981964
2011-02-23 00:00:00,9.210921654692067
2011-02-23 01:00:00,3.8084907123922322
2011-02-23 02:00:00,2.4498207572516173
2011-02-23 03:00:00,1.848111426700216
2011-02-23 05:00:00,5.842178348223383
2011-02-23 06:00:00,33.25584408666619
2011-02-23 07:00:00,101.20984779760786
2011-02-23 08:00:00,209.83524544588954
2011-02-23 09:00:00,116.74852187237434
2011-02-23 10:00:00,52.56374108879254
2011-02-23 11:00:00,58.131549131463885
2011-02-23 12:00:00,73.70498935135504
2011-02-23 13:00:00,73.19157952638824
2011-02-23 14:00:00,72.32008422901222
2011-02-23 15:00:00,78.30177298581923
2011-02-23 16:00:00,116.15135901736434
2011-02-23 17:00:00,224.26435542812203
2011-02-23 18:00:00,220.0524328159839
2011-02-23 19:00:00,134.17403350275166
2011-02-23 20:00:00,96.64407600745992
2011-02-23 21:00:00,63.20609922513712
2011-02-23 22:00:00,49.557543598830115
2011-02-23 23:00:00,27.98936528198942
2011-02-24 00:00:00,11.278885734983255
2011-02-24 01:00:00,4.660973286097949
2011-02-24 02:00:00,2.6668260717636922
2011-02-24 03:00:00,2.2288942807653487
2011-02-24 05:00:00,6.927516264770796
2011-02-24 06:00:00,35.846581165295014
2011-02-24 07:00:00,110.94051823059226
2011-02-24 08:00:00,234.68971034665358
2011-02-24 09:00:00,111.9004985521734
2011-02-24 10:00:00,56.21947906768714
2011-02-24 11:00:00,61.45078743717367
2011-02-24 12:00:00,82.060768429044
2011-02-24 13:00:00,79.93179868505347
2011-02-24 14:00:00,73.63197386831624
2011-02-24 15:00:00,27.009978989203784
2011-02-24 16:00:00,44.511969366030826
2011-02-24 17:00:00,125.34332608047791
2011-02-24 18:00:00,156.62011185243995
2011-02-24 19:00:00,38.29610217085607
2011-02-24 20:00:00,70.70240920377232
2011-02-24 21:00:00,52.47565692503243
2011-02-24 22:00:00,19.450894427307997
2011-02-24 23:00:00,30.12380502671841
2011-02-25 00:00:00,13.689531368920196
2011-02-25 01:00:00,7.560788318381088
2011-02-25 02:00:00,5.034832252177112
2011-02-25 03:00:00,2.4815252483445804
2011-02-25 05:00:00,7.476605635862218
2011-02-25 06:00:00,26.569868719144548
2011-02-25 07:00:00,45.36764286806636
2011-02-25 08:00:00,125.3312125808265
2011-02-25 09:00:00,39.20130328126317
2011-02-25 10:00:00,21.16997670779505
2011-02-25 11:00:00,115.68339711535258
2011-02-25 12:00:00,79.1842629035339
2011-02-25 13:00:00,77.18945108639802
2011-02-25 14:00:00,71.33209819165816
2011-02-25 15:00:00,137.5696913312491
2011-02-25 16:00:00,110.47903347597358
2011-02-25 17:00:00,189.67857949003573
2011-02-25 18:00:00,185.79291609063822
2011-02-25 19:00:00,106.33800737712419
2011-02-25 20:00:00,68.65226482277211
2011-02-25 21:00:00,54.81332177975368
2011-02-25 22:00:00,49.053108213103854
2011-02-25 23:00:00,34.73522404918965
2011-02-26 00:00:00,33.30355187064869
2011-02-26 01:00:00,20.95028431854643
2011-02-26 02:00:00,13.63763400457922
2011-02-26 03:00:00,9.319687241004221
2011-02-26 04:00:00,2.9875424089779052
2011-02-26 05:00:00,2.073647940078504
2011-02-26 06:00:00,4.885449113301098
2011-02-26 07:00:00,12.350977075248112
2011-02-26 08:00:00,37.86196229482218
2011-02-26 09:00:00,54.036736585807134
2011-02-26 10:00:00,100.03181801722029
2011-02-26 11:00:00,121.27230778501718
2011-02-26 12:00:00,150.38186100156972
2011-02-26 13:00:00,159.0204299528969
2011-02-26 14:00:00,142.20049252480084
2011-02-26 15:00:00,144.69490145942922
2011-02-26 16:00:00,135.8012832035953
2011-02-26 17:00:00,133.9247927964372
2011-02-26 18:00:00,106.74827173078063
2011-02-26 19:00:00,83.62475517500926
2011-02-26 20:00:00,62.84085680019505
2011-02-26 21:00:00,50.46705467057349
2011-02-26 22:00:00,46.438025287928866
2011-02-26 23:00:00,36.241497583615285
2011-02-27 00:00:00,29.185419275086677
2011-02-27 01:00:00,27.886871349910788
2011-02-27 02:00:00,20.39036370659313
2011-02-27 03:00:00,12.468699708642463
2011-02-27 04:00:00,3.6110426636742856
2011-02-27 06:00:00,3.734426074079064
2011-02-27 07:00:00,9.950029019641235
2011-02-27 08:00:00,30.205296287816115
2011-02-27 09:00:00,48.81603163645322
2011-02-27 10:00:00,100.52544452196068
2011-02-27 11:00:00,138.4965304530143
2011-02-27 12:00:00,172.3406671021259
2011-02-27 13:00:00,182.19142697142902
2011-02-27 14:00:00,182.94884518501314
2011-02-27 15:00:00,207.9420104321839
2011-02-27 16:00:00,204.0558384093601
2011-02-27 17:00:00,151.03239597392565
2011-02-27 18:00:00,125.28126492279966
2011-02-27 19:00:00,105.84103622236667
2011-02-27 20:00:00,63.061125288738026
2011-02-27 21:00:00,54.450726689069526
2011-02-27 22:00:00,44.05267035745132
2011-02-27 23:00:00,30.465130226740882
2011-02-28 00:00:00,12.062265874485586
2011-02-28 01:00:00,3.7554044520289493
2011-02-28 03:00:00,2.1487229311901634
2011-02-28 05:00:00,7.008544390614838
2011-02-28 06:00:00,38.17525128951074
2011-02-28 07:00:00,118.64317281142004
2011-02-28 08:00:00,177.85551450770552
2011-02-28 09:00:00,126.29045578438985
2011-02-28 10:00:00,80.78093846038684
2011-02-28 11:00:00,85.52680556930355
2011-02-28 12:00:00,123.86122494342513
2011-02-28 13:00:00,29.158966278820145
2011-02-28 14:00:00,18.36996772515331
2011-02-28 15:00:00,19.565341006780706
2011-02-28 16:00:00,42.99531135024462
2011-02-28 17:00:00,67.4124273185416
2011-02-28 18:00:00,109.16382346700075
2011-02-28 19:00:00,35.99631067887937
2011-02-28 20:00:00,34.28669921462413
2011-02-28 21:00:00,53.8462441011881
2011-02-28 22:00:00,18.223888492109353
2011-02-28 23:00:00,23.479086129726127
2011-03-20 00:00:00,39.55499224524367
2011-03-20 01:00:00,30.132296215038412
2011-03-20 02:00:00,20.248116355455295
2011-03-20 03:00:00,10.550468778174352
2011-03-20 04:00:00,2.11353148415275
2011-03-20 05:00:00,1.8171436256929334
2011-03-20 06:00:00,3.6145052233881776
2011-03-20 07:00:00,10.21577577717493
2011-03-20 08:00:00,33.49312432132153
2011-03-20 09:00:00,59.40061776526723
2011-03-20 10:00:00,117.26660467319
2011-03-20 11:00:00,150.1533294299293
2011-03-20 12:00:00,187.00236060549912
2011-03-20 13:00:00,193.3041656747846
2011-03-20 14:00:00,184.76120326425558
2011-03-20 15:00:00,183.65720628814336
2011-03-20 16:00:00,175.41195604027982
2011-03-20 17:00:00,161.77686327998387
2011-03-20 18:00:00,132.1910412984905
2011-03-20 19:00:00,94.34555263616987
2011-03-20 20:00:00,67.47073635077166
2011-03-20 21:00:00,49.980175161174515
2011-03-20 22:00:00,39.58283334262534
2011-03-20 23:00:00,18.945421707553024
2011-03-21 00:00:00,12.203022344762818
2011-03-21 01:00:00,5.783586891288016
2011-03-21 02:00:00,4.280323499148171
2011-03-21 03:00:00,2.5556674253909737
2011-03-21 05:00:00,9.57039061703788
2011-03-21 06:00:00,31.891442021973837
2011-03-21 07:00:00,47.671163349894684
2011-03-21 08:00:00,206.2822100230965
2011-03-21 09:00:00,115.51297508304582
2011-03-21 10:00:00,69.29504052702026
2011-03-21 11:00:00,76.28080763217415
2011-03-21 12:00:00,96.92739958886365
2011-03-21 13:00:00,124.9336468204315
2011-03-21 14:00:00,111.2353413456984
2011-03-21 15:00:00,139.33367366696876
2011-03-21 16:00:00,175.20936690313772
2011-03-21 17:00:00,333.6569586736189
2011-03-21 18:00:00,326.2698080692076
2011-03-21 19:00:00,248.78186807824721
2011-03-21 20:00:00,171.7085650057947
2011-03-21 21:00:00,79.98913878202033
2011-03-21 22:00:00,76.40575940032804
2011-03-21 23:00:00,44.711666276081104
2011-03-22 00:00:00,21.63122290998789
2011-03-22 01:00:00,6.930918431796856
2011-03-22 02:00:00,7.22139422928618
2011-03-22 03:00:00,3.5744989936571696
2011-03-22 04:00:00,3.7206219107628296
2011-03-22 05:00:00,11.882128542727488
2011-03-22 06:00:00,52.80812824253659
2011-03-22 07:00:00,163.66328372418212
2011-03-22 08:00:00,263.12463132318925
2011-03-22 09:00:00,130.82301907806246
2011-03-22 10:00:00,77.92517894076082
2011-03-22 11:00:00,86.83108915899102
2011-03-22 12:00:00,118.00271803869012
2011-03-22 13:00:00,132.92167486155364
2011-03-22 14:00:00,113.3984247172729
2011-03-22 15:00:00,131.8056091303138
2011-03-22 16:00:00,171.0489436578918
2011-03-22 17:00:00,333.3954335549601
2011-03-22 18:00:00,322.4965870404251
2011-03-22 19:00:00,190.06425154170248
2011-03-22 20:00:00,133.93830115832952
2011-03-22 21:00:00,93.34448864139725
2011-03-22 22:00:00,73.72821523550327
2011-03-22 23:00:00,38.03528871359598
2011-03-23 00:00:00,13.716509390693245
2011-03-23 01:00:00,6.984465924682738
2011-03-23 02:00:00,4.488450256769997
2011-03-23 03:00:00,2.636194552926273
2011-03-23 05:00:00,8.391768980241125
2011-03-23 06:00:00,46.022111843214844
2011-03-23 07:00:00,105.16568821177839
2011-03-23 08:00:00,258.16473370830676
2011-03-23 09:00:00,125.83692788599619
2011-03-23 10:00:00,59.50024561678727
2011-03-23 11:00:00,62.934899959746176
2011-03-23 12:00:00,59.406590942442584
2011-03-23 13:00:00,43.42596472885132
2011-03-23 14:00:00,70.56406413074957
2011-03-23 15:00:00,82.9974505871948
2011-03-23 16:00:00,134.16917571723687
2011-03-23 17:00:00,270.30695556235537
2011-03-23 18:00:00,158.55020627332888
2011-03-23 19:00:00,86.31250911272522
2011-03-23 20:00:00,27.528450973616195
2011-03-23 21:00:00,23.460136775615855
2011-03-23 22:00:00,48.938510842374164
2011-03-23 23:00:00,24.641935384340364
2011-03-24 00:00:00,14.313381865716075
2011-03-24 01:00:00,5.059836560882216
2011-03-24 02:00:00,4.013333615660155
2011-03-24 03:00:00,2.6120143629520163
2011-03-24 04:00:00,2.5342486834430593
2011-03-24 05:00:00,9.771495768597752
2011-03-24 06:00:00,44.09970291033881
2011-03-24 07:00:00,49.12428575453043
2011-03-24 08:00:00,100.43852350609305
2011-03-24 09:00:00,100.61903755588715
2011-03-24 10:00:00,39.75931311142723
2011-03-24 11:00:00,59.231731296153754
2011-03-24 12:00:00,72.35708927090357
2011-03-24 13:00:00,80.0684139373172
2011-03-24 14:00:00,75.6581278473513
2011-03-24 15:00:00,75.5233866747133
2011-03-24 16:00:00,112.15917857570301
2011-03-24 17:00:00,242.28789561790524
2011-03-24 18:00:00,229.3013339323936
2011-03-24 19:00:00,149.52109159471053
2011-03-24 20:00:00,108.67056866009614
2011-03-24 21:00:00,72.18705436924984
2011-03-24 22:00:00,61.68236226228559
2011-03-24 23:00:00,31.85649027054732
2011-03-25 00:00:00,22.082426723950434
2011-03-25 01:00:00,9.788848495815301
2011-03-25 02:00:00,4.1424517056117125
2011-03-25 03:00:00,2.6904770418112554
2011-03-25 04:00:00,2.226040843416995
2011-03-25 05:00:00,9.631602498178815
2011-03-25 06:00:00,37.16558360987098
2011-03-25 07:00:00,121.33177536228902
2011-03-25 08:00:00,261.77233168723376
2011-03-25 09:00:00,142.88001645471633
2011-03-25 10:00:00,71.38903761637509
2011-03-25 11:00:00,81.66069258687786
2011-03-25 12:00:00,113.35826422009148
2011-03-25 13:00:00,113.62768397430501
2011-03-25 14:00:00,107.72965769704909
2011-03-25 15:00:00,109.13375803444556
2011-03-25 16:00:00,141.40573713208275
2011-03-25 17:00:00,239.9464879297434
2011-03-25 18:00:00,226.24748305496317
2011-03-25 19:00:00,128.33271597516088
2011-03-25 20:00:00,91.82706964937412
2011-03-25 21:00:00,70.67811816137674
2011-03-25 22:00:00,58.009979766150714
2011-03-25 23:00:00,43.11830516270203
2011-03-26 00:00:00,35.72763212894246
2011-03-26 01:00:00,23.933023747113044
2011-03-26 02:00:00,20.884563994503946
2011-03-26 03:00:00,10.402437623727284
2011-03-26 04:00:00,3.098650952120212
2011-03-26 05:00:00,2.6731956387844424
2011-03-26 06:00:00,8.781456927068653
2011-03-26 07:00:00,17.970327168945815
2011-03-26 08:00:00,48.4574846742075
2011-03-26 09:00:00,74.97248697137726
2011-03-26 10:00:00,119.25593293861593
2011-03-26 11:00:00,143.0800150239375
2011-03-26 12:00:00,178.6358850009886
2011-03-26 13:00:00,191.04106214285721
2011-03-26 14:00:00,181.22106941817424
2011-03-26 15:00:00,183.9738059189012
2011-03-26 16:00:00,170.2049506292145
2011-03-26 17:00:00,146.50764222502147
2011-03-26 18:00:00,123.3168334151839
2011-03-26 19:00:00,95.40477846095756
2011-03-26 20:00:00,69.02440118842179
2011-03-26 21:00:00,56.617057601275775
2011-03-26 22:00:00,53.73082666742202
2011-03-26 23:00:00,35.540431443629515
2011-03-27 00:00:00,37.540110740579294
2011-03-27 01:00:00,25.86592588200216
2011-03-27 02:00:00,17.888635969116315
2011-03-27 03:00:00,10.092300481906342
2011-03-27 04:00:00,3.9567231531051377
2011-03-27 06:00:00,7.708915863699823
2011-03-27 07:00:00,14.702744177048654
2011-03-27 08:00:00,32.640626743098125
2011-03-27 09:00:00,64.23158159003512
2011-03-27 10:00:00,105.11560418007187
2011-03-27 11:00:00,133.50096694424585
2011-03-27 12:00:00,168.0682049002584
2011-03-27 13:00:00,187.47898771625862
2011-03-27 14:00:00,183.9407544154745
2011-03-27 15:00:00,174.81402397349592
2011-03-27 16:00:00,169.6309011732234
2011-03-27 17:00:00,145.1961611687497
2011-03-27 18:00:00,116.1578411811372
2011-03-27 19:00:00,93.36978299554804
2011-03-27 20:00:00,64.72361342907527
2011-03-27 21:00:00,48.8170574231619
2011-03-27 22:00:00,43.77145762311966
2011-03-27 23:00:00,30.326543866160147
2011-03-28 00:00:00,12.616409074417522
2011-03-28 01:00:00,5.037227911115095
2011-03-28 02:00:00,3.3927982484583454
2011-03-28 03:00:00,2.276258006110774
2011-03-28 05:00:00,8.31224348061038
2011-03-28 06:00:00,41.9467389377071
2011-03-28 07:00:00,131.0973491520315
2011-03-28 08:00:00,259.49792865852044
2011-03-28 09:00:00,128.03856467685415
2011-03-28 10:00:00,62.14541372164281
2011-03-28 11:00:00,62.429842784059204
2011-03-28 12:00:00,75.90674066358925
2011-03-28 13:00:00,78.43467929380071
2011-03-28 14:00:00,79.97327924481239
2011-03-28 15:00:00,82.2491502040769
2011-03-28 16:00:00,118.92581268886931
2011-03-28 17:00:00,250.08123225249525
2011-03-28 18:00:00,240.7407982642061
2011-03-28 19:00:00,156.11895278158698
2011-03-28 20:00:00,117.18293523953392
2011-03-28 21:00:00,81.73172435587095
2011-03-28 22:00:00,56.905246652087584
2011-03-28 23:00:00,26.733079666650834
2011-03-29 00:00:00,12.295523900564005
2011-03-29 01:00:00,4.126562387890495
2011-03-29 02:00:00,3.641900688136042
2011-03-29 03:00:00,1.9997399054503815
2011-03-29 04:00:00,2.2333340668133608
2011-03-29 05:00:00,7.898925093699087
2011-03-29 06:00:00,46.54771287028749
2011-03-29 07:00:00,138.66979804469787
2011-03-29 08:00:00,266.88281104084996
2011-03-29 09:00:00,135.83324609629807
2011-03-29 10:00:00,65.5297822769337
2011-03-29 11:00:00,68.4204619622327
2011-03-29 12:00:00,93.28839734165909
2011-03-29 13:00:00,86.38093071262749
2011-03-29 14:00:00,87.12437578727403
2011-03-29 15:00:00,94.23831834369426
2011-03-29 16:00:00,137.68970612040292
2011-03-29 17:00:00,279.0249132840155
2011-03-29 18:00:00,261.2748150527371
2011-03-29 19:00:00,164.08382453299376
2011-03-29 20:00:00,128.7822405325989
2011-03-29 21:00:00,85.76101976359399
2011-03-29 22:00:00,70.50815224780763
2011-03-29 23:00:00,34.133680079221925
2011-03-30 00:00:00,15.47543387468415
2011-03-30 01:00:00,6.840728070028876
2011-03-30 02:00:00,4.250501695533176
2011-03-30 03:00:00,3.072870240738341
2011-03-30 04:00:00,3.0857693572398435
2011-03-30 05:00:00,11.24230111289879
2011-03-30 06:00:00,49.96147669731845
2011-03-30 07:00:00,155.01319527254066
2011-03-30 08:00:00,281.3366434210296
2011-03-30 09:00:00,134.77779118601046
2011-03-30 10:00:00,68.73330252515716
2011-03-30 11:00:00,71.91808033273938
2011-03-30 12:00:00,89.90914818956986
2011-03-30 13:00:00,90.23808281661483
2011-03-30 14:00:00,83.12908596749759
2011-03-30 15:00:00,31.292724086245755
2011-03-30 16:00:00,42.20678118744868
2011-03-30 17:00:00,132.26174485440444
2011-03-30 18:00:00,163.66687883382417
2011-03-30 19:00:00,107.10634560166271
2011-03-30 20:00:00,33.706231115989176
2011-03-30 21:00:00,49.92197292238044
2011-03-30 22:00:00,27.913776213263077
2011-03-30 23:00:00,16.801463475313778
2011-03-31 00:00:00,11.274613583841244
2011-03-31 01:00:00,4.941694054976807
2011-03-31 02:00:00,3.7230349322121734
2011-03-31 03:00:00,2.3866160011786692
2011-03-31 04:00:00,2.291498787837101
2011-03-31 05:00:00,8.041975503900005
2011-03-31 06:00:00,22.943139024184344
2011-03-31 07:00:00,52.61651464467237
2011-03-31 08:00:00,186.6805491948625
2011-03-31 09:00:00,44.583156443217256
2011-03-31 10:00:00,27.51658511806015
2011-03-31 11:00:00,30.468934314502356
2011-03-31 12:00:00,37.42623407632479
2011-03-31 13:00:00,37.19240906822924
2011-03-31 14:00:00,34.00024702086539
2011-03-31 15:00:00,27.76363534656986
2011-03-31 16:00:00,87.84903602102594
2011-03-31 17:00:00,186.88070451478163
2011-03-31 18:00:00,209.2341600471099
2011-03-31 19:00:00,142.5895937305483
2011-03-31 20:00:00,36.14692110183025
2011-03-31 21:00:00,61.523146710834965
2011-03-31 22:00:00,25.676341109183788
2011-03-31 23:00:00,23.01369756729171
2011-04-20 00:00:00,22.84217944619516
2011-04-20 01:00:00,7.3944522628740135
2011-04-20 02:00:00,7.4857422060119365
2011-04-20 03:00:00,3.945317237403729
2011-04-20 04:00:00,3.683862277471957
2011-04-20 05:00:00,12.900531659549355
2011-04-20 06:00:00,58.363642757006446
2011-04-20 07:00:00,131.53082100527482
2011-04-20 08:00:00,363.4330358341312
2011-04-20 09:00:00,185.73610064988821
2011-04-20 10:00:00,106.7170337819208
2011-04-20 11:00:00,119.8623021822383
2011-04-20 12:00:00,159.37566377299956
2011-04-20 13:00:00,156.9683652651358
2011-04-20 14:00:00,134.7873933784656
2011-04-20 15:00:00,152.23632594822297
2011-04-20 16:00:00,203.64027593794924
2011-04-20 17:00:00,407.8595486412381
2011-04-20 18:00:00,412.3532004727772
2011-04-20 19:00:00,305.10814132336156
2011-04-20 20:00:00,205.06290096294455
2011-04-20 21:00:00,163.3245096804902
2011-04-20 22:00:00,119.93804996948761
2011-04-20 23:00:00,70.18932360588484
2011-04-21 00:00:00,26.35598456338788
2011-04-21 01:00:00,12.15984940363948
2011-04-21 02:00:00,8.246800825686973
2011-04-21 03:00:00,3.569059495403252
2011-04-21 04:00:00,4.233556953170216
2011-04-21 05:00:00,12.535542590208898
2011-04-21 06:00:00,48.68866985943472
2011-04-21 07:00:00,170.85529195815917
2011-04-21 08:00:00,277.8956268498915
2011-04-21 09:00:00,158.32097501800462
2011-04-21 10:00:00,85.99898255966426
2011-04-21 11:00:00,95.21886502728306
2011-04-21 12:00:00,128.57474497016005
2011-04-21 13:00:00,131.80386212040685
2011-04-21 14:00:00,122.79674982397209
2011-04-21 15:00:00,139.93860022896806
2011-04-21 16:00:00,191.2433330406076
2011-04-21 17:00:00,371.20639940856915
2011-04-21 18:00:00,351.16972675067495
2011-04-21 19:00:00,243.59519717931235
2011-04-21 20:00:00,168.02397835836817
2011-04-21 21:00:00,112.28090425182789
2011-04-21 22:00:00,91.89483738423473
2011-04-21 23:00:00,47.35962976531526
2011-04-22 00:00:00,30.12097360726301
2011-04-22 01:00:00,12.159104535357187
2011-04-22 02:00:00,7.043444113208896
2011-04-22 03:00:00,3.921042576717874
2011-04-22 04:00:00,3.0933851835244477
2011-04-22 05:00:00,12.49822985700823
2011-04-22 06:00:00,44.37030418841252
2011-04-22 07:00:00,140.88194988708986
2011-04-22 08:00:00,299.43132207565264
2011-04-22 09:00:00,71.79410430054932
2011-04-22 10:00:00,88.60662946413454
2011-04-22 11:00:00,60.61270726399765
2011-04-22 12:00:00,64.68350723378975
2011-04-22 13:00:00,51.53532080359418
2011-04-22 14:00:00,28.983840204073996
2011-04-22 15:00:00,49.48534312373833
2011-04-22 16:00:00,89.07118508720777
2011-04-22 17:00:00,127.34329392887126
2011-04-22 18:00:00,124.64357246744503
2011-04-22 19:00:00,48.48903900631421
2011-04-22 20:00:00,33.82166307460214
2011-04-22 21:00:00,36.96873212387943
2011-04-22 22:00:00,32.075872233401256
2011-04-22 23:00:00,32.223531453002494
2011-04-23 00:00:00,35.41717791919473
2011-04-23 01:00:00,27.012852925697032
2011-04-23 02:00:00,18.187328723593236
2011-04-23 03:00:00,11.039215161183067
2011-04-23 04:00:00,5.346412582174065
2011-04-23 05:00:00,4.937437735078032
2011-04-23 06:00:00,11.146936943546542
2011-04-23 07:00:00,17.839359034666195
2011-04-23 08:00:00,46.7174193264778
2011-04-23 09:00:00,67.13156368753482
2011-04-23 10:00:00,131.5130272047407
2011-04-23 11:00:00,150.64996992407328
2011-04-23 12:00:00,197.8325482652993
2011-04-23 13:00:00,212.25681319299275
2011-04-23 14:00:00,277.62516445048567
2011-04-23 15:00:00,296.9186678607455
2011-04-23 16:00:00,289.9452684289771
2011-04-23 17:00:00,295.2203491780933
2011-04-23 18:00:00,229.86392297656047
2011-04-23 19:00:00,168.41492268956483
2011-04-23 20:00:00,99.15389265864765
2011-04-23 21:00:00,97.58589782161444
2011-04-23 22:00:00,97.386052467857
2011-04-23 23:00:00,69.96055719689313
2011-04-24 00:00:00,63.33727780990571
2011-04-24 01:00:00,49.35434298796945
2011-04-24 02:00:00,37.05380500843584
2011-04-24 03:00:00,18.238939197486708
2011-04-24 04:00:00,8.13827855945717
2011-04-24 05:00:00,8.04358849586767
2011-04-24 06:00:00,10.354639581399422
2011-04-24 07:00:00,23.533808975370263
2011-04-24 08:00:00,64.47075130101155
2011-04-24 09:00:00,100.64982433429091
2011-04-24 10:00:00,209.06790467472422
2011-04-24 11:00:00,299.1981766508124
2011-04-24 12:00:00,338.10846613537024
2011-04-24 13:00:00,347.87758191564393
2011-04-24 14:00:00,332.4408148874904
2011-04-24 15:00:00,324.55805068974297
2011-04-24 16:00:00,320.90944780402475
2011-04-24 17:00:00,322.4594564771161
2011-04-24 18:00:00,252.52219236024692
2011-04-24 19:00:00,96.81403398967858
2011-04-24 20:00:00,86.05269498222151
2011-04-24 21:00:00,62.19829458999477
2011-04-24 22:00:00,42.328287771893564
2011-04-24 23:00:00,35.888228873490434
2011-04-25 00:00:00,12.68153407519674
2011-04-25 01:00:00,8.129562351612588
2011-04-25 02:00:00,7.43156742748219
2011-04-25 03:00:00,3.8409531322297976
2011-04-25 04:00:00,4.260952853671492
2011-04-25 05:00:00,10.71089813061446
2011-04-25 06:00:00,54.77022996733891
2011-04-25 07:00:00,123.04699100662796
2011-04-25 08:00:00,309.9974611236952
2011-04-25 09:00:00,178.7779467954762
2011-04-25 10:00:00,102.42394525056231
2011-04-25 11:00:00,114.1018526899552
2011-04-25 12:00:00,153.91582368995435
2011-04-25 13:00:00,154.16013190234332
2011-04-25 14:00:00,130.41882894575724
2011-04-25 15:00:00,155.6447505164398
2011-04-25 16:00:00,204.72253800492288
2011-04-25 17:00:00,411.12084775455327
2011-04-25 18:00:00,408.1217544102801
2011-04-25 19:00:00,295.9452013927638
2011-04-25 20:00:00,190.40698900415416
2011-04-25 21:00:00,150.2308312984994
2011-04-25 22:00:00,101.2567825514919
2011-04-25 23:00:00,52.62052986879324
2011-04-26 00:00:00,23.7875637251828
2011-04-26 01:00:00,11.067465820781313
2011-04-26 02:00:00,6.408753368601378
2011-04-26 03:00:00,3.1047142472761653
2011-04-26 04:00:00,3.9610079602554884
2011-04-26 05:00:00,13.45952586631675
2011-04-26 06:00:00,72.88555140350023
2011-04-26 07:00:00,199.32649575397662
2011-04-26 08:00:00,331.3060383293895
2011-04-26 09:00:00,184.6743773094776
2011-04-26 10:00:00,105.8169262673244
2011-04-26 11:00:00,117.3694859692572
2011-04-26 12:00:00,152.79756043369514
2011-04-26 13:00:00,151.5310025943295
2011-04-26 14:00:00,131.89314868369803
2011-04-26 15:00:00,150.71490024037257
2011-04-26 16:00:00,206.08475567023845
2011-04-26 17:00:00,394.4503577965356
2011-04-26 18:00:00,390.6067118163105
2011-04-26 19:00:00,282.7765091624815
2011-04-26 20:00:00,190.5718806581936
2011-04-26 21:00:00,141.19061901052723
2011-04-26 22:00:00,88.44924425524974
2011-04-26 23:00:00,50.49447824605693
2011-04-27 00:00:00,23.583404549245675
2011-04-27 01:00:00,10.403516513530548
2011-04-27 02:00:00,6.824184344563527
2011-04-27 03:00:00,2.726885870413091
2011-04-27 04:00:00,4.375043762722962
2011-04-27 05:00:00,11.046717873226038
2011-04-27 06:00:00,66.34419487793812
2011-04-27 07:00:00,164.64563936495392
2011-04-27 08:00:00,260.5009350216375
2011-04-27 09:00:00,137.33992352297085
2011-04-27 10:00:00,85.28243804553185
2011-04-27 11:00:00,102.77709897325886
2011-04-27 12:00:00,139.21035557720796
2011-04-27 13:00:00,135.02501819600027
2011-04-27 14:00:00,130.52031457337222
2011-04-27 15:00:00,146.8565192961592
2011-04-27 16:00:00,202.71542956349217
2011-04-27 17:00:00,195.54340547070655
2011-04-27 18:00:00,191.3669087119465
2011-04-27 19:00:00,267.824407466956
2011-04-27 20:00:00,151.3634470806676
2011-04-27 21:00:00,102.748620415539
2011-04-27 22:00:00,81.01876701075531
2011-04-27 23:00:00,51.94486071073927
2011-04-28 00:00:00,27.676461567397997
2011-04-28 01:00:00,9.799540540478135
2011-04-28 02:00:00,6.4174819423412295
2011-04-28 03:00:00,3.7496966990322615
2011-04-28 04:00:00,3.842617757681433
2011-04-28 05:00:00,13.69476225512194
2011-04-28 06:00:00,70.77029622609105
2011-04-28 07:00:00,197.34293907782592
2011-04-28 08:00:00,354.09515805186015
2011-04-28 09:00:00,91.09292200459952
2011-04-28 10:00:00,83.03252984377201
2011-04-28 11:00:00,87.65395934892196
2011-04-28 12:00:00,139.44354328737776
2011-04-28 13:00:00,101.63045806212321
2011-04-28 14:00:00,97.21693544278038
2011-04-28 15:00:00,149.1402062484843
2011-04-28 16:00:00,195.06315698956473
2011-04-28 17:00:00,407.04786599077727
2011-04-28 18:00:00,403.45476876927415
2011-04-28 19:00:00,297.7265353029902
2011-04-28 20:00:00,194.64763159279644
2011-04-28 21:00:00,155.29545901434355
2011-04-28 22:00:00,111.10839070588045
2011-04-28 23:00:00,65.15388427838144
2011-04-29 00:00:00,39.79645402036383
2011-04-29 01:00:00,17.34843585348826
2011-04-29 02:00:00,11.250444211964899
2011-04-29 03:00:00,6.625822241936689
2011-04-29 04:00:00,4.7511790729754955
2011-04-29 05:00:00,15.834529033480415
2011-04-29 06:00:00,65.80012729595079
2011-04-29 07:00:00,191.07671615475
2011-04-29 08:00:00,363.29863887947215
2011-04-29 09:00:00,204.14545024445684
2011-04-29 10:00:00,125.55796846854959
2011-04-29 11:00:00,166.41322005032856
2011-04-29 12:00:00,194.58393737240402
2011-04-29 13:00:00,194.73275996956616
2011-04-29 14:00:00,187.61406134710677
2011-04-29 15:00:00,187.90820311604605
2011-04-29 16:00:00,263.12095560379373
2011-04-29 17:00:00,361.20804960358157
2011-04-29 18:00:00,351.6664658624119
2011-04-29 19:00:00,205.82541594377867
2011-04-29 20:00:00,148.6153650890169
2011-04-29 21:00:00,115.2443743341135
2011-04-29 22:00:00,96.18622387213756
2011-04-29 23:00:00,64.4068202044012
2011-04-30 00:00:00,44.08797989552898
2011-04-30 01:00:00,34.74075946582483
2011-04-30 02:00:00,31.11681017165448
2011-04-30 03:00:00,16.861223372168418
2011-04-30 04:00:00,5.878249887297858
2011-04-30 05:00:00,5.663606360724705
2011-04-30 06:00:00,13.847786211575439
2011-04-30 07:00:00,34.8698217643113
2011-04-30 08:00:00,66.60967140842496
2011-04-30 09:00:00,111.98367904323831
2011-04-30 10:00:00,190.99209351261914
2011-04-30 11:00:00,249.6686411042111
2011-04-30 12:00:00,317.65268203458237
2011-04-30 13:00:00,331.64794046965045
2011-04-30 14:00:00,315.81629656762146
2011-04-30 15:00:00,323.6631938721782
2011-04-30 16:00:00,317.953762661277
2011-04-30 17:00:00,314.5412678225899
2011-04-30 18:00:00,246.23934648113783
2011-04-30 19:00:00,207.46012097710192
2011-04-30 20:00:00,111.52808999966454
2011-04-30 21:00:00,97.3182401687697
2011-04-30 22:00:00,82.70008262052504
2011-04-30 23:00:00,58.379069609210916
2011-05-20 00:00:00,43.233483154702604
2011-05-20 01:00:00,16.61939384619397
2011-05-20 02:00:00,9.834995033249044
2011-05-20 03:00:00,6.309618993228492
2011-05-20 04:00:00,5.744443096984471
2011-05-20 05:00:00,19.654110708435542
2011-05-20 06:00:00,93.83583667584719
2011-05-20 07:00:00,242.39793489268897
2011-05-20 08:00:00,443.57665791802015
2011-05-20 09:00:00,254.72819288726706
2011-05-20 10:00:00,159.50235811837342
2011-05-20 11:00:00,184.82194326434032
2011-05-20 12:00:00,243.99057192828957
2011-05-20 13:00:00,224.96862961737597
2011-05-20 14:00:00,226.5276408250226
2011-05-20 15:00:00,245.61793502320154
2011-05-20 16:00:00,370.3378036621524
2011-05-20 17:00:00,507.2388337371555
2011-05-20 18:00:00,486.1955909516228
2011-05-20 19:00:00,329.1015375475033
2011-05-20 20:00:00,223.52518772715825
2011-05-20 21:00:00,185.75306138326084
2011-05-20 22:00:00,153.21391842216823
2011-05-20 23:00:00,126.50099211078897
2011-05-21 00:00:00,100.69639965218545
2011-05-21 01:00:00,70.74745168655659
2011-05-21 02:00:00,61.44524869620952
2011-05-21 03:00:00,25.02313464134992
2011-05-21 04:00:00,7.675621722893201
2011-05-21 05:00:00,8.508343877811425
2011-05-21 06:00:00,22.85638388531782
2011-05-21 07:00:00,58.79938145083811
2011-05-21 08:00:00,123.97528022138685
2011-05-21 09:00:00,205.7523333407549
2011-05-21 10:00:00,288.15090876563977
2011-05-21 11:00:00,371.0022263229301
2011-05-21 12:00:00,414.9384161106757
2011-05-21 13:00:00,417.018068361313
2011-05-21 14:00:00,407.4370056681743
2011-05-21 15:00:00,410.7553152483745
2011-05-21 16:00:00,408.46595462656035
2011-05-21 17:00:00,411.14363345189776
2011-05-21 18:00:00,344.19138412704456
2011-05-21 19:00:00,314.85220514472644
2011-05-21 20:00:00,219.0512228737443
2011-05-21 21:00:00,184.98939707212892
2011-05-21 22:00:00,151.7798331217322
2011-05-21 23:00:00,105.63733649120837
2011-05-22 00:00:00,94.79905380158074
2011-05-22 01:00:00,63.597686104679035
2011-05-22 02:00:00,57.00588560171842
2011-05-22 03:00:00,26.14475075242579
2011-05-22 04:00:00,10.01173467688204
2011-05-22 05:00:00,9.762491235659684
2011-05-22 06:00:00,12.386930871952814
2011-05-22 07:00:00,43.18957030079121
2011-05-22 08:00:00,99.54748105515401
2011-05-22 09:00:00,192.17838955186517
2011-05-22 10:00:00,285.4009956874704
2011-05-22 11:00:00,370.03402227617784
2011-05-22 12:00:00,402.4336266673671
2011-05-22 13:00:00,406.8461080436973
2011-05-22 14:00:00,314.441493780947
2011-05-22 15:00:00,386.74522129091326
2011-05-22 16:00:00,404.8193840915857
2011-05-22 17:00:00,399.9051362145773
2011-05-22 18:00:00,333.5951153765286
2011-05-22 19:00:00,300.42714916306255
2011-05-22 20:00:00,216.09813222873686
2011-05-22 21:00:00,160.98324994989312
2011-05-22 22:00:00,119.91839400965469
2011-05-22 23:00:00,73.69615496342985
2011-05-23 00:00:00,26.567887700064293
2011-05-23 01:00:00,11.883150530365956
2011-05-23 02:00:00,6.512543220685237
2011-05-23 03:00:00,3.7884255022150093
2011-05-23 04:00:00,4.775160331895307
2011-05-23 05:00:00,17.105323428650692
2011-05-23 06:00:00,71.51522941043085
2011-05-23 07:00:00,221.57094220201478
2011-05-23 08:00:00,386.5463296207087
2011-05-23 09:00:00,198.53609074461727
2011-05-23 10:00:00,128.0937612676447
2011-05-23 11:00:00,148.22263970186984
2011-05-23 12:00:00,187.8788288610513
2011-05-23 13:00:00,179.7977019483623
2011-05-23 14:00:00,152.73980730258532
2011-05-23 15:00:00,176.13716881866486
2011-05-23 16:00:00,280.7133615247571
2011-05-23 17:00:00,410.7279199710365
2011-05-23 18:00:00,500.2331642800914
2011-05-23 19:00:00,372.4339776926337
2011-05-23 20:00:00,218.33820374751377
2011-05-23 21:00:00,119.81185251128153
2011-05-23 22:00:00,90.79099167083325
2011-05-23 23:00:00,60.2812863012131
2011-05-24 00:00:00,20.631281706231402
2011-05-24 01:00:00,8.872305840536841
2011-05-24 02:00:00,6.6186321190011785
2011-05-24 03:00:00,3.9661663513819145
2011-05-24 04:00:00,5.441870731776828
2011-05-24 05:00:00,16.93782141415594
2011-05-24 06:00:00,86.05516709420706
2011-05-24 07:00:00,216.21220521195858
2011-05-24 08:00:00,340.7334448040809
2011-05-24 09:00:00,225.8583804068639
2011-05-24 10:00:00,132.34667143191535
2011-05-24 11:00:00,150.3330948731686
2011-05-24 12:00:00,187.31027995195598
2011-05-24 13:00:00,182.13280697160184
2011-05-24 14:00:00,161.9644211784517
2011-05-24 15:00:00,162.0894013276391
2011-05-24 16:00:00,295.001143618159
2011-05-24 17:00:00,513.4844676690982
2011-05-24 18:00:00,522.6592350939897
2011-05-24 19:00:00,377.44566753119534
2011-05-24 20:00:00,280.13376267125136
2011-05-24 21:00:00,201.41220395720754
2011-05-24 22:00:00,85.05158750655282
2011-05-24 23:00:00,89.77546400656836
2011-05-25 00:00:00,22.870170992182494
2011-05-25 01:00:00,10.879194069377268
2011-05-25 02:00:00,7.0961743386490435
2011-05-25 03:00:00,4.263904114430196
2011-05-25 04:00:00,5.233834916086765
2011-05-25 05:00:00,22.406934013814304
2011-05-25 06:00:00,90.99076875424284
2011-05-25 07:00:00,309.90899033150697
2011-05-25 08:00:00,454.58157462927034
2011-05-25 09:00:00,223.7264537001834
2011-05-25 10:00:00,133.15714454258554
2011-05-25 11:00:00,149.849759674244
2011-05-25 12:00:00,190.10227152238858
2011-05-25 13:00:00,184.93491621186686
2011-05-25 14:00:00,165.42909769800497
2011-05-25 15:00:00,178.79927022838777
2011-05-25 16:00:00,291.3841086070234
2011-05-25 17:00:00,538.4190640963388
2011-05-25 18:00:00,533.7151299502731
2011-05-25 19:00:00,395.0625927245733
2011-05-25 20:00:00,290.00977563468314
2011-05-25 21:00:00,218.4301372342186
2011-05-25 22:00:00,164.19620072702716
2011-05-25 23:00:00,95.7990507744687
2011-05-26 00:00:00,40.95229378807185
2011-05-26 01:00:00,17.68271400106233
2011-05-26 02:00:00,8.587041179202634
2011-05-26 03:00:00,4.421006781708349
2011-05-26 04:00:00,5.449835859560356
2011-05-26 05:00:00,21.581660165847914
2011-05-26 06:00:00,72.85716085492558
2011-05-26 07:00:00,207.15076141978184
2011-05-26 08:00:00,431.1623996231917
2011-05-26 09:00:00,225.66290691770965
2011-05-26 10:00:00,134.6229047063364
2011-05-26 11:00:00,148.32680031226855
2011-05-26 12:00:00,182.53510571321291
2011-05-26 13:00:00,170.7582051053507
2011-05-26 14:00:00,154.34149488832767
2011-05-26 15:00:00,172.87805673163072
2011-05-26 16:00:00,274.776881285332
2011-05-26 17:00:00,523.9556813904442
2011-05-26 18:00:00,528.429763304869
2011-05-26 19:00:00,387.001992112751
2011-05-26 20:00:00,291.7940890400192
2011-05-26 21:00:00,217.53087583106318
2011-05-26 22:00:00,169.35588974995545
2011-05-26 23:00:00,109.97229055410864
2011-05-27 00:00:00,66.20252790801729
2011-05-27 01:00:00,26.653810147034683
2011-05-27 02:00:00,16.16408241057219
2011-05-27 03:00:00,7.223949788032449
2011-05-27 04:00:00,6.775197500977681
2011-05-27 05:00:00,26.203075579178496
2011-05-27 06:00:00,104.27844914447347
2011-05-27 07:00:00,257.72108443268394
2011-05-27 08:00:00,439.06087337677224
2011-05-27 09:00:00,254.80626264351199
2011-05-27 10:00:00,158.9279156214788
2011-05-27 11:00:00,185.19959932424797
2011-05-27 12:00:00,223.84675870693766
2011-05-27 13:00:00,235.4860663086555
2011-05-27 14:00:00,213.66768686516372
2011-05-27 15:00:00,230.13445599960912
2011-05-27 16:00:00,352.64564817672306
2011-05-27 17:00:00,526.8263696466082
2011-05-27 18:00:00,463.12147774032337
2011-05-27 19:00:00,259.52303063973466
2011-05-27 20:00:00,225.57428562692397
2011-05-27 21:00:00,162.0363252586124
2011-05-27 22:00:00,159.04402314111542
2011-05-27 23:00:00,122.16078423635913
2011-05-28 00:00:00,99.75974463257594
2011-05-28 01:00:00,68.70230203265885
2011-05-28 02:00:00,52.32951676359277
2011-05-28 03:00:00,22.873306965393084
2011-05-28 04:00:00,6.727778692528731
2011-05-28 05:00:00,8.24753698421714
2011-05-28 06:00:00,21.350626044555504
2011-05-28 07:00:00,52.976437995430246
2011-05-28 08:00:00,121.71642024280128
2011-05-28 09:00:00,202.6137199983462
2011-05-28 10:00:00,291.46756085659956
2011-05-28 11:00:00,363.069123235789
2011-05-28 12:00:00,404.8462281578719
2011-05-28 13:00:00,405.07812871541717
2011-05-28 14:00:00,391.16104489803627
2011-05-28 15:00:00,402.54946184803754
2011-05-28 16:00:00,394.7037727371341
2011-05-28 17:00:00,405.631653988892
2011-05-28 18:00:00,337.1424409329197
2011-05-28 19:00:00,305.50603744186446
2011-05-28 20:00:00,238.17519473656748
2011-05-28 21:00:00,181.0226431246365
2011-05-28 22:00:00,164.33332291153795
2011-05-28 23:00:00,112.93479330726095
2011-05-29 00:00:00,101.4310487872758
2011-05-29 01:00:00,72.95748791377177
2011-05-29 02:00:00,62.048519133276216
2011-05-29 03:00:00,27.560354859675314
2011-05-29 04:00:00,9.318027675959183
2011-05-29 05:00:00,9.5060705672193
2011-05-29 06:00:00,13.5989163721562
2011-05-29 07:00:00,35.36047220238548
2011-05-29 08:00:00,82.8763390940603
2011-05-29 09:00:00,80.3167614015647
2011-05-29 10:00:00,238.75871541259556
2011-05-29 11:00:00,271.65232739685575
2011-05-29 12:00:00,374.507480746953
2011-05-29 13:00:00,389.526341772739
2011-05-29 14:00:00,363.0876516454505
2011-05-29 15:00:00,367.9346156418651
2011-05-29 16:00:00,369.2442458693425
2011-05-29 17:00:00,372.389068052664
2011-05-29 18:00:00,295.54919563030336
2011-05-29 19:00:00,276.5148851537685
2011-05-29 20:00:00,208.8080458513302
2011-05-29 21:00:00,157.6172176994821
2011-05-29 22:00:00,111.33993803657067
2011-05-29 23:00:00,80.27791792401212
2011-05-30 00:00:00,73.44261382396455
2011-05-30 01:00:00,48.4950549152372
2011-05-30 02:00:00,38.95588439015981
2011-05-30 03:00:00,15.846851454762838
2011-05-30 04:00:00,7.344660442881487
2011-05-30 05:00:00,10.319791530599497
2011-05-30 06:00:00,18.179702595825432
2011-05-30 07:00:00,42.76916300156049
2011-05-30 08:00:00,125.75406812573884
2011-05-30 09:00:00,211.74322172404496
2011-05-30 10:00:00,247.3145482719474
2011-05-30 11:00:00,311.2191485935984
2011-05-30 12:00:00,323.6261042467292
2011-05-30 13:00:00,331.7983048411825
2011-05-30 14:00:00,323.3063752509238
2011-05-30 15:00:00,311.63821715034686
2011-05-30 16:00:00,336.276961220289
2011-05-30 17:00:00,402.3396948691746
2011-05-30 18:00:00,348.27497051730273
2011-05-30 19:00:00,278.86785795492597
2011-05-30 20:00:00,268.20010342267136
2011-05-30 21:00:00,224.5212345026025
2011-05-30 22:00:00,171.05927426669672
2011-05-30 23:00:00,100.16185630439216
2011-05-31 00:00:00,36.33737463711673
2011-05-31 01:00:00,14.199831867504681
2011-05-31 02:00:00,7.704615660207663
2011-05-31 03:00:00,3.9995195945599864
2011-05-31 04:00:00,7.142591584282852
2011-05-31 05:00:00,25.56571797275603
2011-05-31 06:00:00,112.05190613697839
2011-05-31 07:00:00,305.96650560794376
2011-05-31 08:00:00,441.32228520914913
2011-05-31 09:00:00,200.77676736969235
2011-05-31 10:00:00,121.35709328073196
2011-05-31 11:00:00,133.6349181084676
2011-05-31 12:00:00,161.01755302131582
2011-05-31 13:00:00,150.34622768243815
2011-05-31 14:00:00,138.99488342652745
2011-05-31 15:00:00,151.74703911701044
2011-05-31 16:00:00,242.94416560828944
2011-05-31 17:00:00,517.0344359805624
2011-05-31 18:00:00,522.8763745734778
2011-05-31 19:00:00,387.3256007697474
2011-05-31 20:00:00,280.110073526338
2011-05-31 21:00:00,219.3804496052429
2011-05-31 22:00:00,159.79678574082334
2011-05-31 23:00:00,88.60360034528728
2011-06-20 00:00:00,36.03465895992547
2011-06-20 01:00:00,11.340867146282765
2011-06-20 02:00:00,7.1383616726852885
2011-06-20 03:00:00,3.706126706335612
2011-06-20 04:00:00,4.298463797551678
2011-06-20 05:00:00,18.746996321927263
2011-06-20 06:00:00,81.73116074458513
2011-06-20 07:00:00,170.43057295416503
2011-06-20 08:00:00,324.57440636744946
2011-06-20 09:00:00,216.41168538064113
2011-06-20 10:00:00,119.75688670013051
2011-06-20 11:00:00,130.21274522269218
2011-06-20 12:00:00,186.11773940207542
2011-06-20 13:00:00,187.3704751183522
2011-06-20 14:00:00,168.50879467915757
2011-06-20 15:00:00,188.6080046224371
2011-06-20 16:00:00,295.58801231767507
2011-06-20 17:00:00,539.1460517763929
2011-06-20 18:00:00,533.3972434654559
2011-06-20 19:00:00,391.26019211207205
2011-06-20 20:00:00,279.3571911328048
2011-06-20 21:00:00,204.24652349564843
2011-06-20 22:00:00,140.10151843635268
2011-06-20 23:00:00,77.9902775263647
2011-06-21 00:00:00,35.872451573758575
2011-06-21 01:00:00,14.700103824240975
2011-06-21 02:00:00,5.5432362161469175
2011-06-21 03:00:00,3.7977606815835947
2011-06-21 04:00:00,5.023486732026397
2011-06-21 05:00:00,20.401185857437913
2011-06-21 06:00:00,99.56148299886235
2011-06-21 07:00:00,206.6595148612951
2011-06-21 08:00:00,392.70356525825775
2011-06-21 09:00:00,202.48976614432894
2011-06-21 10:00:00,112.64261576685084
2011-06-21 11:00:00,134.3771152083996
2011-06-21 12:00:00,183.2443113743114
2011-06-21 13:00:00,180.10493665778156
2011-06-21 14:00:00,163.16221521670306
2011-06-21 15:00:00,179.71781534308013
2011-06-21 16:00:00,277.3837757695974
2011-06-21 17:00:00,529.5070946394038
2011-06-21 18:00:00,492.1138930194044
2011-06-21 19:00:00,348.55426535041306
2011-06-21 20:00:00,234.335730220848
2011-06-21 21:00:00,220.51961155941925
2011-06-21 22:00:00,162.50187713161714
2011-06-21 23:00:00,92.85804568768786
2011-06-22 00:00:00,40.183752848529174
2011-06-22 01:00:00,19.334238894842585
2011-06-22 02:00:00,8.599481614028296
2011-06-22 03:00:00,5.661061821624388
2011-06-22 04:00:00,5.230829227697394
2011-06-22 05:00:00,22.85200687470764
2011-06-22 06:00:00,111.52507448746076
2011-06-22 07:00:00,305.24909443544107
2011-06-22 08:00:00,433.72785750571904
2011-06-22 09:00:00,214.4346014195864
2011-06-22 10:00:00,131.67643447362263
2011-06-22 11:00:00,148.26367874145814
2011-06-22 12:00:00,179.15080863725882
2011-06-22 13:00:00,166.80217018985013
2011-06-22 14:00:00,156.44172082264504
2011-06-22 15:00:00,166.90668016521911
2011-06-22 16:00:00,260.9122978317809
2011-06-22 17:00:00,532.8447200603892
2011-06-22 18:00:00,506.56837842627203
2011-06-22 19:00:00,377.88701798205295
2011-06-22 20:00:00,277.357272478776
2011-06-22 21:00:00,205.1489106000491
2011-06-22 22:00:00,156.69184574540367
2011-06-22 23:00:00,93.60612889192146
2011-06-23 00:00:00,43.60076681799075
2011-06-23 01:00:00,18.889029113456743
2011-06-23 02:00:00,10.025708289739962
2011-06-23 03:00:00,5.282075892394106
2011-06-23 04:00:00,6.775579675124979
2011-06-23 05:00:00,27.91473417321214
2011-06-23 06:00:00,112.85891445989824
2011-06-23 07:00:00,301.98703525529714
2011-06-23 08:00:00,422.76118373974606
2011-06-23 09:00:00,218.7721801196296
2011-06-23 10:00:00,131.2586916725694
2011-06-23 11:00:00,133.82183767656107
2011-06-23 12:00:00,182.76551109826082
2011-06-23 13:00:00,179.58683406254394
2011-06-23 14:00:00,159.2163591567159
2011-06-23 15:00:00,179.3969668124624
2011-06-23 16:00:00,286.02487226187367
2011-06-23 17:00:00,497.4477465608044
2011-06-23 18:00:00,498.8097861815645
2011-06-23 19:00:00,368.46949036945085
2011-06-23 20:00:00,286.4246872021384
2011-06-23 21:00:00,222.8549781207978
2011-06-23 22:00:00,162.65130670183595
2011-06-23 23:00:00,102.10854982720528
2011-06-24 00:00:00,68.36376873968635
2011-06-24 01:00:00,24.898735642337765
2011-06-24 02:00:00,13.627044676790726
2011-06-24 03:00:00,7.014970236724936
2011-06-24 04:00:00,6.592998235379683
2011-06-24 05:00:00,22.090017685772317
2011-06-24 06:00:00,106.50852941042213
2011-06-24 07:00:00,243.74989157224496
2011-06-24 08:00:00,426.47530715794124
2011-06-24 09:00:00,249.4819632579621
2011-06-24 10:00:00,151.31270724834962
2011-06-24 11:00:00,184.2672972775352
2011-06-24 12:00:00,223.70833527054575
2011-06-24 13:00:00,231.2694551399956
2011-06-24 14:00:00,211.5388643017876
2011-06-24 15:00:00,228.48868149142697
2011-06-24 16:00:00,356.28425124883756
2011-06-24 17:00:00,559.0108700751991
2011-06-24 18:00:00,503.48656845405276
2011-06-24 19:00:00,362.86564284087086
2011-06-24 20:00:00,268.29261243456443
2011-06-24 21:00:00,223.52377637800026
2011-06-24 22:00:00,192.65116098927083
2011-06-24 23:00:00,159.33231004728802
2011-06-25 00:00:00,116.27714786428146
2011-06-25 01:00:00,88.53813817339639
2011-06-25 02:00:00,72.3244783299359
2011-06-25 03:00:00,29.65403735460733
2011-06-25 04:00:00,9.798476307183053
2011-06-25 05:00:00,11.00460297551324
2011-06-25 06:00:00,27.204560889420467
2011-06-25 07:00:00,59.441616579407984
2011-06-25 08:00:00,130.0688423283793
2011-06-25 09:00:00,204.92370099901188
2011-06-25 10:00:00,292.46414511058964
2011-06-25 11:00:00,357.8776316619202
2011-06-25 12:00:00,424.45527352410795
2011-06-25 13:00:00,423.57719336952005
2011-06-25 14:00:00,402.64224329566827
2011-06-25 15:00:00,393.2458944856348
2011-06-25 16:00:00,419.5187219497534
2011-06-25 17:00:00,419.6696836178677
2011-06-25 18:00:00,355.8498209076217
2011-06-25 19:00:00,323.68413086327837
2011-06-25 20:00:00,253.09427992789006
2011-06-25 21:00:00,202.84357060329484
2011-06-25 22:00:00,183.7836674874575
2011-06-25 23:00:00,139.43544396250357
2011-06-26 00:00:00,110.24057349857367
2011-06-26 01:00:00,90.7928368679226
2011-06-26 02:00:00,77.09651829853173
2011-06-26 03:00:00,35.63579088523527
2011-06-26 04:00:00,11.703873991546878
2011-06-26 05:00:00,12.125472004688808
2011-06-26 06:00:00,24.13911398225595
2011-06-26 07:00:00,52.61744226975154
2011-06-26 08:00:00,108.10673280077634
2011-06-26 09:00:00,195.1212870836883
2011-06-26 10:00:00,287.3995746135207
2011-06-26 11:00:00,366.0804471916401
2011-06-26 12:00:00,420.2072263770378
2011-06-26 13:00:00,411.9137599578838
2011-06-26 14:00:00,404.61410762478874
2011-06-26 15:00:00,397.7520676996035
2011-06-26 16:00:00,409.88850631998974
2011-06-26 17:00:00,395.79191488040976
2011-06-26 18:00:00,337.52744756061423
2011-06-26 19:00:00,305.7637139433896
2011-06-26 20:00:00,233.39181944948703
2011-06-26 21:00:00,183.5661975405766
2011-06-26 22:00:00,156.88558069888117
2011-06-26 23:00:00,107.07267932616118
2011-06-27 00:00:00,32.70140451857921
2011-06-27 01:00:00,16.39993530548562
2011-06-27 02:00:00,7.155976811509398
2011-06-27 03:00:00,4.520592113076034
2011-06-27 04:00:00,5.093667071758243
2011-06-27 05:00:00,21.03061262414304
2011-06-27 06:00:00,103.68810970739113
2011-06-27 07:00:00,302.7821373686322
2011-06-27 08:00:00,419.1696899791067
2011-06-27 09:00:00,219.65487020018077
2011-06-27 10:00:00,132.96597230740213
2011-06-27 11:00:00,151.84912075993876
2011-06-27 12:00:00,190.36240623790013
2011-06-27 13:00:00,187.36443117729362
2011-06-27 14:00:00,168.74699980873945
2011-06-27 15:00:00,185.47942130587623
2011-06-27 16:00:00,294.7281537576564
2011-06-27 17:00:00,556.8910102296322
2011-06-27 18:00:00,535.5849554040187
2011-06-27 19:00:00,397.47853245325774
2011-06-27 20:00:00,284.7418647964243
2011-06-27 21:00:00,206.01100658394625
2011-06-27 22:00:00,144.90659096765552
2011-06-27 23:00:00,85.56413366258823
2011-06-28 00:00:00,38.518546867327984
2011-06-28 01:00:00,17.675569379424704
2011-06-28 02:00:00,9.853567673598265
2011-06-28 03:00:00,5.966947115008584
2011-06-28 04:00:00,6.556985722067026
2011-06-28 05:00:00,25.74199090220436
2011-06-28 06:00:00,113.91719663227704
2011-06-28 07:00:00,304.5104388439143
2011-06-28 08:00:00,448.4368886446505
2011-06-28 09:00:00,215.52823173942994
2011-06-28 10:00:00,128.7673862157443
2011-06-28 11:00:00,141.47870864234827
2011-06-28 12:00:00,175.73635863360965
2011-06-28 13:00:00,168.94749477994898
2011-06-28 14:00:00,148.56982172000946
2011-06-28 15:00:00,157.89513863432416
2011-06-28 16:00:00,257.11154754736094
2011-06-28 17:00:00,428.9072262217651
2011-06-28 18:00:00,417.3918917918356
2011-06-28 19:00:00,358.9961789778168
2011-06-28 20:00:00,285.08199388217685
2011-06-28 21:00:00,218.18713153851638
2011-06-28 22:00:00,160.02531759422692
2011-06-28 23:00:00,92.49794812603604
2011-06-29 00:00:00,37.431840539963765
2011-06-29 01:00:00,17.04051338596919
2011-06-29 02:00:00,8.44461172982042
2011-06-29 03:00:00,5.412768759735972
2011-06-29 04:00:00,6.1104828905212205
2011-06-29 05:00:00,23.63495282714451
2011-06-29 06:00:00,112.14451159991094
2011-06-29 07:00:00,315.0956067526533
2011-06-29 08:00:00,455.53175657653514
2011-06-29 09:00:00,222.6509203571386
2011-06-29 10:00:00,133.77017994295136
2011-06-29 11:00:00,155.31316273379903
2011-06-29 12:00:00,193.8745810679609
2011-06-29 13:00:00,183.2430742028851
2011-06-29 14:00:00,162.96137869175948
2011-06-29 15:00:00,180.48639304969134
2011-06-29 16:00:00,284.83390346553244
2011-06-29 17:00:00,544.5961778722957
2011-06-29 18:00:00,540.2357114856434
2011-06-29 19:00:00,403.18415810898534
2011-06-29 20:00:00,299.16113066801734
2011-06-29 21:00:00,232.35169508391016
2011-06-29 22:00:00,174.07555504374838
2011-06-29 23:00:00,104.26377773558215
2011-06-30 00:00:00,45.483570790183876
2011-06-30 01:00:00,18.750197582002134
2011-06-30 02:00:00,9.52026355019899
2011-06-30 03:00:00,5.542749521677722
2011-06-30 04:00:00,6.153898414699426
2011-06-30 05:00:00,25.05757897760131
2011-06-30 06:00:00,113.74796320243408
2011-06-30 07:00:00,315.3717634916777
2011-06-30 08:00:00,458.1619116807573
2011-06-30 09:00:00,225.9556585538785
2011-06-30 10:00:00,135.9232948771641
2011-06-30 11:00:00,157.43929179266766
2011-06-30 12:00:00,194.8367134396871
2011-06-30 13:00:00,189.38984909320826
2011-06-30 14:00:00,166.653727296383
2011-06-30 15:00:00,187.5976159508089
2011-06-30 16:00:00,285.74951402874956
2011-06-30 17:00:00,557.3386194994823
2011-06-30 18:00:00,550.2282203991617
2011-06-30 19:00:00,406.0197249370712
2011-06-30 20:00:00,302.22283759064607
2011-06-30 21:00:00,231.52684531229238
2011-06-30 22:00:00,177.46829661196784
2011-06-30 23:00:00,111.69529065184744
2011-07-20 00:00:00,36.19712155556746
2011-07-20 01:00:00,14.381729250112604
2011-07-20 02:00:00,7.664097929547968
2011-07-20 03:00:00,4.700034477959177
2011-07-20 04:00:00,6.10857918231663
2011-07-20 05:00:00,26.037512295732586
2011-07-20 06:00:00,103.0028730955977
2011-07-20 07:00:00,296.14453924389215
2011-07-20 08:00:00,423.4801098224089
2011-07-20 09:00:00,215.06799111559076
2011-07-20 10:00:00,128.5007738787367
2011-07-20 11:00:00,137.6842342418299
2011-07-20 12:00:00,164.79111225547746
2011-07-20 13:00:00,157.0425748685583
2011-07-20 14:00:00,143.45424564465
2011-07-20 15:00:00,155.0979080470699
2011-07-20 16:00:00,245.40901001202107
2011-07-20 17:00:00,485.2981914379247
2011-07-20 18:00:00,486.7832844746731
2011-07-20 19:00:00,339.48142704755713
2011-07-20 20:00:00,254.74567459609744
2011-07-20 21:00:00,208.96795273912574
2011-07-20 22:00:00,159.17716103223265
2011-07-20 23:00:00,92.4033516744388
2011-07-21 00:00:00,43.12951960291711
2011-07-21 01:00:00,14.744606990572047
2011-07-21 02:00:00,7.997005221536473
2011-07-21 03:00:00,5.07749899345877
2011-07-21 04:00:00,5.75812631332985
2011-07-21 05:00:00,23.942556452483583
2011-07-21 06:00:00,111.33879113817038
2011-07-21 07:00:00,292.46966899122543
2011-07-21 08:00:00,430.8317320616618
2011-07-21 09:00:00,194.74953618859152
2011-07-21 10:00:00,124.09580234784512
2011-07-21 11:00:00,138.46115806209025
2011-07-21 12:00:00,158.20933346081307
2011-07-21 13:00:00,154.00310520363274
2011-07-21 14:00:00,140.35763155351285
2011-07-21 15:00:00,153.00240207813275
2011-07-21 16:00:00,239.15565477074776
2011-07-21 17:00:00,467.04655816573734
2011-07-21 18:00:00,471.61329230653206
2011-07-21 19:00:00,337.54456671211796
2011-07-21 20:00:00,246.6647598729723
2011-07-21 21:00:00,198.48696482328424
2011-07-21 22:00:00,150.1761547371158
2011-07-21 23:00:00,98.47876189161633
2011-07-22 00:00:00,66.3412207192673
2011-07-22 01:00:00,26.59313819232603
2011-07-22 02:00:00,16.604515731008046
2011-07-22 03:00:00,6.992047098083741
2011-07-22 04:00:00,6.765170733353375
2011-07-22 05:00:00,26.19240824408291
2011-07-22 06:00:00,100.07660184946785
2011-07-22 07:00:00,228.13041397297508
2011-07-22 08:00:00,385.74624526553424
2011-07-22 09:00:00,209.41897682710155
2011-07-22 10:00:00,133.93483168420866
2011-07-22 11:00:00,157.20065274378265
2011-07-22 12:00:00,183.12046326006063
2011-07-22 13:00:00,185.7778930387496
2011-07-22 14:00:00,177.78492589161064
2011-07-22 15:00:00,190.09827781103832
2011-07-22 16:00:00,279.2073981199893
2011-07-22 17:00:00,459.38787213447614
2011-07-22 18:00:00,441.18025614185456
2011-07-22 19:00:00,324.10707112992776
2011-07-22 20:00:00,226.08269948719857
2011-07-22 21:00:00,200.25592980085167
2011-07-22 22:00:00,176.0077541457691
2011-07-22 23:00:00,145.39437577403
2011-07-23 00:00:00,107.03695943974381
2011-07-23 01:00:00,81.79809680840094
2011-07-23 02:00:00,66.9990861778967
2011-07-23 03:00:00,29.169753044968516
2011-07-23 04:00:00,10.544775824055487
2011-07-23 05:00:00,10.704957803093833
2011-07-23 06:00:00,27.770294692384788
2011-07-23 07:00:00,61.522249206968986
2011-07-23 08:00:00,118.27251477341557
2011-07-23 09:00:00,176.6170830349245
2011-07-23 10:00:00,248.49675670954772
2011-07-23 11:00:00,311.5911437287711
2011-07-23 12:00:00,338.70041334770093
2011-07-23 13:00:00,330.8734160463417
2011-07-23 14:00:00,326.020597123181
2011-07-23 15:00:00,318.00644184255987
2011-07-23 16:00:00,323.78912698793084
2011-07-23 17:00:00,335.8692055363227
2011-07-23 18:00:00,298.676381464646
2011-07-23 19:00:00,280.3963001119329
2011-07-23 20:00:00,234.40744819320292
2011-07-23 21:00:00,192.76077496068646
2011-07-23 22:00:00,176.79302397064833
2011-07-23 23:00:00,135.92554856609172
2011-07-24 00:00:00,112.43969946873875
2011-07-24 01:00:00,84.83356784986361
2011-07-24 02:00:00,73.05770127113425
2011-07-24 03:00:00,33.22716510277692
2011-07-24 04:00:00,11.09189979634887
2011-07-24 05:00:00,10.757367949347671
2011-07-24 06:00:00,23.03065673062845
2011-07-24 07:00:00,54.21078641155895
2011-07-24 08:00:00,99.23001724670046
2011-07-24 09:00:00,167.57571683567994
2011-07-24 10:00:00,247.59910832001393
2011-07-24 11:00:00,319.58944695074695
2011-07-24 12:00:00,339.89360053162403
2011-07-24 13:00:00,360.22845450534084
2011-07-24 14:00:00,342.8582190700388
2011-07-24 15:00:00,330.7460057714785
2011-07-24 16:00:00,337.2173692619484
2011-07-24 17:00:00,348.863870331758
2011-07-24 18:00:00,301.775620741297
2011-07-24 19:00:00,273.9507365550407
2011-07-24 20:00:00,219.86602120123868
2011-07-24 21:00:00,171.70961416192614
2011-07-24 22:00:00,142.94148068127805
2011-07-24 23:00:00,98.08688938915847
2011-07-25 00:00:00,40.80377445520152
2011-07-25 01:00:00,17.253029626916344
2011-07-25 02:00:00,8.867833130927067
2011-07-25 03:00:00,4.7310928838618445
2011-07-25 04:00:00,5.998670819274964
2011-07-25 05:00:00,23.931000433654052
2011-07-25 06:00:00,108.68300674706327
2011-07-25 07:00:00,294.9485599267269
2011-07-25 08:00:00,420.0713203590134
2011-07-25 09:00:00,189.17660825350663
2011-07-25 10:00:00,118.21884186025635
2011-07-25 11:00:00,139.30757807484764
2011-07-25 12:00:00,167.26805138518938
2011-07-25 13:00:00,170.2605066368283
2011-07-25 14:00:00,141.71904916692083
2011-07-25 15:00:00,144.27602163102566
2011-07-25 16:00:00,224.10299637401755
2011-07-25 17:00:00,483.13588087987426
2011-07-25 18:00:00,490.7035199407919
2011-07-25 19:00:00,374.91061920000186
2011-07-25 20:00:00,272.9470409661216
2011-07-25 21:00:00,171.96205585766353
2011-07-25 22:00:00,130.5562776029556
2011-07-25 23:00:00,76.46698403133986
2011-07-26 00:00:00,41.27363679755493
2011-07-26 01:00:00,18.54471512827173
2011-07-26 02:00:00,8.675599622117307
2011-07-26 03:00:00,5.1316741588003145
2011-07-26 04:00:00,6.197566308363119
2011-07-26 05:00:00,24.174975339624172
2011-07-26 06:00:00,113.48990560664402
2011-07-26 07:00:00,312.04909421548325
2011-07-26 08:00:00,449.2950932889172
2011-07-26 09:00:00,215.60515517074617
2011-07-26 10:00:00,129.55493121179933
2011-07-26 11:00:00,146.34214211261042
2011-07-26 12:00:00,182.3214343282664
2011-07-26 13:00:00,182.27272171553713
2011-07-26 14:00:00,161.5561900209098
2011-07-26 15:00:00,170.67018240669236
2011-07-26 16:00:00,277.1178982416286
2011-07-26 17:00:00,548.4378569556307
2011-07-26 18:00:00,547.8935022891407
2011-07-26 19:00:00,386.83763792118447
2011-07-26 20:00:00,296.1750600114286
2011-07-26 21:00:00,229.94270145231891
2011-07-26 22:00:00,167.50082593363393
2011-07-26 23:00:00,93.73736173048562
2011-07-27 00:00:00,41.78755420114426
2011-07-27 01:00:00,17.106721860810353
2011-07-27 02:00:00,8.602837799455813
2011-07-27 03:00:00,4.8959490573506255
2011-07-27 04:00:00,6.158390871625448
2011-07-27 05:00:00,27.691966842772352
2011-07-27 06:00:00,116.21384066939571
2011-07-27 07:00:00,309.93248013282835
2011-07-27 08:00:00,453.93732280298593
2011-07-27 09:00:00,214.88962802863958
2011-07-27 10:00:00,129.21835121106963
2011-07-27 11:00:00,145.81764076706403
2011-07-27 12:00:00,188.17370098845868
2011-07-27 13:00:00,180.3087785874225
2011-07-27 14:00:00,161.6685695962114
2011-07-27 15:00:00,176.6899094812066
2011-07-27 16:00:00,283.84461375778494
2011-07-27 17:00:00,539.2101355143593
2011-07-27 18:00:00,539.817130075322
2011-07-27 19:00:00,394.2266927653223
2011-07-27 20:00:00,297.79896620873257
2011-07-27 21:00:00,228.0263377643185
2011-07-27 22:00:00,167.10286394546927
2011-07-27 23:00:00,99.94856758753501
2011-07-28 00:00:00,47.412883988964396
2011-07-28 01:00:00,19.04865680425602
2011-07-28 02:00:00,10.391895345810648
2011-07-28 03:00:00,5.302349581546182
2011-07-28 04:00:00,6.668268432463659
2011-07-28 05:00:00,27.92523877678058
2011-07-28 06:00:00,112.64510785796601
2011-07-28 07:00:00,311.27325904478835
2011-07-28 08:00:00,434.53042948967254
2011-07-28 09:00:00,210.30274945938055
2011-07-28 10:00:00,125.68160712124289
2011-07-28 11:00:00,135.64210257750673
2011-07-28 12:00:00,165.2056896899232
2011-07-28 13:00:00,159.163196845373
2011-07-28 14:00:00,151.75543462323498
2011-07-28 15:00:00,156.12697757868395
2011-07-28 16:00:00,250.66699346738557
2011-07-28 17:00:00,505.9684395498702
2011-07-28 18:00:00,486.26468428076333
2011-07-28 19:00:00,363.3331980992922
2011-07-28 20:00:00,264.6937060205225
2011-07-28 21:00:00,212.73437151967437
2011-07-28 22:00:00,161.56807328465482
2011-07-28 23:00:00,100.23809616451815
2011-07-29 00:00:00,66.04691653213513
2011-07-29 01:00:00,27.935037983365724
2011-07-29 02:00:00,16.524297429592902
2011-07-29 03:00:00,6.292621047757564
2011-07-29 04:00:00,6.100311171278643
2011-07-29 05:00:00,23.83153030941831
2011-07-29 06:00:00,102.04191137180865
2011-07-29 07:00:00,239.73173920300258
2011-07-29 08:00:00,404.2391279584028
2011-07-29 09:00:00,219.5938643445162
2011-07-29 10:00:00,135.9070729549567
2011-07-29 11:00:00,158.39330920770462
2011-07-29 12:00:00,186.94451752959588
2011-07-29 13:00:00,186.5852872727592
2011-07-29 14:00:00,175.17456165209614
2011-07-29 15:00:00,190.11217393510123
2011-07-29 16:00:00,308.3959303837367
2011-07-29 17:00:00,461.8378988808428
2011-07-29 18:00:00,431.16325958135536
2011-07-29 19:00:00,313.09133981577213
2011-07-29 20:00:00,238.15661439293248
2011-07-29 21:00:00,213.94795991871143
2011-07-29 22:00:00,188.05720544104184
2011-07-29 23:00:00,150.2808408024292
2011-07-30 00:00:00,115.31634404360935
2011-07-30 01:00:00,79.97648260576874
2011-07-30 02:00:00,68.45807954290278
2011-07-30 03:00:00,31.575358948562574
2011-07-30 04:00:00,10.936932056182409
2011-07-30 05:00:00,10.750198194962962
2011-07-30 06:00:00,26.860660509259894
2011-07-30 07:00:00,58.69006274413687
2011-07-30 08:00:00,124.95308331740019
2011-07-30 09:00:00,187.12240767451425
2011-07-30 10:00:00,270.76961900803076
2011-07-30 11:00:00,339.3862544512283
2011-07-30 12:00:00,394.5533640480933
2011-07-30 13:00:00,383.73460212514266
2011-07-30 14:00:00,350.8494065073724
2011-07-30 15:00:00,345.3234409474584
2011-07-30 16:00:00,355.2685937414676
2011-07-30 17:00:00,369.51128777837596
2011-07-30 18:00:00,327.38528757138295
2011-07-30 19:00:00,326.3630349437808
2011-07-30 20:00:00,250.33955230284718
2011-07-30 21:00:00,201.1235983667665
2011-07-30 22:00:00,179.6083925466254
2011-07-30 23:00:00,135.3696549435843
2011-07-31 00:00:00,112.37860671393564
2011-07-31 01:00:00,87.51189438554879
2011-07-31 02:00:00,73.2636857526604
2011-07-31 03:00:00,32.7700682010169
2011-07-31 04:00:00,11.107861663554662
2011-07-31 05:00:00,11.039006732234574
2011-07-31 06:00:00,22.98240944512684
2011-07-31 07:00:00,56.48815183482445
2011-07-31 08:00:00,105.99824321657348
2011-07-31 09:00:00,183.45488962754095
2011-07-31 10:00:00,268.63746668542376
2011-07-31 11:00:00,331.9948612369912
2011-07-31 12:00:00,378.2683914821678
2011-07-31 13:00:00,377.6506058492281
2011-07-31 14:00:00,363.31342011175195
2011-07-31 15:00:00,351.24064638621957
2011-07-31 16:00:00,358.04700459119493
2011-07-31 17:00:00,361.26396234378353
2011-07-31 18:00:00,316.5941103440992
2011-07-31 19:00:00,293.4053339652946
2011-07-31 20:00:00,230.09327027040695
2011-07-31 21:00:00,179.05572085018278
2011-07-31 22:00:00,146.00535696742466
2011-07-31 23:00:00,97.61715113498755
2011-08-20 00:00:00,95.62395253810655
2011-08-20 01:00:00,73.61664994076057
2011-08-20 02:00:00,61.32180703504462
2011-08-20 03:00:00,26.3897257506518
2011-08-20 04:00:00,7.358755988405923
2011-08-20 05:00:00,8.505108892665097
2011-08-20 06:00:00,19.47805444207877
2011-08-20 07:00:00,47.204457881915694
2011-08-20 08:00:00,118.85926887318227
2011-08-20 09:00:00,196.2801436001892
2011-08-20 10:00:00,281.8655938068001
2011-08-20 11:00:00,348.80202415883963
2011-08-20 12:00:00,392.0766155520661
2011-08-20 13:00:00,381.75360538832246
2011-08-20 14:00:00,374.19721733810127
2011-08-20 15:00:00,376.67163171118375
2011-08-20 16:00:00,384.1601671751612
2011-08-20 17:00:00,381.48991283730277
2011-08-20 18:00:00,331.8884219331588
2011-08-20 19:00:00,303.2566990200145
2011-08-20 20:00:00,240.25892240868734
2011-08-20 21:00:00,185.35546964869664
2011-08-20 22:00:00,155.60746836071482
2011-08-20 23:00:00,122.65362308218609
2011-08-21 00:00:00,107.02008780016564
2011-08-21 01:00:00,85.18528851585462
2011-08-21 02:00:00,75.97298505405803
2011-08-21 03:00:00,30.81968891331799
2011-08-21 04:00:00,8.305073137586204
2011-08-21 05:00:00,7.906438089396995
2011-08-21 06:00:00,13.676916020575172
2011-08-21 07:00:00,43.49172491422708
2011-08-21 08:00:00,90.8381689818114
2011-08-21 09:00:00,181.79475936449674
2011-08-21 10:00:00,268.38561867738866
2011-08-21 11:00:00,311.54018217347954
2011-08-21 12:00:00,354.61488244271584
2011-08-21 13:00:00,371.4984516055158
2011-08-21 14:00:00,235.44605618646364
2011-08-21 15:00:00,281.3093622389599
2011-08-21 16:00:00,320.0221889779617
2011-08-21 17:00:00,301.1016143950186
2011-08-21 18:00:00,259.88356467592325
2011-08-21 19:00:00,278.71023629559704
2011-08-21 20:00:00,196.12216760570868
2011-08-21 21:00:00,158.527619983093
2011-08-21 22:00:00,127.30108414744689
2011-08-21 23:00:00,88.71115850372296
2011-08-22 00:00:00,38.2973253391422
2011-08-22 01:00:00,17.58892574853563
2011-08-22 02:00:00,9.964568767433866
2011-08-22 03:00:00,4.845192350580356
2011-08-22 04:00:00,6.681558211485562
2011-08-22 05:00:00,27.440982908354734
2011-08-22 06:00:00,104.94466339525678
2011-08-22 07:00:00,299.0205439332837
2011-08-22 08:00:00,419.88113987790064
2011-08-22 09:00:00,215.33294681925395
2011-08-22 10:00:00,128.13405544779943
2011-08-22 11:00:00,148.29663506289555
2011-08-22 12:00:00,191.6826311620991
2011-08-22 13:00:00,183.27392383290206
2011-08-22 14:00:00,164.42722998930952
2011-08-22 15:00:00,186.99396032235526
2011-08-22 16:00:00,291.4358427826852
2011-08-22 17:00:00,556.8817705886871
2011-08-22 18:00:00,549.4634773012698
2011-08-22 19:00:00,393.5725708598954
2011-08-22 20:00:00,286.06520534302064
2011-08-22 21:00:00,210.20494428023864
2011-08-22 22:00:00,141.23272819228805
2011-08-22 23:00:00,87.48296593732967
2011-08-23 00:00:00,34.802895874097096
2011-08-23 01:00:00,13.549901795042636
2011-08-23 02:00:00,7.532630038344747
2011-08-23 03:00:00,3.4620676790115046
2011-08-23 04:00:00,5.114251405470908
2011-08-23 05:00:00,24.333881238430873
2011-08-23 06:00:00,105.78513474954191
2011-08-23 07:00:00,311.4991132399837
2011-08-23 08:00:00,436.46857421747654
2011-08-23 09:00:00,219.1057809807958
2011-08-23 10:00:00,130.3406993951578
2011-08-23 11:00:00,153.5782680616316
2011-08-23 12:00:00,197.39486322360608
2011-08-23 13:00:00,192.10441956840282
2011-08-23 14:00:00,169.0334170119493
2011-08-23 15:00:00,190.4719132842206
2011-08-23 16:00:00,299.8350542816978
2011-08-23 17:00:00,564.8095847522947
2011-08-23 18:00:00,554.1564846868223
2011-08-23 19:00:00,394.51823002087815
2011-08-23 20:00:00,285.39696169496364
2011-08-23 21:00:00,206.80353860924401
2011-08-23 22:00:00,157.53109063827102
2011-08-23 23:00:00,91.33383854415416
2011-08-24 00:00:00,37.36792322336861
2011-08-24 01:00:00,16.672696342770756
2011-08-24 02:00:00,7.624056592977105
2011-08-24 03:00:00,4.5397010261834385
2011-08-24 04:00:00,5.859242229072233
2011-08-24 05:00:00,24.70631486836359
2011-08-24 06:00:00,103.00555847075074
2011-08-24 07:00:00,300.02849305558806
2011-08-24 08:00:00,434.8728327066534
2011-08-24 09:00:00,219.4603537585266
2011-08-24 10:00:00,132.7065745951016
2011-08-24 11:00:00,151.9773392269057
2011-08-24 12:00:00,188.7293923477926
2011-08-24 13:00:00,183.70934729005882
2011-08-24 14:00:00,164.07654410477977
2011-08-24 15:00:00,178.78082198149497
2011-08-24 16:00:00,280.13837525860356
2011-08-24 17:00:00,533.3571168180023
2011-08-24 18:00:00,534.2144922607164
2011-08-24 19:00:00,388.6463702321774
2011-08-24 20:00:00,283.7217101613877
2011-08-24 21:00:00,212.51631070304438
2011-08-24 22:00:00,160.34291384776142
2011-08-24 23:00:00,96.00042633274161
2011-08-25 00:00:00,40.25187122214925
2011-08-25 01:00:00,18.118883169662787
2011-08-25 02:00:00,9.132042266896642
2011-08-25 03:00:00,5.4343031606505425
2011-08-25 04:00:00,6.15686986125875
2011-08-25 05:00:00,25.98012237806027
2011-08-25 06:00:00,107.10113827959847
2011-08-25 07:00:00,287.9155056141607
2011-08-25 08:00:00,416.1411945087742
2011-08-25 09:00:00,214.97557030217544
2011-08-25 10:00:00,129.77646025405352
2011-08-25 11:00:00,101.79979181853412
2011-08-25 12:00:00,114.08010092410673
2011-08-25 13:00:00,156.95763564844452
2011-08-25 14:00:00,148.36747486517797
2011-08-25 15:00:00,166.88442218309157
2011-08-25 16:00:00,211.99119635101408
2011-08-25 17:00:00,361.9754797396169
2011-08-25 18:00:00,359.1140759655679
2011-08-25 19:00:00,307.5728828322277
2011-08-25 20:00:00,239.15518804125335
2011-08-25 21:00:00,193.61345379655776
2011-08-25 22:00:00,134.95428529502152
2011-08-25 23:00:00,88.97967696595379
2011-08-26 00:00:00,55.26343022125625
2011-08-26 01:00:00,21.516906516182086
2011-08-26 02:00:00,10.397823514482655
2011-08-26 03:00:00,5.5546487681817265
2011-08-26 04:00:00,5.615115988412324
2011-08-26 05:00:00,19.356921167284106
2011-08-26 06:00:00,93.76708634162262
2011-08-26 07:00:00,230.00879740685227
2011-08-26 08:00:00,403.40181126367963
2011-08-26 09:00:00,237.27278876356655
2011-08-26 10:00:00,151.23809790744298
2011-08-26 11:00:00,175.825093197221
2011-08-26 12:00:00,218.12964535628078
2011-08-26 13:00:00,222.4389367339601
2011-08-26 14:00:00,191.9253289755431
2011-08-26 15:00:00,216.4429818874176
2011-08-26 16:00:00,335.63578461169425
2011-08-26 17:00:00,466.01903846329037
2011-08-26 18:00:00,411.9707090801421
2011-08-26 19:00:00,288.32182404717645
2011-08-26 20:00:00,211.06854528252637
2011-08-26 21:00:00,186.31073095013065
2011-08-26 22:00:00,160.00901489781631
2011-08-26 23:00:00,130.58049298808305
2011-08-27 00:00:00,103.98400957569702
2011-08-27 01:00:00,78.47011967324894
2011-08-27 02:00:00,65.65484105037827
2011-08-27 03:00:00,27.546583925432984
2011-08-27 04:00:00,8.527020028689861
2011-08-27 05:00:00,9.286756652288961
2011-08-27 06:00:00,20.403028413874072
2011-08-27 07:00:00,47.842410946973445
2011-08-27 08:00:00,113.50337912687648
2011-08-27 09:00:00,160.19738795187232
2011-08-27 10:00:00,232.42619805109803
2011-08-27 11:00:00,143.1578077598004
2011-08-27 12:00:00,173.5480989847206
2011-08-27 13:00:00,190.5648068718881
2011-08-27 14:00:00,106.65479402594232
2011-08-27 15:00:00,107.06813538158919
2011-08-27 16:00:00,108.39840295473323
2011-08-27 17:00:00,87.34150591589298
2011-08-28 07:00:00,30.55106266732021
2011-08-28 08:00:00,68.16071830762775
2011-08-28 09:00:00,180.32159745095413
2011-08-28 10:00:00,248.9816451489163
2011-08-28 11:00:00,354.02732185626934
2011-08-28 12:00:00,402.75290342289577
2011-08-28 13:00:00,404.2744746907554
2011-08-28 14:00:00,376.2180564610711
2011-08-28 15:00:00,374.9091879116157
2011-08-28 16:00:00,382.02622562469065
2011-08-28 17:00:00,401.04206878568795
2011-08-28 18:00:00,339.0597648373204
2011-08-28 19:00:00,296.8706344185881
2011-08-28 20:00:00,224.95479023774556
2011-08-28 21:00:00,172.02900403257834
2011-08-28 22:00:00,129.36841527186698
2011-08-28 23:00:00,78.1157965689735
2011-08-29 00:00:00,34.13311017401765
2011-08-29 01:00:00,15.345403357358899
2011-08-29 02:00:00,8.289724737491513
2011-08-29 03:00:00,5.017573503722163
2011-08-29 04:00:00,5.602318453456261
2011-08-29 05:00:00,24.469985765720054
2011-08-29 06:00:00,102.63052575828006
2011-08-29 07:00:00,300.63788368935155
2011-08-29 08:00:00,428.80477175035384
2011-08-29 09:00:00,216.62660035908652
2011-08-29 10:00:00,127.37168488539996
2011-08-29 11:00:00,148.89334835240626
2011-08-29 12:00:00,198.0078927131829
2011-08-29 13:00:00,192.2722530111433
2011-08-29 14:00:00,166.62359395892946
2011-08-29 15:00:00,190.03606843925988
2011-08-29 16:00:00,296.032274008489
2011-08-29 17:00:00,545.3316049295487
2011-08-29 18:00:00,536.3196111274685
2011-08-29 19:00:00,394.0685220407716
2011-08-29 20:00:00,280.50800212182077
2011-08-29 21:00:00,210.57671464290047
2011-08-29 22:00:00,144.44900661285007
2011-08-29 23:00:00,82.50795047759506
2011-08-30 00:00:00,32.75316021100193
2011-08-30 01:00:00,13.688110900890134
2011-08-30 02:00:00,7.742118900192718
2011-08-30 03:00:00,4.486039009375187
2011-08-30 04:00:00,5.574774841835552
2011-08-30 05:00:00,23.399555999810985
2011-08-30 06:00:00,105.15381137757134
2011-08-30 07:00:00,306.0220425639788
2011-08-30 08:00:00,447.89394931897385
2011-08-30 09:00:00,220.5503112609205
2011-08-30 10:00:00,133.25827493028413
2011-08-30 11:00:00,154.19268906858326
2011-08-30 12:00:00,194.0391013132946
2011-08-30 13:00:00,192.31839235020405
2011-08-30 14:00:00,170.2123761692286
2011-08-30 15:00:00,190.29302094836797
2011-08-30 16:00:00,300.3205878533084
2011-08-30 17:00:00,560.4962906184156
2011-08-30 18:00:00,545.7992252577334
2011-08-30 19:00:00,390.0732991745068
2011-08-30 20:00:00,277.5920322329496
2011-08-30 21:00:00,205.9411530669908
2011-08-30 22:00:00,150.85649248465296
2011-08-30 23:00:00,88.7430685462898
2011-08-31 00:00:00,32.21586139686016
2011-08-31 01:00:00,15.32012994175137
2011-08-31 02:00:00,6.946555583742638
2011-08-31 03:00:00,4.410195134574522
2011-08-31 04:00:00,5.639739359529195
2011-08-31 05:00:00,22.421237653995032
2011-08-31 06:00:00,102.54938790055971
2011-08-31 07:00:00,288.96879456505786
2011-08-31 08:00:00,420.62754506845187
2011-08-31 09:00:00,217.10939616852255
2011-08-31 10:00:00,132.0891416596886
2011-08-31 11:00:00,153.54248708278115
2011-08-31 12:00:00,190.9980707862818
2011-08-31 13:00:00,191.75546986268338
2011-08-31 14:00:00,169.8747212506261
2011-08-31 15:00:00,188.38419991850319
2011-08-31 16:00:00,292.3073514618034
2011-08-31 17:00:00,553.6850501332303
2011-08-31 18:00:00,533.4371886613087
2011-08-31 19:00:00,370.2838458089961
2011-08-31 20:00:00,283.6683296259289
2011-08-31 21:00:00,210.54283609725402
2011-08-31 22:00:00,146.9943105892195
2011-08-31 23:00:00,84.2576194790332
2011-09-20 00:00:00,30.344777075105103
2011-09-20 01:00:00,10.28410787343752
2011-09-20 02:00:00,5.727195843947746
2011-09-20 03:00:00,4.0466226389643865
2011-09-20 04:00:00,5.1111020292439076
2011-09-20 05:00:00,20.481348780201156
2011-09-20 06:00:00,96.91086318251014
2011-09-20 07:00:00,268.01004581222526
2011-09-20 08:00:00,212.45327054786685
2011-09-20 09:00:00,135.68096666386998
2011-09-20 10:00:00,84.34946553732294
2011-09-20 11:00:00,84.91687331183034
2011-09-20 12:00:00,87.98089666063966
2011-09-20 13:00:00,89.08813553171639
2011-09-20 14:00:00,103.05949650782232
2011-09-20 15:00:00,169.1026482916736
2011-09-20 16:00:00,220.20450897117783
2011-09-20 17:00:00,379.57241243655585
2011-09-20 18:00:00,369.880945837683
2011-09-20 19:00:00,245.94006457950647
2011-09-20 20:00:00,149.51702814370913
2011-09-20 21:00:00,103.6884110734292
2011-09-20 22:00:00,96.16169992731773
2011-09-20 23:00:00,62.143754721929156
2011-09-21 00:00:00,21.97455045259109
2011-09-21 01:00:00,8.720742860555559
2011-09-21 02:00:00,5.835404187292021
2011-09-21 03:00:00,4.0986686569912045
2011-09-21 04:00:00,4.790560895251649
2011-09-21 05:00:00,15.231479182081156
2011-09-21 06:00:00,76.37671706931118
2011-09-21 07:00:00,208.73108028207253
2011-09-21 08:00:00,324.55371179971445
2011-09-21 09:00:00,143.9128136349742
2011-09-21 10:00:00,85.99270998761656
2011-09-21 11:00:00,113.92377979241718
2011-09-21 12:00:00,169.49359840483368
2011-09-21 13:00:00,174.48098707852074
2011-09-21 14:00:00,159.2560387322315
2011-09-21 15:00:00,174.185489255101
2011-09-21 16:00:00,273.17929436892575
2011-09-21 17:00:00,398.4925996472176
2011-09-21 18:00:00,286.206759884758
2011-09-21 19:00:00,175.1042371214949
2011-09-21 20:00:00,114.09978524205533
2011-09-21 21:00:00,88.71717430806645
2011-09-21 22:00:00,72.8779115597045
2011-09-21 23:00:00,63.64853375703126
2011-09-22 00:00:00,25.68641492606064
2011-09-22 01:00:00,8.905231883383749
2011-09-22 02:00:00,6.5067541910935045
2011-09-22 03:00:00,4.579734903407839
2011-09-22 04:00:00,4.919131253520737
2011-09-22 05:00:00,17.08186508968895
2011-09-22 06:00:00,74.38914667947193
2011-09-22 07:00:00,218.03212224475064
2011-09-22 08:00:00,298.3072306669335
2011-09-22 09:00:00,150.95888882187006
2011-09-22 10:00:00,97.0944110537272
2011-09-22 11:00:00,95.87350727448177
2011-09-22 12:00:00,142.97592757187178
2011-09-22 13:00:00,139.59189541672464
2011-09-22 14:00:00,131.2453099969647
2011-09-22 15:00:00,160.22506361741506
2011-09-22 16:00:00,273.43566443993785
2011-09-22 17:00:00,476.97959544409923
2011-09-22 18:00:00,343.6949041920085
2011-09-22 19:00:00,227.11239717250336
2011-09-22 20:00:00,134.0446248607764
2011-09-22 21:00:00,109.49003509680955
2011-09-22 22:00:00,75.10322636254446
2011-09-22 23:00:00,56.30013793561271
2011-09-23 00:00:00,38.137001601873436
2011-09-23 01:00:00,14.618606525864971
2011-09-23 02:00:00,8.377180957597947
2011-09-23 03:00:00,5.068092139427325
2011-09-23 04:00:00,4.102320101243429
2011-09-23 05:00:00,16.226034340988164
2011-09-23 06:00:00,76.0301609162147
2011-09-23 07:00:00,136.97780383386262
2011-09-23 08:00:00,203.80389723260822
2011-09-23 09:00:00,127.34738485395957
2011-09-23 10:00:00,80.13192504710203
2011-09-23 11:00:00,86.8836064344997
2011-09-23 12:00:00,131.84694729246874
2011-09-23 13:00:00,112.18953532634013
2011-09-23 14:00:00,96.02139160969868
2011-09-23 15:00:00,137.33340727296525
2011-09-23 16:00:00,168.18698334803486
2011-09-23 17:00:00,247.93674983500637
2011-09-23 18:00:00,238.8005204961401
2011-09-23 19:00:00,200.150600491015
2011-09-23 20:00:00,129.16863008560307
2011-09-23 21:00:00,104.38256788455332
2011-09-23 22:00:00,109.86682997344136
2011-09-23 23:00:00,80.89965798341622
2011-09-24 00:00:00,80.12360179910706
2011-09-24 01:00:00,56.09966263081337
2011-09-24 02:00:00,48.06000648232794
2011-09-24 03:00:00,22.73966715674546
2011-09-24 04:00:00,7.686920409118105
2011-09-24 05:00:00,7.811423910273057
2011-09-24 06:00:00,13.036501712750113
2011-09-24 07:00:00,43.73420021975968
2011-09-24 08:00:00,93.52649000940019
2011-09-24 09:00:00,130.7653208464078
2011-09-24 10:00:00,211.44869910732243
2011-09-24 11:00:00,254.1447406791787
2011-09-24 12:00:00,279.32404158419786
2011-09-24 13:00:00,338.2123684591902
2011-09-24 14:00:00,338.1343540192901
2011-09-24 15:00:00,337.31008028132
2011-09-24 16:00:00,309.488836659579
2011-09-24 17:00:00,342.88719372729304
2011-09-24 18:00:00,271.56636935024096
2011-09-24 19:00:00,193.82666840832684
2011-09-24 20:00:00,155.65242466388992
2011-09-24 21:00:00,147.53174619296715
2011-09-24 22:00:00,111.90137908261464
2011-09-24 23:00:00,89.69154916829848
2011-09-25 00:00:00,84.73577677910967
2011-09-25 01:00:00,66.47621370696785
2011-09-25 02:00:00,37.500537329213486
2011-09-25 03:00:00,14.814585319342205
2011-09-25 04:00:00,7.293546394079629
2011-09-25 05:00:00,9.478280498906583
2011-09-25 06:00:00,12.516265235748333
2011-09-25 07:00:00,32.771217472947335
2011-09-25 08:00:00,84.14025437706599
2011-09-25 09:00:00,143.11561561124896
2011-09-25 10:00:00,221.79976059848832
2011-09-25 11:00:00,298.4554516633299
2011-09-25 12:00:00,324.1593963586902
2011-09-25 13:00:00,345.5709092734154
2011-09-25 14:00:00,301.8943342449686
2011-09-25 15:00:00,300.2560061305201
2011-09-25 16:00:00,366.12527672915786
2011-09-25 17:00:00,331.28492305163763
2011-09-25 18:00:00,284.86533463614796
2011-09-25 19:00:00,203.35014051958538
2011-09-25 20:00:00,151.4985232260584
2011-09-25 21:00:00,98.11113767894355
2011-09-25 22:00:00,108.99626843798423
2011-09-25 23:00:00,60.834995455817214
2011-09-26 00:00:00,21.988359731534214
2011-09-26 01:00:00,10.99354399771882
2011-09-26 02:00:00,6.008448660312132
2011-09-26 03:00:00,3.9380532464828835
2011-09-26 04:00:00,5.187001487986393
2011-09-26 05:00:00,20.885657217567427
2011-09-26 06:00:00,83.26837089104644
2011-09-26 07:00:00,226.11715567027738
2011-09-26 08:00:00,317.18996207879917
2011-09-26 09:00:00,196.32942812120768
2011-09-26 10:00:00,104.89867936366092
2011-09-26 11:00:00,138.8210576691031
2011-09-26 12:00:00,162.2077671190159
2011-09-26 13:00:00,177.9927967546273
2011-09-26 14:00:00,166.79213768409207
2011-09-26 15:00:00,187.6553542672179
2011-09-26 16:00:00,296.5051600979715
2011-09-26 17:00:00,530.7975699271385
2011-09-26 18:00:00,371.47576004737994
2011-09-26 19:00:00,295.48817213448535
2011-09-26 20:00:00,172.83213847429477
2011-09-26 21:00:00,125.01807984424748
2011-09-26 22:00:00,100.04797215154643
2011-09-26 23:00:00,59.461849074766015
2011-09-27 00:00:00,23.665768842197004
2011-09-27 01:00:00,9.105943065953783
2011-09-27 02:00:00,6.097139584822442
2011-09-27 03:00:00,4.038901987107506
2011-09-27 04:00:00,4.327533448325578
2011-09-27 05:00:00,10.695592591112083
2011-09-27 06:00:00,87.31138035600766
2011-09-27 07:00:00,240.8040877144405
2011-09-27 08:00:00,379.1177543449972
2011-09-27 09:00:00,163.89074779132596
2011-09-27 10:00:00,81.42290822266978
2011-09-27 11:00:00,101.76943107681433
2011-09-27 12:00:00,118.33751711472989
2011-09-27 13:00:00,176.40539201417488
2011-09-27 14:00:00,146.67909451078702
2011-09-27 15:00:00,139.64579280008485
2011-09-27 16:00:00,233.2700538540851
2011-09-27 17:00:00,336.0072845703603
2011-09-27 18:00:00,311.8697868267734
2011-09-27 19:00:00,239.64044264414068
2011-09-27 20:00:00,241.27374502024838
2011-09-27 21:00:00,153.25636573659884
2011-09-27 22:00:00,122.13267455631338
2011-09-27 23:00:00,66.02319133529399
2011-09-28 00:00:00,27.291828797342312
2011-09-28 01:00:00,10.483579147950977
2011-09-28 02:00:00,5.146309383648839
2011-09-28 03:00:00,4.272821286787127
2011-09-28 04:00:00,5.351357313942916
2011-09-28 05:00:00,17.573393631693577
2011-09-28 06:00:00,58.74454184804882
2011-09-28 07:00:00,130.05738523468077
2011-09-28 08:00:00,193.3571314011036
2011-09-28 09:00:00,143.02648953667858
2011-09-28 10:00:00,76.37731053295025
2011-09-28 11:00:00,124.54395704119592
2011-09-28 12:00:00,158.22647833339616
2011-09-28 13:00:00,177.38043695984206
2011-09-28 14:00:00,167.67361778893957
2011-09-28 15:00:00,184.06760249988463
2011-09-28 16:00:00,287.7935001523703
2011-09-28 17:00:00,517.8427464535339
2011-09-28 18:00:00,276.73234932273226
2011-09-28 19:00:00,222.01626388137814
2011-09-28 20:00:00,145.87842989393303
2011-09-28 21:00:00,100.82960120913685
2011-09-28 22:00:00,121.85891903181498
2011-09-28 23:00:00,65.62326201435302
2011-09-29 00:00:00,27.0127342363909
2011-09-29 01:00:00,9.412635832703002
2011-09-29 02:00:00,6.315350813906509
2011-09-29 03:00:00,4.12543724050681
2011-09-29 04:00:00,4.848821874497148
2011-09-29 05:00:00,21.4022548044386
2011-09-29 06:00:00,96.6231210443928
2011-09-29 07:00:00,282.0679301600501
2011-09-29 08:00:00,416.3774308218706
2011-09-29 09:00:00,216.43802368302403
2011-09-29 10:00:00,132.54250766301624
2011-09-29 11:00:00,151.93819279310964
2011-09-29 12:00:00,195.11593851341982
2011-09-29 13:00:00,191.72617530813324
2011-09-29 14:00:00,170.65849137276345
2011-09-29 15:00:00,187.69278548152022
2011-09-29 16:00:00,296.96696066876797
2011-09-29 17:00:00,549.7820414955567
2011-09-29 18:00:00,532.1873418942173
2011-09-29 19:00:00,379.61984426291974
2011-09-29 20:00:00,277.4670567321582
2011-09-29 21:00:00,191.1826137895073
2011-09-29 22:00:00,140.29442356989153
2011-09-29 23:00:00,85.90027010926163
2011-09-30 00:00:00,52.37696965827526
2011-09-30 01:00:00,24.675559763775006
2011-09-30 02:00:00,11.053468011745341
2011-09-30 03:00:00,5.748382082214811
2011-09-30 04:00:00,5.372729774380627
2011-09-30 05:00:00,23.162887352235266
2011-09-30 06:00:00,95.01055643963446
2011-09-30 07:00:00,241.97384059383697
2011-09-30 08:00:00,427.0703578800533
2011-09-30 09:00:00,244.3770751677792
2011-09-30 10:00:00,155.03383260909297
2011-09-30 11:00:00,192.99940075242975
2011-09-30 12:00:00,237.51629588976994
2011-09-30 13:00:00,237.80877625389695
2011-09-30 14:00:00,221.13810695674306
2011-09-30 15:00:00,242.5484566415842
2011-09-30 16:00:00,362.8035570314473
2011-09-30 17:00:00,525.867280027599
2011-09-30 18:00:00,462.44429618917326
2011-09-30 19:00:00,302.97935315975064
2011-09-30 20:00:00,204.60509264359288
2011-09-30 21:00:00,170.37146690507217
2011-09-30 22:00:00,145.83102045401859
2011-09-30 23:00:00,114.09603584111824
2011-10-20 00:00:00,25.23890623365628
2011-10-20 01:00:00,10.827891523854902
2011-10-20 02:00:00,5.725704486707326
2011-10-20 03:00:00,4.013005293824113
2011-10-20 04:00:00,5.024006945093819
2011-10-20 05:00:00,24.999165970155595
2011-10-20 06:00:00,97.77449757530911
2011-10-20 07:00:00,258.9827268344719
2011-10-20 08:00:00,367.7709687708376
2011-10-20 09:00:00,185.55745167830747
2011-10-20 10:00:00,121.98772974533716
2011-10-20 11:00:00,132.9097241672373
2011-10-20 12:00:00,158.31076681638342
2011-10-20 13:00:00,161.85881300136586
2011-10-20 14:00:00,135.58914932641687
2011-10-20 15:00:00,158.3744492529242
2011-10-20 16:00:00,246.32043196766594
2011-10-20 17:00:00,439.87159473605635
2011-10-20 18:00:00,424.1292833892711
2011-10-20 19:00:00,299.61128932329734
2011-10-20 20:00:00,213.6455829225766
2011-10-20 21:00:00,151.70008548339436
2011-10-20 22:00:00,117.55207802136091
2011-10-20 23:00:00,75.70046527639184
2011-10-21 00:00:00,54.71428884370128
2011-10-21 01:00:00,22.685761047281762
2011-10-21 02:00:00,11.524079977464785
2011-10-21 03:00:00,5.393666068106692
2011-10-21 04:00:00,4.989134101653293
2011-10-21 05:00:00,22.451582684786707
2011-10-21 06:00:00,80.52775306652215
2011-10-21 07:00:00,229.97232560236705
2011-10-21 08:00:00,421.0193847071235
2011-10-21 09:00:00,235.02432872274647
2011-10-21 10:00:00,145.60721460480005
2011-10-21 11:00:00,181.70637761381528
2011-10-21 12:00:00,213.55377540615623
2011-10-21 13:00:00,213.51812925348682
2011-10-21 14:00:00,203.16589297789957
2011-10-21 15:00:00,218.14323915097023
2011-10-21 16:00:00,310.59544203900856
2011-10-21 17:00:00,424.58318473595943
2011-10-21 18:00:00,383.1835762830568
2011-10-21 19:00:00,257.24756150002827
2011-10-21 20:00:00,177.54709201498275
2011-10-21 21:00:00,143.3915283990351
2011-10-21 22:00:00,131.1550420185091
2011-10-21 23:00:00,99.37180377662078
2011-10-22 00:00:00,86.44014681911419
2011-10-22 01:00:00,66.83487444706002
2011-10-22 02:00:00,54.308298155438365
2011-10-22 03:00:00,23.742099023518733
2011-10-22 04:00:00,7.332175396249946
2011-10-22 05:00:00,7.324755673100093
2011-10-22 06:00:00,16.663262440497835
2011-10-22 07:00:00,41.88132007070961
2011-10-22 08:00:00,104.32252095467194
2011-10-22 09:00:00,156.5352022059394
2011-10-22 10:00:00,231.78741283503
2011-10-22 11:00:00,275.99378889040827
2011-10-22 12:00:00,342.1477983909007
2011-10-22 13:00:00,356.6023388917492
2011-10-22 14:00:00,330.7883657012824
2011-10-22 15:00:00,334.4738692386965
2011-10-22 16:00:00,344.8566734310193
2011-10-22 17:00:00,303.46953497792856
2011-10-22 18:00:00,248.5648905920084
2011-10-22 19:00:00,213.39182858346305
2011-10-22 20:00:00,148.20829425712515
2011-10-22 21:00:00,118.9379745616876
2011-10-22 22:00:00,107.85526034822239
2011-10-22 23:00:00,77.29741289845023
2011-10-23 00:00:00,74.59698508245897
2011-10-23 01:00:00,60.45162533335557
2011-10-23 02:00:00,52.62379186614732
2011-10-23 03:00:00,23.19773740250385
2011-10-23 04:00:00,8.462326900062386
2011-10-23 05:00:00,7.350698595857962
2011-10-23 06:00:00,12.646842650712372
2011-10-23 07:00:00,33.84857921704037
2011-10-23 08:00:00,77.52630303922328
2011-10-23 09:00:00,132.74236680659274
2011-10-23 10:00:00,229.6201446935464
2011-10-23 11:00:00,293.4409765381524
2011-10-23 12:00:00,347.48039524425445
2011-10-23 13:00:00,365.8282630459634
2011-10-23 14:00:00,352.5959406263964
2011-10-23 15:00:00,349.95020837964364
2011-10-23 16:00:00,350.3363437907582
2011-10-23 17:00:00,300.6491143218616
2011-10-23 18:00:00,257.7364416038643
2011-10-23 19:00:00,193.17104141763102
2011-10-23 20:00:00,137.2092785121987
2011-10-23 21:00:00,111.38243577836789
2011-10-23 22:00:00,89.24453665898025
2011-10-23 23:00:00,62.69837908285183
2011-10-24 00:00:00,31.438550418334096
2011-10-24 01:00:00,9.927652859097925
2011-10-24 02:00:00,5.736082107972014
2011-10-24 03:00:00,4.526864830973297
2011-10-24 04:00:00,5.455001213495342
2011-10-24 05:00:00,21.8752620584389
2011-10-24 06:00:00,99.29804945428519
2011-10-24 07:00:00,251.5181390843248
2011-10-24 08:00:00,370.91459829593464
2011-10-24 09:00:00,209.3711304447365
2011-10-24 10:00:00,109.44669148660934
2011-10-24 11:00:00,134.1402644001111
2011-10-24 12:00:00,177.19425122557493
2011-10-24 13:00:00,180.51543089537742
2011-10-24 14:00:00,158.21504888220971
2011-10-24 15:00:00,187.289734234405
2011-10-24 16:00:00,283.4368091666863
2011-10-24 17:00:00,486.8587458486484
2011-10-24 18:00:00,487.7784205672557
2011-10-24 19:00:00,201.47395231361756
2011-10-24 20:00:00,215.72673398203673
2011-10-24 21:00:00,143.0342229192152
2011-10-24 22:00:00,118.07668267915987
2011-10-24 23:00:00,65.54893435984185
2011-10-25 00:00:00,33.15006892396075
2011-10-25 01:00:00,11.998939982040135
2011-10-25 02:00:00,5.8426175965297675
2011-10-25 03:00:00,4.312555113755771
2011-10-25 04:00:00,5.615166553077019
2011-10-25 05:00:00,22.178678880948812
2011-10-25 06:00:00,99.73910853810082
2011-10-25 07:00:00,273.56537003549676
2011-10-25 08:00:00,424.50369129034107
2011-10-25 09:00:00,220.43600419427509
2011-10-25 10:00:00,128.31524829922472
2011-10-25 11:00:00,145.09306783747834
2011-10-25 12:00:00,189.76586173284207
2011-10-25 13:00:00,187.61903177939504
2011-10-25 14:00:00,167.37755742474042
2011-10-25 15:00:00,187.8917586649547
2011-10-25 16:00:00,293.51661437640547
2011-10-25 17:00:00,545.6895456687015
2011-10-25 18:00:00,484.8005025481561
2011-10-25 19:00:00,314.25771628923894
2011-10-25 20:00:00,227.70041493881894
2011-10-25 21:00:00,159.58842761750745
2011-10-25 22:00:00,126.30470618526954
2011-10-25 23:00:00,72.36687622849357
2011-10-26 00:00:00,35.29693881743519
2011-10-26 01:00:00,12.431231005100784
2011-10-26 02:00:00,6.7043235552331835
2011-10-26 03:00:00,3.942890386922703
2011-10-26 04:00:00,4.263927143268403
2011-10-26 05:00:00,25.33750996611681
2011-10-26 06:00:00,102.18373562795985
2011-10-26 07:00:00,281.8001469362521
2011-10-26 08:00:00,412.675011556851
2011-10-26 09:00:00,219.6236009657189
2011-10-26 10:00:00,124.15589784861268
2011-10-26 11:00:00,143.4744354178727
2011-10-26 12:00:00,150.6178695282438
2011-10-26 13:00:00,148.26451026744041
2011-10-26 14:00:00,144.1858433137563
2011-10-26 15:00:00,161.7684953208177
2011-10-26 16:00:00,257.2566918100498
2011-10-26 17:00:00,443.1365851338669
2011-10-26 18:00:00,451.1198240246724
2011-10-26 19:00:00,269.741796547597
2011-10-26 20:00:00,195.45562606650253
2011-10-26 21:00:00,168.17249121609694
2011-10-26 22:00:00,105.97595293016673
2011-10-26 23:00:00,65.05683157980799
2011-10-27 00:00:00,28.624976660333914
2011-10-27 01:00:00,9.908329998604497
2011-10-27 02:00:00,5.417377224740335
2011-10-27 03:00:00,3.7911447502698334
2011-10-27 04:00:00,4.2834995084302925
2011-10-27 05:00:00,13.8345705532338
2011-10-27 06:00:00,56.475433776676084
2011-10-27 07:00:00,252.54089784717428
2011-10-27 08:00:00,213.27012197861077
2011-10-27 09:00:00,216.2635416655919
2011-10-27 10:00:00,89.02307735588433
2011-10-27 11:00:00,97.30481481389269
2011-10-27 12:00:00,99.25636765386614
2011-10-27 13:00:00,124.37886066797404
2011-10-27 14:00:00,128.74992555118115
2011-10-27 15:00:00,141.83830015155345
2011-10-27 16:00:00,274.7012441930816
2011-10-27 17:00:00,387.1095391759391
2011-10-27 18:00:00,389.78250892997914
2011-10-27 19:00:00,258.6080728555034
2011-10-27 20:00:00,205.27547269139333
2011-10-27 21:00:00,114.93475625736036
2011-10-27 22:00:00,86.27964446239832
2011-10-27 23:00:00,53.59047419738363
2011-10-28 00:00:00,42.403195613404804
2011-10-28 01:00:00,19.749560012622055
2011-10-28 02:00:00,9.933418309677899
2011-10-28 03:00:00,4.052449011121297
2011-10-28 04:00:00,4.084995089600053
2011-10-28 05:00:00,19.055918923073868
2011-10-28 06:00:00,73.73978241707755
2011-10-28 07:00:00,215.57026171715918
2011-10-28 08:00:00,397.8144211613552
2011-10-28 09:00:00,228.23840992904007
2011-10-28 10:00:00,123.33170715316716
2011-10-28 11:00:00,146.4411275594108
2011-10-28 12:00:00,189.1878872303929
2011-10-28 13:00:00,188.06125372454645
2011-10-28 14:00:00,171.10463015108863
2011-10-28 15:00:00,183.81720020509124
2011-10-28 16:00:00,249.48420527824288
2011-10-28 17:00:00,378.2136352420333
2011-10-28 18:00:00,348.6430044997315
2011-10-28 19:00:00,231.2493498825296
2011-10-28 20:00:00,78.06284602138822
2011-10-28 21:00:00,73.13010793683337
2011-10-28 22:00:00,58.93628602499457
2011-10-28 23:00:00,44.644595841721646
2011-10-29 00:00:00,36.03176477747596
2011-10-29 01:00:00,30.5541093698817
2011-10-29 02:00:00,29.104255186694502
2011-10-29 03:00:00,12.89070550837052
2011-10-29 04:00:00,5.587903355274998
2011-10-29 05:00:00,4.6773890655167
2011-10-29 06:00:00,10.382682964369625
2011-10-29 07:00:00,21.448303457747066
2011-10-29 08:00:00,49.27746350685894
2011-10-29 09:00:00,57.851321311956205
2011-10-29 10:00:00,69.45529295488532
2011-10-29 11:00:00,73.1533761948474
2011-10-29 12:00:00,90.32974430518355
2011-10-29 13:00:00,79.77360911981341
2011-10-29 14:00:00,95.58458805986199
2011-10-29 15:00:00,129.0558866640448
2011-10-29 16:00:00,84.68060440103548
2011-10-29 17:00:00,75.28709348603432
2011-10-29 18:00:00,64.71021436034938
2011-10-29 19:00:00,129.36716266049515
2011-10-29 20:00:00,78.71897104091092
2011-10-29 21:00:00,71.435239123636
2011-10-29 22:00:00,70.67023695987058
2011-10-29 23:00:00,52.61968844727977
2011-10-30 00:00:00,62.18371006905188
2011-10-30 01:00:00,45.417088485017146
2011-10-30 02:00:00,34.688103321639424
2011-10-30 03:00:00,14.004102380435825
2011-10-30 04:00:00,4.162605469089267
2011-10-30 05:00:00,3.5473047834370073
2011-10-30 06:00:00,9.554012637124886
2011-10-30 07:00:00,26.651346088324658
2011-10-30 08:00:00,65.53080019472948
2011-10-30 09:00:00,122.99484936282585
2011-10-30 10:00:00,207.87655969654145
2011-10-30 11:00:00,252.2823363333354
2011-10-30 12:00:00,305.394950297802
2011-10-30 13:00:00,317.90511092238467
2011-10-30 14:00:00,319.9389877056453
2011-10-30 15:00:00,315.49214132363363
2011-10-30 16:00:00,303.19218541242344
2011-10-30 17:00:00,256.93739189105565
2011-10-30 18:00:00,195.79756243632664
2011-10-30 19:00:00,259.7931950463741
2011-10-30 20:00:00,111.63879507257329
2011-10-30 21:00:00,84.98721879423232
2011-10-30 22:00:00,68.28719406759316
2011-10-30 23:00:00,43.276816356951485
2011-10-31 00:00:00,18.683781398127895
2011-10-31 01:00:00,6.744758869237269
2011-10-31 02:00:00,3.2302720737686803
2011-10-31 03:00:00,3.1281106859426915
2011-10-31 04:00:00,3.784573246611086
2011-10-31 05:00:00,18.468147907448408
2011-10-31 06:00:00,81.25878965779657
2011-10-31 07:00:00,246.4035989947306
2011-10-31 08:00:00,366.69955738592046
2011-10-31 09:00:00,203.36512160454583
2011-10-31 10:00:00,109.01980234648283
2011-10-31 11:00:00,127.48571955500265
2011-10-31 12:00:00,163.8606496325723
2011-10-31 13:00:00,155.44455603467463
2011-10-31 14:00:00,141.8782135298795
2011-10-31 15:00:00,158.83544635640646
2011-10-31 16:00:00,243.98256500636163
2011-10-31 17:00:00,454.5570794742729
2011-10-31 18:00:00,414.8944337650794
2011-10-31 19:00:00,284.13413129750336
2011-10-31 20:00:00,212.58674575272582
2011-10-31 21:00:00,128.80602805601742
2011-10-31 22:00:00,96.18763333093784
2011-10-31 23:00:00,53.56141577847287
2011-11-20 00:00:00,80.39224852284718
2011-11-20 01:00:00,66.11334840180466
2011-11-20 02:00:00,55.944540226488186
2011-11-20 03:00:00,22.456531772639977
2011-11-20 04:00:00,5.727561344958959
2011-11-20 05:00:00,6.01273036246934
2011-11-20 06:00:00,14.404541901203796
2011-11-20 07:00:00,46.27658231173338
2011-11-20 08:00:00,76.21090071333981
2011-11-20 09:00:00,142.80010056173688
2011-11-20 10:00:00,217.93912331246784
2011-11-20 11:00:00,280.6706924636669
2011-11-20 12:00:00,331.13512042772663
2011-11-20 13:00:00,341.877829713667
2011-11-20 14:00:00,338.35875022179323
2011-11-20 15:00:00,315.50675451492833
2011-11-20 16:00:00,321.1932961224501
2011-11-20 17:00:00,296.6217974252624
2011-11-20 18:00:00,274.82360864292536
2011-11-20 19:00:00,207.87289741794334
2011-11-20 20:00:00,166.84415918907686
2011-11-20 21:00:00,121.54320212629979
2011-11-20 22:00:00,60.37449649176281
2011-11-20 23:00:00,46.54520110917251
2011-11-21 00:00:00,23.219607482032103
2011-11-21 01:00:00,7.742419127551168
2011-11-21 02:00:00,5.076123492379123
2011-11-21 03:00:00,3.482230048050656
2011-11-21 04:00:00,4.283771478976261
2011-11-21 05:00:00,16.406994525732017
2011-11-21 06:00:00,76.76699681631644
2011-11-21 07:00:00,239.89064832954568
2011-11-21 08:00:00,339.17307927451617
2011-11-21 09:00:00,178.46226290875575
2011-11-21 10:00:00,107.41139688606003
2011-11-21 11:00:00,118.6097165478997
2011-11-21 12:00:00,168.37058704989425
2011-11-21 13:00:00,163.14053869787037
2011-11-21 14:00:00,127.04627452572485
2011-11-21 15:00:00,76.879728824587
2011-11-21 16:00:00,113.40347457896425
2011-11-21 17:00:00,126.52689417733981
2011-11-21 18:00:00,189.02622742914113
2011-11-21 19:00:00,147.45733682723784
2011-11-21 20:00:00,114.17722533161862
2011-11-21 21:00:00,82.21932078281762
2011-11-21 22:00:00,64.3978653587166
2011-11-21 23:00:00,43.443908767046835
2011-11-22 00:00:00,13.351937410798701
2011-11-22 01:00:00,7.125219685943379
2011-11-22 02:00:00,4.563609822092047
2011-11-22 03:00:00,3.7447771818781765
2011-11-22 04:00:00,4.868319410740702
2011-11-22 05:00:00,10.583782066016633
2011-11-22 06:00:00,82.07120430882412
2011-11-22 07:00:00,101.59169712866218
2011-11-22 08:00:00,163.63982216662967
2011-11-22 09:00:00,104.65719135094918
2011-11-22 10:00:00,55.36352144838223
2011-11-22 11:00:00,65.60682554773314
2011-11-22 12:00:00,67.57040697695771
2011-11-22 13:00:00,66.41791698222875
2011-11-22 14:00:00,62.45508578248974
2011-11-22 15:00:00,64.80427621224105
2011-11-22 16:00:00,114.14651646239514
2011-11-22 17:00:00,166.34821158760968
2011-11-22 18:00:00,155.91672294186935
2011-11-22 19:00:00,175.83691575142552
2011-11-22 20:00:00,161.27860402765356
2011-11-22 21:00:00,103.96750898197699
2011-11-22 22:00:00,93.93599306541225
2011-11-22 23:00:00,62.06508622171427
2011-11-23 00:00:00,23.199625909930546
2011-11-23 01:00:00,8.54269579753609
2011-11-23 02:00:00,4.958124718381719
2011-11-23 03:00:00,3.415297583221162
2011-11-23 04:00:00,4.667450923128889
2011-11-23 05:00:00,18.463249258537864
2011-11-23 06:00:00,74.9940943604802
2011-11-23 07:00:00,233.22415126335886
2011-11-23 08:00:00,344.05545198243163
2011-11-23 09:00:00,175.49973890955337
2011-11-23 10:00:00,91.44843840241576
2011-11-23 11:00:00,129.11129474336542
2011-11-23 12:00:00,167.28695202705208
2011-11-23 13:00:00,135.63460007438363
2011-11-23 14:00:00,137.54381576316675
2011-11-23 15:00:00,139.92875491944875
2011-11-23 16:00:00,211.47978138727882
2011-11-23 17:00:00,216.66580119399725
2011-11-23 18:00:00,330.2045963408761
2011-11-23 19:00:00,259.9277656433316
2011-11-23 20:00:00,177.3724096446249
2011-11-23 21:00:00,117.24852750017997
2011-11-23 22:00:00,89.92298749924478
2011-11-23 23:00:00,51.86464658282594
2011-11-24 00:00:00,58.551994295436565
2011-11-24 01:00:00,26.725988964893247
2011-11-24 02:00:00,21.039061415521033
2011-11-24 03:00:00,11.160004215976429
2011-11-24 04:00:00,6.42805737689038
2011-11-24 05:00:00,9.180947594689652
2011-11-24 06:00:00,29.518067158329593
2011-11-24 07:00:00,55.46092796929222
2011-11-24 08:00:00,151.461549623901
2011-11-24 09:00:00,176.45084252024776
2011-11-24 10:00:00,207.5407107942267
2011-11-24 11:00:00,260.0839965085028
2011-11-24 12:00:00,293.39275963457186
2011-11-24 13:00:00,297.2027184306136
2011-11-24 14:00:00,291.03088139133143
2011-11-24 15:00:00,285.2246397413761
2011-11-24 16:00:00,301.0168085504611
2011-11-24 17:00:00,312.28782008373
2011-11-24 18:00:00,251.31154525866668
2011-11-24 19:00:00,220.0349583501586
2011-11-24 20:00:00,131.926479446655
2011-11-24 21:00:00,117.62060274228432
2011-11-24 22:00:00,105.18702586518357
2011-11-24 23:00:00,68.8950743216585
2011-11-25 00:00:00,43.60879678473453
2011-11-25 01:00:00,19.712466503934117
2011-11-25 02:00:00,9.860653723493852
2011-11-25 03:00:00,4.304564057019974
2011-11-25 04:00:00,4.428453232526855
2011-11-25 05:00:00,21.853413231244026
2011-11-25 06:00:00,71.75022500512506
2011-11-25 07:00:00,218.61876481468806
2011-11-25 08:00:00,366.30384815540134
2011-11-25 09:00:00,224.5831154306794
2011-11-25 10:00:00,128.13933806209204
2011-11-25 11:00:00,152.49062762180455
2011-11-25 12:00:00,203.03511717408267
2011-11-25 13:00:00,210.092240427028
2011-11-25 14:00:00,196.46370395223295
2011-11-25 15:00:00,218.25707963011254
2011-11-25 16:00:00,301.85906625948337
2011-11-25 17:00:00,452.35960171089005
2011-11-25 18:00:00,408.8643490692233
2011-11-25 19:00:00,249.04252908031856
2011-11-25 20:00:00,172.31199643919615
2011-11-25 21:00:00,123.83243223124245
2011-11-25 22:00:00,109.84862762716207
2011-11-25 23:00:00,86.68325660685643
2011-11-26 00:00:00,75.11869920509743
2011-11-26 01:00:00,57.62996125883125
2011-11-26 02:00:00,46.51224515618127
2011-11-26 03:00:00,20.266869199272712
2011-11-26 04:00:00,6.656972403604422
2011-11-26 05:00:00,6.622027561066297
2011-11-26 06:00:00,15.609672896013441
2011-11-26 07:00:00,31.48186801216012
2011-11-26 08:00:00,94.31457422672275
2011-11-26 09:00:00,139.64974071361183
2011-11-26 10:00:00,207.74444762890639
2011-11-26 11:00:00,271.1593489345139
2011-11-26 12:00:00,331.5312556811254
2011-11-26 13:00:00,347.01055841954496
2011-11-26 14:00:00,327.17870900939926
2011-11-26 15:00:00,328.89348233368435
2011-11-26 16:00:00,312.2829162077652
2011-11-26 17:00:00,285.16762573921017
2011-11-26 18:00:00,228.05826933845174
2011-11-26 19:00:00,193.98256566000353
2011-11-26 20:00:00,142.40346006393273
2011-11-26 21:00:00,110.1371409304747
2011-11-26 22:00:00,100.87843574166665
2011-11-26 23:00:00,69.4505853902692
2011-11-27 00:00:00,73.48356451988838
2011-11-27 01:00:00,61.654034878945914
2011-11-27 02:00:00,54.03018807838014
2011-11-27 03:00:00,23.12903253183611
2011-11-27 04:00:00,8.300668956333132
2011-11-27 05:00:00,6.944570945746855
2011-11-27 06:00:00,13.382766864152611
2011-11-27 07:00:00,35.80533117089017
2011-11-27 08:00:00,75.56366219609059
2011-11-27 09:00:00,149.2344677141018
2011-11-27 10:00:00,232.45572232380619
2011-11-27 11:00:00,298.74042984774655
2011-11-27 12:00:00,366.4020447094215
2011-11-27 13:00:00,358.9914914871672
2011-11-27 14:00:00,393.45630567849105
2011-11-27 15:00:00,392.11090293837435
2011-11-27 16:00:00,370.3986191779792
2011-11-27 17:00:00,324.3743633938039
2011-11-27 18:00:00,243.25347638470558
2011-11-27 19:00:00,208.51008724163734
2011-11-27 20:00:00,162.90925675131163
2011-11-27 21:00:00,121.9329664041631
2011-11-27 22:00:00,96.86901472191465
2011-11-27 23:00:00,65.76081649104566
2011-11-28 00:00:00,34.71783345471283
2011-11-28 01:00:00,13.060406675744751
2011-11-28 03:00:00,4.349826150812994
2011-11-28 04:00:00,5.80711475012287
2011-11-28 05:00:00,22.422958807938116
2011-11-28 06:00:00,98.29497420716977
2011-11-28 07:00:00,278.9721890343688
2011-11-28 08:00:00,349.047546385064
2011-11-28 09:00:00,208.44389091473627
2011-11-28 10:00:00,113.78529398685512
2011-11-28 11:00:00,133.4218205805266
2011-11-28 12:00:00,189.27891591387004
2011-11-28 13:00:00,177.49105881675067
2011-11-28 14:00:00,165.1811555943974
2011-11-28 15:00:00,183.94783696088558
2011-11-28 16:00:00,282.4358726664453
2011-11-28 17:00:00,518.1089614291047
2011-11-28 18:00:00,493.9927623050454
2011-11-28 19:00:00,322.6723668514795
2011-11-28 20:00:00,236.5141236106791
2011-11-28 21:00:00,175.4328063358033
2011-11-28 22:00:00,114.53035097149662
2011-11-28 23:00:00,63.09578245621127
2011-11-29 00:00:00,27.07290406509847
2011-11-29 01:00:00,11.331363682382893
2011-11-29 02:00:00,5.594951689013603
2011-11-29 03:00:00,4.084010767363393
2011-11-29 04:00:00,4.960290670465499
2011-11-29 05:00:00,22.831011678776086
2011-11-29 06:00:00,101.64498167165112
2011-11-29 07:00:00,285.43640605606475
2011-11-29 08:00:00,445.7833100916703
2011-11-29 09:00:00,181.93346162947307
2011-11-29 10:00:00,107.80808043390608
2011-11-29 11:00:00,97.90008445766144
2011-11-29 12:00:00,80.75809200182701
2011-11-29 13:00:00,97.77049596911748
2011-11-29 14:00:00,68.34694785848623
2011-11-29 15:00:00,75.45744449490098
2011-11-29 16:00:00,109.62709383443273
2011-11-29 17:00:00,273.89450340197664
2011-11-29 18:00:00,293.7206370963903
2011-11-29 19:00:00,211.00898767043012
2011-11-29 20:00:00,176.60541910235327
2011-11-29 21:00:00,122.51270025975799
2011-11-29 22:00:00,104.22501538286797
2011-11-29 23:00:00,53.99801411841447
2011-11-30 00:00:00,24.364737154210022
2011-11-30 01:00:00,10.485622456088034
2011-11-30 02:00:00,4.980842658704427
2011-11-30 03:00:00,3.313488605836681
2011-11-30 04:00:00,4.06275179924495
2011-11-30 05:00:00,20.50823334703146
2011-11-30 06:00:00,84.40482858547621
2011-11-30 07:00:00,238.80376651351975
2011-11-30 08:00:00,372.64184987792686
2011-11-30 09:00:00,205.37991193705432
2011-11-30 10:00:00,105.8918807195275
2011-11-30 11:00:00,126.29186285896579
2011-11-30 12:00:00,142.48973894969848
2011-11-30 13:00:00,140.9793258372208
2011-11-30 14:00:00,133.19238357744183
2011-11-30 15:00:00,137.84263556619732
2011-11-30 16:00:00,210.78855089992993
2011-11-30 17:00:00,353.8184861455888
2011-11-30 18:00:00,354.1084449030026
2011-11-30 19:00:00,230.467075266352
2011-11-30 20:00:00,172.22514265126685
2011-11-30 21:00:00,114.0109216426359
2011-11-30 22:00:00,89.04230941125496
2011-11-30 23:00:00,50.39896972189771
2011-12-20 00:00:00,24.439242954192775
2011-12-20 01:00:00,10.936369119272689
2011-12-20 02:00:00,5.323261288593693
2011-12-20 03:00:00,3.930442369567758
2011-12-20 04:00:00,5.6154547427941255
2011-12-20 05:00:00,22.08007043071249
2011-12-20 06:00:00,92.9086395226004
2011-12-20 07:00:00,249.47122032988136
2011-12-20 08:00:00,411.43650482036566
2011-12-20 09:00:00,207.55251348624216
2011-12-20 10:00:00,115.31071000231903
2011-12-20 11:00:00,124.0669581674299
2011-12-20 12:00:00,157.56556367530223
2011-12-20 13:00:00,151.25416554394167
2011-12-20 14:00:00,139.69517658245437
2011-12-20 15:00:00,150.39061959182652
2011-12-20 16:00:00,231.43949868385897
2011-12-20 17:00:00,405.3206425500425
2011-12-20 18:00:00,387.43527011655794
2011-12-20 19:00:00,263.3801399782045
2011-12-20 20:00:00,186.92535761603304
2011-12-20 21:00:00,136.44903829419934
2011-12-20 22:00:00,100.74117768985947
2011-12-20 23:00:00,66.71333291085368
2011-12-21 00:00:00,21.298900263971134
2011-12-21 01:00:00,10.152087754892042
2011-12-21 02:00:00,5.064319846765959
2011-12-21 03:00:00,3.8013853967631475
2011-12-21 04:00:00,4.308479356830048
2011-12-21 05:00:00,15.395715450697672
2011-12-21 06:00:00,66.38056675590279
2011-12-21 07:00:00,187.18203918015718
2011-12-21 08:00:00,147.03727574944503
2011-12-21 09:00:00,160.71088108027232
2011-12-21 10:00:00,100.6012463064672
2011-12-21 11:00:00,103.685893209488
2011-12-21 12:00:00,54.63897372846462
2011-12-21 13:00:00,37.13719679321528
2011-12-21 14:00:00,98.20839944927832
2011-12-21 15:00:00,104.18462614918101
2011-12-21 16:00:00,46.89869150425296
2011-12-21 17:00:00,88.21703351910683
2011-12-21 18:00:00,188.22186188411965
2011-12-21 19:00:00,145.61543328687242
2011-12-21 20:00:00,113.15866733226297
2011-12-21 21:00:00,119.53652347054908
2011-12-21 22:00:00,103.72927386233425
2011-12-21 23:00:00,63.61439625732603
2011-12-22 00:00:00,25.535994172570632
2011-12-22 01:00:00,10.539108593908498
2011-12-22 02:00:00,7.8838262420696
2011-12-22 03:00:00,4.590770796178466
2011-12-22 04:00:00,5.13394945646843
2011-12-22 05:00:00,17.56242470265384
2011-12-22 06:00:00,70.42763299164653
2011-12-22 07:00:00,182.0468965819684
2011-12-22 08:00:00,312.0321488823065
2011-12-22 09:00:00,167.76060673124536
2011-12-22 10:00:00,88.22104653830004
2011-12-22 11:00:00,100.76239571706145
2011-12-22 12:00:00,144.90361996625677
2011-12-22 13:00:00,127.0490344714704
2011-12-22 14:00:00,116.71096320222254
2011-12-22 15:00:00,136.86024432883872
2011-12-22 16:00:00,187.67028206936791
2011-12-22 17:00:00,326.7013643822511
2011-12-22 18:00:00,321.2262649638032
2011-12-22 19:00:00,215.90678730561817
2011-12-22 20:00:00,78.2226450198306
2011-12-22 21:00:00,66.54915380318303
2011-12-22 22:00:00,40.79403986445904
2011-12-22 23:00:00,34.799946494814215
2011-12-23 00:00:00,25.186679183952442
2011-12-23 01:00:00,10.89064692090071
2011-12-23 02:00:00,8.629308380526439
2011-12-23 03:00:00,4.836220768530187
2011-12-23 04:00:00,3.5401186014629737
2011-12-23 05:00:00,13.965658902960792
2011-12-23 06:00:00,70.407589044078
2011-12-23 07:00:00,174.5953929545972
2011-12-23 08:00:00,337.80489937233494
2011-12-23 09:00:00,185.34113905909422
2011-12-23 10:00:00,102.89043468673874
2011-12-23 11:00:00,117.94728877658181
2011-12-23 12:00:00,144.04061994119138
2011-12-23 13:00:00,150.41358371819626
2011-12-23 14:00:00,142.13219816498975
2011-12-23 15:00:00,152.66499203274364
2011-12-23 16:00:00,193.92680990465752
2011-12-23 17:00:00,301.2508126691458
2011-12-23 18:00:00,273.8838700339662
2011-12-23 19:00:00,172.67803768027468
2011-12-23 20:00:00,104.91973339773014
2011-12-23 21:00:00,85.96983941672474
2011-12-23 22:00:00,78.20720263858051
2011-12-23 23:00:00,64.35576141926838
2011-12-24 00:00:00,57.66411453551749
2011-12-24 01:00:00,48.930979954458486
2011-12-24 02:00:00,39.23724703574888
2011-12-24 03:00:00,17.348483552042037
2011-12-24 04:00:00,5.822809590850282
2011-12-24 05:00:00,5.492277073002687
2011-12-24 06:00:00,9.707345032873691
2011-12-24 07:00:00,20.96988020156114
2011-12-24 08:00:00,59.66709059693084
2011-12-24 09:00:00,87.56281680704461
2011-12-24 10:00:00,127.89541344642161
2011-12-24 11:00:00,154.88105826684927
2011-12-24 12:00:00,209.99127834433753
2011-12-24 13:00:00,208.28895859982322
2011-12-24 14:00:00,198.7943818133058
2011-12-24 15:00:00,188.76222878096644
2011-12-24 16:00:00,174.18581800089115
2011-12-24 17:00:00,139.77771974939225
2011-12-24 18:00:00,131.03481298858745
2011-12-24 19:00:00,116.84305696643538
2011-12-24 20:00:00,78.68974127685266
2011-12-24 21:00:00,65.0699127337916
2011-12-24 22:00:00,58.952734830219185
2011-12-24 23:00:00,48.00361721231924
2011-12-25 00:00:00,51.43956698415268
2011-12-25 01:00:00,40.206026351868964
2011-12-25 02:00:00,34.436929759425
2011-12-25 03:00:00,16.73045443927311
2011-12-25 05:00:00,3.7651161647081177
2011-12-25 06:00:00,5.422514400611471
2011-12-25 07:00:00,14.167924936375726
2011-12-25 08:00:00,36.8943009266701
2011-12-25 09:00:00,61.65652494448055
2011-12-25 10:00:00,119.92615777802826
2011-12-25 11:00:00,153.50037885731044
2011-12-25 12:00:00,181.6642737483122
2011-12-25 13:00:00,198.90157451430684
2011-12-25 14:00:00,195.38249825062005
2011-12-25 15:00:00,200.34755921413327
2011-12-25 16:00:00,196.33709139840124
2011-12-25 17:00:00,164.42130203260217
2011-12-25 18:00:00,128.4340078481877
2011-12-25 19:00:00,115.5277835435379
2011-12-25 20:00:00,80.32942546003693
2011-12-25 21:00:00,58.52799814374222
2011-12-25 22:00:00,46.24056684057476
2011-12-25 23:00:00,35.23990830324358
2011-12-26 00:00:00,37.30600418370241
2011-12-26 01:00:00,26.928103817634963
2011-12-26 02:00:00,20.468892737765287
2011-12-26 04:00:00,5.078421677693725
2011-12-26 05:00:00,6.392826603802978
2011-12-26 06:00:00,15.53326817265905
2011-12-26 07:00:00,32.67804068983767
2011-12-26 08:00:00,91.33238800789796
2011-12-26 09:00:00,118.59322182838702
2011-12-26 10:00:00,122.75692178059218
2011-12-26 11:00:00,125.01845232963446
2011-12-26 12:00:00,176.94065923003888
2011-12-26 13:00:00,200.43376726015757
2011-12-26 14:00:00,193.33525936494593
2011-12-26 15:00:00,190.83321412081506
2011-12-26 16:00:00,170.73384258374404
2011-12-26 17:00:00,165.80235663853685
2011-12-26 18:00:00,149.22488656478416
2011-12-26 19:00:00,127.24274586972292
2011-12-26 20:00:00,90.3975119420121
2011-12-26 21:00:00,68.07380227238252
2011-12-26 22:00:00,53.9870173781336
2011-12-26 23:00:00,39.972150031685736
2011-12-27 00:00:00,15.96691621667674
2011-12-27 01:00:00,7.363593349609015
2011-12-27 02:00:00,3.7486496930035926
2011-12-27 03:00:00,3.073291789836176
2011-12-27 04:00:00,3.373159531253715
2011-12-27 05:00:00,12.713310532547759
2011-12-27 06:00:00,62.15509708577737
2011-12-27 07:00:00,161.85148262278003
2011-12-27 08:00:00,305.9175186586277
2011-12-27 09:00:00,66.57407043721967
2011-12-27 10:00:00,81.8150446892806
2011-12-27 11:00:00,51.22884741289522
2011-12-27 12:00:00,53.190626520231014
2011-12-27 13:00:00,44.22289911698388
2011-12-27 14:00:00,45.95472254089009
2011-12-27 15:00:00,48.86209698027497
2011-12-27 16:00:00,61.128094813837826
2011-12-27 17:00:00,152.27974959465155
2011-12-27 18:00:00,266.22940398964346
2011-12-27 19:00:00,173.09201752549234
2011-12-27 20:00:00,118.32534835721961
2011-12-27 21:00:00,94.04002280920507
2011-12-27 22:00:00,70.52053473694258
2011-12-27 23:00:00,39.650312836561994
2011-12-28 00:00:00,18.28832816726782
2011-12-28 01:00:00,10.729150069438344
2011-12-28 02:00:00,4.253039434996683
2011-12-28 03:00:00,2.9241893319291696
2011-12-28 05:00:00,13.385169926952473
2011-12-28 06:00:00,68.22252064935103
2011-12-28 07:00:00,171.69236574336088
2011-12-28 08:00:00,308.5676805774177
2011-12-28 09:00:00,157.9445879433723
2011-12-28 10:00:00,82.18797490232937
2011-12-28 11:00:00,94.49588621362521
2011-12-28 12:00:00,93.11223458026402
2011-12-28 13:00:00,101.19115520137734
2011-12-28 14:00:00,93.71653787845209
2011-12-28 15:00:00,97.80385110365451
2011-12-28 16:00:00,133.05577845483137
2011-12-28 17:00:00,259.9003260446426
2011-12-28 18:00:00,243.08801392218018
2011-12-28 19:00:00,156.36948542319593
2011-12-28 20:00:00,124.26646345530479
2011-12-28 21:00:00,79.88029845440467
2011-12-28 22:00:00,60.29346085651912
2011-12-28 23:00:00,34.79524025116199
2011-12-29 00:00:00,14.130179569847252
2011-12-29 01:00:00,7.389487561387341
2011-12-29 02:00:00,4.154023741879968
2011-12-29 03:00:00,2.4796478947689207
2011-12-29 04:00:00,2.984476499902961
2011-12-29 05:00:00,12.368954952905865
2011-12-29 06:00:00,58.83062902992761
2011-12-29 07:00:00,154.96934778713322
2011-12-29 08:00:00,288.7571768990668
2011-12-29 09:00:00,144.85361750416794
2011-12-29 10:00:00,67.8644541959479
2011-12-29 11:00:00,74.25700956587657
2011-12-29 12:00:00,94.88648168394296
2011-12-29 13:00:00,93.06837436033732
2011-12-29 14:00:00,91.11285316280456
2011-12-29 15:00:00,94.7478574160637
2011-12-29 16:00:00,137.6157257097158
2011-12-29 17:00:00,264.78315466304593
2011-12-29 18:00:00,262.6197527337091
2011-12-29 19:00:00,167.247688118184
2011-12-29 20:00:00,128.3041097205543
2011-12-29 21:00:00,89.71628939019926
2011-12-29 22:00:00,68.48473571870512
2011-12-29 23:00:00,49.03431682109129
2011-12-30 00:00:00,29.771157358167315
2011-12-30 01:00:00,12.752168748492405
2011-12-30 02:00:00,6.704173332912303
2011-12-30 03:00:00,3.5273019165390176
2011-12-30 04:00:00,2.9879711585689845
2011-12-30 05:00:00,12.411577008267203
2011-12-30 06:00:00,56.2335850022276
2011-12-30 07:00:00,147.0439043682639
2011-12-30 08:00:00,291.7052203617103
2011-12-30 09:00:00,162.63058908772598
2011-12-30 10:00:00,86.94626635456272
2011-12-30 11:00:00,102.55966002550284
2011-12-30 12:00:00,137.31147596456634
2011-12-30 13:00:00,143.28335419872687
2011-12-30 14:00:00,139.5171502118413
2011-12-30 15:00:00,164.01420852058055
2011-12-30 16:00:00,211.86452374459705
2011-12-30 17:00:00,322.8032027842633
2011-12-30 18:00:00,278.27575295251484
2011-12-30 19:00:00,147.27460876989903
2011-12-30 20:00:00,121.87667323529976
2011-12-30 21:00:00,94.33860391878957
2011-12-30 22:00:00,83.72109487918767
2011-12-30 23:00:00,64.80780045009729
2011-12-31 00:00:00,62.37818163506866
2011-12-31 01:00:00,52.70786506426793
2011-12-31 02:00:00,39.72584319337228
2011-12-31 03:00:00,15.125831820509301
2011-12-31 04:00:00,5.2672195711021566
2011-12-31 05:00:00,5.232482023958626
2011-12-31 06:00:00,11.699880439581303
2011-12-31 07:00:00,19.253024157816693
2011-12-31 08:00:00,70.47970223006035
2011-12-31 09:00:00,106.59429791921086
2011-12-31 10:00:00,165.52086442288825
2011-12-31 11:00:00,205.58576809261407
2011-12-31 12:00:00,310.96833573926267
2011-12-31 13:00:00,298.52069642580824
2011-12-31 14:00:00,269.0675242010303
2011-12-31 15:00:00,253.37269374851257
2011-12-31 16:00:00,236.22102186109032
2011-12-31 17:00:00,213.31037780008498
2011-12-31 18:00:00,184.58377059013267
2011-12-31 19:00:00,170.42746080255205
2011-12-31 20:00:00,121.5718772690373
2011-12-31 21:00:00,96.808954988932
2011-12-31 22:00:00,84.19393914467743
2011-12-31 23:00:00,60.77558657946228
2012-01-20 00:00:00,30.808628774793966
2012-01-20 01:00:00,17.176025235876963
2012-01-20 02:00:00,6.988900484995304
2012-01-20 03:00:00,3.4080961373759964
2012-01-20 04:00:00,3.0608082230195666
2012-01-20 05:00:00,16.943172361440684
2012-01-20 06:00:00,71.48114086092717
2012-01-20 07:00:00,215.40949603444878
2012-01-20 08:00:00,430.60570167826097
2012-01-20 09:00:00,218.51617725234252
2012-01-20 10:00:00,101.01198561840718
2012-01-20 11:00:00,96.30615933730556
2012-01-20 12:00:00,136.74802165388627
2012-01-20 13:00:00,162.6348903996626
2012-01-20 14:00:00,137.53803280175862
2012-01-20 15:00:00,159.5521963009172
2012-01-20 16:00:00,183.59319043191894
2012-01-20 17:00:00,321.7618800672438
2012-01-20 18:00:00,283.25566382874996
2012-01-20 19:00:00,175.7217960346381
2012-01-20 20:00:00,123.42049940755439
2012-01-20 21:00:00,90.76833898044126
2012-01-20 22:00:00,77.10944844789768
2012-01-20 23:00:00,50.67792471119695
2012-01-21 00:00:00,42.457635571464166
2012-01-21 01:00:00,35.94752981370812
2012-01-21 02:00:00,29.235934458146282
2012-01-21 03:00:00,15.454930674216882
2012-01-21 04:00:00,4.980837247470791
2012-01-21 05:00:00,4.02169094589844
2012-01-21 06:00:00,6.875505331745712
2012-01-21 07:00:00,20.502524388944583
2012-01-21 08:00:00,67.15875656245214
2012-01-21 09:00:00,84.50803693756424
2012-01-21 10:00:00,102.92226249849745
2012-01-21 11:00:00,186.71371795307758
2012-01-21 12:00:00,222.71033857791934
2012-01-21 13:00:00,214.576532351145
2012-01-21 14:00:00,147.10107942271898
2012-01-21 15:00:00,140.50616979499176
2012-01-21 16:00:00,163.9779990954579
2012-01-21 17:00:00,133.22424223682415
2012-01-21 18:00:00,117.22323788186443
2012-01-21 19:00:00,98.92120668567043
2012-01-21 20:00:00,75.04017645172405
2012-01-21 21:00:00,69.34598029944226
2012-01-21 22:00:00,57.54357877526123
2012-01-21 23:00:00,51.216167646587586
2012-01-22 00:00:00,47.923690116809276
2012-01-22 01:00:00,41.603906973990306
2012-01-22 02:00:00,33.46993922214915
2012-01-22 03:00:00,17.24049653582756
2012-01-22 04:00:00,4.581865412182257
2012-01-22 05:00:00,3.974518664043
2012-01-22 06:00:00,4.126042433593597
2012-01-22 07:00:00,15.367774483345423
2012-01-22 08:00:00,43.87491547117806
2012-01-22 09:00:00,77.45723360743327
2012-01-22 10:00:00,114.99189757948544
2012-01-22 11:00:00,115.43284966291928
2012-01-22 12:00:00,187.1497712130647
2012-01-22 13:00:00,210.06402034497546
2012-01-22 14:00:00,192.4681308520682
2012-01-22 15:00:00,174.51835813365622
2012-01-22 16:00:00,167.55357240525234
2012-01-22 17:00:00,141.9264125278306
2012-01-22 18:00:00,93.12764633242173
2012-01-22 19:00:00,84.97669052348908
2012-01-22 20:00:00,63.38651541786153
2012-01-22 21:00:00,56.65492637285202
2012-01-22 22:00:00,46.084536354996835
2012-01-22 23:00:00,33.25919807770768
2012-01-23 00:00:00,15.61611507156713
2012-01-23 01:00:00,5.889461070824842
2012-01-23 02:00:00,4.025254076374574
2012-01-23 03:00:00,2.659793190547585
2012-01-23 04:00:00,2.9155702102419747
2012-01-23 05:00:00,16.449490001534365
2012-01-23 06:00:00,71.70843553021402
2012-01-23 07:00:00,133.136572115092
2012-01-23 08:00:00,218.12110462077925
2012-01-23 09:00:00,194.43233990985544
2012-01-23 10:00:00,82.32357840417522
2012-01-23 11:00:00,82.8600222891262
2012-01-23 12:00:00,86.07022017839074
2012-01-23 13:00:00,61.02778057505713
2012-01-23 14:00:00,61.129915901435616
2012-01-23 15:00:00,85.13190769872094
2012-01-23 16:00:00,144.89531921933735
2012-01-23 17:00:00,275.20989051214906
2012-01-23 18:00:00,276.35089133186824
2012-01-23 19:00:00,187.65694034254537
2012-01-23 20:00:00,141.5947791553974
2012-01-23 21:00:00,71.75723893188503
2012-01-23 22:00:00,65.83757560598752
2012-01-23 23:00:00,39.06232795272081
2012-01-24 00:00:00,14.593401877302957
2012-01-24 01:00:00,6.0401676159676025
2012-01-24 02:00:00,3.8096843980702824
2012-01-24 03:00:00,2.409573893411531
2012-01-24 04:00:00,2.736309153683261
2012-01-24 05:00:00,18.385734346942677
2012-01-24 06:00:00,76.48468889822638
2012-01-24 07:00:00,234.65854555648954
2012-01-24 08:00:00,414.11818745794596
2012-01-24 09:00:00,204.02049850703082
2012-01-24 10:00:00,98.98676070230158
2012-01-24 11:00:00,103.79935174071127
2012-01-24 12:00:00,112.64145854116097
2012-01-24 13:00:00,109.79375781288022
2012-01-24 14:00:00,117.39096150781056
2012-01-24 15:00:00,127.68727762215617
2012-01-24 16:00:00,227.44503594997562
2012-01-24 17:00:00,460.1887239506045
2012-01-24 18:00:00,440.4173118989195
2012-01-24 19:00:00,327.44667892079013
2012-01-24 20:00:00,186.9128518793326
2012-01-24 21:00:00,130.34586538591873
2012-01-24 22:00:00,95.46200541806962
2012-01-24 23:00:00,56.10349853392554
2012-01-25 00:00:00,19.897168163113328
2012-01-25 01:00:00,6.931897003651233
2012-01-25 02:00:00,4.6190781559783645
2012-01-25 03:00:00,3.250869684493096
2012-01-25 04:00:00,2.3559818415473073
2012-01-25 05:00:00,18.645118506798518
2012-01-25 06:00:00,79.8208563258868
2012-01-25 07:00:00,252.32227637828115
2012-01-25 08:00:00,435.3943029942531
2012-01-25 09:00:00,218.57027628853422
2012-01-25 10:00:00,94.92906505386226
2012-01-25 11:00:00,103.47452156891865
2012-01-25 12:00:00,139.69868303467652
2012-01-25 13:00:00,134.94402552303086
2012-01-25 14:00:00,125.1892889859289
2012-01-25 15:00:00,134.74059463847163
2012-01-25 16:00:00,203.55240923142327
2012-01-25 17:00:00,406.1658041422475
2012-01-25 18:00:00,378.7249651297939
2012-01-25 19:00:00,260.42271296129286
2012-01-25 20:00:00,181.03292886639986
2012-01-25 21:00:00,123.49048738318147
2012-01-25 22:00:00,97.57980157845805
2012-01-25 23:00:00,54.58688175203971
2012-01-26 00:00:00,20.47561018904929
2012-01-26 01:00:00,7.619865857976723
2012-01-26 02:00:00,5.376136205240815
2012-01-26 03:00:00,3.01582020192018
2012-01-26 04:00:00,3.5288485483742433
2012-01-26 05:00:00,20.703825484942435
2012-01-26 06:00:00,82.72553595736763
2012-01-26 07:00:00,250.00842032017755
2012-01-26 08:00:00,444.33026113764254
2012-01-26 09:00:00,222.05324320339344
2012-01-26 10:00:00,99.64870304516526
2012-01-26 11:00:00,95.13353590285585
2012-01-26 12:00:00,123.9369024498518
2012-01-26 13:00:00,128.97396188355353
2012-01-26 14:00:00,126.95397690388275
2012-01-26 15:00:00,143.05082497543555
2012-01-26 16:00:00,216.3810696276194
2012-01-26 17:00:00,424.1917593968477
2012-01-26 18:00:00,423.50133059905755
2012-01-26 19:00:00,270.94419377040333
2012-01-26 20:00:00,194.07934447629674
2012-01-26 21:00:00,126.79184297633046
2012-01-26 22:00:00,115.35365296678839
2012-01-26 23:00:00,69.60243781525419
2012-01-27 00:00:00,40.90302218141893
2012-01-27 01:00:00,19.436411398434203
2012-01-27 02:00:00,11.428243707314444
2012-01-27 03:00:00,4.376546369928858
2012-01-27 04:00:00,2.5160022323130065
2012-01-27 05:00:00,20.55719235774872
2012-01-27 06:00:00,72.09656762224812
2012-01-27 07:00:00,181.6195332072844
2012-01-27 08:00:00,232.1468199059077
2012-01-27 09:00:00,114.15162781850634
2012-01-27 10:00:00,79.45264800842293
2012-01-27 11:00:00,153.41653926220715
2012-01-27 12:00:00,209.61735717422903
2012-01-27 13:00:00,246.47811659079372
2012-01-27 14:00:00,235.5513475361132
2012-01-27 15:00:00,235.29768408801476
2012-01-27 16:00:00,276.23935454226114
2012-01-27 17:00:00,427.933299707559
2012-01-27 18:00:00,386.80964062005876
2012-01-27 19:00:00,225.62154715617564
2012-01-27 20:00:00,154.07249324968078
2012-01-27 21:00:00,115.47309104436238
2012-01-27 22:00:00,106.78383272627488
2012-01-27 23:00:00,74.19139201050147
2012-01-28 00:00:00,60.64723588812669
2012-01-28 01:00:00,54.30184445456341
2012-01-28 02:00:00,39.02836892374144
2012-01-28 03:00:00,20.889141082879146
2012-01-28 04:00:00,5.150395455571326
2012-01-28 05:00:00,3.5355220735917383
2012-01-28 06:00:00,7.507907147222323
2012-01-28 07:00:00,27.51312969567333
2012-01-28 08:00:00,81.55681412500667
2012-01-28 09:00:00,117.10903100297207
2012-01-28 10:00:00,184.06153196824624
2012-01-28 11:00:00,227.08854197862095
2012-01-28 12:00:00,254.48873142230076
2012-01-28 13:00:00,301.3324105161547
2012-01-28 14:00:00,323.12938163541145
2012-01-28 15:00:00,332.8866188887141
2012-01-28 16:00:00,350.8791537813409
2012-01-28 17:00:00,281.6254605222224
2012-01-28 18:00:00,247.90525745190604
2012-01-28 19:00:00,186.28703093288914
2012-01-28 20:00:00,141.0216323125076
2012-01-28 21:00:00,109.7765430464273
2012-01-28 22:00:00,93.0332698180313
2012-01-28 23:00:00,73.09728422973244
2012-01-29 00:00:00,65.44381371661862
2012-01-29 01:00:00,56.13305314851116
2012-01-29 02:00:00,47.034704278862094
2012-01-29 03:00:00,20.16482459673145
2012-01-29 04:00:00,5.682532770727903
2012-01-29 05:00:00,3.7207657376352414
2012-01-29 06:00:00,4.719445574902449
2012-01-29 07:00:00,18.429958882634786
2012-01-29 08:00:00,49.170315731112105
2012-01-29 09:00:00,86.72273100869467
2012-01-29 10:00:00,166.7820974894723
2012-01-29 11:00:00,205.1705186926731
2012-01-29 12:00:00,274.00549484971157
2012-01-29 13:00:00,283.6951146736339
2012-01-29 14:00:00,261.52900658154965
2012-01-29 15:00:00,271.14656639423424
2012-01-29 16:00:00,262.59274602041353
2012-01-29 17:00:00,217.6221643877734
2012-01-29 18:00:00,173.59875124278972
2012-01-29 19:00:00,133.70400530432272
2012-01-29 20:00:00,97.2601358604997
2012-01-29 21:00:00,76.49177407822087
2012-01-29 22:00:00,56.52577975800583
2012-01-29 23:00:00,41.40444909738533
2012-01-30 00:00:00,17.10992457945579
2012-01-30 01:00:00,5.958365460478773
2012-01-30 02:00:00,4.329133034392914
2012-01-30 03:00:00,2.393812825091854
2012-01-30 04:00:00,2.461710768823927
2012-01-30 05:00:00,17.245046573351193
2012-01-30 06:00:00,74.48231143739889
2012-01-30 07:00:00,231.52609315303835
2012-01-30 08:00:00,406.2758874893146
2012-01-30 09:00:00,193.79158790983809
2012-01-30 10:00:00,92.79967721687355
2012-01-30 11:00:00,100.92410054741788
2012-01-30 12:00:00,120.66305417372362
2012-01-30 13:00:00,119.82620075925502
2012-01-30 14:00:00,116.91237502439316
2012-01-30 15:00:00,119.63476831505606
2012-01-30 16:00:00,198.93148820973386
2012-01-30 17:00:00,385.8473977107527
2012-01-30 18:00:00,386.70889037428844
2012-01-30 19:00:00,233.05718536853394
2012-01-30 20:00:00,174.83242487721785
2012-01-30 21:00:00,119.03270875397104
2012-01-30 22:00:00,80.10585432969646
2012-01-30 23:00:00,45.862786058574564
2012-01-31 00:00:00,18.658555185945588
2012-01-31 01:00:00,6.275009361307341
2012-01-31 02:00:00,4.227691766704323
2012-01-31 03:00:00,2.4622589354388746
2012-01-31 04:00:00,2.555829167470012
2012-01-31 05:00:00,19.82025472129872
2012-01-31 06:00:00,82.63048717889893
2012-01-31 07:00:00,243.79311681549223
2012-01-31 08:00:00,448.3161754443775
2012-01-31 09:00:00,217.07765906784022
2012-01-31 10:00:00,100.75615040255373
2012-01-31 11:00:00,126.99117147305924
2012-01-31 12:00:00,151.76580582572763
2012-01-31 13:00:00,174.0708526026757
2012-01-31 14:00:00,175.41926746068833
2012-01-31 15:00:00,208.97223091409418
2012-01-31 16:00:00,277.919875638408
2012-01-31 17:00:00,508.27311102228293
2012-01-31 18:00:00,507.9715138519106
2012-01-31 19:00:00,364.33852790057335
2012-01-31 20:00:00,215.51280354316398
2012-01-31 21:00:00,162.80980881562184
2012-01-31 22:00:00,110.17099760868238
2012-01-31 23:00:00,68.55403292587977
2012-02-20 00:00:00,38.565354815697226
2012-02-20 01:00:00,25.77453366001834
2012-02-20 02:00:00,18.660876922507555
2012-02-20 03:00:00,8.150575855222543
2012-02-20 05:00:00,4.701730650027823
2012-02-20 06:00:00,11.06828138046737
2012-02-20 07:00:00,22.96942145772597
2012-02-20 08:00:00,86.9811862523448
2012-02-20 09:00:00,117.00497345476288
2012-02-20 10:00:00,160.07173898087422
2012-02-20 11:00:00,204.27788363110443
2012-02-20 12:00:00,218.22500863388552
2012-02-20 13:00:00,236.47131359727248
2012-02-20 14:00:00,249.2742058703042
2012-02-20 15:00:00,248.9162027294367
2012-02-20 16:00:00,288.309025643295
2012-02-20 17:00:00,287.01570418359904
2012-02-20 18:00:00,208.50672340020031
2012-02-20 19:00:00,174.64801168389005
2012-02-20 20:00:00,126.39002560914959
2012-02-20 21:00:00,85.91880074049422
2012-02-20 22:00:00,62.61978408507099
2012-02-20 23:00:00,48.86793593035116
2012-02-21 00:00:00,19.997178147262662
2012-02-21 01:00:00,5.95175431758519
2012-02-21 02:00:00,3.5578380371473703
2012-02-21 04:00:00,2.370299637933168
2012-02-21 05:00:00,17.7886974312059
2012-02-21 06:00:00,85.02722520568402
2012-02-21 07:00:00,264.9573171635951
2012-02-21 08:00:00,460.79737881701953
2012-02-21 09:00:00,232.15850245379883
2012-02-21 10:00:00,105.33042297761554
2012-02-21 11:00:00,104.85000047825125
2012-02-21 12:00:00,132.0336198545963
2012-02-21 13:00:00,140.31876019939014
2012-02-21 14:00:00,115.36168003117044
2012-02-21 15:00:00,138.89197905412462
2012-02-21 16:00:00,217.427880394199
2012-02-21 17:00:00,446.6537159898528
2012-02-21 18:00:00,443.5543187643728
2012-02-21 19:00:00,272.4194897301415
2012-02-21 20:00:00,196.57188636110155
2012-02-21 21:00:00,149.3687344420122
2012-02-21 22:00:00,98.87997914333184
2012-02-21 23:00:00,55.856817458901226
2012-02-22 00:00:00,22.631417850167868
2012-02-22 01:00:00,7.603182892247269
2012-02-22 02:00:00,4.100440039648337
2012-02-22 03:00:00,2.7417976198168237
2012-02-22 04:00:00,2.4171462663579693
2012-02-22 05:00:00,22.986080083897455
2012-02-22 06:00:00,91.94260490796206
2012-02-22 07:00:00,294.1011350895073
2012-02-22 08:00:00,497.60134186618683
2012-02-22 09:00:00,245.5564271605013
2012-02-22 10:00:00,121.37459367292881
2012-02-22 11:00:00,132.71730820146394
2012-02-22 12:00:00,164.7518145351886
2012-02-22 13:00:00,169.99855189857598
2012-02-22 14:00:00,156.2688572745055
2012-02-22 15:00:00,208.10485754254742
2012-02-22 16:00:00,291.511008054968
2012-02-22 17:00:00,531.4783937356218
2012-02-22 18:00:00,495.6386125992228
2012-02-22 19:00:00,344.82015858465644
2012-02-22 20:00:00,224.0743756829085
2012-02-22 21:00:00,179.7570605173659
2012-02-22 22:00:00,115.67294120896676
2012-02-22 23:00:00,73.86966420295238
2012-02-23 00:00:00,27.581424080055893
2012-02-23 01:00:00,9.799231776208385
2012-02-23 02:00:00,8.11885546883104
2012-02-23 03:00:00,3.2413207169335423
2012-02-23 04:00:00,3.422068765089523
2012-02-23 05:00:00,23.23451049245772
2012-02-23 06:00:00,96.74308436199742
2012-02-23 07:00:00,293.7640508791012
2012-02-23 08:00:00,481.9359976882917
2012-02-23 09:00:00,243.55233797788074
2012-02-23 10:00:00,144.33290415967778
2012-02-23 11:00:00,169.49458839822137
2012-02-23 12:00:00,224.2398091315893
2012-02-23 13:00:00,222.61318878660802
2012-02-23 14:00:00,206.83052007786424
2012-02-23 15:00:00,230.5515085142172
2012-02-23 16:00:00,317.64167757533517
2012-02-23 17:00:00,558.4757927096255
2012-02-23 18:00:00,557.2469567151757
2012-02-23 19:00:00,411.59425002511495
2012-02-23 20:00:00,252.9807699444823
2012-02-23 21:00:00,172.27548514865168
2012-02-23 22:00:00,131.53968299835262
2012-02-23 23:00:00,84.68139256158436
2012-02-24 00:00:00,45.70402177517839
2012-02-24 01:00:00,22.590934326566433
2012-02-24 02:00:00,9.04861540642628
2012-02-24 03:00:00,5.850389604905077
2012-02-24 04:00:00,3.625064727543531
2012-02-24 05:00:00,22.413210584059332
2012-02-24 06:00:00,89.18076491771166
2012-02-24 07:00:00,254.93357639857675
2012-02-24 08:00:00,463.93704699288793
2012-02-24 09:00:00,124.07304989148511
2012-02-24 10:00:00,61.40017029046555
2012-02-24 11:00:00,140.22372813088714
2012-02-24 12:00:00,209.37807999641913
2012-02-24 13:00:00,222.63256234652573
2012-02-24 14:00:00,215.6247313661738
2012-02-24 15:00:00,98.7210238373904
2012-02-24 16:00:00,118.26956757062538
2012-02-24 17:00:00,293.6709070356453
2012-02-24 18:00:00,376.46364717269086
2012-02-24 19:00:00,266.07174105613024
2012-02-24 20:00:00,197.25224505379202
2012-02-24 21:00:00,139.14934610315004
2012-02-24 22:00:00,121.75155840630791
2012-02-24 23:00:00,90.42177173566415
2012-02-25 00:00:00,73.60936633658764
2012-02-25 01:00:00,54.83672548862652
2012-02-25 02:00:00,42.43105290053563
2012-02-25 03:00:00,18.77297753365265
2012-02-25 04:00:00,5.473122468957692
2012-02-25 05:00:00,4.78099467650999
2012-02-25 06:00:00,10.07705211060149
2012-02-25 07:00:00,32.308458120958534
2012-02-25 08:00:00,83.26058730366353
2012-02-25 09:00:00,63.784544899657575
2012-02-25 10:00:00,191.30008078870497
2012-02-25 11:00:00,214.6149190767041
2012-02-25 12:00:00,245.87052408916793
2012-02-25 13:00:00,293.18925738661164
2012-02-25 14:00:00,241.7245057749065
2012-02-25 15:00:00,267.7669110574575
2012-02-25 16:00:00,218.2377885999801
2012-02-25 17:00:00,195.39995416511172
2012-02-25 18:00:00,165.97223095214892
2012-02-25 19:00:00,140.07461875578886
2012-02-25 20:00:00,93.60232587161269
2012-02-25 21:00:00,86.6979983988628
2012-02-25 22:00:00,71.56577526867905
2012-02-25 23:00:00,56.105983768071766
2012-02-26 00:00:00,60.50258042398205
2012-02-26 01:00:00,49.228601189079114
2012-02-26 02:00:00,41.73259200112382
2012-02-26 03:00:00,20.12333811237651
2012-02-26 04:00:00,4.748457546346032
2012-02-26 05:00:00,3.7502528155564123
2012-02-26 06:00:00,4.808452230006853
2012-02-26 07:00:00,16.519225709826806
2012-02-26 08:00:00,48.96165328944605
2012-02-26 09:00:00,96.75978701240307
2012-02-26 10:00:00,177.06237214045558
2012-02-26 11:00:00,219.26023749465554
2012-02-26 12:00:00,292.93667924037044
2012-02-26 13:00:00,322.4548706165952
2012-02-26 14:00:00,310.8654755719633
2012-02-26 15:00:00,310.2857737678285
2012-02-26 16:00:00,292.2028163439453
2012-02-26 17:00:00,252.61055647839532
2012-02-26 18:00:00,187.31258393930145
2012-02-26 19:00:00,151.83291409242213
2012-02-26 20:00:00,101.47927583272167
2012-02-26 21:00:00,80.10122401016044
2012-02-26 22:00:00,61.011393687105354
2012-02-26 23:00:00,41.7060899684193
2012-02-27 00:00:00,18.28350576620983
2012-02-27 01:00:00,5.132872235383847
2012-02-27 02:00:00,3.3378011875175653
2012-02-27 03:00:00,2.5779501621942096
2012-02-27 04:00:00,2.5507096016320525
2012-02-27 05:00:00,19.715063295893252
2012-02-27 06:00:00,81.10231524711479
2012-02-27 07:00:00,264.39397817566885
2012-02-27 08:00:00,455.6478598089855
2012-02-27 09:00:00,231.37323414830786
2012-02-27 10:00:00,109.29855737016092
2012-02-27 11:00:00,127.67664681474147
2012-02-27 12:00:00,160.4499788523932
2012-02-27 13:00:00,157.78170920696215
2012-02-27 14:00:00,169.17894400782035
2012-02-27 15:00:00,210.17841120599604
2012-02-27 16:00:00,292.1029891743801
2012-02-27 17:00:00,520.0325799976367
2012-02-27 18:00:00,513.4381272973751
2012-02-27 19:00:00,382.3282260001173
2012-02-27 20:00:00,240.1988472841925
2012-02-27 21:00:00,174.03568278780128
2012-02-27 22:00:00,112.82486165867056
2012-02-27 23:00:00,64.35366523151424
2012-02-28 00:00:00,25.92638867426537
2012-02-28 01:00:00,9.239607453137383
2012-02-28 02:00:00,5.895817517715361
2012-02-28 03:00:00,2.8464132871178998
2012-02-28 04:00:00,2.5805442262537364
2012-02-28 05:00:00,19.916503041411787
2012-02-28 06:00:00,86.23579378809767
2012-02-28 07:00:00,267.8022564085679
2012-02-28 08:00:00,466.41699117532977
2012-02-28 09:00:00,234.63124080172463
2012-02-28 10:00:00,110.22649862643844
2012-02-28 11:00:00,124.9687688435532
2012-02-28 12:00:00,156.4435279152738
2012-02-28 13:00:00,146.64178872052946
2012-02-28 14:00:00,145.55259382570355
2012-02-28 15:00:00,166.03036397736943
2012-02-28 16:00:00,261.2034480819533
2012-02-28 17:00:00,492.61276591067076
2012-02-28 18:00:00,490.26373022065496
2012-02-28 19:00:00,342.5206362497895
2012-02-28 20:00:00,230.78026120792703
2012-02-28 21:00:00,147.73759785702296
2012-02-28 22:00:00,107.61916580133429
2012-02-28 23:00:00,55.87564864391744
2012-02-29 00:00:00,23.263163401925855
2012-02-29 01:00:00,7.495970725643535
2012-02-29 02:00:00,4.161992706529125
2012-02-29 03:00:00,2.246976186561226
2012-02-29 05:00:00,21.551123894390017
2012-02-29 06:00:00,86.50783741014284
2012-02-29 07:00:00,271.8200714383352
2012-02-29 08:00:00,478.7644564102132
2012-02-29 09:00:00,117.79811258846449
2012-02-29 10:00:00,57.598697001076516
2012-02-29 11:00:00,58.05880824399992
2012-02-29 12:00:00,48.78472265766091
2012-02-29 13:00:00,108.67163820579506
2012-02-29 14:00:00,107.825074270558
2012-02-29 15:00:00,126.83038964416534
2012-02-29 16:00:00,96.98296428726215
2012-02-29 17:00:00,379.1254174293092
2012-02-29 18:00:00,272.8751444542472
2012-02-29 19:00:00,284.12158737179846
2012-02-29 20:00:00,97.16450842355422
2012-02-29 21:00:00,80.69395655413317
2012-02-29 22:00:00,63.027747178138256
2012-02-29 23:00:00,50.59792814920365
2012-03-20 00:00:00,28.18499493103528
2012-03-20 01:00:00,14.090305793017361
2012-03-20 02:00:00,6.280219756635063
2012-03-20 03:00:00,3.44620128536694
2012-03-20 04:00:00,3.916658966364962
2012-03-20 05:00:00,26.706118795880823
2012-03-20 06:00:00,126.17182850051724
2012-03-20 07:00:00,144.65621943985354
2012-03-20 08:00:00,571.4714146596742
2012-03-20 09:00:00,310.6130803379455
2012-03-20 10:00:00,165.8800068077134
2012-03-20 11:00:00,169.88494470308132
2012-03-20 12:00:00,234.1482381612522
2012-03-20 13:00:00,227.07599421173617
2012-03-20 14:00:00,205.3579835747556
2012-03-20 15:00:00,242.12361003647376
2012-03-20 16:00:00,373.7285184436809
2012-03-20 17:00:00,657.6090257793244
2012-03-20 18:00:00,659.9169270379066
2012-03-20 19:00:00,486.20533216384774
2012-03-20 20:00:00,337.419881077935
2012-03-20 21:00:00,238.85547137519882
2012-03-20 22:00:00,166.3551362411083
2012-03-20 23:00:00,88.63633257881017
2012-03-21 00:00:00,36.29596284920977
2012-03-21 01:00:00,15.719456876242637
2012-03-21 02:00:00,7.211493125193382
2012-03-21 03:00:00,3.8566568687651097
2012-03-21 04:00:00,4.160317528427354
2012-03-21 05:00:00,30.539967775874526
2012-03-21 06:00:00,126.35070384456051
2012-03-21 07:00:00,142.47422341120898
2012-03-21 08:00:00,363.316715472997
2012-03-21 09:00:00,310.6972230010254
2012-03-21 10:00:00,163.98552026114584
2012-03-21 11:00:00,159.43206982753097
2012-03-21 12:00:00,232.5587252967626
2012-03-21 13:00:00,178.24262937958326
2012-03-21 14:00:00,199.83084380869602
2012-03-21 15:00:00,220.30080889422464
2012-03-21 16:00:00,377.0802191234874
2012-03-21 17:00:00,703.048945067369
2012-03-21 18:00:00,696.7438445035685
2012-03-21 19:00:00,514.8769635248087
2012-03-21 20:00:00,333.0252308329892
2012-03-21 21:00:00,218.0926110669964
2012-03-21 22:00:00,175.7449567072481
2012-03-21 23:00:00,112.2482035804335
2012-03-22 00:00:00,43.838592300924574
2012-03-22 01:00:00,17.823242832049846
2012-03-22 02:00:00,9.674252125354936
2012-03-22 03:00:00,5.240134372265651
2012-03-22 04:00:00,4.675309822982319
2012-03-22 05:00:00,25.117041877640624
2012-03-22 06:00:00,128.84426955319557
2012-03-22 07:00:00,355.8740483124158
2012-03-22 08:00:00,580.7205466616983
2012-03-22 09:00:00,298.4201239377976
2012-03-22 10:00:00,158.98175045588184
2012-03-22 11:00:00,156.68522616246577
2012-03-22 12:00:00,192.89938153198668
2012-03-22 13:00:00,241.26804315901174
2012-03-22 14:00:00,231.99310409755967
2012-03-22 15:00:00,272.6706105256338
2012-03-22 16:00:00,395.8292889713628
2012-03-22 17:00:00,742.9917561260152
2012-03-22 18:00:00,747.9500876358211
2012-03-22 19:00:00,540.9546842659005
2012-03-22 20:00:00,353.91867625062895
2012-03-22 21:00:00,257.0619979393131
2012-03-22 22:00:00,189.67955233993797
2012-03-22 23:00:00,118.8832429519852
2012-03-23 00:00:00,59.763801593532335
2012-03-23 01:00:00,31.743780780991273
2012-03-23 02:00:00,14.47057618059787
2012-03-23 03:00:00,6.931020611535322
2012-03-23 04:00:00,5.209759286457931
2012-03-23 05:00:00,27.58244434333853
2012-03-23 06:00:00,127.26310266936252
2012-03-23 07:00:00,323.5528308596406
2012-03-23 08:00:00,572.7251043590506
2012-03-23 09:00:00,318.4272754946992
2012-03-23 10:00:00,181.82693701421258
2012-03-23 11:00:00,258.4043413217794
2012-03-23 12:00:00,336.99674811434676
2012-03-23 13:00:00,346.8329040470944
2012-03-23 14:00:00,318.22012176503085
2012-03-23 15:00:00,359.0088142745801
2012-03-23 16:00:00,497.4507432353049
2012-03-23 17:00:00,756.2954988321187
2012-03-23 18:00:00,656.7043389049635
2012-03-23 19:00:00,478.4251798071608
2012-03-23 20:00:00,327.3138180965765
2012-03-23 21:00:00,269.15767133751405
2012-03-23 22:00:00,230.9215505389613
2012-03-23 23:00:00,176.08111412465925
2012-03-24 00:00:00,128.67536232080516
2012-03-24 01:00:00,89.58237155215375
2012-03-24 02:00:00,63.642127540770524
2012-03-24 03:00:00,32.951273100989496
2012-03-24 04:00:00,11.185704312835075
2012-03-24 05:00:00,11.556189486543426
2012-03-24 06:00:00,31.824407145430072
2012-03-24 07:00:00,58.93963013888363
2012-03-24 08:00:00,185.44059756652845
2012-03-24 09:00:00,231.06828877395517
2012-03-24 10:00:00,316.41780442149104
2012-03-24 11:00:00,337.69782350381274
2012-03-24 12:00:00,228.1729205483921
2012-03-24 13:00:00,220.3667704529636
2012-03-24 14:00:00,165.95798229641213
2012-03-24 15:00:00,144.6730559692
2012-03-24 16:00:00,162.1392941022004
2012-03-24 17:00:00,153.27766638273542
2012-03-24 18:00:00,117.76817390163474
2012-03-24 19:00:00,119.39971943541443
2012-03-24 20:00:00,93.36905362500752
2012-03-24 21:00:00,85.312108018638
2012-03-24 22:00:00,75.3914731005458
2012-03-24 23:00:00,91.90593142710983
2012-03-25 00:00:00,73.76095960105067
2012-03-25 01:00:00,68.92291557110458
2012-03-25 02:00:00,43.52832423435356
2012-03-25 03:00:00,21.65877617426165
2012-03-25 04:00:00,9.587904733735929
2012-03-25 05:00:00,8.492257228832372
2012-03-25 06:00:00,15.153280619841148
2012-03-25 07:00:00,32.897662895756866
2012-03-25 08:00:00,85.21363254046588
2012-03-25 09:00:00,156.27060211692282
2012-03-25 10:00:00,220.36791302750012
2012-03-25 11:00:00,269.4523014669422
2012-03-25 12:00:00,314.4371515274905
2012-03-25 13:00:00,368.957850869431
2012-03-25 14:00:00,351.0336937800321
2012-03-25 15:00:00,339.6086548850724
2012-03-25 16:00:00,406.10919457258996
2012-03-25 17:00:00,429.42075403390857
2012-03-25 18:00:00,372.19827865210493
2012-03-25 19:00:00,303.98475671279584
2012-03-25 20:00:00,200.40311059930863
2012-03-25 21:00:00,162.1599148900707
2012-03-25 22:00:00,110.4144711680537
2012-03-25 23:00:00,69.75774415031252
2012-03-26 00:00:00,30.369647599357727
2012-03-26 01:00:00,14.298698857850324
2012-03-26 02:00:00,7.60603924759439
2012-03-26 03:00:00,4.057616193298676
2012-03-26 04:00:00,5.23271864089258
2012-03-26 05:00:00,30.341159130886812
2012-03-26 06:00:00,125.49917674493948
2012-03-26 07:00:00,367.7401945289654
2012-03-26 08:00:00,618.469063166698
2012-03-26 09:00:00,294.0221450655703
2012-03-26 10:00:00,173.72950658003876
2012-03-26 11:00:00,193.42471423494112
2012-03-26 12:00:00,237.07575606244308
2012-03-26 13:00:00,224.6334912035258
2012-03-26 14:00:00,214.62342957265625
2012-03-26 15:00:00,229.18262599038957
2012-03-26 16:00:00,326.06922077668025
2012-03-26 17:00:00,636.5433074537862
2012-03-26 18:00:00,597.605876828911
2012-03-26 19:00:00,384.15786397653653
2012-03-26 20:00:00,251.7526828556413
2012-03-26 21:00:00,168.87987273164129
2012-03-26 22:00:00,112.43547930919861
2012-03-26 23:00:00,53.122532904625885
2012-03-27 00:00:00,25.13360018404182
2012-03-27 01:00:00,9.433948932774065
2012-03-27 02:00:00,4.9404851956929186
2012-03-27 03:00:00,2.935670425382501
2012-03-27 04:00:00,3.206191653411378
2012-03-27 05:00:00,20.53322281171822
2012-03-27 06:00:00,106.03917802535979
2012-03-27 07:00:00,330.48614321353057
2012-03-27 08:00:00,582.2284800425098
2012-03-27 09:00:00,290.6988584669276
2012-03-27 10:00:00,133.78839351540998
2012-03-27 11:00:00,153.04144913938194
2012-03-27 12:00:00,183.9479729273363
2012-03-27 13:00:00,193.22214640169238
2012-03-27 14:00:00,189.125321039949
2012-03-27 15:00:00,212.46910662267416
2012-03-27 16:00:00,306.3305943862918
2012-03-27 17:00:00,625.7494132241127
2012-03-27 18:00:00,601.7059931310353
2012-03-27 19:00:00,403.76503923597863
2012-03-27 20:00:00,285.7606684590845
2012-03-27 21:00:00,175.3544292352834
2012-03-27 22:00:00,129.60139087371107
2012-03-27 23:00:00,71.19044156676335
2012-03-28 00:00:00,27.23973275347428
2012-03-28 01:00:00,9.213573489215518
2012-03-28 02:00:00,5.094601837603571
2012-03-28 03:00:00,2.977752093755565
2012-03-28 04:00:00,2.976157792378415
2012-03-28 05:00:00,26.619381373265504
2012-03-28 06:00:00,114.83997020731593
2012-03-28 07:00:00,347.6540651188966
2012-03-28 08:00:00,613.0239407312946
2012-03-28 09:00:00,296.67156661460467
2012-03-28 10:00:00,180.8686541044593
2012-03-28 11:00:00,213.06472885491084
2012-03-28 12:00:00,260.6287856964029
2012-03-28 13:00:00,263.9202873575887
2012-03-28 14:00:00,243.7966874279641
2012-03-28 15:00:00,268.01577300253865
2012-03-28 16:00:00,255.10463772883338
2012-03-28 17:00:00,724.4749731525014
2012-03-28 18:00:00,723.9164258366739
2012-03-28 19:00:00,552.2815093036497
2012-03-28 20:00:00,372.9084905273904
2012-03-28 21:00:00,266.9715721312369
2012-03-28 22:00:00,207.76275958705548
2012-03-28 23:00:00,115.74471335539131
2012-03-29 00:00:00,42.28435818762368
2012-03-29 01:00:00,17.228716547788277
2012-03-29 02:00:00,10.140599505455139
2012-03-29 03:00:00,4.347787801563901
2012-03-29 04:00:00,5.28292026743945
2012-03-29 05:00:00,32.22875080467349
2012-03-29 06:00:00,134.8068541529454
2012-03-29 07:00:00,386.6674440549621
2012-03-29 08:00:00,652.5222292667673
2012-03-29 09:00:00,323.24466281185323
2012-03-29 10:00:00,181.8559334973298
2012-03-29 11:00:00,215.12791214956584
2012-03-29 12:00:00,255.90508444256696
2012-03-29 13:00:00,229.98950496664978
2012-03-29 14:00:00,229.72702401843267
2012-03-29 15:00:00,260.0342966747297
2012-03-29 16:00:00,380.23519207821823
2012-03-29 17:00:00,685.9161052776834
2012-03-29 18:00:00,669.9611491180917
2012-03-29 19:00:00,458.52420534119506
2012-03-29 20:00:00,299.10089884581646
2012-03-29 21:00:00,204.61364815083988
2012-03-29 22:00:00,159.2870103656217
2012-03-29 23:00:00,93.67820364355109
2012-03-30 00:00:00,53.273295775362776
2012-03-30 01:00:00,25.57843873661719
2012-03-30 02:00:00,10.048887051338426
2012-03-30 03:00:00,5.270667758062322
2012-03-30 04:00:00,4.313254087651135
2012-03-30 05:00:00,25.1081365646114
2012-03-30 06:00:00,97.5268049278599
2012-03-30 07:00:00,305.7910270530813
2012-03-30 08:00:00,592.0025367929932
2012-03-30 09:00:00,313.0038763810023
2012-03-30 10:00:00,170.4405361408366
2012-03-30 11:00:00,193.1297661475982
2012-03-30 12:00:00,257.78915762852097
2012-03-30 13:00:00,144.28627352103513
2012-03-30 14:00:00,127.77999576242374
2012-03-30 15:00:00,143.2031228807948
2012-03-30 16:00:00,181.0153966568074
2012-03-30 17:00:00,545.3280180469598
2012-03-30 18:00:00,511.8666579408961
2012-03-30 19:00:00,328.9746171655769
2012-03-30 20:00:00,234.54026399027765
2012-03-30 21:00:00,173.59417083489467
2012-03-30 22:00:00,145.96993644304834
2012-03-30 23:00:00,125.75776083757901
2012-03-31 00:00:00,98.29393314687503
2012-03-31 01:00:00,71.268073791704
2012-03-31 02:00:00,54.660838234529386
2012-03-31 03:00:00,25.55530015511848
2012-03-31 04:00:00,9.208827459747981
2012-03-31 05:00:00,9.505217473891266
2012-03-31 06:00:00,19.890928760301797
2012-03-31 07:00:00,52.77998812712517
2012-03-31 08:00:00,136.02547660114482
2012-03-31 09:00:00,212.467354176728
2012-03-31 10:00:00,295.69001546066266
2012-03-31 11:00:00,416.5950368889927
2012-03-31 12:00:00,498.427631049531
2012-03-31 13:00:00,550.1741222678834
2012-03-31 14:00:00,474.0191033691531
2012-03-31 15:00:00,484.0861539712557
2012-03-31 16:00:00,478.2255389593164
2012-03-31 17:00:00,421.36730270625054
2012-03-31 18:00:00,279.5256126811282
2012-03-31 19:00:00,268.5769300354808
2012-03-31 20:00:00,176.63731641709222
2012-03-31 21:00:00,153.73254302813544
2012-03-31 22:00:00,134.35155447111777
2012-03-31 23:00:00,86.48751113285165
2012-04-20 00:00:00,60.95570291346506
2012-04-20 01:00:00,33.123818187988924
2012-04-20 02:00:00,13.242806114060011
2012-04-20 03:00:00,6.943298806434939
2012-04-20 04:00:00,5.019110166511034
2012-04-20 05:00:00,28.19059090902131
2012-04-20 06:00:00,119.59929629964307
2012-04-20 07:00:00,323.5548899525148
2012-04-20 08:00:00,600.1100475771669
2012-04-20 09:00:00,344.4228664037056
2012-04-20 10:00:00,218.8929741789209
2012-04-20 11:00:00,278.5535698233365
2012-04-20 12:00:00,357.3470213593598
2012-04-20 13:00:00,380.684872573913
2012-04-20 14:00:00,337.8360488244781
2012-04-20 15:00:00,380.61999670396045
2012-04-20 16:00:00,539.1256549026608
2012-04-20 17:00:00,770.478451665168
2012-04-20 18:00:00,656.0047187445024
2012-04-20 19:00:00,506.1023901307578
2012-04-20 20:00:00,320.06770502956954
2012-04-20 21:00:00,251.69307400289802
2012-04-20 22:00:00,219.5959784306833
2012-04-20 23:00:00,181.8445029465299
2012-04-21 00:00:00,129.76715075059033
2012-04-21 01:00:00,87.72988015192038
2012-04-21 02:00:00,63.42498924016401
2012-04-21 03:00:00,30.92522300521951
2012-04-21 04:00:00,9.854914801708231
2012-04-21 05:00:00,11.745457647586072
2012-04-21 06:00:00,32.845054909335104
2012-04-21 07:00:00,61.99063575077845
2012-04-21 08:00:00,196.18888703985118
2012-04-21 09:00:00,277.33824193609837
2012-04-21 10:00:00,402.9892285700636
2012-04-21 11:00:00,489.7484054119007
2012-04-21 12:00:00,590.9917915698354
2012-04-21 13:00:00,599.5314596030745
2012-04-21 14:00:00,588.924608960906
2012-04-21 15:00:00,599.4073081669395
2012-04-21 16:00:00,609.3909730897149
2012-04-21 17:00:00,587.714309451598
2012-04-21 18:00:00,459.5812878062475
2012-04-21 19:00:00,178.83612031023128
2012-04-21 20:00:00,80.37975265005896
2012-04-21 21:00:00,83.89818601852309
2012-04-21 22:00:00,175.31706033622106
2012-04-21 23:00:00,104.3403945305355
2012-04-22 00:00:00,91.38168168290238
2012-04-22 01:00:00,78.95678326425323
2012-04-22 02:00:00,62.58251585511917
2012-04-22 03:00:00,34.78834151036539
2012-04-22 04:00:00,12.261131788935618
2012-04-22 05:00:00,10.6920090567085
2012-04-22 06:00:00,18.55934614605078
2012-04-22 07:00:00,34.27457351814753
2012-04-22 08:00:00,68.84379257636202
2012-04-22 09:00:00,92.55482724629375
2012-04-22 10:00:00,113.11670546295316
2012-04-22 11:00:00,123.09131394762632
2012-04-22 12:00:00,136.96138414940782
2012-04-22 13:00:00,165.4100754536094
2012-04-22 14:00:00,135.90145228612167
2012-04-22 15:00:00,132.47718848779385
2012-04-22 16:00:00,119.94289919672471
2012-04-22 17:00:00,96.53173104634412
2012-04-22 18:00:00,78.49195942464445
2012-04-22 19:00:00,69.56692161203775
2012-04-22 20:00:00,74.2081593906458
2012-04-22 21:00:00,67.55323264651376
2012-04-22 22:00:00,51.32174938386615
2012-04-22 23:00:00,45.30651140552481
2012-04-23 00:00:00,19.642917682907278
2012-04-23 01:00:00,7.873437111772132
2012-04-23 02:00:00,4.7217999869433775
2012-04-23 03:00:00,2.528728333531211
2012-04-23 04:00:00,2.7743949954523215
2012-04-23 05:00:00,19.147499666203608
2012-04-23 06:00:00,96.31492557674764
2012-04-23 07:00:00,140.90449262222367
2012-04-23 08:00:00,549.1317965567977
2012-04-23 09:00:00,271.52552670952434
2012-04-23 10:00:00,130.92304278284612
2012-04-23 11:00:00,141.6048335245889
2012-04-23 12:00:00,96.10436708451348
2012-04-23 13:00:00,108.01813486290916
2012-04-23 14:00:00,98.41365954312262
2012-04-23 15:00:00,186.05593194409104
2012-04-23 16:00:00,102.95421808693567
2012-04-23 17:00:00,273.3614883923943
2012-04-23 18:00:00,329.00154631502824
2012-04-23 19:00:00,329.6493125864399
2012-04-23 20:00:00,247.40978172555307
2012-04-23 21:00:00,149.47783967144403
2012-04-23 22:00:00,112.93407891398155
2012-04-23 23:00:00,62.48037283416242
2012-04-24 00:00:00,25.290648180976806
2012-04-24 01:00:00,10.06991023543875
2012-04-24 02:00:00,4.918956026809308
2012-04-24 03:00:00,2.7184071519132904
2012-04-24 04:00:00,2.8099751073136985
2012-04-24 05:00:00,26.869742250462537
2012-04-24 06:00:00,112.41725828532967
2012-04-24 07:00:00,352.5903907797482
2012-04-24 08:00:00,631.9820263111088
2012-04-24 09:00:00,317.23043298080603
2012-04-24 10:00:00,171.5341906519318
2012-04-24 11:00:00,202.18628691868506
2012-04-24 12:00:00,253.19437205744308
2012-04-24 13:00:00,251.4171709472414
2012-04-24 14:00:00,227.5996129303971
2012-04-24 15:00:00,251.26003875570265
2012-04-24 16:00:00,387.3386238060441
2012-04-24 17:00:00,698.9209815295295
2012-04-24 18:00:00,706.7745975990359
2012-04-24 19:00:00,490.1586473892847
2012-04-24 20:00:00,321.7257840224052
2012-04-24 21:00:00,218.24430953584
2012-04-24 22:00:00,159.47651729800555
2012-04-24 23:00:00,88.6837669495634
2012-04-25 00:00:00,36.33494302928224
2012-04-25 01:00:00,12.029533752708764
2012-04-25 02:00:00,5.564815784572567
2012-04-25 03:00:00,2.7283127032981898
2012-04-25 04:00:00,2.9528552521879194
2012-04-25 05:00:00,28.226212276586786
2012-04-25 06:00:00,120.74973052758531
2012-04-25 07:00:00,375.45876443375585
2012-04-25 08:00:00,657.3033821653376
2012-04-25 09:00:00,327.24244678924913
2012-04-25 10:00:00,200.49244956338137
2012-04-25 11:00:00,223.27487652380813
2012-04-25 12:00:00,277.1551799910121
2012-04-25 13:00:00,269.7192473965749
2012-04-25 14:00:00,242.24770506896493
2012-04-25 15:00:00,276.169745190982
2012-04-25 16:00:00,402.7174532969869
2012-04-25 17:00:00,738.8029280761377
2012-04-25 18:00:00,737.9072064646341
2012-04-25 19:00:00,535.3617959522693
2012-04-25 20:00:00,384.1049595839885
2012-04-25 21:00:00,265.07102687661495
2012-04-25 22:00:00,197.3178797912404
2012-04-25 23:00:00,106.57671918138368
2012-04-26 00:00:00,40.19441342706678
2012-04-26 01:00:00,16.229508674189166
2012-04-26 02:00:00,9.640328000908209
2012-04-26 03:00:00,5.038520295485205
2012-04-26 04:00:00,5.755060126644124
2012-04-26 05:00:00,32.337272178968206
2012-04-26 06:00:00,134.22771757716484
2012-04-26 07:00:00,127.09938174898534
2012-04-26 08:00:00,395.14127012627927
2012-04-26 09:00:00,134.8453255500445
2012-04-26 10:00:00,159.95065241268895
2012-04-26 11:00:00,164.5028732295495
2012-04-26 12:00:00,196.97455793230608
2012-04-26 13:00:00,191.83359837036042
2012-04-26 14:00:00,210.87606124670836
2012-04-26 15:00:00,179.08622622294365
2012-04-26 16:00:00,296.37660584259174
2012-04-26 17:00:00,664.294009302448
2012-04-26 18:00:00,625.9870973905427
2012-04-26 19:00:00,423.39089677267066
2012-04-26 20:00:00,367.8009396256184
2012-04-26 21:00:00,217.19997401936786
2012-04-26 22:00:00,189.14438176364303
2012-04-26 23:00:00,116.68888700381412
2012-04-27 00:00:00,58.17048274830117
2012-04-27 01:00:00,33.559419091145585
2012-04-27 02:00:00,14.950798371515948
2012-04-27 03:00:00,7.61071342554422
2012-04-27 04:00:00,5.246680526010054
2012-04-27 05:00:00,30.673699889742075
2012-04-27 06:00:00,107.63242503102785
2012-04-27 07:00:00,332.87463678642825
2012-04-27 08:00:00,637.8664067070764
2012-04-27 09:00:00,343.0869996079042
2012-04-27 10:00:00,206.1263402702191
2012-04-27 11:00:00,235.96100355966973
2012-04-27 12:00:00,321.752952512181
2012-04-27 13:00:00,328.9736632516507
2012-04-27 14:00:00,298.61634484644594
2012-04-27 15:00:00,361.6098011246627
2012-04-27 16:00:00,485.45630762590054
2012-04-27 17:00:00,710.2869919296456
2012-04-27 18:00:00,593.2398131360201
2012-04-27 19:00:00,434.185627776317
2012-04-27 20:00:00,270.3576768150961
2012-04-27 21:00:00,191.27754832705173
2012-04-27 22:00:00,178.8158500339281
2012-04-27 23:00:00,132.02278963911755
2012-04-28 00:00:00,101.63276289830488
2012-04-28 01:00:00,65.52016394341635
2012-04-28 02:00:00,57.15307090681866
2012-04-28 03:00:00,25.967799028622274
2012-04-28 04:00:00,9.83751393755925
2012-04-28 05:00:00,9.159395969819169
2012-04-28 06:00:00,23.099214618085178
2012-04-28 07:00:00,64.46983009190437
2012-04-28 08:00:00,159.0435261252537
2012-04-28 09:00:00,230.77371295888145
2012-04-28 10:00:00,324.4179075646195
2012-04-28 11:00:00,399.03612598084857
2012-04-28 12:00:00,439.2636165235135
2012-04-28 13:00:00,472.7447632616736
2012-04-28 14:00:00,491.8761291632038
2012-04-28 15:00:00,471.89193596627797
2012-04-28 16:00:00,454.6765147753049
2012-04-28 17:00:00,401.1327027363234
2012-04-28 18:00:00,196.13081539941118
2012-04-28 19:00:00,156.41251891622818
2012-04-28 20:00:00,203.2903072622638
2012-04-28 21:00:00,89.96077873277729
2012-04-28 22:00:00,135.98806025262218
2012-04-28 23:00:00,105.96592982194366
2012-04-29 00:00:00,60.33699813531728
2012-04-29 01:00:00,76.83516694197931
2012-04-29 02:00:00,60.82290025819017
2012-04-29 03:00:00,28.849916094923923
2012-04-29 04:00:00,10.436034727401386
2012-04-29 05:00:00,9.068944932995915
2012-04-29 06:00:00,16.756878242046383
2012-04-29 07:00:00,41.833889858171766
2012-04-29 08:00:00,104.82211803184732
2012-04-29 09:00:00,198.19892965870181
2012-04-29 10:00:00,319.13580275217146
2012-04-29 11:00:00,430.95889453423024
2012-04-29 12:00:00,534.5525111654853
2012-04-29 13:00:00,553.0530640164637
2012-04-29 14:00:00,550.1801711346766
2012-04-29 15:00:00,551.5475999063865
2012-04-29 16:00:00,541.1677720034302
2012-04-29 17:00:00,512.4848999918904
2012-04-29 18:00:00,451.31642167167746
2012-04-29 19:00:00,372.99199741862424
2012-04-29 20:00:00,259.8934260262776
2012-04-29 21:00:00,179.41400286823992
2012-04-29 22:00:00,120.27061078470635
2012-04-29 23:00:00,72.43546493839042
2012-04-30 00:00:00,32.28174644557599
2012-04-30 01:00:00,12.20293434940926
2012-04-30 02:00:00,6.913466434966869
2012-04-30 03:00:00,3.570542760821861
2012-04-30 04:00:00,3.5768783480500947
2012-04-30 05:00:00,26.657992055861914
2012-04-30 06:00:00,118.52485339592113
2012-04-30 07:00:00,359.85376378825146
2012-04-30 08:00:00,628.788687856669
2012-04-30 09:00:00,305.0818369314747
2012-04-30 10:00:00,157.7060404379821
2012-04-30 11:00:00,183.66344496553205
2012-04-30 12:00:00,217.9489684866101
2012-04-30 13:00:00,232.21531190828554
2012-04-30 14:00:00,221.7937392946941
2012-04-30 15:00:00,249.9994624734787
2012-04-30 16:00:00,403.3173038779827
2012-04-30 17:00:00,734.4906366752335
2012-04-30 18:00:00,699.0813824850627
2012-04-30 19:00:00,483.6569383358454
2012-04-30 20:00:00,333.85447490543817
2012-04-30 21:00:00,237.51104862032486
2012-04-30 22:00:00,157.63484162709653
2012-04-30 23:00:00,80.9512501823481
2012-05-20 00:00:00,134.78208355235103
2012-05-20 01:00:00,104.6680344053335
2012-05-20 02:00:00,80.57454578398945
2012-05-20 03:00:00,39.11427218073821
2012-05-20 04:00:00,14.666879711750749
2012-05-20 05:00:00,12.992093051975871
2012-05-20 06:00:00,24.64380276118124
2012-05-20 07:00:00,59.578297921636306
2012-05-20 08:00:00,137.1330215895581
2012-05-20 09:00:00,271.0100340929637
2012-05-20 10:00:00,410.57226067742806
2012-05-20 11:00:00,534.1329186486527
2012-05-20 12:00:00,606.9249979070252
2012-05-20 13:00:00,610.3364724617604
2012-05-20 14:00:00,588.4399817022281
2012-05-20 15:00:00,558.8835355086866
2012-05-20 16:00:00,587.7048987988373
2012-05-20 17:00:00,560.7220160683995
2012-05-20 18:00:00,473.1426923755203
2012-05-20 19:00:00,383.4188136755596
2012-05-20 20:00:00,289.2146275934371
2012-05-20 21:00:00,203.72273910682213
2012-05-20 22:00:00,133.54347202461005
2012-05-20 23:00:00,64.95015026050115
2012-05-21 00:00:00,24.5511615569888
2012-05-21 01:00:00,10.980174787354033
2012-05-21 02:00:00,5.321583919480097
2012-05-21 03:00:00,3.5324330992771693
2012-05-21 04:00:00,4.00369213033249
2012-05-21 05:00:00,22.84164619304059
2012-05-21 06:00:00,73.73235297560318
2012-05-21 07:00:00,124.62198135845776
2012-05-21 08:00:00,299.1067737621031
2012-05-21 09:00:00,139.95072542379933
2012-05-21 10:00:00,80.45179728240876
2012-05-21 11:00:00,148.68995085652173
2012-05-21 12:00:00,185.84069510089228
2012-05-21 13:00:00,87.53029363286157
2012-05-21 14:00:00,79.38347422340621
2012-05-21 15:00:00,239.73648663492423
2012-05-21 16:00:00,363.13228039264266
2012-05-21 17:00:00,687.7666267568335
2012-05-21 18:00:00,696.8651014068853
2012-05-21 19:00:00,537.1292386423044
2012-05-21 20:00:00,376.5953169055218
2012-05-21 21:00:00,268.6390493937522
2012-05-21 22:00:00,159.52715338243246
2012-05-21 23:00:00,91.75356064852542
2012-05-22 00:00:00,38.683716918169985
2012-05-22 01:00:00,14.606810669967869
2012-05-22 02:00:00,6.895615461385509
2012-05-22 03:00:00,5.030631001415291
2012-05-22 04:00:00,5.536187089171085
2012-05-22 05:00:00,24.793201238058433
2012-05-22 06:00:00,85.10196613563281
2012-05-22 07:00:00,164.6203106010323
2012-05-22 08:00:00,578.8231792349602
2012-05-22 09:00:00,318.9843457869438
2012-05-22 10:00:00,170.13099864853103
2012-05-22 11:00:00,175.9597615874874
2012-05-22 12:00:00,235.35888713780133
2012-05-22 13:00:00,233.07011673318038
2012-05-22 14:00:00,214.45565411657202
2012-05-22 15:00:00,286.01199982325875
2012-05-22 16:00:00,423.94582355424996
2012-05-22 17:00:00,784.3902218140985
2012-05-22 18:00:00,772.6489135459814
2012-05-22 19:00:00,545.3175231038016
2012-05-22 20:00:00,379.6212302296462
2012-05-22 21:00:00,258.21389224065416
2012-05-22 22:00:00,199.46106096395079
2012-05-22 23:00:00,116.57150732982578
2012-05-23 00:00:00,48.410397368664384
2012-05-23 01:00:00,18.160777358853515
2012-05-23 02:00:00,8.096672355926893
2012-05-23 03:00:00,6.16612818254918
2012-05-23 04:00:00,5.334869765284541
2012-05-23 05:00:00,25.095966148441494
2012-05-23 06:00:00,161.16942811120038
2012-05-23 07:00:00,416.9231784904508
2012-05-23 08:00:00,595.0551546994956
2012-05-23 09:00:00,324.9947849482004
2012-05-23 10:00:00,194.00737705802425
2012-05-23 11:00:00,226.18377369686257
2012-05-23 12:00:00,277.85754860101827
2012-05-23 13:00:00,246.6047166234535
2012-05-23 14:00:00,252.50899972017908
2012-05-23 15:00:00,274.59144648786577
2012-05-23 16:00:00,300.62993789676295
2012-05-23 17:00:00,532.6907012671127
2012-05-23 18:00:00,541.3735609673124
2012-05-23 19:00:00,365.9100138668452
2012-05-23 20:00:00,283.5344203344255
2012-05-23 21:00:00,197.12632007665124
2012-05-23 22:00:00,161.66102305442465
2012-05-23 23:00:00,122.22435849066797
2012-05-24 00:00:00,56.81218825175862
2012-05-24 01:00:00,17.7581253081122
2012-05-24 02:00:00,9.97705060755759
2012-05-24 03:00:00,5.14956701066281
2012-05-24 04:00:00,5.709627798037859
2012-05-24 05:00:00,34.59144103820931
2012-05-24 06:00:00,148.34179511960346
2012-05-24 07:00:00,437.30086664646626
2012-05-24 08:00:00,696.6946443509889
2012-05-24 09:00:00,356.61958751292264
2012-05-24 10:00:00,208.7623586947646
2012-05-24 11:00:00,239.47059233552537
2012-05-24 12:00:00,303.89018804896045
2012-05-24 13:00:00,294.4310090884828
2012-05-24 14:00:00,251.43451167225123
2012-05-24 15:00:00,288.0930075215991
2012-05-24 16:00:00,423.6322427200706
2012-05-24 17:00:00,774.7030315209498
2012-05-24 18:00:00,789.8254636224506
2012-05-24 19:00:00,568.6907311941758
2012-05-24 20:00:00,373.59096121516467
2012-05-24 21:00:00,122.79831549100018
2012-05-24 22:00:00,185.05388121726898
2012-05-24 23:00:00,123.24319374604318
2012-05-25 00:00:00,77.09541026362038
2012-05-25 01:00:00,38.5777721466217
2012-05-25 02:00:00,15.434602596463824
2012-05-25 03:00:00,6.5629444927760225
2012-05-25 04:00:00,6.293177365174568
2012-05-25 05:00:00,34.28711469933396
2012-05-25 06:00:00,138.4563403527909
2012-05-25 07:00:00,345.05866239378355
2012-05-25 08:00:00,599.9807748684035
2012-05-25 09:00:00,326.6543655167114
2012-05-25 10:00:00,234.53503539342478
2012-05-25 11:00:00,270.0683935934347
2012-05-25 12:00:00,346.25991886287136
2012-05-25 13:00:00,362.77165218317606
2012-05-25 14:00:00,327.14289902048256
2012-05-25 15:00:00,353.7647876103722
2012-05-25 16:00:00,497.3594868723424
2012-05-25 17:00:00,715.0100038608421
2012-05-25 18:00:00,640.7600226450608
2012-05-25 19:00:00,507.7505521675786
2012-05-25 20:00:00,345.0568053015011
2012-05-25 21:00:00,283.64147998731846
2012-05-25 22:00:00,247.89881200881365
2012-05-25 23:00:00,198.72922554189847
2012-05-26 00:00:00,151.04278181174868
2012-05-26 01:00:00,106.21422014807408
2012-05-26 02:00:00,78.83752788470245
2012-05-26 03:00:00,34.03284542639537
2012-05-26 04:00:00,11.82580811930349
2012-05-26 05:00:00,12.341002857148089
2012-05-26 06:00:00,32.512309285277496
2012-05-26 07:00:00,69.56233794045521
2012-05-26 08:00:00,200.99325551113117
2012-05-26 09:00:00,259.0774643788646
2012-05-26 10:00:00,408.54250006441424
2012-05-26 11:00:00,507.2370753512896
2012-05-26 12:00:00,534.7983085049959
2012-05-26 13:00:00,532.6016522607117
2012-05-26 14:00:00,518.8959380327301
2012-05-26 15:00:00,510.0402267682949
2012-05-26 16:00:00,556.105771010534
2012-05-26 17:00:00,537.5215185682914
2012-05-26 18:00:00,479.97774302016506
2012-05-26 19:00:00,392.6129555863803
2012-05-26 20:00:00,318.49424784739193
2012-05-26 21:00:00,260.9996406140136
2012-05-26 22:00:00,237.70190992716044
2012-05-26 23:00:00,178.28286392162235
2012-05-27 00:00:00,129.04457711508587
2012-05-27 01:00:00,115.28034595567361
2012-05-27 02:00:00,85.14551213910582
2012-05-27 03:00:00,40.78806512274556
2012-05-27 04:00:00,12.638855378787873
2012-05-27 05:00:00,12.795921156177947
2012-05-27 06:00:00,23.146970349435833
2012-05-27 07:00:00,57.534053384038025
2012-05-27 08:00:00,127.36990858222798
2012-05-27 09:00:00,224.04662640356338
2012-05-27 10:00:00,398.5032979404491
2012-05-27 11:00:00,479.47726573587465
2012-05-27 12:00:00,511.43473891285413
2012-05-27 13:00:00,537.5449033402184
2012-05-27 14:00:00,517.1233336535952
2012-05-27 15:00:00,515.3986701993249
2012-05-27 16:00:00,530.0245716831611
2012-05-27 17:00:00,523.3706868809043
2012-05-27 18:00:00,464.5578388231843
2012-05-27 19:00:00,388.1912924249514
2012-05-27 20:00:00,301.9459626359541
2012-05-27 21:00:00,119.58405156547985
2012-05-27 22:00:00,77.12882256856908
2012-05-27 23:00:00,69.46901233407928
2012-05-28 00:00:00,85.40503612073569
2012-05-28 01:00:00,39.59214801408818
2012-05-28 02:00:00,35.93792527396589
2012-05-28 03:00:00,17.564910185566365
2012-05-28 04:00:00,10.593225579470184
2012-05-28 05:00:00,17.392217863753167
2012-05-28 06:00:00,46.59349196426029
2012-05-28 07:00:00,86.02513334880034
2012-05-28 08:00:00,230.954519838527
2012-05-28 09:00:00,296.7844999706169
2012-05-28 10:00:00,353.6356715834507
2012-05-28 11:00:00,390.98520789709306
2012-05-28 12:00:00,390.3502209902622
2012-05-28 13:00:00,357.99361222517325
2012-05-28 14:00:00,361.9247658629928
2012-05-28 15:00:00,368.0861946581549
2012-05-28 16:00:00,409.3615588338602
2012-05-28 17:00:00,541.7759711380434
2012-05-28 18:00:00,503.8441684588437
2012-05-28 19:00:00,424.87101448607467
2012-05-28 20:00:00,326.89674203119694
2012-05-28 21:00:00,255.83659739222423
2012-05-28 22:00:00,221.91421664657815
2012-05-28 23:00:00,126.4287083011215
2012-05-29 00:00:00,46.64539846912207
2012-05-29 01:00:00,17.900545345535686
2012-05-29 02:00:00,8.735561294433197
2012-05-29 03:00:00,5.439620785131583
2012-05-29 04:00:00,8.50485672206182
2012-05-29 05:00:00,37.21474669976334
2012-05-29 06:00:00,163.8589262647331
2012-05-29 07:00:00,422.95945098934004
2012-05-29 08:00:00,672.1009435726171
2012-05-29 09:00:00,338.4008663499901
2012-05-29 10:00:00,187.7225089219717
2012-05-29 11:00:00,214.87224896819237
2012-05-29 12:00:00,272.3686154219693
2012-05-29 13:00:00,266.6109369944505
2012-05-29 14:00:00,237.63633196031708
2012-05-29 15:00:00,265.82901776233143
2012-05-29 16:00:00,393.7490932476771
2012-05-29 17:00:00,772.6838860874583
2012-05-29 18:00:00,775.4381851401158
2012-05-29 19:00:00,559.7615051789882
2012-05-29 20:00:00,257.8430225403049
2012-05-29 21:00:00,90.57295103320146
2012-05-29 22:00:00,143.3638668971111
2012-05-29 23:00:00,65.00310781584119
2012-05-30 00:00:00,34.084368389825755
2012-05-30 01:00:00,12.326151441154348
2012-05-30 02:00:00,6.226105845210256
2012-05-30 03:00:00,4.39805318837058
2012-05-30 04:00:00,5.730775965822141
2012-05-30 05:00:00,37.83115778945079
2012-05-30 06:00:00,155.5324159953228
2012-05-30 07:00:00,229.53328430832048
2012-05-30 08:00:00,675.0792695381641
2012-05-30 09:00:00,348.8795834706125
2012-05-30 10:00:00,187.4009597347089
2012-05-30 11:00:00,226.928842598132
2012-05-30 12:00:00,301.91981165143216
2012-05-30 13:00:00,291.2671933005848
2012-05-30 14:00:00,261.67469351906124
2012-05-30 15:00:00,289.7283140537699
2012-05-30 16:00:00,429.03439781585314
2012-05-30 17:00:00,793.3016801960747
2012-05-30 18:00:00,805.6225261673961
2012-05-30 19:00:00,583.4576103377489
2012-05-30 20:00:00,368.5245217785713
2012-05-30 21:00:00,304.9189431193885
2012-05-30 22:00:00,244.8480827793554
2012-05-30 23:00:00,148.0017587229714
2012-05-31 00:00:00,59.09193945348386
2012-05-31 01:00:00,21.13734796353748
2012-05-31 02:00:00,10.574226056901237
2012-05-31 03:00:00,7.070915055608166
2012-05-31 04:00:00,8.265977232076509
2012-05-31 05:00:00,38.60551369148204
2012-05-31 06:00:00,163.98022743313823
2012-05-31 07:00:00,463.70416429244335
2012-05-31 08:00:00,705.1995805731815
2012-05-31 09:00:00,357.6582927956896
2012-05-31 10:00:00,210.30452021465862
2012-05-31 11:00:00,243.30829041919804
2012-05-31 12:00:00,313.7557463293495
2012-05-31 13:00:00,305.14717679088113
2012-05-31 14:00:00,255.2337784943962
2012-05-31 15:00:00,295.3010484479189
2012-05-31 16:00:00,437.7906750172743
2012-05-31 17:00:00,815.269082584743
2012-05-31 18:00:00,822.017684214957
2012-05-31 19:00:00,606.3969298391619
2012-05-31 20:00:00,430.5612901323039
2012-05-31 21:00:00,318.772640483021
2012-05-31 22:00:00,257.4318095028632
2012-05-31 23:00:00,161.94550183804586
2012-06-20 00:00:00,50.83917360180211
2012-06-20 01:00:00,20.41738888874594
2012-06-20 02:00:00,9.544389837098969
2012-06-20 03:00:00,6.519651175889647
2012-06-20 04:00:00,8.234943846899021
2012-06-20 05:00:00,40.579653260473656
2012-06-20 06:00:00,149.1321676639665
2012-06-20 07:00:00,368.4745901461408
2012-06-20 08:00:00,667.699952375443
2012-06-20 09:00:00,328.46431719938255
2012-06-20 10:00:00,192.54531897428797
2012-06-20 11:00:00,212.95856383572917
2012-06-20 12:00:00,261.4597742971272
2012-06-20 13:00:00,254.9819505328023
2012-06-20 14:00:00,222.62035252096535
2012-06-20 15:00:00,241.36478505403224
2012-06-20 16:00:00,362.796437026306
2012-06-20 17:00:00,680.9590495579073
2012-06-20 18:00:00,683.9754611231538
2012-06-20 19:00:00,531.4261183538308
2012-06-20 20:00:00,405.01559328204365
2012-06-20 21:00:00,305.630942066188
2012-06-20 22:00:00,255.03724548855735
2012-06-20 23:00:00,139.7857434232238
2012-06-21 00:00:00,60.56905700728455
2012-06-21 01:00:00,21.21884543394212
2012-06-21 02:00:00,10.372859088689433
2012-06-21 03:00:00,5.670411496742999
2012-06-21 04:00:00,7.734394864300992
2012-06-21 05:00:00,39.36584109504777
2012-06-21 06:00:00,158.34280668361797
2012-06-21 07:00:00,403.60700289020497
2012-06-21 08:00:00,629.2720772902485
2012-06-21 09:00:00,315.99550281005276
2012-06-21 10:00:00,184.29920642708657
2012-06-21 11:00:00,211.89167072663335
2012-06-21 12:00:00,250.85175913118303
2012-06-21 13:00:00,241.06567316909403
2012-06-21 14:00:00,222.3205136080428
2012-06-21 15:00:00,233.2372558216064
2012-06-21 16:00:00,363.6025628075337
2012-06-21 17:00:00,736.6402584930247
2012-06-21 18:00:00,754.0417508967415
2012-06-21 19:00:00,498.8966270097434
2012-06-21 20:00:00,389.01076864916195
2012-06-21 21:00:00,311.92477684287496
2012-06-21 22:00:00,239.07691245083373
2012-06-21 23:00:00,147.1515821293449
2012-06-22 00:00:00,82.13016539093901
2012-06-22 01:00:00,37.80083599350006
2012-06-22 02:00:00,17.860863830925595
2012-06-22 03:00:00,7.842219210751899
2012-06-22 04:00:00,7.855222530833834
2012-06-22 05:00:00,37.1022598513557
2012-06-22 06:00:00,145.79615252644666
2012-06-22 07:00:00,382.6395870064146
2012-06-22 08:00:00,636.0350388243082
2012-06-22 09:00:00,371.07571422368613
2012-06-22 10:00:00,230.31469527488332
2012-06-22 11:00:00,272.4481057930994
2012-06-22 12:00:00,311.41548741867194
2012-06-22 13:00:00,319.6542528778758
2012-06-22 14:00:00,290.3297515452669
2012-06-22 15:00:00,314.11320433245226
2012-06-22 16:00:00,432.7192342318973
2012-06-22 17:00:00,752.0275339239212
2012-06-22 18:00:00,618.5706793230112
2012-06-22 19:00:00,468.6820711839893
2012-06-22 20:00:00,324.7976912954797
2012-06-22 21:00:00,186.9630336396882
2012-06-22 22:00:00,253.40244304851856
2012-06-22 23:00:00,188.3727683026783
2012-06-23 00:00:00,149.42302278706597
2012-06-23 01:00:00,117.49672978387693
2012-06-23 02:00:00,73.67642820210105
2012-06-23 03:00:00,33.28734764517122
2012-06-23 04:00:00,11.603693675406848
2012-06-23 05:00:00,10.36534084687634
2012-06-23 06:00:00,31.61403309189128
2012-06-23 07:00:00,70.1915971714665
2012-06-23 08:00:00,195.83967098293405
2012-06-23 09:00:00,297.48439668848636
2012-06-23 10:00:00,411.04797442922603
2012-06-23 11:00:00,504.4785944970073
2012-06-23 12:00:00,548.1601590088763
2012-06-23 13:00:00,553.9266705727264
2012-06-23 14:00:00,574.0801389977827
2012-06-23 15:00:00,524.7160583302242
2012-06-23 16:00:00,544.3952772613594
2012-06-23 17:00:00,549.6701615955699
2012-06-23 18:00:00,497.79371024703767
2012-06-23 19:00:00,413.24707709571925
2012-06-23 20:00:00,341.0977728875957
2012-06-23 21:00:00,283.5517043946585
2012-06-23 22:00:00,255.84138890623709
2012-06-23 23:00:00,198.45247126024387
2012-06-24 00:00:00,147.47226575395
2012-06-24 01:00:00,128.3111409345176
2012-06-24 02:00:00,96.52752558341913
2012-06-24 03:00:00,44.19856564076961
2012-06-24 04:00:00,15.209737129111655
2012-06-24 05:00:00,13.781232659566927
2012-06-24 06:00:00,23.762901549891318
2012-06-24 07:00:00,62.06998907845863
2012-06-24 08:00:00,135.28436311150367
2012-06-24 09:00:00,264.9640960006854
2012-06-24 10:00:00,393.04411914080123
2012-06-24 11:00:00,496.54045230632295
2012-06-24 12:00:00,536.3434224865453
2012-06-24 13:00:00,542.125893099988
2012-06-24 14:00:00,510.40804049022375
2012-06-24 15:00:00,488.6355209481426
2012-06-24 16:00:00,515.9148501252655
2012-06-24 17:00:00,524.4689610966076
2012-06-24 18:00:00,485.08000305857655
2012-06-24 19:00:00,393.13927053539805
2012-06-24 20:00:00,307.51104428411594
2012-06-24 21:00:00,224.69833365134136
2012-06-24 22:00:00,161.42675140190067
2012-06-24 23:00:00,107.9026514826868
2012-06-25 00:00:00,44.62222887281272
2012-06-25 01:00:00,18.638061817875943
2012-06-25 02:00:00,9.840652687730321
2012-06-25 03:00:00,5.717260087233429
2012-06-25 04:00:00,8.479027054235274
2012-06-25 05:00:00,39.66602794827734
2012-06-25 06:00:00,151.23059912505371
2012-06-25 07:00:00,441.78479491508534
2012-06-25 08:00:00,637.9213327962967
2012-06-25 09:00:00,335.91884735590884
2012-06-25 10:00:00,189.5311509093422
2012-06-25 11:00:00,214.58174128292723
2012-06-25 12:00:00,281.1232675348712
2012-06-25 13:00:00,276.47855949037995
2012-06-25 14:00:00,237.8733557636491
2012-06-25 15:00:00,271.54618286573134
2012-06-25 16:00:00,412.4884073739504
2012-06-25 17:00:00,769.3529212781657
2012-06-25 18:00:00,777.258740865066
2012-06-25 19:00:00,560.2301148762347
2012-06-25 20:00:00,397.03321477842724
2012-06-25 21:00:00,288.62179102664743
2012-06-25 22:00:00,199.8290762060523
2012-06-25 23:00:00,107.76596669886406
2012-06-26 00:00:00,41.88171466318535
2012-06-26 01:00:00,16.949396255248477
2012-06-26 02:00:00,7.965594086303094
2012-06-26 03:00:00,4.687536430077306
2012-06-26 04:00:00,7.737140137003118
2012-06-26 05:00:00,38.8003118900712
2012-06-26 06:00:00,157.3556422465732
2012-06-26 07:00:00,449.5902185072789
2012-06-26 08:00:00,673.0587074052024
2012-06-26 09:00:00,353.3431119448653
2012-06-26 10:00:00,204.0060177159891
2012-06-26 11:00:00,236.42047705542453
2012-06-26 12:00:00,299.83782423602025
2012-06-26 13:00:00,285.88232150009543
2012-06-26 14:00:00,258.4553276158224
2012-06-26 15:00:00,290.4390746557111
2012-06-26 16:00:00,424.46906761833134
2012-06-26 17:00:00,804.3693998834569
2012-06-26 18:00:00,794.3141868576914
2012-06-26 19:00:00,597.7518285605406
2012-06-26 20:00:00,427.2650647001607
2012-06-26 21:00:00,316.04741795551655
2012-06-26 22:00:00,225.27844997851994
2012-06-26 23:00:00,138.09130195731385
2012-06-27 00:00:00,48.4738417391921
2012-06-27 01:00:00,19.16010487222873
2012-06-27 02:00:00,9.33244706412404
2012-06-27 03:00:00,5.651866360296126
2012-06-27 04:00:00,7.996573749111317
2012-06-27 05:00:00,39.94737603147479
2012-06-27 06:00:00,159.672317396177
2012-06-27 07:00:00,473.33889246690484
2012-06-27 08:00:00,687.3219397332132
2012-06-27 09:00:00,357.4368966709175
2012-06-27 10:00:00,210.25127407913396
2012-06-27 11:00:00,237.03627592287555
2012-06-27 12:00:00,299.56605112298774
2012-06-27 13:00:00,271.5792409306815
2012-06-27 14:00:00,249.26008646571884
2012-06-27 15:00:00,272.0105501306901
2012-06-27 16:00:00,406.4598719378711
2012-06-27 17:00:00,771.175637541304
2012-06-27 18:00:00,764.8325120025052
2012-06-27 19:00:00,578.4029857195972
2012-06-27 20:00:00,434.9397940691894
2012-06-27 21:00:00,324.9341697509096
2012-06-27 22:00:00,254.07341553934873
2012-06-27 23:00:00,157.9803412957475
2012-06-28 00:00:00,60.23468749260918
2012-06-28 01:00:00,21.75415042680201
2012-06-28 02:00:00,11.340973980027112
2012-06-28 03:00:00,6.898297895868621
2012-06-28 04:00:00,8.305319179042272
2012-06-28 05:00:00,41.156070932513906
2012-06-28 06:00:00,165.21598514668995
2012-06-28 07:00:00,469.3534481519091
2012-06-28 08:00:00,684.4318039735566
2012-06-28 09:00:00,352.13265858639943
2012-06-28 10:00:00,206.8468437872869
2012-06-28 11:00:00,227.18763998015316
2012-06-28 12:00:00,279.53890402067947
2012-06-28 13:00:00,270.3209324897081
2012-06-28 14:00:00,238.43672902682786
2012-06-28 15:00:00,275.108226512922
2012-06-28 16:00:00,402.4379251719089
2012-06-28 17:00:00,753.7001207368671
2012-06-28 18:00:00,761.6579557883823
2012-06-28 19:00:00,554.5986485276073
2012-06-28 20:00:00,422.37987046410984
2012-06-28 21:00:00,321.5695850693071
2012-06-28 22:00:00,251.29691722010705
2012-06-28 23:00:00,163.349854657431
2012-06-29 00:00:00,90.97397981321322
2012-06-29 01:00:00,41.63560191682362
2012-06-29 02:00:00,18.769159034467908
2012-06-29 03:00:00,8.592446207156161
2012-06-29 04:00:00,8.820418249390691
2012-06-29 05:00:00,39.79979366097713
2012-06-29 06:00:00,155.0259572237813
2012-06-29 07:00:00,391.258979103894
2012-06-29 08:00:00,647.4674643421986
2012-06-29 09:00:00,373.89776250690704
2012-06-29 10:00:00,206.65568029256113
2012-06-29 11:00:00,241.89823339218538
2012-06-29 12:00:00,293.16521555075985
2012-06-29 13:00:00,272.54948851222406
2012-06-29 14:00:00,254.1918125581671
2012-06-29 15:00:00,268.3306419288556
2012-06-29 16:00:00,333.3805403641844
2012-06-29 17:00:00,582.8274040838018
2012-06-29 18:00:00,418.3105477724062
2012-06-29 19:00:00,402.971066396211
2012-06-29 20:00:00,290.2305236011293
2012-06-29 21:00:00,261.61342341893953
2012-06-29 22:00:00,149.9461996211879
2012-06-29 23:00:00,127.03773566303455
2012-06-30 00:00:00,84.22727543581337
2012-06-30 01:00:00,77.44930261746215
2012-06-30 02:00:00,72.92681979872876
2012-06-30 03:00:00,33.73250326488442
2012-06-30 04:00:00,10.979337110847828
2012-06-30 05:00:00,11.516490424842049
2012-06-30 06:00:00,28.603950934696083
2012-06-30 07:00:00,73.26564586099403
2012-06-30 08:00:00,189.5193560437017
2012-06-30 09:00:00,249.5951759578822
2012-06-30 10:00:00,361.3155233066764
2012-06-30 11:00:00,449.9584302842069
2012-06-30 12:00:00,518.5791479462786
2012-06-30 13:00:00,521.6132917822038
2012-06-30 14:00:00,511.18569362677914
2012-06-30 15:00:00,502.603330212629
2012-06-30 16:00:00,487.8844018375135
2012-06-30 17:00:00,500.9155956464286
2012-06-30 18:00:00,437.5116826398197
2012-06-30 19:00:00,394.21332754975674
2012-06-30 20:00:00,326.8812879294461
2012-06-30 21:00:00,279.52410994500866
2012-06-30 22:00:00,241.35417695383387
2012-06-30 23:00:00,185.33341210530784
2012-07-20 00:00:00,57.17084368700071
2012-07-20 01:00:00,36.77801686297951
2012-07-20 02:00:00,14.53006688191001
2012-07-20 03:00:00,7.1999245794540725
2012-07-20 04:00:00,7.466914405748541
2012-07-20 05:00:00,35.93508739278494
2012-07-20 06:00:00,134.86946152582598
2012-07-20 07:00:00,332.4663109625252
2012-07-20 08:00:00,568.0701404104275
2012-07-20 09:00:00,368.83081614119806
2012-07-20 10:00:00,217.09496167113537
2012-07-20 11:00:00,181.11028771975523
2012-07-20 12:00:00,190.51545729012705
2012-07-20 13:00:00,189.74306566098463
2012-07-20 14:00:00,165.46913717428959
2012-07-20 15:00:00,268.9462059637451
2012-07-20 16:00:00,348.4504540440882
2012-07-20 17:00:00,472.4453863297275
2012-07-20 18:00:00,455.10482892398124
2012-07-20 19:00:00,316.51114368645784
2012-07-20 20:00:00,134.32517227852082
2012-07-20 21:00:00,134.58056713926183
2012-07-20 22:00:00,167.4735711624518
2012-07-20 23:00:00,149.1993979552252
2012-07-21 00:00:00,80.00913848502918
2012-07-21 01:00:00,92.745603740465
2012-07-21 02:00:00,48.52417826620923
2012-07-21 03:00:00,23.26208977286989
2012-07-21 04:00:00,7.479621039129949
2012-07-21 05:00:00,7.455420264689585
2012-07-21 06:00:00,20.815064053020368
2012-07-21 07:00:00,64.67071706038219
2012-07-21 08:00:00,181.03811397253418
2012-07-21 09:00:00,235.03623662959055
2012-07-21 10:00:00,175.17435601558617
2012-07-21 11:00:00,367.48602365771296
2012-07-21 12:00:00,223.14494212388644
2012-07-21 13:00:00,220.24366066790114
2012-07-21 14:00:00,344.5019559185154
2012-07-21 15:00:00,219.66077734256487
2012-07-21 16:00:00,243.28086326602488
2012-07-21 17:00:00,213.22314637780892
2012-07-21 18:00:00,279.0202979074827
2012-07-21 19:00:00,269.1548091206481
2012-07-21 20:00:00,138.17285099859785
2012-07-21 21:00:00,181.26669117401718
2012-07-21 22:00:00,157.08616428586532
2012-07-21 23:00:00,125.47671092745323
2012-07-22 00:00:00,108.49291585084265
2012-07-22 01:00:00,98.45409604292806
2012-07-22 02:00:00,78.40780115290269
2012-07-22 03:00:00,37.0903094723376
2012-07-22 04:00:00,13.380245953918138
2012-07-22 05:00:00,12.590136177411935
2012-07-22 06:00:00,19.69272693404426
2012-07-22 07:00:00,48.668870601207075
2012-07-22 08:00:00,115.84377018838438
2012-07-22 09:00:00,260.3002256974804
2012-07-22 10:00:00,364.01820632345857
2012-07-22 11:00:00,438.4841376407814
2012-07-22 12:00:00,487.37800983387035
2012-07-22 13:00:00,493.8732147697583
2012-07-22 14:00:00,495.0399801728903
2012-07-22 15:00:00,487.0552234933914
2012-07-22 16:00:00,481.8128369390812
2012-07-22 17:00:00,479.46656018005797
2012-07-22 18:00:00,441.0163039414988
2012-07-22 19:00:00,368.5378642314136
2012-07-22 20:00:00,277.39217636830085
2012-07-22 21:00:00,207.32051614232316
2012-07-22 22:00:00,152.48764748405443
2012-07-22 23:00:00,101.41160908610875
2012-07-23 00:00:00,42.69401853811136
2012-07-23 01:00:00,14.572850435918577
2012-07-23 02:00:00,7.53409599359132
2012-07-23 03:00:00,5.395134578396169
2012-07-23 04:00:00,7.305744779202234
2012-07-23 05:00:00,31.883576482818587
2012-07-23 06:00:00,143.72567515895884
2012-07-23 07:00:00,389.0958305209219
2012-07-23 08:00:00,638.4809187715462
2012-07-23 09:00:00,331.4623737710246
2012-07-23 10:00:00,190.42339857873984
2012-07-23 11:00:00,219.5730162148119
2012-07-23 12:00:00,275.2309965516171
2012-07-23 13:00:00,269.48758930870514
2012-07-23 14:00:00,240.6224616207569
2012-07-23 15:00:00,269.0985836009361
2012-07-23 16:00:00,397.730406990211
2012-07-23 17:00:00,777.9016896258743
2012-07-23 18:00:00,788.0768233311702
2012-07-23 19:00:00,551.9450331106603
2012-07-23 20:00:00,415.17046049551715
2012-07-23 21:00:00,300.6570501729361
2012-07-23 22:00:00,210.26838332653563
2012-07-23 23:00:00,118.66361290759082
2012-07-24 00:00:00,50.695415470591726
2012-07-24 01:00:00,19.129899174776725
2012-07-24 02:00:00,9.059127890852157
2012-07-24 03:00:00,6.038727035773016
2012-07-24 04:00:00,8.154483670772915
2012-07-24 05:00:00,40.01160426407463
2012-07-24 06:00:00,163.85155105525337
2012-07-24 07:00:00,465.2281505411878
2012-07-24 08:00:00,628.7100758807176
2012-07-24 09:00:00,302.5546742908367
2012-07-24 10:00:00,183.108168938191
2012-07-24 11:00:00,206.91715967024084
2012-07-24 12:00:00,263.6381158964839
2012-07-24 13:00:00,252.73375492767167
2012-07-24 14:00:00,227.27206340909436
2012-07-24 15:00:00,268.0447199430932
2012-07-24 16:00:00,396.92358059925635
2012-07-24 17:00:00,762.8608335471523
2012-07-24 18:00:00,727.0904423988
2012-07-24 19:00:00,565.2072584123096
2012-07-24 20:00:00,412.50261001410786
2012-07-24 21:00:00,304.6879944652998
2012-07-24 22:00:00,219.90975920477044
2012-07-24 23:00:00,123.03229765515947
2012-07-25 00:00:00,46.697938797476915
2012-07-25 01:00:00,19.89373994329167
2012-07-25 02:00:00,9.366479655284156
2012-07-25 03:00:00,5.957528139047983
2012-07-25 04:00:00,7.521345970148262
2012-07-25 05:00:00,40.775110123609245
2012-07-25 06:00:00,164.22368229592573
2012-07-25 07:00:00,465.2566271546025
2012-07-25 08:00:00,683.5922407740554
2012-07-25 09:00:00,354.029847760694
2012-07-25 10:00:00,211.15689335702757
2012-07-25 11:00:00,238.76367842214512
2012-07-25 12:00:00,301.40691652179555
2012-07-25 13:00:00,283.1253941404517
2012-07-25 14:00:00,243.0153438410579
2012-07-25 15:00:00,285.2797417139619
2012-07-25 16:00:00,412.6423684802938
2012-07-25 17:00:00,778.327183137222
2012-07-25 18:00:00,782.1560229841617
2012-07-25 19:00:00,606.1120125851669
2012-07-25 20:00:00,433.8392054345989
2012-07-25 21:00:00,323.55475080462725
2012-07-25 22:00:00,251.1236449441815
2012-07-25 23:00:00,146.43618080784967
2012-07-26 00:00:00,59.78207443322937
2012-07-26 01:00:00,20.88059372225495
2012-07-26 02:00:00,10.534668909395464
2012-07-26 03:00:00,6.629743279729606
2012-07-26 04:00:00,8.268052799105996
2012-07-26 05:00:00,40.48912546100947
2012-07-26 06:00:00,160.28712923067002
2012-07-26 07:00:00,460.98654926216005
2012-07-26 08:00:00,639.8114585111799
2012-07-26 09:00:00,339.29000000930336
2012-07-26 10:00:00,200.69186427611
2012-07-26 11:00:00,214.32617375668303
2012-07-26 12:00:00,254.67485145126705
2012-07-26 13:00:00,247.92217044382113
2012-07-26 14:00:00,202.71056099336417
2012-07-26 15:00:00,227.03243659059936
2012-07-26 16:00:00,322.13339044727263
2012-07-26 17:00:00,642.9882069560613
2012-07-26 18:00:00,619.3010397994774
2012-07-26 19:00:00,446.0759842933611
2012-07-26 20:00:00,376.14124998398034
2012-07-26 21:00:00,268.0351858645822
2012-07-26 22:00:00,224.3238295542232
2012-07-26 23:00:00,153.2961955366575
2012-07-27 00:00:00,85.12925960784595
2012-07-27 01:00:00,39.79228415807656
2012-07-27 02:00:00,19.67925697720196
2012-07-27 03:00:00,9.701396993914733
2012-07-27 04:00:00,8.679428301923735
2012-07-27 05:00:00,36.91639191511849
2012-07-27 06:00:00,153.933999610598
2012-07-27 07:00:00,378.86213639658354
2012-07-27 08:00:00,617.395307750148
2012-07-27 09:00:00,354.8504344686463
2012-07-27 10:00:00,224.41517039943182
2012-07-27 11:00:00,263.37302151868
2012-07-27 12:00:00,312.3158629022844
2012-07-27 13:00:00,332.4713594596327
2012-07-27 14:00:00,291.51694472739376
2012-07-27 15:00:00,324.19121366570596
2012-07-27 16:00:00,474.6114140210039
2012-07-27 17:00:00,733.6762703315687
2012-07-27 18:00:00,640.2662788426123
2012-07-27 19:00:00,482.44525332487285
2012-07-27 20:00:00,341.18393371506863
2012-07-27 21:00:00,286.57564271526064
2012-07-27 22:00:00,254.45223576754287
2012-07-27 23:00:00,202.09404494249233
2012-07-28 00:00:00,163.68214363037384
2012-07-28 01:00:00,111.49807543466133
2012-07-28 02:00:00,83.73530330324016
2012-07-28 03:00:00,36.442963928914075
2012-07-28 04:00:00,12.37282264258008
2012-07-28 05:00:00,14.550592261017135
2012-07-28 06:00:00,35.729800080721105
2012-07-28 07:00:00,79.44299526808032
2012-07-28 08:00:00,192.25495084700984
2012-07-28 09:00:00,284.0655342427985
2012-07-28 10:00:00,374.77764743769364
2012-07-28 11:00:00,463.18514672034325
2012-07-28 12:00:00,527.894385335291
2012-07-28 13:00:00,515.7817171454875
2012-07-28 14:00:00,516.7401822492977
2012-07-28 15:00:00,507.3364367284536
2012-07-28 16:00:00,524.2635109640438
2012-07-28 17:00:00,525.0177955835561
2012-07-28 18:00:00,477.1887201344294
2012-07-28 19:00:00,333.21364781046384
2012-07-28 20:00:00,246.18281939429488
2012-07-28 21:00:00,250.55633103282898
2012-07-28 22:00:00,229.00234085567658
2012-07-28 23:00:00,180.66681303135772
2012-07-29 00:00:00,129.36129774820645
2012-07-29 01:00:00,124.66312178823975
2012-07-29 02:00:00,94.98085654682683
2012-07-29 03:00:00,40.50802023859869
2012-07-29 04:00:00,13.132050151893493
2012-07-29 05:00:00,12.80006282621797
2012-07-29 06:00:00,23.849405269229464
2012-07-29 07:00:00,59.11097524518357
2012-07-29 08:00:00,133.70648733440854
2012-07-29 09:00:00,261.254724412616
2012-07-29 10:00:00,382.6077191391248
2012-07-29 11:00:00,474.10008647516656
2012-07-29 12:00:00,535.2130048695253
2012-07-29 13:00:00,524.0556591032155
2012-07-29 14:00:00,513.0490407173749
2012-07-29 15:00:00,507.8728591168018
2012-07-29 16:00:00,524.3230251173474
2012-07-29 17:00:00,500.90668959070604
2012-07-29 18:00:00,471.19373427859244
2012-07-29 19:00:00,389.50650177401303
2012-07-29 20:00:00,296.72980942412664
2012-07-29 21:00:00,216.95896320381368
2012-07-29 22:00:00,154.71221850992902
2012-07-29 23:00:00,103.15089687729986
2012-07-30 00:00:00,49.39099466709463
2012-07-30 01:00:00,18.182217738668438
2012-07-30 02:00:00,10.150080033061894
2012-07-30 03:00:00,5.783390059515788
2012-07-30 04:00:00,8.051802134504296
2012-07-30 05:00:00,39.48285423711292
2012-07-30 06:00:00,151.37993531777312
2012-07-30 07:00:00,419.38861881737535
2012-07-30 08:00:00,630.2621703122666
2012-07-30 09:00:00,334.65138502908104
2012-07-30 10:00:00,189.0751550367114
2012-07-30 11:00:00,221.30936877480363
2012-07-30 12:00:00,281.18125698978275
2012-07-30 13:00:00,267.0049251092605
2012-07-30 14:00:00,237.22308293486344
2012-07-30 15:00:00,266.6131847367658
2012-07-30 16:00:00,397.44181743915374
2012-07-30 17:00:00,756.0404023621661
2012-07-30 18:00:00,742.3354513563029
2012-07-30 19:00:00,561.8020312363194
2012-07-30 20:00:00,394.8499961390269
2012-07-30 21:00:00,280.6861900368613
2012-07-30 22:00:00,188.372901348321
2012-07-30 23:00:00,111.34523430682911
2012-07-31 00:00:00,49.164001401847436
2012-07-31 01:00:00,17.486918804902235
2012-07-31 02:00:00,8.814201029308933
2012-07-31 03:00:00,6.266871159118298
2012-07-31 04:00:00,8.154483670772915
2012-07-31 05:00:00,40.04023621755092
2012-07-31 06:00:00,161.2517048065675
2012-07-31 07:00:00,410.5490331176363
2012-07-31 08:00:00,665.8816093780724
2012-07-31 09:00:00,341.23190456981627
2012-07-31 10:00:00,196.36777098825544
2012-07-31 11:00:00,220.46556486635916
2012-07-31 12:00:00,276.5149405738892
2012-07-31 13:00:00,266.88272685038163
2012-07-31 14:00:00,241.16020944990373
2012-07-31 15:00:00,276.61368099507035
2012-07-31 16:00:00,403.6718501612505
2012-07-31 17:00:00,773.7334381405349
2012-07-31 18:00:00,759.0922099393392
2012-07-31 19:00:00,406.82538455244924
2012-07-31 20:00:00,325.420733520938
2012-07-31 21:00:00,270.87556906145454
2012-07-31 22:00:00,213.17414485153705
2012-07-31 23:00:00,117.20530629257688
2012-08-20 00:00:00,35.6989334069586
2012-08-20 01:00:00,16.17972832580762
2012-08-20 02:00:00,8.486245605843388
2012-08-20 03:00:00,5.3492829430323585
2012-08-20 04:00:00,7.223632874983357
2012-08-20 05:00:00,33.76825514018636
2012-08-20 06:00:00,141.53737909738183
2012-08-20 07:00:00,411.91970364713944
2012-08-20 08:00:00,637.1195690662355
2012-08-20 09:00:00,332.13536407901955
2012-08-20 10:00:00,187.800952441424
2012-08-20 11:00:00,228.4378141003569
2012-08-20 12:00:00,299.07565649813256
2012-08-20 13:00:00,294.29192083217487
2012-08-20 14:00:00,258.3041596324157
2012-08-20 15:00:00,295.9975585627332
2012-08-20 16:00:00,449.97331028791297
2012-08-20 17:00:00,822.4945346412171
2012-08-20 18:00:00,637.1115152176635
2012-08-20 19:00:00,414.41557299544695
2012-08-20 20:00:00,261.8751540362811
2012-08-20 21:00:00,218.48972603739605
2012-08-20 22:00:00,135.34047620713204
2012-08-20 23:00:00,83.45363429772341
2012-08-21 00:00:00,35.45820323715325
2012-08-21 01:00:00,14.147780114303515
2012-08-21 02:00:00,6.008228397752438
2012-08-21 03:00:00,5.241499831186553
2012-08-21 04:00:00,6.984956750413755
2012-08-21 05:00:00,37.194032164291855
2012-08-21 06:00:00,162.00142426391918
2012-08-21 07:00:00,445.08885760133734
2012-08-21 08:00:00,672.9508458143627
2012-08-21 09:00:00,345.54976313427517
2012-08-21 10:00:00,204.56782809705834
2012-08-21 11:00:00,235.42202192380154
2012-08-21 12:00:00,306.51578851296847
2012-08-21 13:00:00,298.34756694783715
2012-08-21 14:00:00,261.1349626451923
2012-08-21 15:00:00,298.51242638246754
2012-08-21 16:00:00,454.8803817430067
2012-08-21 17:00:00,831.6894504804513
2012-08-21 18:00:00,833.2995802543052
2012-08-21 19:00:00,328.4072375378345
2012-08-21 20:00:00,384.37721882947665
2012-08-21 21:00:00,280.3459377370166
2012-08-21 22:00:00,184.06432920537225
2012-08-21 23:00:00,111.06401874800163
2012-08-22 00:00:00,47.33169925997014
2012-08-22 01:00:00,19.816462894500944
2012-08-22 02:00:00,8.48830089188338
2012-08-22 03:00:00,6.163617128965344
2012-08-22 04:00:00,7.472477654366199
2012-08-22 05:00:00,40.81064363228137
2012-08-22 06:00:00,161.7030098830842
2012-08-22 07:00:00,436.8743547961877
2012-08-22 08:00:00,683.4662204187563
2012-08-22 09:00:00,350.19140742717366
2012-08-22 10:00:00,211.45295641239613
2012-08-22 11:00:00,240.03619282553402
2012-08-22 12:00:00,301.6463425363395
2012-08-22 13:00:00,289.6603013195736
2012-08-22 14:00:00,254.4359351044539
2012-08-22 15:00:00,293.3999674343006
2012-08-22 16:00:00,362.60741865500194
2012-08-22 17:00:00,689.4401214246178
2012-08-22 18:00:00,665.6660572514633
2012-08-22 19:00:00,462.3930655142948
2012-08-22 20:00:00,401.95571817303266
2012-08-22 21:00:00,290.4149122663077
2012-08-22 22:00:00,230.8446892300209
2012-08-22 23:00:00,126.2709018515146
2012-08-23 00:00:00,60.68393497295048
2012-08-23 01:00:00,19.17220227449376
2012-08-23 02:00:00,9.636133162812088
2012-08-23 03:00:00,6.66481483022907
2012-08-23 04:00:00,7.603363525230841
2012-08-23 05:00:00,39.91101199881233
2012-08-23 06:00:00,140.64109992891596
2012-08-23 07:00:00,386.4265393075648
2012-08-23 08:00:00,650.4162852281124
2012-08-23 09:00:00,340.8767531082002
2012-08-23 10:00:00,208.53523000183492
2012-08-23 11:00:00,239.07625276537243
2012-08-23 12:00:00,298.0100699573949
2012-08-23 13:00:00,282.5779489589093
2012-08-23 14:00:00,249.12207393017948
2012-08-23 15:00:00,284.14501934923504
2012-08-23 16:00:00,448.74113862733793
2012-08-23 17:00:00,830.698679036431
2012-08-23 18:00:00,826.5133366536646
2012-08-23 19:00:00,586.197085022173
2012-08-23 20:00:00,432.988778623845
2012-08-23 21:00:00,327.44360205547866
2012-08-23 22:00:00,232.34926596190192
2012-08-23 23:00:00,147.59794237603847
2012-08-24 00:00:00,84.16983924566959
2012-08-24 01:00:00,37.45813646345212
2012-08-24 02:00:00,19.446224732318957
2012-08-24 03:00:00,8.51000981104171
2012-08-24 04:00:00,7.612113688499877
2012-08-24 05:00:00,37.90451276226929
2012-08-24 06:00:00,126.82552888362292
2012-08-24 07:00:00,340.6034042119719
2012-08-24 08:00:00,617.0106694333384
2012-08-24 09:00:00,383.0385554287522
2012-08-24 10:00:00,232.35502924366932
2012-08-24 11:00:00,286.84297174506185
2012-08-24 12:00:00,352.41212332342315
2012-08-24 13:00:00,354.5727884607393
2012-08-24 14:00:00,322.0179879431559
2012-08-24 15:00:00,361.3800750663447
2012-08-24 16:00:00,502.42018862208295
2012-08-24 17:00:00,770.7744154443029
2012-08-24 18:00:00,622.6207780816308
2012-08-24 19:00:00,492.08818940559075
2012-08-24 20:00:00,349.75133927022864
2012-08-24 21:00:00,282.64110704278806
2012-08-24 22:00:00,235.94672040358512
2012-08-24 23:00:00,191.26010350489685
2012-08-25 00:00:00,156.25255686981674
2012-08-25 01:00:00,116.64555984811467
2012-08-25 02:00:00,88.31936628844782
2012-08-25 03:00:00,40.57235279342743
2012-08-25 04:00:00,13.894456985700318
2012-08-25 05:00:00,11.805521932977037
2012-08-25 06:00:00,30.822454735255338
2012-08-25 07:00:00,66.01009976969996
2012-08-25 08:00:00,187.16447066652688
2012-08-25 09:00:00,286.52702752655574
2012-08-25 10:00:00,403.1176355972195
2012-08-25 11:00:00,484.82361797841077
2012-08-25 12:00:00,435.124158092655
2012-08-25 13:00:00,558.2229819596776
2012-08-25 14:00:00,387.890813795659
2012-08-25 15:00:00,415.91452024406374
2012-08-25 16:00:00,448.1949483569115
2012-08-25 17:00:00,443.079854639043
2012-08-25 18:00:00,427.61350485552606
2012-08-25 19:00:00,313.24079897000473
2012-08-25 20:00:00,148.87990442057875
2012-08-25 21:00:00,207.51418730912636
2012-08-25 22:00:00,190.455488428154
2012-08-25 23:00:00,120.24678852183867
2012-08-26 00:00:00,122.6581265543382
2012-08-26 01:00:00,107.20872498914761
2012-08-26 02:00:00,79.79161982883505
2012-08-26 03:00:00,35.55977126499943
2012-08-26 04:00:00,11.31306807973232
2012-08-26 05:00:00,11.349471855779797
2012-08-26 06:00:00,17.432115043114685
2012-08-26 07:00:00,50.58631772164272
2012-08-26 08:00:00,122.00282324183684
2012-08-26 09:00:00,240.4323181302528
2012-08-26 10:00:00,375.87662480926986
2012-08-26 11:00:00,454.07293905186384
2012-08-26 12:00:00,308.3550658918314
2012-08-26 13:00:00,234.44548642774703
2012-08-26 14:00:00,318.8262382240559
2012-08-26 15:00:00,184.7349120878282
2012-08-26 16:00:00,193.04462865044317
2012-08-26 17:00:00,293.77880314080465
2012-08-26 18:00:00,235.46813916778507
2012-08-26 19:00:00,225.14077785431476
2012-08-26 20:00:00,191.7483344063446
2012-08-26 21:00:00,165.42188609329114
2012-08-26 22:00:00,115.8624304086527
2012-08-26 23:00:00,81.11439528606951
2012-08-27 00:00:00,43.8973563019145
2012-08-27 01:00:00,14.112010371848385
2012-08-27 02:00:00,7.468345671515246
2012-08-27 03:00:00,5.220578641880457
2012-08-27 04:00:00,7.571084203473666
2012-08-27 05:00:00,34.02124148979101
2012-08-27 06:00:00,138.77607917484752
2012-08-27 07:00:00,350.35489091562283
2012-08-27 08:00:00,552.1140106323816
2012-08-27 09:00:00,313.617182461509
2012-08-27 10:00:00,191.74973692177068
2012-08-27 11:00:00,221.41422621588305
2012-08-27 12:00:00,286.1255241960197
2012-08-27 13:00:00,281.4829643673683
2012-08-27 14:00:00,246.0821384584864
2012-08-27 15:00:00,280.30800630315156
2012-08-27 16:00:00,422.9437061121884
2012-08-27 17:00:00,824.0209585509313
2012-08-27 18:00:00,817.9761317971182
2012-08-27 19:00:00,551.4468102802532
2012-08-27 20:00:00,414.33622748323967
2012-08-27 21:00:00,287.09723576371636
2012-08-27 22:00:00,174.1049590662817
2012-08-27 23:00:00,105.81079765458847
2012-08-28 00:00:00,45.37114131454449
2012-08-28 01:00:00,15.836349476916237
2012-08-28 02:00:00,9.230329553960944
2012-08-28 03:00:00,5.573731449726678
2012-08-28 04:00:00,8.256966465110446
2012-08-28 05:00:00,37.18779456058997
2012-08-28 06:00:00,145.14810742869628
2012-08-28 07:00:00,361.5567138872009
2012-08-28 08:00:00,569.26131020814
2012-08-28 09:00:00,334.7042569376781
2012-08-28 10:00:00,198.19570484896002
2012-08-28 11:00:00,225.50853056549153
2012-08-28 12:00:00,284.05334233472604
2012-08-28 13:00:00,278.0603287886485
2012-08-28 14:00:00,244.35344060906405
2012-08-28 15:00:00,283.4015268536963
2012-08-28 16:00:00,438.5117145629433
2012-08-28 17:00:00,834.6917821028397
2012-08-28 18:00:00,822.9535701660957
2012-08-28 19:00:00,595.4238098869821
2012-08-28 20:00:00,434.3107581891294
2012-08-28 21:00:00,319.6853803189095
2012-08-28 22:00:00,231.66035918756805
2012-08-28 23:00:00,140.82692328372318
2012-08-29 00:00:00,54.14983903289604
2012-08-29 01:00:00,19.56043687858
2012-08-29 02:00:00,8.964170898800415
2012-08-29 03:00:00,6.08075271525403
2012-08-29 04:00:00,7.64877187975198
2012-08-29 05:00:00,40.32426646834641
2012-08-29 06:00:00,165.92678225004315
2012-08-29 07:00:00,465.13717183879555
2012-08-29 08:00:00,704.5812671946292
2012-08-29 09:00:00,357.3949064970434
2012-08-29 10:00:00,211.04530290029143
2012-08-29 11:00:00,244.0921246564233
2012-08-29 12:00:00,299.66115762878974
2012-08-29 13:00:00,295.63176168755746
2012-08-29 14:00:00,256.8679609825304
2012-08-29 15:00:00,297.12532438835717
2012-08-29 16:00:00,459.1666864865585
2012-08-29 17:00:00,853.2532462421386
2012-08-29 18:00:00,836.4844617718611
2012-08-29 19:00:00,594.6913488538833
2012-08-29 20:00:00,425.4269173442396
2012-08-29 21:00:00,324.7344021904463
2012-08-29 22:00:00,248.2098490926381
2012-08-29 23:00:00,156.16802468068576
2012-08-30 00:00:00,61.81567883331263
2012-08-30 01:00:00,21.50353312752787
2012-08-30 02:00:00,10.309562079006984
2012-08-30 03:00:00,6.08713931894062
2012-08-30 04:00:00,7.789639744312041
2012-08-30 05:00:00,41.09459108948238
2012-08-30 06:00:00,164.86343402345423
2012-08-30 07:00:00,453.1422087426148
2012-08-30 08:00:00,688.8340016435006
2012-08-30 09:00:00,350.5085245683447
2012-08-30 10:00:00,209.6493807771963
2012-08-30 11:00:00,242.0959616103525
2012-08-30 12:00:00,302.562181480004
2012-08-30 13:00:00,291.9426494004462
2012-08-30 14:00:00,255.04634489909728
2012-08-30 15:00:00,283.68370497598676
2012-08-30 16:00:00,434.9677767991636
2012-08-30 17:00:00,836.6441649014632
2012-08-30 18:00:00,815.4459016893348
2012-08-30 19:00:00,589.5804246634821
2012-08-30 20:00:00,439.5832467897873
2012-08-30 21:00:00,323.3411675000348
2012-08-30 22:00:00,243.27865386752518
2012-08-30 23:00:00,158.3298562056838
2012-08-31 00:00:00,85.74993581657617
2012-08-31 01:00:00,40.27048991186519
2012-08-31 02:00:00,15.393324985066979
2012-08-31 03:00:00,7.9845073411041225
2012-08-31 04:00:00,7.793475199573676
2012-08-31 05:00:00,35.53115219759212
2012-08-31 06:00:00,129.550371281581
2012-08-31 07:00:00,309.90477947573714
2012-08-31 08:00:00,617.5854418177712
2012-08-31 09:00:00,379.37519449940964
2012-08-31 10:00:00,235.31612166813832
2012-08-31 11:00:00,273.261818750068
2012-08-31 12:00:00,334.9194549995254
2012-08-31 13:00:00,340.851539307677
2012-08-31 14:00:00,305.28907834986575
2012-08-31 15:00:00,324.5132029343221
2012-08-31 16:00:00,466.92216155848735
2012-08-31 17:00:00,763.6644559437553
2012-08-31 18:00:00,647.2575392842791
2012-08-31 19:00:00,483.80210011434394
2012-08-31 20:00:00,345.933666811024
2012-08-31 21:00:00,290.01169304264295
2012-08-31 22:00:00,255.39826525340706
2012-08-31 23:00:00,211.98716530739696
2012-09-20 00:00:00,57.60550719346989
2012-09-20 01:00:00,21.266264211196443
2012-09-20 02:00:00,11.476661151576792
2012-09-20 03:00:00,6.62002299124961
2012-09-20 04:00:00,7.690782481668894
2012-09-20 05:00:00,42.15644472932707
2012-09-20 06:00:00,161.76753750722864
2012-09-20 07:00:00,461.0621503358714
2012-09-20 08:00:00,732.1121963595472
2012-09-20 09:00:00,364.8201969635304
2012-09-20 10:00:00,211.93408173230517
2012-09-20 11:00:00,248.27510257692276
2012-09-20 12:00:00,319.6587456961198
2012-09-20 13:00:00,310.13868785262844
2012-09-20 14:00:00,272.224013318603
2012-09-20 15:00:00,314.95988473098873
2012-09-20 16:00:00,463.58410195226173
2012-09-20 17:00:00,864.0343185616748
2012-09-20 18:00:00,834.4225473802688
2012-09-20 19:00:00,546.6936712461691
2012-09-20 20:00:00,407.33511704553825
2012-09-20 21:00:00,312.93780790186315
2012-09-20 22:00:00,219.2668892052634
2012-09-20 23:00:00,143.2801148039476
2012-09-21 00:00:00,79.21666716490027
2012-09-21 01:00:00,40.347890533830984
2012-09-21 02:00:00,19.758553413359017
2012-09-21 03:00:00,9.290643899538509
2012-09-21 04:00:00,9.133097760948072
2012-09-21 05:00:00,39.67548140679603
2012-09-21 06:00:00,160.3696832657341
2012-09-21 07:00:00,398.0190435706486
2012-09-21 08:00:00,676.951785304829
2012-09-21 09:00:00,400.1898742177734
2012-09-21 10:00:00,250.6545989713609
2012-09-21 11:00:00,312.9260783849501
2012-09-21 12:00:00,372.277164619944
2012-09-21 13:00:00,385.0604922365096
2012-09-21 14:00:00,346.40154013459863
2012-09-21 15:00:00,387.6664029097622
2012-09-21 16:00:00,547.374311690056
2012-09-21 17:00:00,817.8377161014519
2012-09-21 18:00:00,677.6424506294339
2012-09-21 19:00:00,492.3126049457177
2012-09-21 20:00:00,339.7707973922014
2012-09-21 21:00:00,261.31506916255785
2012-09-21 22:00:00,225.1792090344933
2012-09-21 23:00:00,184.03512481201034
2012-09-22 00:00:00,146.17702844338342
2012-09-22 01:00:00,95.29340174511582
2012-09-22 02:00:00,69.80084695788942
2012-09-22 03:00:00,31.941785620217544
2012-09-22 04:00:00,11.125738002192884
2012-09-22 05:00:00,12.43508456366178
2012-09-22 06:00:00,30.456281495711437
2012-09-22 07:00:00,71.78339651675296
2012-09-22 08:00:00,201.6339330356097
2012-09-22 09:00:00,313.6075544423106
2012-09-22 10:00:00,435.7471937059347
2012-09-22 11:00:00,536.9646201675989
2012-09-22 12:00:00,603.8664123679589
2012-09-22 13:00:00,599.624256536875
2012-09-22 14:00:00,572.0837207336926
2012-09-22 15:00:00,571.5998240998433
2012-09-22 16:00:00,592.2218021296516
2012-09-22 17:00:00,588.6963179247546
2012-09-22 18:00:00,517.9110249756966
2012-09-22 19:00:00,437.7417598434035
2012-09-22 20:00:00,342.09500182857295
2012-09-22 21:00:00,271.8735455172736
2012-09-22 22:00:00,243.3666997485637
2012-09-22 23:00:00,191.06441162240742
2012-09-23 00:00:00,144.5970454806665
2012-09-23 01:00:00,103.38983704936591
2012-09-23 02:00:00,80.28700946119429
2012-09-23 03:00:00,37.5072081342782
2012-09-23 04:00:00,11.973196873733752
2012-09-23 05:00:00,10.816410578156592
2012-09-23 06:00:00,20.367041177751933
2012-09-23 07:00:00,58.37806515296388
2012-09-23 08:00:00,120.40597002127069
2012-09-23 09:00:00,258.22277392534005
2012-09-23 10:00:00,406.8201223621775
2012-09-23 11:00:00,488.8082542742945
2012-09-23 12:00:00,532.1058696099628
2012-09-23 13:00:00,592.2317094812148
2012-09-23 14:00:00,575.2349709714409
2012-09-23 15:00:00,576.7410474736214
2012-09-23 16:00:00,592.9428949229131
2012-09-23 17:00:00,516.874110514627
2012-09-23 18:00:00,456.97978783698596
2012-09-23 19:00:00,347.5589146014183
2012-09-23 20:00:00,263.2420410136699
2012-09-23 21:00:00,167.44728823150555
2012-09-23 22:00:00,119.97849672089576
2012-09-23 23:00:00,73.21744280079969
2012-09-24 00:00:00,43.27106123674928
2012-09-24 01:00:00,15.306963750493365
2012-09-24 02:00:00,7.223346709912027
2012-09-24 03:00:00,4.677334328541912
2012-09-24 04:00:00,7.299487039212168
2012-09-24 05:00:00,40.53639008506911
2012-09-24 06:00:00,157.5566206772921
2012-09-24 07:00:00,450.63547166857325
2012-09-24 08:00:00,726.5421565453119
2012-09-24 09:00:00,365.56151088642844
2012-09-24 10:00:00,197.0991277344586
2012-09-24 11:00:00,237.12001980510465
2012-09-24 12:00:00,318.2389313459388
2012-09-24 13:00:00,312.2322875913991
2012-09-24 14:00:00,274.7780513953094
2012-09-24 15:00:00,315.4889992987277
2012-09-24 16:00:00,453.125235191051
2012-09-24 17:00:00,788.4169737844483
2012-09-24 18:00:00,781.1301072085215
2012-09-24 19:00:00,521.6986666441835
2012-09-24 20:00:00,379.7380785208229
2012-09-24 21:00:00,269.9361656898786
2012-09-24 22:00:00,167.75639847063707
2012-09-24 23:00:00,92.36360830967747
2012-09-25 00:00:00,43.17894592273958
2012-09-25 01:00:00,13.981737268438566
2012-09-25 02:00:00,7.211608998294007
2012-09-25 03:00:00,4.268099370529234
2012-09-25 04:00:00,6.610626977758078
2012-09-25 05:00:00,38.853523490919706
2012-09-25 06:00:00,159.4546114956565
2012-09-25 07:00:00,452.5216461089174
2012-09-25 08:00:00,722.4707666434379
2012-09-25 09:00:00,368.750667640552
2012-09-25 10:00:00,204.40405429120537
2012-09-25 11:00:00,243.385063561875
2012-09-25 12:00:00,318.0942150796818
2012-09-25 13:00:00,308.0174088331019
2012-09-25 14:00:00,275.0077822421725
2012-09-25 15:00:00,317.9187983320187
2012-09-25 16:00:00,473.3450840506501
2012-09-25 17:00:00,869.7335475941442
2012-09-25 18:00:00,844.3700463292056
2012-09-25 19:00:00,574.4918005330303
2012-09-25 20:00:00,417.01727223086505
2012-09-25 21:00:00,301.915928811716
2012-09-25 22:00:00,218.22869069123385
2012-09-25 23:00:00,124.0535164110961
2012-09-26 00:00:00,44.2776053612689
2012-09-26 01:00:00,16.92388265802486
2012-09-26 02:00:00,6.725151025420475
2012-09-26 03:00:00,4.71785326925319
2012-09-26 04:00:00,7.237089888673732
2012-09-26 05:00:00,40.374812749110276
2012-09-26 06:00:00,173.7110507190014
2012-09-26 07:00:00,489.82883430658063
2012-09-26 08:00:00,725.7947759017907
2012-09-26 09:00:00,373.0677985987917
2012-09-26 10:00:00,208.47634484423673
2012-09-26 11:00:00,245.72134175946485
2012-09-26 12:00:00,318.0362160661818
2012-09-26 13:00:00,307.7213183005178
2012-09-26 14:00:00,267.24386695909465
2012-09-26 15:00:00,309.2897377194427
2012-09-26 16:00:00,463.1135448176506
2012-09-26 17:00:00,838.1304593671215
2012-09-26 18:00:00,838.3441540521058
2012-09-26 19:00:00,579.4490062825971
2012-09-26 20:00:00,421.16735890536296
2012-09-26 21:00:00,321.7394806385039
2012-09-26 22:00:00,160.57953877182877
2012-09-26 23:00:00,117.93742860734751
2012-09-27 00:00:00,59.712244091676084
2012-09-27 01:00:00,21.810177870632167
2012-09-27 02:00:00,10.041903038213484
2012-09-27 03:00:00,6.900094381777814
2012-09-27 04:00:00,7.213437322736007
2012-09-27 05:00:00,40.15566806285693
2012-09-27 06:00:00,164.187670704777
2012-09-27 07:00:00,460.31609492152324
2012-09-27 08:00:00,709.3909901311551
2012-09-27 09:00:00,357.68092733137337
2012-09-27 10:00:00,213.5488068970244
2012-09-27 11:00:00,243.78623354627015
2012-09-27 12:00:00,313.6720986432671
2012-09-27 13:00:00,293.1753487569206
2012-09-27 14:00:00,257.37111210817034
2012-09-27 15:00:00,294.6147219694368
2012-09-27 16:00:00,449.8183600517577
2012-09-27 17:00:00,756.9380485930592
2012-09-27 18:00:00,756.0066296755926
2012-09-27 19:00:00,553.9045431274092
2012-09-27 20:00:00,399.3372022986267
2012-09-27 21:00:00,196.89204360914962
2012-09-27 22:00:00,134.6181128538476
2012-09-27 23:00:00,93.67936432593635
2012-09-28 00:00:00,47.1342192205736
2012-09-28 01:00:00,23.125307020125906
2012-09-28 02:00:00,9.325294054430861
2012-09-28 03:00:00,6.535173247655966
2012-09-28 04:00:00,5.7747995808912975
2012-09-28 05:00:00,34.74496584287313
2012-09-28 06:00:00,126.98935273826892
2012-09-28 07:00:00,320.0531282402165
2012-09-28 08:00:00,569.4451621062093
2012-09-28 09:00:00,355.1175817720799
2012-09-28 10:00:00,217.4073979939408
2012-09-28 11:00:00,285.48190244242727
2012-09-28 12:00:00,375.66567150035917
2012-09-28 13:00:00,385.4073951679594
2012-09-28 14:00:00,347.6520572714513
2012-09-28 15:00:00,383.3226559578768
2012-09-28 16:00:00,542.5002176215619
2012-09-28 17:00:00,797.1658681846747
2012-09-28 18:00:00,660.0803018011107
2012-09-28 19:00:00,385.1382919148856
2012-09-28 20:00:00,275.970110391885
2012-09-28 21:00:00,204.15937392675275
2012-09-28 22:00:00,219.92041133515184
2012-09-28 23:00:00,177.77737312860864
2012-09-29 00:00:00,156.92545214843133
2012-09-29 01:00:00,105.74830278498365
2012-09-29 02:00:00,74.37322417117517
2012-09-29 03:00:00,36.86992069658068
2012-09-29 04:00:00,11.772908955200165
2012-09-29 05:00:00,11.864683923671533
2012-09-29 06:00:00,32.97810734231405
2012-09-29 07:00:00,80.9353256077698
2012-09-29 08:00:00,206.35402458661594
2012-09-29 09:00:00,308.7832715391128
2012-09-29 10:00:00,420.82936878083206
2012-09-29 11:00:00,516.9512981131417
2012-09-29 12:00:00,623.099441780027
2012-09-29 13:00:00,624.2661627369308
2012-09-29 14:00:00,596.9855767419065
2012-09-29 15:00:00,578.2549320698711
2012-09-29 16:00:00,598.3418297800548
2012-09-29 17:00:00,599.8295200691693
2012-09-29 18:00:00,473.2239300937616
2012-09-29 19:00:00,382.71113702674154
2012-09-29 20:00:00,300.58766397312417
2012-09-29 21:00:00,239.98887416573885
2012-09-29 22:00:00,198.90982109643593
2012-09-29 23:00:00,168.70696385374356
2012-09-30 00:00:00,128.60576915590005
2012-09-30 01:00:00,108.59108160784743
2012-09-30 02:00:00,79.97804830952668
2012-09-30 03:00:00,41.03944559612703
2012-09-30 04:00:00,12.159071829097599
2012-09-30 05:00:00,10.879908695167886
2012-09-30 06:00:00,23.01479686182984
2012-09-30 07:00:00,58.09686792292909
2012-09-30 08:00:00,119.8636347821378
2012-09-30 09:00:00,267.7178059904425
2012-09-30 10:00:00,406.27540256079857
2012-09-30 11:00:00,519.730112686128
2012-09-30 12:00:00,598.8740938771691
2012-09-30 13:00:00,597.0149254619548
2012-09-30 14:00:00,567.6124887044638
2012-09-30 15:00:00,581.6194882253598
2012-09-30 16:00:00,594.7035038772515
2012-09-30 17:00:00,577.2897031530663
2012-09-30 18:00:00,413.2621296985092
2012-09-30 19:00:00,222.72512830429926
2012-09-30 20:00:00,155.7502049778072
2012-09-30 21:00:00,167.5996839148307
2012-09-30 22:00:00,111.32961681965662
2012-09-30 23:00:00,76.27062997367712
2012-10-20 00:00:00,140.74996564961057
2012-10-20 01:00:00,100.53746633215732
2012-10-20 02:00:00,72.91879012921395
2012-10-20 03:00:00,34.212335187790444
2012-10-20 04:00:00,10.813762212904136
2012-10-20 05:00:00,10.78338840901446
2012-10-20 06:00:00,30.017166102378674
2012-10-20 07:00:00,76.03923364312959
2012-10-20 08:00:00,193.4973394800439
2012-10-20 09:00:00,308.15000489527125
2012-10-20 10:00:00,411.5459111589383
2012-10-20 11:00:00,512.6902324889268
2012-10-20 12:00:00,551.0719712309938
2012-10-20 13:00:00,564.8560733444668
2012-10-20 14:00:00,533.6441279209932
2012-10-20 15:00:00,526.0308434897787
2012-10-20 16:00:00,559.1602970907757
2012-10-20 17:00:00,537.553095395158
2012-10-20 18:00:00,471.32402805891076
2012-10-20 19:00:00,365.80394865093945
2012-10-20 20:00:00,290.8683321711003
2012-10-20 21:00:00,216.4310906570165
2012-10-20 22:00:00,169.2479703478297
2012-10-20 23:00:00,141.32625946618398
2012-10-21 00:00:00,124.06048217025545
2012-10-21 01:00:00,102.04822727654613
2012-10-21 02:00:00,77.80777744011777
2012-10-21 03:00:00,35.52769776815277
2012-10-21 04:00:00,11.654120940030463
2012-10-21 05:00:00,10.44275462623592
2012-10-21 06:00:00,19.821750489095493
2012-10-21 07:00:00,58.53188420002708
2012-10-21 08:00:00,114.86621265926176
2012-10-21 09:00:00,239.88428985588124
2012-10-21 10:00:00,375.5990836888295
2012-10-21 11:00:00,481.3637383320861
2012-10-21 12:00:00,554.4244999709094
2012-10-21 13:00:00,556.1058747836317
2012-10-21 14:00:00,538.966203973433
2012-10-21 15:00:00,545.2493052527453
2012-10-21 16:00:00,534.6462674568155
2012-10-21 17:00:00,481.3780739667647
2012-10-21 18:00:00,436.0589379347426
2012-10-21 19:00:00,321.7390159134292
2012-10-21 20:00:00,236.25252407409036
2012-10-21 21:00:00,144.5831968646185
2012-10-21 22:00:00,106.85753475907323
2012-10-21 23:00:00,76.56615493521605
2012-10-22 00:00:00,36.652841963259725
2012-10-22 01:00:00,13.190674890590895
2012-10-22 02:00:00,6.877932745522853
2012-10-22 03:00:00,4.495263566122565
2012-10-22 04:00:00,7.070581930797436
2012-10-22 05:00:00,35.78901454773701
2012-10-22 06:00:00,150.54941047676857
2012-10-22 07:00:00,410.6969704433612
2012-10-22 08:00:00,703.2535453998069
2012-10-22 09:00:00,347.27697357602136
2012-10-22 10:00:00,195.64339326596104
2012-10-22 11:00:00,238.07590763594308
2012-10-22 12:00:00,314.8057252750551
2012-10-22 13:00:00,314.93766817
2012-10-22 14:00:00,277.60313533735956
2012-10-22 15:00:00,321.2218406807736
2012-10-22 16:00:00,474.8021041154912
2012-10-22 17:00:00,867.7727854756886
2012-10-22 18:00:00,737.0684226375273
2012-10-22 19:00:00,512.2490934892719
2012-10-22 20:00:00,362.5845171758824
2012-10-22 21:00:00,260.5141051842013
2012-10-22 22:00:00,150.96324570992547
2012-10-22 23:00:00,88.83085235589478
2012-10-23 00:00:00,41.22938851089966
2012-10-23 01:00:00,14.970344079947289
2012-10-23 02:00:00,6.55311305114752
2012-10-23 03:00:00,4.9428382562228865
2012-10-23 04:00:00,7.044457482414041
2012-10-23 05:00:00,39.107879704536316
2012-10-23 06:00:00,159.93512546150146
2012-10-23 07:00:00,426.11834987380263
2012-10-23 08:00:00,686.5296569043136
2012-10-23 09:00:00,347.8283879985054
2012-10-23 10:00:00,200.9201302180533
2012-10-23 11:00:00,238.6952717901098
2012-10-23 12:00:00,309.20105844105626
2012-10-23 13:00:00,297.20409752638477
2012-10-23 14:00:00,274.82190501140366
2012-10-23 15:00:00,315.06120945370463
2012-10-23 16:00:00,463.4073450647568
2012-10-23 17:00:00,848.4842939902255
2012-10-23 18:00:00,817.0397761235741
2012-10-23 19:00:00,563.3917904775492
2012-10-23 20:00:00,397.4743560501541
2012-10-23 21:00:00,282.9810208536216
2012-10-23 22:00:00,196.37414355708975
2012-10-23 23:00:00,114.68757296467261
2012-10-24 00:00:00,47.84562518336105
2012-10-24 01:00:00,17.996756975922864
2012-10-24 02:00:00,8.082362113721974
2012-10-24 03:00:00,5.985161712418159
2012-10-24 04:00:00,7.20120965212049
2012-10-24 05:00:00,41.631665791058076
2012-10-24 06:00:00,167.67436670691222
2012-10-24 07:00:00,421.276078030275
2012-10-24 08:00:00,606.0852266643866
2012-10-24 09:00:00,350.0055961639173
2012-10-24 10:00:00,194.48941375136812
2012-10-24 11:00:00,235.2306200927314
2012-10-24 12:00:00,316.16587337174525
2012-10-24 13:00:00,305.2942733742573
2012-10-24 14:00:00,272.66937349073316
2012-10-24 15:00:00,318.49278966253723
2012-10-24 16:00:00,474.23761369864354
2012-10-24 17:00:00,831.9265548137325
2012-10-24 18:00:00,822.4654090847453
2012-10-24 19:00:00,546.8377728593305
2012-10-24 20:00:00,397.71428375271574
2012-10-24 21:00:00,300.3288739288559
2012-10-24 22:00:00,220.54127909825212
2012-10-24 23:00:00,119.53805015829548
2012-10-25 00:00:00,56.18864285898898
2012-10-25 01:00:00,20.105529888967272
2012-10-25 02:00:00,10.989601895768269
2012-10-25 03:00:00,5.3881130549009
2012-10-25 04:00:00,6.59299134530159
2012-10-25 05:00:00,37.60926489349823
2012-10-25 06:00:00,153.4936387439391
2012-10-25 07:00:00,413.5671261176858
2012-10-25 08:00:00,614.5116456852406
2012-10-25 09:00:00,340.4372654987216
2012-10-25 10:00:00,183.3934707694115
2012-10-25 11:00:00,182.59896150094121
2012-10-25 12:00:00,254.26826285375375
2012-10-25 13:00:00,243.4425275483726
2012-10-25 14:00:00,248.6386439789569
2012-10-25 15:00:00,310.6558936311725
2012-10-25 16:00:00,439.20767600465376
2012-10-25 17:00:00,757.5229708532772
2012-10-25 18:00:00,476.11418359656886
2012-10-25 19:00:00,361.13625216058495
2012-10-25 20:00:00,285.4444387872438
2012-10-25 21:00:00,215.283009687518
2012-10-25 22:00:00,179.73780060663483
2012-10-25 23:00:00,116.45158663233858
2012-10-26 00:00:00,69.55469115905066
2012-10-26 01:00:00,32.101687517052746
2012-10-26 02:00:00,11.963351038305627
2012-10-26 03:00:00,6.51373071275421
2012-10-26 04:00:00,6.6618614863100385
2012-10-26 05:00:00,33.97349012617238
2012-10-26 06:00:00,132.83308161321048
2012-10-26 07:00:00,348.3891387250863
2012-10-26 08:00:00,557.6459804004554
2012-10-26 09:00:00,339.4837884866692
2012-10-26 10:00:00,194.461769211457
2012-10-26 11:00:00,261.2497324924191
2012-10-26 12:00:00,335.93399075528805
2012-10-26 13:00:00,351.8353621720112
2012-10-26 14:00:00,332.34161949927346
2012-10-26 15:00:00,371.5863123484368
2012-10-26 16:00:00,443.72676205374137
2012-10-26 17:00:00,628.2241347630035
2012-10-26 18:00:00,448.8775251296074
2012-10-26 19:00:00,311.4473506153158
2012-10-26 20:00:00,239.20260192216318
2012-10-26 21:00:00,226.89078370567563
2012-10-26 22:00:00,170.3416012513116
2012-10-26 23:00:00,171.47314470543208
2012-10-27 00:00:00,147.36177543495253
2012-10-27 01:00:00,96.11624587968146
2012-10-27 02:00:00,67.98533193334372
2012-10-27 03:00:00,34.793717240062186
2012-10-27 04:00:00,10.487716263601408
2012-10-27 05:00:00,10.665381759718496
2012-10-27 06:00:00,28.81650005689112
2012-10-27 07:00:00,73.11797705331432
2012-10-27 08:00:00,197.8633308395156
2012-10-27 09:00:00,283.0919448282434
2012-10-27 10:00:00,416.05156872592266
2012-10-27 11:00:00,510.9695556982666
2012-10-27 12:00:00,597.4835989545874
2012-10-27 13:00:00,611.9479513981271
2012-10-27 14:00:00,576.5811726608181
2012-10-27 15:00:00,504.1068826418437
2012-10-27 16:00:00,509.87990389720807
2012-10-27 17:00:00,507.5806825173707
2012-10-27 18:00:00,454.92583050449156
2012-10-27 19:00:00,356.5445973911882
2012-10-27 20:00:00,264.3847770424213
2012-10-27 21:00:00,216.31527236631706
2012-10-27 22:00:00,179.9164088431903
2012-10-27 23:00:00,139.54280282476765
2012-10-28 00:00:00,82.19002714078158
2012-10-28 01:00:00,98.77313035073733
2012-10-28 02:00:00,76.1992531872952
2012-10-28 03:00:00,37.92855955295264
2012-10-28 04:00:00,11.644017512059476
2012-10-28 05:00:00,10.971707997052993
2012-10-28 06:00:00,21.620816138378125
2012-10-28 07:00:00,54.60891979769095
2012-10-28 08:00:00,116.07666790825203
2012-10-28 09:00:00,244.57057990798165
2012-10-28 10:00:00,322.6308867167699
2012-10-28 11:00:00,421.68795185050163
2012-10-28 12:00:00,457.40845363628256
2012-10-28 13:00:00,459.18691377266816
2012-10-28 14:00:00,436.862737447766
2012-10-28 15:00:00,431.26570161158463
2012-10-28 16:00:00,283.5758382775839
2012-10-28 17:00:00,189.6397903689206
2012-10-28 18:00:00,129.21706392921277
2012-10-28 19:00:00,127.03531538156648
2012-10-28 20:00:00,104.82440414702842
2012-10-28 21:00:00,93.56260205453596
2012-10-28 22:00:00,76.31316145818383
2012-10-28 23:00:00,57.989211438972376
2012-10-29 00:00:00,27.383487933221126
2012-10-30 13:00:00,120.78285067871138
2012-10-30 14:00:00,109.29226231825312
2012-10-30 15:00:00,121.0645698134856
2012-10-30 16:00:00,162.33985554078424
2012-10-30 17:00:00,301.0134859553885
2012-10-30 18:00:00,310.2713822584125
2012-10-30 19:00:00,477.961661801579
2012-10-30 20:00:00,254.91640065465262
2012-10-30 21:00:00,175.970870264172
2012-10-30 22:00:00,132.85304056641345
2012-10-30 23:00:00,90.21404524459705
2012-10-31 00:00:00,34.98442796735765
2012-10-31 01:00:00,13.786151029919495
2012-10-31 02:00:00,6.065139718794244
2012-10-31 03:00:00,4.25427961123356
2012-10-31 04:00:00,5.555519308541584
2012-10-31 05:00:00,33.76412596108566
2012-10-31 06:00:00,141.5928610316464
2012-10-31 07:00:00,385.1069140341968
2012-10-31 08:00:00,633.5854306436663
2012-10-31 09:00:00,334.33017582717656
2012-10-31 10:00:00,176.0590219845161
2012-10-31 11:00:00,191.63431824367433
2012-10-31 12:00:00,254.94876484979744
2012-10-31 13:00:00,253.29108121450136
2012-10-31 14:00:00,222.2727520390903
2012-10-31 15:00:00,255.7330871562611
2012-10-31 16:00:00,360.375716354887
2012-10-31 17:00:00,635.7059653554047
2012-10-31 18:00:00,616.7301693987771
2012-10-31 19:00:00,415.0890693030943
2012-10-31 20:00:00,319.9694817406131
2012-10-31 21:00:00,210.41917704488375
2012-10-31 22:00:00,155.5853294148019
2012-10-31 23:00:00,107.97380314190555
2012-11-20 00:00:00,30.986674139449057
2012-11-20 01:00:00,13.165102929849262
2012-11-20 02:00:00,5.3523124521635435
2012-11-20 03:00:00,3.8214934311080615
2012-11-20 04:00:00,7.335295110673924
2012-11-20 05:00:00,33.971767939684106
2012-11-20 06:00:00,138.1306009680111
2012-11-20 07:00:00,392.97455774331326
2012-11-20 08:00:00,643.7042890995691
2012-11-20 09:00:00,312.90508228393753
2012-11-20 10:00:00,166.8554923511701
2012-11-20 11:00:00,193.58783931553663
2012-11-20 12:00:00,230.72444629714312
2012-11-20 13:00:00,227.90087782308967
2012-11-20 14:00:00,209.73007129364692
2012-11-20 15:00:00,242.44018082065898
2012-11-20 16:00:00,334.85573729999095
2012-11-20 17:00:00,577.9220659171715
2012-11-20 18:00:00,561.646191222186
2012-11-20 19:00:00,375.392299545148
2012-11-20 20:00:00,264.9147507808113
2012-11-20 21:00:00,193.79152487078198
2012-11-20 22:00:00,145.61957331394578
2012-11-20 23:00:00,89.00745331453898
2012-11-21 00:00:00,34.970653000435895
2012-11-21 01:00:00,14.37844465453616
2012-11-21 02:00:00,5.996680077763682
2012-11-21 03:00:00,4.531471031831987
2012-11-21 04:00:00,5.53208261457206
2012-11-21 05:00:00,30.99463835658103
2012-11-21 06:00:00,134.7733413374996
2012-11-21 07:00:00,383.2678239612328
2012-11-21 08:00:00,580.9201736516201
2012-11-21 09:00:00,322.2087499568687
2012-11-21 10:00:00,173.97558141313527
2012-11-21 11:00:00,201.48993957688828
2012-11-21 12:00:00,251.02671349792112
2012-11-21 13:00:00,246.2841362592779
2012-11-21 14:00:00,240.40418229529052
2012-11-21 15:00:00,264.7191928895543
2012-11-21 16:00:00,356.1050637945682
2012-11-21 17:00:00,610.1091146098759
2012-11-21 18:00:00,591.5535853745469
2012-11-21 19:00:00,387.5276727496364
2012-11-21 20:00:00,272.5019180289747
2012-11-21 21:00:00,200.8101198685386
2012-11-21 22:00:00,148.30998057330217
2012-11-21 23:00:00,99.07762533348969
2012-11-22 00:00:00,82.25391970060075
2012-11-22 01:00:00,50.83569338256051
2012-11-22 02:00:00,35.57789957927268
2012-11-22 03:00:00,13.2515809108761
2012-11-22 04:00:00,8.248560847076558
2012-11-22 05:00:00,10.738031831994357
2012-11-22 06:00:00,33.44204933955781
2012-11-22 07:00:00,80.59933491667545
2012-11-22 08:00:00,172.46748168426134
2012-11-22 09:00:00,276.62081465066774
2012-11-22 10:00:00,311.0503263417986
2012-11-22 11:00:00,395.561823905142
2012-11-22 12:00:00,416.70543432193676
2012-11-22 13:00:00,417.0742495541747
2012-11-22 14:00:00,407.34134628268816
2012-11-22 15:00:00,403.4365724615773
2012-11-22 16:00:00,413.64410903091334
2012-11-22 17:00:00,415.46689838887886
2012-11-22 18:00:00,352.75221267525063
2012-11-22 19:00:00,266.974520994703
2012-11-22 20:00:00,207.8273560646017
2012-11-22 21:00:00,170.30695892906223
2012-11-22 22:00:00,137.5537163563718
2012-11-22 23:00:00,99.72994972055406
2012-11-23 00:00:00,57.69094377700304
2012-11-23 01:00:00,26.227512086301633
2012-11-23 02:00:00,11.198702328249825
2012-11-23 03:00:00,5.4115182630697785
2012-11-23 04:00:00,6.673209356810458
2012-11-23 05:00:00,27.5658378832538
2012-11-23 06:00:00,117.40968106194119
2012-11-23 07:00:00,340.9199388112435
2012-11-23 08:00:00,565.7802346076722
2012-11-23 09:00:00,327.7848199769909
2012-11-23 10:00:00,194.57488828397845
2012-11-23 11:00:00,236.6738364439654
2012-11-23 12:00:00,298.10628548252214
2012-11-23 13:00:00,309.48123851911885
2012-11-23 14:00:00,312.2629723141299
2012-11-23 15:00:00,315.6383776519225
2012-11-23 16:00:00,417.58834228520686
2012-11-23 17:00:00,651.6711631077922
2012-11-23 18:00:00,525.3110180898793
2012-11-23 19:00:00,382.4916730076602
2012-11-23 20:00:00,270.7542367068676
2012-11-23 21:00:00,221.65197991059216
2012-11-23 22:00:00,168.4036278938702
2012-11-23 23:00:00,137.83334169127298
2012-11-24 00:00:00,114.58188200827556
2012-11-24 01:00:00,80.69272372521749
2012-11-24 02:00:00,57.3857172100237
2012-11-24 03:00:00,25.66955459729094
2012-11-24 04:00:00,8.340306305596211
2012-11-24 05:00:00,7.286498998954397
2012-11-24 06:00:00,20.732294380924802
2012-11-24 07:00:00,56.918549424445104
2012-11-24 08:00:00,128.66740444181914
2012-11-24 09:00:00,193.71893687069908
2012-11-24 10:00:00,280.31932409137755
2012-11-24 11:00:00,336.3504302717185
2012-11-24 12:00:00,351.12402415741593
2012-11-24 13:00:00,430.7986842997547
2012-11-24 14:00:00,409.02860406727234
2012-11-24 15:00:00,382.1898395948882
2012-11-24 16:00:00,358.52666596720684
2012-11-24 17:00:00,305.95328930044263
2012-11-24 18:00:00,268.0536239947168
2012-11-24 19:00:00,226.65109908416593
2012-11-24 20:00:00,160.9879233531691
2012-11-24 21:00:00,132.73492351957734
2012-11-24 22:00:00,118.06363791623437
2012-11-24 23:00:00,94.6574532061133
2012-11-25 00:00:00,97.8141174389204
2012-11-25 01:00:00,82.38891072968174
2012-11-25 02:00:00,53.33633813886556
2012-11-25 03:00:00,27.85133158666998
2012-11-25 04:00:00,9.587975373414144
2012-11-25 05:00:00,7.919693032555163
2012-11-25 06:00:00,15.16425097546556
2012-11-25 07:00:00,42.77653154160945
2012-11-25 08:00:00,94.6045147729282
2012-11-25 09:00:00,161.42546525141995
2012-11-25 10:00:00,264.85050209883184
2012-11-25 11:00:00,320.348118140457
2012-11-25 12:00:00,358.16225508004015
2012-11-25 13:00:00,357.6774415174399
2012-11-25 14:00:00,354.8040886204857
2012-11-25 15:00:00,374.6033209936524
2012-11-25 16:00:00,356.9068392055479
2012-11-25 17:00:00,272.7779826154547
2012-11-25 18:00:00,223.7257042272998
2012-11-25 19:00:00,181.05790074163914
2012-11-25 20:00:00,137.85596274505048
2012-11-25 21:00:00,105.00779193924541
2012-11-25 22:00:00,84.78649126443358
2012-11-25 23:00:00,58.90475315989565
2012-11-26 00:00:00,26.686827714856452
2012-11-26 01:00:00,10.285276477618133
2012-11-26 02:00:00,5.551104540833123
2012-11-26 03:00:00,4.10570436882241
2012-11-26 04:00:00,6.173160531756641
2012-11-26 05:00:00,32.23260490623559
2012-11-26 06:00:00,126.29856893104417
2012-11-26 07:00:00,367.7711801869068
2012-11-26 08:00:00,632.6126344263675
2012-11-26 09:00:00,310.31967318871534
2012-11-26 10:00:00,161.71816113562755
2012-11-26 11:00:00,197.95789587620348
2012-11-26 12:00:00,249.6198505167562
2012-11-26 13:00:00,244.32886048618062
2012-11-26 14:00:00,223.09938280287506
2012-11-26 15:00:00,246.86748761205513
2012-11-26 16:00:00,352.74180984811073
2012-11-26 17:00:00,616.4864657624369
2012-11-26 18:00:00,569.1085871199267
2012-11-26 19:00:00,380.84739179619254
2012-11-26 20:00:00,270.44446449939085
2012-11-26 21:00:00,192.26753347595513
2012-11-26 22:00:00,126.50658815255275
2012-11-26 23:00:00,74.09719175449939
2012-11-27 00:00:00,29.826590354525862
2012-11-27 01:00:00,13.397505027925927
2012-11-27 02:00:00,5.619070433368919
2012-11-27 03:00:00,3.6197499343925186
2012-11-27 04:00:00,5.9125720154920005
2012-11-27 05:00:00,31.83345651659724
2012-11-27 06:00:00,132.7601227143175
2012-11-27 07:00:00,170.71707481499334
2012-11-27 08:00:00,292.9036446790181
2012-11-27 09:00:00,307.0140760565721
2012-11-27 10:00:00,97.6758162333831
2012-11-27 11:00:00,102.24257953393095
2012-11-27 12:00:00,108.37811547851865
2012-11-27 13:00:00,120.71969405780013
2012-11-27 14:00:00,98.23328892834805
2012-11-27 15:00:00,179.75333276406195
2012-11-27 16:00:00,268.99438232434903
2012-11-27 17:00:00,481.8578839017652
2012-11-27 18:00:00,407.7271398473007
2012-11-27 19:00:00,310.3896173504771
2012-11-27 20:00:00,230.77204423325765
2012-11-27 21:00:00,143.53691421283196
2012-11-27 22:00:00,123.40632745852639
2012-11-27 23:00:00,80.11713542116834
2012-11-28 00:00:00,31.644052857976
2012-11-28 01:00:00,16.02033962126018
2012-11-28 02:00:00,7.716475070391084
2012-11-28 03:00:00,4.519390994533467
2012-11-28 04:00:00,6.040903627697963
2012-11-28 05:00:00,31.980783821599207
2012-11-28 06:00:00,130.2226206617788
2012-11-28 07:00:00,374.26595161391936
2012-11-28 08:00:00,663.8210261194358
2012-11-28 09:00:00,319.1419038341298
2012-11-28 10:00:00,160.85614627709072
2012-11-28 11:00:00,183.80905847583227
2012-11-28 12:00:00,216.30154546288523
2012-11-28 13:00:00,227.82377910556858
2012-11-28 14:00:00,205.4548711306997
2012-11-28 15:00:00,228.19123883446827
2012-11-28 16:00:00,319.3846744227558
2012-11-28 17:00:00,582.2114542109163
2012-11-28 18:00:00,547.196908088949
2012-11-28 19:00:00,369.26613968989864
2012-11-28 20:00:00,270.527777401743
2012-11-28 21:00:00,179.24542889589682
2012-11-28 22:00:00,131.28223194157118
2012-11-28 23:00:00,87.62678723695127
2012-11-29 00:00:00,30.785669464429443
2012-11-29 01:00:00,13.492698676696568
2012-11-29 02:00:00,6.206524928686429
2012-11-29 04:00:00,6.6828459718175495
2012-11-29 05:00:00,29.959810076684423
2012-11-29 06:00:00,127.50239196143805
2012-11-29 07:00:00,377.9504025724046
2012-11-29 08:00:00,635.4923162150844
2012-11-29 09:00:00,314.7498605960259
2012-11-29 10:00:00,158.97108613054516
2012-11-29 11:00:00,198.14101765633876
2012-11-29 12:00:00,237.6869900239498
2012-11-29 13:00:00,239.5602730916925
2012-11-29 14:00:00,205.02976694663423
2012-11-29 15:00:00,230.4231025869109
2012-11-29 16:00:00,324.2110822005085
2012-11-29 17:00:00,583.6331859364471
2012-11-29 18:00:00,551.3278179466772
2012-11-29 19:00:00,355.4932366936765
2012-11-29 20:00:00,262.8174677633928
2012-11-29 21:00:00,170.18453312892993
2012-11-29 22:00:00,134.78100557863235
2012-11-29 23:00:00,102.63906833735136
2012-11-30 00:00:00,52.8644468581208
2012-11-30 01:00:00,26.03779738298141
2012-11-30 02:00:00,10.615735497764826
2012-11-30 03:00:00,5.729412812322233
2012-11-30 04:00:00,6.376356638577239
2012-11-30 05:00:00,28.068597057409217
2012-11-30 06:00:00,113.50113148600356
2012-11-30 07:00:00,337.4073200095237
2012-11-30 08:00:00,566.9068754064605
2012-11-30 09:00:00,327.1509432887318
2012-11-30 10:00:00,179.74095026947862
2012-11-30 11:00:00,215.27947749762248
2012-11-30 12:00:00,272.7854299546814
2012-11-30 13:00:00,283.330489956513
2012-11-30 14:00:00,256.31963959698226
2012-11-30 15:00:00,285.0349397720353
2012-11-30 16:00:00,365.7248571661403
2012-11-30 17:00:00,555.3926058267949
2012-11-30 18:00:00,434.53296292632814
2012-11-30 19:00:00,309.13984611474336
2012-11-30 20:00:00,224.4892669179397
2012-11-30 21:00:00,167.74643882416638
2012-11-30 22:00:00,151.68668411780845
2012-11-30 23:00:00,118.61022780632314
2012-12-20 00:00:00,39.096921703927556
2012-12-20 01:00:00,15.413076194419546
2012-12-20 02:00:00,6.613101544303083
2012-12-20 03:00:00,4.111632752341448
2012-12-20 04:00:00,5.744494254752016
2012-12-20 05:00:00,33.823993979762655
2012-12-20 06:00:00,128.40047852489175
2012-12-20 07:00:00,379.740677420214
2012-12-20 08:00:00,632.2507849543726
2012-12-20 09:00:00,309.39863115386464
2012-12-20 10:00:00,159.57956101268942
2012-12-20 11:00:00,177.3939970410866
2012-12-20 12:00:00,224.8665521636299
2012-12-20 13:00:00,218.29202444673524
2012-12-20 14:00:00,196.72473737848736
2012-12-20 15:00:00,216.1504036833539
2012-12-20 16:00:00,295.38663719062515
2012-12-20 17:00:00,555.8232714292035
2012-12-20 18:00:00,531.5680064642424
2012-12-20 19:00:00,260.95450278044797
2012-12-20 20:00:00,210.9873217956676
2012-12-20 21:00:00,128.04403693559357
2012-12-20 22:00:00,84.0321780660916
2012-12-20 23:00:00,76.361587688341
2012-12-21 00:00:00,36.90387102327595
2012-12-21 01:00:00,20.970791806850357
2012-12-21 02:00:00,9.152192006145784
2012-12-21 03:00:00,4.646810653957566
2012-12-21 04:00:00,5.15162376039235
2012-12-21 05:00:00,26.52288041308232
2012-12-21 06:00:00,85.28384134640251
2012-12-21 07:00:00,281.9602833821962
2012-12-21 08:00:00,522.8240630530855
2012-12-21 09:00:00,273.42363231956693
2012-12-21 10:00:00,147.21925587952867
2012-12-21 11:00:00,165.86561880242138
2012-12-21 12:00:00,212.57952217732526
2012-12-21 13:00:00,213.5373135486508
2012-12-21 14:00:00,185.7278437756706
2012-12-21 15:00:00,209.08679137671973
2012-12-21 16:00:00,249.37559677807684
2012-12-21 17:00:00,416.18047150591
2012-12-21 18:00:00,352.08963073218604
2012-12-21 19:00:00,236.62905060778303
2012-12-21 20:00:00,173.0789318326378
2012-12-21 21:00:00,128.21700799827107
2012-12-21 22:00:00,109.6313617798841
2012-12-21 23:00:00,87.06434750799089
2012-12-22 00:00:00,72.2294626037081
2012-12-22 01:00:00,59.87467543900637
2012-12-22 02:00:00,43.69866507076365
2012-12-22 03:00:00,22.041489343382388
2012-12-22 04:00:00,8.056865258870186
2012-12-22 05:00:00,6.0220970064719594
2012-12-22 06:00:00,14.885188395265143
2012-12-22 07:00:00,41.08928208057195
2012-12-22 08:00:00,101.06627284865438
2012-12-22 09:00:00,156.10625760312217
2012-12-22 10:00:00,239.53465247232396
2012-12-22 11:00:00,274.57029206988324
2012-12-22 12:00:00,290.14982525892043
2012-12-22 13:00:00,343.9399428458616
2012-12-22 14:00:00,321.9028175814782
2012-12-22 15:00:00,283.3053939464653
2012-12-22 16:00:00,268.8931835429271
2012-12-22 17:00:00,236.63740725248897
2012-12-22 18:00:00,216.66576324034764
2012-12-22 19:00:00,180.8687172243569
2012-12-22 20:00:00,130.85060417305252
2012-12-22 21:00:00,105.60095770972544
2012-12-22 22:00:00,89.08468595397403
2012-12-22 23:00:00,73.20237383119635
2012-12-23 00:00:00,80.79966722631505
2012-12-23 01:00:00,70.06947439957142
2012-12-23 02:00:00,54.016804850965016
2012-12-23 03:00:00,28.929056619477972
2012-12-23 04:00:00,10.671382637892407
2012-12-23 05:00:00,6.38193047446461
2012-12-23 06:00:00,8.112330941206096
2012-12-23 07:00:00,28.67770180291977
2012-12-23 08:00:00,67.67774297501514
2012-12-23 09:00:00,123.00121213595523
2012-12-23 10:00:00,211.46304117768207
2012-12-23 11:00:00,263.62654144077675
2012-12-23 12:00:00,326.7763057203065
2012-12-23 13:00:00,352.30344196914507
2012-12-23 14:00:00,335.9018453256092
2012-12-23 15:00:00,341.25817690364556
2012-12-23 16:00:00,327.4654056499607
2012-12-23 17:00:00,254.89804499855887
2012-12-23 18:00:00,209.73463148630748
2012-12-23 19:00:00,166.0734994991792
2012-12-23 20:00:00,112.77269424429115
2012-12-23 21:00:00,88.86913143166731
2012-12-23 22:00:00,68.09381923870609
2012-12-23 23:00:00,55.336861885348185
2012-12-24 00:00:00,22.732910727069683
2012-12-24 01:00:00,8.739776063817393
2012-12-24 02:00:00,5.163514090087521
2012-12-24 03:00:00,4.304342520977842
2012-12-24 05:00:00,24.407288439409463
2012-12-24 06:00:00,97.28163332322129
2012-12-24 07:00:00,290.67456614120266
2012-12-24 08:00:00,525.2022056206988
2012-12-24 09:00:00,262.11510926036664
2012-12-24 10:00:00,121.28798425477063
2012-12-24 11:00:00,125.45305677411943
2012-12-24 12:00:00,158.64682776874992
2012-12-24 13:00:00,88.25798231952427
2012-12-24 14:00:00,80.28399881426867
2012-12-24 15:00:00,84.15572359861999
2012-12-24 16:00:00,117.6771283492534
2012-12-24 17:00:00,250.6363894666673
2012-12-24 18:00:00,249.73972953733445
2012-12-24 19:00:00,241.3720648459635
2012-12-24 20:00:00,121.05322420956728
2012-12-24 21:00:00,99.72945943481382
2012-12-24 22:00:00,91.30700559310574
2012-12-24 23:00:00,46.35151030236828
2012-12-25 00:00:00,41.78931061142052
2012-12-25 01:00:00,39.36721562031161
2012-12-25 02:00:00,28.304994718366892
2012-12-25 04:00:00,6.388336933533766
2012-12-25 05:00:00,8.144408743276442
2012-12-25 06:00:00,17.277355085893763
2012-12-25 07:00:00,46.70292620628318
2012-12-25 08:00:00,136.5245745823177
2012-12-25 09:00:00,174.80362409892558
2012-12-25 10:00:00,232.577016453073
2012-12-25 11:00:00,264.74006856997505
2012-12-25 12:00:00,287.41689759926976
2012-12-25 13:00:00,330.719086789
2012-12-25 14:00:00,320.4155295002944
2012-12-25 15:00:00,290.48896030211955
2012-12-25 16:00:00,293.6828671464532
2012-12-25 17:00:00,282.17675882569995
2012-12-25 18:00:00,252.38622323769613
2012-12-25 19:00:00,213.2410455281227
2012-12-25 20:00:00,142.98507437134035
2012-12-25 21:00:00,108.8208125998971
2012-12-25 22:00:00,85.54887473738046
2012-12-25 23:00:00,65.85478403324583
2012-12-26 00:00:00,27.652168269478633
2012-12-26 01:00:00,11.070906500983437
2012-12-26 02:00:00,5.6182470310138335
2012-12-26 03:00:00,4.542875776321871
2012-12-26 04:00:00,4.681580988846016
2012-12-26 05:00:00,24.4851206276485
2012-12-26 06:00:00,99.59939878935415
2012-12-26 07:00:00,127.8032852705964
2012-12-26 08:00:00,221.722769203355
2012-12-26 09:00:00,111.93572343226128
2012-12-26 10:00:00,63.89489001619032
2012-12-26 11:00:00,65.09980770415993
2012-12-26 12:00:00,73.09172964502669
2012-12-26 13:00:00,69.89069372249787
2012-12-26 14:00:00,77.22257491493897
2012-12-26 15:00:00,72.64292799517058
2012-12-26 16:00:00,97.78290355553088
2012-12-26 17:00:00,199.1779012570856
2012-12-26 18:00:00,196.25574083346453
2012-12-26 19:00:00,145.49728608378084
2012-12-26 20:00:00,98.80976409323006
2012-12-26 21:00:00,125.09377848597516
2012-12-26 22:00:00,53.10761732869504
2012-12-26 23:00:00,44.331697853964755
2012-12-27 00:00:00,19.097313819601787
2012-12-27 01:00:00,7.025399118085588
2012-12-27 02:00:00,4.561857367341677
2012-12-27 03:00:00,4.090826107866371
2012-12-27 04:00:00,4.289305797864286
2012-12-27 05:00:00,28.100794188390626
2012-12-27 06:00:00,86.04471169409024
2012-12-27 07:00:00,327.3955209405749
2012-12-27 08:00:00,557.9150485865924
2012-12-27 09:00:00,277.72581880737556
2012-12-27 10:00:00,125.47520162325739
2012-12-27 11:00:00,130.2524652288772
2012-12-27 12:00:00,169.78579702403914
2012-12-27 13:00:00,162.7939948067307
2012-12-27 14:00:00,129.91040291125677
2012-12-27 15:00:00,146.332545141304
2012-12-27 16:00:00,231.20603008379592
2012-12-27 17:00:00,429.553847735822
2012-12-27 18:00:00,425.39375624593487
2012-12-27 19:00:00,270.4653640652839
2012-12-27 20:00:00,217.89629639040567
2012-12-27 21:00:00,142.05696334456
2012-12-27 22:00:00,101.1263393132684
2012-12-27 23:00:00,70.49305071406023
2012-12-28 00:00:00,44.593771798773744
2012-12-28 01:00:00,24.475487046838893
2012-12-28 02:00:00,10.679672181726051
2012-12-28 03:00:00,5.836890691584986
2012-12-28 04:00:00,5.6617751629523045
2012-12-28 05:00:00,26.875548249213484
2012-12-28 06:00:00,91.42970350406515
2012-12-28 07:00:00,280.5592748522323
2012-12-28 08:00:00,521.3601271451455
2012-12-28 09:00:00,286.2852428734431
2012-12-28 10:00:00,134.93767848074896
2012-12-28 11:00:00,159.79815300075416
2012-12-28 12:00:00,213.4432794977021
2012-12-28 13:00:00,212.20845736158375
2012-12-28 14:00:00,183.6721629841957
2012-12-28 15:00:00,208.8085786246113
2012-12-28 16:00:00,263.0063978836667
2012-12-28 17:00:00,420.6386288297682
2012-12-28 18:00:00,352.8800604972113
2012-12-28 19:00:00,241.41830752235074
2012-12-28 20:00:00,161.23497013639414
2012-12-28 21:00:00,122.91868573056026
2012-12-28 22:00:00,107.58059407217597
2012-12-28 23:00:00,87.01097475041281
2012-12-29 00:00:00,78.44363631641176
2012-12-29 01:00:00,68.98529191881221
2012-12-29 02:00:00,47.374628657518514
2012-12-29 03:00:00,22.788279446161333
2012-12-29 04:00:00,6.938928978679597
2012-12-29 05:00:00,5.810671635861882
2012-12-29 06:00:00,12.463001194331595
2012-12-29 07:00:00,40.48106284362066
2012-12-29 08:00:00,104.23292361330536
2012-12-29 09:00:00,154.8872755834766
2012-12-29 10:00:00,139.53063020415428
2012-12-29 11:00:00,157.6583574868594
2012-12-29 12:00:00,178.2398825201896
2012-12-29 13:00:00,182.16722267237884
2012-12-29 14:00:00,253.86331676053874
2012-12-29 15:00:00,249.863593274011
2012-12-29 16:00:00,254.8907728526388
2012-12-29 17:00:00,229.5527595944271
2012-12-29 18:00:00,220.0418031704103
2012-12-29 19:00:00,184.2695726538491
2012-12-29 20:00:00,119.6658380867974
2012-12-29 21:00:00,102.40075026991724
2012-12-29 22:00:00,84.43950779225466
2012-12-29 23:00:00,79.91049352316028
2012-12-30 00:00:00,82.83009161217902
2012-12-30 01:00:00,66.00078822191887
2012-12-30 02:00:00,52.946435191713654
2012-12-30 03:00:00,25.171609712810685
2012-12-30 04:00:00,8.42529431907084
2012-12-30 05:00:00,5.534571250073445
2012-12-30 06:00:00,7.477391783603113
2012-12-30 07:00:00,27.47595175768146
2012-12-30 08:00:00,66.32010238778928
2012-12-30 09:00:00,123.1583245649575
2012-12-30 10:00:00,218.4299640143903
2012-12-30 11:00:00,266.93425185091996
2012-12-30 12:00:00,291.3396949349174
2012-12-30 13:00:00,298.3440784122087
2012-12-30 14:00:00,286.57747453565753
2012-12-30 15:00:00,285.62172751766695
2012-12-30 16:00:00,264.3750927280877
2012-12-30 17:00:00,227.77797742682944
2012-12-30 18:00:00,195.0667682068
2012-12-30 19:00:00,180.28097548110395
2012-12-30 20:00:00,100.52504887796383
2012-12-30 21:00:00,82.91619848908594
2012-12-30 22:00:00,61.69162725301153
2012-12-30 23:00:00,43.835494379665654
2012-12-31 00:00:00,21.732617354184395
2012-12-31 01:00:00,9.211354770148679
2012-12-31 02:00:00,5.944340659273047
2012-12-31 03:00:00,4.741903393937798
2012-12-31 04:00:00,5.190672278935159
2012-12-31 05:00:00,23.987426311769923
2012-12-31 06:00:00,91.42271719436518
2012-12-31 07:00:00,284.05252830851344
2012-12-31 08:00:00,490.284374719868
2012-12-31 09:00:00,255.20650669129805
2012-12-31 10:00:00,111.22229149679711
2012-12-31 11:00:00,121.21920409765258
2012-12-31 12:00:00,151.5623463132555
2012-12-31 13:00:00,147.09468471178
2012-12-31 14:00:00,137.95911958979264
2012-12-31 15:00:00,151.41529526183373
2012-12-31 16:00:00,225.67841713565758
2012-12-31 17:00:00,437.04518370513836
2012-12-31 18:00:00,426.71947002472484
2012-12-31 19:00:00,272.6139318861068
2012-12-31 20:00:00,208.24040264870993
2012-12-31 21:00:00,141.4595594892997
2012-12-31 22:00:00,101.26044528703252
2012-12-31 23:00:00,59.63350660976176
