datetime,count
2011-01-20 00:00:00,8.598953865368061
2011-01-20 01:00:00,4.214664730115611
2011-01-20 02:00:00,2.843396828155983
2011-01-20 03:00:00,2.464222569207431
2011-01-20 04:00:00,2.1049882518712133
2011-01-20 05:00:00,6.283409141624466
2011-01-20 06:00:00,32.868993301414896
2011-01-20 07:00:00,104.01815503632633
2011-01-20 08:00:00,203.941751742892
2011-01-20 09:00:00,103.16499410570862
2011-01-20 10:00:00,52.64921370381896
2011-01-20 11:00:00,53.95505450756865
2011-01-20 12:00:00,71.30466407389022
2011-01-20 13:00:00,63.23044867225392
2011-01-20 14:00:00,60.049672355854916
2011-01-20 15:00:00,64.12187040101982
2011-01-20 16:00:00,90.00248016338456
2011-01-20 17:00:00,180.82365249682306
2011-01-20 18:00:00,171.53650611783152
2011-01-20 19:00:00,109.65680617925229
2011-01-20 20:00:00,81.89257259238602
2011-01-20 21:00:00,54.98226332848053
2011-01-20 22:00:00,39.7903212715778
2011-01-20 23:00:00,20.908146357140307
2011-01-21 00:00:00,13.720013766190998
2011-01-21 01:00:00,6.061547358491151
2011-01-21 02:00:00,3.6832681576543083
2011-01-21 03:00:00,1.6437895301473617
2011-01-21 04:00:00,1.9557442577131343
2011-01-21 05:00:00,4.427811298549079
2011-01-21 06:00:00,29.11616143781129
2011-01-21 07:00:00,84.22926796652945
2011-01-21 08:00:00,180.41457524451152
2011-01-21 09:00:00,94.68084057243253
2011-01-21 10:00:00,42.6405657587818
2011-01-21 11:00:00,54.06508091179951
2011-01-21 12:00:00,66.1506109205523
2011-01-21 13:00:00,61.341162802690846
2011-01-21 14:00:00,56.41332216824914
2011-01-21 15:00:00,62.158275375864584
2011-01-21 16:00:00,71.85574168726538
2011-01-21 17:00:00,134.63439151846094
2011-01-21 18:00:00,117.64675921491659
2011-01-21 19:00:00,72.30000341826504
2011-01-21 20:00:00,49.84885874119786
2011-01-21 21:00:00,35.313791782805964
2011-01-21 22:00:00,30.844626045976643
2011-01-21 23:00:00,22.528454754197693
2011-01-22 00:00:00,21.98312846509545
2011-01-22 01:00:00,15.124951871195787
2011-01-22 02:00:00,11.482195129909464
2011-01-22 03:00:00,5.052818394227529
2011-01-22 04:00:00,1.4981336960006408
2011-01-22 06:00:00,3.1359420581165645
2011-01-22 07:00:00,7.266342919311358
2011-01-22 08:00:00,23.028905743252466
2011-01-22 09:00:00,39.465853485142105
2011-01-22 10:00:00,60.059990000887424
2011-01-22 11:00:00,68.13292992421758
2011-01-22 12:00:00,87.61218640581262
2011-01-22 13:00:00,93.37406087564668
2011-01-22 14:00:00,85.93168100878864
2011-01-22 15:00:00,85.72420436941951
2011-01-22 16:00:00,80.6325337707635
2011-01-22 17:00:00,75.6497399637224
2011-01-22 18:00:00,59.982948719720405
2011-01-22 19:00:00,53.25972311656854
2011-01-22 20:00:00,36.88518167182202
2011-01-22 21:00:00,32.32360211557547
2011-01-22 22:00:00,24.14679137310092
2011-01-22 23:00:00,20.00280981308523
2011-01-23 00:00:00,21.21342580736998
2011-01-23 01:00:00,17.332709859152807
2011-01-23 02:00:00,12.264717249700949
2011-01-23 03:00:00,7.133554012112503
2011-01-23 05:00:00,1.5753421048192147
2011-01-23 06:00:00,2.159158095682306
2011-01-23 07:00:00,5.143202377977182
2011-01-23 08:00:00,14.562280824760725
2011-01-23 09:00:00,29.25620247976339
2011-01-23 10:00:00,55.876049307856974
2011-01-23 11:00:00,65.6125080964083
2011-01-23 12:00:00,80.42017696810835
2011-01-23 13:00:00,84.20994260643175
2011-01-23 14:00:00,80.49989287444687
2011-01-23 15:00:00,79.94817064770464
2011-01-23 16:00:00,77.4407883460216
2011-01-23 17:00:00,64.47094829880709
2011-01-23 18:00:00,55.5026338651144
2011-01-23 19:00:00,44.675148332071466
2011-01-23 20:00:00,30.828024971235767
2011-01-23 21:00:00,24.619107555736836
2011-01-23 22:00:00,18.086254188749024
2011-01-23 23:00:00,12.298040542240539
2011-01-24 00:00:00,7.294807198121749
2011-01-24 01:00:00,3.1797920195092724
2011-01-24 03:00:00,1.6313456318278605
2011-01-24 04:00:00,1.8284830069566982
2011-01-24 05:00:00,5.323550887426345
2011-01-24 06:00:00,26.54665621087574
2011-01-24 07:00:00,81.31893026601502
2011-01-24 08:00:00,169.502418960725
2011-01-24 09:00:00,87.08825771191792
2011-01-24 10:00:00,38.559201155736716
2011-01-24 11:00:00,37.17941698898828
2011-01-24 12:00:00,50.43103486550011
2011-01-24 13:00:00,46.80531946584098
2011-01-24 14:00:00,42.579385011521126
2011-01-24 15:00:00,50.43087645284541
2011-01-24 16:00:00,71.41501224338197
2011-01-24 17:00:00,148.05474218171207
2011-01-24 18:00:00,147.17118832413422
2011-01-24 19:00:00,91.4929472613219
2011-01-24 20:00:00,68.48216579079751
2011-01-24 21:00:00,43.689874737986976
2011-01-24 22:00:00,30.03244167601351
2011-01-24 23:00:00,16.658954459650833
2011-01-25 00:00:00,6.350486586635845
2011-01-25 01:00:00,3.5236399930776754
2011-01-25 02:00:00,2.1990156594029777
2011-01-25 04:00:00,1.935003671980054
2011-01-25 05:00:00,5.168373892344748
2011-01-25 06:00:00,29.141829712110322
2011-01-25 07:00:00,87.74306480311553
2011-01-25 08:00:00,184.25324416113165
2011-01-25 09:00:00,95.37478585591705
2011-01-25 10:00:00,45.18814139499828
2011-01-25 11:00:00,48.58138594255613
2011-01-25 12:00:00,64.00475556850817
2011-01-25 13:00:00,60.00068795943582
2011-01-25 14:00:00,58.729392084508085
2011-01-25 15:00:00,64.71039275251609
2011-01-25 16:00:00,94.124591132635
2011-01-25 17:00:00,194.09186667699885
2011-01-25 18:00:00,177.1384668361779
2011-01-25 19:00:00,102.28228624749318
2011-01-25 20:00:00,82.63588895922611
2011-01-25 21:00:00,55.638485676047694
2011-01-25 22:00:00,38.622760437363496
2011-01-25 23:00:00,19.730037567631236
2011-01-26 00:00:00,7.945489478767788
2011-01-26 01:00:00,3.9703495452831583
2011-01-26 02:00:00,2.581775766993683
2011-01-26 05:00:00,3.2514055205099033
2011-01-26 06:00:00,12.417154424360131
2011-01-26 07:00:00,39.063634192026306
2011-01-26 08:00:00,88.69897744808605
2011-01-26 09:00:00,31.723481966354658
2011-01-26 10:00:00,18.713549352835564
2011-01-26 11:00:00,16.439335786958402
2011-01-26 12:00:00,17.141995740211488
2011-01-26 13:00:00,16.26062053052513
2011-01-26 14:00:00,15.59465771157505
2011-01-26 15:00:00,14.12769636537825
2011-01-26 16:00:00,23.476750589855676
2011-01-26 17:00:00,57.88091338228931
2011-01-27 16:00:00,85.91380958071846
2011-01-27 17:00:00,177.7335942258557
2011-01-27 18:00:00,163.1763321055119
2011-01-27 19:00:00,101.57868087885828
2011-01-27 20:00:00,77.91568988711035
2011-01-27 21:00:00,51.17748170206284
2011-01-27 22:00:00,40.15243710151308
2011-01-27 23:00:00,22.29561448020378
2011-01-28 00:00:00,13.00121658256216
2011-01-28 01:00:00,6.357030803220255
2011-01-28 02:00:00,2.8648996326409875
2011-01-28 03:00:00,2.091064877838696
2011-01-28 05:00:00,5.744288166106088
2011-01-28 06:00:00,26.133309093135118
2011-01-28 07:00:00,78.53368877847464
2011-01-28 08:00:00,173.77149504440868
2011-01-28 09:00:00,51.68668599507866
2011-01-28 10:00:00,24.755948214098147
2011-01-28 11:00:00,28.819123074504898
2011-01-28 12:00:00,32.95018541676929
2011-01-28 13:00:00,33.43275183579132
2011-01-28 14:00:00,31.825196225317313
2011-01-28 15:00:00,56.36560424633797
2011-01-28 16:00:00,81.56418558576362
2011-01-28 17:00:00,164.991680861971
2011-01-28 18:00:00,139.8653296678105
2011-01-28 19:00:00,86.82634104866204
2011-01-28 20:00:00,63.43767455636491
2011-01-28 21:00:00,41.647323391796036
2011-01-28 22:00:00,41.251921968740945
2011-01-28 23:00:00,29.579354138701596
2011-01-29 00:00:00,25.709351759929415
2011-01-29 01:00:00,20.437563272128422
2011-01-29 02:00:00,14.563965898881577
2011-01-29 03:00:00,7.753970679331614
2011-01-29 04:00:00,2.2553943042599713
2011-01-29 06:00:00,3.363787911053262
2011-01-29 07:00:00,8.564134984417908
2011-01-29 08:00:00,26.25079493946569
2011-01-29 09:00:00,44.5059102504008
2011-01-29 10:00:00,67.57455220963105
2011-01-29 11:00:00,73.11551527426104
2011-01-29 12:00:00,93.77168594339298
2011-01-29 13:00:00,105.22172005369792
2011-01-29 14:00:00,100.00853742011718
2011-01-29 15:00:00,100.35920109383044
2011-01-29 16:00:00,104.12406956607042
2011-01-29 17:00:00,88.6346614743858
2011-01-29 18:00:00,75.13109263973043
2011-01-29 19:00:00,62.606512997109185
2011-01-29 20:00:00,42.7325725126788
2011-01-29 21:00:00,37.16859568677107
2011-01-29 22:00:00,27.833271145110732
2011-01-29 23:00:00,23.88505419349449
2011-01-30 00:00:00,25.53331299719001
2011-01-30 01:00:00,20.991035652539715
2011-01-30 02:00:00,17.49167132094899
2011-01-30 03:00:00,8.908076498008745
2011-01-30 04:00:00,2.853138588116719
2011-01-30 05:00:00,1.9588777043360301
2011-01-30 07:00:00,5.446221331706593
2011-01-30 08:00:00,14.82709257369749
2011-01-30 09:00:00,34.294777344085986
2011-01-30 10:00:00,63.94933751678589
2011-01-30 11:00:00,79.82207226844295
2011-01-30 12:00:00,121.85226892147139
2011-01-30 13:00:00,110.05760050387718
2011-01-30 14:00:00,107.82988298926267
2011-01-30 15:00:00,119.81002773833899
2011-01-30 16:00:00,115.92289808283928
2011-01-30 17:00:00,91.2953430196745
2011-01-30 18:00:00,69.00648301556596
2011-01-30 19:00:00,54.34996245337507
2011-01-30 20:00:00,39.57196637930982
2011-01-30 21:00:00,31.272659478397575
2011-01-30 22:00:00,21.64728777129957
2011-01-30 23:00:00,14.297584180147487
2011-01-31 00:00:00,7.207809165851325
2011-01-31 01:00:00,3.4288661499281923
2011-01-31 02:00:00,2.6692484510751653
2011-01-31 03:00:00,2.1222718820816144
2011-01-31 04:00:00,1.7115503492864346
2011-01-31 05:00:00,3.973860699512829
2011-01-31 06:00:00,25.63071572978436
2011-01-31 07:00:00,82.29261860523935
2011-01-31 08:00:00,169.19078938529915
2011-01-31 09:00:00,83.83034217428471
2011-01-31 10:00:00,39.26542805327375
2011-01-31 11:00:00,39.847671106555644
2011-01-31 12:00:00,54.957027580718794
2011-01-31 13:00:00,51.006425622277476
2011-01-31 14:00:00,45.231455039870404
2011-01-31 15:00:00,47.94505977530863
2011-01-31 16:00:00,74.62441519236422
2011-01-31 17:00:00,153.6870607135964
2011-01-31 18:00:00,150.17277655926952
2011-01-31 19:00:00,114.10676000638114
2011-01-31 20:00:00,47.371114379859236
2011-01-31 21:00:00,33.47659996399011
2011-01-31 22:00:00,32.64809294766178
2011-01-31 23:00:00,17.66553638863611
2011-02-20 00:00:00,33.44669251131845
2011-02-20 01:00:00,24.16084969164188
2011-02-20 02:00:00,16.30788100441228
2011-02-20 03:00:00,6.951061610563335
2011-02-20 04:00:00,1.6466613416423488
2011-02-20 06:00:00,2.255891052674198
2011-02-20 07:00:00,6.981861499217322
2011-02-20 08:00:00,23.201448188638633
2011-02-20 09:00:00,44.585098890519134
2011-02-20 10:00:00,88.55844813097103
2011-02-20 11:00:00,109.04872516919481
2011-02-20 12:00:00,143.1702750507215
2011-02-20 13:00:00,154.89216391797814
2011-02-20 14:00:00,147.3340404633417
2011-02-20 15:00:00,150.71255509991278
2011-02-20 16:00:00,143.13907422955955
2011-02-20 17:00:00,118.12912025998574
2011-02-20 18:00:00,96.69804745702044
2011-02-20 19:00:00,77.29383807638551
2011-02-20 20:00:00,55.251063905028566
2011-02-20 21:00:00,43.686831550025886
2011-02-20 22:00:00,33.33796801362582
2011-02-20 23:00:00,24.330256526602746
2011-02-21 00:00:00,24.510246766863943
2011-02-21 01:00:00,15.23232705186198
2011-02-21 02:00:00,10.18374583850434
2011-02-21 03:00:00,3.4252625773573797
2011-02-21 04:00:00,2.8555362210973434
2011-02-21 05:00:00,3.4771753586133567
2011-02-21 06:00:00,9.949617358641461
2011-02-21 07:00:00,19.87755222271965
2011-02-21 08:00:00,59.39645329546327
2011-02-21 09:00:00,82.10829664566302
2011-02-21 10:00:00,89.39238198957081
2011-02-21 11:00:00,104.69954097600451
2011-02-21 12:00:00,115.2616768980973
2011-02-21 13:00:00,54.94810638746704
2011-02-21 14:00:00,110.11569060548732
2011-02-21 15:00:00,98.85137703163076
2011-02-21 16:00:00,52.04872170074126
2011-02-21 17:00:00,102.15361938461133
2011-02-21 18:00:00,73.29112020895694
2011-02-21 19:00:00,63.916071081919185
2011-02-21 20:00:00,25.833352222670904
2011-02-21 21:00:00,20.776505170932946
2011-02-21 22:00:00,16.633024305495645
2011-02-21 23:00:00,12.839950274469727
2011-02-22 06:00:00,29.50634326643353
2011-02-22 07:00:00,96.08858409325396
2011-02-22 08:00:00,211.38965834909695
2011-02-22 09:00:00,107.60385491665099
2011-02-22 10:00:00,48.79651833803267
2011-02-22 11:00:00,51.936006671091825
2011-02-22 12:00:00,66.34891304142714
2011-02-22 13:00:00,65.51941765957321
2011-02-22 14:00:00,59.794383472561044
2011-02-22 15:00:00,67.83741627789996
2011-02-22 16:00:00,93.9187789400173
2011-02-22 17:00:00,194.78925125769925
2011-02-22 18:00:00,192.35273831438676
2011-02-22 19:00:00,106.46618408276004
2011-02-22 20:00:00,83.85579690548276
2011-02-22 21:00:00,55.64691436746941
2011-02-22 22:00:00,40.94577191057443
2011-02-22 23:00:00,22.275006546075836
2011-02-23 00:00:00,9.038006080454501
2011-02-23 01:00:00,4.029166648505097
2011-02-23 02:00:00,2.3662792519240914
2011-02-23 03:00:00,1.6366549594171294
2011-02-23 05:00:00,6.458907821469387
2011-02-23 06:00:00,34.41900796928638
2011-02-23 07:00:00,105.98227428252599
2011-02-23 08:00:00,212.91094915921764
2011-02-23 09:00:00,111.84874793461859
2011-02-23 10:00:00,54.776687767506075
2011-02-23 11:00:00,61.05912002919118
2011-02-23 12:00:00,77.32183986905628
2011-02-23 13:00:00,75.92894988036535
2011-02-23 14:00:00,71.72469284972297
2011-02-23 15:00:00,79.13727514796322
2011-02-23 16:00:00,111.40655448422555
2011-02-23 17:00:00,223.56277647413032
2011-02-23 18:00:00,213.58174047682525
2011-02-23 19:00:00,132.66785091955816
2011-02-23 20:00:00,96.64121442170227
2011-02-23 21:00:00,64.95581495839787
2011-02-23 22:00:00,50.44480887888454
2011-02-23 23:00:00,27.268347970657153
2011-02-24 00:00:00,10.655424327310701
2011-02-24 01:00:00,4.940303482517553
2011-02-24 02:00:00,2.8165880617411156
2011-02-24 03:00:00,2.0344265837339264
2011-02-24 05:00:00,7.064212266784133
2011-02-24 06:00:00,36.22815702945833
2011-02-24 07:00:00,115.26255695812151
2011-02-24 08:00:00,244.88609326794875
2011-02-24 09:00:00,105.78742432207336
2011-02-24 10:00:00,56.80409551466461
2011-02-24 11:00:00,59.7339834016981
2011-02-24 12:00:00,78.10907489354246
2011-02-24 13:00:00,74.83330736089786
2011-02-24 14:00:00,66.87877501390905
2011-02-24 15:00:00,32.153262769140085
2011-02-24 16:00:00,44.4028836924058
2011-02-24 17:00:00,135.05684203890547
2011-02-24 18:00:00,152.27289458275536
2011-02-24 19:00:00,42.075197401559485
2011-02-24 20:00:00,70.74604055718933
2011-02-24 21:00:00,51.15661066758068
2011-02-24 22:00:00,21.108747051488443
2011-02-24 23:00:00,26.03437322142316
2011-02-25 00:00:00,9.423994411583527
2011-02-25 01:00:00,6.317811954464089
2011-02-25 02:00:00,4.41571971187673
2011-02-25 03:00:00,2.416230889080867
2011-02-25 05:00:00,6.504963720581868
2011-02-25 06:00:00,24.341828958810797
2011-02-25 07:00:00,54.75502419989399
2011-02-25 08:00:00,154.53703353708784
2011-02-25 09:00:00,45.19412620647647
2011-02-25 10:00:00,22.83935927932599
2011-02-25 11:00:00,100.03300162788496
2011-02-25 12:00:00,80.37778423206936
2011-02-25 13:00:00,81.59767150240434
2011-02-25 14:00:00,68.80500688383795
2011-02-25 15:00:00,118.03088173453192
2011-02-25 16:00:00,108.74100410337513
2011-02-25 17:00:00,186.5920332636622
2011-02-25 18:00:00,170.79403735964067
2011-02-25 19:00:00,110.5329839252226
2011-02-25 20:00:00,67.67696460713988
2011-02-25 21:00:00,56.47233531469265
2011-02-25 22:00:00,50.535446238640056
2011-02-25 23:00:00,37.80774400153321
2011-02-26 00:00:00,33.99642333748462
2011-02-26 01:00:00,22.70224290432231
2011-02-26 02:00:00,14.007646714613596
2011-02-26 03:00:00,8.789298488579348
2011-02-26 04:00:00,2.645785750748503
2011-02-26 05:00:00,2.3416509835454375
2011-02-26 06:00:00,4.576400872253654
2011-02-26 07:00:00,11.359951263425728
2011-02-26 08:00:00,35.673038501460994
2011-02-26 09:00:00,63.09819069156708
2011-02-26 10:00:00,97.29022043567139
2011-02-26 11:00:00,117.01622329540264
2011-02-26 12:00:00,141.53379908015876
2011-02-26 13:00:00,147.1958811608856
2011-02-26 14:00:00,137.35743848468766
2011-02-26 15:00:00,141.46999624324854
2011-02-26 16:00:00,139.20069838653308
2011-02-26 17:00:00,126.84822209385528
2011-02-26 18:00:00,105.95517451452992
2011-02-26 19:00:00,83.7360704081548
2011-02-26 20:00:00,64.55661343459937
2011-02-26 21:00:00,53.48369241376054
2011-02-26 22:00:00,46.06095886611753
2011-02-26 23:00:00,35.871953854437365
2011-02-27 00:00:00,33.52956237334764
2011-02-27 01:00:00,30.828307540200278
2011-02-27 02:00:00,22.736957966025926
2011-02-27 03:00:00,12.139222082944151
2011-02-27 04:00:00,4.56471750092549
2011-02-27 06:00:00,3.477810848253629
2011-02-27 07:00:00,8.807748497250625
2011-02-27 08:00:00,26.024079537098526
2011-02-27 09:00:00,53.14000692658463
2011-02-27 10:00:00,99.16593721521441
2011-02-27 11:00:00,123.29176644352495
2011-02-27 12:00:00,169.8169821496878
2011-02-27 13:00:00,174.06098448482584
2011-02-27 14:00:00,178.17211727180785
2011-02-27 15:00:00,214.33009274830414
2011-02-27 16:00:00,214.12831159745124
2011-02-27 17:00:00,143.01437529070256
2011-02-27 18:00:00,113.5551454850351
2011-02-27 19:00:00,92.1264616932954
2011-02-27 20:00:00,64.91861322171808
2011-02-27 21:00:00,52.65272620625419
2011-02-27 22:00:00,37.38947502663684
2011-02-27 23:00:00,26.63470159415089
2011-02-28 00:00:00,10.413938580373845
2011-02-28 01:00:00,3.6869971373321926
2011-02-28 03:00:00,2.031132638758746
2011-02-28 05:00:00,6.526938082994299
2011-02-28 06:00:00,38.689416116184525
2011-02-28 07:00:00,122.0570545244381
2011-02-28 08:00:00,193.3133528126258
2011-02-28 09:00:00,118.74564042326071
2011-02-28 10:00:00,70.62928741942389
2011-02-28 11:00:00,83.17026313230734
2011-02-28 12:00:00,107.93855187742304
2011-02-28 13:00:00,32.362142091964664
2011-02-28 14:00:00,20.971374610638733
2011-02-28 15:00:00,21.697306471258585
2011-02-28 16:00:00,35.888594799600995
2011-02-28 17:00:00,58.16247080395807
2011-02-28 18:00:00,94.02963089158621
2011-02-28 19:00:00,28.567495961700313
2011-02-28 20:00:00,25.53046508945397
2011-02-28 21:00:00,58.07167470586304
2011-02-28 22:00:00,17.41151552929185
2011-02-28 23:00:00,22.343312166861683
2011-03-20 00:00:00,39.79204697300607
2011-03-20 01:00:00,31.905916786484845
2011-03-20 02:00:00,22.626309118526013
2011-03-20 03:00:00,11.206548310426397
2011-03-20 04:00:00,2.7444166978502342
2011-03-20 05:00:00,2.2219170566228565
2011-03-20 06:00:00,3.4369580398812207
2011-03-20 07:00:00,9.463361103591957
2011-03-20 08:00:00,31.95156657897932
2011-03-20 09:00:00,65.22560621738907
2011-03-20 10:00:00,108.3212408147754
2011-03-20 11:00:00,134.67181687250178
2011-03-20 12:00:00,174.63478619825906
2011-03-20 13:00:00,179.55807767770548
2011-03-20 14:00:00,173.46543325556934
2011-03-20 15:00:00,178.796088357626
2011-03-20 16:00:00,171.8720070762131
2011-03-20 17:00:00,149.55624498609717
2011-03-20 18:00:00,123.07017558474804
2011-03-20 19:00:00,91.50236396492188
2011-03-20 20:00:00,65.54411826733809
2011-03-20 21:00:00,46.28562103577225
2011-03-20 22:00:00,34.64792163307067
2011-03-20 23:00:00,15.30979431242141
2011-03-21 00:00:00,12.713218551947044
2011-03-21 01:00:00,7.488406299962746
2011-03-21 02:00:00,4.211668126570648
2011-03-21 03:00:00,2.4527617553471215
2011-03-21 05:00:00,9.848682454948566
2011-03-21 06:00:00,28.743776261140233
2011-03-21 07:00:00,65.45728550942093
2011-03-21 08:00:00,221.34332733709715
2011-03-21 09:00:00,129.73393159112146
2011-03-21 10:00:00,65.46242681395556
2011-03-21 11:00:00,78.08790039996384
2011-03-21 12:00:00,103.6255160571896
2011-03-21 13:00:00,126.2728884727949
2011-03-21 14:00:00,119.65135850645179
2011-03-21 15:00:00,142.05230324015363
2011-03-21 16:00:00,193.5340578274203
2011-03-21 17:00:00,367.20566629918767
2011-03-21 18:00:00,331.00704605533406
2011-03-21 19:00:00,285.1111098628502
2011-03-21 20:00:00,191.89780586886036
2011-03-21 21:00:00,74.16880805393627
2011-03-21 22:00:00,68.36092098777397
2011-03-21 23:00:00,42.41812436525603
2011-03-22 00:00:00,21.402765506409953
2011-03-22 01:00:00,8.61834316753311
2011-03-22 02:00:00,6.361064902538379
2011-03-22 03:00:00,4.005176386973594
2011-03-22 04:00:00,3.8620248509960247
2011-03-22 05:00:00,13.048353693429085
2011-03-22 06:00:00,58.868772517021526
2011-03-22 07:00:00,201.91598992172453
2011-03-22 08:00:00,313.28526525551126
2011-03-22 09:00:00,154.35352301513268
2011-03-22 10:00:00,73.59643996113216
2011-03-22 11:00:00,86.06116167705476
2011-03-22 12:00:00,132.98621012930653
2011-03-22 13:00:00,138.46493651304002
2011-03-22 14:00:00,119.98808899312738
2011-03-22 15:00:00,137.7761945703085
2011-03-22 16:00:00,195.8074042850648
2011-03-22 17:00:00,372.6427406820541
2011-03-22 18:00:00,359.4128552765492
2011-03-22 19:00:00,227.3018083555018
2011-03-22 20:00:00,151.53954759007104
2011-03-22 21:00:00,98.09144322368101
2011-03-22 22:00:00,69.10545069930569
2011-03-22 23:00:00,39.529720562076676
2011-03-23 00:00:00,15.56099687897118
2011-03-23 01:00:00,8.364760097487032
2011-03-23 02:00:00,4.3116020973144344
2011-03-23 03:00:00,2.560782770276866
2011-03-23 05:00:00,9.533062129663154
2011-03-23 06:00:00,46.695632420516134
2011-03-23 07:00:00,137.6851074245379
2011-03-23 08:00:00,280.5212604333665
2011-03-23 09:00:00,144.70020397064627
2011-03-23 10:00:00,59.782692196499916
2011-03-23 11:00:00,64.26983925435351
2011-03-23 12:00:00,66.53929020416777
2011-03-23 13:00:00,38.90382476256356
2011-03-23 14:00:00,74.79551311204077
2011-03-23 15:00:00,83.96852341286097
2011-03-23 16:00:00,160.43837700186265
2011-03-23 17:00:00,295.11457017723905
2011-03-23 18:00:00,162.41724970642923
2011-03-23 19:00:00,109.05983830664725
2011-03-23 20:00:00,29.566979192766265
2011-03-23 21:00:00,22.534923585103986
2011-03-23 22:00:00,50.40678672510629
2011-03-23 23:00:00,22.70962507503955
2011-03-24 00:00:00,11.134777797114397
2011-03-24 01:00:00,6.281332836629095
2011-03-24 02:00:00,4.128287751832576
2011-03-24 03:00:00,2.5731055405256997
2011-03-24 04:00:00,2.5409235135363444
2011-03-24 05:00:00,9.526774483805381
2011-03-24 06:00:00,47.453756646530934
2011-03-24 07:00:00,67.09484051729342
2011-03-24 08:00:00,104.32203302200152
2011-03-24 09:00:00,133.8738153191793
2011-03-24 10:00:00,47.977473034485506
2011-03-24 11:00:00,66.15240608664632
2011-03-24 12:00:00,85.87338540382223
2011-03-24 13:00:00,84.84898006238124
2011-03-24 14:00:00,78.86984588468576
2011-03-24 15:00:00,81.73266237681099
2011-03-24 16:00:00,130.8271195195394
2011-03-24 17:00:00,252.77836225167317
2011-03-24 18:00:00,238.74009607123674
2011-03-24 19:00:00,178.2972438992414
2011-03-24 20:00:00,124.98617305352424
2011-03-24 21:00:00,83.8279241010808
2011-03-24 22:00:00,65.81180569112632
2011-03-24 23:00:00,36.706943856087435
2011-03-25 00:00:00,18.95590489378515
2011-03-25 01:00:00,9.233678727701134
2011-03-25 02:00:00,4.454717950674831
2011-03-25 03:00:00,2.6867783609131752
2011-03-25 04:00:00,2.2441511973733577
2011-03-25 05:00:00,7.765280428173087
2011-03-25 06:00:00,39.44305174502283
2011-03-25 07:00:00,102.8186011650449
2011-03-25 08:00:00,237.9103597507653
2011-03-25 09:00:00,146.50608390150336
2011-03-25 10:00:00,76.29757505485384
2011-03-25 11:00:00,92.35898199283108
2011-03-25 12:00:00,129.63247838841804
2011-03-25 13:00:00,132.68298867075325
2011-03-25 14:00:00,125.42848098535333
2011-03-25 15:00:00,128.82835294200976
2011-03-25 16:00:00,163.53766431193395
2011-03-25 17:00:00,256.23672283284475
2011-03-25 18:00:00,227.99224991236525
2011-03-25 19:00:00,149.7214568129878
2011-03-25 20:00:00,102.76882923849766
2011-03-25 21:00:00,75.05510477976301
2011-03-25 22:00:00,64.9251769450032
2011-03-25 23:00:00,49.467666987698415
2011-03-26 00:00:00,39.515317171991526
2011-03-26 01:00:00,27.953979302552316
2011-03-26 02:00:00,20.270994441513363
2011-03-26 03:00:00,8.433947995687719
2011-03-26 04:00:00,2.8626337820105627
2011-03-26 05:00:00,2.434481217104128
2011-03-26 06:00:00,5.343794117423238
2011-03-26 07:00:00,13.3719545902175
2011-03-26 08:00:00,55.10999412677844
2011-03-26 09:00:00,89.53719562101527
2011-03-26 10:00:00,139.4565468812395
2011-03-26 11:00:00,165.5057751160705
2011-03-26 12:00:00,214.53516687618685
2011-03-26 13:00:00,221.91473400647027
2011-03-26 14:00:00,224.5769341814326
2011-03-26 15:00:00,229.06757965041476
2011-03-26 16:00:00,206.25922691658474
2011-03-26 17:00:00,170.93057243921328
2011-03-26 18:00:00,146.3645817747393
2011-03-26 19:00:00,114.46410318945405
2011-03-26 20:00:00,78.35715647437391
2011-03-26 21:00:00,66.64559088934949
2011-03-26 22:00:00,54.93836295950409
2011-03-26 23:00:00,40.428995078646984
2011-03-27 00:00:00,39.215666694986176
2011-03-27 01:00:00,30.610328824919804
2011-03-27 02:00:00,18.114278573429655
2011-03-27 03:00:00,9.562473285766679
2011-03-27 04:00:00,3.3940443748001665
2011-03-27 06:00:00,4.690888676948097
2011-03-27 07:00:00,9.175466773679942
2011-03-27 08:00:00,30.87994361691245
2011-03-27 09:00:00,70.01999551247991
2011-03-27 10:00:00,91.50246709901906
2011-03-27 11:00:00,135.5420845316267
2011-03-27 12:00:00,203.337708750798
2011-03-27 13:00:00,213.5871630596135
2011-03-27 14:00:00,222.7685226568164
2011-03-27 15:00:00,215.3327946311818
2011-03-27 16:00:00,207.67984759582222
2011-03-27 17:00:00,167.57282684336346
2011-03-27 18:00:00,127.82235772599829
2011-03-27 19:00:00,101.15726935897794
2011-03-27 20:00:00,68.31548275899922
2011-03-27 21:00:00,55.77752802736559
2011-03-27 22:00:00,43.38338842007818
2011-03-27 23:00:00,29.692679474299467
2011-03-28 00:00:00,12.160433415594738
2011-03-28 01:00:00,6.45367555636515
2011-03-28 02:00:00,3.745809000065992
2011-03-28 03:00:00,2.314681296584118
2011-03-28 05:00:00,7.177657125698671
2011-03-28 06:00:00,39.48699844546677
2011-03-28 07:00:00,108.38948660745962
2011-03-28 08:00:00,229.24299534476413
2011-03-28 09:00:00,116.91678732743931
2011-03-28 10:00:00,64.90342478647548
2011-03-28 11:00:00,70.69607973772435
2011-03-28 12:00:00,94.79760043917345
2011-03-28 13:00:00,87.88494605616098
2011-03-28 14:00:00,82.44914077359766
2011-03-28 15:00:00,87.76368814433802
2011-03-28 16:00:00,140.55469828243474
2011-03-28 17:00:00,261.2996441522172
2011-03-28 18:00:00,252.20680285610487
2011-03-28 19:00:00,186.4654028410054
2011-03-28 20:00:00,136.33462153693222
2011-03-28 21:00:00,88.52922369024355
2011-03-28 22:00:00,57.16759488333
2011-03-28 23:00:00,27.503737656982672
2011-03-29 00:00:00,10.741042476093059
2011-03-29 01:00:00,4.851491355677268
2011-03-29 02:00:00,2.6500390329767143
2011-03-29 03:00:00,1.5467188601740585
2011-03-29 04:00:00,2.2251718225567423
2011-03-29 05:00:00,8.902175546616474
2011-03-29 06:00:00,47.271424944522835
2011-03-29 07:00:00,126.45107916446847
2011-03-29 08:00:00,263.9469280497276
2011-03-29 09:00:00,149.0528396874628
2011-03-29 10:00:00,65.31165884899696
2011-03-29 11:00:00,72.29003802622348
2011-03-29 12:00:00,103.08649155039843
2011-03-29 13:00:00,89.7724310280895
2011-03-29 14:00:00,88.80557313933896
2011-03-29 15:00:00,100.8449884937146
2011-03-29 16:00:00,164.79535227619527
2011-03-29 17:00:00,323.827590485826
2011-03-29 18:00:00,285.7217548161722
2011-03-29 19:00:00,192.6672035023104
2011-03-29 20:00:00,148.17766492718746
2011-03-29 21:00:00,90.39873262401082
2011-03-29 22:00:00,65.23382332043927
2011-03-29 23:00:00,36.796266139517435
2011-03-30 00:00:00,15.024232573815285
2011-03-30 01:00:00,8.16983661310177
2011-03-30 02:00:00,3.7054849038992064
2011-03-30 03:00:00,2.3398829759471713
2011-03-30 04:00:00,2.5819223301410803
2011-03-30 05:00:00,11.458132096222844
2011-03-30 06:00:00,51.93722388470782
2011-03-30 07:00:00,176.74144755149882
2011-03-30 08:00:00,308.71765629556864
2011-03-30 09:00:00,149.71187132247078
2011-03-30 10:00:00,66.84590659856224
2011-03-30 11:00:00,74.23009133374676
2011-03-30 12:00:00,98.48029371392396
2011-03-30 13:00:00,94.33255733584782
2011-03-30 14:00:00,81.6225235363827
2011-03-30 15:00:00,33.119591908771866
2011-03-30 16:00:00,55.33688997408102
2011-03-30 17:00:00,143.08586797726264
2011-03-30 18:00:00,178.44594945530383
2011-03-30 19:00:00,127.99916680829122
2011-03-30 20:00:00,38.539886731716436
2011-03-30 21:00:00,63.31858334870302
2011-03-30 22:00:00,26.937985673291077
2011-03-30 23:00:00,16.169018641987545
2011-03-31 00:00:00,9.207673501077068
2011-03-31 01:00:00,6.635825895569281
2011-03-31 02:00:00,4.276527523456482
2011-03-31 03:00:00,2.6127055493133784
2011-03-31 04:00:00,2.6427295432682385
2011-03-31 05:00:00,8.446420209223117
2011-03-31 06:00:00,21.514111898491624
2011-03-31 07:00:00,69.09229742306252
2011-03-31 08:00:00,204.54132114002252
2011-03-31 09:00:00,61.50722225021185
2011-03-31 10:00:00,29.91126176651292
2011-03-31 11:00:00,31.92564578243395
2011-03-31 12:00:00,38.19463920683515
2011-03-31 13:00:00,37.33654935575414
2011-03-31 14:00:00,33.721260897903946
2011-03-31 15:00:00,27.607028105250148
2011-03-31 16:00:00,105.42741822276176
2011-03-31 17:00:00,196.22020960475666
2011-03-31 18:00:00,231.23349550076108
2011-03-31 19:00:00,163.8365901269886
2011-03-31 20:00:00,44.450812474765485
2011-03-31 21:00:00,71.3983871667457
2011-03-31 22:00:00,26.267588273378074
2011-03-31 23:00:00,22.446476799913096
2011-04-20 00:00:00,23.47945667983769
2011-04-20 01:00:00,8.369596393976574
2011-04-20 02:00:00,6.1686545818677985
2011-04-20 03:00:00,3.216694178562826
2011-04-20 04:00:00,3.3227168537121154
2011-04-20 05:00:00,12.370979672502827
2011-04-20 06:00:00,53.174933113010766
2011-04-20 07:00:00,133.10160404513059
2011-04-20 08:00:00,312.60595306305106
2011-04-20 09:00:00,169.12516895967048
2011-04-20 10:00:00,98.15483467630858
2011-04-20 11:00:00,108.8980003119627
2011-04-20 12:00:00,162.65845691161354
2011-04-20 13:00:00,157.57446868605393
2011-04-20 14:00:00,139.06617936333302
2011-04-20 15:00:00,153.6222664391743
2011-04-20 16:00:00,224.78438276460565
2011-04-20 17:00:00,406.51223620584386
2011-04-20 18:00:00,417.3459789964578
2011-04-20 19:00:00,316.7614620222274
2011-04-20 20:00:00,216.3221537052095
2011-04-20 21:00:00,169.99381526738932
2011-04-20 22:00:00,126.05091941261952
2011-04-20 23:00:00,68.18739184609588
2011-04-21 00:00:00,26.795199717156436
2011-04-21 01:00:00,14.348575134454789
2011-04-21 02:00:00,7.4271218019934455
2011-04-21 03:00:00,3.5456074841787055
2011-04-21 04:00:00,3.855003666721751
2011-04-21 05:00:00,13.908106393849618
2011-04-21 06:00:00,52.45149033648214
2011-04-21 07:00:00,186.27669673803382
2011-04-21 08:00:00,308.2571466796883
2011-04-21 09:00:00,168.8320552441382
2011-04-21 10:00:00,80.7931884832506
2011-04-21 11:00:00,91.56772102843712
2011-04-21 12:00:00,137.97222665619387
2011-04-21 13:00:00,132.39319768502364
2011-04-21 14:00:00,121.99867372082296
2011-04-21 15:00:00,142.10425111347763
2011-04-21 16:00:00,201.1091674010741
2011-04-21 17:00:00,371.5720272333808
2011-04-21 18:00:00,348.71497444267493
2011-04-21 19:00:00,237.68700327786138
2011-04-21 20:00:00,171.02365628980925
2011-04-21 21:00:00,110.55680771657576
2011-04-21 22:00:00,83.80306060589109
2011-04-21 23:00:00,48.62074937327899
2011-04-22 00:00:00,28.80828645964876
2011-04-22 01:00:00,13.765082983073471
2011-04-22 02:00:00,7.939063627073008
2011-04-22 03:00:00,3.4859063219860653
2011-04-22 04:00:00,2.8593619930447405
2011-04-22 05:00:00,12.421098893012651
2011-04-22 06:00:00,50.36754893278665
2011-04-22 07:00:00,154.38959914511724
2011-04-22 08:00:00,297.88721939554114
2011-04-22 09:00:00,86.56781724313005
2011-04-22 10:00:00,82.03754838350454
2011-04-22 11:00:00,52.79758013281476
2011-04-22 12:00:00,67.49285485686967
2011-04-22 13:00:00,55.89566631810002
2011-04-22 14:00:00,36.0515645198974
2011-04-22 15:00:00,55.472052605818554
2011-04-22 16:00:00,93.55189957195157
2011-04-22 17:00:00,119.44457383889178
2011-04-22 18:00:00,99.63788996700126
2011-04-22 19:00:00,61.792617132920114
2011-04-22 20:00:00,37.54826341318225
2011-04-22 21:00:00,33.34890170979808
2011-04-22 22:00:00,29.649797320838037
2011-04-22 23:00:00,30.01547279086561
2011-04-23 00:00:00,34.717411034885345
2011-04-23 01:00:00,27.843023606277004
2011-04-23 02:00:00,18.741716312610134
2011-04-23 03:00:00,10.716102644935258
2011-04-23 04:00:00,4.31320271504057
2011-04-23 05:00:00,4.561119525436431
2011-04-23 06:00:00,10.70887389546377
2011-04-23 07:00:00,16.42700312569416
2011-04-23 08:00:00,52.914359484259805
2011-04-23 09:00:00,69.7017012800602
2011-04-23 10:00:00,137.21942954512275
2011-04-23 11:00:00,122.55835016864305
2011-04-23 12:00:00,166.1845584960376
2011-04-23 13:00:00,170.22372972221785
2011-04-23 14:00:00,223.1024918008273
2011-04-23 15:00:00,225.36568760094087
2011-04-23 16:00:00,223.8299042172236
2011-04-23 17:00:00,214.54333400149378
2011-04-23 18:00:00,184.16406836692605
2011-04-23 19:00:00,150.48030542244112
2011-04-23 20:00:00,97.50782545529819
2011-04-23 21:00:00,99.07020356896201
2011-04-23 22:00:00,98.0914171776625
2011-04-23 23:00:00,67.63637674791356
2011-04-24 00:00:00,66.90477733571397
2011-04-24 01:00:00,49.82974236604199
2011-04-24 02:00:00,40.74507849388726
2011-04-24 03:00:00,18.552088481648802
2011-04-24 04:00:00,8.32307974128243
2011-04-24 05:00:00,8.658472255725721
2011-04-24 06:00:00,9.872645124766066
2011-04-24 07:00:00,21.878989354098977
2011-04-24 08:00:00,60.49622899347992
2011-04-24 09:00:00,107.83592557076399
2011-04-24 10:00:00,178.0877210223563
2011-04-24 11:00:00,230.1864397087929
2011-04-24 12:00:00,264.6219575370805
2011-04-24 13:00:00,276.08774766077954
2011-04-24 14:00:00,333.22775322591605
2011-04-24 15:00:00,268.38757755159054
2011-04-24 16:00:00,339.51101476817325
2011-04-24 17:00:00,245.18785210922744
2011-04-24 18:00:00,206.25031654150453
2011-04-24 19:00:00,110.04347548943112
2011-04-24 20:00:00,91.15918075782676
2011-04-24 21:00:00,52.216487428931856
2011-04-24 22:00:00,41.9104068807385
2011-04-24 23:00:00,33.127892954295845
2011-04-25 00:00:00,12.528435686763537
2011-04-25 01:00:00,9.664089142626118
2011-04-25 02:00:00,6.868854599647927
2011-04-25 03:00:00,3.6136225066295395
2011-04-25 04:00:00,3.9113852251683374
2011-04-25 05:00:00,11.566047212610762
2011-04-25 06:00:00,55.977541409303484
2011-04-25 07:00:00,130.0400532898022
2011-04-25 08:00:00,262.08807144778876
2011-04-25 09:00:00,171.3045633682623
2011-04-25 10:00:00,100.10268932422711
2011-04-25 11:00:00,111.47985326951361
2011-04-25 12:00:00,137.95431452923367
2011-04-25 13:00:00,137.06261651106252
2011-04-25 14:00:00,130.3728991119288
2011-04-25 15:00:00,149.85555577125186
2011-04-25 16:00:00,216.52243636993404
2011-04-25 17:00:00,399.13082851489963
2011-04-25 18:00:00,381.0190151885671
2011-04-25 19:00:00,289.64022963620204
2011-04-25 20:00:00,175.77544912293672
2011-04-25 21:00:00,138.2029170979723
2011-04-25 22:00:00,97.12819559256054
2011-04-25 23:00:00,48.26306908439648
2011-04-26 00:00:00,23.15592657853626
2011-04-26 01:00:00,12.279339063389374
2011-04-26 02:00:00,5.922506599748771
2011-04-26 03:00:00,3.4935658603816755
2011-04-26 04:00:00,3.9663280437853663
2011-04-26 05:00:00,15.382445830768045
2011-04-26 06:00:00,76.94220233771496
2011-04-26 07:00:00,195.95440744510418
2011-04-26 08:00:00,281.01967504091283
2011-04-26 09:00:00,168.90709358486694
2011-04-26 10:00:00,95.3502382423632
2011-04-26 11:00:00,106.27394476395511
2011-04-26 12:00:00,135.5698445298541
2011-04-26 13:00:00,146.33027974503497
2011-04-26 14:00:00,113.19724231962113
2011-04-26 15:00:00,131.74303480712493
2011-04-26 16:00:00,187.56412438906818
2011-04-26 17:00:00,341.29752196927336
2011-04-26 18:00:00,324.0904754953988
2011-04-26 19:00:00,233.3406443338441
2011-04-26 20:00:00,168.8428412201752
2011-04-26 21:00:00,136.9596922783334
2011-04-26 22:00:00,87.93226631674227
2011-04-26 23:00:00,48.16186297188264
2011-04-27 00:00:00,22.437476531872655
2011-04-27 01:00:00,11.271620355701714
2011-04-27 02:00:00,6.029276545982937
2011-04-27 03:00:00,3.115338607693221
2011-04-27 04:00:00,3.6551072227928687
2011-04-27 05:00:00,9.891054601224418
2011-04-27 06:00:00,60.06279875675303
2011-04-27 07:00:00,160.6347811553486
2011-04-27 08:00:00,214.66249577656478
2011-04-27 09:00:00,122.89370225291417
2011-04-27 10:00:00,82.45833205832311
2011-04-27 11:00:00,97.42598587481606
2011-04-27 12:00:00,120.75542701186596
2011-04-27 13:00:00,124.86006297062448
2011-04-27 14:00:00,113.49691745083237
2011-04-27 15:00:00,131.1826099025517
2011-04-27 16:00:00,180.77984078490806
2011-04-27 17:00:00,163.58980124340607
2011-04-27 18:00:00,161.35048412180174
2011-04-27 19:00:00,226.02810772318787
2011-04-27 20:00:00,131.60569235497036
2011-04-27 21:00:00,95.35165272451911
2011-04-27 22:00:00,69.82456489546472
2011-04-27 23:00:00,46.501724680318425
2011-04-28 00:00:00,26.104681885353187
2011-04-28 01:00:00,10.559701905403413
2011-04-28 02:00:00,5.908643401586825
2011-04-28 03:00:00,4.117321063432616
2011-04-28 04:00:00,3.9741658911821807
2011-04-28 05:00:00,15.224837716552754
2011-04-28 06:00:00,74.09711415881259
2011-04-28 07:00:00,191.1765773488492
2011-04-28 08:00:00,286.52154935546196
2011-04-28 09:00:00,94.43829016134434
2011-04-28 10:00:00,75.13025079106795
2011-04-28 11:00:00,89.11342159140526
2011-04-28 12:00:00,127.15158963146285
2011-04-28 13:00:00,93.90508290406191
2011-04-28 14:00:00,96.85109208270806
2011-04-28 15:00:00,133.4232068978513
2011-04-28 16:00:00,172.00290935525328
2011-04-28 17:00:00,414.5201160706371
2011-04-28 18:00:00,412.02288089011415
2011-04-28 19:00:00,308.1171254768377
2011-04-28 20:00:00,204.68728985503114
2011-04-28 21:00:00,167.66131174767884
2011-04-28 22:00:00,125.22821468686081
2011-04-28 23:00:00,71.36598345573165
2011-04-29 00:00:00,40.078934165533376
2011-04-29 01:00:00,20.430335282356147
2011-04-29 02:00:00,13.863981406005921
2011-04-29 03:00:00,5.843204737370275
2011-04-29 04:00:00,5.210114810993679
2011-04-29 05:00:00,19.312086477449558
2011-04-29 06:00:00,76.36366073637596
2011-04-29 07:00:00,202.87732569557818
2011-04-29 08:00:00,380.8253098995714
2011-04-29 09:00:00,211.25288981643203
2011-04-29 10:00:00,136.1851009922191
2011-04-29 11:00:00,169.27703412318937
2011-04-29 12:00:00,193.27012511076117
2011-04-29 13:00:00,193.95997244843
2011-04-29 14:00:00,186.8614011138984
2011-04-29 15:00:00,189.06311598109636
2011-04-29 16:00:00,248.51938504832728
2011-04-29 17:00:00,351.77544999955865
2011-04-29 18:00:00,333.73002667395986
2011-04-29 19:00:00,208.69552478480838
2011-04-29 20:00:00,159.57500826200317
2011-04-29 21:00:00,116.40370404847525
2011-04-29 22:00:00,91.65149331676277
2011-04-29 23:00:00,66.38558547739468
2011-04-30 00:00:00,51.24211547829407
2011-04-30 01:00:00,39.74680127888685
2011-04-30 02:00:00,33.67987119814302
2011-04-30 03:00:00,15.63788990275864
2011-04-30 04:00:00,6.291955616619822
2011-04-30 05:00:00,6.302361377666897
2011-04-30 06:00:00,15.108221500901767
2011-04-30 07:00:00,30.092385292287805
2011-04-30 08:00:00,70.64209177095606
2011-04-30 09:00:00,110.84276024094292
2011-04-30 10:00:00,197.9385039847939
2011-04-30 11:00:00,245.03171405994888
2011-04-30 12:00:00,316.27204541899357
2011-04-30 13:00:00,328.1098792612534
2011-04-30 14:00:00,327.19818380133404
2011-04-30 15:00:00,345.9221424933579
2011-04-30 16:00:00,342.00918929131683
2011-04-30 17:00:00,320.27951637312026
2011-04-30 18:00:00,253.61291687776892
2011-04-30 19:00:00,218.5058159979571
2011-04-30 20:00:00,110.67441103814289
2011-04-30 21:00:00,96.17126004695531
2011-04-30 22:00:00,82.00067616914768
2011-04-30 23:00:00,66.72416815226221
2011-05-20 00:00:00,50.68871192411204
2011-05-20 01:00:00,20.075353149190704
2011-05-20 02:00:00,13.189752141784089
2011-05-20 03:00:00,6.188671182221057
2011-05-20 04:00:00,5.809762873568369
2011-05-20 05:00:00,21.747108497066755
2011-05-20 06:00:00,100.8357761556113
2011-05-20 07:00:00,253.68780483283476
2011-05-20 08:00:00,455.62260235419075
2011-05-20 09:00:00,261.8804371199895
2011-05-20 10:00:00,164.01247760762394
2011-05-20 11:00:00,184.8985805404298
2011-05-20 12:00:00,233.07142102332222
2011-05-20 13:00:00,198.2402883335895
2011-05-20 14:00:00,226.5571621520341
2011-05-20 15:00:00,243.2617273856371
2011-05-20 16:00:00,357.54156034131313
2011-05-20 17:00:00,519.5351325239753
2011-05-20 18:00:00,488.2778716047327
2011-05-20 19:00:00,342.2155838192321
2011-05-20 20:00:00,236.60705766247207
2011-05-20 21:00:00,199.4679328649911
2011-05-20 22:00:00,172.26031614902016
2011-05-20 23:00:00,130.59479305292749
2011-05-21 00:00:00,103.69717000451408
2011-05-21 01:00:00,74.25326857996052
2011-05-21 02:00:00,61.648000320903456
2011-05-21 03:00:00,25.89086250409783
2011-05-21 04:00:00,9.058550790719584
2011-05-21 05:00:00,10.44378950779076
2011-05-21 06:00:00,23.70236619742356
2011-05-21 07:00:00,59.38436981623847
2011-05-21 08:00:00,137.89315428523383
2011-05-21 09:00:00,207.71155171069233
2011-05-21 10:00:00,289.476658111475
2011-05-21 11:00:00,368.3806594135315
2011-05-21 12:00:00,419.01620237157397
2011-05-21 13:00:00,424.01988712137137
2011-05-21 14:00:00,425.4769736901402
2011-05-21 15:00:00,421.82826642134376
2011-05-21 16:00:00,420.9813967433862
2011-05-21 17:00:00,414.8400977679949
2011-05-21 18:00:00,351.5593348150416
2011-05-21 19:00:00,307.1189821766105
2011-05-21 20:00:00,229.47003692889024
2011-05-21 21:00:00,204.38402651319288
2011-05-21 22:00:00,171.72449120309372
2011-05-21 23:00:00,124.61227112127946
2011-05-22 00:00:00,104.95773550498691
2011-05-22 01:00:00,71.62000629239482
2011-05-22 02:00:00,58.799787568222136
2011-05-22 03:00:00,24.996393163899093
2011-05-22 04:00:00,9.6897006521544
2011-05-22 05:00:00,10.686792830314836
2011-05-22 06:00:00,15.368886881063307
2011-05-22 07:00:00,43.81760395596008
2011-05-22 08:00:00,112.27290411285757
2011-05-22 09:00:00,189.65110772958855
2011-05-22 10:00:00,279.7584995772539
2011-05-22 11:00:00,367.6124202145379
2011-05-22 12:00:00,396.11753070021336
2011-05-22 13:00:00,407.3227950760758
2011-05-22 14:00:00,317.70747703210486
2011-05-22 15:00:00,387.4109583049088
2011-05-22 16:00:00,400.8160091288275
2011-05-22 17:00:00,399.60113411203406
2011-05-22 18:00:00,340.57870746175485
2011-05-22 19:00:00,290.89029018573774
2011-05-22 20:00:00,218.15510564713412
2011-05-22 21:00:00,165.77185015960282
2011-05-22 22:00:00,121.52164153235874
2011-05-22 23:00:00,71.6895002800814
2011-05-23 00:00:00,27.54349771825943
2011-05-23 01:00:00,14.46602325610548
2011-05-23 02:00:00,6.535409913908874
2011-05-23 03:00:00,4.1001429754610115
2011-05-23 04:00:00,4.661462678523469
2011-05-23 05:00:00,17.391507068149618
2011-05-23 06:00:00,70.60658624301372
2011-05-23 07:00:00,219.64247934077935
2011-05-23 08:00:00,339.0211932305252
2011-05-23 09:00:00,182.773138539245
2011-05-23 10:00:00,131.93432084225117
2011-05-23 11:00:00,146.7540770864196
2011-05-23 12:00:00,187.96914941508214
2011-05-23 13:00:00,170.4287884286528
2011-05-23 14:00:00,148.08127457463314
2011-05-23 15:00:00,169.8922979849242
2011-05-23 16:00:00,269.1158806796037
2011-05-23 17:00:00,411.33404654358566
2011-05-23 18:00:00,439.14948998783564
2011-05-23 19:00:00,346.72645016049796
2011-05-23 20:00:00,210.48543704157527
2011-05-23 21:00:00,128.94983635218432
2011-05-23 22:00:00,93.36052242649433
2011-05-23 23:00:00,63.90717514435964
2011-05-24 00:00:00,18.676050744010595
2011-05-24 01:00:00,9.101883032312278
2011-05-24 02:00:00,6.075646116303928
2011-05-24 03:00:00,4.123579519432562
2011-05-24 04:00:00,5.079752028578632
2011-05-24 05:00:00,15.029911889468977
2011-05-24 06:00:00,74.21343308538968
2011-05-24 07:00:00,226.91356399987154
2011-05-24 08:00:00,300.0866486180843
2011-05-24 09:00:00,234.985031588714
2011-05-24 10:00:00,132.08202232456225
2011-05-24 11:00:00,151.0302811194268
2011-05-24 12:00:00,188.97647914016605
2011-05-24 13:00:00,178.8480381729297
2011-05-24 14:00:00,158.17062321006085
2011-05-24 15:00:00,161.53881126247927
2011-05-24 16:00:00,288.50007444296614
2011-05-24 17:00:00,516.3486773172907
2011-05-24 18:00:00,492.5828191899915
2011-05-24 19:00:00,379.77947932274435
2011-05-24 20:00:00,273.4506575305937
2011-05-24 21:00:00,195.6464724400197
2011-05-24 22:00:00,78.08174328208929
2011-05-24 23:00:00,88.79499793924978
2011-05-25 00:00:00,24.5164854358406
2011-05-25 01:00:00,12.17846291403963
2011-05-25 02:00:00,6.22993791128386
2011-05-25 03:00:00,4.3987412626404465
2011-05-25 04:00:00,4.825985622997128
2011-05-25 05:00:00,23.628005314763065
2011-05-25 06:00:00,87.03622609327346
2011-05-25 07:00:00,312.30341009458255
2011-05-25 08:00:00,464.51401984465576
2011-05-25 09:00:00,235.8100394830308
2011-05-25 10:00:00,136.42535223245886
2011-05-25 11:00:00,153.2249231135835
2011-05-25 12:00:00,192.2407682906533
2011-05-25 13:00:00,183.70301535283363
2011-05-25 14:00:00,164.55098317225185
2011-05-25 15:00:00,176.21364031291083
2011-05-25 16:00:00,288.7171344963236
2011-05-25 17:00:00,539.0922583991305
2011-05-25 18:00:00,512.8779387006498
2011-05-25 19:00:00,386.2122136951713
2011-05-25 20:00:00,279.18628419576976
2011-05-25 21:00:00,212.09994062227287
2011-05-25 22:00:00,160.41326015429215
2011-05-25 23:00:00,99.17942817642724
2011-05-26 00:00:00,42.12452206269823
2011-05-26 01:00:00,19.08308250836192
2011-05-26 02:00:00,8.282923360225137
2011-05-26 03:00:00,4.857015741474395
2011-05-26 04:00:00,5.293761263039151
2011-05-26 05:00:00,21.81191146194306
2011-05-26 06:00:00,80.26434959181282
2011-05-26 07:00:00,237.21935932128707
2011-05-26 08:00:00,391.1549790278715
2011-05-26 09:00:00,236.71506953972485
2011-05-26 10:00:00,133.96839410637347
2011-05-26 11:00:00,151.2934392246883
2011-05-26 12:00:00,181.24385337687133
2011-05-26 13:00:00,168.9639694824061
2011-05-26 14:00:00,151.69722705002886
2011-05-26 15:00:00,172.4153379689048
2011-05-26 16:00:00,274.03732212869477
2011-05-26 17:00:00,521.4292174687216
2011-05-26 18:00:00,515.9736464374034
2011-05-26 19:00:00,384.3470841617063
2011-05-26 20:00:00,284.3223280258305
2011-05-26 21:00:00,219.42320527953964
2011-05-26 22:00:00,169.30782447495892
2011-05-26 23:00:00,107.38222159970465
2011-05-27 00:00:00,66.17222027397538
2011-05-27 01:00:00,27.705291924065428
2011-05-27 02:00:00,16.552142262578037
2011-05-27 03:00:00,7.085043497632741
2011-05-27 04:00:00,6.734031715244087
2011-05-27 05:00:00,26.503651649609925
2011-05-27 06:00:00,113.643543656764
2011-05-27 07:00:00,272.12854593313966
2011-05-27 08:00:00,452.44805591971055
2011-05-27 09:00:00,261.43664915173946
2011-05-27 10:00:00,162.53158254050956
2011-05-27 11:00:00,183.85258191324542
2011-05-27 12:00:00,220.05987699767766
2011-05-27 13:00:00,233.73209002763485
2011-05-27 14:00:00,213.47499170160222
2011-05-27 15:00:00,233.2118056665061
2011-05-27 16:00:00,334.05267785696344
2011-05-27 17:00:00,500.98785543358684
2011-05-27 18:00:00,437.4182187323602
2011-05-27 19:00:00,259.54034312230465
2011-05-27 20:00:00,214.95912012106805
2011-05-27 21:00:00,174.2891637500161
2011-05-27 22:00:00,177.0006107978283
2011-05-27 23:00:00,122.79226055495283
2011-05-28 00:00:00,101.66069959173242
2011-05-28 01:00:00,71.91395567748465
2011-05-28 02:00:00,50.815459852944244
2011-05-28 03:00:00,23.774670873131086
2011-05-28 04:00:00,8.19790583289035
2011-05-28 05:00:00,9.627282159590912
2011-05-28 06:00:00,22.0696417486344
2011-05-28 07:00:00,53.186926053461434
2011-05-28 08:00:00,137.16567266198058
2011-05-28 09:00:00,206.02558833097737
2011-05-28 10:00:00,288.0911022988842
2011-05-28 11:00:00,360.64641062719414
2011-05-28 12:00:00,397.2416012034584
2011-05-28 13:00:00,395.9381399852451
2011-05-28 14:00:00,389.2144153998722
2011-05-28 15:00:00,400.6502045371024
2011-05-28 16:00:00,390.19260778914213
2011-05-28 17:00:00,408.34346030703347
2011-05-28 18:00:00,345.15390723523814
2011-05-28 19:00:00,303.03754230985913
2011-05-28 20:00:00,243.32465171325092
2011-05-28 21:00:00,203.0085245637909
2011-05-28 22:00:00,173.93451597517338
2011-05-28 23:00:00,127.96181759995322
2011-05-29 00:00:00,108.5759949575827
2011-05-29 01:00:00,81.30627100191917
2011-05-29 02:00:00,64.26802738924845
2011-05-29 03:00:00,28.60868167007115
2011-05-29 04:00:00,9.312434233821072
2011-05-29 05:00:00,9.301147544727511
2011-05-29 06:00:00,14.05576628196979
2011-05-29 07:00:00,35.43689335409184
2011-05-29 08:00:00,79.89650110960393
2011-05-29 09:00:00,89.42165083069204
2011-05-29 10:00:00,222.83521678566484
2011-05-29 11:00:00,261.5271339500034
2011-05-29 12:00:00,340.0686371448192
2011-05-29 13:00:00,373.9981121554772
2011-05-29 14:00:00,350.66883080499383
2011-05-29 15:00:00,351.378397806374
2011-05-29 16:00:00,346.38516884503963
2011-05-29 17:00:00,349.14130701728305
2011-05-29 18:00:00,283.99813251738607
2011-05-29 19:00:00,254.16719844815447
2011-05-29 20:00:00,199.53843792258292
2011-05-29 21:00:00,163.7553413391379
2011-05-29 22:00:00,117.53379972443335
2011-05-29 23:00:00,88.7828868274207
2011-05-30 00:00:00,72.92663640434714
2011-05-30 01:00:00,51.408483264233894
2011-05-30 02:00:00,37.33478003747393
2011-05-30 03:00:00,13.802162838656878
2011-05-30 04:00:00,7.2488714204208
2011-05-30 05:00:00,8.271582965360738
2011-05-30 06:00:00,17.811298963334714
2011-05-30 07:00:00,46.27906523870382
2011-05-30 08:00:00,127.97447742739817
2011-05-30 09:00:00,210.09119944579496
2011-05-30 10:00:00,237.81814206440387
2011-05-30 11:00:00,282.58250746651987
2011-05-30 12:00:00,286.16973035765204
2011-05-30 13:00:00,288.606515154352
2011-05-30 14:00:00,280.1510926369498
2011-05-30 15:00:00,279.9380191352522
2011-05-30 16:00:00,302.427770963532
2011-05-30 17:00:00,384.44223877905296
2011-05-30 18:00:00,351.99594306411217
2011-05-30 19:00:00,285.6956989846646
2011-05-30 20:00:00,264.1988497821631
2011-05-30 21:00:00,206.72670621682812
2011-05-30 22:00:00,164.93362030740315
2011-05-30 23:00:00,110.24399363216568
2011-05-31 00:00:00,34.29292257109854
2011-05-31 01:00:00,14.73158384261806
2011-05-31 02:00:00,7.146670245294473
2011-05-31 03:00:00,3.6894587908159417
2011-05-31 04:00:00,5.812783224202838
2011-05-31 05:00:00,25.24389712705511
2011-05-31 06:00:00,115.01570755828382
2011-05-31 07:00:00,301.8519445230184
2011-05-31 08:00:00,432.54375468724913
2011-05-31 09:00:00,210.55557304359004
2011-05-31 10:00:00,119.06623047918012
2011-05-31 11:00:00,125.76770281123342
2011-05-31 12:00:00,159.02131357545466
2011-05-31 13:00:00,147.88925740704585
2011-05-31 14:00:00,133.48759147524717
2011-05-31 15:00:00,148.77121766192388
2011-05-31 16:00:00,238.25038103289444
2011-05-31 17:00:00,499.49398651542907
2011-05-31 18:00:00,497.9721627355475
2011-05-31 19:00:00,379.6236257355788
2011-05-31 20:00:00,281.3748510262157
2011-05-31 21:00:00,208.85916652667095
2011-05-31 22:00:00,155.01723673121765
2011-05-31 23:00:00,93.84395139225663
2011-06-20 00:00:00,35.078959491773325
2011-06-20 01:00:00,13.59033698736505
2011-06-20 02:00:00,7.1675205243674736
2011-06-20 03:00:00,3.682120829661341
2011-06-20 04:00:00,4.6871972848847845
2011-06-20 05:00:00,22.617619343733878
2011-06-20 06:00:00,87.74588784372222
2011-06-20 07:00:00,176.82442533595
2011-06-20 08:00:00,305.9947547991448
2011-06-20 09:00:00,225.68883653276475
2011-06-20 10:00:00,123.85877118371461
2011-06-20 11:00:00,137.4981961048365
2011-06-20 12:00:00,180.586072261055
2011-06-20 13:00:00,182.11562435233654
2011-06-20 14:00:00,165.77761850089223
2011-06-20 15:00:00,186.30905784088026
2011-06-20 16:00:00,291.3286483305716
2011-06-20 17:00:00,543.6270844733817
2011-06-20 18:00:00,514.7943899338168
2011-06-20 19:00:00,384.99144918653235
2011-06-20 20:00:00,270.6699788776896
2011-06-20 21:00:00,201.966798302556
2011-06-20 22:00:00,136.41495100923237
2011-06-20 23:00:00,79.5069452524487
2011-06-21 00:00:00,35.69287366823473
2011-06-21 01:00:00,12.89045980779699
2011-06-21 02:00:00,4.5846427219630685
2011-06-21 03:00:00,3.3311078162399843
2011-06-21 04:00:00,4.916685259454079
2011-06-21 05:00:00,20.936599358723036
2011-06-21 06:00:00,96.40785948275088
2011-06-21 07:00:00,209.0627029282852
2011-06-21 08:00:00,358.4190192851288
2011-06-21 09:00:00,188.2385082584294
2011-06-21 10:00:00,112.86181152945836
2011-06-21 11:00:00,136.2817428891332
2011-06-21 12:00:00,177.69500245526032
2011-06-21 13:00:00,176.88560889637057
2011-06-21 14:00:00,160.89455554275622
2011-06-21 15:00:00,174.0453808199987
2011-06-21 16:00:00,268.96398728864045
2011-06-21 17:00:00,504.5563827751425
2011-06-21 18:00:00,456.5154563081734
2011-06-21 19:00:00,338.41102875587643
2011-06-21 20:00:00,216.4329593006813
2011-06-21 21:00:00,211.31585697293045
2011-06-21 22:00:00,155.27513999768348
2011-06-21 23:00:00,96.54280960251522
2011-06-22 00:00:00,40.43214302451271
2011-06-22 01:00:00,18.509378413148116
2011-06-22 02:00:00,8.269164352783887
2011-06-22 03:00:00,5.647116665234398
2011-06-22 04:00:00,4.941215945357728
2011-06-22 05:00:00,23.964923723414067
2011-06-22 06:00:00,114.1980924485257
2011-06-22 07:00:00,294.6383201680261
2011-06-22 08:00:00,414.5819586286381
2011-06-22 09:00:00,229.05064919795745
2011-06-22 10:00:00,131.14050159207176
2011-06-22 11:00:00,146.39714071112786
2011-06-22 12:00:00,177.60924873242044
2011-06-22 13:00:00,164.77420713780245
2011-06-22 14:00:00,154.86232912896793
2011-06-22 15:00:00,165.25748206343212
2011-06-22 16:00:00,254.7642746213524
2011-06-22 17:00:00,510.85383448114936
2011-06-22 18:00:00,499.24476217107394
2011-06-22 19:00:00,383.12810222100023
2011-06-22 20:00:00,274.2201089329424
2011-06-22 21:00:00,218.68309544422686
2011-06-22 22:00:00,153.07284562904192
2011-06-22 23:00:00,94.99214551807133
2011-06-23 00:00:00,40.81061206809625
2011-06-23 01:00:00,18.243462251823658
2011-06-23 02:00:00,8.92038889560111
2011-06-23 03:00:00,5.372765711611047
2011-06-23 04:00:00,6.480424222038679
2011-06-23 05:00:00,27.53042338398969
2011-06-23 06:00:00,118.34824352765926
2011-06-23 07:00:00,296.58725378212586
2011-06-23 08:00:00,404.1119454585902
2011-06-23 09:00:00,225.02731917942822
2011-06-23 10:00:00,132.0816946255
2011-06-23 11:00:00,130.54741982044308
2011-06-23 12:00:00,179.9472410502258
2011-06-23 13:00:00,175.47469243220004
2011-06-23 14:00:00,155.70858533740483
2011-06-23 15:00:00,179.35108304511516
2011-06-23 16:00:00,278.5120002748988
2011-06-23 17:00:00,437.9668575481811
2011-06-23 18:00:00,466.521429090293
2011-06-23 19:00:00,361.9977294933493
2011-06-23 20:00:00,275.5930506378464
2011-06-23 21:00:00,218.206242849668
2011-06-23 22:00:00,157.7132141244112
2011-06-23 23:00:00,103.46603004019848
2011-06-24 00:00:00,67.6761710784459
2011-06-24 01:00:00,27.17480452623101
2011-06-24 02:00:00,14.274798585555297
2011-06-24 03:00:00,6.567647796619413
2011-06-24 04:00:00,6.4824526698094305
2011-06-24 05:00:00,23.95899891312227
2011-06-24 06:00:00,112.3146741525969
2011-06-24 07:00:00,247.01916377569037
2011-06-24 08:00:00,414.12601803735095
2011-06-24 09:00:00,253.49048719298477
2011-06-24 10:00:00,152.87683402844291
2011-06-24 11:00:00,187.46283899084858
2011-06-24 12:00:00,226.32779944259863
2011-06-24 13:00:00,231.64281077019783
2011-06-24 14:00:00,213.11822721388276
2011-06-24 15:00:00,235.37996475538245
2011-06-24 16:00:00,352.60454160257257
2011-06-24 17:00:00,554.9069221148229
2011-06-24 18:00:00,506.66979578603167
2011-06-24 19:00:00,376.15072021114264
2011-06-24 20:00:00,268.6813260167156
2011-06-24 21:00:00,225.65334384725577
2011-06-24 22:00:00,199.9465986125701
2011-06-24 23:00:00,164.94920880105354
2011-06-25 00:00:00,121.82013377649895
2011-06-25 01:00:00,90.92864184026061
2011-06-25 02:00:00,68.2186828133782
2011-06-25 03:00:00,30.016983945652154
2011-06-25 04:00:00,9.87442159533664
2011-06-25 05:00:00,11.18730203413629
2011-06-25 06:00:00,24.864678894425943
2011-06-25 07:00:00,55.717197311991335
2011-06-25 08:00:00,135.30096317958274
2011-06-25 09:00:00,201.21479097624166
2011-06-25 10:00:00,295.03118490273073
2011-06-25 11:00:00,359.40716875325086
2011-06-25 12:00:00,435.2468691891178
2011-06-25 13:00:00,438.4085812703099
2011-06-25 14:00:00,413.6454513169183
2011-06-25 15:00:00,406.1209746591517
2011-06-25 16:00:00,425.30750837535214
2011-06-25 17:00:00,429.55778814628434
2011-06-25 18:00:00,372.765944701233
2011-06-25 19:00:00,318.73975655324244
2011-06-25 20:00:00,258.62357483409545
2011-06-25 21:00:00,222.29125470739461
2011-06-25 22:00:00,193.8618405329652
2011-06-25 23:00:00,134.79765166956105
2011-06-26 00:00:00,112.67135093547249
2011-06-26 01:00:00,91.41247070209153
2011-06-26 02:00:00,73.96352563185866
2011-06-26 03:00:00,34.266946453946986
2011-06-26 04:00:00,10.845614010515163
2011-06-26 05:00:00,10.591492009014882
2011-06-26 06:00:00,19.554985272635363
2011-06-26 07:00:00,45.35404624347305
2011-06-26 08:00:00,111.81812389007784
2011-06-26 09:00:00,192.54433204905848
2011-06-26 10:00:00,283.5262777758535
2011-06-26 11:00:00,364.9710319221516
2011-06-26 12:00:00,426.6902910630667
2011-06-26 13:00:00,418.2550131212506
2011-06-26 14:00:00,421.91327609638165
2011-06-26 15:00:00,409.198775036395
2011-06-26 16:00:00,418.5158175891053
2011-06-26 17:00:00,404.4825421549659
2011-06-26 18:00:00,344.798965348859
2011-06-26 19:00:00,291.8633231893426
2011-06-26 20:00:00,227.68454216044725
2011-06-26 21:00:00,185.06755826863073
2011-06-26 22:00:00,148.1794272010971
2011-06-26 23:00:00,102.17359024886099
2011-06-27 00:00:00,31.33245429857302
2011-06-27 01:00:00,14.74574509730756
2011-06-27 02:00:00,6.24648335333884
2011-06-27 03:00:00,4.335426642102123
2011-06-27 04:00:00,5.287060781326088
2011-06-27 05:00:00,22.539875368929813
2011-06-27 06:00:00,107.28495260567911
2011-06-27 07:00:00,290.6940833699848
2011-06-27 08:00:00,430.1690449523915
2011-06-27 09:00:00,223.31391292415708
2011-06-27 10:00:00,137.69313696669752
2011-06-27 11:00:00,147.28401928706504
2011-06-27 12:00:00,192.91717352982795
2011-06-27 13:00:00,181.53825229239175
2011-06-27 14:00:00,161.8913419060676
2011-06-27 15:00:00,180.67023593328167
2011-06-27 16:00:00,291.75461340110166
2011-06-27 17:00:00,548.9152635120871
2011-06-27 18:00:00,543.5801479258173
2011-06-27 19:00:00,394.680078012305
2011-06-27 20:00:00,279.90653573419615
2011-06-27 21:00:00,205.39139449434464
2011-06-27 22:00:00,148.42051032595418
2011-06-27 23:00:00,86.7994154796264
2011-06-28 00:00:00,36.868216804847165
2011-06-28 01:00:00,17.04663500211286
2011-06-28 02:00:00,8.066167661469596
2011-06-28 03:00:00,5.307867997750943
2011-06-28 04:00:00,6.048329530695668
2011-06-28 05:00:00,26.40565581894452
2011-06-28 06:00:00,115.56406175891934
2011-06-28 07:00:00,299.72683525488736
2011-06-28 08:00:00,420.9764263247757
2011-06-28 09:00:00,215.2578697522751
2011-06-28 10:00:00,130.88815518464833
2011-06-28 11:00:00,141.44875874664575
2011-06-28 12:00:00,172.44883543919656
2011-06-28 13:00:00,166.44712139419974
2011-06-28 14:00:00,145.2870160463924
2011-06-28 15:00:00,154.5274069682435
2011-06-28 16:00:00,254.72529311238551
2011-06-28 17:00:00,459.19395390074084
2011-06-28 18:00:00,450.01366679727977
2011-06-28 19:00:00,367.5225868983571
2011-06-28 20:00:00,278.10757025819476
2011-06-28 21:00:00,214.09620912678588
2011-06-28 22:00:00,155.43957906187921
2011-06-28 23:00:00,94.51174944107456
2011-06-29 00:00:00,36.75468192017577
2011-06-29 01:00:00,16.912384141917293
2011-06-29 02:00:00,7.7883031825851665
2011-06-29 03:00:00,5.195714276969313
2011-06-29 04:00:00,5.760421710738236
2011-06-29 05:00:00,24.585816322400333
2011-06-29 06:00:00,114.23969002375095
2011-06-29 07:00:00,307.6240729790422
2011-06-29 08:00:00,460.88120706297605
2011-06-29 09:00:00,230.20911790427596
2011-06-29 10:00:00,138.72927287289986
2011-06-29 11:00:00,159.65010693849615
2011-06-29 12:00:00,202.203442915675
2011-06-29 13:00:00,182.7826171174516
2011-06-29 14:00:00,165.0288639261637
2011-06-29 15:00:00,184.26746165101378
2011-06-29 16:00:00,287.45750311498
2011-06-29 17:00:00,558.0094529206264
2011-06-29 18:00:00,543.0841258607404
2011-06-29 19:00:00,404.95132008015264
2011-06-29 20:00:00,290.20416539374037
2011-06-29 21:00:00,226.1341572616702
2011-06-29 22:00:00,170.08603702260885
2011-06-29 23:00:00,105.4210741955827
2011-06-30 00:00:00,44.739725857126416
2011-06-30 01:00:00,18.614006705943495
2011-06-30 02:00:00,9.416589875369388
2011-06-30 03:00:00,5.747996471723903
2011-06-30 04:00:00,6.4039670267516815
2011-06-30 05:00:00,27.593456611551787
2011-06-30 06:00:00,123.41135213619143
2011-06-30 07:00:00,316.5818102184771
2011-06-30 08:00:00,469.9722078607182
2011-06-30 09:00:00,235.64443227981573
2011-06-30 10:00:00,144.5763928693296
2011-06-30 11:00:00,164.31241128387734
2011-06-30 12:00:00,204.4277822544287
2011-06-30 13:00:00,195.2285892322399
2011-06-30 14:00:00,170.69961407288042
2011-06-30 15:00:00,195.4476249332543
2011-06-30 16:00:00,297.2812819468718
2011-06-30 17:00:00,562.9777131643852
2011-06-30 18:00:00,556.4703478501423
2011-06-30 19:00:00,414.6756875171542
2011-06-30 20:00:00,296.39530850188487
2011-06-30 21:00:00,228.57383851086803
2011-06-30 22:00:00,176.03748700170266
2011-06-30 23:00:00,109.7434275144714
2011-07-20 00:00:00,38.40226157759152
2011-07-20 01:00:00,14.628791882562188
2011-07-20 02:00:00,6.873732850650354
2011-07-20 03:00:00,4.6219060323004415
2011-07-20 04:00:00,5.561647576748403
2011-07-20 05:00:00,26.645266996926996
2011-07-20 06:00:00,106.95184857079036
2011-07-20 07:00:00,310.2332937390652
2011-07-20 08:00:00,398.72638002286243
2011-07-20 09:00:00,219.7219932261367
2011-07-20 10:00:00,125.83321519368585
2011-07-20 11:00:00,132.3234153235863
2011-07-20 12:00:00,159.83084933814922
2011-07-20 13:00:00,153.74952227721437
2011-07-20 14:00:00,140.7677209447288
2011-07-20 15:00:00,153.299313142125
2011-07-20 16:00:00,236.51093433079092
2011-07-20 17:00:00,486.3509558044776
2011-07-20 18:00:00,481.4399763698549
2011-07-20 19:00:00,332.67492726312867
2011-07-20 20:00:00,269.80661278530044
2011-07-20 21:00:00,206.7484510085282
2011-07-20 22:00:00,163.96566274320995
2011-07-20 23:00:00,103.07598028317241
2011-07-21 00:00:00,40.94405477110697
2011-07-21 01:00:00,14.270199153845244
2011-07-21 02:00:00,7.316184512920746
2011-07-21 03:00:00,5.0116502524856905
2011-07-21 04:00:00,5.613439185452167
2011-07-21 05:00:00,25.353134075544084
2011-07-21 06:00:00,116.3073145836627
2011-07-21 07:00:00,296.3063962654206
2011-07-21 08:00:00,429.10788787195986
2011-07-21 09:00:00,205.43697836188335
2011-07-21 10:00:00,119.55841190934953
2011-07-21 11:00:00,131.00551624083548
2011-07-21 12:00:00,157.03642943481353
2011-07-21 13:00:00,149.815937416491
2011-07-21 14:00:00,138.61222978531612
2011-07-21 15:00:00,148.8906563785941
2011-07-21 16:00:00,234.634327373613
2011-07-21 17:00:00,464.4286271749974
2011-07-21 18:00:00,463.8672034669811
2011-07-21 19:00:00,338.30041042185746
2011-07-21 20:00:00,258.662916184138
2011-07-21 21:00:00,200.80901765415356
2011-07-21 22:00:00,162.24472931350263
2011-07-21 23:00:00,104.27630238781313
2011-07-22 00:00:00,63.435136538013744
2011-07-22 01:00:00,25.759508765951672
2011-07-22 02:00:00,14.18823008880615
2011-07-22 03:00:00,6.060635440255606
2011-07-22 04:00:00,6.645325754911802
2011-07-22 05:00:00,26.025737262882053
2011-07-22 06:00:00,109.7053274704537
2011-07-22 07:00:00,228.71734219897814
2011-07-22 08:00:00,376.2346862043695
2011-07-22 09:00:00,200.74053740666
2011-07-22 10:00:00,129.02558654538188
2011-07-22 11:00:00,151.51759792205104
2011-07-22 12:00:00,177.76769498126959
2011-07-22 13:00:00,178.57711051604008
2011-07-22 14:00:00,172.16215436567768
2011-07-22 15:00:00,186.719018797456
2011-07-22 16:00:00,267.93130133293886
2011-07-22 17:00:00,444.5668019833191
2011-07-22 18:00:00,421.2732893000041
2011-07-22 19:00:00,326.6644021752127
2011-07-22 20:00:00,227.87723195222196
2011-07-22 21:00:00,206.54828926488466
2011-07-22 22:00:00,184.0589120668443
2011-07-22 23:00:00,150.04255023566526
2011-07-23 00:00:00,104.4321168457119
2011-07-23 01:00:00,80.26100999086543
2011-07-23 02:00:00,58.24029709485855
2011-07-23 03:00:00,26.484751504372817
2011-07-23 04:00:00,9.172446591072376
2011-07-23 05:00:00,10.141093132349429
2011-07-23 06:00:00,23.48944648163378
2011-07-23 07:00:00,52.00379327625409
2011-07-23 08:00:00,117.32599016139567
2011-07-23 09:00:00,166.61783522759595
2011-07-23 10:00:00,241.12878960670724
2011-07-23 11:00:00,291.47948393861435
2011-07-23 12:00:00,308.0333938058324
2011-07-23 13:00:00,300.63806589628615
2011-07-23 14:00:00,300.33806829216564
2011-07-23 15:00:00,282.1875392635069
2011-07-23 16:00:00,292.18495063441895
2011-07-23 17:00:00,301.26267128307853
2011-07-23 18:00:00,285.0765759837321
2011-07-23 19:00:00,275.99946592424146
2011-07-23 20:00:00,239.00394964353458
2011-07-23 21:00:00,210.13091875317946
2011-07-23 22:00:00,186.33378942894416
2011-07-23 23:00:00,142.91713709133217
2011-07-24 00:00:00,112.23164228684732
2011-07-24 01:00:00,84.8696023817485
2011-07-24 02:00:00,63.42954359319436
2011-07-24 03:00:00,28.815325987094994
2011-07-24 04:00:00,9.326538499157667
2011-07-24 05:00:00,9.524640579433427
2011-07-24 06:00:00,18.26148929227371
2011-07-24 07:00:00,44.06657313327893
2011-07-24 08:00:00,98.15604080682836
2011-07-24 09:00:00,166.3557300160227
2011-07-24 10:00:00,237.89422381022123
2011-07-24 11:00:00,301.2024843257926
2011-07-24 12:00:00,318.3616592812672
2011-07-24 13:00:00,349.63954460211977
2011-07-24 14:00:00,334.74546571071085
2011-07-24 15:00:00,316.3331355289885
2011-07-24 16:00:00,319.1212726017052
2011-07-24 17:00:00,322.16169714921904
2011-07-24 18:00:00,286.64531479833255
2011-07-24 19:00:00,260.873593649856
2011-07-24 20:00:00,216.976845348933
2011-07-24 21:00:00,175.59478594535122
2011-07-24 22:00:00,139.9176945812141
2011-07-24 23:00:00,97.30357990905283
2011-07-25 00:00:00,35.88802348507899
2011-07-25 01:00:00,15.440663122184528
2011-07-25 02:00:00,7.521371398376333
2011-07-25 03:00:00,4.16001443826963
2011-07-25 04:00:00,5.37195120106364
2011-07-25 05:00:00,23.340036231092085
2011-07-25 06:00:00,105.96691870123642
2011-07-25 07:00:00,282.71180470580856
2011-07-25 08:00:00,398.2694779867603
2011-07-25 09:00:00,182.48783600395097
2011-07-25 10:00:00,115.96326719975187
2011-07-25 11:00:00,133.54296397487624
2011-07-25 12:00:00,164.21803464052772
2011-07-25 13:00:00,152.59174437232966
2011-07-25 14:00:00,137.77465081912044
2011-07-25 15:00:00,149.67047294702172
2011-07-25 16:00:00,228.36753992309346
2011-07-25 17:00:00,455.4608305181111
2011-07-25 18:00:00,451.73246469971417
2011-07-25 19:00:00,362.52575823118
2011-07-25 20:00:00,266.418546985066
2011-07-25 21:00:00,181.53754563325606
2011-07-25 22:00:00,135.95116673512086
2011-07-25 23:00:00,82.12909309288094
2011-07-26 00:00:00,36.21769388689145
2011-07-26 01:00:00,16.397271112876766
2011-07-26 02:00:00,7.554099133660932
2011-07-26 03:00:00,4.508629129051457
2011-07-26 04:00:00,5.510784248562151
2011-07-26 05:00:00,24.938389343720623
2011-07-26 06:00:00,116.01926729425956
2011-07-26 07:00:00,301.03857867244994
2011-07-26 08:00:00,447.0772149993754
2011-07-26 09:00:00,225.05740388804048
2011-07-26 10:00:00,130.41905070103434
2011-07-26 11:00:00,145.470457083333
2011-07-26 12:00:00,180.9683441949672
2011-07-26 13:00:00,175.07377697632057
2011-07-26 14:00:00,155.64603624127307
2011-07-26 15:00:00,168.6575099460004
2011-07-26 16:00:00,271.8871611481076
2011-07-26 17:00:00,538.2511161368814
2011-07-26 18:00:00,534.8879048505933
2011-07-26 19:00:00,394.8836652100224
2011-07-26 20:00:00,293.72976065709634
2011-07-26 21:00:00,225.02353081879315
2011-07-26 22:00:00,164.8542931643546
2011-07-26 23:00:00,98.49297605294993
2011-07-27 00:00:00,39.18270912083499
2011-07-27 01:00:00,16.81596310171966
2011-07-27 02:00:00,7.661958960886279
2011-07-27 03:00:00,4.566347247335044
2011-07-27 04:00:00,6.118700598853911
2011-07-27 05:00:00,29.419190596792227
2011-07-27 06:00:00,117.76581790451498
2011-07-27 07:00:00,302.75664497008404
2011-07-27 08:00:00,462.95652855947293
2011-07-27 09:00:00,228.02370784421302
2011-07-27 10:00:00,131.0924243888584
2011-07-27 11:00:00,146.54789638889937
2011-07-27 12:00:00,190.60891276929198
2011-07-27 13:00:00,176.09559014454803
2011-07-27 14:00:00,159.59421703661113
2011-07-27 15:00:00,179.45583014180323
2011-07-27 16:00:00,286.70183846759556
2011-07-27 17:00:00,556.2644036389665
2011-07-27 18:00:00,549.2893354095069
2011-07-27 19:00:00,399.94553888909
2011-07-27 20:00:00,292.4624304118781
2011-07-27 21:00:00,224.37787281412557
2011-07-27 22:00:00,163.46058255967677
2011-07-27 23:00:00,104.92972661435954
2011-07-28 00:00:00,46.07306776888811
2011-07-28 01:00:00,19.35272385711061
2011-07-28 02:00:00,9.894367823599136
2011-07-28 03:00:00,5.246545090710611
2011-07-28 04:00:00,6.228648475797948
2011-07-28 05:00:00,29.349372259755988
2011-07-28 06:00:00,121.09213058830558
2011-07-28 07:00:00,307.0979438940901
2011-07-28 08:00:00,425.2166616898499
2011-07-28 09:00:00,215.01287913265406
2011-07-28 10:00:00,128.80595586323105
2011-07-28 11:00:00,134.91341365603947
2011-07-28 12:00:00,165.60938917976415
2011-07-28 13:00:00,158.29733615141816
2011-07-28 14:00:00,148.74821778932773
2011-07-28 15:00:00,154.29581166105373
2011-07-28 16:00:00,251.35214271909655
2011-07-28 17:00:00,509.67931769530725
2011-07-28 18:00:00,482.7059844168337
2011-07-28 19:00:00,366.19488205460266
2011-07-28 20:00:00,272.19655037907694
2011-07-28 21:00:00,213.28287875820237
2011-07-28 22:00:00,163.4329199705904
2011-07-28 23:00:00,107.39731047436916
2011-07-29 00:00:00,68.57299227734144
2011-07-29 01:00:00,28.03051473042212
2011-07-29 02:00:00,14.265922322570209
2011-07-29 03:00:00,5.639682473771574
2011-07-29 04:00:00,5.936291982373789
2011-07-29 05:00:00,23.547613065085343
2011-07-29 06:00:00,102.35932446478184
2011-07-29 07:00:00,261.8291007009232
2011-07-29 08:00:00,409.22497762459386
2011-07-29 09:00:00,214.15750488902322
2011-07-29 10:00:00,132.97371438147297
2011-07-29 11:00:00,155.81455982075425
2011-07-29 12:00:00,183.13142347230632
2011-07-29 13:00:00,176.4326017909698
2011-07-29 14:00:00,169.37497924493374
2011-07-29 15:00:00,184.4292263965382
2011-07-29 16:00:00,272.6884032008448
2011-07-29 17:00:00,419.93727605187513
2011-07-29 18:00:00,402.23717443733346
2011-07-29 19:00:00,306.3100928986688
2011-07-29 20:00:00,236.44728631697652
2011-07-29 21:00:00,219.6790060639335
2011-07-29 22:00:00,203.37224064072305
2011-07-29 23:00:00,159.30016403708413
2011-07-30 00:00:00,115.01396310270394
2011-07-30 01:00:00,81.94522534421245
2011-07-30 02:00:00,62.52645959154287
2011-07-30 03:00:00,29.041409908778984
2011-07-30 04:00:00,9.65837798195017
2011-07-30 05:00:00,10.339931224681305
2011-07-30 06:00:00,23.733482266242554
2011-07-30 07:00:00,52.95820350677773
2011-07-30 08:00:00,124.91284763289039
2011-07-30 09:00:00,181.74866589855603
2011-07-30 10:00:00,267.4620194156522
2011-07-30 11:00:00,330.99478939259404
2011-07-30 12:00:00,387.45243012531313
2011-07-30 13:00:00,364.70268584091764
2011-07-30 14:00:00,334.58286276237885
2011-07-30 15:00:00,337.6096814344412
2011-07-30 16:00:00,348.0157511847874
2011-07-30 17:00:00,341.7609462779281
2011-07-30 18:00:00,322.42729674788166
2011-07-30 19:00:00,325.445087580104
2011-07-30 20:00:00,255.4852634306761
2011-07-30 21:00:00,222.24001555673198
2011-07-30 22:00:00,191.28940007347344
2011-07-30 23:00:00,150.8258262623321
2011-07-31 00:00:00,115.7868870149094
2011-07-31 01:00:00,90.70748190532755
2011-07-31 02:00:00,67.36086798964966
2011-07-31 03:00:00,29.0799395386844
2011-07-31 04:00:00,9.341089378372384
2011-07-31 05:00:00,9.796801035160652
2011-07-31 06:00:00,19.365863011781858
2011-07-31 07:00:00,46.63886282397809
2011-07-31 08:00:00,105.29443260843297
2011-07-31 09:00:00,173.7480366858835
2011-07-31 10:00:00,257.2258561994053
2011-07-31 11:00:00,315.2663473501644
2011-07-31 12:00:00,366.8588384762031
2011-07-31 13:00:00,366.8933695697838
2011-07-31 14:00:00,359.35209469284644
2011-07-31 15:00:00,347.9771451229966
2011-07-31 16:00:00,349.73544104508153
2011-07-31 17:00:00,333.7885140692079
2011-07-31 18:00:00,309.67821497911825
2011-07-31 19:00:00,287.0854863864004
2011-07-31 20:00:00,232.13886816066767
2011-07-31 21:00:00,182.16515262475156
2011-07-31 22:00:00,139.38557531226226
2011-07-31 23:00:00,96.49848923453541
2011-08-20 00:00:00,91.3981044231314
2011-08-20 01:00:00,72.31444422589027
2011-08-20 02:00:00,57.98833503244079
2011-08-20 03:00:00,25.386613897389317
2011-08-20 04:00:00,6.570841414650724
2011-08-20 05:00:00,8.316605052348736
2011-08-20 06:00:00,17.354641331546844
2011-08-20 07:00:00,46.00634488457776
2011-08-20 08:00:00,123.99360272353417
2011-08-20 09:00:00,186.58409854779094
2011-08-20 10:00:00,272.4105659345507
2011-08-20 11:00:00,333.41266853886816
2011-08-20 12:00:00,374.2222211555734
2011-08-20 13:00:00,373.10372781066604
2011-08-20 14:00:00,381.62884968325454
2011-08-20 15:00:00,382.2312211517237
2011-08-20 16:00:00,385.5830196577264
2011-08-20 17:00:00,383.3915654819444
2011-08-20 18:00:00,332.2215677722221
2011-08-20 19:00:00,294.57282753433805
2011-08-20 20:00:00,243.20014119851166
2011-08-20 21:00:00,191.6329712411931
2011-08-20 22:00:00,151.92199538293872
2011-08-20 23:00:00,128.84736260186656
2011-08-21 00:00:00,114.53352326470899
2011-08-21 01:00:00,90.24979064223918
2011-08-21 02:00:00,70.41527160395972
2011-08-21 03:00:00,29.94401395197736
2011-08-21 04:00:00,8.124786834658803
2011-08-21 05:00:00,7.814987944428478
2011-08-21 06:00:00,13.077670943967219
2011-08-21 07:00:00,37.92545464989301
2011-08-21 08:00:00,87.1589018832614
2011-08-21 09:00:00,171.28101802090978
2011-08-21 10:00:00,237.20585069625378
2011-08-21 11:00:00,301.3778866873903
2011-08-21 12:00:00,345.94858993156635
2011-08-21 13:00:00,361.70206068921095
2011-08-21 14:00:00,226.7466881492068
2011-08-21 15:00:00,285.0163231675589
2011-08-21 16:00:00,310.00276346758164
2011-08-21 17:00:00,283.08331252989007
2011-08-21 18:00:00,252.24148795935218
2011-08-21 19:00:00,255.9459227111378
2011-08-21 20:00:00,185.04316226814646
2011-08-21 21:00:00,153.1125826851269
2011-08-21 22:00:00,117.96818368490221
2011-08-21 23:00:00,88.05966696735767
2011-08-22 00:00:00,34.68020587980105
2011-08-22 01:00:00,15.999543989812441
2011-08-22 02:00:00,8.116850362817779
2011-08-22 03:00:00,4.271825845828752
2011-08-22 04:00:00,6.274557188273757
2011-08-22 05:00:00,26.248928171678465
2011-08-22 06:00:00,104.9791734784678
2011-08-22 07:00:00,284.4551639969938
2011-08-22 08:00:00,436.07922562387813
2011-08-22 09:00:00,222.31704542515936
2011-08-22 10:00:00,131.85101290049764
2011-08-22 11:00:00,150.33964513622618
2011-08-22 12:00:00,197.5748716287199
2011-08-22 13:00:00,187.7859025393492
2011-08-22 14:00:00,168.27808024201096
2011-08-22 15:00:00,190.16131319205013
2011-08-22 16:00:00,295.8795582371805
2011-08-22 17:00:00,549.8958788806211
2011-08-22 18:00:00,539.0017999360421
2011-08-22 19:00:00,390.6538146302372
2011-08-22 20:00:00,277.8627873338378
2011-08-22 21:00:00,207.98403383917346
2011-08-22 22:00:00,140.78554836297891
2011-08-22 23:00:00,82.97379928827755
2011-08-23 00:00:00,35.1255413337056
2011-08-23 01:00:00,14.085441222759835
2011-08-23 02:00:00,7.176684767307792
2011-08-23 03:00:00,3.9537855184754696
2011-08-23 04:00:00,5.2814563813174775
2011-08-23 05:00:00,24.819899934838993
2011-08-23 06:00:00,112.41657411943115
2011-08-23 07:00:00,306.9766429227244
2011-08-23 08:00:00,453.72582089138575
2011-08-23 09:00:00,224.53844075652344
2011-08-23 10:00:00,135.89885051857883
2011-08-23 11:00:00,155.52684548589264
2011-08-23 12:00:00,200.2236319992858
2011-08-23 13:00:00,192.55979807676587
2011-08-23 14:00:00,171.19677740220123
2011-08-23 15:00:00,194.42325564206814
2011-08-23 16:00:00,302.2472174530542
2011-08-23 17:00:00,567.3678324077074
2011-08-23 18:00:00,555.2542490591818
2011-08-23 19:00:00,393.1777539592643
2011-08-23 20:00:00,272.6199245536383
2011-08-23 21:00:00,203.57757536634938
2011-08-23 22:00:00,154.85202120066128
2011-08-23 23:00:00,92.91142833056773
2011-08-24 00:00:00,37.96416568297188
2011-08-24 01:00:00,15.983332725563852
2011-08-24 02:00:00,7.231747755775122
2011-08-24 03:00:00,4.618666973124828
2011-08-24 04:00:00,5.501767177405143
2011-08-24 05:00:00,25.805344875195516
2011-08-24 06:00:00,111.5054580750469
2011-08-24 07:00:00,308.60540445217424
2011-08-24 08:00:00,446.50273915768935
2011-08-24 09:00:00,228.65096387949626
2011-08-24 10:00:00,135.22046309151068
2011-08-24 11:00:00,153.72346292209062
2011-08-24 12:00:00,189.30827094317485
2011-08-24 13:00:00,184.32329304039325
2011-08-24 14:00:00,164.73692654805922
2011-08-24 15:00:00,184.53809193859465
2011-08-24 16:00:00,278.375031968254
2011-08-24 17:00:00,527.1210244065771
2011-08-24 18:00:00,519.728258429994
2011-08-24 19:00:00,383.8601135468319
2011-08-24 20:00:00,274.3309970857369
2011-08-24 21:00:00,209.2060223846302
2011-08-24 22:00:00,155.23389572441238
2011-08-24 23:00:00,95.64252667730709
2011-08-25 00:00:00,39.085776282938134
2011-08-25 01:00:00,18.083403668357484
2011-08-25 02:00:00,8.718699260514175
2011-08-25 03:00:00,5.410837345322615
2011-08-25 04:00:00,6.284594876737824
2011-08-25 05:00:00,25.03742293019649
2011-08-25 06:00:00,109.98711445475533
2011-08-25 07:00:00,277.7714703202821
2011-08-25 08:00:00,382.36614134140393
2011-08-25 09:00:00,216.48592721177312
2011-08-25 10:00:00,128.67744488757978
2011-08-25 11:00:00,99.11626933123738
2011-08-25 12:00:00,115.12010918363724
2011-08-25 13:00:00,145.90038708551634
2011-08-25 14:00:00,132.67444024399674
2011-08-25 15:00:00,153.03638324044613
2011-08-25 16:00:00,209.4638985746623
2011-08-25 17:00:00,363.1179604001554
2011-08-25 18:00:00,351.7013240805561
2011-08-25 19:00:00,292.281764884905
2011-08-25 20:00:00,234.3176593543845
2011-08-25 21:00:00,186.88349714256367
2011-08-25 22:00:00,131.07673759387612
2011-08-25 23:00:00,86.63739118659576
2011-08-26 00:00:00,55.93908038345745
2011-08-26 01:00:00,21.87795335915284
2011-08-26 02:00:00,12.053199754604826
2011-08-26 03:00:00,5.437389092867617
2011-08-26 04:00:00,5.240471014086139
2011-08-26 05:00:00,19.177143397662455
2011-08-26 06:00:00,94.21323648763578
2011-08-26 07:00:00,218.94481573084585
2011-08-26 08:00:00,351.02754459201105
2011-08-26 09:00:00,231.4344920006241
2011-08-26 10:00:00,149.95797992344302
2011-08-26 11:00:00,174.3748589309691
2011-08-26 12:00:00,206.57723538778177
2011-08-26 13:00:00,216.85386695986057
2011-08-26 14:00:00,190.02304803137798
2011-08-26 15:00:00,219.46452781546665
2011-08-26 16:00:00,315.0748872723953
2011-08-26 17:00:00,396.23830522877176
2011-08-26 18:00:00,348.82686922389615
2011-08-26 19:00:00,280.50790220359227
2011-08-26 20:00:00,214.54095576106312
2011-08-26 21:00:00,187.73147990668056
2011-08-26 22:00:00,170.71866077407276
2011-08-26 23:00:00,137.29340808580426
2011-08-27 00:00:00,113.96665332572141
2011-08-27 01:00:00,85.53849480096461
2011-08-27 02:00:00,64.13019987235312
2011-08-27 03:00:00,27.000109788121346
2011-08-27 04:00:00,8.29340596879343
2011-08-27 05:00:00,8.763039834571043
2011-08-27 06:00:00,17.983944513801763
2011-08-27 07:00:00,45.18122799277803
2011-08-27 08:00:00,105.23923301866144
2011-08-27 09:00:00,164.9431964999339
2011-08-27 10:00:00,209.96834810110664
2011-08-27 11:00:00,145.0593064677287
2011-08-27 12:00:00,165.48407000417043
2011-08-27 13:00:00,171.33182211014073
2011-08-27 14:00:00,117.07396104956189
2011-08-27 15:00:00,115.9494607374072
2011-08-27 16:00:00,113.83632667244915
2011-08-27 17:00:00,86.33198769562682
2011-08-28 07:00:00,27.52315096492004
2011-08-28 08:00:00,62.04839700118454
2011-08-28 09:00:00,183.33803326711222
2011-08-28 10:00:00,244.217266307127
2011-08-28 11:00:00,346.050024543413
2011-08-28 12:00:00,396.24107691726505
2011-08-28 13:00:00,393.95366432825347
2011-08-28 14:00:00,377.44378744496845
2011-08-28 15:00:00,375.0650970021443
2011-08-28 16:00:00,384.9547384983749
2011-08-28 17:00:00,398.1681631085969
2011-08-28 18:00:00,339.00991415620797
2011-08-28 19:00:00,279.0754442080396
2011-08-28 20:00:00,220.8822015712048
2011-08-28 21:00:00,175.06277415081288
2011-08-28 22:00:00,127.4405435790419
2011-08-28 23:00:00,79.09285923852474
2011-08-29 00:00:00,33.72154278565793
2011-08-29 01:00:00,15.148882199562237
2011-08-29 02:00:00,7.743730581579775
2011-08-29 03:00:00,4.849664814375674
2011-08-29 04:00:00,6.334009901171252
2011-08-29 05:00:00,25.24886267185404
2011-08-29 06:00:00,109.79327700885746
2011-08-29 07:00:00,297.3395099997955
2011-08-29 08:00:00,460.78835379852654
2011-08-29 09:00:00,226.30303897041233
2011-08-29 10:00:00,133.98763949006187
2011-08-29 11:00:00,152.03252726137285
2011-08-29 12:00:00,199.04711416451596
2011-08-29 13:00:00,187.05775287436146
2011-08-29 14:00:00,166.58080790342802
2011-08-29 15:00:00,192.25783961381413
2011-08-29 16:00:00,298.979238033652
2011-08-29 17:00:00,542.2478721081768
2011-08-29 18:00:00,538.6929528633906
2011-08-29 19:00:00,391.0758900025794
2011-08-29 20:00:00,269.7081936408776
2011-08-29 21:00:00,204.29372726851787
2011-08-29 22:00:00,145.43208213024081
2011-08-29 23:00:00,83.76533994865949
2011-08-30 00:00:00,32.930815639341006
2011-08-30 01:00:00,14.667494796934118
2011-08-30 02:00:00,7.527750125472196
2011-08-30 03:00:00,4.60475367232058
2011-08-30 04:00:00,6.193734014953023
2011-08-30 05:00:00,25.42246013218791
2011-08-30 06:00:00,114.24747815203634
2011-08-30 07:00:00,307.5162603690417
2011-08-30 08:00:00,474.54698237769946
2011-08-30 09:00:00,226.77232108135598
2011-08-30 10:00:00,138.0112387087062
2011-08-30 11:00:00,156.28086675815769
2011-08-30 12:00:00,196.8280747923899
2011-08-30 13:00:00,192.13159983720035
2011-08-30 14:00:00,172.62067246849753
2011-08-30 15:00:00,193.09334302913535
2011-08-30 16:00:00,300.591744904886
2011-08-30 17:00:00,562.4855875304196
2011-08-30 18:00:00,548.5747000125408
2011-08-30 19:00:00,390.80857542928237
2011-08-30 20:00:00,273.03060388200873
2011-08-30 21:00:00,199.91551819411757
2011-08-30 22:00:00,147.39488474539345
2011-08-30 23:00:00,90.3375401459408
2011-08-31 00:00:00,33.64398760362317
2011-08-31 01:00:00,14.408744840407197
2011-08-31 02:00:00,6.694614835830888
2011-08-31 03:00:00,4.567909251666669
2011-08-31 04:00:00,5.400014015611232
2011-08-31 05:00:00,24.15853193230359
2011-08-31 06:00:00,111.82552568447298
2011-08-31 07:00:00,298.68605642451837
2011-08-31 08:00:00,432.562787455838
2011-08-31 09:00:00,226.9713661166059
2011-08-31 10:00:00,138.12977187138807
2011-08-31 11:00:00,157.58087011158847
2011-08-31 12:00:00,197.68280777613475
2011-08-31 13:00:00,191.9774732360143
2011-08-31 14:00:00,172.21148823932052
2011-08-31 15:00:00,192.73585542732818
2011-08-31 16:00:00,296.03024341450674
2011-08-31 17:00:00,552.0776051517429
2011-08-31 18:00:00,542.8506284422805
2011-08-31 19:00:00,372.70172650722805
2011-08-31 20:00:00,280.7871879717819
2011-08-31 21:00:00,211.81765836032406
2011-08-31 22:00:00,144.83604247571574
2011-08-31 23:00:00,89.74194117528603
2011-09-20 00:00:00,28.629490227101172
2011-09-20 01:00:00,10.570403330733594
2011-09-20 02:00:00,5.459994330505383
2011-09-20 03:00:00,3.98210397233128
2011-09-20 04:00:00,5.070581185834223
2011-09-20 05:00:00,20.86118236142618
2011-09-20 06:00:00,98.03674690806251
2011-09-20 07:00:00,274.9951311013375
2011-09-20 08:00:00,199.78959948572032
2011-09-20 09:00:00,105.44692565335878
2011-09-20 10:00:00,72.77944894963484
2011-09-20 11:00:00,75.86484236302607
2011-09-20 12:00:00,78.05097534369553
2011-09-20 13:00:00,76.91237087918991
2011-09-20 14:00:00,98.04136358065654
2011-09-20 15:00:00,159.45933721928847
2011-09-20 16:00:00,206.18350328948168
2011-09-20 17:00:00,377.45517825730764
2011-09-20 18:00:00,360.62253217359216
2011-09-20 19:00:00,251.91368979640785
2011-09-20 20:00:00,152.58626674652427
2011-09-20 21:00:00,103.22119836915272
2011-09-20 22:00:00,88.62973162046659
2011-09-20 23:00:00,64.78502064744053
2011-09-21 00:00:00,21.460671847082217
2011-09-21 01:00:00,9.555162719037876
2011-09-21 02:00:00,5.2151748576236665
2011-09-21 03:00:00,3.532493334888558
2011-09-21 04:00:00,4.421871849020525
2011-09-21 05:00:00,14.591955678596541
2011-09-21 06:00:00,72.13896447240725
2011-09-21 07:00:00,201.26526503819957
2011-09-21 08:00:00,288.0778314840305
2011-09-21 09:00:00,132.14564112773502
2011-09-21 10:00:00,81.94089390737417
2011-09-21 11:00:00,115.87448527870995
2011-09-21 12:00:00,156.3826276363029
2011-09-21 13:00:00,169.79405260370052
2011-09-21 14:00:00,154.383154146849
2011-09-21 15:00:00,170.5296683617728
2011-09-21 16:00:00,259.06515865343823
2011-09-21 17:00:00,389.1252985419188
2011-09-21 18:00:00,242.6889198687953
2011-09-21 19:00:00,147.24185759801412
2011-09-21 20:00:00,96.47318344833715
2011-09-21 21:00:00,91.20883763267776
2011-09-21 22:00:00,73.66664319544519
2011-09-21 23:00:00,70.03359944193373
2011-09-22 00:00:00,25.133991597580682
2011-09-22 01:00:00,8.85608958249794
2011-09-22 02:00:00,5.5756142899150705
2011-09-22 03:00:00,3.8067104301306216
2011-09-22 04:00:00,4.304958122499209
2011-09-22 05:00:00,16.83623814577705
2011-09-22 06:00:00,77.42488989223617
2011-09-22 07:00:00,219.06290848828547
2011-09-22 08:00:00,295.80203620882867
2011-09-22 09:00:00,154.1975139599177
2011-09-22 10:00:00,99.06540156118598
2011-09-22 11:00:00,96.03778963904296
2011-09-22 12:00:00,134.35972695391823
2011-09-22 13:00:00,127.25819803717096
2011-09-22 14:00:00,125.83756317341948
2011-09-22 15:00:00,152.5593129984911
2011-09-22 16:00:00,255.130535524803
2011-09-22 17:00:00,400.08786782624185
2011-09-22 18:00:00,309.32489797232495
2011-09-22 19:00:00,227.0512917351154
2011-09-22 20:00:00,150.55949881275234
2011-09-22 21:00:00,114.54139315170703
2011-09-22 22:00:00,72.82763737079475
2011-09-22 23:00:00,62.319824547847496
2011-09-23 00:00:00,47.61058898591701
2011-09-23 01:00:00,16.54215492647662
2011-09-23 02:00:00,10.165839315230304
2011-09-23 03:00:00,4.80939839378481
2011-09-23 04:00:00,4.048674795824128
2011-09-23 05:00:00,19.04012087291903
2011-09-23 06:00:00,89.02812342452566
2011-09-23 07:00:00,143.35337784788524
2011-09-23 08:00:00,228.59162651745905
2011-09-23 09:00:00,116.70988864615899
2011-09-23 10:00:00,71.98099496913534
2011-09-23 11:00:00,82.73536307288902
2011-09-23 12:00:00,116.89253046450916
2011-09-23 13:00:00,102.85541786800651
2011-09-23 14:00:00,97.60947214365272
2011-09-23 15:00:00,126.40317119943344
2011-09-23 16:00:00,163.60363828737863
2011-09-23 17:00:00,248.8103640968167
2011-09-23 18:00:00,244.23612182602108
2011-09-23 19:00:00,233.52066341411359
2011-09-23 20:00:00,134.8984810381776
2011-09-23 21:00:00,116.5013159488927
2011-09-23 22:00:00,108.43452713339632
2011-09-23 23:00:00,87.91211634342353
2011-09-24 00:00:00,87.85103073006249
2011-09-24 01:00:00,62.93418520391246
2011-09-24 02:00:00,48.02499227645922
2011-09-24 03:00:00,20.10427432230022
2011-09-24 04:00:00,7.731580690725011
2011-09-24 05:00:00,7.655085536016985
2011-09-24 06:00:00,14.053039082876177
2011-09-24 07:00:00,42.78030608235861
2011-09-24 08:00:00,89.20751678717319
2011-09-24 09:00:00,122.05941121808712
2011-09-24 10:00:00,183.98140499579085
2011-09-24 11:00:00,244.77946466726934
2011-09-24 12:00:00,259.4837530919117
2011-09-24 13:00:00,315.4297607770717
2011-09-24 14:00:00,345.16248627764844
2011-09-24 15:00:00,346.82929343312526
2011-09-24 16:00:00,304.18351023902636
2011-09-24 17:00:00,348.30310005434274
2011-09-24 18:00:00,262.69806366691694
2011-09-24 19:00:00,189.61093621468666
2011-09-24 20:00:00,163.29442366978927
2011-09-24 21:00:00,152.91842987403652
2011-09-24 22:00:00,116.62311822816014
2011-09-24 23:00:00,90.24213014969273
2011-09-25 00:00:00,87.70636222495465
2011-09-25 01:00:00,75.61365243335554
2011-09-25 02:00:00,43.171119283648785
2011-09-25 03:00:00,17.210193483038797
2011-09-25 04:00:00,6.87656791181521
2011-09-25 05:00:00,8.189002521315027
2011-09-25 06:00:00,12.79781433336094
2011-09-25 07:00:00,29.21179630101033
2011-09-25 08:00:00,77.53521596991756
2011-09-25 09:00:00,141.36578728418436
2011-09-25 10:00:00,199.24197652963554
2011-09-25 11:00:00,292.3019250643102
2011-09-25 12:00:00,300.5869124545017
2011-09-25 13:00:00,321.0781205184611
2011-09-25 14:00:00,291.3491434241251
2011-09-25 15:00:00,292.0619210330053
2011-09-25 16:00:00,333.08585573761144
2011-09-25 17:00:00,317.89391799564373
2011-09-25 18:00:00,274.43622245351355
2011-09-25 19:00:00,201.36690621167745
2011-09-25 20:00:00,163.01143407274523
2011-09-25 21:00:00,108.19095546477502
2011-09-25 22:00:00,108.41507089756405
2011-09-25 23:00:00,69.66125876414623
2011-09-26 00:00:00,24.54812332623197
2011-09-26 01:00:00,12.824384830507084
2011-09-26 02:00:00,6.5034330432618095
2011-09-26 03:00:00,4.032459614068002
2011-09-26 04:00:00,5.495448896108185
2011-09-26 05:00:00,21.952624934611805
2011-09-26 06:00:00,91.9915101428597
2011-09-26 07:00:00,239.41314110762417
2011-09-26 08:00:00,340.9459465581644
2011-09-26 09:00:00,184.62266306793163
2011-09-26 10:00:00,103.61066494240931
2011-09-26 11:00:00,137.7571581168743
2011-09-26 12:00:00,160.35561207678484
2011-09-26 13:00:00,161.89778096416168
2011-09-26 14:00:00,161.46302406660234
2011-09-26 15:00:00,183.75501851468658
2011-09-26 16:00:00,292.5386801831107
2011-09-26 17:00:00,498.2207944473694
2011-09-26 18:00:00,358.16294965472696
2011-09-26 19:00:00,282.01881902546774
2011-09-26 20:00:00,189.0997592875978
2011-09-26 21:00:00,132.78258962803983
2011-09-26 22:00:00,103.74807294567452
2011-09-26 23:00:00,69.7797912204278
2011-09-27 00:00:00,27.37586023874332
2011-09-27 01:00:00,11.451992369084952
2011-09-27 02:00:00,6.312232125389706
2011-09-27 03:00:00,4.085618945404534
2011-09-27 04:00:00,4.334237398744788
2011-09-27 05:00:00,15.701085533836547
2011-09-27 06:00:00,96.89228950943439
2011-09-27 07:00:00,269.82466222381333
2011-09-27 08:00:00,381.99100287402854
2011-09-27 09:00:00,138.52518360637973
2011-09-27 10:00:00,78.25077460956723
2011-09-27 11:00:00,106.22847820944324
2011-09-27 12:00:00,115.49538587358015
2011-09-27 13:00:00,158.31169022761466
2011-09-27 14:00:00,144.15063353242607
2011-09-27 15:00:00,143.98487643932378
2011-09-27 16:00:00,213.12397219616204
2011-09-27 17:00:00,365.61038915115074
2011-09-27 18:00:00,339.2715074648259
2011-09-27 19:00:00,262.53486329140037
2011-09-27 20:00:00,238.48499898489456
2011-09-27 21:00:00,160.71305890033588
2011-09-27 22:00:00,111.49447265187253
2011-09-27 23:00:00,71.85679780482687
2011-09-28 00:00:00,27.58344361112728
2011-09-28 01:00:00,11.59978541862506
2011-09-28 02:00:00,5.836777975524752
2011-09-28 03:00:00,4.206756165450841
2011-09-28 04:00:00,4.920648540544228
2011-09-28 05:00:00,18.354507060712944
2011-09-28 06:00:00,68.2596723778372
2011-09-28 07:00:00,131.77992468114962
2011-09-28 08:00:00,217.0962423737529
2011-09-28 09:00:00,128.46062489671897
2011-09-28 10:00:00,87.52027681739112
2011-09-28 11:00:00,127.0276801884466
2011-09-28 12:00:00,150.9027329160856
2011-09-28 13:00:00,163.1695986985679
2011-09-28 14:00:00,164.08339023926308
2011-09-28 15:00:00,180.95252229215782
2011-09-28 16:00:00,274.843924420737
2011-09-28 17:00:00,494.5303327782324
2011-09-28 18:00:00,272.04377530033975
2011-09-28 19:00:00,212.5245697457552
2011-09-28 20:00:00,150.3805103023875
2011-09-28 21:00:00,104.57185752532926
2011-09-28 22:00:00,112.82001757238187
2011-09-28 23:00:00,74.24133215965784
2011-09-29 00:00:00,25.18264291109921
2011-09-29 01:00:00,10.83040521566437
2011-09-29 02:00:00,6.657684949036093
2011-09-29 03:00:00,4.561358206507634
2011-09-29 04:00:00,5.335111190370524
2011-09-29 05:00:00,21.831978517148134
2011-09-29 06:00:00,98.10113335060794
2011-09-29 07:00:00,261.9807130607065
2011-09-29 08:00:00,369.9245511067293
2011-09-29 09:00:00,236.77031747875446
2011-09-29 10:00:00,140.09300704467856
2011-09-29 11:00:00,160.29418000204285
2011-09-29 12:00:00,200.47788111750546
2011-09-29 13:00:00,193.65193769097723
2011-09-29 14:00:00,171.8326727344349
2011-09-29 15:00:00,194.65219057863703
2011-09-29 16:00:00,304.4415104976681
2011-09-29 17:00:00,557.6273687994392
2011-09-29 18:00:00,550.9242099013804
2011-09-29 19:00:00,390.4481069522318
2011-09-29 20:00:00,278.8047432157617
2011-09-29 21:00:00,196.9837388098035
2011-09-29 22:00:00,146.89473850666693
2011-09-29 23:00:00,90.40448727020966
2011-09-30 00:00:00,56.31537678077736
2011-09-30 01:00:00,25.52561145999163
2011-09-30 02:00:00,11.972575326670796
2011-09-30 03:00:00,5.5185930352665755
2011-09-30 04:00:00,5.681453520269842
2011-09-30 05:00:00,23.71230106566498
2011-09-30 06:00:00,102.44948500005007
2011-09-30 07:00:00,244.59857545002652
2011-09-30 08:00:00,427.79799974153286
2011-09-30 09:00:00,251.7592681241259
2011-09-30 10:00:00,160.14101282042176
2011-09-30 11:00:00,196.2121513688363
2011-09-30 12:00:00,237.81318549807244
2011-09-30 13:00:00,239.3462868101568
2011-09-30 14:00:00,222.70878544585713
2011-09-30 15:00:00,247.0604318344179
2011-09-30 16:00:00,362.2362251549569
2011-09-30 17:00:00,525.9756326485073
2011-09-30 18:00:00,451.88244007691094
2011-09-30 19:00:00,307.124037597514
2011-09-30 20:00:00,214.09990886989186
2011-09-30 21:00:00,177.80558762795624
2011-09-30 22:00:00,155.7128096278157
2011-09-30 23:00:00,123.07162116174354
2011-10-20 00:00:00,23.834629952408466
2011-10-20 01:00:00,12.727864483659546
2011-10-20 02:00:00,6.409164132469838
2011-10-20 03:00:00,4.431417555181622
2011-10-20 04:00:00,5.296817334049131
2011-10-20 05:00:00,24.898954858191345
2011-10-20 06:00:00,104.72744675250398
2011-10-20 07:00:00,274.6311089280017
2011-10-20 08:00:00,405.95669449826573
2011-10-20 09:00:00,192.65916782005837
2011-10-20 10:00:00,124.94345342459687
2011-10-20 11:00:00,144.0070597847422
2011-10-20 12:00:00,172.1009466381521
2011-10-20 13:00:00,164.97504202513468
2011-10-20 14:00:00,137.82598484769213
2011-10-20 15:00:00,163.09803062091856
2011-10-20 16:00:00,243.54767630178065
2011-10-20 17:00:00,442.08711187697025
2011-10-20 18:00:00,414.02617932015335
2011-10-20 19:00:00,309.5625013588593
2011-10-20 20:00:00,214.680075600497
2011-10-20 21:00:00,158.1720716911513
2011-10-20 22:00:00,117.23018338630008
2011-10-20 23:00:00,81.73641921623248
2011-10-21 00:00:00,51.38729180053036
2011-10-21 01:00:00,22.445223760726165
2011-10-21 02:00:00,11.995347813983793
2011-10-21 03:00:00,5.228775312966352
2011-10-21 04:00:00,5.248166429222109
2011-10-21 05:00:00,22.248783039312663
2011-10-21 06:00:00,94.52696786943275
2011-10-21 07:00:00,237.72012305573776
2011-10-21 08:00:00,428.53452988385186
2011-10-21 09:00:00,236.55175996541823
2011-10-21 10:00:00,143.69371112002966
2011-10-21 11:00:00,186.03958168364986
2011-10-21 12:00:00,220.63582095791622
2011-10-21 13:00:00,217.16599568918488
2011-10-21 14:00:00,213.80754597893238
2011-10-21 15:00:00,225.91865961775576
2011-10-21 16:00:00,313.9661057174809
2011-10-21 17:00:00,415.9602400866298
2011-10-21 18:00:00,359.88496251458224
2011-10-21 19:00:00,257.4593532368897
2011-10-21 20:00:00,173.56180090493436
2011-10-21 21:00:00,145.93178735365294
2011-10-21 22:00:00,133.62653534131567
2011-10-21 23:00:00,103.90432284674398
2011-10-22 00:00:00,88.29715443361239
2011-10-22 01:00:00,67.98467249471149
2011-10-22 02:00:00,52.49903748142432
2011-10-22 03:00:00,23.73502123369939
2011-10-22 04:00:00,7.2223539583394345
2011-10-22 05:00:00,7.317833404469598
2011-10-22 06:00:00,18.166712778061132
2011-10-22 07:00:00,44.760951907596535
2011-10-22 08:00:00,110.01300585099145
2011-10-22 09:00:00,158.80316095551396
2011-10-22 10:00:00,226.9731355307159
2011-10-22 11:00:00,272.57237212010216
2011-10-22 12:00:00,350.98051319112244
2011-10-22 13:00:00,370.1775935263469
2011-10-22 14:00:00,336.92610248497147
2011-10-22 15:00:00,353.3670130684488
2011-10-22 16:00:00,358.0078324483019
2011-10-22 17:00:00,314.6739548895721
2011-10-22 18:00:00,253.8718775063734
2011-10-22 19:00:00,206.2901105018526
2011-10-22 20:00:00,152.3817220593612
2011-10-22 21:00:00,126.88387908584716
2011-10-22 22:00:00,112.10346451683996
2011-10-22 23:00:00,89.81628680059895
2011-10-23 00:00:00,77.4713779823712
2011-10-23 01:00:00,62.44340162467098
2011-10-23 02:00:00,51.60395140319558
2011-10-23 03:00:00,22.566418504825467
2011-10-23 04:00:00,7.0112411085500215
2011-10-23 05:00:00,6.194173981751073
2011-10-23 06:00:00,12.15273846668305
2011-10-23 07:00:00,31.98135062966367
2011-10-23 08:00:00,76.32714548095365
2011-10-23 09:00:00,133.4361168539571
2011-10-23 10:00:00,226.1331928106271
2011-10-23 11:00:00,286.0368652318064
2011-10-23 12:00:00,352.4676459704409
2011-10-23 13:00:00,366.41486124392
2011-10-23 14:00:00,355.8585351821688
2011-10-23 15:00:00,359.1670484296073
2011-10-23 16:00:00,350.1649519315896
2011-10-23 17:00:00,312.6240275180124
2011-10-23 18:00:00,255.33210084865559
2011-10-23 19:00:00,188.40123820095286
2011-10-23 20:00:00,136.84919172746092
2011-10-23 21:00:00,111.59344514102038
2011-10-23 22:00:00,86.59313727177869
2011-10-23 23:00:00,61.068882892309865
2011-10-24 00:00:00,28.936117577867954
2011-10-24 01:00:00,11.863806034453253
2011-10-24 02:00:00,6.348170154817394
2011-10-24 03:00:00,4.49584357051616
2011-10-24 04:00:00,5.5758403937887175
2011-10-24 05:00:00,22.16137913865893
2011-10-24 06:00:00,100.91358246179699
2011-10-24 07:00:00,247.794339682076
2011-10-24 08:00:00,397.7084478695943
2011-10-24 09:00:00,217.41921557940591
2011-10-24 10:00:00,111.66746157811306
2011-10-24 11:00:00,140.99564788948027
2011-10-24 12:00:00,180.6113274015969
2011-10-24 13:00:00,174.733930608241
2011-10-24 14:00:00,155.57251681830502
2011-10-24 15:00:00,184.1617333959997
2011-10-24 16:00:00,275.18168563785525
2011-10-24 17:00:00,501.035813114085
2011-10-24 18:00:00,486.1898777661528
2011-10-24 19:00:00,187.99140361782221
2011-10-24 20:00:00,218.35263123594623
2011-10-24 21:00:00,134.94702053537443
2011-10-24 22:00:00,125.61925752897055
2011-10-24 23:00:00,70.54815297668324
2011-10-25 00:00:00,31.378445335978164
2011-10-25 01:00:00,13.133135224302826
2011-10-25 02:00:00,6.066216452585058
2011-10-25 03:00:00,4.166563732875325
2011-10-25 04:00:00,5.390233238248646
2011-10-25 05:00:00,22.472150886143414
2011-10-25 06:00:00,104.24339933349593
2011-10-25 07:00:00,280.0644540780085
2011-10-25 08:00:00,436.8115137347967
2011-10-25 09:00:00,231.59955472835082
2011-10-25 10:00:00,135.29395532018833
2011-10-25 11:00:00,149.83527730821854
2011-10-25 12:00:00,194.5196761696588
2011-10-25 13:00:00,187.47005301430428
2011-10-25 14:00:00,169.23778436476488
2011-10-25 15:00:00,188.53653437216568
2011-10-25 16:00:00,292.066827623937
2011-10-25 17:00:00,546.4698942597646
2011-10-25 18:00:00,496.9663111195059
2011-10-25 19:00:00,327.8744304564731
2011-10-25 20:00:00,227.7322958149656
2011-10-25 21:00:00,162.65783665052058
2011-10-25 22:00:00,124.79689248868742
2011-10-25 23:00:00,76.47442310605176
2011-10-26 00:00:00,32.86960140728488
2011-10-26 01:00:00,12.570077294243259
2011-10-26 02:00:00,6.463386088288997
2011-10-26 03:00:00,3.9730543640798883
2011-10-26 04:00:00,4.934056180136489
2011-10-26 05:00:00,24.42381853794808
2011-10-26 06:00:00,104.50800615704618
2011-10-26 07:00:00,284.08954209842193
2011-10-26 08:00:00,422.3880254624197
2011-10-26 09:00:00,223.7654528899713
2011-10-26 10:00:00,130.155353644496
2011-10-26 11:00:00,148.9092367582351
2011-10-26 12:00:00,167.92827501448616
2011-10-26 13:00:00,153.2061196752939
2011-10-26 14:00:00,141.08791216856008
2011-10-26 15:00:00,157.1694577734026
2011-10-26 16:00:00,239.36466311193698
2011-10-26 17:00:00,426.4043603698632
2011-10-26 18:00:00,448.55173217651657
2011-10-26 19:00:00,279.9984040313873
2011-10-26 20:00:00,192.85992423429113
2011-10-26 21:00:00,168.26513733605123
2011-10-26 22:00:00,98.63322442840266
2011-10-26 23:00:00,66.57825813445987
2011-10-27 00:00:00,27.4739856977758
2011-10-27 01:00:00,11.453561772479793
2011-10-27 02:00:00,4.318771079976885
2011-10-27 03:00:00,2.9993636746208017
2011-10-27 04:00:00,3.470151090722603
2011-10-27 05:00:00,15.317621352249555
2011-10-27 06:00:00,74.29998774250956
2011-10-27 07:00:00,253.63246673471934
2011-10-27 08:00:00,211.19514173741723
2011-10-27 09:00:00,223.12863887590703
2011-10-27 10:00:00,84.85967702784575
2011-10-27 11:00:00,90.03757361290663
2011-10-27 12:00:00,94.63583595760113
2011-10-27 13:00:00,120.42351343756621
2011-10-27 14:00:00,131.0283164042823
2011-10-27 15:00:00,144.83918600313552
2011-10-27 16:00:00,261.3447717265788
2011-10-27 17:00:00,402.61147649117896
2011-10-27 18:00:00,401.0532753258932
2011-10-27 19:00:00,266.69298523340194
2011-10-27 20:00:00,199.38998731242376
2011-10-27 21:00:00,135.76732286108137
2011-10-27 22:00:00,96.79625606243266
2011-10-27 23:00:00,63.34476932544896
2011-10-28 00:00:00,44.56522536980953
2011-10-28 01:00:00,19.469100319794965
2011-10-28 02:00:00,10.068591691623748
2011-10-28 03:00:00,4.275912577356903
2011-10-28 04:00:00,4.207154993477272
2011-10-28 05:00:00,19.46621397130884
2011-10-28 06:00:00,86.14033777626128
2011-10-28 07:00:00,227.9112976177154
2011-10-28 08:00:00,402.86702278655565
2011-10-28 09:00:00,234.14806051033702
2011-10-28 10:00:00,123.84504463051569
2011-10-28 11:00:00,151.09406855924743
2011-10-28 12:00:00,193.81370230179348
2011-10-28 13:00:00,192.11958464249597
2011-10-28 14:00:00,170.7278732555554
2011-10-28 15:00:00,185.44471608450252
2011-10-28 16:00:00,250.22427038312327
2011-10-28 17:00:00,378.663200477226
2011-10-28 18:00:00,338.9792430825886
2011-10-28 19:00:00,239.23516244225547
2011-10-28 20:00:00,93.14226993971202
2011-10-28 21:00:00,79.02600776411468
2011-10-28 22:00:00,66.33116618976638
2011-10-28 23:00:00,50.670002146168365
2011-10-29 00:00:00,41.07613627169893
2011-10-29 01:00:00,33.05360810772472
2011-10-29 02:00:00,27.945905316813985
2011-10-29 03:00:00,14.370080380388238
2011-10-29 04:00:00,5.680939739919206
2011-10-29 05:00:00,4.899813398494813
2011-10-29 06:00:00,10.916970839614388
2011-10-29 07:00:00,22.739308122123518
2011-10-29 08:00:00,50.34834808222167
2011-10-29 09:00:00,58.855765078617125
2011-10-29 10:00:00,69.04891394672859
2011-10-29 11:00:00,79.84662796032757
2011-10-29 12:00:00,86.68282663474383
2011-10-29 13:00:00,80.8727461248339
2011-10-29 14:00:00,89.45469550163368
2011-10-29 15:00:00,115.92856592080386
2011-10-29 16:00:00,79.4584692899318
2011-10-29 17:00:00,69.86382507902805
2011-10-29 18:00:00,56.41072371278096
2011-10-29 19:00:00,107.07794707350504
2011-10-29 20:00:00,73.32629569076659
2011-10-29 21:00:00,63.60984594006133
2011-10-29 22:00:00,64.28581710449545
2011-10-29 23:00:00,56.677917082129014
2011-10-30 00:00:00,58.13344189378498
2011-10-30 01:00:00,47.57661523345071
2011-10-30 02:00:00,33.76228176788148
2011-10-30 03:00:00,13.517520045797372
2011-10-30 04:00:00,3.0699373762577893
2011-10-30 05:00:00,3.4503942983902323
2011-10-30 06:00:00,9.126125832352091
2011-10-30 07:00:00,24.984082983654922
2011-10-30 08:00:00,64.02811588389227
2011-10-30 09:00:00,124.66341139250495
2011-10-30 10:00:00,209.94125289033443
2011-10-30 11:00:00,257.68501614900055
2011-10-30 12:00:00,319.09575848385344
2011-10-30 13:00:00,336.0861436959999
2011-10-30 14:00:00,332.411338066653
2011-10-30 15:00:00,326.2182762841478
2011-10-30 16:00:00,306.21445117188284
2011-10-30 17:00:00,265.96004410517935
2011-10-30 18:00:00,201.4039445062835
2011-10-30 19:00:00,247.64737789465272
2011-10-30 20:00:00,120.19170056856736
2011-10-30 21:00:00,92.8897048357947
2011-10-30 22:00:00,74.25290716869961
2011-10-30 23:00:00,43.26919308846592
2011-10-31 00:00:00,20.439032587369894
2011-10-31 01:00:00,8.294670914756146
2011-10-31 02:00:00,3.808672056011866
2011-10-31 03:00:00,3.277483547818493
2011-10-31 04:00:00,3.757373825485428
2011-10-31 05:00:00,17.508079225329713
2011-10-31 06:00:00,79.6788433254108
2011-10-31 07:00:00,225.64961456783723
2011-10-31 08:00:00,395.0197384757947
2011-10-31 09:00:00,213.4761769261965
2011-10-31 10:00:00,110.89951925329383
2011-10-31 11:00:00,128.62868048489142
2011-10-31 12:00:00,166.56170479261073
2011-10-31 13:00:00,152.16097632046245
2011-10-31 14:00:00,136.45912051667008
2011-10-31 15:00:00,156.40431280939887
2011-10-31 16:00:00,243.33749705030175
2011-10-31 17:00:00,451.6901496457988
2011-10-31 18:00:00,418.5586163053705
2011-10-31 19:00:00,297.19880809251646
2011-10-31 20:00:00,211.7851585249256
2011-10-31 21:00:00,133.50460865555334
2011-10-31 22:00:00,94.91983899591733
2011-10-31 23:00:00,58.203602390274746
2011-11-20 00:00:00,86.98423594309287
2011-11-20 01:00:00,70.38257224959455
2011-11-20 02:00:00,53.87086845513714
2011-11-20 03:00:00,22.66821684736755
2011-11-20 04:00:00,6.203022884046293
2011-11-20 05:00:00,6.153684709789358
2011-11-20 06:00:00,12.724311663708969
2011-11-20 07:00:00,38.596759684110495
2011-11-20 08:00:00,76.57801702860667
2011-11-20 09:00:00,141.42767218225939
2011-11-20 10:00:00,212.53300302245083
2011-11-20 11:00:00,285.4744049236082
2011-11-20 12:00:00,327.5794026866794
2011-11-20 13:00:00,339.4487477989113
2011-11-20 14:00:00,337.0262603267698
2011-11-20 15:00:00,315.93458634376634
2011-11-20 16:00:00,317.72450531327627
2011-11-20 17:00:00,296.3556334300053
2011-11-20 18:00:00,256.1258337813416
2011-11-20 19:00:00,194.4753997693506
2011-11-20 20:00:00,162.020445638408
2011-11-20 21:00:00,112.51384785350162
2011-11-20 22:00:00,55.27169387549088
2011-11-20 23:00:00,41.19242913309657
2011-11-21 00:00:00,20.706041889861478
2011-11-21 01:00:00,7.385914616229672
2011-11-21 02:00:00,4.6057312505128545
2011-11-21 03:00:00,3.069940894051375
2011-11-21 04:00:00,3.6459783962831476
2011-11-21 05:00:00,16.590505884511416
2011-11-21 06:00:00,74.42800829151724
2011-11-21 07:00:00,244.2846878422233
2011-11-21 08:00:00,356.54293499377707
2011-11-21 09:00:00,171.81689962309684
2011-11-21 10:00:00,113.37163547317427
2011-11-21 11:00:00,125.9728778753598
2011-11-21 12:00:00,172.69873704119243
2011-11-21 13:00:00,164.4787794482791
2011-11-21 14:00:00,133.2514295754376
2011-11-21 15:00:00,64.5822552087147
2011-11-21 16:00:00,106.3002456155487
2011-11-21 17:00:00,129.1473917651304
2011-11-21 18:00:00,191.26137762841302
2011-11-21 19:00:00,137.7047390008813
2011-11-21 20:00:00,102.70373498078094
2011-11-21 21:00:00,77.72737379520515
2011-11-21 22:00:00,60.976955691190724
2011-11-21 23:00:00,42.44395188617405
2011-11-22 00:00:00,14.50474292999636
2011-11-22 01:00:00,7.2183866445837355
2011-11-22 02:00:00,4.500257629825514
2011-11-22 03:00:00,3.2014581115316667
2011-11-22 04:00:00,4.144359891350593
2011-11-22 05:00:00,12.645844605757507
2011-11-22 06:00:00,82.34493983075751
2011-11-22 07:00:00,108.51908294670018
2011-11-22 08:00:00,172.61273164461545
2011-11-22 09:00:00,95.78346747837642
2011-11-22 10:00:00,54.917089056321146
2011-11-22 11:00:00,58.044449622287715
2011-11-22 12:00:00,60.21311847140877
2011-11-22 13:00:00,57.001405272529034
2011-11-22 14:00:00,53.34521789355552
2011-11-22 15:00:00,58.4860158814332
2011-11-22 16:00:00,101.573220655613
2011-11-22 17:00:00,161.50584759633455
2011-11-22 18:00:00,152.09545122972082
2011-11-22 19:00:00,152.25607611873198
2011-11-22 20:00:00,166.18522985102885
2011-11-22 21:00:00,109.49757857356956
2011-11-22 22:00:00,89.11273121181141
2011-11-22 23:00:00,60.55421156325295
2011-11-23 00:00:00,19.832796049170735
2011-11-23 01:00:00,8.679596940397792
2011-11-23 02:00:00,4.69023347383486
2011-11-23 03:00:00,3.3692345248702242
2011-11-23 04:00:00,4.182605441507429
2011-11-23 05:00:00,17.28707376563496
2011-11-23 06:00:00,73.26556877203362
2011-11-23 07:00:00,224.17521675216344
2011-11-23 08:00:00,341.96627183909084
2011-11-23 09:00:00,174.04799767046435
2011-11-23 10:00:00,98.6328133636561
2011-11-23 11:00:00,135.70896976093215
2011-11-23 12:00:00,175.4610051961917
2011-11-23 13:00:00,141.82782430255276
2011-11-23 14:00:00,134.27793606372978
2011-11-23 15:00:00,139.70998408540677
2011-11-23 16:00:00,207.54708108613565
2011-11-23 17:00:00,220.96833590200626
2011-11-23 18:00:00,344.6459120882106
2011-11-23 19:00:00,262.7793470980605
2011-11-23 20:00:00,183.07280578670228
2011-11-23 21:00:00,119.99450723276564
2011-11-23 22:00:00,90.17019376158751
2011-11-23 23:00:00,57.458556332715425
2011-11-24 00:00:00,56.402315200701985
2011-11-24 01:00:00,30.35870714750619
2011-11-24 02:00:00,22.795789089319396
2011-11-24 03:00:00,11.204310345879538
2011-11-24 04:00:00,5.846136970646631
2011-11-24 05:00:00,7.896696372179347
2011-11-24 06:00:00,27.636763086805146
2011-11-24 07:00:00,52.023001637768346
2011-11-24 08:00:00,147.50395432637612
2011-11-24 09:00:00,189.67012169809416
2011-11-24 10:00:00,205.89964575641503
2011-11-24 11:00:00,252.37729887941393
2011-11-24 12:00:00,283.35014395082
2011-11-24 13:00:00,291.93923428708933
2011-11-24 14:00:00,293.0240480299801
2011-11-24 15:00:00,294.2074580434014
2011-11-24 16:00:00,300.10331979836167
2011-11-24 17:00:00,330.5276653253983
2011-11-24 18:00:00,252.20541163761044
2011-11-24 19:00:00,218.8786246451188
2011-11-24 20:00:00,140.70589390987092
2011-11-24 21:00:00,124.36048375260268
2011-11-24 22:00:00,109.38442178043474
2011-11-24 23:00:00,80.24995426908924
2011-11-25 00:00:00,46.01433121256793
2011-11-25 01:00:00,19.363889108506843
2011-11-25 02:00:00,10.620791332741906
2011-11-25 03:00:00,4.49121819448782
2011-11-25 04:00:00,4.940810922717471
2011-11-25 05:00:00,20.492190438005018
2011-11-25 06:00:00,82.29357811728997
2011-11-25 07:00:00,216.39193129493324
2011-11-25 08:00:00,372.6714785782956
2011-11-25 09:00:00,232.53615232758244
2011-11-25 10:00:00,129.29249664424745
2011-11-25 11:00:00,153.41169155197022
2011-11-25 12:00:00,205.2248456548861
2011-11-25 13:00:00,216.35546231773142
2011-11-25 14:00:00,207.24808091991056
2011-11-25 15:00:00,226.64870123749571
2011-11-25 16:00:00,302.8815957738834
2011-11-25 17:00:00,447.0399601476975
2011-11-25 18:00:00,379.3660083809808
2011-11-25 19:00:00,247.8293162845459
2011-11-25 20:00:00,169.54385313735062
2011-11-25 21:00:00,123.84750063534798
2011-11-25 22:00:00,112.71245838573871
2011-11-25 23:00:00,89.68702023507286
2011-11-26 00:00:00,82.23576222237782
2011-11-26 01:00:00,61.61928136595077
2011-11-26 02:00:00,45.95869983059331
2011-11-26 03:00:00,19.807190920916213
2011-11-26 04:00:00,6.192887245416733
2011-11-26 05:00:00,6.909942259925886
2011-11-26 06:00:00,15.966862336455884
2011-11-26 07:00:00,32.994420721534915
2011-11-26 08:00:00,98.83847930084353
2011-11-26 09:00:00,148.09269021528692
2011-11-26 10:00:00,204.2025900716886
2011-11-26 11:00:00,271.7967677362924
2011-11-26 12:00:00,327.8018364531604
2011-11-26 13:00:00,354.5490337032377
2011-11-26 14:00:00,331.6246384014933
2011-11-26 15:00:00,346.00039940514324
2011-11-26 16:00:00,311.63629885559385
2011-11-26 17:00:00,287.72703262931327
2011-11-26 18:00:00,223.25310499980387
2011-11-26 19:00:00,189.71470872106917
2011-11-26 20:00:00,139.92008394530177
2011-11-26 21:00:00,107.99035573770846
2011-11-26 22:00:00,97.91781131897741
2011-11-26 23:00:00,79.29865442511715
2011-11-27 00:00:00,79.32433911033931
2011-11-27 01:00:00,65.69972441569885
2011-11-27 02:00:00,51.862197042691335
2011-11-27 03:00:00,22.513551100744383
2011-11-27 04:00:00,7.264049739658381
2011-11-27 05:00:00,6.626570681180425
2011-11-27 06:00:00,13.234597615249974
2011-11-27 07:00:00,32.74225493379795
2011-11-27 08:00:00,74.68545177880415
2011-11-27 09:00:00,146.8361984931505
2011-11-27 10:00:00,225.0680077539919
2011-11-27 11:00:00,297.72623910284415
2011-11-27 12:00:00,357.5408749373188
2011-11-27 13:00:00,355.2936697967665
2011-11-27 14:00:00,394.34458565207535
2011-11-27 15:00:00,391.84246530000473
2011-11-27 16:00:00,359.0137929124905
2011-11-27 17:00:00,315.0049524858042
2011-11-27 18:00:00,236.63155187924707
2011-11-27 19:00:00,195.76339541801025
2011-11-27 20:00:00,156.75804739814234
2011-11-27 21:00:00,117.1739306302641
2011-11-27 22:00:00,95.99017047998011
2011-11-27 23:00:00,65.27866637252636
2011-11-28 00:00:00,30.331347718836692
2011-11-28 01:00:00,12.97798014174475
2011-11-28 03:00:00,4.419049158370905
2011-11-28 04:00:00,5.993753371791167
2011-11-28 05:00:00,22.868714860018905
2011-11-28 06:00:00,103.72975960967024
2011-11-28 07:00:00,277.6697947765251
2011-11-28 08:00:00,352.7146585345046
2011-11-28 09:00:00,201.55362255420752
2011-11-28 10:00:00,118.58111794938894
2011-11-28 11:00:00,140.91073882965605
2011-11-28 12:00:00,188.5151986350006
2011-11-28 13:00:00,175.6745241465319
2011-11-28 14:00:00,164.4098769589433
2011-11-28 15:00:00,184.24887760376947
2011-11-28 16:00:00,276.05816604591763
2011-11-28 17:00:00,516.1703425466619
2011-11-28 18:00:00,486.1943977963339
2011-11-28 19:00:00,325.59805282106856
2011-11-28 20:00:00,224.17859625580923
2011-11-28 21:00:00,169.28812910812184
2011-11-28 22:00:00,113.21731399863654
2011-11-28 23:00:00,64.13274667763356
2011-11-29 00:00:00,27.653991872612703
2011-11-29 01:00:00,11.958416611199924
2011-11-29 02:00:00,4.765813580457918
2011-11-29 03:00:00,3.50212407221632
2011-11-29 04:00:00,4.809396628491072
2011-11-29 05:00:00,22.113980527138185
2011-11-29 06:00:00,103.72815909306104
2011-11-29 07:00:00,287.15204602296257
2011-11-29 08:00:00,434.62058653030044
2011-11-29 09:00:00,169.1475313884082
2011-11-29 10:00:00,109.01236104071187
2011-11-29 11:00:00,94.09990452996145
2011-11-29 12:00:00,83.28537172738115
2011-11-29 13:00:00,91.90251590802849
2011-11-29 14:00:00,59.99376248768137
2011-11-29 15:00:00,64.09770649316641
2011-11-29 16:00:00,107.60655291596551
2011-11-29 17:00:00,292.01004316567753
2011-11-29 18:00:00,297.4355327564831
2011-11-29 19:00:00,209.8453070917048
2011-11-29 20:00:00,161.92720850772866
2011-11-29 21:00:00,108.42408066722751
2011-11-29 22:00:00,99.03403445385675
2011-11-29 23:00:00,56.84059135647709
2011-11-30 00:00:00,25.858753997688872
2011-11-30 01:00:00,10.704599638755802
2011-11-30 02:00:00,5.21094906824449
2011-11-30 03:00:00,3.445996611591604
2011-11-30 04:00:00,4.640621744295827
2011-11-30 05:00:00,22.091154487389886
2011-11-30 06:00:00,86.08191605646395
2011-11-30 07:00:00,246.7485019610686
2011-11-30 08:00:00,393.8599000181607
2011-11-30 09:00:00,208.43436168363183
2011-11-30 10:00:00,108.7392984332206
2011-11-30 11:00:00,125.36891245186231
2011-11-30 12:00:00,144.36334977590545
2011-11-30 13:00:00,141.60359993393686
2011-11-30 14:00:00,129.01820358617405
2011-11-30 15:00:00,139.41556524271243
2011-11-30 16:00:00,205.6851772001834
2011-11-30 17:00:00,348.31361962610873
2011-11-30 18:00:00,344.0519310495947
2011-11-30 19:00:00,239.9822389887643
2011-11-30 20:00:00,174.059559486055
2011-11-30 21:00:00,119.05589497078944
2011-11-30 22:00:00,89.89315341260915
2011-11-30 23:00:00,55.45844318391273
2011-12-20 00:00:00,26.099886655599885
2011-12-20 01:00:00,10.629220530799797
2011-12-20 02:00:00,4.96565590238511
2011-12-20 03:00:00,3.4161695703895854
2011-12-20 04:00:00,5.441818851725725
2011-12-20 05:00:00,21.869367688531945
2011-12-20 06:00:00,93.62621679509844
2011-12-20 07:00:00,256.61303486482086
2011-12-20 08:00:00,418.4972108171505
2011-12-20 09:00:00,207.71210302855104
2011-12-20 10:00:00,111.97309647720236
2011-12-20 11:00:00,122.19544517084151
2011-12-20 12:00:00,159.00244292680335
2011-12-20 13:00:00,147.52116753441194
2011-12-20 14:00:00,131.63423493575021
2011-12-20 15:00:00,143.3412460682566
2011-12-20 16:00:00,230.0280579399614
2011-12-20 17:00:00,401.96922763759306
2011-12-20 18:00:00,377.3543366082122
2011-12-20 19:00:00,266.7461171031336
2011-12-20 20:00:00,188.8042530128378
2011-12-20 21:00:00,137.94914529836993
2011-12-20 22:00:00,97.85623984937455
2011-12-20 23:00:00,66.18682534903367
2011-12-21 00:00:00,14.551678520100387
2011-12-21 01:00:00,6.885533133144835
2011-12-21 02:00:00,3.6724495388908647
2011-12-21 03:00:00,2.5246644604793933
2011-12-21 04:00:00,2.9515320418647284
2011-12-21 05:00:00,13.54190877687418
2011-12-21 06:00:00,54.068663978572964
2011-12-21 07:00:00,168.3608189576641
2011-12-21 08:00:00,165.60605050942291
2011-12-21 09:00:00,137.80187360989444
2011-12-21 10:00:00,82.56734593638691
2011-12-21 11:00:00,89.12171468359291
2011-12-21 12:00:00,43.3685054544258
2011-12-21 13:00:00,28.593105818541872
2011-12-21 14:00:00,78.44999932118193
2011-12-21 15:00:00,82.79796135340459
2011-12-21 16:00:00,34.65845415596178
2011-12-21 17:00:00,75.16991981346969
2011-12-21 18:00:00,158.8455466813915
2011-12-21 19:00:00,145.83081842807863
2011-12-21 20:00:00,105.52619942021015
2011-12-21 21:00:00,108.24613650940155
2011-12-21 22:00:00,90.7922093301714
2011-12-21 23:00:00,58.71860847706416
2011-12-22 00:00:00,20.861938218085687
2011-12-22 01:00:00,10.968087346971636
2011-12-22 02:00:00,7.681364654671198
2011-12-22 03:00:00,4.119600949613364
2011-12-22 04:00:00,4.055046605917233
2011-12-22 05:00:00,16.21406090092637
2011-12-22 06:00:00,61.81337108881145
2011-12-22 07:00:00,169.92335541946085
2011-12-22 08:00:00,301.44645187263103
2011-12-22 09:00:00,150.57416937418307
2011-12-22 10:00:00,73.98339478083436
2011-12-22 11:00:00,86.18159819332894
2011-12-22 12:00:00,130.98920893817134
2011-12-22 13:00:00,108.86531686638583
2011-12-22 14:00:00,98.92444990784703
2011-12-22 15:00:00,118.05406894430078
2011-12-22 16:00:00,169.8203527919095
2011-12-22 17:00:00,273.5022963204251
2011-12-22 18:00:00,274.3304911568604
2011-12-22 19:00:00,175.36119571176255
2011-12-22 20:00:00,61.4975595301686
2011-12-22 21:00:00,50.19173427981069
2011-12-22 22:00:00,33.48391352197563
2011-12-22 23:00:00,29.575624842023224
2011-12-23 00:00:00,20.01375477008004
2011-12-23 01:00:00,10.50359552548844
2011-12-23 02:00:00,6.7831239929223015
2011-12-23 03:00:00,3.3563741307025046
2011-12-23 04:00:00,2.4575627751308833
2011-12-23 05:00:00,10.95752792563162
2011-12-23 06:00:00,59.861026436912574
2011-12-23 07:00:00,153.68709061708964
2011-12-23 08:00:00,298.234260489538
2011-12-23 09:00:00,156.2940218822369
2011-12-23 10:00:00,82.38006550543496
2011-12-23 11:00:00,95.51630667304244
2011-12-23 12:00:00,117.48383955612805
2011-12-23 13:00:00,122.1158556351306
2011-12-23 14:00:00,115.88901460834919
2011-12-23 15:00:00,124.51503599905223
2011-12-23 16:00:00,147.72627350851042
2011-12-23 17:00:00,246.18849420435933
2011-12-23 18:00:00,208.90730154279856
2011-12-23 19:00:00,140.67451661249416
2011-12-23 20:00:00,90.19411910801547
2011-12-23 21:00:00,69.36855787140087
2011-12-23 22:00:00,65.64910223847669
2011-12-23 23:00:00,51.39070734872594
2011-12-24 00:00:00,46.87365780305071
2011-12-24 01:00:00,37.06935243797361
2011-12-24 02:00:00,27.304237817605696
2011-12-24 03:00:00,12.688753791911662
2011-12-24 04:00:00,3.937339712685643
2011-12-24 05:00:00,3.6560255639658967
2011-12-24 06:00:00,6.750512967210318
2011-12-24 07:00:00,16.198134464109305
2011-12-24 08:00:00,50.606674066312735
2011-12-24 09:00:00,81.25290385858145
2011-12-24 10:00:00,115.92273162778709
2011-12-24 11:00:00,134.5803082190438
2011-12-24 12:00:00,167.40005431355146
2011-12-24 13:00:00,168.93242377254992
2011-12-24 14:00:00,160.78698892867368
2011-12-24 15:00:00,157.9186111948663
2011-12-24 16:00:00,149.19622848933713
2011-12-24 17:00:00,117.6603828082932
2011-12-24 18:00:00,114.05449289741999
2011-12-24 19:00:00,100.32842520336632
2011-12-24 20:00:00,68.91975606134558
2011-12-24 21:00:00,60.570075418320855
2011-12-24 22:00:00,47.54559010635069
2011-12-24 23:00:00,42.411528672377045
2011-12-25 00:00:00,44.115302864120025
2011-12-25 01:00:00,37.474686889405376
2011-12-25 02:00:00,28.35993916669871
2011-12-25 03:00:00,14.14089449860849
2011-12-25 05:00:00,3.1099490205220945
2011-12-25 06:00:00,4.119796213477695
2011-12-25 07:00:00,10.706267097654596
2011-12-25 08:00:00,29.422374931118853
2011-12-25 09:00:00,61.72841630055531
2011-12-25 10:00:00,107.14545235742122
2011-12-25 11:00:00,133.64627160576737
2011-12-25 12:00:00,146.532471628959
2011-12-25 13:00:00,164.05001001834265
2011-12-25 14:00:00,155.66752079704474
2011-12-25 15:00:00,160.1573208694848
2011-12-25 16:00:00,160.0860128096729
2011-12-25 17:00:00,132.25816197113892
2011-12-25 18:00:00,106.4787117523752
2011-12-25 19:00:00,91.18363458766275
2011-12-25 20:00:00,64.68908508924211
2011-12-25 21:00:00,49.9207329342195
2011-12-25 22:00:00,36.16700243329962
2011-12-25 23:00:00,28.345597845920267
2011-12-26 00:00:00,29.788947536167065
2011-12-26 01:00:00,21.38134874758238
2011-12-26 02:00:00,14.984853885049276
2011-12-26 04:00:00,3.0768772901900387
2011-12-26 05:00:00,3.970212309190264
2011-12-26 06:00:00,10.17963548778793
2011-12-26 07:00:00,26.34726215074215
2011-12-26 08:00:00,82.35614172951183
2011-12-26 09:00:00,102.44883362311865
2011-12-26 10:00:00,106.37691608198692
2011-12-26 11:00:00,108.37758380339949
2011-12-26 12:00:00,132.89130367210439
2011-12-26 13:00:00,150.9119944328356
2011-12-26 14:00:00,144.5228930976562
2011-12-26 15:00:00,147.18926624029362
2011-12-26 16:00:00,137.97071138870737
2011-12-26 17:00:00,142.39646327398185
2011-12-26 18:00:00,133.98323518330164
2011-12-26 19:00:00,111.86473509361618
2011-12-26 20:00:00,76.39741486421968
2011-12-26 21:00:00,60.8488233166609
2011-12-26 22:00:00,47.393813409602046
2011-12-26 23:00:00,37.58783073342253
2011-12-27 00:00:00,13.227217009991863
2011-12-27 01:00:00,5.400268258083334
2011-12-27 02:00:00,3.1953138152789586
2011-12-27 03:00:00,2.2239897910955926
2011-12-27 04:00:00,2.6029797665915204
2011-12-27 05:00:00,8.787076537477912
2011-12-27 06:00:00,49.88974149572417
2011-12-27 07:00:00,146.8702912404762
2011-12-27 08:00:00,283.0480007401326
2011-12-27 09:00:00,58.84946282142778
2011-12-27 10:00:00,69.69204246371606
2011-12-27 11:00:00,36.68926752358812
2011-12-27 12:00:00,39.31709004192933
2011-12-27 13:00:00,33.84989231172678
2011-12-27 14:00:00,34.504576376959136
2011-12-27 15:00:00,35.09029928393949
2011-12-27 16:00:00,48.31275997580762
2011-12-27 17:00:00,158.98746484559362
2011-12-27 18:00:00,221.1771095095618
2011-12-27 19:00:00,144.90457328581323
2011-12-27 20:00:00,111.01988599750119
2011-12-27 21:00:00,80.3048467954242
2011-12-27 22:00:00,60.616215411744385
2011-12-27 23:00:00,33.384357645779815
2011-12-28 00:00:00,13.932150176740828
2011-12-28 01:00:00,7.680548089582674
2011-12-28 02:00:00,3.745833295998442
2011-12-28 03:00:00,2.5425948465642656
2011-12-28 05:00:00,9.7075421513296
2011-12-28 06:00:00,55.42653291028392
2011-12-28 07:00:00,156.7043469579122
2011-12-28 08:00:00,281.5743355649212
2011-12-28 09:00:00,138.2907046436228
2011-12-28 10:00:00,73.66299279389658
2011-12-28 11:00:00,76.60134217399481
2011-12-28 12:00:00,82.87847247121408
2011-12-28 13:00:00,84.55643283281964
2011-12-28 14:00:00,78.78184795446184
2011-12-28 15:00:00,83.66655986983424
2011-12-28 16:00:00,118.13820308104057
2011-12-28 17:00:00,229.23549753073812
2011-12-28 18:00:00,219.92527891272508
2011-12-28 19:00:00,133.73469751233148
2011-12-28 20:00:00,108.94373383068857
2011-12-28 21:00:00,70.07694146829955
2011-12-28 22:00:00,53.86853029765694
2011-12-28 23:00:00,31.073196656493174
2011-12-29 00:00:00,11.588776653594318
2011-12-29 01:00:00,4.846896673257113
2011-12-29 02:00:00,3.132766803453553
2011-12-29 03:00:00,1.8995425269567068
2011-12-29 04:00:00,2.2858862847588695
2011-12-29 05:00:00,9.998121227990163
2011-12-29 06:00:00,48.83350512172116
2011-12-29 07:00:00,141.46560096211442
2011-12-29 08:00:00,265.7824999673343
2011-12-29 09:00:00,127.16520446273007
2011-12-29 10:00:00,60.901740804648696
2011-12-29 11:00:00,66.46598701264317
2011-12-29 12:00:00,83.89243986043746
2011-12-29 13:00:00,79.55186120277898
2011-12-29 14:00:00,77.7203729853599
2011-12-29 15:00:00,82.62570390425846
2011-12-29 16:00:00,124.12047701396588
2011-12-29 17:00:00,239.99993208593767
2011-12-29 18:00:00,238.52064316414763
2011-12-29 19:00:00,145.42289672625145
2011-12-29 20:00:00,111.3171725511561
2011-12-29 21:00:00,74.60482971114399
2011-12-29 22:00:00,62.09720233544016
2011-12-29 23:00:00,43.03116337494475
2011-12-30 00:00:00,25.569462426587855
2011-12-30 01:00:00,10.497874867395387
2011-12-30 02:00:00,4.5785301657947075
2011-12-30 03:00:00,2.7002446173396195
2011-12-30 04:00:00,2.4752399975345503
2011-12-30 05:00:00,9.329201515448311
2011-12-30 06:00:00,48.70331841549755
2011-12-30 07:00:00,135.75690040296695
2011-12-30 08:00:00,268.1928242165081
2011-12-30 09:00:00,146.76572806074526
2011-12-30 10:00:00,73.7441751104543
2011-12-30 11:00:00,87.37263740679384
2011-12-30 12:00:00,117.94420567123753
2011-12-30 13:00:00,118.46050945765583
2011-12-30 14:00:00,111.51081817506774
2011-12-30 15:00:00,130.98803513928547
2011-12-30 16:00:00,159.94944294423868
2011-12-30 17:00:00,259.8190788162942
2011-12-30 18:00:00,217.56573152633095
2011-12-30 19:00:00,128.2072487029832
2011-12-30 20:00:00,97.29763774271802
2011-12-30 21:00:00,73.2673704380888
2011-12-30 22:00:00,66.01345430194475
2011-12-30 23:00:00,48.53890445309216
2011-12-31 00:00:00,47.85058382993927
2011-12-31 01:00:00,40.661339229708666
2011-12-31 02:00:00,29.932582757585642
2011-12-31 03:00:00,12.441818227392194
2011-12-31 04:00:00,4.821019077734373
2011-12-31 05:00:00,4.13086593184711
2011-12-31 06:00:00,9.547415532482757
2011-12-31 07:00:00,13.995874304031998
2011-12-31 08:00:00,59.082903946385976
2011-12-31 09:00:00,90.94316929803426
2011-12-31 10:00:00,142.1972453746528
2011-12-31 11:00:00,170.88428088073474
2011-12-31 12:00:00,328.6519857817187
2011-12-31 13:00:00,315.28702343944775
2011-12-31 14:00:00,240.9423332241833
2011-12-31 15:00:00,236.26583238456405
2011-12-31 16:00:00,194.3007377376321
2011-12-31 17:00:00,171.5712113083368
2011-12-31 18:00:00,150.53778354945948
2011-12-31 19:00:00,130.60812302810768
2011-12-31 20:00:00,103.38667056997244
2011-12-31 21:00:00,80.93593963883414
2011-12-31 22:00:00,67.20396594711872
2011-12-31 23:00:00,54.668077043864415
2012-01-20 00:00:00,30.984844162224018
2012-01-20 01:00:00,17.674033551495288
2012-01-20 02:00:00,6.1461685491776725
2012-01-20 03:00:00,3.6974700946189936
2012-01-20 04:00:00,3.619905239128233
2012-01-20 05:00:00,18.921412069604067
2012-01-20 06:00:00,72.75411324801237
2012-01-20 07:00:00,210.042646607545
2012-01-20 08:00:00,413.25086710757574
2012-01-20 09:00:00,218.55381614195824
2012-01-20 10:00:00,99.50178764589579
2012-01-20 11:00:00,98.8640255698814
2012-01-20 12:00:00,137.40713344199193
2012-01-20 13:00:00,157.27184425510947
2012-01-20 14:00:00,134.79325632173678
2012-01-20 15:00:00,152.39600971738136
2012-01-20 16:00:00,180.8447629605943
2012-01-20 17:00:00,314.75699550137296
2012-01-20 18:00:00,271.13082124149895
2012-01-20 19:00:00,190.14157911623988
2012-01-20 20:00:00,117.3022264307895
2012-01-20 21:00:00,87.09118688065786
2012-01-20 22:00:00,76.53408633951805
2012-01-20 23:00:00,45.34140681179136
2012-01-21 00:00:00,40.14625348098035
2012-01-21 01:00:00,33.32247456358176
2012-01-21 02:00:00,26.675324858376776
2012-01-21 03:00:00,16.061040633479685
2012-01-21 04:00:00,4.791729888290858
2012-01-21 05:00:00,4.626378077724364
2012-01-21 06:00:00,6.917065452543996
2012-01-21 07:00:00,19.591329888074775
2012-01-21 08:00:00,64.24440381124859
2012-01-21 09:00:00,78.47685827672893
2012-01-21 10:00:00,80.51650578058761
2012-01-21 11:00:00,171.50077173711816
2012-01-21 12:00:00,213.9976436691488
2012-01-21 13:00:00,200.32109197106715
2012-01-21 14:00:00,136.03371420329285
2012-01-21 15:00:00,134.53277692880627
2012-01-21 16:00:00,148.96635498309792
2012-01-21 17:00:00,129.21103738525113
2012-01-21 18:00:00,115.94403425977215
2012-01-21 19:00:00,95.35249206236105
2012-01-21 20:00:00,68.49818210396334
2012-01-21 21:00:00,67.18712671224905
2012-01-21 22:00:00,59.979049389350095
2012-01-21 23:00:00,50.74118826702686
2012-01-22 00:00:00,51.45424445198287
2012-01-22 01:00:00,43.31724436860793
2012-01-22 02:00:00,35.25890447606156
2012-01-22 03:00:00,18.3915194379606
2012-01-22 04:00:00,4.273591421083146
2012-01-22 05:00:00,4.283981918304046
2012-01-22 06:00:00,5.3891910374950305
2012-01-22 07:00:00,16.19023007629215
2012-01-22 08:00:00,45.003006199306405
2012-01-22 09:00:00,73.40885674331965
2012-01-22 10:00:00,121.42875069070826
2012-01-22 11:00:00,106.11796175124884
2012-01-22 12:00:00,188.53642315652908
2012-01-22 13:00:00,212.16662520578842
2012-01-22 14:00:00,193.65806741280215
2012-01-22 15:00:00,180.75835528822856
2012-01-22 16:00:00,170.7701191660035
2012-01-22 17:00:00,152.56757340424718
2012-01-22 18:00:00,81.98726161470498
2012-01-22 19:00:00,72.56298070139634
2012-01-22 20:00:00,54.17079842991991
2012-01-22 21:00:00,48.28750717606481
2012-01-22 22:00:00,46.86516018658261
2012-01-22 23:00:00,31.273104494188363
2012-01-23 00:00:00,13.968221748908444
2012-01-23 01:00:00,5.951810356835649
2012-01-23 02:00:00,3.695427659963895
2012-01-23 03:00:00,2.5499246569773097
2012-01-23 04:00:00,2.6359571993279762
2012-01-23 05:00:00,15.218702394002785
2012-01-23 06:00:00,66.41799921053745
2012-01-23 07:00:00,125.655882774172
2012-01-23 08:00:00,219.69648412353283
2012-01-23 09:00:00,176.4080194726325
2012-01-23 10:00:00,76.91615309644011
2012-01-23 11:00:00,82.10751487628801
2012-01-23 12:00:00,90.69735280936878
2012-01-23 13:00:00,58.50433026157424
2012-01-23 14:00:00,57.2994068141596
2012-01-23 15:00:00,80.14608270443047
2012-01-23 16:00:00,149.5735369588619
2012-01-23 17:00:00,276.594793217524
2012-01-23 18:00:00,288.4667123516755
2012-01-23 19:00:00,185.40127074292795
2012-01-23 20:00:00,135.30405283339022
2012-01-23 21:00:00,69.89756083016499
2012-01-23 22:00:00,59.1853909186303
2012-01-23 23:00:00,28.891211264884625
2012-01-24 00:00:00,10.228342915881731
2012-01-24 01:00:00,4.626220251614399
2012-01-24 02:00:00,3.361179115560742
2012-01-24 03:00:00,2.2634053408138004
2012-01-24 04:00:00,2.5390938014397717
2012-01-24 05:00:00,15.243305252180237
2012-01-24 06:00:00,71.95389444515445
2012-01-24 07:00:00,237.24370278659143
2012-01-24 08:00:00,403.28414837369405
2012-01-24 09:00:00,196.02368198776767
2012-01-24 10:00:00,99.2580778851309
2012-01-24 11:00:00,103.02622027942957
2012-01-24 12:00:00,109.59009155369702
2012-01-24 13:00:00,104.68404325183998
2012-01-24 14:00:00,110.58918502909617
2012-01-24 15:00:00,135.32517517493625
2012-01-24 16:00:00,219.58356216482187
2012-01-24 17:00:00,429.02151907443397
2012-01-24 18:00:00,409.4340873657739
2012-01-24 19:00:00,301.76211949334044
2012-01-24 20:00:00,175.29351688718776
2012-01-24 21:00:00,128.75069216008634
2012-01-24 22:00:00,90.89736187392154
2012-01-24 23:00:00,54.19755429684279
2012-01-25 00:00:00,16.57199404736684
2012-01-25 01:00:00,7.243820261430043
2012-01-25 02:00:00,4.631895730441063
2012-01-25 03:00:00,3.0360007753331093
2012-01-25 04:00:00,2.5546545238410774
2012-01-25 05:00:00,17.758410990115003
2012-01-25 06:00:00,81.25262820679325
2012-01-25 07:00:00,249.28235035430595
2012-01-25 08:00:00,431.45836770157763
2012-01-25 09:00:00,213.3519166197974
2012-01-25 10:00:00,94.06400303422063
2012-01-25 11:00:00,102.32174091535984
2012-01-25 12:00:00,138.41843329360373
2012-01-25 13:00:00,134.25247471941015
2012-01-25 14:00:00,126.55091951382437
2012-01-25 15:00:00,138.2089585056797
2012-01-25 16:00:00,205.57848020063923
2012-01-25 17:00:00,400.4946555063354
2012-01-25 18:00:00,370.6692861211014
2012-01-25 19:00:00,248.55398656011408
2012-01-25 20:00:00,179.3541404997289
2012-01-25 21:00:00,123.22765698117877
2012-01-25 22:00:00,92.99048984868594
2012-01-25 23:00:00,49.551054560038004
2012-01-26 00:00:00,19.246864206545855
2012-01-26 01:00:00,6.3980788811381295
2012-01-26 02:00:00,4.8999062422729445
2012-01-26 03:00:00,2.9540768821981382
2012-01-26 04:00:00,3.365968595052897
2012-01-26 05:00:00,19.97749001839117
2012-01-26 06:00:00,82.98687720064615
2012-01-26 07:00:00,249.3463427544564
2012-01-26 08:00:00,414.4478753073401
2012-01-26 09:00:00,212.1284107863184
2012-01-26 10:00:00,99.82078261254318
2012-01-26 11:00:00,101.74969491222716
2012-01-26 12:00:00,123.01413914149865
2012-01-26 13:00:00,137.58425513791133
2012-01-26 14:00:00,135.64360020835574
2012-01-26 15:00:00,158.71944247102837
2012-01-26 16:00:00,210.77496374072877
2012-01-26 17:00:00,392.60714685701157
2012-01-26 18:00:00,395.2212576148957
2012-01-26 19:00:00,259.11277592399097
2012-01-26 20:00:00,187.39308895827236
2012-01-26 21:00:00,138.65435114062603
2012-01-26 22:00:00,123.4140767020792
2012-01-26 23:00:00,65.3009894785059
2012-01-27 00:00:00,37.03358757302331
2012-01-27 01:00:00,17.92351768931354
2012-01-27 02:00:00,10.968528805553364
2012-01-27 03:00:00,3.6966529749811654
2012-01-27 04:00:00,2.7322219379439443
2012-01-27 05:00:00,16.90995471647256
2012-01-27 06:00:00,76.72905348448387
2012-01-27 07:00:00,184.77213455914554
2012-01-27 08:00:00,215.70800846860794
2012-01-27 09:00:00,118.47733163278144
2012-01-27 10:00:00,86.025537614288
2012-01-27 11:00:00,157.3050661348865
2012-01-27 12:00:00,207.80219135288854
2012-01-27 13:00:00,272.0315538463333
2012-01-27 14:00:00,247.52498609498133
2012-01-27 15:00:00,245.7280295581721
2012-01-27 16:00:00,267.38040013324496
2012-01-27 17:00:00,405.42681192747756
2012-01-27 18:00:00,356.40869537334
2012-01-27 19:00:00,236.57806417053666
2012-01-27 20:00:00,147.25437621932025
2012-01-27 21:00:00,105.29301232810758
2012-01-27 22:00:00,101.70796494297556
2012-01-27 23:00:00,74.29725558711124
2012-01-28 00:00:00,66.88435706108486
2012-01-28 01:00:00,54.07487991421944
2012-01-28 02:00:00,38.91906069609986
2012-01-28 03:00:00,20.94262535249534
2012-01-28 04:00:00,4.537199877326612
2012-01-28 05:00:00,4.158911189257854
2012-01-28 06:00:00,7.6777135490346975
2012-01-28 07:00:00,24.64435444010115
2012-01-28 08:00:00,77.27190816904593
2012-01-28 09:00:00,105.13530468799824
2012-01-28 10:00:00,177.51540324214628
2012-01-28 11:00:00,224.019971166152
2012-01-28 12:00:00,253.4814517179854
2012-01-28 13:00:00,314.0621634716185
2012-01-28 14:00:00,308.2883170319803
2012-01-28 15:00:00,316.0761592399018
2012-01-28 16:00:00,310.98542741813134
2012-01-28 17:00:00,275.27765381497034
2012-01-28 18:00:00,223.4009220432352
2012-01-28 19:00:00,170.246507149956
2012-01-28 20:00:00,138.79501081358464
2012-01-28 21:00:00,97.95776787619673
2012-01-28 22:00:00,90.34977881036392
2012-01-28 23:00:00,66.16498163654347
2012-01-29 00:00:00,64.27266345620802
2012-01-29 01:00:00,51.58929131726792
2012-01-29 02:00:00,38.240851141400384
2012-01-29 03:00:00,19.04771130610272
2012-01-29 04:00:00,4.5465185075943735
2012-01-29 05:00:00,3.78039947439681
2012-01-29 06:00:00,6.165797441785555
2012-01-29 07:00:00,18.112757057791733
2012-01-29 08:00:00,49.39150731259463
2012-01-29 09:00:00,82.41060342978713
2012-01-29 10:00:00,165.54315249471844
2012-01-29 11:00:00,192.8772709237987
2012-01-29 12:00:00,268.4870059342936
2012-01-29 13:00:00,276.87292485426667
2012-01-29 14:00:00,252.4854740598277
2012-01-29 15:00:00,274.98564535477215
2012-01-29 16:00:00,246.67735975425757
2012-01-29 17:00:00,212.14291720430737
2012-01-29 18:00:00,158.57317833745338
2012-01-29 19:00:00,121.17377617349
2012-01-29 20:00:00,85.15491538592087
2012-01-29 21:00:00,68.16802963782911
2012-01-29 22:00:00,57.94422185776741
2012-01-29 23:00:00,36.79306302027783
2012-01-30 00:00:00,13.866975008037748
2012-01-30 01:00:00,4.786749562293582
2012-01-30 02:00:00,3.118234448411946
2012-01-30 03:00:00,2.304613817533449
2012-01-30 04:00:00,2.638787982909941
2012-01-30 05:00:00,15.715486407381022
2012-01-30 06:00:00,74.85600638991714
2012-01-30 07:00:00,228.74237232757028
2012-01-30 08:00:00,392.0755864321682
2012-01-30 09:00:00,189.9807991494472
2012-01-30 10:00:00,90.126040442378
2012-01-30 11:00:00,106.55535146158164
2012-01-30 12:00:00,125.73594649571207
2012-01-30 13:00:00,121.98141628741068
2012-01-30 14:00:00,119.62040387059753
2012-01-30 15:00:00,123.35294903101094
2012-01-30 16:00:00,199.58386550976834
2012-01-30 17:00:00,386.08249103751274
2012-01-30 18:00:00,371.2894085499924
2012-01-30 19:00:00,237.45159884021587
2012-01-30 20:00:00,169.59074340833618
2012-01-30 21:00:00,113.7197702388093
2012-01-30 22:00:00,76.6562010056871
2012-01-30 23:00:00,43.05050389944043
2012-01-31 00:00:00,17.01144919491361
2012-01-31 01:00:00,5.728198249403563
2012-01-31 02:00:00,3.934863548961134
2012-01-31 03:00:00,2.589418900781089
2012-01-31 04:00:00,2.6427086107992706
2012-01-31 05:00:00,17.933293208579215
2012-01-31 06:00:00,83.48401792110344
2012-01-31 07:00:00,246.03952958493545
2012-01-31 08:00:00,427.30060287478375
2012-01-31 09:00:00,213.41637972079343
2012-01-31 10:00:00,97.08170669730158
2012-01-31 11:00:00,133.69167829679466
2012-01-31 12:00:00,155.1224751233537
2012-01-31 13:00:00,177.38741522021485
2012-01-31 14:00:00,173.53140960171893
2012-01-31 15:00:00,196.84020612235878
2012-01-31 16:00:00,287.2013842982807
2012-01-31 17:00:00,544.5985554142625
2012-01-31 18:00:00,529.133387079375
2012-01-31 19:00:00,380.5004910009877
2012-01-31 20:00:00,208.4519389729814
2012-01-31 21:00:00,167.26213795037907
2012-01-31 22:00:00,107.66598094437353
2012-01-31 23:00:00,62.085582057555676
2012-02-20 00:00:00,37.70259174302529
2012-02-20 01:00:00,23.12491809196593
2012-02-20 02:00:00,16.793983448527356
2012-02-20 03:00:00,7.124037314022033
2012-02-20 05:00:00,3.9335667284823908
2012-02-20 06:00:00,11.467160553478251
2012-02-20 07:00:00,32.24885265089082
2012-02-20 08:00:00,110.9810630862509
2012-02-20 09:00:00,127.73679127337128
2012-02-20 10:00:00,160.57034513444137
2012-02-20 11:00:00,197.82266722292044
2012-02-20 12:00:00,216.10428005053055
2012-02-20 13:00:00,224.81989708710813
2012-02-20 14:00:00,224.80372834255937
2012-02-20 15:00:00,233.20435584923754
2012-02-20 16:00:00,249.4092422169344
2012-02-20 17:00:00,269.94689540179917
2012-02-20 18:00:00,208.02654992150548
2012-02-20 19:00:00,178.99413017149942
2012-02-20 20:00:00,122.5768526166502
2012-02-20 21:00:00,89.31418128725866
2012-02-20 22:00:00,75.70061843981387
2012-02-20 23:00:00,53.11424479558917
2012-02-21 00:00:00,18.04956024211081
2012-02-21 01:00:00,6.18922879758379
2012-02-21 02:00:00,3.4168513893663244
2012-02-21 04:00:00,2.447063841382463
2012-02-21 05:00:00,16.81290425771158
2012-02-21 06:00:00,83.34296840824302
2012-02-21 07:00:00,266.53747667469906
2012-02-21 08:00:00,464.6835463298726
2012-02-21 09:00:00,228.9647778487136
2012-02-21 10:00:00,106.83953787824933
2012-02-21 11:00:00,106.1622819318723
2012-02-21 12:00:00,128.9723965826119
2012-02-21 13:00:00,134.98316738347987
2012-02-21 14:00:00,112.23556087939319
2012-02-21 15:00:00,133.17080244164086
2012-02-21 16:00:00,216.19186210992228
2012-02-21 17:00:00,450.19620353323404
2012-02-21 18:00:00,433.7260655253911
2012-02-21 19:00:00,270.78641789990473
2012-02-21 20:00:00,198.53620186215923
2012-02-21 21:00:00,137.06387058123215
2012-02-21 22:00:00,91.90318033466019
2012-02-21 23:00:00,53.1940520836383
2012-02-22 00:00:00,22.550738827702247
2012-02-22 01:00:00,8.784224423928187
2012-02-22 02:00:00,4.523216182174773
2012-02-22 03:00:00,2.392935746476909
2012-02-22 04:00:00,2.7279480275307444
2012-02-22 05:00:00,22.196633291570024
2012-02-22 06:00:00,95.56969897027051
2012-02-22 07:00:00,302.5623973979115
2012-02-22 08:00:00,491.41914656028564
2012-02-22 09:00:00,252.72967340142893
2012-02-22 10:00:00,125.26558752316456
2012-02-22 11:00:00,138.16297909827057
2012-02-22 12:00:00,175.48683606320745
2012-02-22 13:00:00,180.5383638502268
2012-02-22 14:00:00,166.42230475162503
2012-02-22 15:00:00,214.39403211966564
2012-02-22 16:00:00,311.9865950630037
2012-02-22 17:00:00,591.9196299044849
2012-02-22 18:00:00,493.70608339858353
2012-02-22 19:00:00,331.5740764750079
2012-02-22 20:00:00,225.99896990948568
2012-02-22 21:00:00,191.32261290454
2012-02-22 22:00:00,123.12696377862531
2012-02-22 23:00:00,73.1705077409746
2012-02-23 00:00:00,28.00246658228308
2012-02-23 01:00:00,9.94965333844529
2012-02-23 02:00:00,5.430290632419323
2012-02-23 03:00:00,2.329509129813265
2012-02-23 04:00:00,3.238109354803845
2012-02-23 05:00:00,26.100471260975226
2012-02-23 06:00:00,103.58961990524158
2012-02-23 07:00:00,320.45677274660557
2012-02-23 08:00:00,524.909252646899
2012-02-23 09:00:00,265.21213907532
2012-02-23 10:00:00,153.08530159351506
2012-02-23 11:00:00,185.39235012094312
2012-02-23 12:00:00,239.2712095805007
2012-02-23 13:00:00,226.50982270356846
2012-02-23 14:00:00,202.52526200878225
2012-02-23 15:00:00,226.8962126070668
2012-02-23 16:00:00,337.09858432564215
2012-02-23 17:00:00,619.283164129807
2012-02-23 18:00:00,611.4874458772018
2012-02-23 19:00:00,441.41723865371176
2012-02-23 20:00:00,268.57190218203755
2012-02-23 21:00:00,192.7466249919895
2012-02-23 22:00:00,143.25060964324376
2012-02-23 23:00:00,93.42773526516974
2012-02-24 00:00:00,46.286544520481215
2012-02-24 01:00:00,27.463409798157578
2012-02-24 02:00:00,7.675523268324663
2012-02-24 03:00:00,5.4542135736362605
2012-02-24 04:00:00,3.9452297324753505
2012-02-24 05:00:00,21.61351424488541
2012-02-24 06:00:00,99.52363620852815
2012-02-24 07:00:00,268.7527924285558
2012-02-24 08:00:00,466.23275056395994
2012-02-24 09:00:00,132.08819450605944
2012-02-24 10:00:00,77.30297819498017
2012-02-24 11:00:00,151.20900209821895
2012-02-24 12:00:00,209.78505465615325
2012-02-24 13:00:00,216.2218410388888
2012-02-24 14:00:00,225.38349391347606
2012-02-24 15:00:00,103.44778159578871
2012-02-24 16:00:00,134.1943694126602
2012-02-24 17:00:00,246.12836348791603
2012-02-24 18:00:00,356.82229948323334
2012-02-24 19:00:00,295.11352645341333
2012-02-24 20:00:00,209.03276111208515
2012-02-24 21:00:00,145.0161468975336
2012-02-24 22:00:00,125.06125404556876
2012-02-24 23:00:00,95.49249913038487
2012-02-25 00:00:00,76.66375442012044
2012-02-25 01:00:00,54.96647636917566
2012-02-25 02:00:00,42.71919829109071
2012-02-25 03:00:00,18.384959195085994
2012-02-25 04:00:00,4.542951284853122
2012-02-25 05:00:00,4.011821673926635
2012-02-25 06:00:00,9.451912550663016
2012-02-25 07:00:00,32.208700083267495
2012-02-25 08:00:00,93.10917052251904
2012-02-25 09:00:00,68.21709975249327
2012-02-25 10:00:00,201.30708811317828
2012-02-25 11:00:00,222.8438451342259
2012-02-25 12:00:00,275.70090421212893
2012-02-25 13:00:00,304.0509529706931
2012-02-25 14:00:00,270.2981180649371
2012-02-25 15:00:00,276.9581037765019
2012-02-25 16:00:00,235.5172752986511
2012-02-25 17:00:00,212.20059099953855
2012-02-25 18:00:00,158.04632957236785
2012-02-25 19:00:00,144.47779056330873
2012-02-25 20:00:00,94.91013832304644
2012-02-25 21:00:00,88.8446441179127
2012-02-25 22:00:00,79.56183538763626
2012-02-25 23:00:00,60.20981771142952
2012-02-26 00:00:00,61.7830154470205
2012-02-26 01:00:00,51.406850397911356
2012-02-26 02:00:00,38.960178543786974
2012-02-26 03:00:00,21.185785048723222
2012-02-26 04:00:00,4.5806280768529755
2012-02-26 05:00:00,3.588857470427229
2012-02-26 06:00:00,5.32714898421951
2012-02-26 07:00:00,15.468071092917873
2012-02-26 08:00:00,47.76139192197111
2012-02-26 09:00:00,87.24717800453975
2012-02-26 10:00:00,176.27069567891633
2012-02-26 11:00:00,217.72699929099883
2012-02-26 12:00:00,288.0188309265063
2012-02-26 13:00:00,321.7592427998861
2012-02-26 14:00:00,312.76462731235534
2012-02-26 15:00:00,309.7117796059657
2012-02-26 16:00:00,283.30345161980125
2012-02-26 17:00:00,240.89035999120247
2012-02-26 18:00:00,177.59679289905597
2012-02-26 19:00:00,145.2672473007129
2012-02-26 20:00:00,94.17248954988835
2012-02-26 21:00:00,76.46404486576446
2012-02-26 22:00:00,63.63667616403888
2012-02-26 23:00:00,42.08932001260821
2012-02-27 00:00:00,16.87266122584284
2012-02-27 01:00:00,5.663892113095491
2012-02-27 02:00:00,3.273570973502319
2012-02-27 03:00:00,2.6249676458150324
2012-02-27 04:00:00,2.7431061677821327
2012-02-27 05:00:00,17.721511437013667
2012-02-27 06:00:00,82.59742960371483
2012-02-27 07:00:00,263.79220935929357
2012-02-27 08:00:00,464.89202162030205
2012-02-27 09:00:00,223.09117735430715
2012-02-27 10:00:00,109.28048770545462
2012-02-27 11:00:00,127.4330469812895
2012-02-27 12:00:00,173.32883715739666
2012-02-27 13:00:00,159.9897277823933
2012-02-27 14:00:00,169.46108135325625
2012-02-27 15:00:00,210.13846509875157
2012-02-27 16:00:00,309.78102206172605
2012-02-27 17:00:00,584.4243809864403
2012-02-27 18:00:00,573.3921122583172
2012-02-27 19:00:00,406.51148570761336
2012-02-27 20:00:00,241.86435328304
2012-02-27 21:00:00,180.52765989515734
2012-02-27 22:00:00,111.62947453152071
2012-02-27 23:00:00,64.23692899241668
2012-02-28 00:00:00,26.121074317690507
2012-02-28 01:00:00,9.721730745041864
2012-02-28 02:00:00,5.48049614482543
2012-02-28 03:00:00,2.0639738443643885
2012-02-28 04:00:00,2.4213196319140136
2012-02-28 05:00:00,17.222579765822317
2012-02-28 06:00:00,89.45039078930544
2012-02-28 07:00:00,271.8324095183092
2012-02-28 08:00:00,462.91677870050955
2012-02-28 09:00:00,231.15339928637815
2012-02-28 10:00:00,110.1810807555239
2012-02-28 11:00:00,125.86497904614103
2012-02-28 12:00:00,162.58602995201935
2012-02-28 13:00:00,150.64244963984453
2012-02-28 14:00:00,152.91584181727623
2012-02-28 15:00:00,179.03403221404824
2012-02-28 16:00:00,244.00320173974592
2012-02-28 17:00:00,485.46966453659104
2012-02-28 18:00:00,472.59977926763685
2012-02-28 19:00:00,309.95945462673103
2012-02-28 20:00:00,222.55789962839796
2012-02-28 21:00:00,138.65228533271218
2012-02-28 22:00:00,101.08071282236516
2012-02-28 23:00:00,53.42104745241885
2012-02-29 00:00:00,24.113745793489365
2012-02-29 01:00:00,7.81605535810126
2012-02-29 02:00:00,4.157124498074617
2012-02-29 03:00:00,2.316018595980586
2012-02-29 05:00:00,19.277648130037484
2012-02-29 06:00:00,88.24265889983063
2012-02-29 07:00:00,278.99546760916104
2012-02-29 08:00:00,462.71353168835805
2012-02-29 09:00:00,124.13486393879069
2012-02-29 10:00:00,63.95482126141424
2012-02-29 11:00:00,62.440121775675635
2012-02-29 12:00:00,54.2669680772291
2012-02-29 13:00:00,111.26226788238108
2012-02-29 14:00:00,107.17287937160292
2012-02-29 15:00:00,133.31251869203678
2012-02-29 16:00:00,101.8454932771048
2012-02-29 17:00:00,416.1300979525375
2012-02-29 18:00:00,249.10181804589712
2012-02-29 19:00:00,282.62522546971337
2012-02-29 20:00:00,117.06704398896946
2012-02-29 21:00:00,92.59174285811244
2012-02-29 22:00:00,62.1269916673765
2012-02-29 23:00:00,42.25174993812322
2012-03-20 00:00:00,27.959808199937513
2012-03-20 01:00:00,13.851742133252426
2012-03-20 02:00:00,6.209150663879074
2012-03-20 03:00:00,2.73047776476584
2012-03-20 04:00:00,3.091623840828788
2012-03-20 05:00:00,21.384471487119566
2012-03-20 06:00:00,118.84481543220717
2012-03-20 07:00:00,138.80273881123975
2012-03-20 08:00:00,605.1636497327368
2012-03-20 09:00:00,305.52001148780755
2012-03-20 10:00:00,159.8572669971826
2012-03-20 11:00:00,182.23494647391936
2012-03-20 12:00:00,239.13214084114543
2012-03-20 13:00:00,228.5104451777845
2012-03-20 14:00:00,186.57312587873133
2012-03-20 15:00:00,210.88332338728983
2012-03-20 16:00:00,363.7167399109827
2012-03-20 17:00:00,642.9419607605109
2012-03-20 18:00:00,642.3708958361021
2012-03-20 19:00:00,468.07053934931764
2012-03-20 20:00:00,331.7789575908262
2012-03-20 21:00:00,232.69986465712213
2012-03-20 22:00:00,160.98170714620565
2012-03-20 23:00:00,81.39789552924299
2012-03-21 00:00:00,37.76299753698896
2012-03-21 01:00:00,16.93070365252457
2012-03-21 02:00:00,7.641164935013363
2012-03-21 03:00:00,3.7366567599667757
2012-03-21 04:00:00,4.333867219388563
2012-03-21 05:00:00,29.468328781891106
2012-03-21 06:00:00,118.76813367109247
2012-03-21 07:00:00,163.72559784351645
2012-03-21 08:00:00,347.7128646229962
2012-03-21 09:00:00,314.8891147424938
2012-03-21 10:00:00,158.74977976445683
2012-03-21 11:00:00,170.4479560115478
2012-03-21 12:00:00,226.75224083044014
2012-03-21 13:00:00,181.8113437871356
2012-03-21 14:00:00,195.66763432555518
2012-03-21 15:00:00,215.71547034003768
2012-03-21 16:00:00,361.57557966569834
2012-03-21 17:00:00,675.5251558077762
2012-03-21 18:00:00,658.9649342903823
2012-03-21 19:00:00,515.625097064758
2012-03-21 20:00:00,339.3408473640891
2012-03-21 21:00:00,227.41338455487394
2012-03-21 22:00:00,173.89236306340442
2012-03-21 23:00:00,109.23506232048717
2012-03-22 00:00:00,45.90816887867198
2012-03-22 01:00:00,19.426305897302218
2012-03-22 02:00:00,9.710141789797282
2012-03-22 03:00:00,5.340395286335916
2012-03-22 04:00:00,4.879992163555698
2012-03-22 05:00:00,27.32332397016497
2012-03-22 06:00:00,131.65458828858385
2012-03-22 07:00:00,389.08635844608284
2012-03-22 08:00:00,617.8007962593845
2012-03-22 09:00:00,304.37428653073937
2012-03-22 10:00:00,145.39270869402282
2012-03-22 11:00:00,160.80432237663115
2012-03-22 12:00:00,192.73098676900236
2012-03-22 13:00:00,258.7433782993454
2012-03-22 14:00:00,241.80949715709014
2012-03-22 15:00:00,269.05994951405
2012-03-22 16:00:00,394.9766708031152
2012-03-22 17:00:00,709.9012231065576
2012-03-22 18:00:00,710.4452922384527
2012-03-22 19:00:00,535.4753007990124
2012-03-22 20:00:00,352.84743608561865
2012-03-22 21:00:00,278.64897910934144
2012-03-22 22:00:00,188.69842784615514
2012-03-22 23:00:00,118.89600108356419
2012-03-23 00:00:00,65.18559625798609
2012-03-23 01:00:00,31.834036048095378
2012-03-23 02:00:00,15.947378058422297
2012-03-23 03:00:00,7.120445998056757
2012-03-23 04:00:00,5.792798101867094
2012-03-23 05:00:00,26.435184292452973
2012-03-23 06:00:00,122.2028522164993
2012-03-23 07:00:00,339.91019870827296
2012-03-23 08:00:00,591.9056779222067
2012-03-23 09:00:00,345.70699498149634
2012-03-23 10:00:00,176.99134358617496
2012-03-23 11:00:00,254.88719255364987
2012-03-23 12:00:00,333.5018320160286
2012-03-23 13:00:00,343.69028427636687
2012-03-23 14:00:00,335.02011485757976
2012-03-23 15:00:00,365.92309081818837
2012-03-23 16:00:00,514.7455168944616
2012-03-23 17:00:00,747.3704213603964
2012-03-23 18:00:00,673.8566078732292
2012-03-23 19:00:00,502.7088594185894
2012-03-23 20:00:00,355.2130138970613
2012-03-23 21:00:00,291.3503071904082
2012-03-23 22:00:00,233.6484436983626
2012-03-23 23:00:00,176.49101473934675
2012-03-24 00:00:00,130.33564792178083
2012-03-24 01:00:00,98.37555275090797
2012-03-24 02:00:00,71.78885314834949
2012-03-24 03:00:00,34.6688170983618
2012-03-24 04:00:00,11.689591821739842
2012-03-24 05:00:00,11.746591199804815
2012-03-24 06:00:00,32.51122436952543
2012-03-24 07:00:00,73.63976492463877
2012-03-24 08:00:00,166.72536739965312
2012-03-24 09:00:00,246.27913819600343
2012-03-24 10:00:00,302.71618839415055
2012-03-24 11:00:00,331.73155762808193
2012-03-24 12:00:00,212.73208375751315
2012-03-24 13:00:00,207.9590577201208
2012-03-24 14:00:00,165.23852769196782
2012-03-24 15:00:00,126.80213303216586
2012-03-24 16:00:00,128.03930230835743
2012-03-24 17:00:00,146.4030085080787
2012-03-24 18:00:00,129.6399496569906
2012-03-24 19:00:00,147.7817163374588
2012-03-24 20:00:00,98.62476788923922
2012-03-24 21:00:00,82.41609573186368
2012-03-24 22:00:00,73.00126501803643
2012-03-24 23:00:00,83.1717830149481
2012-03-25 00:00:00,73.47142086599598
2012-03-25 01:00:00,65.27169480343633
2012-03-25 02:00:00,38.059235999013346
2012-03-25 03:00:00,19.534457447038715
2012-03-25 04:00:00,8.193404813885687
2012-03-25 05:00:00,8.488391944960984
2012-03-25 06:00:00,14.92445187140567
2012-03-25 07:00:00,35.15386387692804
2012-03-25 08:00:00,85.97247280521528
2012-03-25 09:00:00,150.94314952890426
2012-03-25 10:00:00,242.97588003665072
2012-03-25 11:00:00,314.0033240295874
2012-03-25 12:00:00,374.62927206608543
2012-03-25 13:00:00,435.73236535828585
2012-03-25 14:00:00,434.42487139337106
2012-03-25 15:00:00,410.7079370032026
2012-03-25 16:00:00,442.53419099426355
2012-03-25 17:00:00,449.8309161059312
2012-03-25 18:00:00,360.8693786137177
2012-03-25 19:00:00,290.6083482291
2012-03-25 20:00:00,211.3185952150654
2012-03-25 21:00:00,166.32324200130407
2012-03-25 22:00:00,121.26340659111727
2012-03-25 23:00:00,79.82798589477031
2012-03-26 00:00:00,29.518100129988454
2012-03-26 01:00:00,14.306033200153799
2012-03-26 02:00:00,7.107390422282887
2012-03-26 03:00:00,4.3323616073159625
2012-03-26 04:00:00,5.410322929624086
2012-03-26 05:00:00,30.232527293372193
2012-03-26 06:00:00,128.41435402078503
2012-03-26 07:00:00,413.8845632862958
2012-03-26 08:00:00,661.7556875626833
2012-03-26 09:00:00,328.1701459241265
2012-03-26 10:00:00,171.3617520544632
2012-03-26 11:00:00,194.9061028312248
2012-03-26 12:00:00,257.65760081525707
2012-03-26 13:00:00,233.81961197168647
2012-03-26 14:00:00,216.97158578390435
2012-03-26 15:00:00,234.56578987258658
2012-03-26 16:00:00,334.9483255639367
2012-03-26 17:00:00,645.0463323706857
2012-03-26 18:00:00,611.3106922753618
2012-03-26 19:00:00,424.3856907251285
2012-03-26 20:00:00,267.71126806573886
2012-03-26 21:00:00,175.83055901831133
2012-03-26 22:00:00,111.35221222038993
2012-03-26 23:00:00,51.5978436614785
2012-03-27 00:00:00,22.408610323356136
2012-03-27 01:00:00,7.855701584717252
2012-03-27 02:00:00,3.200793852537337
2012-03-27 03:00:00,1.866013155375561
2012-03-27 04:00:00,2.3962598502920978
2012-03-27 05:00:00,19.862852191798527
2012-03-27 06:00:00,112.06884022205818
2012-03-27 07:00:00,311.0510850291884
2012-03-27 08:00:00,509.81561431653444
2012-03-27 09:00:00,285.5528785663997
2012-03-27 10:00:00,143.29053406336422
2012-03-27 11:00:00,162.0406155302973
2012-03-27 12:00:00,196.12877687188944
2012-03-27 13:00:00,202.65690379445286
2012-03-27 14:00:00,193.80393068815886
2012-03-27 15:00:00,215.0913271091815
2012-03-27 16:00:00,337.1957053013697
2012-03-27 17:00:00,629.2992887850348
2012-03-27 18:00:00,624.6175329769255
2012-03-27 19:00:00,432.17913658203634
2012-03-27 20:00:00,305.4853508114776
2012-03-27 21:00:00,189.11731268170047
2012-03-27 22:00:00,134.80036774253327
2012-03-27 23:00:00,71.002246194851
2012-03-28 00:00:00,31.543085796465036
2012-03-28 01:00:00,10.529063078567875
2012-03-28 02:00:00,4.636092113112089
2012-03-28 03:00:00,2.7390255763930984
2012-03-28 04:00:00,2.8809187072567033
2012-03-28 05:00:00,25.388943090835372
2012-03-28 06:00:00,119.26656676198833
2012-03-28 07:00:00,380.1902716734629
2012-03-28 08:00:00,641.4013500663465
2012-03-28 09:00:00,323.16014412417917
2012-03-28 10:00:00,179.4834140451999
2012-03-28 11:00:00,215.92277214849716
2012-03-28 12:00:00,270.0848121491573
2012-03-28 13:00:00,277.0579313386502
2012-03-28 14:00:00,250.3770838124303
2012-03-28 15:00:00,268.30045947178803
2012-03-28 16:00:00,268.1618923132565
2012-03-28 17:00:00,731.9168830091266
2012-03-28 18:00:00,728.3012692670358
2012-03-28 19:00:00,546.0410036742899
2012-03-28 20:00:00,380.40557878277536
2012-03-28 21:00:00,280.81452231786625
2012-03-28 22:00:00,203.02110405233844
2012-03-28 23:00:00,116.41635907943957
2012-03-29 00:00:00,43.69721503645425
2012-03-29 01:00:00,20.262935131006508
2012-03-29 02:00:00,8.950116095655325
2012-03-29 03:00:00,4.612011789321402
2012-03-29 04:00:00,5.54033987572927
2012-03-29 05:00:00,34.918201057771086
2012-03-29 06:00:00,144.99587727078494
2012-03-29 07:00:00,425.5391441755853
2012-03-29 08:00:00,693.7144946687998
2012-03-29 09:00:00,360.85580412213324
2012-03-29 10:00:00,181.9031568616359
2012-03-29 11:00:00,219.98519560939374
2012-03-29 12:00:00,273.49873775261403
2012-03-29 13:00:00,241.61853090139158
2012-03-29 14:00:00,232.35923840006595
2012-03-29 15:00:00,266.5533951224476
2012-03-29 16:00:00,386.63169234832446
2012-03-29 17:00:00,700.5021336577252
2012-03-29 18:00:00,674.7658967760865
2012-03-29 19:00:00,476.81531953414617
2012-03-29 20:00:00,320.2154385290463
2012-03-29 21:00:00,215.65030890608068
2012-03-29 22:00:00,153.6874206384163
2012-03-29 23:00:00,89.45412064139386
2012-03-30 00:00:00,50.75279501214101
2012-03-30 01:00:00,26.724356855576836
2012-03-30 02:00:00,10.992715051093018
2012-03-30 03:00:00,5.4099220018312035
2012-03-30 04:00:00,4.486660074841217
2012-03-30 05:00:00,26.42186491350128
2012-03-30 06:00:00,107.55117827845015
2012-03-30 07:00:00,335.95261726190085
2012-03-30 08:00:00,632.5939936009402
2012-03-30 09:00:00,353.11992008838234
2012-03-30 10:00:00,178.88230628861695
2012-03-30 11:00:00,200.25418400031
2012-03-30 12:00:00,261.57424486819343
2012-03-30 13:00:00,161.9825009471861
2012-03-30 14:00:00,142.4304842100869
2012-03-30 15:00:00,158.1352208984305
2012-03-30 16:00:00,199.71296286638315
2012-03-30 17:00:00,576.3035651636072
2012-03-30 18:00:00,553.8633737520438
2012-03-30 19:00:00,382.62252430178603
2012-03-30 20:00:00,251.35812485832906
2012-03-30 21:00:00,188.4235099066567
2012-03-30 22:00:00,165.77614314431295
2012-03-30 23:00:00,122.67417362403863
2012-03-31 00:00:00,98.82010937161364
2012-03-31 01:00:00,69.29426355485482
2012-03-31 02:00:00,52.51051023791898
2012-03-31 03:00:00,27.247560425393157
2012-03-31 04:00:00,8.935253334545477
2012-03-31 05:00:00,9.26146873320393
2012-03-31 06:00:00,23.216378148554185
2012-03-31 07:00:00,58.22671711367401
2012-03-31 08:00:00,145.84472026847467
2012-03-31 09:00:00,213.7063772843266
2012-03-31 10:00:00,322.06016094670025
2012-03-31 11:00:00,455.042625533473
2012-03-31 12:00:00,517.149724923365
2012-03-31 13:00:00,574.5691723932582
2012-03-31 14:00:00,485.4043115555201
2012-03-31 15:00:00,497.76912591449417
2012-03-31 16:00:00,453.7377884791403
2012-03-31 17:00:00,465.75230451317947
2012-03-31 18:00:00,303.84737650840844
2012-03-31 19:00:00,294.9688346127091
2012-03-31 20:00:00,183.00059741513098
2012-03-31 21:00:00,153.00053151472383
2012-03-31 22:00:00,135.45680295333992
2012-03-31 23:00:00,91.77422204380359
2012-04-20 00:00:00,66.40199454469432
2012-04-20 01:00:00,33.37733107220194
2012-04-20 02:00:00,14.360169470738231
2012-04-20 03:00:00,7.105149793701836
2012-04-20 04:00:00,5.947396027979044
2012-04-20 05:00:00,27.63499047308246
2012-04-20 06:00:00,122.57613324751061
2012-04-20 07:00:00,350.0135926658736
2012-04-20 08:00:00,652.2646585286442
2012-04-20 09:00:00,388.8359346386398
2012-04-20 10:00:00,225.12015615294942
2012-04-20 11:00:00,290.3207049456313
2012-04-20 12:00:00,354.7132767824724
2012-04-20 13:00:00,374.1129633353023
2012-04-20 14:00:00,347.772847983578
2012-04-20 15:00:00,373.6756665532573
2012-04-20 16:00:00,531.8298953994796
2012-04-20 17:00:00,745.1452326860868
2012-04-20 18:00:00,652.0391519564266
2012-04-20 19:00:00,499.21001692451694
2012-04-20 20:00:00,331.67795941719584
2012-04-20 21:00:00,271.5823975747602
2012-04-20 22:00:00,224.76878099954175
2012-04-20 23:00:00,171.08457414985017
2012-04-21 00:00:00,127.81639652579322
2012-04-21 01:00:00,91.52048409194177
2012-04-21 02:00:00,73.5684694671919
2012-04-21 03:00:00,31.133596297140436
2012-04-21 04:00:00,10.291367332559785
2012-04-21 05:00:00,12.17276420521983
2012-04-21 06:00:00,34.25857453370806
2012-04-21 07:00:00,74.34763685105982
2012-04-21 08:00:00,192.8330745545778
2012-04-21 09:00:00,301.37930803017997
2012-04-21 10:00:00,411.0213622886971
2012-04-21 11:00:00,505.6794282456207
2012-04-21 12:00:00,603.0346848573516
2012-04-21 13:00:00,616.3082638312417
2012-04-21 14:00:00,606.4445954815053
2012-04-21 15:00:00,618.7514681554198
2012-04-21 16:00:00,598.9382875064543
2012-04-21 17:00:00,557.0805601576337
2012-04-21 18:00:00,454.24049117645535
2012-04-21 19:00:00,191.54646686653155
2012-04-21 20:00:00,90.81385083642935
2012-04-21 21:00:00,83.69640379173481
2012-04-21 22:00:00,175.59453575401162
2012-04-21 23:00:00,106.98066112498886
2012-04-22 00:00:00,100.09064225630803
2012-04-22 01:00:00,77.59736426685751
2012-04-22 02:00:00,63.16780226333359
2012-04-22 03:00:00,32.44000066702548
2012-04-22 04:00:00,10.588769490300477
2012-04-22 05:00:00,9.651297213562852
2012-04-22 06:00:00,18.224138323668008
2012-04-22 07:00:00,34.246801280906
2012-04-22 08:00:00,69.97598801962597
2012-04-22 09:00:00,99.17827716583115
2012-04-22 10:00:00,130.80896638381088
2012-04-22 11:00:00,149.64838616331713
2012-04-22 12:00:00,187.0104663632164
2012-04-22 13:00:00,201.81297188925177
2012-04-22 14:00:00,179.6932555245163
2012-04-22 15:00:00,171.31046535033823
2012-04-22 16:00:00,148.6460607373369
2012-04-22 17:00:00,112.26065993923821
2012-04-22 18:00:00,89.63616401412953
2012-04-22 19:00:00,70.20470991886394
2012-04-22 20:00:00,70.76038578504813
2012-04-22 21:00:00,61.845167430721276
2012-04-22 22:00:00,40.39718932606484
2012-04-22 23:00:00,35.4463414758266
2012-04-23 00:00:00,19.17336301290387
2012-04-23 01:00:00,7.314238518133675
2012-04-23 02:00:00,3.691341654594165
2012-04-23 03:00:00,2.208173411755044
2012-04-23 04:00:00,2.5522580417428267
2012-04-23 05:00:00,18.162780234915843
2012-04-23 06:00:00,99.31942174836365
2012-04-23 07:00:00,161.89301860402952
2012-04-23 08:00:00,548.5197413274611
2012-04-23 09:00:00,263.7712679128068
2012-04-23 10:00:00,127.66518125095102
2012-04-23 11:00:00,140.81709005586032
2012-04-23 12:00:00,87.65585013724848
2012-04-23 13:00:00,90.16251505064679
2012-04-23 14:00:00,84.53314605156515
2012-04-23 15:00:00,170.05147006538283
2012-04-23 16:00:00,106.15219244165212
2012-04-23 17:00:00,240.88874822994444
2012-04-23 18:00:00,328.07905029544435
2012-04-23 19:00:00,346.58192327513706
2012-04-23 20:00:00,238.4452979338467
2012-04-23 21:00:00,142.2166382135926
2012-04-23 22:00:00,113.41357326160275
2012-04-23 23:00:00,62.14631278637038
2012-04-24 00:00:00,26.289298836092392
2012-04-24 01:00:00,10.269493714676864
2012-04-24 02:00:00,4.3965534668520485
2012-04-24 03:00:00,2.3730657342527923
2012-04-24 04:00:00,2.7630080050161134
2012-04-24 05:00:00,24.30215086118655
2012-04-24 06:00:00,114.86008205594703
2012-04-24 07:00:00,362.3416196271642
2012-04-24 08:00:00,616.3004292853913
2012-04-24 09:00:00,315.2752490450616
2012-04-24 10:00:00,158.20232889634016
2012-04-24 11:00:00,195.4922865808727
2012-04-24 12:00:00,263.4498573444561
2012-04-24 13:00:00,253.4379415329072
2012-04-24 14:00:00,223.8097596993421
2012-04-24 15:00:00,250.9000331467615
2012-04-24 16:00:00,369.60018774848413
2012-04-24 17:00:00,695.8768654054071
2012-04-24 18:00:00,681.3225164779709
2012-04-24 19:00:00,484.4943821480951
2012-04-24 20:00:00,311.6493964861583
2012-04-24 21:00:00,222.62574940314994
2012-04-24 22:00:00,147.54127592013054
2012-04-24 23:00:00,79.49460966232438
2012-04-25 00:00:00,37.07628305939794
2012-04-25 01:00:00,13.304031116890249
2012-04-25 02:00:00,5.223726026141353
2012-04-25 03:00:00,2.6852297804528633
2012-04-25 04:00:00,3.142358673365078
2012-04-25 05:00:00,27.547792464881574
2012-04-25 06:00:00,120.12742287647498
2012-04-25 07:00:00,392.9207171361706
2012-04-25 08:00:00,668.8432378243643
2012-04-25 09:00:00,329.15231397645204
2012-04-25 10:00:00,190.2214516448161
2012-04-25 11:00:00,222.350164754613
2012-04-25 12:00:00,289.5513316622713
2012-04-25 13:00:00,281.13781048280237
2012-04-25 14:00:00,244.09903334020015
2012-04-25 15:00:00,285.63630762994245
2012-04-25 16:00:00,396.57046576716255
2012-04-25 17:00:00,724.2451756256925
2012-04-25 18:00:00,714.865898130197
2012-04-25 19:00:00,524.4100281296122
2012-04-25 20:00:00,365.381305580818
2012-04-25 21:00:00,272.3334203659098
2012-04-25 22:00:00,182.5507224910534
2012-04-25 23:00:00,102.91965157470825
2012-04-26 00:00:00,37.10616232199126
2012-04-26 01:00:00,18.07530701995617
2012-04-26 02:00:00,9.214206192053759
2012-04-26 03:00:00,4.698154475826344
2012-04-26 04:00:00,5.4865610960223865
2012-04-26 05:00:00,33.03284770173165
2012-04-26 06:00:00,137.20896417651846
2012-04-26 07:00:00,168.4152894134582
2012-04-26 08:00:00,409.7978039082031
2012-04-26 09:00:00,180.03368992521422
2012-04-26 10:00:00,154.59614904881718
2012-04-26 11:00:00,162.5110750666248
2012-04-26 12:00:00,205.92217264188906
2012-04-26 13:00:00,188.4096260814901
2012-04-26 14:00:00,206.91293972912908
2012-04-26 15:00:00,175.59738026784993
2012-04-26 16:00:00,281.5493315139244
2012-04-26 17:00:00,658.0754955501643
2012-04-26 18:00:00,611.3117108819711
2012-04-26 19:00:00,441.06241735309675
2012-04-26 20:00:00,349.17115574500406
2012-04-26 21:00:00,222.64004519091796
2012-04-26 22:00:00,185.53647415620748
2012-04-26 23:00:00,110.11696204076436
2012-04-27 00:00:00,64.52747625896214
2012-04-27 01:00:00,32.466002984352315
2012-04-27 02:00:00,16.196133108830608
2012-04-27 03:00:00,7.042804491909263
2012-04-27 04:00:00,5.697072942105905
2012-04-27 05:00:00,29.373719617946637
2012-04-27 06:00:00,114.65384418578455
2012-04-27 07:00:00,343.4554006367865
2012-04-27 08:00:00,657.2474234398928
2012-04-27 09:00:00,365.67692697152177
2012-04-27 10:00:00,199.74385241764884
2012-04-27 11:00:00,239.06414468883574
2012-04-27 12:00:00,325.72906802199
2012-04-27 13:00:00,328.95929051544795
2012-04-27 14:00:00,302.33115589465194
2012-04-27 15:00:00,345.425684817337
2012-04-27 16:00:00,473.0365648342349
2012-04-27 17:00:00,711.2406218237641
2012-04-27 18:00:00,598.4848349167826
2012-04-27 19:00:00,424.56153236044287
2012-04-27 20:00:00,274.87753069982597
2012-04-27 21:00:00,188.72231998968724
2012-04-27 22:00:00,174.34517531146324
2012-04-27 23:00:00,127.6515007085911
2012-04-28 00:00:00,102.09690259686738
2012-04-28 01:00:00,65.7895817930856
2012-04-28 02:00:00,53.721967272371984
2012-04-28 03:00:00,24.14920185729346
2012-04-28 04:00:00,7.882727888589416
2012-04-28 05:00:00,7.798700878567017
2012-04-28 06:00:00,23.833704050246972
2012-04-28 07:00:00,58.96764310820077
2012-04-28 08:00:00,169.37473258890202
2012-04-28 09:00:00,215.22235110604976
2012-04-28 10:00:00,331.2554777887805
2012-04-28 11:00:00,401.7193990381788
2012-04-28 12:00:00,459.61601186791023
2012-04-28 13:00:00,488.4800749477169
2012-04-28 14:00:00,529.0106124021671
2012-04-28 15:00:00,514.8428070594989
2012-04-28 16:00:00,474.51491411035124
2012-04-28 17:00:00,431.63175801933244
2012-04-28 18:00:00,203.8063047971917
2012-04-28 19:00:00,151.99546540749873
2012-04-28 20:00:00,182.72780953684642
2012-04-28 21:00:00,91.99057748384092
2012-04-28 22:00:00,134.57931210957122
2012-04-28 23:00:00,105.51502626230572
2012-04-29 00:00:00,65.37076626706599
2012-04-29 01:00:00,77.43792173245042
2012-04-29 02:00:00,55.64766643979793
2012-04-29 03:00:00,28.054529401671815
2012-04-29 04:00:00,8.398157325229086
2012-04-29 05:00:00,8.206314523853155
2012-04-29 06:00:00,18.6940739433144
2012-04-29 07:00:00,41.020967636580835
2012-04-29 08:00:00,108.96438528875191
2012-04-29 09:00:00,189.79166945542676
2012-04-29 10:00:00,331.74854053835054
2012-04-29 11:00:00,430.62357821987894
2012-04-29 12:00:00,559.2860705145915
2012-04-29 13:00:00,556.9137369818185
2012-04-29 14:00:00,551.7467800352384
2012-04-29 15:00:00,566.9229965731155
2012-04-29 16:00:00,543.6744760787292
2012-04-29 17:00:00,506.8774540105731
2012-04-29 18:00:00,421.89280799421675
2012-04-29 19:00:00,351.7798720733176
2012-04-29 20:00:00,262.7331965702653
2012-04-29 21:00:00,184.00724383866824
2012-04-29 22:00:00,126.41611780014095
2012-04-29 23:00:00,78.79539682408364
2012-04-30 00:00:00,33.95823344216481
2012-04-30 01:00:00,14.523563082283944
2012-04-30 02:00:00,8.107620854448983
2012-04-30 03:00:00,3.9498372523333303
2012-04-30 04:00:00,3.326670221424648
2012-04-30 05:00:00,25.778353537800346
2012-04-30 06:00:00,119.4651071487676
2012-04-30 07:00:00,386.32730877022203
2012-04-30 08:00:00,667.2351976938941
2012-04-30 09:00:00,310.1440959747433
2012-04-30 10:00:00,153.78762186939562
2012-04-30 11:00:00,172.6124950405675
2012-04-30 12:00:00,219.11416340908505
2012-04-30 13:00:00,230.97941609511025
2012-04-30 14:00:00,210.5239126274858
2012-04-30 15:00:00,242.67246468266327
2012-04-30 16:00:00,388.5603491884293
2012-04-30 17:00:00,723.2918351288084
2012-04-30 18:00:00,668.0452453947654
2012-04-30 19:00:00,464.1996485587083
2012-04-30 20:00:00,317.88582928515154
2012-04-30 21:00:00,234.69555240751345
2012-04-30 22:00:00,156.21725676547226
2012-04-30 23:00:00,78.66125577429017
2012-05-20 00:00:00,143.9210466671969
2012-05-20 01:00:00,109.83866950866354
2012-05-20 02:00:00,82.18910623100734
2012-05-20 03:00:00,38.846775798471825
2012-05-20 04:00:00,13.288167721758004
2012-05-20 05:00:00,13.260343792563512
2012-05-20 06:00:00,24.680818224378957
2012-05-20 07:00:00,59.25892603090615
2012-05-20 08:00:00,144.45596636755008
2012-05-20 09:00:00,272.3092910829928
2012-05-20 10:00:00,429.0448285850161
2012-05-20 11:00:00,536.8276471849263
2012-05-20 12:00:00,619.3368929050474
2012-05-20 13:00:00,625.1404258397876
2012-05-20 14:00:00,605.1653545240844
2012-05-20 15:00:00,567.2808296828525
2012-05-20 16:00:00,581.2856004457078
2012-05-20 17:00:00,552.4567966012937
2012-05-20 18:00:00,468.43264232766614
2012-05-20 19:00:00,390.26280083984943
2012-05-20 20:00:00,301.77624948251866
2012-05-20 21:00:00,207.3522203240251
2012-05-20 22:00:00,144.9073217431146
2012-05-20 23:00:00,65.5285478433807
2012-05-21 00:00:00,23.344792966180197
2012-05-21 01:00:00,9.90943844296088
2012-05-21 02:00:00,5.209426216331288
2012-05-21 03:00:00,4.144256777577429
2012-05-21 04:00:00,4.337691295294383
2012-05-21 05:00:00,21.906874675322292
2012-05-21 06:00:00,71.72720615383783
2012-05-21 07:00:00,153.32417170787429
2012-05-21 08:00:00,279.92040010359875
2012-05-21 09:00:00,149.2506823023255
2012-05-21 10:00:00,76.25621284700394
2012-05-21 11:00:00,162.91350188654457
2012-05-21 12:00:00,183.62815382013662
2012-05-21 13:00:00,101.17121462795342
2012-05-21 14:00:00,95.86503427675204
2012-05-21 15:00:00,244.29121122540406
2012-05-21 16:00:00,367.5255183915376
2012-05-21 17:00:00,682.5361544944883
2012-05-21 18:00:00,690.5813425576305
2012-05-21 19:00:00,532.8409031949698
2012-05-21 20:00:00,368.0320088532284
2012-05-21 21:00:00,275.2646656956203
2012-05-21 22:00:00,163.27000145155176
2012-05-21 23:00:00,91.72535122840023
2012-05-22 00:00:00,37.7669739906373
2012-05-22 01:00:00,14.409125046050551
2012-05-22 02:00:00,7.578323619792547
2012-05-22 03:00:00,5.118782771095357
2012-05-22 04:00:00,5.677328223287379
2012-05-22 05:00:00,23.402256090650052
2012-05-22 06:00:00,80.67231038736014
2012-05-22 07:00:00,188.85594546916596
2012-05-22 08:00:00,570.2026425714305
2012-05-22 09:00:00,306.6539248272667
2012-05-22 10:00:00,169.34843873520384
2012-05-22 11:00:00,184.5075375404896
2012-05-22 12:00:00,239.90945081390748
2012-05-22 13:00:00,235.31742378166453
2012-05-22 14:00:00,217.35148066871693
2012-05-22 15:00:00,277.0864672770341
2012-05-22 16:00:00,424.74868599674846
2012-05-22 17:00:00,771.9488300726393
2012-05-22 18:00:00,747.1598094773519
2012-05-22 19:00:00,539.4465833799038
2012-05-22 20:00:00,373.9210799223149
2012-05-22 21:00:00,274.80913720942897
2012-05-22 22:00:00,196.59946175000073
2012-05-22 23:00:00,113.32673094704765
2012-05-23 00:00:00,49.84913707564551
2012-05-23 01:00:00,18.112555869858546
2012-05-23 02:00:00,8.058340103062669
2012-05-23 03:00:00,6.288483630013131
2012-05-23 04:00:00,5.248475048816615
2012-05-23 05:00:00,23.55834666741095
2012-05-23 06:00:00,161.03649202221078
2012-05-23 07:00:00,433.18461184183144
2012-05-23 08:00:00,621.1938370225678
2012-05-23 09:00:00,340.0305241807459
2012-05-23 10:00:00,198.72647254570077
2012-05-23 11:00:00,225.82901072265415
2012-05-23 12:00:00,271.40885684572993
2012-05-23 13:00:00,252.57238586530494
2012-05-23 14:00:00,255.90811703886726
2012-05-23 15:00:00,258.0715223497213
2012-05-23 16:00:00,270.63080039200065
2012-05-23 17:00:00,482.4323435683248
2012-05-23 18:00:00,491.74621863880344
2012-05-23 19:00:00,375.79805095441395
2012-05-23 20:00:00,265.5755889152961
2012-05-23 21:00:00,195.04537557624195
2012-05-23 22:00:00,160.59539456971524
2012-05-23 23:00:00,121.53286042994367
2012-05-24 00:00:00,52.20550768475274
2012-05-24 01:00:00,18.751900718802894
2012-05-24 02:00:00,9.470134304363345
2012-05-24 03:00:00,5.408917822733599
2012-05-24 04:00:00,6.0608849882597555
2012-05-24 05:00:00,33.08871536314396
2012-05-24 06:00:00,138.25649061283332
2012-05-24 07:00:00,449.75754693937944
2012-05-24 08:00:00,716.1152170821197
2012-05-24 09:00:00,379.78828628482074
2012-05-24 10:00:00,211.36141622154486
2012-05-24 11:00:00,242.66456906838644
2012-05-24 12:00:00,307.4441723069334
2012-05-24 13:00:00,294.9758693997669
2012-05-24 14:00:00,256.6508768618873
2012-05-24 15:00:00,285.92634641697646
2012-05-24 16:00:00,427.7142499397598
2012-05-24 17:00:00,765.5940350503384
2012-05-24 18:00:00,773.021742586358
2012-05-24 19:00:00,555.3196472719967
2012-05-24 20:00:00,376.65732702099945
2012-05-24 21:00:00,161.77578945141076
2012-05-24 22:00:00,187.8088170233706
2012-05-24 23:00:00,124.1776851022315
2012-05-25 00:00:00,80.76812251232346
2012-05-25 01:00:00,36.875857116861496
2012-05-25 02:00:00,14.649935911234255
2012-05-25 03:00:00,7.2993061738024405
2012-05-25 04:00:00,7.102152166129026
2012-05-25 05:00:00,33.41659371996422
2012-05-25 06:00:00,135.138589367556
2012-05-25 07:00:00,356.7129372691186
2012-05-25 08:00:00,618.9449730992633
2012-05-25 09:00:00,351.9281067695441
2012-05-25 10:00:00,238.3072820876463
2012-05-25 11:00:00,273.3932248966671
2012-05-25 12:00:00,350.96167699468305
2012-05-25 13:00:00,360.03566910580975
2012-05-25 14:00:00,335.18694724871176
2012-05-25 15:00:00,348.57618856208063
2012-05-25 16:00:00,496.1792998853631
2012-05-25 17:00:00,704.6152429595027
2012-05-25 18:00:00,623.9857090611431
2012-05-25 19:00:00,501.65231396219554
2012-05-25 20:00:00,356.5037921558226
2012-05-25 21:00:00,298.2256221996113
2012-05-25 22:00:00,260.4659692526101
2012-05-25 23:00:00,195.3508395802954
2012-05-26 00:00:00,150.40839241974118
2012-05-26 01:00:00,111.71612941451077
2012-05-26 02:00:00,84.90797079485495
2012-05-26 03:00:00,35.150371950360196
2012-05-26 04:00:00,11.79024909525538
2012-05-26 05:00:00,12.714129233220438
2012-05-26 06:00:00,32.4992568593689
2012-05-26 07:00:00,74.07970763558252
2012-05-26 08:00:00,198.59602394101282
2012-05-26 09:00:00,252.2572514791898
2012-05-26 10:00:00,390.95431496207294
2012-05-26 11:00:00,499.1479644732182
2012-05-26 12:00:00,536.070561150688
2012-05-26 13:00:00,529.6426991190172
2012-05-26 14:00:00,517.1323155330954
2012-05-26 15:00:00,521.980022053554
2012-05-26 16:00:00,517.5348241797768
2012-05-26 17:00:00,522.7204268256821
2012-05-26 18:00:00,467.50839669074634
2012-05-26 19:00:00,393.17333229997104
2012-05-26 20:00:00,327.79304744919705
2012-05-26 21:00:00,264.79959149519914
2012-05-26 22:00:00,231.06786686009065
2012-05-26 23:00:00,177.36383479312298
2012-05-27 00:00:00,143.0111020129371
2012-05-27 01:00:00,121.23224944590427
2012-05-27 02:00:00,85.43638063023
2012-05-27 03:00:00,40.82465382097536
2012-05-27 04:00:00,12.025300680547188
2012-05-27 05:00:00,12.667044416194388
2012-05-27 06:00:00,24.339118453925774
2012-05-27 07:00:00,55.990311333280445
2012-05-27 08:00:00,123.19406519741621
2012-05-27 09:00:00,213.53745541089964
2012-05-27 10:00:00,401.7184923829344
2012-05-27 11:00:00,482.7793820150024
2012-05-27 12:00:00,513.4147392350591
2012-05-27 13:00:00,526.4985595034802
2012-05-27 14:00:00,512.3291180145889
2012-05-27 15:00:00,522.5834398555396
2012-05-27 16:00:00,509.08096907116413
2012-05-27 17:00:00,518.7507134576553
2012-05-27 18:00:00,439.0942359979437
2012-05-27 19:00:00,386.6818194990756
2012-05-27 20:00:00,310.05389965590535
2012-05-27 21:00:00,142.86091441288022
2012-05-27 22:00:00,79.46288872539799
2012-05-27 23:00:00,66.22552579689739
2012-05-28 00:00:00,94.48400511269206
2012-05-28 01:00:00,46.750583661727624
2012-05-28 02:00:00,35.3849424282006
2012-05-28 03:00:00,17.32244644126347
2012-05-28 04:00:00,11.6905748053955
2012-05-28 05:00:00,17.584191882302562
2012-05-28 06:00:00,56.417724902657994
2012-05-28 07:00:00,129.35879259597002
2012-05-28 08:00:00,285.98247321315506
2012-05-28 09:00:00,330.0479514245021
2012-05-28 10:00:00,344.4218661398466
2012-05-28 11:00:00,402.8234856439318
2012-05-28 12:00:00,395.35017853247274
2012-05-28 13:00:00,371.71733221412103
2012-05-28 14:00:00,369.1822727257243
2012-05-28 15:00:00,383.163209042771
2012-05-28 16:00:00,407.25041359663027
2012-05-28 17:00:00,529.1277833319295
2012-05-28 18:00:00,502.94821465678234
2012-05-28 19:00:00,473.2295034767521
2012-05-28 20:00:00,350.52503764814645
2012-05-28 21:00:00,255.5109157314851
2012-05-28 22:00:00,209.4436868021582
2012-05-28 23:00:00,132.78099796048963
2012-05-29 00:00:00,40.32890767941763
2012-05-29 01:00:00,16.738284270096877
2012-05-29 02:00:00,8.811483433730622
2012-05-29 03:00:00,5.322146014605261
2012-05-29 04:00:00,7.114427017329701
2012-05-29 05:00:00,35.03869520891209
2012-05-29 06:00:00,160.8786819994246
2012-05-29 07:00:00,443.75597391033574
2012-05-29 08:00:00,645.0699080683931
2012-05-29 09:00:00,350.6534788049677
2012-05-29 10:00:00,180.23659619706558
2012-05-29 11:00:00,212.54054189200158
2012-05-29 12:00:00,266.7036879725079
2012-05-29 13:00:00,253.49408420787807
2012-05-29 14:00:00,227.22363349183297
2012-05-29 15:00:00,255.6006646913661
2012-05-29 16:00:00,398.9250804846912
2012-05-29 17:00:00,762.8624528858147
2012-05-29 18:00:00,745.5758495832995
2012-05-29 19:00:00,543.868781695892
2012-05-29 20:00:00,236.84531151774908
2012-05-29 21:00:00,81.12514335905077
2012-05-29 22:00:00,137.1097223756147
2012-05-29 23:00:00,61.796845517303
2012-05-30 00:00:00,37.82148964422288
2012-05-30 01:00:00,12.87301113567597
2012-05-30 02:00:00,6.449490642853278
2012-05-30 03:00:00,4.491812813622911
2012-05-30 04:00:00,5.901831518822542
2012-05-30 05:00:00,36.7292043991943
2012-05-30 06:00:00,154.1977995765885
2012-05-30 07:00:00,239.6784971025614
2012-05-30 08:00:00,685.6052697565583
2012-05-30 09:00:00,351.0056931341741
2012-05-30 10:00:00,183.52414493393061
2012-05-30 11:00:00,217.74390163380946
2012-05-30 12:00:00,302.9346581097872
2012-05-30 13:00:00,290.64928435121016
2012-05-30 14:00:00,269.2227377938335
2012-05-30 15:00:00,289.7747215246844
2012-05-30 16:00:00,440.01991817107506
2012-05-30 17:00:00,791.9491123337699
2012-05-30 18:00:00,792.948790087645
2012-05-30 19:00:00,575.7467959288803
2012-05-30 20:00:00,351.90762486305067
2012-05-30 21:00:00,318.3864379797662
2012-05-30 22:00:00,227.01599638533008
2012-05-30 23:00:00,139.2397288550466
2012-05-31 00:00:00,55.149176738386025
2012-05-31 01:00:00,21.631560824109165
2012-05-31 02:00:00,10.2602267282799
2012-05-31 03:00:00,5.9386267281518395
2012-05-31 04:00:00,7.0111314131191635
2012-05-31 05:00:00,38.22496401311786
2012-05-31 06:00:00,170.97761115621478
2012-05-31 07:00:00,478.1786192580942
2012-05-31 08:00:00,739.8548151281042
2012-05-31 09:00:00,380.1010996221333
2012-05-31 10:00:00,215.2375917208671
2012-05-31 11:00:00,248.22683416422487
2012-05-31 12:00:00,316.87622074595726
2012-05-31 13:00:00,306.68927020053206
2012-05-31 14:00:00,268.586117834947
2012-05-31 15:00:00,295.3047643547375
2012-05-31 16:00:00,447.5987507212095
2012-05-31 17:00:00,822.6023583913202
2012-05-31 18:00:00,809.3537069848842
2012-05-31 19:00:00,597.3473016254324
2012-05-31 20:00:00,432.0754268648933
2012-05-31 21:00:00,332.45352505026796
2012-05-31 22:00:00,244.29477129045824
2012-05-31 23:00:00,150.70212382790777
2012-06-20 00:00:00,48.775006155328825
2012-06-20 01:00:00,20.270961872287984
2012-06-20 02:00:00,9.846793335348075
2012-06-20 03:00:00,6.42965787804026
2012-06-20 04:00:00,7.423722317933445
2012-06-20 05:00:00,38.88633842938918
2012-06-20 06:00:00,145.62745776602452
2012-06-20 07:00:00,422.2515934107599
2012-06-20 08:00:00,637.027470435236
2012-06-20 09:00:00,324.62879337625276
2012-06-20 10:00:00,188.83421681877937
2012-06-20 11:00:00,206.54588230546642
2012-06-20 12:00:00,250.52970034529613
2012-06-20 13:00:00,242.3833208265816
2012-06-20 14:00:00,220.6994741477061
2012-06-20 15:00:00,230.96097176110095
2012-06-20 16:00:00,361.0632800240299
2012-06-20 17:00:00,662.2419015915963
2012-06-20 18:00:00,662.0208222775323
2012-06-20 19:00:00,517.6885637106185
2012-06-20 20:00:00,407.4126912443939
2012-06-20 21:00:00,314.1942798169205
2012-06-20 22:00:00,236.12336918979705
2012-06-20 23:00:00,142.95527001662958
2012-06-21 00:00:00,57.024236081498415
2012-06-21 01:00:00,21.00137761232321
2012-06-21 02:00:00,9.786149099219774
2012-06-21 03:00:00,5.8534704813787135
2012-06-21 04:00:00,7.7640937605534805
2012-06-21 05:00:00,41.1611705763552
2012-06-21 06:00:00,169.95809367737067
2012-06-21 07:00:00,454.1090427984521
2012-06-21 08:00:00,614.9558894254999
2012-06-21 09:00:00,329.5123764587413
2012-06-21 10:00:00,186.42341091881758
2012-06-21 11:00:00,214.20074014299806
2012-06-21 12:00:00,250.13476334369588
2012-06-21 13:00:00,234.07461736546458
2012-06-21 14:00:00,226.76069345421212
2012-06-21 15:00:00,226.40428917739536
2012-06-21 16:00:00,363.4874171270718
2012-06-21 17:00:00,726.0718407890388
2012-06-21 18:00:00,758.2122952035191
2012-06-21 19:00:00,505.6316710393682
2012-06-21 20:00:00,402.3707847443152
2012-06-21 21:00:00,329.52586231539664
2012-06-21 22:00:00,234.2114263931649
2012-06-21 23:00:00,150.12610033886443
2012-06-22 00:00:00,83.11085453026685
2012-06-22 01:00:00,39.215999457600475
2012-06-22 02:00:00,17.328311384775432
2012-06-22 03:00:00,7.65114101301527
2012-06-22 04:00:00,7.5211011539772485
2012-06-22 05:00:00,35.50825957586563
2012-06-22 06:00:00,142.05181685360253
2012-06-22 07:00:00,390.04503934429715
2012-06-22 08:00:00,622.9637692795661
2012-06-22 09:00:00,369.77687614567833
2012-06-22 10:00:00,230.88707574662914
2012-06-22 11:00:00,279.7832221842459
2012-06-22 12:00:00,307.55356196664246
2012-06-22 13:00:00,309.1173355869779
2012-06-22 14:00:00,288.0076046670298
2012-06-22 15:00:00,309.9735970484137
2012-06-22 16:00:00,433.728867856373
2012-06-22 17:00:00,752.1432230089513
2012-06-22 18:00:00,610.4468989110071
2012-06-22 19:00:00,482.20905397432557
2012-06-22 20:00:00,340.619095737051
2012-06-22 21:00:00,221.2598305177536
2012-06-22 22:00:00,258.37274972745314
2012-06-22 23:00:00,180.11368939147533
2012-06-23 00:00:00,145.2741512879783
2012-06-23 01:00:00,120.81540766671417
2012-06-23 02:00:00,73.60298599184988
2012-06-23 03:00:00,33.23882771212195
2012-06-23 04:00:00,10.168731541392258
2012-06-23 05:00:00,10.376714991792408
2012-06-23 06:00:00,30.189323621126583
2012-06-23 07:00:00,72.75986559459375
2012-06-23 08:00:00,196.41782511927505
2012-06-23 09:00:00,293.02177833287294
2012-06-23 10:00:00,419.3692503959556
2012-06-23 11:00:00,524.4363221436008
2012-06-23 12:00:00,557.1328431739639
2012-06-23 13:00:00,571.6968555160632
2012-06-23 14:00:00,592.3230581706053
2012-06-23 15:00:00,537.7152462201635
2012-06-23 16:00:00,539.9525783063802
2012-06-23 17:00:00,557.609173718243
2012-06-23 18:00:00,489.9237149287638
2012-06-23 19:00:00,430.9370590570404
2012-06-23 20:00:00,353.9808894287102
2012-06-23 21:00:00,296.48406944426154
2012-06-23 22:00:00,255.20574258049803
2012-06-23 23:00:00,197.1034970151343
2012-06-24 00:00:00,160.1105549095989
2012-06-24 01:00:00,132.23437896779814
2012-06-24 02:00:00,94.00176587840198
2012-06-24 03:00:00,43.09301903579067
2012-06-24 04:00:00,12.46987580671218
2012-06-24 05:00:00,12.743150452267848
2012-06-24 06:00:00,23.424518747330307
2012-06-24 07:00:00,57.221191681131735
2012-06-24 08:00:00,139.78240209764823
2012-06-24 09:00:00,262.95739559362465
2012-06-24 10:00:00,399.71696994026416
2012-06-24 11:00:00,503.51941798458427
2012-06-24 12:00:00,544.673319607396
2012-06-24 13:00:00,553.4014018515061
2012-06-24 14:00:00,519.3194782397977
2012-06-24 15:00:00,500.82488881584516
2012-06-24 16:00:00,496.3288488106322
2012-06-24 17:00:00,493.8834219688213
2012-06-24 18:00:00,449.9132951101285
2012-06-24 19:00:00,387.7039129922824
2012-06-24 20:00:00,306.5160249689619
2012-06-24 21:00:00,232.46322708998386
2012-06-24 22:00:00,174.46834779060643
2012-06-24 23:00:00,111.26299206976846
2012-06-25 00:00:00,43.41297128733099
2012-06-25 01:00:00,18.76096726773104
2012-06-25 02:00:00,9.662325028330851
2012-06-25 03:00:00,5.675006128334252
2012-06-25 04:00:00,7.864432090410469
2012-06-25 05:00:00,37.42194673356735
2012-06-25 06:00:00,154.59096189575558
2012-06-25 07:00:00,444.24664916637516
2012-06-25 08:00:00,653.5592527463336
2012-06-25 09:00:00,345.30338627557387
2012-06-25 10:00:00,189.85381848737995
2012-06-25 11:00:00,213.1489249507023
2012-06-25 12:00:00,285.9334241035547
2012-06-25 13:00:00,287.8162633570847
2012-06-25 14:00:00,240.4061805185477
2012-06-25 15:00:00,280.28981152939974
2012-06-25 16:00:00,428.365265448439
2012-06-25 17:00:00,821.4880545252834
2012-06-25 18:00:00,812.1127437504508
2012-06-25 19:00:00,581.9450908200387
2012-06-25 20:00:00,416.3987253008566
2012-06-25 21:00:00,309.7496803918953
2012-06-25 22:00:00,197.66076927188726
2012-06-25 23:00:00,105.07461306220031
2012-06-26 00:00:00,41.32843933469802
2012-06-26 01:00:00,15.949457195907577
2012-06-26 02:00:00,8.28452748216247
2012-06-26 03:00:00,4.793026606258904
2012-06-26 04:00:00,7.17977411875781
2012-06-26 05:00:00,35.74825129732699
2012-06-26 06:00:00,161.7024760310223
2012-06-26 07:00:00,460.24361256714644
2012-06-26 08:00:00,725.9899883038179
2012-06-26 09:00:00,368.631415164357
2012-06-26 10:00:00,206.75660836761529
2012-06-26 11:00:00,239.64082945837467
2012-06-26 12:00:00,316.12412308634686
2012-06-26 13:00:00,300.5378598436722
2012-06-26 14:00:00,267.95418483356593
2012-06-26 15:00:00,301.00310031825745
2012-06-26 16:00:00,456.5624488146777
2012-06-26 17:00:00,844.4043895503737
2012-06-26 18:00:00,825.4564582907198
2012-06-26 19:00:00,603.4766997970214
2012-06-26 20:00:00,427.23403094206736
2012-06-26 21:00:00,330.825574609503
2012-06-26 22:00:00,223.0365553554335
2012-06-26 23:00:00,127.42031527178142
2012-06-27 00:00:00,51.70522950849663
2012-06-27 01:00:00,18.89000408818084
2012-06-27 02:00:00,8.885065343441275
2012-06-27 03:00:00,5.096404905425525
2012-06-27 04:00:00,7.17581411697459
2012-06-27 05:00:00,39.59017856788434
2012-06-27 06:00:00,167.2436281707167
2012-06-27 07:00:00,478.5347414071029
2012-06-27 08:00:00,732.0744922095885
2012-06-27 09:00:00,368.8922867546373
2012-06-27 10:00:00,219.36485070530333
2012-06-27 11:00:00,244.5962758678419
2012-06-27 12:00:00,315.1925110275075
2012-06-27 13:00:00,285.0251690228601
2012-06-27 14:00:00,267.32190209755515
2012-06-27 15:00:00,288.83398244288946
2012-06-27 16:00:00,440.2968402126357
2012-06-27 17:00:00,819.1546901746296
2012-06-27 18:00:00,806.3235383717595
2012-06-27 19:00:00,586.2565170475073
2012-06-27 20:00:00,441.5116032186463
2012-06-27 21:00:00,336.816368084854
2012-06-27 22:00:00,243.07061481986312
2012-06-27 23:00:00,149.46689385202967
2012-06-28 00:00:00,60.35490225306632
2012-06-28 01:00:00,23.211881254787443
2012-06-28 02:00:00,11.984847067943416
2012-06-28 03:00:00,6.764471310919247
2012-06-28 04:00:00,8.147538246592685
2012-06-28 05:00:00,41.97208527279356
2012-06-28 06:00:00,176.83267285304984
2012-06-28 07:00:00,476.1558116792255
2012-06-28 08:00:00,717.3832589392171
2012-06-28 09:00:00,373.0621135146797
2012-06-28 10:00:00,217.7295671472916
2012-06-28 11:00:00,231.087887558367
2012-06-28 12:00:00,292.5830587898217
2012-06-28 13:00:00,275.3590346094259
2012-06-28 14:00:00,253.84511535068503
2012-06-28 15:00:00,281.69333274210555
2012-06-28 16:00:00,419.45376245009714
2012-06-28 17:00:00,777.4592157097302
2012-06-28 18:00:00,785.414067428957
2012-06-28 19:00:00,554.4292216045161
2012-06-28 20:00:00,430.62214167863505
2012-06-28 21:00:00,333.1062997494639
2012-06-28 22:00:00,245.75073777313295
2012-06-28 23:00:00,159.50986830907954
2012-06-29 00:00:00,95.47318572674023
2012-06-29 01:00:00,43.39571890355339
2012-06-29 02:00:00,18.996439950096235
2012-06-29 03:00:00,8.525621788399706
2012-06-29 04:00:00,8.432761185019203
2012-06-29 05:00:00,39.19440935989506
2012-06-29 06:00:00,149.62472962525632
2012-06-29 07:00:00,396.5681810350107
2012-06-29 08:00:00,643.6861910688081
2012-06-29 09:00:00,368.9861254426394
2012-06-29 10:00:00,209.2478124982525
2012-06-29 11:00:00,244.88096359109642
2012-06-29 12:00:00,289.020060362127
2012-06-29 13:00:00,269.632041494497
2012-06-29 14:00:00,252.4293981030031
2012-06-29 15:00:00,259.8679361076743
2012-06-29 16:00:00,333.8126327262342
2012-06-29 17:00:00,522.8939924034802
2012-06-29 18:00:00,430.2741371617518
2012-06-29 19:00:00,400.9955009457876
2012-06-29 20:00:00,302.09202683384956
2012-06-29 21:00:00,270.1830049709831
2012-06-29 22:00:00,184.4732564818907
2012-06-29 23:00:00,144.66431061527317
2012-06-30 00:00:00,83.55237545163976
2012-06-30 01:00:00,76.84614508840447
2012-06-30 02:00:00,73.25709444631256
2012-06-30 03:00:00,33.76777932626964
2012-06-30 04:00:00,9.909652252232975
2012-06-30 05:00:00,11.900133345373462
2012-06-30 06:00:00,30.094542510261363
2012-06-30 07:00:00,76.0538192117892
2012-06-30 08:00:00,174.28883596405882
2012-06-30 09:00:00,240.23513111472226
2012-06-30 10:00:00,367.01720031915966
2012-06-30 11:00:00,450.3256348202192
2012-06-30 12:00:00,518.4585879708696
2012-06-30 13:00:00,524.4934649990289
2012-06-30 14:00:00,512.9944801290037
2012-06-30 15:00:00,506.1180782393402
2012-06-30 16:00:00,459.2836763784603
2012-06-30 17:00:00,488.86950840447423
2012-06-30 18:00:00,405.73274752920975
2012-06-30 19:00:00,407.8948825386661
2012-06-30 20:00:00,346.5969127918943
2012-06-30 21:00:00,293.7242322944994
2012-06-30 22:00:00,236.40418494163924
2012-06-30 23:00:00,181.27973884876445
2012-07-20 00:00:00,69.56073585251715
2012-07-20 01:00:00,41.85012566587973
2012-07-20 02:00:00,16.66175464605529
2012-07-20 03:00:00,7.975702562900488
2012-07-20 04:00:00,8.509817658693835
2012-07-20 05:00:00,38.541320502898316
2012-07-20 06:00:00,142.66565504168452
2012-07-20 07:00:00,367.92723838417976
2012-07-20 08:00:00,567.9995960056829
2012-07-20 09:00:00,367.19897342080475
2012-07-20 10:00:00,213.39612925395306
2012-07-20 11:00:00,200.97326611054388
2012-07-20 12:00:00,175.06430366062338
2012-07-20 13:00:00,174.55414067410376
2012-07-20 14:00:00,177.09348160494267
2012-07-20 15:00:00,269.7769776625039
2012-07-20 16:00:00,340.06493616148475
2012-07-20 17:00:00,427.96468747409745
2012-07-20 18:00:00,474.3938155230034
2012-07-20 19:00:00,300.174004903803
2012-07-20 20:00:00,122.58677669960932
2012-07-20 21:00:00,109.94959971003712
2012-07-20 22:00:00,166.12668729302098
2012-07-20 23:00:00,138.54405352705126
2012-07-21 00:00:00,83.60123291257794
2012-07-21 01:00:00,96.19357498678686
2012-07-21 02:00:00,49.04014124975695
2012-07-21 03:00:00,22.575076503365437
2012-07-21 04:00:00,7.186153432973524
2012-07-21 05:00:00,7.742839167833065
2012-07-21 06:00:00,19.54914890080593
2012-07-21 07:00:00,65.76945154114777
2012-07-21 08:00:00,164.2056928151564
2012-07-21 09:00:00,229.53656802472395
2012-07-21 10:00:00,165.60689627673736
2012-07-21 11:00:00,362.0930382604681
2012-07-21 12:00:00,231.69380433388844
2012-07-21 13:00:00,242.56223288429197
2012-07-21 14:00:00,338.7374327575207
2012-07-21 15:00:00,192.63602246550576
2012-07-21 16:00:00,186.81566575241078
2012-07-21 17:00:00,184.17106475971713
2012-07-21 18:00:00,255.75397129790923
2012-07-21 19:00:00,242.32139707901425
2012-07-21 20:00:00,110.21385619746626
2012-07-21 21:00:00,168.70103954211592
2012-07-21 22:00:00,147.1141487860262
2012-07-21 23:00:00,118.81247765392938
2012-07-22 00:00:00,116.36851365516607
2012-07-22 01:00:00,104.15241285805676
2012-07-22 02:00:00,79.23436131519729
2012-07-22 03:00:00,37.61803357659201
2012-07-22 04:00:00,11.504138410556168
2012-07-22 05:00:00,11.80192027561453
2012-07-22 06:00:00,18.39451176448206
2012-07-22 07:00:00,44.925840930686306
2012-07-22 08:00:00,107.33802486151855
2012-07-22 09:00:00,240.7010605710522
2012-07-22 10:00:00,362.039255091912
2012-07-22 11:00:00,435.9949603807605
2012-07-22 12:00:00,474.4983624701432
2012-07-22 13:00:00,483.7004377757775
2012-07-22 14:00:00,489.5506085486919
2012-07-22 15:00:00,486.31739544809614
2012-07-22 16:00:00,450.8580805247203
2012-07-22 17:00:00,468.73631940818524
2012-07-22 18:00:00,409.6056970926405
2012-07-22 19:00:00,354.3215129076708
2012-07-22 20:00:00,277.320640560283
2012-07-22 21:00:00,201.6252397684688
2012-07-22 22:00:00,159.55794291931684
2012-07-22 23:00:00,103.4644724018885
2012-07-23 00:00:00,43.92349144399433
2012-07-23 01:00:00,17.438530617058515
2012-07-23 02:00:00,8.254313503898445
2012-07-23 03:00:00,5.517676705340653
2012-07-23 04:00:00,7.014588265518686
2012-07-23 05:00:00,30.57154333616446
2012-07-23 06:00:00,146.1378639675597
2012-07-23 07:00:00,432.77613941882083
2012-07-23 08:00:00,623.5911330487484
2012-07-23 09:00:00,331.0527952367288
2012-07-23 10:00:00,181.22054812135895
2012-07-23 11:00:00,216.43074541120518
2012-07-23 12:00:00,277.7359317759879
2012-07-23 13:00:00,265.61001182502423
2012-07-23 14:00:00,235.3232593158125
2012-07-23 15:00:00,266.1005000800907
2012-07-23 16:00:00,409.7584580096092
2012-07-23 17:00:00,774.1819381850146
2012-07-23 18:00:00,795.7686661342782
2012-07-23 19:00:00,558.651171639872
2012-07-23 20:00:00,418.2186859805124
2012-07-23 21:00:00,316.1781190850702
2012-07-23 22:00:00,213.2599192754407
2012-07-23 23:00:00,112.96994395394621
2012-07-24 00:00:00,48.13560153184522
2012-07-24 01:00:00,19.465440818784124
2012-07-24 02:00:00,9.082019347555402
2012-07-24 03:00:00,5.7917607835234435
2012-07-24 04:00:00,7.0541536544058445
2012-07-24 05:00:00,35.88734858851408
2012-07-24 06:00:00,163.93152345753964
2012-07-24 07:00:00,462.97884159160054
2012-07-24 08:00:00,625.5704591125367
2012-07-24 09:00:00,296.1845255290756
2012-07-24 10:00:00,183.79843947534474
2012-07-24 11:00:00,207.98418087671627
2012-07-24 12:00:00,263.5971206536272
2012-07-24 13:00:00,247.84025787003262
2012-07-24 14:00:00,228.42496576339462
2012-07-24 15:00:00,266.1514400016713
2012-07-24 16:00:00,408.44823971693165
2012-07-24 17:00:00,779.831398410047
2012-07-24 18:00:00,760.2039820096778
2012-07-24 19:00:00,562.5922739887784
2012-07-24 20:00:00,418.6737335539197
2012-07-24 21:00:00,318.92605338642807
2012-07-24 22:00:00,222.0222324833444
2012-07-24 23:00:00,123.31545274660888
2012-07-25 00:00:00,51.69318648135719
2012-07-25 01:00:00,20.694950944920333
2012-07-25 02:00:00,9.447912254303823
2012-07-25 03:00:00,5.5050705405714515
2012-07-25 04:00:00,6.711615690927328
2012-07-25 05:00:00,39.30700986737846
2012-07-25 06:00:00,167.86125233095538
2012-07-25 07:00:00,461.2114456954031
2012-07-25 08:00:00,719.6560361559359
2012-07-25 09:00:00,366.68429485050274
2012-07-25 10:00:00,216.08334206095472
2012-07-25 11:00:00,242.02317903575076
2012-07-25 12:00:00,310.9316122717455
2012-07-25 13:00:00,293.0601976412648
2012-07-25 14:00:00,254.82817449978978
2012-07-25 15:00:00,292.64076228336495
2012-07-25 16:00:00,433.787691246607
2012-07-25 17:00:00,807.9517861221256
2012-07-25 18:00:00,814.012099740659
2012-07-25 19:00:00,605.6506662636352
2012-07-25 20:00:00,442.1390750396927
2012-07-25 21:00:00,336.77243175465793
2012-07-25 22:00:00,239.13579054040744
2012-07-25 23:00:00,143.26147666579823
2012-07-26 00:00:00,57.3945488041324
2012-07-26 01:00:00,22.20738330741258
2012-07-26 02:00:00,10.54179446963581
2012-07-26 03:00:00,6.271983237153264
2012-07-26 04:00:00,7.769537426584946
2012-07-26 05:00:00,41.049987071241674
2012-07-26 06:00:00,169.610008874308
2012-07-26 07:00:00,466.2548149760268
2012-07-26 08:00:00,615.1251202826135
2012-07-26 09:00:00,351.3561666976624
2012-07-26 10:00:00,198.4771255163512
2012-07-26 11:00:00,208.41995896530574
2012-07-26 12:00:00,251.6834844434838
2012-07-26 13:00:00,239.46599296587436
2012-07-26 14:00:00,209.87286665152038
2012-07-26 15:00:00,227.12872351230283
2012-07-26 16:00:00,321.80538235125675
2012-07-26 17:00:00,647.8782116012499
2012-07-26 18:00:00,604.5481844474917
2012-07-26 19:00:00,461.3749459830261
2012-07-26 20:00:00,392.0207547588176
2012-07-26 21:00:00,304.10739584006114
2012-07-26 22:00:00,225.73640354626068
2012-07-26 23:00:00,149.2051831693375
2012-07-27 00:00:00,86.20315884490329
2012-07-27 01:00:00,39.32423711293954
2012-07-27 02:00:00,18.289665778688217
2012-07-27 03:00:00,9.030061528973127
2012-07-27 04:00:00,8.278500197427528
2012-07-27 05:00:00,37.24292862927853
2012-07-27 06:00:00,152.19929473000337
2012-07-27 07:00:00,396.4224003775407
2012-07-27 08:00:00,607.433363374424
2012-07-27 09:00:00,355.73736218975415
2012-07-27 10:00:00,222.1886260610628
2012-07-27 11:00:00,267.6480049244704
2012-07-27 12:00:00,309.54172480717085
2012-07-27 13:00:00,331.2874232988381
2012-07-27 14:00:00,292.33512403386
2012-07-27 15:00:00,317.6115707644522
2012-07-27 16:00:00,475.5050515726198
2012-07-27 17:00:00,720.0048241505464
2012-07-27 18:00:00,659.2482779431168
2012-07-27 19:00:00,493.0605221248814
2012-07-27 20:00:00,353.84844536425413
2012-07-27 21:00:00,296.40078168010086
2012-07-27 22:00:00,257.648259927408
2012-07-27 23:00:00,196.85070074761225
2012-07-28 00:00:00,162.57803625914224
2012-07-28 01:00:00,115.83044364203155
2012-07-28 02:00:00,80.98273833201182
2012-07-28 03:00:00,34.851403027174996
2012-07-28 04:00:00,11.772914792575435
2012-07-28 05:00:00,13.94029129168847
2012-07-28 06:00:00,33.28577986116663
2012-07-28 07:00:00,77.2897596237207
2012-07-28 08:00:00,186.78230490660172
2012-07-28 09:00:00,267.763131572709
2012-07-28 10:00:00,385.8699778388708
2012-07-28 11:00:00,473.2421709358274
2012-07-28 12:00:00,535.710621225442
2012-07-28 13:00:00,522.6465483921404
2012-07-28 14:00:00,525.3228150355123
2012-07-28 15:00:00,510.47950615600814
2012-07-28 16:00:00,509.4695413900891
2012-07-28 17:00:00,534.5713904195889
2012-07-28 18:00:00,481.5347546284614
2012-07-28 19:00:00,329.0021114623573
2012-07-28 20:00:00,261.5568544127509
2012-07-28 21:00:00,265.55766432785947
2012-07-28 22:00:00,221.7235035686525
2012-07-28 23:00:00,173.99550991267006
2012-07-29 00:00:00,154.76567202586673
2012-07-29 01:00:00,124.16274111362054
2012-07-29 02:00:00,93.29712386079117
2012-07-29 03:00:00,41.69005194927699
2012-07-29 04:00:00,12.185493687325842
2012-07-29 05:00:00,12.293300114176253
2012-07-29 06:00:00,23.63226496989094
2012-07-29 07:00:00,57.362595852821514
2012-07-29 08:00:00,136.6965197545111
2012-07-29 09:00:00,257.9765932666063
2012-07-29 10:00:00,375.5662867640764
2012-07-29 11:00:00,468.04716339218135
2012-07-29 12:00:00,520.8273535890892
2012-07-29 13:00:00,526.9464184169715
2012-07-29 14:00:00,522.7959215821814
2012-07-29 15:00:00,517.1256523557954
2012-07-29 16:00:00,507.23287382519953
2012-07-29 17:00:00,493.4984457390915
2012-07-29 18:00:00,451.3168395002141
2012-07-29 19:00:00,389.13143938314363
2012-07-29 20:00:00,293.21013638335495
2012-07-29 21:00:00,215.13056807008383
2012-07-29 22:00:00,162.18060009669625
2012-07-29 23:00:00,104.22983237770765
2012-07-30 00:00:00,46.85240779635681
2012-07-30 01:00:00,19.643308922379795
2012-07-30 02:00:00,9.670482376201504
2012-07-30 03:00:00,5.586812465929699
2012-07-30 04:00:00,7.088848524954699
2012-07-30 05:00:00,35.031888258526486
2012-07-30 06:00:00,154.85993351526423
2012-07-30 07:00:00,426.16827683823624
2012-07-30 08:00:00,609.1996261938513
2012-07-30 09:00:00,329.48739237840687
2012-07-30 10:00:00,186.57829197549384
2012-07-30 11:00:00,215.69032129929428
2012-07-30 12:00:00,275.41231404833576
2012-07-30 13:00:00,271.0916869428184
2012-07-30 14:00:00,241.02750064646182
2012-07-30 15:00:00,269.8511848244359
2012-07-30 16:00:00,415.9742773708844
2012-07-30 17:00:00,777.3386428187911
2012-07-30 18:00:00,762.1666472979878
2012-07-30 19:00:00,557.1026579846014
2012-07-30 20:00:00,396.7029559043087
2012-07-30 21:00:00,302.79326628759264
2012-07-30 22:00:00,189.24256478464002
2012-07-30 23:00:00,112.489975989209
2012-07-31 00:00:00,46.24392705844728
2012-07-31 01:00:00,18.27636470593307
2012-07-31 02:00:00,9.04348771464857
2012-07-31 03:00:00,5.690473473043367
2012-07-31 04:00:00,7.0541536544058445
2012-07-31 05:00:00,36.389646718724144
2012-07-31 06:00:00,165.541304289849
2012-07-31 07:00:00,426.5070728644699
2012-07-31 08:00:00,639.4441511175319
2012-07-31 09:00:00,352.96625730126306
2012-07-31 10:00:00,194.0331625609146
2012-07-31 11:00:00,217.33624601174623
2012-07-31 12:00:00,282.81964167845086
2012-07-31 13:00:00,264.4553332675545
2012-07-31 14:00:00,238.9892544897312
2012-07-31 15:00:00,270.74638198579294
2012-07-31 16:00:00,419.1416995965433
2012-07-31 17:00:00,798.8462568454177
2012-07-31 18:00:00,773.0026568795313
2012-07-31 19:00:00,461.5058239650531
2012-07-31 20:00:00,302.5258386749805
2012-07-31 21:00:00,288.5615048415396
2012-07-31 22:00:00,213.529903451819
2012-07-31 23:00:00,114.90983229669635
2012-08-20 00:00:00,34.0005058030143
2012-08-20 01:00:00,16.379700801934703
2012-08-20 02:00:00,8.49364481459927
2012-08-20 03:00:00,5.367598141549884
2012-08-20 04:00:00,6.474056779889887
2012-08-20 05:00:00,30.359363176961985
2012-08-20 06:00:00,146.79137451339142
2012-08-20 07:00:00,421.71987816589336
2012-08-20 08:00:00,637.7659267971635
2012-08-20 09:00:00,325.736382986212
2012-08-20 10:00:00,180.94015858850327
2012-08-20 11:00:00,223.66721182384975
2012-08-20 12:00:00,286.3050646451492
2012-08-20 13:00:00,287.6067444786554
2012-08-20 14:00:00,260.9616527920972
2012-08-20 15:00:00,293.2513068096837
2012-08-20 16:00:00,448.7704640458127
2012-08-20 17:00:00,800.4573313013332
2012-08-20 18:00:00,608.9954731931458
2012-08-20 19:00:00,453.19025592923765
2012-08-20 20:00:00,254.00270080220548
2012-08-20 21:00:00,221.60726254176035
2012-08-20 22:00:00,142.2321843493304
2012-08-20 23:00:00,83.29799003575808
2012-08-21 00:00:00,34.41667696239031
2012-08-21 01:00:00,13.929943463267037
2012-08-21 02:00:00,6.4304891330144
2012-08-21 03:00:00,5.02004260441044
2012-08-21 04:00:00,6.354219615104995
2012-08-21 05:00:00,34.90444984660904
2012-08-21 06:00:00,164.7305049882794
2012-08-21 07:00:00,461.2737078628045
2012-08-21 08:00:00,692.3712825865624
2012-08-21 09:00:00,349.4903107389819
2012-08-21 10:00:00,205.13342902108593
2012-08-21 11:00:00,236.4985110364199
2012-08-21 12:00:00,309.54503973728197
2012-08-21 13:00:00,298.01371273936655
2012-08-21 14:00:00,268.4689678138333
2012-08-21 15:00:00,296.4724368314442
2012-08-21 16:00:00,456.3197000515022
2012-08-21 17:00:00,829.3512015423961
2012-08-21 18:00:00,820.0883820821834
2012-08-21 19:00:00,344.45141719849835
2012-08-21 20:00:00,369.3728865978704
2012-08-21 21:00:00,283.505092258464
2012-08-21 22:00:00,189.4184666618753
2012-08-21 23:00:00,107.49529208984998
2012-08-22 00:00:00,46.69607767768508
2012-08-22 01:00:00,17.709370549862022
2012-08-22 02:00:00,8.228560805657981
2012-08-22 03:00:00,5.597435962818357
2012-08-22 04:00:00,6.7713085544093765
2012-08-22 05:00:00,37.71147724733413
2012-08-22 06:00:00,161.5843602641947
2012-08-22 07:00:00,445.3013486391009
2012-08-22 08:00:00,678.0719626713833
2012-08-22 09:00:00,353.8591647926129
2012-08-22 10:00:00,211.15603915014654
2012-08-22 11:00:00,237.8302331978529
2012-08-22 12:00:00,306.09492764596257
2012-08-22 13:00:00,294.2362805035579
2012-08-22 14:00:00,263.0012977865591
2012-08-22 15:00:00,296.4430010189134
2012-08-22 16:00:00,340.31754090805396
2012-08-22 17:00:00,673.6239187649384
2012-08-22 18:00:00,621.0359667529835
2012-08-22 19:00:00,493.64241322804867
2012-08-22 20:00:00,389.95593763869914
2012-08-22 21:00:00,289.10306698908977
2012-08-22 22:00:00,213.7328340650343
2012-08-22 23:00:00,124.03701985856348
2012-08-23 00:00:00,51.76584889213566
2012-08-23 01:00:00,18.325402110752837
2012-08-23 02:00:00,8.889151520065674
2012-08-23 03:00:00,6.00851979913374
2012-08-23 04:00:00,6.720926817732967
2012-08-23 05:00:00,36.620794048596125
2012-08-23 06:00:00,138.5615980479888
2012-08-23 07:00:00,398.9892031901357
2012-08-23 08:00:00,636.0933515067111
2012-08-23 09:00:00,350.45942208723625
2012-08-23 10:00:00,209.50845325851537
2012-08-23 11:00:00,245.61211651685466
2012-08-23 12:00:00,301.64274681453264
2012-08-23 13:00:00,284.394154502679
2012-08-23 14:00:00,253.24708510600257
2012-08-23 15:00:00,283.7933960159188
2012-08-23 16:00:00,454.9996621696256
2012-08-23 17:00:00,836.6378878798736
2012-08-23 18:00:00,827.8339361562194
2012-08-23 19:00:00,597.4267616366321
2012-08-23 20:00:00,431.6729805861609
2012-08-23 21:00:00,335.485806727108
2012-08-23 22:00:00,231.85790951540622
2012-08-23 23:00:00,139.66496127636424
2012-08-24 00:00:00,81.13789737968692
2012-08-24 01:00:00,34.37199639117246
2012-08-24 02:00:00,17.9544631597278
2012-08-24 03:00:00,7.667873063048322
2012-08-24 04:00:00,7.640328384432577
2012-08-24 05:00:00,34.10425079822355
2012-08-24 06:00:00,127.2833232458538
2012-08-24 07:00:00,350.46542324279324
2012-08-24 08:00:00,589.0886569041905
2012-08-24 09:00:00,367.68585571651477
2012-08-24 10:00:00,241.1845788654792
2012-08-24 11:00:00,289.5344028904495
2012-08-24 12:00:00,355.1306845151364
2012-08-24 13:00:00,351.5225720530883
2012-08-24 14:00:00,326.388000596169
2012-08-24 15:00:00,366.891464029916
2012-08-24 16:00:00,520.8353790331466
2012-08-24 17:00:00,759.1504251904083
2012-08-24 18:00:00,600.6970184888022
2012-08-24 19:00:00,485.1346047532462
2012-08-24 20:00:00,336.36743644931846
2012-08-24 21:00:00,284.90128108642796
2012-08-24 22:00:00,240.77843528873842
2012-08-24 23:00:00,184.35732055942046
2012-08-25 00:00:00,153.25647778795667
2012-08-25 01:00:00,115.00078093722638
2012-08-25 02:00:00,84.19801289058871
2012-08-25 03:00:00,38.01456479367444
2012-08-25 04:00:00,12.222662201896515
2012-08-25 05:00:00,11.777494349147002
2012-08-25 06:00:00,28.496717720068197
2012-08-25 07:00:00,66.63669275757059
2012-08-25 08:00:00,176.44593245438494
2012-08-25 09:00:00,277.01104213710477
2012-08-25 10:00:00,397.31945196980655
2012-08-25 11:00:00,475.3947192915797
2012-08-25 12:00:00,468.6122670367928
2012-08-25 13:00:00,567.8117592986066
2012-08-25 14:00:00,405.4036755478741
2012-08-25 15:00:00,439.7818007119639
2012-08-25 16:00:00,450.15667827617216
2012-08-25 17:00:00,453.3713771565975
2012-08-25 18:00:00,417.1028330826388
2012-08-25 19:00:00,304.55257595582594
2012-08-25 20:00:00,124.19470074049282
2012-08-25 21:00:00,205.6338575650561
2012-08-25 22:00:00,179.82261141917184
2012-08-25 23:00:00,120.39561160787441
2012-08-26 00:00:00,146.36950604992222
2012-08-26 01:00:00,120.03324494134968
2012-08-26 02:00:00,85.78404752047089
2012-08-26 03:00:00,41.30669767825853
2012-08-26 04:00:00,10.887704853627149
2012-08-26 05:00:00,11.032725018598699
2012-08-26 06:00:00,18.111294775716466
2012-08-26 07:00:00,49.26693720222788
2012-08-26 08:00:00,118.59262459445543
2012-08-26 09:00:00,234.93232976311631
2012-08-26 10:00:00,374.141389377386
2012-08-26 11:00:00,455.09941120306627
2012-08-26 12:00:00,336.3976033608594
2012-08-26 13:00:00,295.9867074732853
2012-08-26 14:00:00,396.3589424264728
2012-08-26 15:00:00,208.06913427502235
2012-08-26 16:00:00,198.22595610270733
2012-08-26 17:00:00,334.8244382382273
2012-08-26 18:00:00,246.58481049052875
2012-08-26 19:00:00,223.23738375741033
2012-08-26 20:00:00,202.1765599202419
2012-08-26 21:00:00,167.90860165444028
2012-08-26 22:00:00,125.55954070508918
2012-08-26 23:00:00,85.51426830849596
2012-08-27 00:00:00,38.991837179651114
2012-08-27 01:00:00,15.618657419462753
2012-08-27 02:00:00,8.125596385206965
2012-08-27 03:00:00,5.253234866529105
2012-08-27 04:00:00,6.708558812765412
2012-08-27 05:00:00,32.536602006669085
2012-08-27 06:00:00,144.34774219873785
2012-08-27 07:00:00,382.668837759264
2012-08-27 08:00:00,551.6504084228687
2012-08-27 09:00:00,305.77523520105717
2012-08-27 10:00:00,189.43875574048843
2012-08-27 11:00:00,218.59587475654536
2012-08-27 12:00:00,275.5112985418119
2012-08-27 13:00:00,275.77787633473474
2012-08-27 14:00:00,246.52013425073352
2012-08-27 15:00:00,268.87434323282923
2012-08-27 16:00:00,414.98022371195617
2012-08-27 17:00:00,819.3897226517975
2012-08-27 18:00:00,793.2367321753401
2012-08-27 19:00:00,529.9042294901293
2012-08-27 20:00:00,404.3923268661705
2012-08-27 21:00:00,300.64577784235206
2012-08-27 22:00:00,185.44101983532943
2012-08-27 23:00:00,107.37365313533446
2012-08-28 00:00:00,45.29365917971052
2012-08-28 01:00:00,18.386060788906853
2012-08-28 02:00:00,8.62480799762237
2012-08-28 03:00:00,5.849899012488551
2012-08-28 04:00:00,7.129355216223994
2012-08-28 05:00:00,35.080696931708395
2012-08-28 06:00:00,147.47586533015163
2012-08-28 07:00:00,394.00780818481905
2012-08-28 08:00:00,539.5669544384796
2012-08-28 09:00:00,332.1998533707181
2012-08-28 10:00:00,199.6093912266357
2012-08-28 11:00:00,220.91040109599498
2012-08-28 12:00:00,286.0185738612667
2012-08-28 13:00:00,275.69738300890197
2012-08-28 14:00:00,244.67406783044467
2012-08-28 15:00:00,280.8834844441078
2012-08-28 16:00:00,434.91836387746554
2012-08-28 17:00:00,825.9749598759705
2012-08-28 18:00:00,823.2398578669773
2012-08-28 19:00:00,599.1549909630927
2012-08-28 20:00:00,429.94058706874665
2012-08-28 21:00:00,325.6447245037634
2012-08-28 22:00:00,224.20081037692168
2012-08-28 23:00:00,130.13568595259198
2012-08-29 00:00:00,51.713925828751066
2012-08-29 01:00:00,19.301490877742232
2012-08-29 02:00:00,8.779472185073558
2012-08-29 03:00:00,5.711454795160579
2012-08-29 04:00:00,6.79587750163257
2012-08-29 05:00:00,39.042785447396234
2012-08-29 06:00:00,168.93331741177442
2012-08-29 07:00:00,458.3310547379177
2012-08-29 08:00:00,702.776337262079
2012-08-29 09:00:00,366.9229973234938
2012-08-29 10:00:00,216.76335626311928
2012-08-29 11:00:00,245.90841099267968
2012-08-29 12:00:00,305.2217235925026
2012-08-29 13:00:00,297.3563890766289
2012-08-29 14:00:00,267.81179697952837
2012-08-29 15:00:00,298.41865116803444
2012-08-29 16:00:00,465.4298564756571
2012-08-29 17:00:00,847.8239747137796
2012-08-29 18:00:00,838.1769971073379
2012-08-29 19:00:00,598.1012554440374
2012-08-29 20:00:00,427.3550621907481
2012-08-29 21:00:00,333.1335959705628
2012-08-29 22:00:00,237.285144112811
2012-08-29 23:00:00,146.8433420175237
2012-08-30 00:00:00,53.97299071101809
2012-08-30 01:00:00,20.55570246302566
2012-08-30 02:00:00,9.532637627458037
2012-08-30 03:00:00,6.001550293270126
2012-08-30 04:00:00,7.08011466771062
2012-08-30 05:00:00,38.69084763717351
2012-08-30 06:00:00,174.80107815265077
2012-08-30 07:00:00,452.56769412517144
2012-08-30 08:00:00,660.8578465157428
2012-08-30 09:00:00,361.5044299170285
2012-08-30 10:00:00,216.30331146499483
2012-08-30 11:00:00,247.55399374970338
2012-08-30 12:00:00,307.4615182790765
2012-08-30 13:00:00,296.8321661357462
2012-08-30 14:00:00,268.644249134857
2012-08-30 15:00:00,283.97660380353216
2012-08-30 16:00:00,432.7447663017226
2012-08-30 17:00:00,824.6785579645573
2012-08-30 18:00:00,816.6459404838704
2012-08-30 19:00:00,599.3900508899878
2012-08-30 20:00:00,433.45499337446626
2012-08-30 21:00:00,329.70896619402174
2012-08-30 22:00:00,233.02457954002043
2012-08-30 23:00:00,150.51614526848482
2012-08-31 00:00:00,87.66796389717965
2012-08-31 01:00:00,39.637814471109834
2012-08-31 02:00:00,18.09451186829983
2012-08-31 03:00:00,8.349811859426985
2012-08-31 04:00:00,7.806717356750009
2012-08-31 05:00:00,36.524705429378486
2012-08-31 06:00:00,130.64369202731638
2012-08-31 07:00:00,334.6060361534539
2012-08-31 08:00:00,586.0486845578212
2012-08-31 09:00:00,366.3786962592108
2012-08-31 10:00:00,237.52505203039502
2012-08-31 11:00:00,274.64552301817935
2012-08-31 12:00:00,345.8322062879512
2012-08-31 13:00:00,340.3678720173242
2012-08-31 14:00:00,320.96458975131975
2012-08-31 15:00:00,321.98613086230864
2012-08-31 16:00:00,453.2282894480927
2012-08-31 17:00:00,709.4468684586853
2012-08-31 18:00:00,656.5461259315412
2012-08-31 19:00:00,502.1356027352175
2012-08-31 20:00:00,361.76940956931554
2012-08-31 21:00:00,301.03203687762857
2012-08-31 22:00:00,260.6167447662705
2012-08-31 23:00:00,203.01852515120916
2012-09-20 00:00:00,51.44261437730473
2012-09-20 01:00:00,20.888573989601515
2012-09-20 02:00:00,10.611551090689094
2012-09-20 03:00:00,6.350055829811428
2012-09-20 04:00:00,7.636908960849577
2012-09-20 05:00:00,38.590516791918404
2012-09-20 06:00:00,164.75865564250762
2012-09-20 07:00:00,465.80497548523766
2012-09-20 08:00:00,755.5816174088699
2012-09-20 09:00:00,383.20322908865535
2012-09-20 10:00:00,218.8129173492291
2012-09-20 11:00:00,252.37685276439166
2012-09-20 12:00:00,325.95890201709744
2012-09-20 13:00:00,312.7775281404785
2012-09-20 14:00:00,276.13409598481394
2012-09-20 15:00:00,313.00885968199714
2012-09-20 16:00:00,467.8689384584612
2012-09-20 17:00:00,841.1732962170743
2012-09-20 18:00:00,804.3629132898066
2012-09-20 19:00:00,551.2009069871267
2012-09-20 20:00:00,398.15597032338405
2012-09-20 21:00:00,307.2943892131687
2012-09-20 22:00:00,224.42737966573478
2012-09-20 23:00:00,142.26937056679517
2012-09-21 00:00:00,80.94153464221705
2012-09-21 01:00:00,37.53849753151428
2012-09-21 02:00:00,18.261896715236333
2012-09-21 03:00:00,9.12187662278425
2012-09-21 04:00:00,9.187845913963741
2012-09-21 05:00:00,37.274115388940686
2012-09-21 06:00:00,159.93178513055616
2012-09-21 07:00:00,412.03555300509225
2012-09-21 08:00:00,725.7741887544048
2012-09-21 09:00:00,404.38984621857094
2012-09-21 10:00:00,253.95457393997762
2012-09-21 11:00:00,311.7915244701644
2012-09-21 12:00:00,380.7912394844555
2012-09-21 13:00:00,389.1847589465482
2012-09-21 14:00:00,360.46811551057766
2012-09-21 15:00:00,392.823435024597
2012-09-21 16:00:00,557.8794873122456
2012-09-21 17:00:00,793.2200713933361
2012-09-21 18:00:00,675.0146398691426
2012-09-21 19:00:00,481.39778391388313
2012-09-21 20:00:00,329.51488585174064
2012-09-21 21:00:00,265.7766460092289
2012-09-21 22:00:00,230.5409448578419
2012-09-21 23:00:00,175.60862499289635
2012-09-22 00:00:00,147.70816642638724
2012-09-22 01:00:00,101.65116507878452
2012-09-22 02:00:00,74.05524046431921
2012-09-22 03:00:00,33.85688216997822
2012-09-22 04:00:00,10.706964671238946
2012-09-22 05:00:00,11.981906600069589
2012-09-22 06:00:00,29.527583875697335
2012-09-22 07:00:00,75.0439769534402
2012-09-22 08:00:00,194.52586687158328
2012-09-22 09:00:00,289.57990630129177
2012-09-22 10:00:00,424.20971331705096
2012-09-22 11:00:00,532.5447419571881
2012-09-22 12:00:00,603.5139637786639
2012-09-22 13:00:00,608.6463055841333
2012-09-22 14:00:00,594.6592518730866
2012-09-22 15:00:00,601.7538154523377
2012-09-22 16:00:00,592.0503090175214
2012-09-22 17:00:00,591.481806732577
2012-09-22 18:00:00,511.96590765102417
2012-09-22 19:00:00,435.44211457760434
2012-09-22 20:00:00,354.4132372366689
2012-09-22 21:00:00,288.194828234206
2012-09-22 22:00:00,237.6371830764727
2012-09-22 23:00:00,182.7388092892858
2012-09-23 00:00:00,159.9929847852725
2012-09-23 01:00:00,112.67115397886262
2012-09-23 02:00:00,86.21770817546783
2012-09-23 03:00:00,38.89781726881111
2012-09-23 04:00:00,11.44929984910323
2012-09-23 05:00:00,10.857929872295422
2012-09-23 06:00:00,20.413523920022268
2012-09-23 07:00:00,55.3065421911458
2012-09-23 08:00:00,128.63676744081795
2012-09-23 09:00:00,250.63949123020186
2012-09-23 10:00:00,401.7242000358485
2012-09-23 11:00:00,492.9062814100054
2012-09-23 12:00:00,576.9811569099849
2012-09-23 13:00:00,620.3724764120103
2012-09-23 14:00:00,607.0617396956022
2012-09-23 15:00:00,603.3521221665146
2012-09-23 16:00:00,589.4808138513305
2012-09-23 17:00:00,517.0815252733713
2012-09-23 18:00:00,420.24482819898844
2012-09-23 19:00:00,340.33339264123833
2012-09-23 20:00:00,261.1180273118753
2012-09-23 21:00:00,179.85383899154658
2012-09-23 22:00:00,141.30481387808499
2012-09-23 23:00:00,86.31933651195352
2012-09-24 00:00:00,38.14044201040346
2012-09-24 01:00:00,16.0509653700573
2012-09-24 02:00:00,7.627140778318525
2012-09-24 03:00:00,4.96578037469804
2012-09-24 04:00:00,7.060465712513604
2012-09-24 05:00:00,36.259665645280094
2012-09-24 06:00:00,157.4185990179293
2012-09-24 07:00:00,442.09034083765243
2012-09-24 08:00:00,741.6779755814554
2012-09-24 09:00:00,365.82905285197774
2012-09-24 10:00:00,203.36044733963416
2012-09-24 11:00:00,240.85614904771086
2012-09-24 12:00:00,314.76202631052445
2012-09-24 13:00:00,310.3254587042998
2012-09-24 14:00:00,267.9460133393751
2012-09-24 15:00:00,309.2625407481914
2012-09-24 16:00:00,451.35183959526677
2012-09-24 17:00:00,831.091847462609
2012-09-24 18:00:00,793.691422528007
2012-09-24 19:00:00,560.1799334718622
2012-09-24 20:00:00,377.08819441988265
2012-09-24 21:00:00,280.22762854898065
2012-09-24 22:00:00,180.5188133857967
2012-09-24 23:00:00,93.14312363957043
2012-09-25 00:00:00,40.05732434189929
2012-09-25 01:00:00,15.465606134730013
2012-09-25 02:00:00,8.058871400092048
2012-09-25 03:00:00,4.471667328419954
2012-09-25 04:00:00,6.794199464259585
2012-09-25 05:00:00,35.36273164326876
2012-09-25 06:00:00,157.60125642183868
2012-09-25 07:00:00,448.51830007651535
2012-09-25 08:00:00,743.8619236180225
2012-09-25 09:00:00,371.9200697381066
2012-09-25 10:00:00,208.12317175741214
2012-09-25 11:00:00,244.62488235400536
2012-09-25 12:00:00,322.33519756553756
2012-09-25 13:00:00,309.64423655819826
2012-09-25 14:00:00,275.3358214228683
2012-09-25 15:00:00,314.530194404197
2012-09-25 16:00:00,479.9976023783087
2012-09-25 17:00:00,883.542040721088
2012-09-25 18:00:00,854.5851403837371
2012-09-25 19:00:00,596.7609739077892
2012-09-25 20:00:00,419.6997912900544
2012-09-25 21:00:00,316.07487970465337
2012-09-25 22:00:00,219.28391524035433
2012-09-25 23:00:00,123.47528615559776
2012-09-26 00:00:00,49.54230129840119
2012-09-26 01:00:00,18.45204364361247
2012-09-26 02:00:00,8.395991087379732
2012-09-26 03:00:00,5.451030124850347
2012-09-26 04:00:00,7.084439021679853
2012-09-26 05:00:00,39.52109719367745
2012-09-26 06:00:00,170.39975245587982
2012-09-26 07:00:00,460.8404718800208
2012-09-26 08:00:00,701.9879799888339
2012-09-26 09:00:00,378.6135520623647
2012-09-26 10:00:00,208.55648059547303
2012-09-26 11:00:00,250.132553271537
2012-09-26 12:00:00,311.83335986366717
2012-09-26 13:00:00,301.10899772863087
2012-09-26 14:00:00,271.90595506947017
2012-09-26 15:00:00,304.097511539494
2012-09-26 16:00:00,467.45837418638877
2012-09-26 17:00:00,852.6333789899356
2012-09-26 18:00:00,842.3217239101974
2012-09-26 19:00:00,604.3564339904501
2012-09-26 20:00:00,419.63427650948046
2012-09-26 21:00:00,327.04652692881797
2012-09-26 22:00:00,172.824685179634
2012-09-26 23:00:00,123.6246971865954
2012-09-27 00:00:00,55.54084589339714
2012-09-27 01:00:00,21.527747692364905
2012-09-27 02:00:00,10.481157802702247
2012-09-27 03:00:00,6.573661675763423
2012-09-27 04:00:00,7.460218138022514
2012-09-27 05:00:00,38.75554434025943
2012-09-27 06:00:00,163.0021629434774
2012-09-27 07:00:00,452.60107742348157
2012-09-27 08:00:00,703.6157601492497
2012-09-27 09:00:00,366.0183458788818
2012-09-27 10:00:00,216.51473903827394
2012-09-27 11:00:00,247.3911340561055
2012-09-27 12:00:00,311.7603795117214
2012-09-27 13:00:00,294.52900855682185
2012-09-27 14:00:00,262.2167994168957
2012-09-27 15:00:00,287.95936542373187
2012-09-27 16:00:00,441.59404820682823
2012-09-27 17:00:00,753.0932352722566
2012-09-27 18:00:00,737.9576345328957
2012-09-27 19:00:00,572.6543321793254
2012-09-27 20:00:00,391.44189179358773
2012-09-27 21:00:00,185.08198942863302
2012-09-27 22:00:00,147.19959825097703
2012-09-27 23:00:00,108.36033474625285
2012-09-28 00:00:00,58.20927354709317
2012-09-28 01:00:00,25.19252997955962
2012-09-28 02:00:00,12.3781551461217
2012-09-28 03:00:00,7.444536918803193
2012-09-28 04:00:00,5.64392947558952
2012-09-28 05:00:00,33.79631485890938
2012-09-28 06:00:00,131.36265793107958
2012-09-28 07:00:00,309.90500469791226
2012-09-28 08:00:00,563.4419718078561
2012-09-28 09:00:00,335.6245103314896
2012-09-28 10:00:00,217.82021561528467
2012-09-28 11:00:00,274.2037301173172
2012-09-28 12:00:00,374.3131771455825
2012-09-28 13:00:00,380.29050973080655
2012-09-28 14:00:00,352.8172414486616
2012-09-28 15:00:00,383.2917285612484
2012-09-28 16:00:00,546.7647569784091
2012-09-28 17:00:00,771.4515570044128
2012-09-28 18:00:00,674.7923316097387
2012-09-28 19:00:00,412.1544867512019
2012-09-28 20:00:00,296.394877269781
2012-09-28 21:00:00,241.7080345544934
2012-09-28 22:00:00,226.54331807472252
2012-09-28 23:00:00,169.7692314390686
2012-09-29 00:00:00,153.14524933670953
2012-09-29 01:00:00,111.29973272759648
2012-09-29 02:00:00,77.60713116804934
2012-09-29 03:00:00,34.02160169080041
2012-09-29 04:00:00,11.948607866735363
2012-09-29 05:00:00,12.571153583811475
2012-09-29 06:00:00,31.091245707653446
2012-09-29 07:00:00,75.21633357440179
2012-09-29 08:00:00,195.86577687293416
2012-09-29 09:00:00,289.8442262972964
2012-09-29 10:00:00,410.2895734954566
2012-09-29 11:00:00,513.934291323799
2012-09-29 12:00:00,640.1425179590295
2012-09-29 13:00:00,646.3102360208414
2012-09-29 14:00:00,639.1209814932294
2012-09-29 15:00:00,629.0789554546561
2012-09-29 16:00:00,619.8981010427945
2012-09-29 17:00:00,606.3326826990484
2012-09-29 18:00:00,456.63646653180155
2012-09-29 19:00:00,380.94808413777184
2012-09-29 20:00:00,299.65367009896136
2012-09-29 21:00:00,251.6071546991571
2012-09-29 22:00:00,204.8942712779402
2012-09-29 23:00:00,164.0860700932185
2012-09-30 00:00:00,139.5140688701918
2012-09-30 01:00:00,112.53109483828241
2012-09-30 02:00:00,79.2990283745257
2012-09-30 03:00:00,39.038703011120376
2012-09-30 04:00:00,11.761599055111695
2012-09-30 05:00:00,10.744457962359323
2012-09-30 06:00:00,21.29209174713042
2012-09-30 07:00:00,50.81577414816918
2012-09-30 08:00:00,127.0866262458702
2012-09-30 09:00:00,252.50172543572455
2012-09-30 10:00:00,403.5972178853659
2012-09-30 11:00:00,532.8418736933756
2012-09-30 12:00:00,615.3041688673186
2012-09-30 13:00:00,616.5812105871928
2012-09-30 14:00:00,600.9806849762532
2012-09-30 15:00:00,606.4039671918244
2012-09-30 16:00:00,592.8999531788621
2012-09-30 17:00:00,567.2141423124386
2012-09-30 18:00:00,392.36843148674745
2012-09-30 19:00:00,206.1571702091709
2012-09-30 20:00:00,169.51918757802042
2012-09-30 21:00:00,170.4076450524807
2012-09-30 22:00:00,125.50598974925902
2012-09-30 23:00:00,87.89837408608498
2012-10-20 00:00:00,143.07221745050128
2012-10-20 01:00:00,103.74137911865722
2012-10-20 02:00:00,71.31992648389016
2012-10-20 03:00:00,32.75214554541832
2012-10-20 04:00:00,10.408084871621126
2012-10-20 05:00:00,10.921682521605947
2012-10-20 06:00:00,27.76476243740845
2012-10-20 07:00:00,72.13310206724388
2012-10-20 08:00:00,191.17726169185357
2012-10-20 09:00:00,290.92572297802417
2012-10-20 10:00:00,410.2683180069258
2012-10-20 11:00:00,506.64887252316805
2012-10-20 12:00:00,586.6630867504526
2012-10-20 13:00:00,611.2787813181459
2012-10-20 14:00:00,586.787841221706
2012-10-20 15:00:00,580.6102647714075
2012-10-20 16:00:00,571.6364745014571
2012-10-20 17:00:00,545.4113593749502
2012-10-20 18:00:00,450.501169467337
2012-10-20 19:00:00,373.7967806041949
2012-10-20 20:00:00,295.1526779255093
2012-10-20 21:00:00,219.3892737814314
2012-10-20 22:00:00,181.29733609264102
2012-10-20 23:00:00,143.32237225621404
2012-10-21 00:00:00,127.84205302900973
2012-10-21 01:00:00,101.34902383559447
2012-10-21 02:00:00,77.45224963612634
2012-10-21 03:00:00,36.12559671350847
2012-10-21 04:00:00,11.111781494289486
2012-10-21 05:00:00,10.508782783637802
2012-10-21 06:00:00,19.64991560420442
2012-10-21 07:00:00,52.84554111056012
2012-10-21 08:00:00,112.58611394732716
2012-10-21 09:00:00,229.8687891353445
2012-10-21 10:00:00,379.07889428431395
2012-10-21 11:00:00,495.6901921349072
2012-10-21 12:00:00,579.484883981357
2012-10-21 13:00:00,586.8769911441651
2012-10-21 14:00:00,570.7667496416653
2012-10-21 15:00:00,568.0280566546945
2012-10-21 16:00:00,539.076089454997
2012-10-21 17:00:00,497.7273491003949
2012-10-21 18:00:00,411.76517738436894
2012-10-21 19:00:00,316.4690123760132
2012-10-21 20:00:00,237.48101991477512
2012-10-21 21:00:00,144.52370626438656
2012-10-21 22:00:00,112.67906517939305
2012-10-21 23:00:00,77.33056810398054
2012-10-22 00:00:00,33.53527191628292
2012-10-22 01:00:00,13.343591092946301
2012-10-22 02:00:00,6.686129188218862
2012-10-22 03:00:00,4.182115477929704
2012-10-22 04:00:00,6.567475019692166
2012-10-22 05:00:00,33.96653947071237
2012-10-22 06:00:00,148.61124099113016
2012-10-22 07:00:00,416.94718452873406
2012-10-22 08:00:00,707.9414809832476
2012-10-22 09:00:00,353.85455044903057
2012-10-22 10:00:00,199.96671587565086
2012-10-22 11:00:00,241.85131189857816
2012-10-22 12:00:00,315.45426076456613
2012-10-22 13:00:00,313.06233285773044
2012-10-22 14:00:00,270.5666259193543
2012-10-22 15:00:00,313.9174207094874
2012-10-22 16:00:00,483.34553542888216
2012-10-22 17:00:00,881.9053018578835
2012-10-22 18:00:00,757.0380715393388
2012-10-22 19:00:00,544.3424785702321
2012-10-22 20:00:00,358.9358594602048
2012-10-22 21:00:00,268.42519767848535
2012-10-22 22:00:00,161.2362213452834
2012-10-22 23:00:00,92.45056613478084
2012-10-23 00:00:00,40.01305283459303
2012-10-23 01:00:00,16.519463008710595
2012-10-23 02:00:00,7.510842308453555
2012-10-23 03:00:00,5.391143009842352
2012-10-23 04:00:00,7.364781844418892
2012-10-23 05:00:00,35.52423310182299
2012-10-23 06:00:00,160.3373081983894
2012-10-23 07:00:00,427.9451862756917
2012-10-23 08:00:00,709.223326915233
2012-10-23 09:00:00,355.0832866748717
2012-10-23 10:00:00,206.3966639078464
2012-10-23 11:00:00,243.63084689244687
2012-10-23 12:00:00,314.08334483669756
2012-10-23 13:00:00,299.14070690692637
2012-10-23 14:00:00,278.2543979943236
2012-10-23 15:00:00,312.83983128484977
2012-10-23 16:00:00,479.34859944803844
2012-10-23 17:00:00,873.4026522378045
2012-10-23 18:00:00,835.4868354101449
2012-10-23 19:00:00,597.0226244717301
2012-10-23 20:00:00,395.729234751583
2012-10-23 21:00:00,286.79558439219875
2012-10-23 22:00:00,203.4020152430457
2012-10-23 23:00:00,114.84503218480964
2012-10-24 00:00:00,50.11838491673808
2012-10-24 01:00:00,17.871024089787685
2012-10-24 02:00:00,8.577753266652605
2012-10-24 03:00:00,5.931804901830558
2012-10-24 04:00:00,7.583838491409789
2012-10-24 05:00:00,37.9596580195756
2012-10-24 06:00:00,171.1219941539061
2012-10-24 07:00:00,416.18757399276456
2012-10-24 08:00:00,603.5119506557008
2012-10-24 09:00:00,347.0291970128993
2012-10-24 10:00:00,190.69807060427135
2012-10-24 11:00:00,243.6974549780093
2012-10-24 12:00:00,314.61264656295936
2012-10-24 13:00:00,306.8239765657189
2012-10-24 14:00:00,281.8424543737379
2012-10-24 15:00:00,316.25462890398853
2012-10-24 16:00:00,484.7352342950263
2012-10-24 17:00:00,863.1142228194327
2012-10-24 18:00:00,846.775547822161
2012-10-24 19:00:00,583.0583158078639
2012-10-24 20:00:00,401.3402017304009
2012-10-24 21:00:00,308.01127156617486
2012-10-24 22:00:00,224.51821847665403
2012-10-24 23:00:00,122.73281658509094
2012-10-25 00:00:00,56.18676558989007
2012-10-25 01:00:00,21.51207045009103
2012-10-25 02:00:00,10.000010559365064
2012-10-25 03:00:00,5.398013769416077
2012-10-25 04:00:00,6.523061663252114
2012-10-25 05:00:00,35.850619892294006
2012-10-25 06:00:00,147.35814153438923
2012-10-25 07:00:00,410.973459907084
2012-10-25 08:00:00,607.2251099241107
2012-10-25 09:00:00,322.2381429338517
2012-10-25 10:00:00,180.86486448509118
2012-10-25 11:00:00,191.6000684803597
2012-10-25 12:00:00,260.0851081713076
2012-10-25 13:00:00,237.97465665318975
2012-10-25 14:00:00,258.40330315922324
2012-10-25 15:00:00,302.060585577918
2012-10-25 16:00:00,432.6797611726068
2012-10-25 17:00:00,785.7672875951769
2012-10-25 18:00:00,536.5076195739907
2012-10-25 19:00:00,415.0710381764529
2012-10-25 20:00:00,288.17185539660704
2012-10-25 21:00:00,212.49819985730363
2012-10-25 22:00:00,177.78719497458752
2012-10-25 23:00:00,117.9935306152202
2012-10-26 00:00:00,70.11698953517876
2012-10-26 01:00:00,31.2219600147298
2012-10-26 02:00:00,13.215749013408823
2012-10-26 03:00:00,6.6299480950417635
2012-10-26 04:00:00,7.202518989036359
2012-10-26 05:00:00,32.448044579161746
2012-10-26 06:00:00,131.5547599158377
2012-10-26 07:00:00,341.46330407328736
2012-10-26 08:00:00,531.0494289539051
2012-10-26 09:00:00,329.5867161467247
2012-10-26 10:00:00,182.6288055370587
2012-10-26 11:00:00,257.1750035308563
2012-10-26 12:00:00,326.03341871123604
2012-10-26 13:00:00,341.29265184127473
2012-10-26 14:00:00,334.5461088922042
2012-10-26 15:00:00,366.4291661791875
2012-10-26 16:00:00,456.3135967196712
2012-10-26 17:00:00,589.9204718665486
2012-10-26 18:00:00,490.072366199934
2012-10-26 19:00:00,337.7218453404274
2012-10-26 20:00:00,228.4958080553647
2012-10-26 21:00:00,224.25041805485446
2012-10-26 22:00:00,171.82038131051465
2012-10-26 23:00:00,162.91038836957682
2012-10-27 00:00:00,141.16647658251722
2012-10-27 01:00:00,98.34997741013854
2012-10-27 02:00:00,69.27587691610265
2012-10-27 03:00:00,35.94892698947028
2012-10-27 04:00:00,9.89387338485079
2012-10-27 05:00:00,10.748593069121727
2012-10-27 06:00:00,26.649436244038007
2012-10-27 07:00:00,75.6254716961609
2012-10-27 08:00:00,185.80463545552632
2012-10-27 09:00:00,275.55885867652125
2012-10-27 10:00:00,395.32485172187864
2012-10-27 11:00:00,506.31172944580146
2012-10-27 12:00:00,615.7449482578058
2012-10-27 13:00:00,644.8419383336326
2012-10-27 14:00:00,616.8553595483261
2012-10-27 15:00:00,519.1646170565477
2012-10-27 16:00:00,507.0363354307816
2012-10-27 17:00:00,498.38413391607673
2012-10-27 18:00:00,421.6072764056627
2012-10-27 19:00:00,337.90611646549223
2012-10-27 20:00:00,262.0117066477383
2012-10-27 21:00:00,216.76149486797664
2012-10-27 22:00:00,177.60224000398858
2012-10-27 23:00:00,131.87297934860536
2012-10-28 00:00:00,102.82344943284059
2012-10-28 01:00:00,107.16587609655696
2012-10-28 02:00:00,76.25727692403738
2012-10-28 03:00:00,37.241228612217604
2012-10-28 04:00:00,10.84109432730613
2012-10-28 05:00:00,9.993186583240043
2012-10-28 06:00:00,19.458982730124667
2012-10-28 07:00:00,49.95203590746495
2012-10-28 08:00:00,119.46725110976229
2012-10-28 09:00:00,235.60007756952115
2012-10-28 10:00:00,339.40532220864293
2012-10-28 11:00:00,431.0358567310107
2012-10-28 12:00:00,462.83375300029155
2012-10-28 13:00:00,465.06965170697197
2012-10-28 14:00:00,458.9915819975414
2012-10-28 15:00:00,450.7710071405363
2012-10-28 16:00:00,297.412409778076
2012-10-28 17:00:00,200.44216189128989
2012-10-28 18:00:00,112.17157358324928
2012-10-28 19:00:00,119.82994227683143
2012-10-28 20:00:00,85.46769286649022
2012-10-28 21:00:00,81.42534995556237
2012-10-28 22:00:00,69.70288915850196
2012-10-28 23:00:00,46.51196953520626
2012-10-29 00:00:00,26.052519206403478
2012-10-30 13:00:00,98.59361401096996
2012-10-30 14:00:00,93.0739163509966
2012-10-30 15:00:00,83.27583814150016
2012-10-30 16:00:00,129.3217424381973
2012-10-30 17:00:00,269.9392430197754
2012-10-30 18:00:00,298.7702900507517
2012-10-30 19:00:00,490.84967441089054
2012-10-30 20:00:00,238.878290924265
2012-10-30 21:00:00,162.81683833319806
2012-10-30 22:00:00,142.6474867780094
2012-10-30 23:00:00,88.56243656811348
2012-10-31 00:00:00,37.96595514480253
2012-10-31 01:00:00,14.33837175369619
2012-10-31 02:00:00,6.82143960533609
2012-10-31 03:00:00,4.530445170862204
2012-10-31 04:00:00,5.717281668290928
2012-10-31 05:00:00,34.18915860732709
2012-10-31 06:00:00,149.8298928958643
2012-10-31 07:00:00,400.12515985066335
2012-10-31 08:00:00,692.250962878087
2012-10-31 09:00:00,345.2838909180908
2012-10-31 10:00:00,175.83710823701026
2012-10-31 11:00:00,190.818731415222
2012-10-31 12:00:00,255.57098154033633
2012-10-31 13:00:00,247.68462152082174
2012-10-31 14:00:00,213.60885691994375
2012-10-31 15:00:00,249.0103439705199
2012-10-31 16:00:00,351.3172818428601
2012-10-31 17:00:00,657.3834649879791
2012-10-31 18:00:00,641.845224456429
2012-10-31 19:00:00,441.31094875090866
2012-10-31 20:00:00,306.3633081274243
2012-10-31 21:00:00,223.75658802646578
2012-10-31 22:00:00,166.94860071080063
2012-10-31 23:00:00,107.07836578156976
2012-11-20 00:00:00,31.7964175524344
2012-11-20 01:00:00,12.885469035307779
2012-11-20 02:00:00,5.742708107405364
2012-11-20 03:00:00,4.118644231379329
2012-11-20 04:00:00,7.198305167572788
2012-11-20 05:00:00,32.98315248316665
2012-11-20 06:00:00,139.77417631429321
2012-11-20 07:00:00,408.29899673719615
2012-11-20 08:00:00,684.8104238317626
2012-11-20 09:00:00,324.14669110967526
2012-11-20 10:00:00,162.74428756953776
2012-11-20 11:00:00,185.57198837625705
2012-11-20 12:00:00,227.42828521343637
2012-11-20 13:00:00,221.9502749149119
2012-11-20 14:00:00,204.0964065079784
2012-11-20 15:00:00,242.30363041542014
2012-11-20 16:00:00,333.40135332874905
2012-11-20 17:00:00,622.0406991206925
2012-11-20 18:00:00,602.7113232816415
2012-11-20 19:00:00,410.14916431721366
2012-11-20 20:00:00,263.9058682455313
2012-11-20 21:00:00,205.46236010903468
2012-11-20 22:00:00,147.84877536150253
2012-11-20 23:00:00,86.25615588697372
2012-11-21 00:00:00,36.006580223749324
2012-11-21 01:00:00,14.428777359579684
2012-11-21 02:00:00,6.530101230882762
2012-11-21 03:00:00,4.488323659132579
2012-11-21 04:00:00,5.874503133277985
2012-11-21 05:00:00,32.409896630574934
2012-11-21 06:00:00,138.10777195152633
2012-11-21 07:00:00,393.21667749563113
2012-11-21 08:00:00,648.1604475719545
2012-11-21 09:00:00,330.7598863486479
2012-11-21 10:00:00,174.53465687624632
2012-11-21 11:00:00,201.11394372203654
2012-11-21 12:00:00,258.1704856154871
2012-11-21 13:00:00,244.15651319102284
2012-11-21 14:00:00,234.82771407225795
2012-11-21 15:00:00,258.0841490991885
2012-11-21 16:00:00,356.9670041508325
2012-11-21 17:00:00,657.7959047640215
2012-11-21 18:00:00,652.1368625519798
2012-11-21 19:00:00,418.1463857127885
2012-11-21 20:00:00,280.86136238869324
2012-11-21 21:00:00,208.39907107471964
2012-11-21 22:00:00,150.14652267033722
2012-11-21 23:00:00,95.53846574652609
2012-11-22 00:00:00,84.77440548227955
2012-11-22 01:00:00,46.5178231061269
2012-11-22 02:00:00,32.34864686443115
2012-11-22 03:00:00,14.627136123828137
2012-11-22 04:00:00,7.956964066417676
2012-11-22 05:00:00,9.816265984420392
2012-11-22 06:00:00,35.36483383980464
2012-11-22 07:00:00,86.90396347901967
2012-11-22 08:00:00,220.5985141267073
2012-11-22 09:00:00,292.16924155649275
2012-11-22 10:00:00,305.6782401943701
2012-11-22 11:00:00,384.2268372825504
2012-11-22 12:00:00,403.50309864670663
2012-11-22 13:00:00,414.7880562853211
2012-11-22 14:00:00,414.6541338274085
2012-11-22 15:00:00,413.5065159936451
2012-11-22 16:00:00,421.7776838418648
2012-11-22 17:00:00,451.8979292259154
2012-11-22 18:00:00,355.60126247340617
2012-11-22 19:00:00,286.15856589431763
2012-11-22 20:00:00,209.6229346208874
2012-11-22 21:00:00,174.54823450126582
2012-11-22 22:00:00,150.48595314561936
2012-11-22 23:00:00,105.25973502762011
2012-11-23 00:00:00,53.51516608223169
2012-11-23 01:00:00,28.000163809062315
2012-11-23 02:00:00,11.181783415976499
2012-11-23 03:00:00,4.756541220727316
2012-11-23 04:00:00,5.912717533654397
2012-11-23 05:00:00,26.463591493042617
2012-11-23 06:00:00,115.6107039515837
2012-11-23 07:00:00,334.21759050431814
2012-11-23 08:00:00,625.4125900757629
2012-11-23 09:00:00,345.9728518902911
2012-11-23 10:00:00,197.5170160653046
2012-11-23 11:00:00,239.00778390503598
2012-11-23 12:00:00,307.13460799268336
2012-11-23 13:00:00,326.42750343370824
2012-11-23 14:00:00,324.46833641439093
2012-11-23 15:00:00,337.1096310831018
2012-11-23 16:00:00,446.0893418684834
2012-11-23 17:00:00,674.2989852052854
2012-11-23 18:00:00,544.0264492963969
2012-11-23 19:00:00,397.58386636186844
2012-11-23 20:00:00,281.26401840468714
2012-11-23 21:00:00,222.7697590131743
2012-11-23 22:00:00,169.71826717211417
2012-11-23 23:00:00,139.68734655374058
2012-11-24 00:00:00,114.44267208785521
2012-11-24 01:00:00,75.868789214179
2012-11-24 02:00:00,52.627722806274946
2012-11-24 03:00:00,23.933869603817442
2012-11-24 04:00:00,7.897217081456122
2012-11-24 05:00:00,8.114846899270155
2012-11-24 06:00:00,19.90111976186825
2012-11-24 07:00:00,56.23081212126684
2012-11-24 08:00:00,140.59969043760248
2012-11-24 09:00:00,205.91521901164137
2012-11-24 10:00:00,284.8417250738892
2012-11-24 11:00:00,338.1510985093478
2012-11-24 12:00:00,369.7903055244065
2012-11-24 13:00:00,429.16975459388607
2012-11-24 14:00:00,401.68252121674027
2012-11-24 15:00:00,390.1390575667389
2012-11-24 16:00:00,369.2557697766684
2012-11-24 17:00:00,325.30370478442717
2012-11-24 18:00:00,264.8002891767724
2012-11-24 19:00:00,232.94265147062643
2012-11-24 20:00:00,170.32779868410304
2012-11-24 21:00:00,141.96722598433897
2012-11-24 22:00:00,125.59513750792152
2012-11-24 23:00:00,95.25119432076161
2012-11-25 00:00:00,79.77780506275522
2012-11-25 01:00:00,73.65049015687195
2012-11-25 02:00:00,52.03147315742497
2012-11-25 03:00:00,25.969038328179245
2012-11-25 04:00:00,7.8964350615681544
2012-11-25 05:00:00,7.314292724658188
2012-11-25 06:00:00,13.713616140313091
2012-11-25 07:00:00,37.8196752507488
2012-11-25 08:00:00,84.75073549211713
2012-11-25 09:00:00,157.0100019494353
2012-11-25 10:00:00,259.17262309423654
2012-11-25 11:00:00,313.78962242621407
2012-11-25 12:00:00,375.1328223473702
2012-11-25 13:00:00,374.5408950412843
2012-11-25 14:00:00,363.26516989821664
2012-11-25 15:00:00,372.72173740519986
2012-11-25 16:00:00,343.1324339122209
2012-11-25 17:00:00,280.1690485063606
2012-11-25 18:00:00,216.51097794121966
2012-11-25 19:00:00,179.6346943333043
2012-11-25 20:00:00,131.37904255851325
2012-11-25 21:00:00,102.38426270434651
2012-11-25 22:00:00,82.42239228985838
2012-11-25 23:00:00,50.01653037321962
2012-11-26 00:00:00,25.228777971946737
2012-11-26 01:00:00,8.950450006385413
2012-11-26 02:00:00,4.533481049727461
2012-11-26 03:00:00,3.3351563831496707
2012-11-26 04:00:00,5.404098781464106
2012-11-26 05:00:00,32.20124176075619
2012-11-26 06:00:00,123.17923829920007
2012-11-26 07:00:00,375.2861705434939
2012-11-26 08:00:00,638.0864078303298
2012-11-26 09:00:00,315.274726958205
2012-11-26 10:00:00,161.01072268328474
2012-11-26 11:00:00,192.85151324015507
2012-11-26 12:00:00,253.01729004985904
2012-11-26 13:00:00,239.74159381393298
2012-11-26 14:00:00,215.06565048224542
2012-11-26 15:00:00,237.74282433250693
2012-11-26 16:00:00,351.26067742074025
2012-11-26 17:00:00,664.4611397811017
2012-11-26 18:00:00,588.5252090127508
2012-11-26 19:00:00,407.96785519528396
2012-11-26 20:00:00,275.8325206095229
2012-11-26 21:00:00,197.8354581147174
2012-11-26 22:00:00,132.39104587800654
2012-11-26 23:00:00,74.40324638851668
2012-11-27 00:00:00,29.99585772366659
2012-11-27 01:00:00,12.823858457722796
2012-11-27 02:00:00,6.01448694067739
2012-11-27 03:00:00,3.8233827281457877
2012-11-27 04:00:00,6.146288970415668
2012-11-27 05:00:00,31.62478372109419
2012-11-27 06:00:00,136.66359781985776
2012-11-27 07:00:00,193.31144155230942
2012-11-27 08:00:00,347.5964095463347
2012-11-27 09:00:00,310.892213314517
2012-11-27 10:00:00,90.93670915652667
2012-11-27 11:00:00,79.68194689645114
2012-11-27 12:00:00,79.22745403895532
2012-11-27 13:00:00,88.56361162945642
2012-11-27 14:00:00,76.70818791406596
2012-11-27 15:00:00,183.89496963576704
2012-11-27 16:00:00,262.9085045093522
2012-11-27 17:00:00,501.4353533058596
2012-11-27 18:00:00,447.3461516977392
2012-11-27 19:00:00,345.76419810370385
2012-11-27 20:00:00,240.16121059799875
2012-11-27 21:00:00,145.56545526695123
2012-11-27 22:00:00,130.12059988583047
2012-11-27 23:00:00,76.38776612936229
2012-11-28 00:00:00,37.0423349982828
2012-11-28 01:00:00,13.849702849119625
2012-11-28 02:00:00,6.664827584234706
2012-11-28 03:00:00,4.128603391235376
2012-11-28 04:00:00,5.822525003346257
2012-11-28 05:00:00,31.65991645707739
2012-11-28 06:00:00,129.2176897829075
2012-11-28 07:00:00,386.39550530631044
2012-11-28 08:00:00,639.6206895425914
2012-11-28 09:00:00,325.25051833846896
2012-11-28 10:00:00,165.33928356041983
2012-11-28 11:00:00,187.99701264496298
2012-11-28 12:00:00,223.90448327963236
2012-11-28 13:00:00,226.74089239474472
2012-11-28 14:00:00,206.0099925150237
2012-11-28 15:00:00,222.64836698491405
2012-11-28 16:00:00,307.4408611962375
2012-11-28 17:00:00,595.5496183032761
2012-11-28 18:00:00,542.4185349203592
2012-11-28 19:00:00,386.34805875480583
2012-11-28 20:00:00,275.30394858918123
2012-11-28 21:00:00,192.7150324356209
2012-11-28 22:00:00,140.84089989953856
2012-11-28 23:00:00,83.56849391088579
2012-11-29 00:00:00,34.46317046200982
2012-11-29 01:00:00,12.67933334737368
2012-11-29 02:00:00,5.9417852461536285
2012-11-29 04:00:00,5.64406920564561
2012-11-29 05:00:00,30.203265612951903
2012-11-29 06:00:00,128.47907895289154
2012-11-29 07:00:00,379.6164023694632
2012-11-29 08:00:00,662.3434650038851
2012-11-29 09:00:00,317.3141087161782
2012-11-29 10:00:00,163.71061380959082
2012-11-29 11:00:00,200.77968460332326
2012-11-29 12:00:00,242.20081027666913
2012-11-29 13:00:00,237.20588110754156
2012-11-29 14:00:00,211.80796425518355
2012-11-29 15:00:00,226.86049771359234
2012-11-29 16:00:00,316.4620524358887
2012-11-29 17:00:00,597.9668221573052
2012-11-29 18:00:00,565.9209126581488
2012-11-29 19:00:00,375.9551770367903
2012-11-29 20:00:00,270.0674217244872
2012-11-29 21:00:00,186.04969651586526
2012-11-29 22:00:00,141.19900558574258
2012-11-29 23:00:00,97.71021901574977
2012-11-30 00:00:00,53.5801963242951
2012-11-30 01:00:00,25.062576674549156
2012-11-30 02:00:00,10.115461329472232
2012-11-30 03:00:00,4.6514571676199115
2012-11-30 04:00:00,5.497008693714253
2012-11-30 05:00:00,26.358411461477388
2012-11-30 06:00:00,106.40354965507768
2012-11-30 07:00:00,334.4192073604044
2012-11-30 08:00:00,617.7631019621449
2012-11-30 09:00:00,340.82991890222513
2012-11-30 10:00:00,179.6686151833894
2012-11-30 11:00:00,218.40445893364642
2012-11-30 12:00:00,272.7494929835585
2012-11-30 13:00:00,286.6503825474079
2012-11-30 14:00:00,263.43340244005367
2012-11-30 15:00:00,289.63477329705745
2012-11-30 16:00:00,400.4952663366816
2012-11-30 17:00:00,571.8410580986933
2012-11-30 18:00:00,465.6362713416431
2012-11-30 19:00:00,333.1029884918042
2012-11-30 20:00:00,227.45406020749664
2012-11-30 21:00:00,172.50883949548324
2012-11-30 22:00:00,159.0283647229009
2012-11-30 23:00:00,116.4906782563703
2012-12-20 00:00:00,40.33542484542413
2012-12-20 01:00:00,14.634537522887559
2012-12-20 02:00:00,6.847788609512203
2012-12-20 03:00:00,4.377719267125965
2012-12-20 04:00:00,6.1364067402822595
2012-12-20 05:00:00,32.79783593939599
2012-12-20 06:00:00,134.5699642222766
2012-12-20 07:00:00,395.94768445110833
2012-12-20 08:00:00,646.1798880643144
2012-12-20 09:00:00,321.017629992683
2012-12-20 10:00:00,158.74652679743272
2012-12-20 11:00:00,181.18146207042128
2012-12-20 12:00:00,228.25520551683422
2012-12-20 13:00:00,219.5049995725647
2012-12-20 14:00:00,199.78715625873662
2012-12-20 15:00:00,211.43007297697076
2012-12-20 16:00:00,288.1205254464517
2012-12-20 17:00:00,553.8159893250767
2012-12-20 18:00:00,544.4407711952173
2012-12-20 19:00:00,250.19580983067505
2012-12-20 20:00:00,172.46079035599587
2012-12-20 21:00:00,127.02703067990362
2012-12-20 22:00:00,80.28593678870169
2012-12-20 23:00:00,66.59180093482622
2012-12-21 00:00:00,33.453623221817274
2012-12-21 01:00:00,18.962532820326015
2012-12-21 02:00:00,8.598063128136449
2012-12-21 03:00:00,3.726804972831322
2012-12-21 04:00:00,3.590483310533142
2012-12-21 05:00:00,19.982660167335347
2012-12-21 06:00:00,79.48099671640236
2012-12-21 07:00:00,259.8389956426249
2012-12-21 08:00:00,469.42292669357573
2012-12-21 09:00:00,247.49119984902148
2012-12-21 10:00:00,132.41887785154006
2012-12-21 11:00:00,145.44066131183644
2012-12-21 12:00:00,190.51653004362737
2012-12-21 13:00:00,190.57499817561063
2012-12-21 14:00:00,171.52098722095627
2012-12-21 15:00:00,183.80330284514264
2012-12-21 16:00:00,225.89768766469518
2012-12-21 17:00:00,363.50426941980095
2012-12-21 18:00:00,314.31022800487534
2012-12-21 19:00:00,224.8914877341325
2012-12-21 20:00:00,146.8982373949871
2012-12-21 21:00:00,108.37280846970239
2012-12-21 22:00:00,101.13698876961239
2012-12-21 23:00:00,79.68675635365271
2012-12-22 00:00:00,68.66188981492772
2012-12-22 01:00:00,51.914412178069234
2012-12-22 02:00:00,38.066336082188364
2012-12-22 03:00:00,18.456511984560525
2012-12-22 04:00:00,4.827564692309877
2012-12-22 05:00:00,4.452547098598359
2012-12-22 06:00:00,10.20963909271642
2012-12-22 07:00:00,33.32283988913912
2012-12-22 08:00:00,95.92436117464659
2012-12-22 09:00:00,139.02442891577982
2012-12-22 10:00:00,214.2223792092291
2012-12-22 11:00:00,245.12343137207552
2012-12-22 12:00:00,280.3379723095976
2012-12-22 13:00:00,319.71918029232825
2012-12-22 14:00:00,293.3815862311663
2012-12-22 15:00:00,273.3326534397203
2012-12-22 16:00:00,250.77476140246426
2012-12-22 17:00:00,217.03944972758964
2012-12-22 18:00:00,179.8998960511151
2012-12-22 19:00:00,157.02006324417522
2012-12-22 20:00:00,115.03890288894316
2012-12-22 21:00:00,84.66135727823084
2012-12-22 22:00:00,77.68896710632319
2012-12-22 23:00:00,63.39897357787096
2012-12-23 00:00:00,62.758949765336766
2012-12-23 01:00:00,56.59554101768758
2012-12-23 02:00:00,43.82493685047389
2012-12-23 03:00:00,23.827490841046618
2012-12-23 04:00:00,6.194406588615318
2012-12-23 05:00:00,4.157429285921062
2012-12-23 06:00:00,6.298305796741606
2012-12-23 07:00:00,19.97396484211883
2012-12-23 08:00:00,51.924365790524234
2012-12-23 09:00:00,93.0712664906059
2012-12-23 10:00:00,181.73177861936844
2012-12-23 11:00:00,225.383660145422
2012-12-23 12:00:00,292.3549216726749
2012-12-23 13:00:00,320.1756927492674
2012-12-23 14:00:00,305.4087067859352
2012-12-23 15:00:00,315.12885047438317
2012-12-23 16:00:00,287.03135554696667
2012-12-23 17:00:00,223.48314085634232
2012-12-23 18:00:00,163.4085555460594
2012-12-23 19:00:00,142.21304941857835
2012-12-23 20:00:00,88.62247330940502
2012-12-23 21:00:00,69.21083862234848
2012-12-23 22:00:00,59.36694435567795
2012-12-23 23:00:00,42.92626390774813
2012-12-24 00:00:00,18.67519397834056
2012-12-24 01:00:00,6.558010376476406
2012-12-24 02:00:00,3.831833003999689
2012-12-24 03:00:00,2.846331309013439
2012-12-24 05:00:00,20.53548472237892
2012-12-24 06:00:00,89.05134644413359
2012-12-24 07:00:00,269.15562650422885
2012-12-24 08:00:00,475.24832715940255
2012-12-24 09:00:00,227.6005914819754
2012-12-24 10:00:00,104.44713023801268
2012-12-24 11:00:00,116.18885794818264
2012-12-24 12:00:00,141.0323312596706
2012-12-24 13:00:00,71.88686299495306
2012-12-24 14:00:00,67.08193525399722
2012-12-24 15:00:00,67.87080061032191
2012-12-24 16:00:00,99.64637953192675
2012-12-24 17:00:00,233.53054577260147
2012-12-24 18:00:00,216.45339582271225
2012-12-24 19:00:00,241.66381336606216
2012-12-24 20:00:00,110.94046813569153
2012-12-24 21:00:00,69.96808617267527
2012-12-24 22:00:00,77.69561674016722
2012-12-24 23:00:00,36.6548668180473
2012-12-25 00:00:00,28.397488264514642
2012-12-25 01:00:00,28.299292970288235
2012-12-25 02:00:00,20.8730059710056
2012-12-25 04:00:00,4.201554598974477
2012-12-25 05:00:00,6.006424537967718
2012-12-25 06:00:00,14.529913260515098
2012-12-25 07:00:00,44.85126795835876
2012-12-25 08:00:00,139.88595970542283
2012-12-25 09:00:00,169.08737060425452
2012-12-25 10:00:00,207.34970753042492
2012-12-25 11:00:00,232.64629985492303
2012-12-25 12:00:00,259.38436432897964
2012-12-25 13:00:00,278.15410484281836
2012-12-25 14:00:00,260.84571316805955
2012-12-25 15:00:00,251.45408685538263
2012-12-25 16:00:00,250.9615309127586
2012-12-25 17:00:00,244.03877504563545
2012-12-25 18:00:00,210.5062697462177
2012-12-25 19:00:00,188.83840267032608
2012-12-25 20:00:00,116.81177411174802
2012-12-25 21:00:00,91.09811501049366
2012-12-25 22:00:00,82.63656842908549
2012-12-25 23:00:00,50.135516652053425
2012-12-26 00:00:00,22.524451764955703
2012-12-26 01:00:00,6.290198467825619
2012-12-26 02:00:00,3.4548615771302873
2012-12-26 03:00:00,2.6325160181282943
2012-12-26 04:00:00,2.9435191937405674
2012-12-26 05:00:00,18.843923917733452
2012-12-26 06:00:00,88.13530186907394
2012-12-26 07:00:00,113.16584141902766
2012-12-26 08:00:00,195.52233842126628
2012-12-26 09:00:00,90.91858994323461
2012-12-26 10:00:00,52.50130058307229
2012-12-26 11:00:00,51.0048365828781
2012-12-26 12:00:00,52.74628738730236
2012-12-26 13:00:00,51.74842082886118
2012-12-26 14:00:00,61.328271254891135
2012-12-26 15:00:00,55.502224406187196
2012-12-26 16:00:00,79.01289158918222
2012-12-26 17:00:00,152.43953928793195
2012-12-26 18:00:00,150.03093956424578
2012-12-26 19:00:00,126.31177392674503
2012-12-26 20:00:00,76.81556917110336
2012-12-26 21:00:00,98.42996011079784
2012-12-26 22:00:00,39.49004264741609
2012-12-26 23:00:00,33.502588474735774
2012-12-27 00:00:00,15.930571264838603
2012-12-27 01:00:00,4.868679731363432
2012-12-27 02:00:00,3.5091585069582787
2012-12-27 03:00:00,3.002923787651551
2012-12-27 04:00:00,3.0333343802382853
2012-12-27 05:00:00,23.824617611165344
2012-12-27 06:00:00,87.97429396811921
2012-12-27 07:00:00,301.29637143470393
2012-12-27 08:00:00,490.3747066941663
2012-12-27 09:00:00,244.21147881974355
2012-12-27 10:00:00,118.44158146840468
2012-12-27 11:00:00,121.42408283327686
2012-12-27 12:00:00,148.6031840430939
2012-12-27 13:00:00,140.08386120219416
2012-12-27 14:00:00,116.24431215335389
2012-12-27 15:00:00,127.05848933526464
2012-12-27 16:00:00,199.43269271660978
2012-12-27 17:00:00,374.527653153667
2012-12-27 18:00:00,366.5868808631236
2012-12-27 19:00:00,245.91600822643264
2012-12-27 20:00:00,197.51573172060273
2012-12-27 21:00:00,123.07469236438942
2012-12-27 22:00:00,90.1356625874907
2012-12-27 23:00:00,60.830988243812286
2012-12-28 00:00:00,40.573686146631466
2012-12-28 01:00:00,21.216964301076988
2012-12-28 02:00:00,7.23933551240585
2012-12-28 03:00:00,4.080017078736888
2012-12-28 04:00:00,3.7038778744392666
2012-12-28 05:00:00,19.73858461470365
2012-12-28 06:00:00,81.30050351952276
2012-12-28 07:00:00,247.3008739407729
2012-12-28 08:00:00,475.7865210579965
2012-12-28 09:00:00,251.6035712030871
2012-12-28 10:00:00,123.38459095637724
2012-12-28 11:00:00,139.01209197385714
2012-12-28 12:00:00,188.7965421296575
2012-12-28 13:00:00,188.75187377754466
2012-12-28 14:00:00,169.66002174407595
2012-12-28 15:00:00,182.97789944208404
2012-12-28 16:00:00,236.87247230494853
2012-12-28 17:00:00,384.21554981618726
2012-12-28 18:00:00,333.5870905217064
2012-12-28 19:00:00,223.80275313026627
2012-12-28 20:00:00,139.1900658092784
2012-12-28 21:00:00,107.0403293347751
2012-12-28 22:00:00,93.81301132991213
2012-12-28 23:00:00,72.42186313973704
2012-12-29 00:00:00,69.4770346933322
2012-12-29 01:00:00,56.99041575598362
2012-12-29 02:00:00,40.737314258835866
2012-12-29 03:00:00,19.876563348169633
2012-12-29 04:00:00,5.248329782414611
2012-12-29 05:00:00,4.695984822166894
2012-12-29 06:00:00,9.89219657788313
2012-12-29 07:00:00,32.452377665702755
2012-12-29 08:00:00,97.04538571538438
2012-12-29 09:00:00,138.96633055712147
2012-12-29 10:00:00,122.43682131780967
2012-12-29 11:00:00,137.74460336050277
2012-12-29 12:00:00,172.6738778601063
2012-12-29 13:00:00,179.75125164290895
2012-12-29 14:00:00,262.6204859790166
2012-12-29 15:00:00,254.95580470579677
2012-12-29 16:00:00,267.91636654067304
2012-12-29 17:00:00,224.87034405638144
2012-12-29 18:00:00,195.43416932912362
2012-12-29 19:00:00,161.94707089721715
2012-12-29 20:00:00,104.0197689293686
2012-12-29 21:00:00,90.44420161238298
2012-12-29 22:00:00,84.77517878422849
2012-12-29 23:00:00,71.75742738588599
2012-12-30 00:00:00,72.02626568789593
2012-12-30 01:00:00,57.56131689140998
2012-12-30 02:00:00,48.049232914659115
2012-12-30 03:00:00,21.517427673456783
2012-12-30 04:00:00,4.945279080596323
2012-12-30 05:00:00,4.012955827182686
2012-12-30 06:00:00,5.738198845706486
2012-12-30 07:00:00,20.087977465212845
2012-12-30 08:00:00,55.87762565036307
2012-12-30 09:00:00,99.70151643385715
2012-12-30 10:00:00,178.48031641506944
2012-12-30 11:00:00,231.21613340495298
2012-12-30 12:00:00,265.49681337055057
2012-12-30 13:00:00,271.6275116403325
2012-12-30 14:00:00,262.0125582037033
2012-12-30 15:00:00,250.14175339092318
2012-12-30 16:00:00,233.4055392513448
2012-12-30 17:00:00,199.31259548002794
2012-12-30 18:00:00,152.49995227214603
2012-12-30 19:00:00,157.22887363404556
2012-12-30 20:00:00,76.033988584433
2012-12-30 21:00:00,59.066424331872255
2012-12-30 22:00:00,49.49386633528282
2012-12-30 23:00:00,32.88892688666674
2012-12-31 00:00:00,18.74788575329594
2012-12-31 01:00:00,6.708332598018177
2012-12-31 02:00:00,3.9794365843544566
2012-12-31 03:00:00,2.7966234288323792
2012-12-31 04:00:00,3.646543371343375
2012-12-31 05:00:00,19.554060329078467
2012-12-31 06:00:00,84.68688888477578
2012-12-31 07:00:00,255.69646853081179
2012-12-31 08:00:00,430.8871751589872
2012-12-31 09:00:00,224.10871994291145
2012-12-31 10:00:00,98.39547127493923
2012-12-31 11:00:00,109.00602497344929
2012-12-31 12:00:00,141.43381075398887
2012-12-31 13:00:00,134.2737850626573
2012-12-31 14:00:00,122.56723906505256
2012-12-31 15:00:00,131.64580672147878
2012-12-31 16:00:00,197.12665352453217
2012-12-31 17:00:00,384.6562218058119
2012-12-31 18:00:00,375.50832107952306
2012-12-31 19:00:00,242.31646284415928
2012-12-31 20:00:00,181.61375994849553
2012-12-31 21:00:00,120.61197391265785
2012-12-31 22:00:00,85.75102495098334
2012-12-31 23:00:00,48.68734308887927
