datetime,count
2011-01-20 00:00:00,9.097146217981575
2011-01-20 01:00:00,4.143458594105101
2011-01-20 02:00:00,2.681231531166124
2011-01-20 03:00:00,2.2245444604609914
2011-01-20 04:00:00,1.9282731978652283
2011-01-20 05:00:00,6.069896432943293
2011-01-20 06:00:00,36.20024731632529
2011-01-20 07:00:00,99.5940985845725
2011-01-20 08:00:00,197.0756846066867
2011-01-20 09:00:00,102.70436954873468
2011-01-20 10:00:00,53.55391781063119
2011-01-20 11:00:00,56.431887798384395
2011-01-20 12:00:00,71.58283872165818
2011-01-20 13:00:00,66.80028194023615
2011-01-20 14:00:00,62.98030012360256
2011-01-20 15:00:00,67.44226899722997
2011-01-20 16:00:00,89.78965725105891
2011-01-20 17:00:00,181.49833186598119
2011-01-20 18:00:00,172.9865567678894
2011-01-20 19:00:00,102.34855520574727
2011-01-20 20:00:00,82.36063716543741
2011-01-20 21:00:00,56.16112925512455
2011-01-20 22:00:00,41.24528443472962
2011-01-20 23:00:00,20.909415314120814
2011-01-21 00:00:00,14.48507755909103
2011-01-21 01:00:00,5.537775812792974
2011-01-21 02:00:00,3.392385539347808
2011-01-21 03:00:00,1.8602747673571787
2011-01-21 04:00:00,2.0399508996209206
2011-01-21 05:00:00,4.288115957523489
2011-01-21 06:00:00,30.812872579115414
2011-01-21 07:00:00,83.14896948433453
2011-01-21 08:00:00,178.41801333123547
2011-01-21 09:00:00,90.69403686780682
2011-01-21 10:00:00,41.222874225470775
2011-01-21 11:00:00,50.52618487749504
2011-01-21 12:00:00,66.44352270258234
2011-01-21 13:00:00,61.04168403816922
2011-01-21 14:00:00,53.770052218139256
2011-01-21 15:00:00,60.36351103455996
2011-01-21 16:00:00,68.19757246802497
2011-01-21 17:00:00,136.8961725324034
2011-01-21 18:00:00,120.12606629040395
2011-01-21 19:00:00,67.47399009946221
2011-01-21 20:00:00,46.815143998265484
2011-01-21 21:00:00,34.658029846572845
2011-01-21 22:00:00,31.715969274599516
2011-01-21 23:00:00,21.211387389219425
2011-01-22 00:00:00,22.079016767989074
2011-01-22 01:00:00,14.114724613452378
2011-01-22 02:00:00,11.345711393933616
2011-01-22 03:00:00,4.125048893872732
2011-01-22 04:00:00,1.5069456271457322
2011-01-22 06:00:00,3.162227071821988
2011-01-22 07:00:00,6.8125724099654485
2011-01-22 08:00:00,22.62666884029902
2011-01-22 09:00:00,35.73318474746258
2011-01-22 10:00:00,60.01272300283626
2011-01-22 11:00:00,65.2975337800796
2011-01-22 12:00:00,89.53601187471914
2011-01-22 13:00:00,92.13275056624218
2011-01-22 14:00:00,84.30242898516785
2011-01-22 15:00:00,83.93822106664697
2011-01-22 16:00:00,80.29133723635998
2011-01-22 17:00:00,73.18357587976911
2011-01-22 18:00:00,58.53196932038367
2011-01-22 19:00:00,51.69097445286034
2011-01-22 20:00:00,36.36749469228855
2011-01-22 21:00:00,32.9017668789148
2011-01-22 22:00:00,24.293719665001696
2011-01-22 23:00:00,17.735906040177717
2011-01-23 00:00:00,20.6424955679556
2011-01-23 01:00:00,15.388988887468322
2011-01-23 02:00:00,11.901253278350895
2011-01-23 03:00:00,7.054480745400012
2011-01-23 05:00:00,1.7060922822242004
2011-01-23 06:00:00,2.259079772116572
2011-01-23 07:00:00,4.985841189402526
2011-01-23 08:00:00,13.898915797791632
2011-01-23 09:00:00,25.82440573520649
2011-01-23 10:00:00,53.88012647799029
2011-01-23 11:00:00,61.38761462829472
2011-01-23 12:00:00,79.4136485085207
2011-01-23 13:00:00,82.33920051044491
2011-01-23 14:00:00,79.2827837882728
2011-01-23 15:00:00,78.05116493698074
2011-01-23 16:00:00,75.73970624929035
2011-01-23 17:00:00,62.27331664819421
2011-01-23 18:00:00,56.14303863949403
2011-01-23 19:00:00,45.32952301504888
2011-01-23 20:00:00,31.08792694370536
2011-01-23 21:00:00,24.357123037748693
2011-01-23 22:00:00,16.228379934135955
2011-01-23 23:00:00,11.528235119022245
2011-01-24 00:00:00,6.627077748269385
2011-01-24 01:00:00,2.6618355002660192
2011-01-24 03:00:00,1.5407589322086084
2011-01-24 04:00:00,1.7403422653747511
2011-01-24 05:00:00,5.000912448309894
2011-01-24 06:00:00,26.99492702461331
2011-01-24 07:00:00,77.2744331946786
2011-01-24 08:00:00,169.30659180780503
2011-01-24 09:00:00,82.55363765009201
2011-01-24 10:00:00,36.61852793947932
2011-01-24 11:00:00,36.284784474386825
2011-01-24 12:00:00,45.452504822500856
2011-01-24 13:00:00,44.358878790811396
2011-01-24 14:00:00,40.062020068939546
2011-01-24 15:00:00,46.82334991979688
2011-01-24 16:00:00,66.81556103601298
2011-01-24 17:00:00,141.64819325665547
2011-01-24 18:00:00,143.16921368079238
2011-01-24 19:00:00,86.96217241334217
2011-01-24 20:00:00,62.8253741475575
2011-01-24 21:00:00,41.50680784043277
2011-01-24 22:00:00,28.34232920236279
2011-01-24 23:00:00,15.084894550917973
2011-01-25 00:00:00,6.078069313843212
2011-01-25 01:00:00,3.2664646633876604
2011-01-25 02:00:00,2.0309038493698606
2011-01-25 04:00:00,1.7340874427334336
2011-01-25 05:00:00,4.5031381484913116
2011-01-25 06:00:00,29.50739616448807
2011-01-25 07:00:00,79.69656620906251
2011-01-25 08:00:00,173.55596062394645
2011-01-25 09:00:00,95.86904872913684
2011-01-25 10:00:00,46.425664459999126
2011-01-25 11:00:00,50.83656171733497
2011-01-25 12:00:00,66.03086486756749
2011-01-25 13:00:00,63.670213926192304
2011-01-25 14:00:00,61.87613896167815
2011-01-25 15:00:00,67.47402413543267
2011-01-25 16:00:00,96.31699979643463
2011-01-25 17:00:00,188.16256112268064
2011-01-25 18:00:00,178.10951475737693
2011-01-25 19:00:00,105.26628450971822
2011-01-25 20:00:00,80.30275427260138
2011-01-25 21:00:00,55.29035146365119
2011-01-25 22:00:00,39.004442603618514
2011-01-25 23:00:00,19.393052002155137
2011-01-26 00:00:00,8.600036562802888
2011-01-26 01:00:00,3.743660466696265
2011-01-26 02:00:00,2.4654197107946683
2011-01-26 05:00:00,2.360510210031431
2011-01-26 06:00:00,10.668495678469775
2011-01-26 07:00:00,39.54494601771427
2011-01-26 08:00:00,81.58129919873222
2011-01-26 09:00:00,31.7866130965116
2011-01-26 10:00:00,17.85398814287636
2011-01-26 11:00:00,14.781062655047553
2011-01-26 12:00:00,12.353691403132556
2011-01-26 13:00:00,12.398976001490897
2011-01-26 14:00:00,13.992902162829726
2011-01-26 15:00:00,9.996454071239032
2011-01-26 16:00:00,20.57271264565852
2011-01-26 17:00:00,45.04385012273361
2011-01-27 16:00:00,83.4125108656629
2011-01-27 17:00:00,170.3785285166366
2011-01-27 18:00:00,157.17004206788272
2011-01-27 19:00:00,96.99297278270778
2011-01-27 20:00:00,76.85542761753345
2011-01-27 21:00:00,50.11207674184525
2011-01-27 22:00:00,40.542166893324776
2011-01-27 23:00:00,20.73455636792961
2011-01-28 00:00:00,13.794602640002452
2011-01-28 01:00:00,6.170322487068989
2011-01-28 02:00:00,2.9565958525737077
2011-01-28 03:00:00,2.153962700893575
2011-01-28 05:00:00,6.026758292499272
2011-01-28 06:00:00,26.294590696318522
2011-01-28 07:00:00,76.14305231228406
2011-01-28 08:00:00,166.84766844902757
2011-01-28 09:00:00,56.38673297612307
2011-01-28 10:00:00,24.494462539719663
2011-01-28 11:00:00,28.690146712063296
2011-01-28 12:00:00,38.03791896365601
2011-01-28 13:00:00,37.95486692618721
2011-01-28 14:00:00,40.16207981158222
2011-01-28 15:00:00,59.92917207907336
2011-01-28 16:00:00,84.54593554356791
2011-01-28 17:00:00,162.98009898744064
2011-01-28 18:00:00,138.8089203206933
2011-01-28 19:00:00,87.15390867068433
2011-01-28 20:00:00,62.35536479836256
2011-01-28 21:00:00,43.90962959440952
2011-01-28 22:00:00,42.812900025930716
2011-01-28 23:00:00,27.32512372354149
2011-01-29 00:00:00,25.059530651320667
2011-01-29 01:00:00,18.760605556837668
2011-01-29 02:00:00,14.159661855211809
2011-01-29 03:00:00,7.981558675132622
2011-01-29 04:00:00,2.352091556020441
2011-01-29 06:00:00,3.66489972011932
2011-01-29 07:00:00,8.798475541618377
2011-01-29 08:00:00,27.63744516752798
2011-01-29 09:00:00,45.28024056382595
2011-01-29 10:00:00,72.23477825239712
2011-01-29 11:00:00,73.57837063608724
2011-01-29 12:00:00,96.75761648429295
2011-01-29 13:00:00,105.08866758694799
2011-01-29 14:00:00,96.95069019819448
2011-01-29 15:00:00,93.14295647815752
2011-01-29 16:00:00,101.41714463867235
2011-01-29 17:00:00,87.44736636519589
2011-01-29 18:00:00,73.89842169914652
2011-01-29 19:00:00,62.681753219253494
2011-01-29 20:00:00,43.54041673363411
2011-01-29 21:00:00,37.92043636602036
2011-01-29 22:00:00,25.630279759448797
2011-01-29 23:00:00,21.3463817215843
2011-01-30 00:00:00,25.53976168198132
2011-01-30 01:00:00,20.829011013870417
2011-01-30 02:00:00,17.052445936804602
2011-01-30 03:00:00,9.582651005441367
2011-01-30 04:00:00,2.8706922408278537
2011-01-30 05:00:00,2.084865575437891
2011-01-30 07:00:00,6.3348968037070925
2011-01-30 08:00:00,16.103217434122605
2011-01-30 09:00:00,35.75588284257244
2011-01-30 10:00:00,71.4533005957496
2011-01-30 11:00:00,80.93793879792585
2011-01-30 12:00:00,121.20701791956814
2011-01-30 13:00:00,114.85322282258943
2011-01-30 14:00:00,112.28064647053358
2011-01-30 15:00:00,117.89281408927407
2011-01-30 16:00:00,114.9455043574027
2011-01-30 17:00:00,88.21806133059327
2011-01-30 18:00:00,76.18387711634519
2011-01-30 19:00:00,62.4238136528371
2011-01-30 20:00:00,43.5137896390881
2011-01-30 21:00:00,29.689419872427063
2011-01-30 22:00:00,18.39625005148997
2011-01-30 23:00:00,12.035911375065671
2011-01-31 00:00:00,7.7419756684099195
2011-01-31 01:00:00,3.0292587266387443
2011-01-31 02:00:00,2.268878921188225
2011-01-31 03:00:00,1.8588724164474582
2011-01-31 04:00:00,1.3703081656128828
2011-01-31 05:00:00,3.4329738318109104
2011-01-31 06:00:00,25.067254128700235
2011-01-31 07:00:00,77.91644818902091
2011-01-31 08:00:00,163.72132399646628
2011-01-31 09:00:00,78.7036872218321
2011-01-31 10:00:00,36.492656440212066
2011-01-31 11:00:00,37.37636365077273
2011-01-31 12:00:00,52.57193810980944
2011-01-31 13:00:00,52.18805682089525
2011-01-31 14:00:00,42.854791740456434
2011-01-31 15:00:00,45.29696018498361
2011-01-31 16:00:00,69.94414782119895
2011-01-31 17:00:00,149.90019733517653
2011-01-31 18:00:00,146.6045098508875
2011-01-31 19:00:00,112.49441004415844
2011-01-31 20:00:00,51.7838927730583
2011-01-31 21:00:00,36.7009063828248
2011-01-31 22:00:00,30.437658017642065
2011-01-31 23:00:00,16.077250451246773
2011-02-20 00:00:00,31.69791790424415
2011-02-20 01:00:00,19.841730251616116
2011-02-20 02:00:00,15.229712571405617
2011-02-20 03:00:00,7.429792876977798
2011-02-20 04:00:00,1.4744559491941869
2011-02-20 06:00:00,2.4322344663594704
2011-02-20 07:00:00,7.235145317388672
2011-02-20 08:00:00,22.735183009345047
2011-02-20 09:00:00,44.57022881618948
2011-02-20 10:00:00,90.99541774530886
2011-02-20 11:00:00,108.91386999623191
2011-02-20 12:00:00,142.44823485790954
2011-02-20 13:00:00,154.2066098728518
2011-02-20 14:00:00,150.55191911739774
2011-02-20 15:00:00,151.55609070362402
2011-02-20 16:00:00,146.40523698157375
2011-02-20 17:00:00,123.04765158305173
2011-02-20 18:00:00,98.31748421930632
2011-02-20 19:00:00,82.96121612558802
2011-02-20 20:00:00,60.32913533610751
2011-02-20 21:00:00,45.13358188392519
2011-02-20 22:00:00,33.88205059468651
2011-02-20 23:00:00,26.39954486107658
2011-02-21 00:00:00,24.051859715014242
2011-02-21 01:00:00,14.940767828952898
2011-02-21 02:00:00,10.374457603478332
2011-02-21 03:00:00,3.7245112959373845
2011-02-21 04:00:00,2.9237792618497718
2011-02-21 05:00:00,4.0375526549519005
2011-02-21 06:00:00,17.265206173908517
2011-02-21 07:00:00,19.27557850500025
2011-02-21 08:00:00,59.49265986523646
2011-02-21 09:00:00,78.75336511498949
2011-02-21 10:00:00,91.95923869028442
2011-02-21 11:00:00,105.45360699680987
2011-02-21 12:00:00,122.16741835893481
2011-02-21 13:00:00,58.79924995984591
2011-02-21 14:00:00,114.47873453397445
2011-02-21 15:00:00,98.567009761321
2011-02-21 16:00:00,51.10841930815758
2011-02-21 17:00:00,93.79270797494988
2011-02-21 18:00:00,66.10259232032524
2011-02-21 19:00:00,56.09805230732257
2011-02-21 20:00:00,21.75474888994755
2011-02-21 21:00:00,15.807510792970625
2011-02-21 22:00:00,13.12196979928008
2011-02-21 23:00:00,9.21874846525316
2011-02-22 06:00:00,27.084391282006646
2011-02-22 07:00:00,86.94762312422915
2011-02-22 08:00:00,208.44528904868136
2011-02-22 09:00:00,103.02923861174168
2011-02-22 10:00:00,44.485220421645394
2011-02-22 11:00:00,51.11813713280645
2011-02-22 12:00:00,62.80363782035132
2011-02-22 13:00:00,65.93537582400876
2011-02-22 14:00:00,58.84377041936536
2011-02-22 15:00:00,68.67515950220124
2011-02-22 16:00:00,93.2107603901749
2011-02-22 17:00:00,189.3440029117644
2011-02-22 18:00:00,188.26076440510528
2011-02-22 19:00:00,104.7771159726689
2011-02-22 20:00:00,82.36697653056947
2011-02-22 21:00:00,52.889429101198374
2011-02-22 22:00:00,36.815683209908556
2011-02-22 23:00:00,19.359236025219474
2011-02-23 00:00:00,8.683249389914623
2011-02-23 01:00:00,3.394152322738637
2011-02-23 02:00:00,2.1558370429868012
2011-02-23 03:00:00,1.7840737935519313
2011-02-23 05:00:00,5.907943064032035
2011-02-23 06:00:00,34.1991165380235
2011-02-23 07:00:00,98.92138833388672
2011-02-23 08:00:00,206.0064347170857
2011-02-23 09:00:00,116.09047671935501
2011-02-23 10:00:00,52.5355427404526
2011-02-23 11:00:00,60.10096024183966
2011-02-23 12:00:00,77.3598686737061
2011-02-23 13:00:00,77.23492291754144
2011-02-23 14:00:00,72.67589543506887
2011-02-23 15:00:00,80.42287970818012
2011-02-23 16:00:00,114.57169796978185
2011-02-23 17:00:00,217.94247272987482
2011-02-23 18:00:00,211.27080756845845
2011-02-23 19:00:00,132.8427115431174
2011-02-23 20:00:00,97.43871799136065
2011-02-23 21:00:00,66.78085259763827
2011-02-23 22:00:00,50.873563172996775
2011-02-23 23:00:00,26.97151222091629
2011-02-24 00:00:00,11.305181700865926
2011-02-24 01:00:00,4.415673913326637
2011-02-24 02:00:00,2.6222238652640035
2011-02-24 03:00:00,2.138501504447096
2011-02-24 05:00:00,7.254087836641318
2011-02-24 06:00:00,35.570745937251615
2011-02-24 07:00:00,111.63024940599928
2011-02-24 08:00:00,234.8015246338898
2011-02-24 09:00:00,107.13791899102502
2011-02-24 10:00:00,57.179165102997075
2011-02-24 11:00:00,61.456930764806785
2011-02-24 12:00:00,77.62265544485729
2011-02-24 13:00:00,75.53866806509618
2011-02-24 14:00:00,68.59556073869967
2011-02-24 15:00:00,28.14777989513764
2011-02-24 16:00:00,46.61319856152099
2011-02-24 17:00:00,125.64265121078157
2011-02-24 18:00:00,147.62471492178838
2011-02-24 19:00:00,39.198469051733696
2011-02-24 20:00:00,68.49764052416919
2011-02-24 21:00:00,50.233478392561885
2011-02-24 22:00:00,18.43330680921102
2011-02-24 23:00:00,28.362726003634258
2011-02-25 00:00:00,12.127755822460129
2011-02-25 01:00:00,7.198922498306066
2011-02-25 02:00:00,4.897636619366993
2011-02-25 03:00:00,2.713667304295128
2011-02-25 05:00:00,7.21490513529296
2011-02-25 06:00:00,24.02414007902287
2011-02-25 07:00:00,52.460946345709104
2011-02-25 08:00:00,134.23396129035768
2011-02-25 09:00:00,44.50157473754679
2011-02-25 10:00:00,22.376580751479658
2011-02-25 11:00:00,96.14320150960823
2011-02-25 12:00:00,75.58858231414035
2011-02-25 13:00:00,74.45470753942399
2011-02-25 14:00:00,64.07321283732261
2011-02-25 15:00:00,126.74931736453505
2011-02-25 16:00:00,106.9494414069994
2011-02-25 17:00:00,191.04395584649802
2011-02-25 18:00:00,174.94945287118247
2011-02-25 19:00:00,105.63131874135436
2011-02-25 20:00:00,73.67077509888381
2011-02-25 21:00:00,57.57852239206723
2011-02-25 22:00:00,51.33671692213342
2011-02-25 23:00:00,35.44220252324065
2011-02-26 00:00:00,34.107240982641656
2011-02-26 01:00:00,20.697372707030226
2011-02-26 02:00:00,13.590650271223046
2011-02-26 03:00:00,9.10835111738145
2011-02-26 04:00:00,2.8699595156062148
2011-02-26 05:00:00,2.1958166633641634
2011-02-26 06:00:00,4.621466346371332
2011-02-26 07:00:00,11.495881603438235
2011-02-26 08:00:00,38.33917055946457
2011-02-26 09:00:00,61.56060284870952
2011-02-26 10:00:00,98.4962767141287
2011-02-26 11:00:00,113.65399975825099
2011-02-26 12:00:00,143.5034226452537
2011-02-26 13:00:00,146.66357646318713
2011-02-26 14:00:00,139.31285802857877
2011-02-26 15:00:00,138.10440180589444
2011-02-26 16:00:00,139.4411670239832
2011-02-26 17:00:00,125.81347733814579
2011-02-26 18:00:00,106.43615191789004
2011-02-26 19:00:00,85.57207190535047
2011-02-26 20:00:00,64.66520193386756
2011-02-26 21:00:00,54.484504902167004
2011-02-26 22:00:00,46.84343087853814
2011-02-26 23:00:00,34.454440125281124
2011-02-27 00:00:00,31.31739754205615
2011-02-27 01:00:00,28.532039128984817
2011-02-27 02:00:00,21.785386417866814
2011-02-27 03:00:00,11.603052889645003
2011-02-27 04:00:00,3.558600492752284
2011-02-27 06:00:00,3.7646107005747522
2011-02-27 07:00:00,9.999713283430655
2011-02-27 08:00:00,28.39407526320247
2011-02-27 09:00:00,50.755862606727334
2011-02-27 10:00:00,98.15648314507249
2011-02-27 11:00:00,123.26492287166057
2011-02-27 12:00:00,166.15474136945562
2011-02-27 13:00:00,170.32669221656903
2011-02-27 14:00:00,175.61900406127376
2011-02-27 15:00:00,209.2500389534567
2011-02-27 16:00:00,203.10560565390188
2011-02-27 17:00:00,138.62434746608352
2011-02-27 18:00:00,118.6492716334762
2011-02-27 19:00:00,99.21259387283264
2011-02-27 20:00:00,66.92575794586608
2011-02-27 21:00:00,52.073261952334065
2011-02-27 22:00:00,37.27918360691446
2011-02-27 23:00:00,27.116262833280125
2011-02-28 00:00:00,11.191400846815228
2011-02-28 01:00:00,3.4735903823171155
2011-02-28 03:00:00,1.9189974667743475
2011-02-28 05:00:00,7.078268564549813
2011-02-28 06:00:00,38.81941613427282
2011-02-28 07:00:00,125.71522176436153
2011-02-28 08:00:00,185.4560873888567
2011-02-28 09:00:00,122.2466899990102
2011-02-28 10:00:00,69.11911064466504
2011-02-28 11:00:00,79.28867801909519
2011-02-28 12:00:00,106.83497179709391
2011-02-28 13:00:00,34.31146537122969
2011-02-28 14:00:00,22.781054103351316
2011-02-28 15:00:00,24.79017994710882
2011-02-28 16:00:00,38.20347730666549
2011-02-28 17:00:00,53.30399803531928
2011-02-28 18:00:00,95.70688491207794
2011-02-28 19:00:00,25.669133167151656
2011-02-28 20:00:00,25.208806280646932
2011-02-28 21:00:00,56.625078047665944
2011-02-28 22:00:00,16.512624729792517
2011-02-28 23:00:00,24.4041595447083
2011-03-20 00:00:00,39.22926515192094
2011-03-20 01:00:00,30.260176974893582
2011-03-20 02:00:00,20.93809799281928
2011-03-20 03:00:00,9.83791086099836
2011-03-20 04:00:00,2.4348358580602962
2011-03-20 05:00:00,2.0200663144230306
2011-03-20 06:00:00,3.7969159718863237
2011-03-20 07:00:00,9.900184566623842
2011-03-20 08:00:00,34.51492859916809
2011-03-20 09:00:00,61.733469507264736
2011-03-20 10:00:00,116.85690769419355
2011-03-20 11:00:00,134.13411394746151
2011-03-20 12:00:00,171.06012407078725
2011-03-20 13:00:00,173.38953814334099
2011-03-20 14:00:00,172.8835821425668
2011-03-20 15:00:00,170.21769678803247
2011-03-20 16:00:00,167.96513156067704
2011-03-20 17:00:00,150.52717920822323
2011-03-20 18:00:00,127.67921105371087
2011-03-20 19:00:00,95.7409250516511
2011-03-20 20:00:00,68.26883080142174
2011-03-20 21:00:00,46.71326742101243
2011-03-20 22:00:00,35.713798888674866
2011-03-20 23:00:00,16.706599409976548
2011-03-21 00:00:00,12.68042564748681
2011-03-21 01:00:00,6.585240445809775
2011-03-21 02:00:00,3.4636990641758842
2011-03-21 03:00:00,2.0959965157731846
2011-03-21 05:00:00,10.542142726624023
2011-03-21 06:00:00,29.128862988154964
2011-03-21 07:00:00,54.32218634216815
2011-03-21 08:00:00,212.79989353712395
2011-03-21 09:00:00,132.84770315547684
2011-03-21 10:00:00,68.79236042748845
2011-03-21 11:00:00,79.02546218869301
2011-03-21 12:00:00,102.95898309166722
2011-03-21 13:00:00,127.03181501893636
2011-03-21 14:00:00,125.05927178694414
2011-03-21 15:00:00,147.50292609609144
2011-03-21 16:00:00,199.68961617731765
2011-03-21 17:00:00,369.7229001515331
2011-03-21 18:00:00,348.95000834295155
2011-03-21 19:00:00,292.14154017282624
2011-03-21 20:00:00,198.37693423994497
2011-03-21 21:00:00,86.85315249967809
2011-03-21 22:00:00,80.40690382397963
2011-03-21 23:00:00,44.717337472123944
2011-03-22 00:00:00,22.562529552634636
2011-03-22 01:00:00,7.1457185500636555
2011-03-22 02:00:00,7.029263535612332
2011-03-22 03:00:00,4.211158786214907
2011-03-22 04:00:00,3.891523006606124
2011-03-22 05:00:00,12.397328191902083
2011-03-22 06:00:00,60.428987558717914
2011-03-22 07:00:00,204.68304265706468
2011-03-22 08:00:00,309.3487802904922
2011-03-22 09:00:00,153.89919852824613
2011-03-22 10:00:00,75.44329743415943
2011-03-22 11:00:00,89.41224929566823
2011-03-22 12:00:00,126.81221651846934
2011-03-22 13:00:00,134.43419782420352
2011-03-22 14:00:00,117.65371405801913
2011-03-22 15:00:00,134.25076885951614
2011-03-22 16:00:00,188.28717884652195
2011-03-22 17:00:00,359.0689654153029
2011-03-22 18:00:00,345.01456371989354
2011-03-22 19:00:00,229.9503497063763
2011-03-22 20:00:00,151.5737832739556
2011-03-22 21:00:00,96.98452420980271
2011-03-22 22:00:00,74.1359926743238
2011-03-22 23:00:00,40.19106363088827
2011-03-23 00:00:00,14.215752812068436
2011-03-23 01:00:00,7.641627381220022
2011-03-23 02:00:00,4.080678359488472
2011-03-23 03:00:00,2.245207795574253
2011-03-23 05:00:00,9.959023698743612
2011-03-23 06:00:00,47.91568634058757
2011-03-23 07:00:00,147.18413983882425
2011-03-23 08:00:00,276.07036181402145
2011-03-23 09:00:00,142.9149166421787
2011-03-23 10:00:00,63.37173610307348
2011-03-23 11:00:00,66.96787320761695
2011-03-23 12:00:00,69.24143238881425
2011-03-23 13:00:00,41.8888495735453
2011-03-23 14:00:00,78.8740713675904
2011-03-23 15:00:00,94.75039478656629
2011-03-23 16:00:00,170.09218455999496
2011-03-23 17:00:00,312.2312626041954
2011-03-23 18:00:00,165.44664485198092
2011-03-23 19:00:00,110.52238812902777
2011-03-23 20:00:00,27.267146332518728
2011-03-23 21:00:00,22.276224992658477
2011-03-23 22:00:00,53.2393162503272
2011-03-23 23:00:00,24.653945528315766
2011-03-24 00:00:00,13.562017459811525
2011-03-24 01:00:00,6.224817923772948
2011-03-24 02:00:00,3.6744926281955324
2011-03-24 03:00:00,2.4703453832712645
2011-03-24 04:00:00,2.5857527323902025
2011-03-24 05:00:00,10.882456263174365
2011-03-24 06:00:00,49.343667263581565
2011-03-24 07:00:00,58.96549573075803
2011-03-24 08:00:00,105.41136617541981
2011-03-24 09:00:00,130.23381409112937
2011-03-24 10:00:00,47.642546233534226
2011-03-24 11:00:00,71.03373191339375
2011-03-24 12:00:00,86.39691386168337
2011-03-24 13:00:00,91.81517056713152
2011-03-24 14:00:00,82.70021091663844
2011-03-24 15:00:00,88.80773690797474
2011-03-24 16:00:00,136.9567442906739
2011-03-24 17:00:00,265.5431457269149
2011-03-24 18:00:00,256.44059254937997
2011-03-24 19:00:00,188.1678793623051
2011-03-24 20:00:00,124.09275313708054
2011-03-24 21:00:00,87.08881766708363
2011-03-24 22:00:00,69.7330598754012
2011-03-24 23:00:00,34.82210038556614
2011-03-25 00:00:00,18.18612477671978
2011-03-25 01:00:00,9.615868995210429
2011-03-25 02:00:00,4.275877733116003
2011-03-25 03:00:00,2.8347136276809666
2011-03-25 04:00:00,2.208573402180483
2011-03-25 05:00:00,7.426273168609946
2011-03-25 06:00:00,36.038677982853514
2011-03-25 07:00:00,110.78139609340755
2011-03-25 08:00:00,242.33695761554452
2011-03-25 09:00:00,152.6549873101915
2011-03-25 10:00:00,82.65392149204712
2011-03-25 11:00:00,94.8967693959583
2011-03-25 12:00:00,132.341913055426
2011-03-25 13:00:00,133.05640570493748
2011-03-25 14:00:00,127.32242221628795
2011-03-25 15:00:00,126.78574458636228
2011-03-25 16:00:00,177.07341170692422
2011-03-25 17:00:00,273.52817942329534
2011-03-25 18:00:00,254.1771382106243
2011-03-25 19:00:00,153.782812186211
2011-03-25 20:00:00,105.73883108189497
2011-03-25 21:00:00,80.50193281316264
2011-03-25 22:00:00,68.48376734818228
2011-03-25 23:00:00,51.331042298222286
2011-03-26 00:00:00,42.028700893692545
2011-03-26 01:00:00,29.105978290996923
2011-03-26 02:00:00,19.252668466153086
2011-03-26 03:00:00,8.645340568670271
2011-03-26 04:00:00,3.195084612988042
2011-03-26 05:00:00,2.292097607205526
2011-03-26 06:00:00,5.167923318883339
2011-03-26 07:00:00,13.928584311845965
2011-03-26 08:00:00,53.81286876974042
2011-03-26 09:00:00,85.52556903923137
2011-03-26 10:00:00,142.20780298981714
2011-03-26 11:00:00,177.7151244919923
2011-03-26 12:00:00,229.72514235439633
2011-03-26 13:00:00,240.90675329803943
2011-03-26 14:00:00,235.82259590677847
2011-03-26 15:00:00,237.916810913277
2011-03-26 16:00:00,214.90392040838896
2011-03-26 17:00:00,174.3040958017899
2011-03-26 18:00:00,141.9908345060295
2011-03-26 19:00:00,116.99745041603116
2011-03-26 20:00:00,84.47413833850241
2011-03-26 21:00:00,70.75695348605453
2011-03-26 22:00:00,61.632384672470444
2011-03-26 23:00:00,42.301522295273735
2011-03-27 00:00:00,43.79874542736905
2011-03-27 01:00:00,27.773802353629087
2011-03-27 02:00:00,16.575701642109248
2011-03-27 03:00:00,8.7767263562914
2011-03-27 04:00:00,3.1381856671402883
2011-03-27 06:00:00,4.821919805900837
2011-03-27 07:00:00,9.230429038858034
2011-03-27 08:00:00,28.55578052153567
2011-03-27 09:00:00,66.01407996570396
2011-03-27 10:00:00,99.96417308882732
2011-03-27 11:00:00,145.7824005058215
2011-03-27 12:00:00,217.24107355538035
2011-03-27 13:00:00,232.2690477172246
2011-03-27 14:00:00,236.15999042720864
2011-03-27 15:00:00,226.74625866232319
2011-03-27 16:00:00,221.37953738471992
2011-03-27 17:00:00,177.8523431694417
2011-03-27 18:00:00,130.13759147468352
2011-03-27 19:00:00,106.96272975587432
2011-03-27 20:00:00,76.31541280810694
2011-03-27 21:00:00,59.06894351834791
2011-03-27 22:00:00,48.706272686411396
2011-03-27 23:00:00,33.87983722871458
2011-03-28 00:00:00,10.874687569794542
2011-03-28 01:00:00,6.156621739852456
2011-03-28 02:00:00,3.3465890087105965
2011-03-28 03:00:00,2.2761662898834683
2011-03-28 05:00:00,6.257029448607259
2011-03-28 06:00:00,37.95719194370609
2011-03-28 07:00:00,110.729567689956
2011-03-28 08:00:00,222.06031834994644
2011-03-28 09:00:00,118.89269852065745
2011-03-28 10:00:00,64.56636777895116
2011-03-28 11:00:00,70.9618742856065
2011-03-28 12:00:00,95.32480702271397
2011-03-28 13:00:00,93.49174962945519
2011-03-28 14:00:00,84.62177371746854
2011-03-28 15:00:00,93.50060279946938
2011-03-28 16:00:00,140.35498949911778
2011-03-28 17:00:00,276.2248069827292
2011-03-28 18:00:00,265.2358231864105
2011-03-28 19:00:00,197.34229999083243
2011-03-28 20:00:00,135.40003290649668
2011-03-28 21:00:00,91.8075982433997
2011-03-28 22:00:00,58.34401041236423
2011-03-28 23:00:00,28.940300899822343
2011-03-29 00:00:00,9.828613164395314
2011-03-29 01:00:00,4.7841863946106375
2011-03-29 02:00:00,2.927758985171486
2011-03-29 03:00:00,1.8340022237027462
2011-03-29 04:00:00,2.144968513326892
2011-03-29 05:00:00,7.6807635954326265
2011-03-29 06:00:00,47.569743861886835
2011-03-29 07:00:00,127.96460314250642
2011-03-29 08:00:00,269.8465331289235
2011-03-29 09:00:00,148.72525025829026
2011-03-29 10:00:00,69.19777725324715
2011-03-29 11:00:00,74.56822067832346
2011-03-29 12:00:00,102.3397029703628
2011-03-29 13:00:00,95.14719196963229
2011-03-29 14:00:00,92.76412492640998
2011-03-29 15:00:00,107.17333224005739
2011-03-29 16:00:00,164.03653710911982
2011-03-29 17:00:00,337.98807103903675
2011-03-29 18:00:00,292.9473722749228
2011-03-29 19:00:00,204.40647119486192
2011-03-29 20:00:00,148.97893893743623
2011-03-29 21:00:00,94.23211032828426
2011-03-29 22:00:00,70.05517270375368
2011-03-29 23:00:00,38.21113445271111
2011-03-30 00:00:00,16.192102122541762
2011-03-30 01:00:00,7.7668850062344434
2011-03-30 02:00:00,4.07949239080059
2011-03-30 03:00:00,2.494841272318179
2011-03-30 04:00:00,2.989449855249286
2011-03-30 05:00:00,12.12615398571485
2011-03-30 06:00:00,56.0851940449777
2011-03-30 07:00:00,174.76754695478405
2011-03-30 08:00:00,310.1500152572029
2011-03-30 09:00:00,148.69539884036055
2011-03-30 10:00:00,69.00142565846585
2011-03-30 11:00:00,75.60147228661555
2011-03-30 12:00:00,98.49248539516245
2011-03-30 13:00:00,100.60065770412494
2011-03-30 14:00:00,85.89762959478153
2011-03-30 15:00:00,31.880692968523192
2011-03-30 16:00:00,48.21234667108038
2011-03-30 17:00:00,144.77204516096538
2011-03-30 18:00:00,190.1984343753655
2011-03-30 19:00:00,136.24376948896236
2011-03-30 20:00:00,29.229201565584233
2011-03-30 21:00:00,61.003408334760934
2011-03-30 22:00:00,23.539387991159273
2011-03-30 23:00:00,15.459650533650333
2011-03-31 00:00:00,9.45983249566025
2011-03-31 01:00:00,6.37066129993411
2011-03-31 02:00:00,4.37795619854141
2011-03-31 03:00:00,2.69797617361714
2011-03-31 04:00:00,2.4381408195542047
2011-03-31 05:00:00,7.91037622035305
2011-03-31 06:00:00,21.036635078855845
2011-03-31 07:00:00,56.064119466715525
2011-03-31 08:00:00,216.790055997582
2011-03-31 09:00:00,48.14385739698411
2011-03-31 10:00:00,25.72455941153045
2011-03-31 11:00:00,29.89071205861923
2011-03-31 12:00:00,37.895371923359974
2011-03-31 13:00:00,38.04519071870548
2011-03-31 14:00:00,33.341671662010995
2011-03-31 15:00:00,26.573657083166488
2011-03-31 16:00:00,102.07598274446045
2011-03-31 17:00:00,199.5695698565587
2011-03-31 18:00:00,240.53945625116563
2011-03-31 19:00:00,177.42034013768534
2011-03-31 20:00:00,33.63648117651486
2011-03-31 21:00:00,73.29208572799126
2011-03-31 22:00:00,23.902124635262034
2011-03-31 23:00:00,24.10466890072405
2011-04-20 00:00:00,23.173110257204996
2011-04-20 01:00:00,8.030996600554424
2011-04-20 02:00:00,6.3414104786464405
2011-04-20 03:00:00,3.916569296383306
2011-04-20 04:00:00,3.8323037740326367
2011-04-20 05:00:00,12.084113954950327
2011-04-20 06:00:00,58.85458960681898
2011-04-20 07:00:00,147.71315120027157
2011-04-20 08:00:00,308.3855028792846
2011-04-20 09:00:00,166.80244800447178
2011-04-20 10:00:00,106.3188992716342
2011-04-20 11:00:00,119.49749883652103
2011-04-20 12:00:00,159.7796145193335
2011-04-20 13:00:00,157.40004558097465
2011-04-20 14:00:00,140.70603924021933
2011-04-20 15:00:00,154.9419239804967
2011-04-20 16:00:00,220.86425076557234
2011-04-20 17:00:00,410.0273293861549
2011-04-20 18:00:00,413.84172549199053
2011-04-20 19:00:00,318.48621055477065
2011-04-20 20:00:00,214.4167996383727
2011-04-20 21:00:00,167.29126811925636
2011-04-20 22:00:00,126.14164054030938
2011-04-20 23:00:00,68.2795659496172
2011-04-21 00:00:00,26.51255015482549
2011-04-21 01:00:00,13.552549485870152
2011-04-21 02:00:00,6.50898251754601
2011-04-21 03:00:00,3.5641012129874428
2011-04-21 04:00:00,4.010258007959292
2011-04-21 05:00:00,13.588779159427151
2011-04-21 06:00:00,57.95837125970495
2011-04-21 07:00:00,188.70815825823007
2011-04-21 08:00:00,309.53678820763366
2011-04-21 09:00:00,163.6816808618526
2011-04-21 10:00:00,84.33565609762522
2011-04-21 11:00:00,92.89083039413114
2011-04-21 12:00:00,130.93633246970495
2011-04-21 13:00:00,128.4085632826126
2011-04-21 14:00:00,118.95409268273671
2011-04-21 15:00:00,139.52077349628826
2011-04-21 16:00:00,198.97318836521856
2011-04-21 17:00:00,361.8401810815055
2011-04-21 18:00:00,347.48938667246864
2011-04-21 19:00:00,243.14525984086242
2011-04-21 20:00:00,172.83359813999402
2011-04-21 21:00:00,112.22356456048853
2011-04-21 22:00:00,87.55356187586418
2011-04-21 23:00:00,49.74191274175269
2011-04-22 00:00:00,27.918186689321338
2011-04-22 01:00:00,12.08093755805201
2011-04-22 02:00:00,7.293752073520073
2011-04-22 03:00:00,3.463017605925664
2011-04-22 04:00:00,2.7229793590034923
2011-04-22 05:00:00,13.40412119791537
2011-04-22 06:00:00,49.19990280309361
2011-04-22 07:00:00,152.60227063364684
2011-04-22 08:00:00,297.37496937427875
2011-04-22 09:00:00,72.90410808905739
2011-04-22 10:00:00,87.34154802640552
2011-04-22 11:00:00,49.41592305514257
2011-04-22 12:00:00,64.05156217380764
2011-04-22 13:00:00,50.64895362822373
2011-04-22 14:00:00,29.840028814911484
2011-04-22 15:00:00,49.21916112571707
2011-04-22 16:00:00,92.69371930356223
2011-04-22 17:00:00,114.80921790137151
2011-04-22 18:00:00,111.45045826281456
2011-04-22 19:00:00,53.157493509408
2011-04-22 20:00:00,32.469607167710514
2011-04-22 21:00:00,32.316652855522825
2011-04-22 22:00:00,30.593228009068262
2011-04-22 23:00:00,30.86785541792355
2011-04-23 00:00:00,39.13830819552027
2011-04-23 01:00:00,28.629078938477353
2011-04-23 02:00:00,18.65044541850454
2011-04-23 03:00:00,11.164348150673206
2011-04-23 04:00:00,4.989233021946666
2011-04-23 05:00:00,4.738531741218951
2011-04-23 06:00:00,10.809540108107704
2011-04-23 07:00:00,16.106527830204286
2011-04-23 08:00:00,51.586801501624876
2011-04-23 09:00:00,68.69159944869459
2011-04-23 10:00:00,137.98119913179772
2011-04-23 11:00:00,131.26096281693
2011-04-23 12:00:00,167.33048760327017
2011-04-23 13:00:00,174.18717161526308
2011-04-23 14:00:00,224.37090635724044
2011-04-23 15:00:00,227.36503128524475
2011-04-23 16:00:00,226.43986400893147
2011-04-23 17:00:00,221.7950627785554
2011-04-23 18:00:00,194.69331417185754
2011-04-23 19:00:00,155.35761517609603
2011-04-23 20:00:00,99.64339502930876
2011-04-23 21:00:00,108.77458663956105
2011-04-23 22:00:00,101.82467217131926
2011-04-23 23:00:00,67.52735523400207
2011-04-24 00:00:00,72.60135400079038
2011-04-24 01:00:00,50.21791573993602
2011-04-24 02:00:00,40.06392426918125
2011-04-24 03:00:00,18.093993320918816
2011-04-24 04:00:00,8.622166754424047
2011-04-24 05:00:00,9.162454491512335
2011-04-24 06:00:00,10.17810693055204
2011-04-24 07:00:00,21.753824519751007
2011-04-24 08:00:00,62.00541781386181
2011-04-24 09:00:00,106.73902650010199
2011-04-24 10:00:00,172.37152708232554
2011-04-24 11:00:00,238.7004522396632
2011-04-24 12:00:00,252.90307122385576
2011-04-24 13:00:00,274.9757737408871
2011-04-24 14:00:00,330.3733279445481
2011-04-24 15:00:00,259.6000513980294
2011-04-24 16:00:00,336.01135701420645
2011-04-24 17:00:00,245.23029347886416
2011-04-24 18:00:00,208.9412410013075
2011-04-24 19:00:00,113.18037646314815
2011-04-24 20:00:00,84.7673552601827
2011-04-24 21:00:00,53.17956451024271
2011-04-24 22:00:00,40.64596208839449
2011-04-24 23:00:00,32.141814938432276
2011-04-25 00:00:00,11.780607040822893
2011-04-25 01:00:00,8.552135222616542
2011-04-25 02:00:00,6.360258393436512
2011-04-25 03:00:00,3.9853599326072047
2011-04-25 04:00:00,4.787150302837307
2011-04-25 05:00:00,10.747454914272511
2011-04-25 06:00:00,54.65105083685701
2011-04-25 07:00:00,139.33891177595262
2011-04-25 08:00:00,269.11147981905356
2011-04-25 09:00:00,166.51887994002075
2011-04-25 10:00:00,105.65796720555156
2011-04-25 11:00:00,119.30174494589137
2011-04-25 12:00:00,146.91959589705974
2011-04-25 13:00:00,144.85249583902015
2011-04-25 14:00:00,130.07383568763413
2011-04-25 15:00:00,149.54843824977021
2011-04-25 16:00:00,215.60593501966298
2011-04-25 17:00:00,404.1001842816998
2011-04-25 18:00:00,376.54463999510523
2011-04-25 19:00:00,298.88511898072363
2011-04-25 20:00:00,185.17393620133268
2011-04-25 21:00:00,149.77867907696623
2011-04-25 22:00:00,106.23107433488198
2011-04-25 23:00:00,51.398346175535686
2011-04-26 00:00:00,23.811708912649618
2011-04-26 01:00:00,12.466752517806228
2011-04-26 02:00:00,5.882417609462243
2011-04-26 03:00:00,3.3701529104863135
2011-04-26 04:00:00,4.230518277310075
2011-04-26 05:00:00,13.912367955476224
2011-04-26 06:00:00,79.80409441754809
2011-04-26 07:00:00,191.51842106975647
2011-04-26 08:00:00,283.19559830400425
2011-04-26 09:00:00,170.08597776410113
2011-04-26 10:00:00,104.57730536855706
2011-04-26 11:00:00,113.53132735124603
2011-04-26 12:00:00,137.44887401806704
2011-04-26 13:00:00,142.7337089968599
2011-04-26 14:00:00,120.69247281460598
2011-04-26 15:00:00,136.18609637165025
2011-04-26 16:00:00,186.46390548696002
2011-04-26 17:00:00,340.51237728098556
2011-04-26 18:00:00,326.62609014218657
2011-04-26 19:00:00,239.22579067626924
2011-04-26 20:00:00,176.79996877003734
2011-04-26 21:00:00,143.05510056211608
2011-04-26 22:00:00,91.4661688658247
2011-04-26 23:00:00,49.23601861099512
2011-04-27 00:00:00,24.244143972705594
2011-04-27 01:00:00,11.030840981440505
2011-04-27 02:00:00,6.092516660310905
2011-04-27 03:00:00,3.125311283687821
2011-04-27 04:00:00,4.716343843291121
2011-04-27 05:00:00,11.249881808124016
2011-04-27 06:00:00,71.73549368689967
2011-04-27 07:00:00,161.77234726691057
2011-04-27 08:00:00,224.32698106539377
2011-04-27 09:00:00,125.51475341311854
2011-04-27 10:00:00,86.58825376688223
2011-04-27 11:00:00,102.53642027609322
2011-04-27 12:00:00,127.94712466161754
2011-04-27 13:00:00,133.23808482576695
2011-04-27 14:00:00,123.4283435365717
2011-04-27 15:00:00,135.84559319533705
2011-04-27 16:00:00,186.09198116758722
2011-04-27 17:00:00,178.7153996503282
2011-04-27 18:00:00,179.40405340933168
2011-04-27 19:00:00,238.7189743797894
2011-04-27 20:00:00,147.47840840248716
2011-04-27 21:00:00,101.60417043930356
2011-04-27 22:00:00,79.86154437166287
2011-04-27 23:00:00,49.65308711710938
2011-04-28 00:00:00,28.536831536262824
2011-04-28 01:00:00,10.654674290566446
2011-04-28 02:00:00,6.083894424126963
2011-04-28 03:00:00,4.095880625378397
2011-04-28 04:00:00,4.431781771822224
2011-04-28 05:00:00,14.752761300331905
2011-04-28 06:00:00,73.80160257374288
2011-04-28 07:00:00,190.20949507346575
2011-04-28 08:00:00,296.8217007223635
2011-04-28 09:00:00,98.0279670659257
2011-04-28 10:00:00,75.5035568153045
2011-04-28 11:00:00,93.28273438053668
2011-04-28 12:00:00,131.92631692422444
2011-04-28 13:00:00,95.08868236976508
2011-04-28 14:00:00,108.64885733606101
2011-04-28 15:00:00,140.59111518764226
2011-04-28 16:00:00,185.8231732810956
2011-04-28 17:00:00,410.4785949355638
2011-04-28 18:00:00,413.2798279484383
2011-04-28 19:00:00,313.60460528181875
2011-04-28 20:00:00,208.03527006653394
2011-04-28 21:00:00,167.70917168711154
2011-04-28 22:00:00,124.74467612940856
2011-04-28 23:00:00,66.90119552144083
2011-04-29 00:00:00,38.61557739766089
2011-04-29 01:00:00,17.426091533541694
2011-04-29 02:00:00,12.569930886602304
2011-04-29 03:00:00,6.332332546065679
2011-04-29 04:00:00,5.155404286751724
2011-04-29 05:00:00,17.10993471671857
2011-04-29 06:00:00,75.87778727222499
2011-04-29 07:00:00,195.72867512554103
2011-04-29 08:00:00,369.94718300808614
2011-04-29 09:00:00,210.7943194047474
2011-04-29 10:00:00,136.35418942059323
2011-04-29 11:00:00,166.43804157658695
2011-04-29 12:00:00,193.4629808349505
2011-04-29 13:00:00,193.05564746092708
2011-04-29 14:00:00,184.07185850490157
2011-04-29 15:00:00,183.953115013345
2011-04-29 16:00:00,257.6701491704396
2011-04-29 17:00:00,352.7701733684431
2011-04-29 18:00:00,343.44655367807263
2011-04-29 19:00:00,206.3088870127428
2011-04-29 20:00:00,157.25299328040745
2011-04-29 21:00:00,117.78868273595029
2011-04-29 22:00:00,96.23586924808976
2011-04-29 23:00:00,70.19559816145556
2011-04-30 00:00:00,52.02599411116985
2011-04-30 01:00:00,39.42864878134479
2011-04-30 02:00:00,34.87562869299707
2011-04-30 03:00:00,15.777151122594775
2011-04-30 04:00:00,6.395370281336183
2011-04-30 05:00:00,5.897026236057893
2011-04-30 06:00:00,12.930193043272055
2011-04-30 07:00:00,29.871947407099718
2011-04-30 08:00:00,74.53229753248615
2011-04-30 09:00:00,111.65644371851167
2011-04-30 10:00:00,187.4400775269865
2011-04-30 11:00:00,244.0875945552028
2011-04-30 12:00:00,311.66111633027924
2011-04-30 13:00:00,329.2912440951243
2011-04-30 14:00:00,323.3751500760943
2011-04-30 15:00:00,346.28693314046564
2011-04-30 16:00:00,341.08973637160256
2011-04-30 17:00:00,323.65513444567875
2011-04-30 18:00:00,252.38558922926524
2011-04-30 19:00:00,211.39656147074444
2011-04-30 20:00:00,115.91997650767013
2011-04-30 21:00:00,98.25063292444935
2011-04-30 22:00:00,86.46981815020533
2011-04-30 23:00:00,64.53302775508958
2011-05-20 00:00:00,50.76453979031754
2011-05-20 01:00:00,19.05427875829571
2011-05-20 02:00:00,11.023031582537934
2011-05-20 03:00:00,7.011325821029152
2011-05-20 04:00:00,6.205209833700222
2011-05-20 05:00:00,21.11222879462686
2011-05-20 06:00:00,93.68991004447625
2011-05-20 07:00:00,239.82693700839386
2011-05-20 08:00:00,453.70137937408015
2011-05-20 09:00:00,265.02507994493135
2011-05-20 10:00:00,160.5518782367273
2011-05-20 11:00:00,181.22360938290404
2011-05-20 12:00:00,240.69945790045244
2011-05-20 13:00:00,203.9699782415779
2011-05-20 14:00:00,224.45006480596805
2011-05-20 15:00:00,247.42846368858773
2011-05-20 16:00:00,365.32063588917475
2011-05-20 17:00:00,517.8774759161213
2011-05-20 18:00:00,485.2640854806258
2011-05-20 19:00:00,334.2328457383254
2011-05-20 20:00:00,230.9939366321467
2011-05-20 21:00:00,192.39111007642435
2011-05-20 22:00:00,168.38771736441092
2011-05-20 23:00:00,125.13705394534352
2011-05-21 00:00:00,101.8617433236969
2011-05-21 01:00:00,72.53161932474643
2011-05-21 02:00:00,66.71689471221926
2011-05-21 03:00:00,26.51815849285429
2011-05-21 04:00:00,9.036474190189454
2011-05-21 05:00:00,9.898615338934754
2011-05-21 06:00:00,21.61245457352735
2011-05-21 07:00:00,58.31736713215381
2011-05-21 08:00:00,131.93994926312376
2011-05-21 09:00:00,203.67188788658711
2011-05-21 10:00:00,283.2488889518617
2011-05-21 11:00:00,367.9176235710047
2011-05-21 12:00:00,420.25912565403166
2011-05-21 13:00:00,424.68784773239076
2011-05-21 14:00:00,413.58031340672005
2011-05-21 15:00:00,412.1891892822192
2011-05-21 16:00:00,412.7721420076773
2011-05-21 17:00:00,404.75440439812644
2011-05-21 18:00:00,348.80475117796914
2011-05-21 19:00:00,302.9220139652907
2011-05-21 20:00:00,229.14427452961712
2011-05-21 21:00:00,197.97854903125943
2011-05-21 22:00:00,166.03203201034472
2011-05-21 23:00:00,115.95410325564461
2011-05-22 00:00:00,102.96604655755436
2011-05-22 01:00:00,66.99038008549334
2011-05-22 02:00:00,56.41445461938068
2011-05-22 03:00:00,24.735947853008042
2011-05-22 04:00:00,9.604393210188768
2011-05-22 05:00:00,10.246061430906892
2011-05-22 06:00:00,13.58052809766119
2011-05-22 07:00:00,44.18220046297648
2011-05-22 08:00:00,110.49504951458724
2011-05-22 09:00:00,191.960148875065
2011-05-22 10:00:00,278.3434219382383
2011-05-22 11:00:00,366.7287966697682
2011-05-22 12:00:00,404.4014255767579
2011-05-22 13:00:00,409.52898159918243
2011-05-22 14:00:00,301.62514954467383
2011-05-22 15:00:00,382.22433735478273
2011-05-22 16:00:00,395.7134105898847
2011-05-22 17:00:00,394.3138065105396
2011-05-22 18:00:00,341.6902956158016
2011-05-22 19:00:00,294.6618454091097
2011-05-22 20:00:00,222.932432835282
2011-05-22 21:00:00,160.8738457362422
2011-05-22 22:00:00,120.86307518539124
2011-05-22 23:00:00,74.23429012878721
2011-05-23 00:00:00,26.684447436381248
2011-05-23 01:00:00,12.340665458276515
2011-05-23 02:00:00,5.41479955041077
2011-05-23 03:00:00,3.8631945489748007
2011-05-23 04:00:00,4.964799405474739
2011-05-23 05:00:00,17.626942929904303
2011-05-23 06:00:00,67.00492118022669
2011-05-23 07:00:00,225.12886773693663
2011-05-23 08:00:00,327.8851040403903
2011-05-23 09:00:00,192.60920739938226
2011-05-23 10:00:00,131.93617782288516
2011-05-23 11:00:00,149.61081028817006
2011-05-23 12:00:00,186.04349993662456
2011-05-23 13:00:00,175.78506045231023
2011-05-23 14:00:00,152.36679078060706
2011-05-23 15:00:00,174.79254704765913
2011-05-23 16:00:00,277.2685368276493
2011-05-23 17:00:00,363.9072148295586
2011-05-23 18:00:00,438.5572433548979
2011-05-23 19:00:00,361.2483814330334
2011-05-23 20:00:00,221.3233760852932
2011-05-23 21:00:00,131.23318287406764
2011-05-23 22:00:00,95.48438322406047
2011-05-23 23:00:00,62.115835065587405
2011-05-24 00:00:00,20.535166558766434
2011-05-24 01:00:00,9.604005812697114
2011-05-24 02:00:00,6.501178790320225
2011-05-24 03:00:00,4.160847234888498
2011-05-24 04:00:00,5.30157965651721
2011-05-24 05:00:00,17.552324667954736
2011-05-24 06:00:00,73.82469555237718
2011-05-24 07:00:00,218.57677982742752
2011-05-24 08:00:00,309.0277761216251
2011-05-24 09:00:00,236.92319597401968
2011-05-24 10:00:00,133.05862802606384
2011-05-24 11:00:00,152.41049984500017
2011-05-24 12:00:00,185.4332913480653
2011-05-24 13:00:00,178.85005855857463
2011-05-24 14:00:00,159.65469217776848
2011-05-24 15:00:00,157.8119901615202
2011-05-24 16:00:00,288.9407134844772
2011-05-24 17:00:00,514.868177894494
2011-05-24 18:00:00,488.7759130318305
2011-05-24 19:00:00,383.8666530613481
2011-05-24 20:00:00,274.89763526242996
2011-05-24 21:00:00,191.26142448309128
2011-05-24 22:00:00,82.12491089531377
2011-05-24 23:00:00,80.90278501018835
2011-05-25 00:00:00,22.83588178176823
2011-05-25 01:00:00,11.255855289308318
2011-05-25 02:00:00,6.743684471642263
2011-05-25 03:00:00,4.290541716412669
2011-05-25 04:00:00,5.001053964289795
2011-05-25 05:00:00,23.154568396938668
2011-05-25 06:00:00,90.143832294845
2011-05-25 07:00:00,312.8396382126598
2011-05-25 08:00:00,467.0807131292586
2011-05-25 09:00:00,235.70696246248465
2011-05-25 10:00:00,135.92302458469948
2011-05-25 11:00:00,152.32135702594923
2011-05-25 12:00:00,186.77284720005318
2011-05-25 13:00:00,182.87850972541455
2011-05-25 14:00:00,164.5636896226605
2011-05-25 15:00:00,178.25662801558303
2011-05-25 16:00:00,284.50342669571523
2011-05-25 17:00:00,535.3316043415223
2011-05-25 18:00:00,511.46923803559474
2011-05-25 19:00:00,390.6314788247127
2011-05-25 20:00:00,282.3309305087605
2011-05-25 21:00:00,207.212531609184
2011-05-25 22:00:00,158.28059939579506
2011-05-25 23:00:00,96.09160771862018
2011-05-26 00:00:00,42.60818586194843
2011-05-26 01:00:00,19.340777078824377
2011-05-26 02:00:00,8.11001860809947
2011-05-26 03:00:00,4.896649843315525
2011-05-26 04:00:00,5.584658704610015
2011-05-26 05:00:00,22.87830386704249
2011-05-26 06:00:00,69.7458465791689
2011-05-26 07:00:00,223.65528438400872
2011-05-26 08:00:00,405.8301164203216
2011-05-26 09:00:00,235.13899041662285
2011-05-26 10:00:00,135.45501563467985
2011-05-26 11:00:00,150.52380475739818
2011-05-26 12:00:00,179.1250699509801
2011-05-26 13:00:00,168.67377857540495
2011-05-26 14:00:00,152.0657596577112
2011-05-26 15:00:00,171.95401209945686
2011-05-26 16:00:00,276.6644870251781
2011-05-26 17:00:00,519.0663549690669
2011-05-26 18:00:00,523.2876617113507
2011-05-26 19:00:00,387.6100637897165
2011-05-26 20:00:00,286.31625665384524
2011-05-26 21:00:00,213.84745064069
2011-05-26 22:00:00,167.31559214431778
2011-05-26 23:00:00,106.63302421137978
2011-05-27 00:00:00,66.00972587863559
2011-05-27 01:00:00,27.11365462664073
2011-05-27 02:00:00,18.025172951084684
2011-05-27 03:00:00,7.556793418005395
2011-05-27 04:00:00,6.639282904589244
2011-05-27 05:00:00,27.09703032169012
2011-05-27 06:00:00,112.1230496584721
2011-05-27 07:00:00,269.96531130370767
2011-05-27 08:00:00,462.90231620844554
2011-05-27 09:00:00,267.5778995828851
2011-05-27 10:00:00,159.8274548968554
2011-05-27 11:00:00,181.55650974979196
2011-05-27 12:00:00,228.5397596204409
2011-05-27 13:00:00,239.13432232358565
2011-05-27 14:00:00,212.28416737635513
2011-05-27 15:00:00,234.11160580799998
2011-05-27 16:00:00,346.5590946112342
2011-05-27 17:00:00,500.2693438631348
2011-05-27 18:00:00,451.6005159226313
2011-05-27 19:00:00,245.14195194805953
2011-05-27 20:00:00,214.52709131646571
2011-05-27 21:00:00,172.86498546961394
2011-05-27 22:00:00,172.31222180008174
2011-05-27 23:00:00,119.42242861892008
2011-05-28 00:00:00,102.5550070586115
2011-05-28 01:00:00,71.7684299894756
2011-05-28 02:00:00,55.20010473617363
2011-05-28 03:00:00,23.91344591616143
2011-05-28 04:00:00,7.118881919534248
2011-05-28 05:00:00,9.343068180065178
2011-05-28 06:00:00,20.416246962594336
2011-05-28 07:00:00,53.22190757558262
2011-05-28 08:00:00,133.84657819143465
2011-05-28 09:00:00,201.82526404377444
2011-05-28 10:00:00,288.68055618711674
2011-05-28 11:00:00,364.0979022286781
2011-05-28 12:00:00,398.9537193535835
2011-05-28 13:00:00,400.4022374290231
2011-05-28 14:00:00,385.27940214006014
2011-05-28 15:00:00,400.9027221420482
2011-05-28 16:00:00,380.0322793987687
2011-05-28 17:00:00,401.11422821592976
2011-05-28 18:00:00,343.9100270897054
2011-05-28 19:00:00,299.85285229040926
2011-05-28 20:00:00,243.14103789018304
2011-05-28 21:00:00,198.71178972399383
2011-05-28 22:00:00,172.38831631621133
2011-05-28 23:00:00,124.70818500268282
2011-05-29 00:00:00,109.31503135972261
2011-05-29 01:00:00,77.26001948205418
2011-05-29 02:00:00,62.71103982842428
2011-05-29 03:00:00,27.417540750746838
2011-05-29 04:00:00,9.143306641070154
2011-05-29 05:00:00,10.192495222115113
2011-05-29 06:00:00,13.741101414342872
2011-05-29 07:00:00,37.87199849552016
2011-05-29 08:00:00,80.49411959880403
2011-05-29 09:00:00,87.27603038865595
2011-05-29 10:00:00,231.3458246886638
2011-05-29 11:00:00,265.5303291246179
2011-05-29 12:00:00,369.9394556489775
2011-05-29 13:00:00,384.1849057077362
2011-05-29 14:00:00,347.94851300075186
2011-05-29 15:00:00,344.8935868018131
2011-05-29 16:00:00,345.99954999920385
2011-05-29 17:00:00,348.7188682540362
2011-05-29 18:00:00,289.2803394509264
2011-05-29 19:00:00,265.2902761987675
2011-05-29 20:00:00,205.92416199672934
2011-05-29 21:00:00,166.75023880303468
2011-05-29 22:00:00,119.5736566452282
2011-05-29 23:00:00,90.98266220390558
2011-05-30 00:00:00,69.12265870757219
2011-05-30 01:00:00,52.490912281775294
2011-05-30 02:00:00,39.277592001806504
2011-05-30 03:00:00,14.368578283082572
2011-05-30 04:00:00,6.525870288073609
2011-05-30 05:00:00,8.501994916188439
2011-05-30 06:00:00,15.690110550772994
2011-05-30 07:00:00,38.38480036837777
2011-05-30 08:00:00,112.03883849474394
2011-05-30 09:00:00,200.75468432278814
2011-05-30 10:00:00,247.56412905906893
2011-05-30 11:00:00,298.5890711838639
2011-05-30 12:00:00,289.16543082308453
2011-05-30 13:00:00,291.75650044677775
2011-05-30 14:00:00,278.50871955328654
2011-05-30 15:00:00,274.67495777552483
2011-05-30 16:00:00,300.66655730308423
2011-05-30 17:00:00,389.46356714592685
2011-05-30 18:00:00,363.96380109452264
2011-05-30 19:00:00,291.28116573319835
2011-05-30 20:00:00,280.13421071915604
2011-05-30 21:00:00,205.93416379280185
2011-05-30 22:00:00,156.9715523689992
2011-05-30 23:00:00,101.29127917412723
2011-05-31 00:00:00,35.78620667565296
2011-05-31 01:00:00,13.726880696832303
2011-05-31 02:00:00,7.165388214197453
2011-05-31 03:00:00,3.8443432498965957
2011-05-31 04:00:00,6.291431029532154
2011-05-31 05:00:00,26.72605452018068
2011-05-31 06:00:00,116.38518982127715
2011-05-31 07:00:00,306.9832824933921
2011-05-31 08:00:00,445.97667119768136
2011-05-31 09:00:00,212.57001041705144
2011-05-31 10:00:00,121.36830603288223
2011-05-31 11:00:00,130.72715653449308
2011-05-31 12:00:00,158.76195026616688
2011-05-31 13:00:00,150.7258886164405
2011-05-31 14:00:00,137.42975748164636
2011-05-31 15:00:00,152.29512948426026
2011-05-31 16:00:00,236.14121229755784
2011-05-31 17:00:00,496.57498489025255
2011-05-31 18:00:00,500.6097099599624
2011-05-31 19:00:00,386.33287064528406
2011-05-31 20:00:00,284.8376492688992
2011-05-31 21:00:00,207.90200682264407
2011-05-31 22:00:00,156.6011806448045
2011-05-31 23:00:00,91.10658559816977
2011-06-20 00:00:00,33.860252141536805
2011-06-20 01:00:00,11.557063735380083
2011-06-20 02:00:00,6.733040045225317
2011-06-20 03:00:00,3.7538307534609965
2011-06-20 04:00:00,4.379432369972622
2011-06-20 05:00:00,20.258781281555272
2011-06-20 06:00:00,88.34384090318409
2011-06-20 07:00:00,181.475877561813
2011-06-20 08:00:00,322.1375206000678
2011-06-20 09:00:00,227.08247250040498
2011-06-20 10:00:00,122.31444656246103
2011-06-20 11:00:00,136.54097437113575
2011-06-20 12:00:00,183.49658581887456
2011-06-20 13:00:00,184.07062401040167
2011-06-20 14:00:00,164.8243052555551
2011-06-20 15:00:00,185.8440482329367
2011-06-20 16:00:00,291.2975698440456
2011-06-20 17:00:00,539.84043766932
2011-06-20 18:00:00,510.53234446508304
2011-06-20 19:00:00,390.7276734423322
2011-06-20 20:00:00,276.0395917823836
2011-06-20 21:00:00,199.07006774358942
2011-06-20 22:00:00,139.25620163729084
2011-06-20 23:00:00,75.9551781237909
2011-06-21 00:00:00,35.249645761839716
2011-06-21 01:00:00,13.755055373821953
2011-06-21 02:00:00,4.471090267540388
2011-06-21 03:00:00,3.4957036772485752
2011-06-21 04:00:00,5.144799893341156
2011-06-21 05:00:00,21.509134529046477
2011-06-21 06:00:00,95.12416147448289
2011-06-21 07:00:00,205.55753769064273
2011-06-21 08:00:00,335.2045970669234
2011-06-21 09:00:00,188.06666899502662
2011-06-21 10:00:00,112.09105241623558
2011-06-21 11:00:00,142.68015090840242
2011-06-21 12:00:00,174.2095203150463
2011-06-21 13:00:00,178.34627518294545
2011-06-21 14:00:00,161.9031607506147
2011-06-21 15:00:00,176.6132492287843
2011-06-21 16:00:00,270.61284933102183
2011-06-21 17:00:00,489.3698605374808
2011-06-21 18:00:00,452.6201378051578
2011-06-21 19:00:00,360.66108237754025
2011-06-21 20:00:00,227.19158385090935
2011-06-21 21:00:00,204.09481418542651
2011-06-21 22:00:00,159.60010042774135
2011-06-21 23:00:00,94.72485120425374
2011-06-22 00:00:00,39.60165545859948
2011-06-22 01:00:00,19.544219884521826
2011-06-22 02:00:00,8.374710819831625
2011-06-22 03:00:00,5.415823229107387
2011-06-22 04:00:00,5.248759229845171
2011-06-22 05:00:00,23.442809709032026
2011-06-22 06:00:00,111.11454153991973
2011-06-22 07:00:00,296.75452797818684
2011-06-22 08:00:00,422.15126300895264
2011-06-22 09:00:00,220.70711622617222
2011-06-22 10:00:00,131.98770462841276
2011-06-22 11:00:00,148.5560049373696
2011-06-22 12:00:00,178.01720471815506
2011-06-22 13:00:00,165.78780040543296
2011-06-22 14:00:00,156.79830321736569
2011-06-22 15:00:00,166.59559244671442
2011-06-22 16:00:00,260.45056144454406
2011-06-22 17:00:00,502.59162288965445
2011-06-22 18:00:00,492.80181881332123
2011-06-22 19:00:00,388.0317408026631
2011-06-22 20:00:00,271.2931495384479
2011-06-22 21:00:00,208.56368274881237
2011-06-22 22:00:00,153.8019772970294
2011-06-22 23:00:00,92.43004243565585
2011-06-23 00:00:00,42.50910921446117
2011-06-23 01:00:00,19.32042492072519
2011-06-23 02:00:00,9.625755896955537
2011-06-23 03:00:00,5.339915127044849
2011-06-23 04:00:00,6.577234851185221
2011-06-23 05:00:00,28.770081236829938
2011-06-23 06:00:00,114.3450389895664
2011-06-23 07:00:00,294.4826155008376
2011-06-23 08:00:00,414.40885524471554
2011-06-23 09:00:00,224.8843188642513
2011-06-23 10:00:00,134.28594742778193
2011-06-23 11:00:00,129.705968192388
2011-06-23 12:00:00,181.77228966419653
2011-06-23 13:00:00,181.00993918228616
2011-06-23 14:00:00,160.38636647118827
2011-06-23 15:00:00,181.52302946111212
2011-06-23 16:00:00,289.40097659179514
2011-06-23 17:00:00,447.8680387618105
2011-06-23 18:00:00,469.1499555363664
2011-06-23 19:00:00,376.0351600890595
2011-06-23 20:00:00,275.504926186791
2011-06-23 21:00:00,210.16287825348343
2011-06-23 22:00:00,160.96318197185292
2011-06-23 23:00:00,100.9495036067274
2011-06-24 00:00:00,66.13247003441367
2011-06-24 01:00:00,26.11510669750011
2011-06-24 02:00:00,15.284832508995787
2011-06-24 03:00:00,7.499781513612167
2011-06-24 04:00:00,6.622491267146006
2011-06-24 05:00:00,22.540033488196826
2011-06-24 06:00:00,110.57716069646852
2011-06-24 07:00:00,239.88190990188465
2011-06-24 08:00:00,430.10983586011207
2011-06-24 09:00:00,262.2087326091431
2011-06-24 10:00:00,156.02621112139565
2011-06-24 11:00:00,183.7712435237713
2011-06-24 12:00:00,233.52316312997937
2011-06-24 13:00:00,235.82125191046117
2011-06-24 14:00:00,214.41514106790555
2011-06-24 15:00:00,239.02303063449799
2011-06-24 16:00:00,361.2650831571374
2011-06-24 17:00:00,544.4047631808271
2011-06-24 18:00:00,505.69039281856993
2011-06-24 19:00:00,368.61590309666695
2011-06-24 20:00:00,261.90717005624236
2011-06-24 21:00:00,223.35619265811985
2011-06-24 22:00:00,200.96362942502225
2011-06-24 23:00:00,164.18178833265097
2011-06-25 00:00:00,119.53549529327083
2011-06-25 01:00:00,88.85966564818281
2011-06-25 02:00:00,70.59717685490419
2011-06-25 03:00:00,30.01497074566896
2011-06-25 04:00:00,9.596899638159957
2011-06-25 05:00:00,11.985775509232745
2011-06-25 06:00:00,25.84219917962703
2011-06-25 07:00:00,58.06859821969905
2011-06-25 08:00:00,133.61450425872061
2011-06-25 09:00:00,204.81521460341017
2011-06-25 10:00:00,293.33231280064285
2011-06-25 11:00:00,363.83563622090827
2011-06-25 12:00:00,429.833735307973
2011-06-25 13:00:00,430.7211621980582
2011-06-25 14:00:00,409.22126677174265
2011-06-25 15:00:00,404.3907039848642
2011-06-25 16:00:00,414.57607913108626
2011-06-25 17:00:00,417.9024922436426
2011-06-25 18:00:00,362.8379097222303
2011-06-25 19:00:00,312.44577676594264
2011-06-25 20:00:00,253.20944440734854
2011-06-25 21:00:00,215.00474928539677
2011-06-25 22:00:00,190.07281833509833
2011-06-25 23:00:00,132.41841725342601
2011-06-26 00:00:00,111.88409973585813
2011-06-26 01:00:00,89.21234913647803
2011-06-26 02:00:00,75.46851581469527
2011-06-26 03:00:00,34.83295827985704
2011-06-26 04:00:00,12.388153839902667
2011-06-26 05:00:00,12.703259293661324
2011-06-26 06:00:00,22.626160401714888
2011-06-26 07:00:00,47.545403711054064
2011-06-26 08:00:00,109.67599249237853
2011-06-26 09:00:00,195.66400468621902
2011-06-26 10:00:00,281.53402494811223
2011-06-26 11:00:00,367.1730791486875
2011-06-26 12:00:00,425.66048368503107
2011-06-26 13:00:00,422.4794004476638
2011-06-26 14:00:00,409.5210963584058
2011-06-26 15:00:00,404.5988451674111
2011-06-26 16:00:00,407.72124812915513
2011-06-26 17:00:00,392.4611346343288
2011-06-26 18:00:00,339.6444215196641
2011-06-26 19:00:00,290.060282278563
2011-06-26 20:00:00,229.47358842569696
2011-06-26 21:00:00,185.20119004934105
2011-06-26 22:00:00,151.2483348564721
2011-06-26 23:00:00,104.87614906160552
2011-06-27 00:00:00,30.494305672763236
2011-06-27 01:00:00,15.659152071465353
2011-06-27 02:00:00,5.829073722461562
2011-06-27 03:00:00,4.13025989307377
2011-06-27 04:00:00,5.228860335456574
2011-06-27 05:00:00,22.648473010895394
2011-06-27 06:00:00,103.68366334500347
2011-06-27 07:00:00,301.8822391430174
2011-06-27 08:00:00,438.9925961426752
2011-06-27 09:00:00,227.97368478497538
2011-06-27 10:00:00,137.7033256278313
2011-06-27 11:00:00,152.55849291073827
2011-06-27 12:00:00,188.68926806115192
2011-06-27 13:00:00,184.31553596106755
2011-06-27 14:00:00,165.85201259923127
2011-06-27 15:00:00,183.1087059571198
2011-06-27 16:00:00,289.1081903675969
2011-06-27 17:00:00,541.9568996637597
2011-06-27 18:00:00,539.4051471739755
2011-06-27 19:00:00,395.2967445923594
2011-06-27 20:00:00,285.5994444894992
2011-06-27 21:00:00,207.94124259110066
2011-06-27 22:00:00,144.96495450385285
2011-06-27 23:00:00,86.11004490745646
2011-06-28 00:00:00,35.97509800082857
2011-06-28 01:00:00,17.625223217855208
2011-06-28 02:00:00,8.43409881850813
2011-06-28 03:00:00,5.123807243925386
2011-06-28 04:00:00,6.501404763786025
2011-06-28 05:00:00,27.720579515416453
2011-06-28 06:00:00,115.80630136194162
2011-06-28 07:00:00,287.9222030196154
2011-06-28 08:00:00,433.75905693502926
2011-06-28 09:00:00,210.7460588251508
2011-06-28 10:00:00,131.56274215970956
2011-06-28 11:00:00,141.8956624644809
2011-06-28 12:00:00,170.63326623452457
2011-06-28 13:00:00,165.79738503881995
2011-06-28 14:00:00,145.05429605550523
2011-06-28 15:00:00,156.00625920807158
2011-06-28 16:00:00,253.76954854285276
2011-06-28 17:00:00,448.1333450940823
2011-06-28 18:00:00,429.4152018261713
2011-06-28 19:00:00,372.0016889293942
2011-06-28 20:00:00,283.7947845385439
2011-06-28 21:00:00,209.31847459712824
2011-06-28 22:00:00,156.4408245413701
2011-06-28 23:00:00,92.28117538909379
2011-06-29 00:00:00,35.137858585140606
2011-06-29 01:00:00,17.667511005102035
2011-06-29 02:00:00,8.222947490979617
2011-06-29 03:00:00,5.105346602618393
2011-06-29 04:00:00,6.185784256389914
2011-06-29 05:00:00,25.464652822265048
2011-06-29 06:00:00,116.68468955127665
2011-06-29 07:00:00,312.10691139527876
2011-06-29 08:00:00,464.91476800201485
2011-06-29 09:00:00,233.44935464201268
2011-06-29 10:00:00,138.91435892100827
2011-06-29 11:00:00,158.95968366880155
2011-06-29 12:00:00,194.97375062111624
2011-06-29 13:00:00,183.6065163425844
2011-06-29 14:00:00,165.2557997332728
2011-06-29 15:00:00,183.1372864222168
2011-06-29 16:00:00,289.0373539200824
2011-06-29 17:00:00,538.3815520685265
2011-06-29 18:00:00,540.1422085711943
2011-06-29 19:00:00,407.1868729215097
2011-06-29 20:00:00,296.84036178633886
2011-06-29 21:00:00,224.51958043761005
2011-06-29 22:00:00,170.367896322312
2011-06-29 23:00:00,104.18428053630271
2011-06-30 00:00:00,44.15867660359039
2011-06-30 01:00:00,18.34928944588765
2011-06-30 02:00:00,9.316414507572373
2011-06-30 03:00:00,5.984709276350208
2011-06-30 04:00:00,6.4217060802590495
2011-06-30 05:00:00,27.57942130819601
2011-06-30 06:00:00,120.77599956509479
2011-06-30 07:00:00,317.46166221847625
2011-06-30 08:00:00,470.123176787523
2011-06-30 09:00:00,236.94600706584066
2011-06-30 10:00:00,142.4963393757729
2011-06-30 11:00:00,161.8574692955546
2011-06-30 12:00:00,196.8472212500104
2011-06-30 13:00:00,192.51357459286402
2011-06-30 14:00:00,170.82009436202708
2011-06-30 15:00:00,194.89876550130072
2011-06-30 16:00:00,294.0141203202479
2011-06-30 17:00:00,554.8032816644703
2011-06-30 18:00:00,551.9772634031751
2011-06-30 19:00:00,421.923766488038
2011-06-30 20:00:00,305.7856567270644
2011-06-30 21:00:00,227.95461332063712
2011-06-30 22:00:00,176.1103160743974
2011-06-30 23:00:00,108.49052985714741
2011-07-20 00:00:00,36.34686665179808
2011-07-20 01:00:00,14.390069718289574
2011-07-20 02:00:00,7.340505404830928
2011-07-20 03:00:00,4.295729268425295
2011-07-20 04:00:00,6.063599670714701
2011-07-20 05:00:00,27.418624584089883
2011-07-20 06:00:00,104.70821725305149
2011-07-20 07:00:00,285.4597806310074
2011-07-20 08:00:00,412.9194329832975
2011-07-20 09:00:00,215.55060422529277
2011-07-20 10:00:00,126.54256511133656
2011-07-20 11:00:00,135.20151837048633
2011-07-20 12:00:00,159.3556917025747
2011-07-20 13:00:00,154.31767658792927
2011-07-20 14:00:00,140.8604241726504
2011-07-20 15:00:00,153.95086500349166
2011-07-20 16:00:00,239.40970816582924
2011-07-20 17:00:00,475.3290137154667
2011-07-20 18:00:00,472.69938227797326
2011-07-20 19:00:00,345.95761788011566
2011-07-20 20:00:00,251.34015740319825
2011-07-20 21:00:00,197.24445938403358
2011-07-20 22:00:00,159.68310117802898
2011-07-20 23:00:00,95.77564908551355
2011-07-21 00:00:00,41.14746310736759
2011-07-21 01:00:00,13.770383703710332
2011-07-21 02:00:00,7.198085751667177
2011-07-21 03:00:00,4.419869514171982
2011-07-21 04:00:00,5.422254642136374
2011-07-21 05:00:00,22.973643607387334
2011-07-21 06:00:00,108.38814952895069
2011-07-21 07:00:00,262.70735488045057
2011-07-21 08:00:00,382.26507913910757
2011-07-21 09:00:00,194.0890919160316
2011-07-21 10:00:00,123.5902053855448
2011-07-21 11:00:00,137.17741852124306
2011-07-21 12:00:00,159.30195449195708
2011-07-21 13:00:00,156.21131862993215
2011-07-21 14:00:00,142.4613913323518
2011-07-21 15:00:00,151.99572107022783
2011-07-21 16:00:00,243.31533136830788
2011-07-21 17:00:00,481.833866359793
2011-07-21 18:00:00,475.8894412900045
2011-07-21 19:00:00,344.62865530108274
2011-07-21 20:00:00,243.80239265871109
2011-07-21 21:00:00,187.62447706949877
2011-07-21 22:00:00,149.99421180576144
2011-07-21 23:00:00,95.51606342003461
2011-07-22 00:00:00,64.6999489169318
2011-07-22 01:00:00,25.514190676473998
2011-07-22 02:00:00,15.794731762188999
2011-07-22 03:00:00,6.622133635526685
2011-07-22 04:00:00,6.427489359202368
2011-07-22 05:00:00,26.323013064419392
2011-07-22 06:00:00,104.12760622348259
2011-07-22 07:00:00,222.74655241287303
2011-07-22 08:00:00,372.0147082660651
2011-07-22 09:00:00,205.7210460383468
2011-07-22 10:00:00,130.67772159874022
2011-07-22 11:00:00,151.62504304158423
2011-07-22 12:00:00,179.61444948268843
2011-07-22 13:00:00,179.916426173955
2011-07-22 14:00:00,171.0699445460486
2011-07-22 15:00:00,188.16961195690124
2011-07-22 16:00:00,274.77497310870297
2011-07-22 17:00:00,458.5955578052098
2011-07-22 18:00:00,433.147413660534
2011-07-22 19:00:00,325.35016462183086
2011-07-22 20:00:00,220.89395416084517
2011-07-22 21:00:00,199.7138774127786
2011-07-22 22:00:00,184.30802148204816
2011-07-22 23:00:00,150.22320212029405
2011-07-23 00:00:00,106.44566289697858
2011-07-23 01:00:00,78.86421794580576
2011-07-23 02:00:00,60.799489747326845
2011-07-23 03:00:00,27.362990080741028
2011-07-23 04:00:00,10.194533441589918
2011-07-23 05:00:00,11.229972653090083
2011-07-23 06:00:00,24.624046853831448
2011-07-23 07:00:00,54.575227185951306
2011-07-23 08:00:00,118.36344754169654
2011-07-23 09:00:00,169.27989239405554
2011-07-23 10:00:00,240.27028127405958
2011-07-23 11:00:00,292.6316737568317
2011-07-23 12:00:00,333.76986731414195
2011-07-23 13:00:00,312.30759016475616
2011-07-23 14:00:00,320.7959692041818
2011-07-23 15:00:00,294.35963519026967
2011-07-23 16:00:00,295.4841657485015
2011-07-23 17:00:00,294.4539867460992
2011-07-23 18:00:00,295.83944576977126
2011-07-23 19:00:00,272.6360407429753
2011-07-23 20:00:00,229.33123100417262
2011-07-23 21:00:00,202.87459455895265
2011-07-23 22:00:00,181.15553031710527
2011-07-23 23:00:00,134.92561680461193
2011-07-24 00:00:00,114.69674038519771
2011-07-24 01:00:00,83.94278511132092
2011-07-24 02:00:00,67.5108759045568
2011-07-24 03:00:00,30.42729468708386
2011-07-24 04:00:00,10.927624767828858
2011-07-24 05:00:00,10.73190771354581
2011-07-24 06:00:00,21.081030831964714
2011-07-24 07:00:00,45.930146452610536
2011-07-24 08:00:00,99.17405950342487
2011-07-24 09:00:00,165.7990710026553
2011-07-24 10:00:00,237.56630929207904
2011-07-24 11:00:00,305.73060310397113
2011-07-24 12:00:00,339.93743207090273
2011-07-24 13:00:00,361.8581838767443
2011-07-24 14:00:00,334.7876694745798
2011-07-24 15:00:00,324.8092292527855
2011-07-24 16:00:00,326.24840955343797
2011-07-24 17:00:00,326.9366073760865
2011-07-24 18:00:00,295.7481142060869
2011-07-24 19:00:00,266.7924489108506
2011-07-24 20:00:00,221.7911402074671
2011-07-24 21:00:00,174.06601788028388
2011-07-24 22:00:00,137.91873085047652
2011-07-24 23:00:00,99.83023686047652
2011-07-25 00:00:00,36.858836589840706
2011-07-25 01:00:00,16.66368248136843
2011-07-25 02:00:00,7.695979015739367
2011-07-25 03:00:00,3.8946787615148235
2011-07-25 04:00:00,5.326445041829526
2011-07-25 05:00:00,22.651790663868887
2011-07-25 06:00:00,105.13491586861326
2011-07-25 07:00:00,281.18109209315463
2011-07-25 08:00:00,413.89811850075995
2011-07-25 09:00:00,182.54050791433184
2011-07-25 10:00:00,114.8530351210205
2011-07-25 11:00:00,140.351529154533
2011-07-25 12:00:00,166.4970093984026
2011-07-25 13:00:00,161.72489761489567
2011-07-25 14:00:00,150.06313319428526
2011-07-25 15:00:00,150.87760233017679
2011-07-25 16:00:00,223.02832412551007
2011-07-25 17:00:00,434.5365961021929
2011-07-25 18:00:00,443.92974193692015
2011-07-25 19:00:00,358.838190740271
2011-07-25 20:00:00,261.80419014348115
2011-07-25 21:00:00,173.8618412802155
2011-07-25 22:00:00,135.37566770833297
2011-07-25 23:00:00,79.15854536286247
2011-07-26 00:00:00,38.49711205453532
2011-07-26 01:00:00,18.090625729091997
2011-07-26 02:00:00,7.626627075770907
2011-07-26 03:00:00,4.480421370687013
2011-07-26 04:00:00,5.668701043452461
2011-07-26 05:00:00,23.919737304717977
2011-07-26 06:00:00,114.97822832614743
2011-07-26 07:00:00,306.02040643760137
2011-07-26 08:00:00,455.71424532882503
2011-07-26 09:00:00,227.44739310431166
2011-07-26 10:00:00,133.81456711550854
2011-07-26 11:00:00,149.97047524009074
2011-07-26 12:00:00,180.61377893358724
2011-07-26 13:00:00,178.26092131552343
2011-07-26 14:00:00,158.97043687925196
2011-07-26 15:00:00,170.6419838159416
2011-07-26 16:00:00,271.0805776801021
2011-07-26 17:00:00,533.1453704729122
2011-07-26 18:00:00,531.1385068291743
2011-07-26 19:00:00,394.25558802868795
2011-07-26 20:00:00,295.9587527937847
2011-07-26 21:00:00,218.41520854297596
2011-07-26 22:00:00,165.0859497026509
2011-07-26 23:00:00,96.38764562435848
2011-07-27 00:00:00,39.72300133289835
2011-07-27 01:00:00,17.272730095654413
2011-07-27 02:00:00,7.780824313101009
2011-07-27 03:00:00,4.78382029356931
2011-07-27 04:00:00,6.132211784891517
2011-07-27 05:00:00,29.442358607447233
2011-07-27 06:00:00,116.18082995755087
2011-07-27 07:00:00,308.4224367865644
2011-07-27 08:00:00,462.2285067957173
2011-07-27 09:00:00,230.37308835427575
2011-07-27 10:00:00,134.02773859483472
2011-07-27 11:00:00,150.0939940371018
2011-07-27 12:00:00,187.87283900823508
2011-07-27 13:00:00,178.04985650014802
2011-07-27 14:00:00,161.00733274687258
2011-07-27 15:00:00,180.4094145414933
2011-07-27 16:00:00,287.21289693498954
2011-07-27 17:00:00,533.8267637242968
2011-07-27 18:00:00,543.9463003415344
2011-07-27 19:00:00,407.37416714787673
2011-07-27 20:00:00,299.3422730639963
2011-07-27 21:00:00,220.03383941622968
2011-07-27 22:00:00,164.41483550120543
2011-07-27 23:00:00,102.94016878537099
2011-07-28 00:00:00,45.313591418319234
2011-07-28 01:00:00,19.975310155864825
2011-07-28 02:00:00,10.186587015625857
2011-07-28 03:00:00,5.270254399834769
2011-07-28 04:00:00,6.344936286044724
2011-07-28 05:00:00,29.980718828310877
2011-07-28 06:00:00,118.4390084070603
2011-07-28 07:00:00,310.0055679440307
2011-07-28 08:00:00,431.44664729725866
2011-07-28 09:00:00,216.09349489343435
2011-07-28 10:00:00,127.80124150973043
2011-07-28 11:00:00,135.8407820963984
2011-07-28 12:00:00,161.3638711441605
2011-07-28 13:00:00,157.7601185696881
2011-07-28 14:00:00,150.37825556665632
2011-07-28 15:00:00,153.70794647240183
2011-07-28 16:00:00,248.23525349737093
2011-07-28 17:00:00,500.3130574441152
2011-07-28 18:00:00,480.24251678245645
2011-07-28 19:00:00,368.6160485373207
2011-07-28 20:00:00,268.87227404083035
2011-07-28 21:00:00,201.73801309592025
2011-07-28 22:00:00,160.0599436148676
2011-07-28 23:00:00,99.86378866531041
2011-07-29 00:00:00,65.31059958450302
2011-07-29 01:00:00,26.55240360224037
2011-07-29 02:00:00,15.685000742948038
2011-07-29 03:00:00,6.121357051078299
2011-07-29 04:00:00,5.675322656387856
2011-07-29 05:00:00,22.42732893529545
2011-07-29 06:00:00,98.59198927325355
2011-07-29 07:00:00,242.14974994418003
2011-07-29 08:00:00,425.26126916914126
2011-07-29 09:00:00,219.7063124934983
2011-07-29 10:00:00,136.2341977563971
2011-07-29 11:00:00,154.58497809246603
2011-07-29 12:00:00,186.41242844678374
2011-07-29 13:00:00,176.11476858041573
2011-07-29 14:00:00,163.52651938010325
2011-07-29 15:00:00,180.87749069460136
2011-07-29 16:00:00,279.6019739204204
2011-07-29 17:00:00,430.9874718388239
2011-07-29 18:00:00,428.2672602113589
2011-07-29 19:00:00,304.4134821541549
2011-07-29 20:00:00,233.49935775458852
2011-07-29 21:00:00,216.35370714530885
2011-07-29 22:00:00,199.65901121128857
2011-07-29 23:00:00,157.00973434858625
2011-07-30 00:00:00,116.85666399176284
2011-07-30 01:00:00,79.1430667884126
2011-07-30 02:00:00,66.13476919837316
2011-07-30 03:00:00,30.42320592857839
2011-07-30 04:00:00,10.427135804364406
2011-07-30 05:00:00,11.81133113823365
2011-07-30 06:00:00,25.626389917366428
2011-07-30 07:00:00,54.22002896407834
2011-07-30 08:00:00,126.14430237650515
2011-07-30 09:00:00,183.22895137743762
2011-07-30 10:00:00,272.327005626195
2011-07-30 11:00:00,334.17271780071053
2011-07-30 12:00:00,392.6693086332893
2011-07-30 13:00:00,378.06739188344835
2011-07-30 14:00:00,347.3265450364107
2011-07-30 15:00:00,342.96665762927853
2011-07-30 16:00:00,350.4183972375712
2011-07-30 17:00:00,352.9048626437858
2011-07-30 18:00:00,328.12137316501605
2011-07-30 19:00:00,319.0150399081179
2011-07-30 20:00:00,250.3238110927789
2011-07-30 21:00:00,212.53954123427897
2011-07-30 22:00:00,183.74354730425495
2011-07-30 23:00:00,139.48056031892986
2011-07-31 00:00:00,118.24701867023188
2011-07-31 01:00:00,89.32615541042006
2011-07-31 02:00:00,69.3284698204713
2011-07-31 03:00:00,29.621387442279214
2011-07-31 04:00:00,11.204361634251134
2011-07-31 05:00:00,11.824376296254208
2011-07-31 06:00:00,21.11500113010952
2011-07-31 07:00:00,49.558898982457706
2011-07-31 08:00:00,106.56373915452554
2011-07-31 09:00:00,178.63370380075634
2011-07-31 10:00:00,260.71589678723205
2011-07-31 11:00:00,329.4234473004294
2011-07-31 12:00:00,374.87902936067394
2011-07-31 13:00:00,373.95969447674605
2011-07-31 14:00:00,360.39861756508196
2011-07-31 15:00:00,356.73714958415286
2011-07-31 16:00:00,355.8625877684551
2011-07-31 17:00:00,346.22176628520344
2011-07-31 18:00:00,316.39438748888665
2011-07-31 19:00:00,286.2317363209328
2011-07-31 20:00:00,232.69504928118675
2011-07-31 21:00:00,180.17608610157333
2011-07-31 22:00:00,143.82513846617667
2011-07-31 23:00:00,99.32872570324966
2011-08-20 00:00:00,91.83232115573844
2011-08-20 01:00:00,71.1998548428803
2011-08-20 02:00:00,58.219650621667455
2011-08-20 03:00:00,26.540880918690654
2011-08-20 04:00:00,7.098186516937822
2011-08-20 05:00:00,9.00439810317765
2011-08-20 06:00:00,17.61751491678721
2011-08-20 07:00:00,45.49322430420179
2011-08-20 08:00:00,124.40613462525202
2011-08-20 09:00:00,193.7231432623564
2011-08-20 10:00:00,272.76093016343066
2011-08-20 11:00:00,340.5056791703237
2011-08-20 12:00:00,370.9466806424947
2011-08-20 13:00:00,359.1896396481984
2011-08-20 14:00:00,375.2389740288851
2011-08-20 15:00:00,379.4200760462662
2011-08-20 16:00:00,380.35717271271386
2011-08-20 17:00:00,370.7713092032134
2011-08-20 18:00:00,327.98923804523855
2011-08-20 19:00:00,290.743829996967
2011-08-20 20:00:00,237.98763892129284
2011-08-20 21:00:00,189.27571294419164
2011-08-20 22:00:00,150.07408965304288
2011-08-20 23:00:00,122.90938727917913
2011-08-21 00:00:00,111.36180180632742
2011-08-21 01:00:00,87.17371850593442
2011-08-21 02:00:00,70.45714372367965
2011-08-21 03:00:00,28.551872909120608
2011-08-21 04:00:00,7.580056958571019
2011-08-21 05:00:00,7.985713842528206
2011-08-21 06:00:00,13.249434481102973
2011-08-21 07:00:00,38.22991719599248
2011-08-21 08:00:00,94.22242970382467
2011-08-21 09:00:00,174.02394368701897
2011-08-21 10:00:00,250.5238754511139
2011-08-21 11:00:00,313.218794018702
2011-08-21 12:00:00,353.81957767687743
2011-08-21 13:00:00,366.41241594907365
2011-08-21 14:00:00,227.44163097621148
2011-08-21 15:00:00,296.3637800858911
2011-08-21 16:00:00,315.6807484165869
2011-08-21 17:00:00,299.24159737244213
2011-08-21 18:00:00,260.98498039589583
2011-08-21 19:00:00,266.05989203933245
2011-08-21 20:00:00,192.80357277876755
2011-08-21 21:00:00,156.40524422674287
2011-08-21 22:00:00,122.86659377423344
2011-08-21 23:00:00,90.04281923745131
2011-08-22 00:00:00,34.79512093257296
2011-08-22 01:00:00,16.972026574034892
2011-08-22 02:00:00,8.431388869374612
2011-08-22 03:00:00,4.354106056862539
2011-08-22 04:00:00,6.484771739281169
2011-08-22 05:00:00,27.11873416719422
2011-08-22 06:00:00,106.22934258425994
2011-08-22 07:00:00,297.9198017845546
2011-08-22 08:00:00,445.5764315384761
2011-08-22 09:00:00,227.2064957391387
2011-08-22 10:00:00,129.9565746649505
2011-08-22 11:00:00,150.9278357509777
2011-08-22 12:00:00,190.9524920647339
2011-08-22 13:00:00,184.9612166535967
2011-08-22 14:00:00,165.13505429998872
2011-08-22 15:00:00,188.49057697771866
2011-08-22 16:00:00,293.25341494257077
2011-08-22 17:00:00,541.3378913227405
2011-08-22 18:00:00,528.4268820476634
2011-08-22 19:00:00,384.232778405648
2011-08-22 20:00:00,284.0580561249993
2011-08-22 21:00:00,208.30169225316493
2011-08-22 22:00:00,139.88346366480556
2011-08-22 23:00:00,84.0958124146859
2011-08-23 00:00:00,33.87294475538266
2011-08-23 01:00:00,13.805724272799488
2011-08-23 02:00:00,7.178149879930516
2011-08-23 03:00:00,4.050430573600118
2011-08-23 04:00:00,5.326831846045545
2011-08-23 05:00:00,25.585433994674318
2011-08-23 06:00:00,108.95379640299524
2011-08-23 07:00:00,315.5664896159021
2011-08-23 08:00:00,463.24974027853955
2011-08-23 09:00:00,229.8400809909851
2011-08-23 10:00:00,134.94302289795564
2011-08-23 11:00:00,156.34311887078815
2011-08-23 12:00:00,193.84886748061305
2011-08-23 13:00:00,189.66906813034984
2011-08-23 14:00:00,168.46286173505922
2011-08-23 15:00:00,190.67566722840166
2011-08-23 16:00:00,301.1741202645579
2011-08-23 17:00:00,555.8169283977988
2011-08-23 18:00:00,551.7712645153366
2011-08-23 19:00:00,396.93228459994185
2011-08-23 20:00:00,278.38722540671984
2011-08-23 21:00:00,203.83115917977165
2011-08-23 22:00:00,154.8548308338185
2011-08-23 23:00:00,90.36426640837479
2011-08-24 00:00:00,37.03251778880433
2011-08-24 01:00:00,17.13393986698648
2011-08-24 02:00:00,7.333138409526173
2011-08-24 03:00:00,4.917804812281544
2011-08-24 04:00:00,5.800601467244333
2011-08-24 05:00:00,27.03916342632057
2011-08-24 06:00:00,108.21399336454891
2011-08-24 07:00:00,312.8039477229962
2011-08-24 08:00:00,436.8957688650859
2011-08-24 09:00:00,232.83716947713398
2011-08-24 10:00:00,133.84154212233102
2011-08-24 11:00:00,152.91765833632093
2011-08-24 12:00:00,185.0923158293873
2011-08-24 13:00:00,183.15678803597078
2011-08-24 14:00:00,163.3760961351367
2011-08-24 15:00:00,181.50536109386454
2011-08-24 16:00:00,279.13480986029737
2011-08-24 17:00:00,525.8196759868316
2011-08-24 18:00:00,518.5871952899347
2011-08-24 19:00:00,386.7948460165991
2011-08-24 20:00:00,277.8821065866199
2011-08-24 21:00:00,204.8768106195823
2011-08-24 22:00:00,155.98179151057857
2011-08-24 23:00:00,95.13873864335936
2011-08-25 00:00:00,39.05707724580236
2011-08-25 01:00:00,19.05904617940736
2011-08-25 02:00:00,9.480469764108422
2011-08-25 03:00:00,5.548077735592797
2011-08-25 04:00:00,6.220940242191307
2011-08-25 05:00:00,26.114397423690903
2011-08-25 06:00:00,109.49978566989066
2011-08-25 07:00:00,282.273294739379
2011-08-25 08:00:00,398.15932375471687
2011-08-25 09:00:00,225.18622370490317
2011-08-25 10:00:00,131.23778048994424
2011-08-25 11:00:00,105.15206096390939
2011-08-25 12:00:00,118.63552117662866
2011-08-25 13:00:00,158.38304359496755
2011-08-25 14:00:00,137.98118850306344
2011-08-25 15:00:00,153.90461369510825
2011-08-25 16:00:00,205.0923649334974
2011-08-25 17:00:00,338.73442995158985
2011-08-25 18:00:00,328.6736588774256
2011-08-25 19:00:00,311.67354008948723
2011-08-25 20:00:00,244.0098521269229
2011-08-25 21:00:00,183.46581405551495
2011-08-25 22:00:00,134.67884252104017
2011-08-25 23:00:00,87.18167776275232
2011-08-26 00:00:00,56.198874476433474
2011-08-26 01:00:00,21.787094911130186
2011-08-26 02:00:00,11.046482718529273
2011-08-26 03:00:00,5.821778043780975
2011-08-26 04:00:00,5.615246970365232
2011-08-26 05:00:00,19.823612044492528
2011-08-26 06:00:00,89.85932412978661
2011-08-26 07:00:00,209.2988431117227
2011-08-26 08:00:00,367.02025498060885
2011-08-26 09:00:00,237.28282023986398
2011-08-26 10:00:00,147.73678165567947
2011-08-26 11:00:00,171.83860958097438
2011-08-26 12:00:00,221.5504639547565
2011-08-26 13:00:00,228.43301525048355
2011-08-26 14:00:00,192.25701180718067
2011-08-26 15:00:00,226.73181887342673
2011-08-26 16:00:00,338.10338116133005
2011-08-26 17:00:00,410.53121429160905
2011-08-26 18:00:00,370.66291580864277
2011-08-26 19:00:00,294.4607679321482
2011-08-26 20:00:00,210.26895679555815
2011-08-26 21:00:00,186.75817139151715
2011-08-26 22:00:00,170.21021409583116
2011-08-26 23:00:00,141.3086362338008
2011-08-27 00:00:00,110.05651575585742
2011-08-27 01:00:00,80.67327115713815
2011-08-27 02:00:00,63.972403124457294
2011-08-27 03:00:00,24.820610392120336
2011-08-27 04:00:00,7.761845490037377
2011-08-27 05:00:00,9.191536400751529
2011-08-27 06:00:00,18.01832096739775
2011-08-27 07:00:00,44.943864976082466
2011-08-27 08:00:00,107.08521005364139
2011-08-27 09:00:00,164.36240824967024
2011-08-27 10:00:00,222.38672021964436
2011-08-27 11:00:00,137.05918499207883
2011-08-27 12:00:00,166.7116298879183
2011-08-27 13:00:00,194.41144573744532
2011-08-27 14:00:00,92.57125600263444
2011-08-27 15:00:00,92.51618860526253
2011-08-27 16:00:00,96.96740700561253
2011-08-27 17:00:00,72.10308517328252
2011-08-28 07:00:00,26.440219257040656
2011-08-28 08:00:00,64.14340272402549
2011-08-28 09:00:00,180.836897508121
2011-08-28 10:00:00,253.14469839122953
2011-08-28 11:00:00,346.01762134572516
2011-08-28 12:00:00,400.0608074903236
2011-08-28 13:00:00,401.5370315759776
2011-08-28 14:00:00,378.7528297346974
2011-08-28 15:00:00,376.14076622188804
2011-08-28 16:00:00,383.08356485163984
2011-08-28 17:00:00,391.16337487534076
2011-08-28 18:00:00,338.88878267023955
2011-08-28 19:00:00,281.59748936287906
2011-08-28 20:00:00,226.2216613545033
2011-08-28 21:00:00,172.51080594145805
2011-08-28 22:00:00,129.19156673831083
2011-08-28 23:00:00,79.77651912522029
2011-08-29 00:00:00,33.83705609887457
2011-08-29 01:00:00,16.26266069639486
2011-08-29 02:00:00,7.733126785256716
2011-08-29 03:00:00,5.164899099059671
2011-08-29 04:00:00,6.0462936793705655
2011-08-29 05:00:00,26.6257928931214
2011-08-29 06:00:00,104.43816806269545
2011-08-29 07:00:00,307.3934288500898
2011-08-29 08:00:00,463.29652842319615
2011-08-29 09:00:00,231.4274691022835
2011-08-29 10:00:00,132.25574297409935
2011-08-29 11:00:00,150.8903493257055
2011-08-29 12:00:00,194.56262679511872
2011-08-29 13:00:00,188.53198895080956
2011-08-29 14:00:00,164.083712939394
2011-08-29 15:00:00,188.68207143774035
2011-08-29 16:00:00,297.4942588206826
2011-08-29 17:00:00,540.4273266283096
2011-08-29 18:00:00,534.1470965629878
2011-08-29 19:00:00,394.22997105201244
2011-08-29 20:00:00,275.9433242947813
2011-08-29 21:00:00,203.79029278742826
2011-08-29 22:00:00,144.66484780060512
2011-08-29 23:00:00,83.21238722756269
2011-08-30 00:00:00,33.31292315766082
2011-08-30 01:00:00,14.48767545083872
2011-08-30 02:00:00,7.2535159841619485
2011-08-30 03:00:00,4.782784918491709
2011-08-30 04:00:00,6.0608156122628865
2011-08-30 05:00:00,26.466006959532766
2011-08-30 06:00:00,109.34618779475039
2011-08-30 07:00:00,312.88675171259143
2011-08-30 08:00:00,470.20615629168276
2011-08-30 09:00:00,231.62167162233044
2011-08-30 10:00:00,137.76036549772658
2011-08-30 11:00:00,156.84612398881316
2011-08-30 12:00:00,191.27058051936694
2011-08-30 13:00:00,188.89881777974034
2011-08-30 14:00:00,169.7432285493758
2011-08-30 15:00:00,190.14319124033338
2011-08-30 16:00:00,299.85675760249
2011-08-30 17:00:00,552.1463161358083
2011-08-30 18:00:00,544.5170807008772
2011-08-30 19:00:00,394.454591649519
2011-08-30 20:00:00,280.65864508493235
2011-08-30 21:00:00,201.2364916838885
2011-08-30 22:00:00,149.19414413174815
2011-08-30 23:00:00,89.10453210668479
2011-08-31 00:00:00,34.93802352880198
2011-08-31 01:00:00,16.43439981950199
2011-08-31 02:00:00,7.014999109047649
2011-08-31 03:00:00,4.778086777500759
2011-08-31 04:00:00,5.8567334704002905
2011-08-31 05:00:00,25.281416809101955
2011-08-31 06:00:00,108.60901599367378
2011-08-31 07:00:00,300.0138728619979
2011-08-31 08:00:00,432.11345559656354
2011-08-31 09:00:00,232.00739262956938
2011-08-31 10:00:00,136.49866407683916
2011-08-31 11:00:00,155.9196087006305
2011-08-31 12:00:00,191.27992897019038
2011-08-31 13:00:00,188.80472954256774
2011-08-31 14:00:00,168.8814881250418
2011-08-31 15:00:00,189.05497368319274
2011-08-31 16:00:00,295.72146745236955
2011-08-31 17:00:00,549.4136052363845
2011-08-31 18:00:00,539.9621707661403
2011-08-31 19:00:00,376.6340187060348
2011-08-31 20:00:00,285.2763105266165
2011-08-31 21:00:00,209.90223137144548
2011-08-31 22:00:00,146.97885292870632
2011-08-31 23:00:00,85.30104337337787
2011-09-20 00:00:00,29.577967217433244
2011-09-20 01:00:00,10.298953110804792
2011-09-20 02:00:00,5.548994574488268
2011-09-20 03:00:00,4.047061734650544
2011-09-20 04:00:00,5.2195910252168005
2011-09-20 05:00:00,20.639598171061383
2011-09-20 06:00:00,92.20718807342371
2011-09-20 07:00:00,266.28351760798364
2011-09-20 08:00:00,189.95824034273386
2011-09-20 09:00:00,120.45328377193974
2011-09-20 10:00:00,75.14566060647088
2011-09-20 11:00:00,73.67540391498095
2011-09-20 12:00:00,87.47070566863744
2011-09-20 13:00:00,86.54264868668805
2011-09-20 14:00:00,98.27946132140032
2011-09-20 15:00:00,165.74242757375248
2011-09-20 16:00:00,226.71491291423217
2011-09-20 17:00:00,375.37837659154786
2011-09-20 18:00:00,366.8088333378415
2011-09-20 19:00:00,252.0667399158327
2011-09-20 20:00:00,157.76315951232596
2011-09-20 21:00:00,101.15661991901104
2011-09-20 22:00:00,96.86746228862276
2011-09-20 23:00:00,64.30577744494187
2011-09-21 00:00:00,22.748572155141414
2011-09-21 01:00:00,9.019870663874169
2011-09-21 02:00:00,5.63537526380553
2011-09-21 03:00:00,3.988231368812854
2011-09-21 04:00:00,4.968726450860741
2011-09-21 05:00:00,15.840673658093927
2011-09-21 06:00:00,70.11892247298309
2011-09-21 07:00:00,209.5456683713987
2011-09-21 08:00:00,278.35659453994646
2011-09-21 09:00:00,136.81055480522812
2011-09-21 10:00:00,76.46606479670358
2011-09-21 11:00:00,115.89177715616503
2011-09-21 12:00:00,160.1106269100933
2011-09-21 13:00:00,177.4636806154673
2011-09-21 14:00:00,156.29565308435411
2011-09-21 15:00:00,177.7760519231012
2011-09-21 16:00:00,279.6134061863139
2011-09-21 17:00:00,376.33233180652076
2011-09-21 18:00:00,255.4770119615539
2011-09-21 19:00:00,161.158243798714
2011-09-21 20:00:00,104.9347194666888
2011-09-21 21:00:00,90.08143240575717
2011-09-21 22:00:00,71.33934424450557
2011-09-21 23:00:00,70.3644339447188
2011-09-22 00:00:00,28.140108779609335
2011-09-22 01:00:00,8.914056958576772
2011-09-22 02:00:00,6.098687669395311
2011-09-22 03:00:00,4.41812967693833
2011-09-22 04:00:00,4.919675210425064
2011-09-22 05:00:00,17.550393838349542
2011-09-22 06:00:00,73.41635689484211
2011-09-22 07:00:00,218.38826451027265
2011-09-22 08:00:00,256.34739197051675
2011-09-22 09:00:00,144.94387195298043
2011-09-22 10:00:00,92.57496039169561
2011-09-22 11:00:00,91.64123572546325
2011-09-22 12:00:00,141.02412594626384
2011-09-22 13:00:00,137.5548182483684
2011-09-22 14:00:00,130.4143280431288
2011-09-22 15:00:00,157.76609998241076
2011-09-22 16:00:00,276.02286455102706
2011-09-22 17:00:00,417.66841490476065
2011-09-22 18:00:00,326.45906007597995
2011-09-22 19:00:00,240.17970135748214
2011-09-22 20:00:00,148.4334294161381
2011-09-22 21:00:00,114.26964865685322
2011-09-22 22:00:00,73.37014603556794
2011-09-22 23:00:00,57.552900547392596
2011-09-23 00:00:00,46.76385766630432
2011-09-23 01:00:00,15.798795774554945
2011-09-23 02:00:00,9.637563297857907
2011-09-23 03:00:00,5.483976679310718
2011-09-23 04:00:00,4.825366008199841
2011-09-23 05:00:00,16.94628424306699
2011-09-23 06:00:00,80.78468190494206
2011-09-23 07:00:00,150.5040060499876
2011-09-23 08:00:00,230.02511103835425
2011-09-23 09:00:00,135.44963988351844
2011-09-23 10:00:00,77.1172227723076
2011-09-23 11:00:00,91.2552843752788
2011-09-23 12:00:00,131.56396863668675
2011-09-23 13:00:00,103.7801106989371
2011-09-23 14:00:00,97.09276734763279
2011-09-23 15:00:00,138.29325433423784
2011-09-23 16:00:00,191.3316181680064
2011-09-23 17:00:00,223.00635914823545
2011-09-23 18:00:00,226.3849120595527
2011-09-23 19:00:00,220.50490822481197
2011-09-23 20:00:00,139.37210638365463
2011-09-23 21:00:00,116.98818258378515
2011-09-23 22:00:00,113.03380656042266
2011-09-23 23:00:00,84.81450669860901
2011-09-24 00:00:00,95.06453359510273
2011-09-24 01:00:00,63.66254139871243
2011-09-24 02:00:00,50.569132944820765
2011-09-24 03:00:00,21.720482013450095
2011-09-24 04:00:00,7.627264846751147
2011-09-24 05:00:00,7.57942085241972
2011-09-24 06:00:00,12.304527596365055
2011-09-24 07:00:00,42.35209673393415
2011-09-24 08:00:00,85.49858480031219
2011-09-24 09:00:00,109.69130617174562
2011-09-24 10:00:00,177.9377920922109
2011-09-24 11:00:00,239.75850227828846
2011-09-24 12:00:00,266.49452049689256
2011-09-24 13:00:00,320.22958199171677
2011-09-24 14:00:00,328.26703463216256
2011-09-24 15:00:00,328.54341567123925
2011-09-24 16:00:00,311.4548848282036
2011-09-24 17:00:00,345.74183754950906
2011-09-24 18:00:00,273.1938688810534
2011-09-24 19:00:00,188.9394827551395
2011-09-24 20:00:00,156.9295273053845
2011-09-24 21:00:00,151.52398923539914
2011-09-24 22:00:00,108.91310192995643
2011-09-24 23:00:00,84.61612893591058
2011-09-25 00:00:00,90.64692353384558
2011-09-25 01:00:00,73.80375048431083
2011-09-25 02:00:00,44.38496980609443
2011-09-25 03:00:00,17.177270335561317
2011-09-25 04:00:00,7.905232539936666
2011-09-25 05:00:00,9.469184557654076
2011-09-25 06:00:00,12.255964788476582
2011-09-25 07:00:00,31.332318077453227
2011-09-25 08:00:00,79.08550358103003
2011-09-25 09:00:00,137.27975585028463
2011-09-25 10:00:00,201.22157380385045
2011-09-25 11:00:00,289.27284449114586
2011-09-25 12:00:00,308.1251007963216
2011-09-25 13:00:00,333.8448645507324
2011-09-25 14:00:00,277.50513024512134
2011-09-25 15:00:00,275.98992927880704
2011-09-25 16:00:00,330.2928614740979
2011-09-25 17:00:00,327.60668690069406
2011-09-25 18:00:00,280.96806012500565
2011-09-25 19:00:00,211.3119365364974
2011-09-25 20:00:00,168.00031718658988
2011-09-25 21:00:00,108.4435640835211
2011-09-25 22:00:00,105.1604917185683
2011-09-25 23:00:00,65.69460051637371
2011-09-26 00:00:00,23.287100961253053
2011-09-26 01:00:00,11.723341992608246
2011-09-26 02:00:00,6.533798329449555
2011-09-26 03:00:00,4.608290939095302
2011-09-26 04:00:00,5.434360506207354
2011-09-26 05:00:00,21.66457943830673
2011-09-26 06:00:00,85.39220271268032
2011-09-26 07:00:00,215.5937878886115
2011-09-26 08:00:00,293.2515274500261
2011-09-26 09:00:00,183.53902289371442
2011-09-26 10:00:00,103.77585671604061
2011-09-26 11:00:00,139.342944931663
2011-09-26 12:00:00,164.93900243855626
2011-09-26 13:00:00,160.16473823768638
2011-09-26 14:00:00,155.94962148519326
2011-09-26 15:00:00,186.24942232382955
2011-09-26 16:00:00,297.48511144814165
2011-09-26 17:00:00,468.02766431726207
2011-09-26 18:00:00,364.9791647981237
2011-09-26 19:00:00,294.3974027999439
2011-09-26 20:00:00,190.12887897475426
2011-09-26 21:00:00,131.54446341235538
2011-09-26 22:00:00,101.16307065164636
2011-09-26 23:00:00,65.4030425161881
2011-09-27 00:00:00,25.465019617911626
2011-09-27 01:00:00,9.940190792128387
2011-09-27 02:00:00,6.104121120864094
2011-09-27 03:00:00,4.758446209886321
2011-09-27 04:00:00,4.639549957304254
2011-09-27 05:00:00,14.728871146087268
2011-09-27 06:00:00,89.81041413749335
2011-09-27 07:00:00,248.76655578237592
2011-09-27 08:00:00,359.33408227420233
2011-09-27 09:00:00,150.4197435921248
2011-09-27 10:00:00,78.0523084587078
2011-09-27 11:00:00,104.12311459474247
2011-09-27 12:00:00,119.20807627472078
2011-09-27 13:00:00,158.21193022711128
2011-09-27 14:00:00,148.3235895785625
2011-09-27 15:00:00,142.24913258580042
2011-09-27 16:00:00,235.11171457882372
2011-09-27 17:00:00,355.91592537912226
2011-09-27 18:00:00,332.99385976178706
2011-09-27 19:00:00,263.2247220171075
2011-09-27 20:00:00,247.0600510408446
2011-09-27 21:00:00,160.9389868348943
2011-09-27 22:00:00,115.28129027489976
2011-09-27 23:00:00,69.33820230177824
2011-09-28 00:00:00,28.78476573749289
2011-09-28 01:00:00,11.129855228392618
2011-09-28 02:00:00,6.162569370509054
2011-09-28 03:00:00,5.041198199140382
2011-09-28 04:00:00,5.66208425789438
2011-09-28 05:00:00,19.08779241184922
2011-09-28 06:00:00,67.04347446149711
2011-09-28 07:00:00,137.33167032535542
2011-09-28 08:00:00,212.81055206417386
2011-09-28 09:00:00,140.1582167092215
2011-09-28 10:00:00,78.84740984534142
2011-09-28 11:00:00,128.74807454818608
2011-09-28 12:00:00,151.3712505269686
2011-09-28 13:00:00,158.91345524862655
2011-09-28 14:00:00,164.19771270807078
2011-09-28 15:00:00,180.10988626253481
2011-09-28 16:00:00,283.1717550023467
2011-09-28 17:00:00,471.0116057557386
2011-09-28 18:00:00,296.4615273451493
2011-09-28 19:00:00,247.94806320512322
2011-09-28 20:00:00,158.2369267127118
2011-09-28 21:00:00,98.6999117863565
2011-09-28 22:00:00,115.97071787597275
2011-09-28 23:00:00,74.94181764431195
2011-09-29 00:00:00,28.668247448876247
2011-09-29 01:00:00,10.767072720179382
2011-09-29 02:00:00,6.658220483794402
2011-09-29 03:00:00,5.053794855342345
2011-09-29 04:00:00,5.645609703479998
2011-09-29 05:00:00,22.729155858234485
2011-09-29 06:00:00,93.6265221735719
2011-09-29 07:00:00,250.79457296542677
2011-09-29 08:00:00,358.99186896177116
2011-09-29 09:00:00,231.85762605194233
2011-09-29 10:00:00,138.74153193830912
2011-09-29 11:00:00,158.20137956053372
2011-09-29 12:00:00,196.6269694806403
2011-09-29 13:00:00,192.83710654913494
2011-09-29 14:00:00,168.70029351476302
2011-09-29 15:00:00,191.66811200652432
2011-09-29 16:00:00,302.4784696650032
2011-09-29 17:00:00,549.4720490146651
2011-09-29 18:00:00,548.5342381594166
2011-09-29 19:00:00,396.9402318776722
2011-09-29 20:00:00,284.2808474197252
2011-09-29 21:00:00,193.8131858066137
2011-09-29 22:00:00,144.4596647001847
2011-09-29 23:00:00,87.19566214120462
2011-09-30 00:00:00,57.61536131843198
2011-09-30 01:00:00,25.797230507943055
2011-09-30 02:00:00,12.12875726208317
2011-09-30 03:00:00,6.0822897311766635
2011-09-30 04:00:00,5.436863454604763
2011-09-30 05:00:00,23.41089738192587
2011-09-30 06:00:00,100.10815846092135
2011-09-30 07:00:00,238.36899084499836
2011-09-30 08:00:00,422.45199057859
2011-09-30 09:00:00,258.24449611524955
2011-09-30 10:00:00,160.66973809956747
2011-09-30 11:00:00,193.77614286795688
2011-09-30 12:00:00,243.79910025057063
2011-09-30 13:00:00,245.71687671339208
2011-09-30 14:00:00,222.21231374692792
2011-09-30 15:00:00,248.10400471181723
2011-09-30 16:00:00,372.8468321432815
2011-09-30 17:00:00,527.3352632799961
2011-09-30 18:00:00,453.9738776218413
2011-09-30 19:00:00,291.8335461378457
2011-09-30 20:00:00,203.7582569970292
2011-09-30 21:00:00,169.91789538388144
2011-09-30 22:00:00,150.8613897561192
2011-09-30 23:00:00,116.15166184162851
2011-10-20 00:00:00,25.668489839093496
2011-10-20 01:00:00,11.3037561566336
2011-10-20 02:00:00,6.409640073426468
2011-10-20 03:00:00,4.29904656256482
2011-10-20 04:00:00,4.905224580888894
2011-10-20 05:00:00,25.045217671123403
2011-10-20 06:00:00,102.7018179108947
2011-10-20 07:00:00,276.00397141357024
2011-10-20 08:00:00,416.6941986102392
2011-10-20 09:00:00,204.42859054155676
2011-10-20 10:00:00,121.99251121920622
2011-10-20 11:00:00,139.3523967551406
2011-10-20 12:00:00,168.64241884085988
2011-10-20 13:00:00,166.29075514152348
2011-10-20 14:00:00,134.8369433572546
2011-10-20 15:00:00,158.85125668958548
2011-10-20 16:00:00,232.82077000962715
2011-10-20 17:00:00,432.3783790157133
2011-10-20 18:00:00,418.64805749721785
2011-10-20 19:00:00,303.1309544390813
2011-10-20 20:00:00,214.2529488047244
2011-10-20 21:00:00,159.24528316013505
2011-10-20 22:00:00,121.1774505094902
2011-10-20 23:00:00,79.24682947556967
2011-10-21 00:00:00,54.089536786172914
2011-10-21 01:00:00,22.317133331050417
2011-10-21 02:00:00,12.74693291411974
2011-10-21 03:00:00,5.725700756527739
2011-10-21 04:00:00,5.173656162537085
2011-10-21 05:00:00,22.663030730249943
2011-10-21 06:00:00,86.68663007025006
2011-10-21 07:00:00,236.86720876528813
2011-10-21 08:00:00,423.09233892657073
2011-10-21 09:00:00,232.83193066712153
2011-10-21 10:00:00,144.8544276209588
2011-10-21 11:00:00,182.3482425284086
2011-10-21 12:00:00,219.5395905213071
2011-10-21 13:00:00,215.49480163792035
2011-10-21 14:00:00,212.62627704638493
2011-10-21 15:00:00,220.88130775434047
2011-10-21 16:00:00,301.9520012336287
2011-10-21 17:00:00,417.9568562044167
2011-10-21 18:00:00,367.76784422523326
2011-10-21 19:00:00,247.76489637671847
2011-10-21 20:00:00,179.35729467414725
2011-10-21 21:00:00,148.8079095220006
2011-10-21 22:00:00,139.05476004108567
2011-10-21 23:00:00,102.80948826549995
2011-10-22 00:00:00,88.84372000914045
2011-10-22 01:00:00,66.50730892066505
2011-10-22 02:00:00,56.261988288234946
2011-10-22 03:00:00,24.966448368904
2011-10-22 04:00:00,7.933114059080023
2011-10-22 05:00:00,7.762803061454789
2011-10-22 06:00:00,18.160221454105937
2011-10-22 07:00:00,43.8341347553745
2011-10-22 08:00:00,106.3833892494296
2011-10-22 09:00:00,162.4430963729617
2011-10-22 10:00:00,228.6642023534569
2011-10-22 11:00:00,278.25184275999567
2011-10-22 12:00:00,346.2520532454479
2011-10-22 13:00:00,368.1701160068327
2011-10-22 14:00:00,324.8354590528579
2011-10-22 15:00:00,339.34967715950233
2011-10-22 16:00:00,335.65524084623934
2011-10-22 17:00:00,306.0566172266665
2011-10-22 18:00:00,254.8391930868834
2011-10-22 19:00:00,214.44912930653885
2011-10-22 20:00:00,163.40097664611312
2011-10-22 21:00:00,135.56208196583097
2011-10-22 22:00:00,115.54812244087887
2011-10-22 23:00:00,84.81425033236745
2011-10-23 00:00:00,78.44373272398019
2011-10-23 01:00:00,61.60927135912675
2011-10-23 02:00:00,51.339279287884885
2011-10-23 03:00:00,23.14633773500431
2011-10-23 04:00:00,8.006702889818353
2011-10-23 05:00:00,6.635490432462355
2011-10-23 06:00:00,11.762537296774717
2011-10-23 07:00:00,33.07363037919504
2011-10-23 08:00:00,75.70833807388344
2011-10-23 09:00:00,141.39924987940304
2011-10-23 10:00:00,228.3051390721363
2011-10-23 11:00:00,287.89918857217737
2011-10-23 12:00:00,346.5500576337307
2011-10-23 13:00:00,366.4926116422815
2011-10-23 14:00:00,346.32436957725537
2011-10-23 15:00:00,348.8853550719068
2011-10-23 16:00:00,340.5991669067612
2011-10-23 17:00:00,296.5707325176579
2011-10-23 18:00:00,249.32366223274414
2011-10-23 19:00:00,202.59290143646385
2011-10-23 20:00:00,151.0147221524751
2011-10-23 21:00:00,117.45711780726444
2011-10-23 22:00:00,90.11062509946593
2011-10-23 23:00:00,63.507800050925155
2011-10-24 00:00:00,29.45375520507957
2011-10-24 01:00:00,11.34096241062345
2011-10-24 02:00:00,6.3051891948567365
2011-10-24 03:00:00,5.040674657738415
2011-10-24 04:00:00,5.917957316679948
2011-10-24 05:00:00,21.889091241466108
2011-10-24 06:00:00,97.14057889958775
2011-10-24 07:00:00,259.26360647133845
2011-10-24 08:00:00,400.46648762791733
2011-10-24 09:00:00,213.22341231892156
2011-10-24 10:00:00,106.29100911136999
2011-10-24 11:00:00,142.94646352950247
2011-10-24 12:00:00,183.33558720654565
2011-10-24 13:00:00,179.28574369880926
2011-10-24 14:00:00,158.89523559216772
2011-10-24 15:00:00,183.09782664622253
2011-10-24 16:00:00,272.6341806980089
2011-10-24 17:00:00,480.72140127733974
2011-10-24 18:00:00,477.92747360509264
2011-10-24 19:00:00,198.45806323161054
2011-10-24 20:00:00,219.76985750270924
2011-10-24 21:00:00,144.35311914541978
2011-10-24 22:00:00,120.83536179739386
2011-10-24 23:00:00,67.81091629972903
2011-10-25 00:00:00,31.16048149143161
2011-10-25 01:00:00,12.920082774829204
2011-10-25 02:00:00,6.3619118304924935
2011-10-25 03:00:00,4.735663265367811
2011-10-25 04:00:00,5.75168940015932
2011-10-25 05:00:00,22.14832094711666
2011-10-25 06:00:00,102.43212197531638
2011-10-25 07:00:00,284.1750749614371
2011-10-25 08:00:00,437.56045731732524
2011-10-25 09:00:00,226.54541207020873
2011-10-25 10:00:00,131.35574931794156
2011-10-25 11:00:00,151.00474336424915
2011-10-25 12:00:00,189.69026336609656
2011-10-25 13:00:00,185.61936547611765
2011-10-25 14:00:00,168.03127363858684
2011-10-25 15:00:00,187.9737998287901
2011-10-25 16:00:00,285.52479716540586
2011-10-25 17:00:00,528.2138320930511
2011-10-25 18:00:00,482.2428908801227
2011-10-25 19:00:00,320.21979873902086
2011-10-25 20:00:00,233.4013099847221
2011-10-25 21:00:00,166.44251515259288
2011-10-25 22:00:00,128.89924158087842
2011-10-25 23:00:00,74.09148450636769
2011-10-26 00:00:00,32.465244898812855
2011-10-26 01:00:00,12.616450438703781
2011-10-26 02:00:00,6.576662957141874
2011-10-26 03:00:00,4.210936239993563
2011-10-26 04:00:00,4.909431459678867
2011-10-26 05:00:00,25.39689672823525
2011-10-26 06:00:00,103.6418088498769
2011-10-26 07:00:00,282.7336876513235
2011-10-26 08:00:00,421.7593929987404
2011-10-26 09:00:00,220.50931199381228
2011-10-26 10:00:00,125.3796178020387
2011-10-26 11:00:00,149.504808984571
2011-10-26 12:00:00,161.98563001173466
2011-10-26 13:00:00,155.09037364862945
2011-10-26 14:00:00,147.293691059203
2011-10-26 15:00:00,166.02437436780065
2011-10-26 16:00:00,249.6132588858986
2011-10-26 17:00:00,435.19531398275615
2011-10-26 18:00:00,440.33628269100024
2011-10-26 19:00:00,283.9168988982301
2011-10-26 20:00:00,205.05807729299826
2011-10-26 21:00:00,171.57578866522203
2011-10-26 22:00:00,101.3375338689367
2011-10-26 23:00:00,67.02263853471916
2011-10-27 00:00:00,29.102149946247657
2011-10-27 01:00:00,11.213253448010809
2011-10-27 02:00:00,5.262225269598937
2011-10-27 03:00:00,3.962981836624316
2011-10-27 04:00:00,4.286269755380028
2011-10-27 05:00:00,14.090752918203039
2011-10-27 06:00:00,70.45342632437394
2011-10-27 07:00:00,255.98587965112395
2011-10-27 08:00:00,200.51822408828045
2011-10-27 09:00:00,216.80487881607283
2011-10-27 10:00:00,83.41513695156476
2011-10-27 11:00:00,89.1868625402486
2011-10-27 12:00:00,97.52119486253372
2011-10-27 13:00:00,123.79030924906891
2011-10-27 14:00:00,133.36698663448234
2011-10-27 15:00:00,153.49632982714206
2011-10-27 16:00:00,268.02402622069684
2011-10-27 17:00:00,391.9736657193102
2011-10-27 18:00:00,400.32107664951354
2011-10-27 19:00:00,267.2595537159667
2011-10-27 20:00:00,207.87423116537855
2011-10-27 21:00:00,143.49731208982982
2011-10-27 22:00:00,99.10232717466045
2011-10-27 23:00:00,58.54766011714527
2011-10-28 00:00:00,43.771745466611925
2011-10-28 01:00:00,20.08522123455493
2011-10-28 02:00:00,10.576768127946803
2011-10-28 03:00:00,4.22234890831667
2011-10-28 04:00:00,3.9718170975974614
2011-10-28 05:00:00,19.539533375126812
2011-10-28 06:00:00,80.6714273601131
2011-10-28 07:00:00,231.90697524085365
2011-10-28 08:00:00,409.65704835428073
2011-10-28 09:00:00,233.26689888391513
2011-10-28 10:00:00,122.73446264974515
2011-10-28 11:00:00,147.83775308969177
2011-10-28 12:00:00,194.83462556251513
2011-10-28 13:00:00,192.619894864694
2011-10-28 14:00:00,172.38700483249488
2011-10-28 15:00:00,184.22214866336935
2011-10-28 16:00:00,251.7211233740397
2011-10-28 17:00:00,379.8940974793324
2011-10-28 18:00:00,343.51684674293074
2011-10-28 19:00:00,234.9684419182077
2011-10-28 20:00:00,89.04423315023902
2011-10-28 21:00:00,74.19800752812185
2011-10-28 22:00:00,61.46468635593004
2011-10-28 23:00:00,45.68912487697372
2011-10-29 00:00:00,39.86660560940843
2011-10-29 01:00:00,34.56828040349826
2011-10-29 02:00:00,31.46389422999576
2011-10-29 03:00:00,13.7207176338724
2011-10-29 04:00:00,5.794501507984872
2011-10-29 05:00:00,4.87707040118055
2011-10-29 06:00:00,10.445418067679295
2011-10-29 07:00:00,21.303845012933586
2011-10-29 08:00:00,50.4658618913701
2011-10-29 09:00:00,54.02842893121078
2011-10-29 10:00:00,55.36013979401597
2011-10-29 11:00:00,65.2982476574911
2011-10-29 12:00:00,59.947408917581555
2011-10-29 13:00:00,57.367164363214954
2011-10-29 14:00:00,59.467305754742156
2011-10-29 15:00:00,103.87641782735338
2011-10-29 16:00:00,63.90656380826886
2011-10-29 17:00:00,53.47815669231716
2011-10-29 18:00:00,44.70341467393913
2011-10-29 19:00:00,99.977437083713
2011-10-29 20:00:00,77.456965945848
2011-10-29 21:00:00,71.54911197832214
2011-10-29 22:00:00,67.86797323695662
2011-10-29 23:00:00,53.28603389249509
2011-10-30 00:00:00,57.044554365187224
2011-10-30 01:00:00,46.59434923857141
2011-10-30 02:00:00,35.62447209362615
2011-10-30 03:00:00,13.882163982770209
2011-10-30 04:00:00,3.4915989675792973
2011-10-30 05:00:00,3.871511463504591
2011-10-30 06:00:00,9.798633370161337
2011-10-30 07:00:00,28.39310804515908
2011-10-30 08:00:00,70.54696130330026
2011-10-30 09:00:00,125.87154455204
2011-10-30 10:00:00,210.74807841407755
2011-10-30 11:00:00,257.18922231586197
2011-10-30 12:00:00,312.44733013461513
2011-10-30 13:00:00,330.57820829438367
2011-10-30 14:00:00,324.18551730186346
2011-10-30 15:00:00,316.299134039559
2011-10-30 16:00:00,300.4684741199457
2011-10-30 17:00:00,267.6616655574717
2011-10-30 18:00:00,204.0955192488534
2011-10-30 19:00:00,242.37100225868116
2011-10-30 20:00:00,132.22772297206498
2011-10-30 21:00:00,98.88834415042602
2011-10-30 22:00:00,78.81859777240624
2011-10-30 23:00:00,46.04522845022288
2011-10-31 00:00:00,20.541469724310396
2011-10-31 01:00:00,8.810807686064104
2011-10-31 02:00:00,3.7616367869864766
2011-10-31 03:00:00,3.3125433297755653
2011-10-31 04:00:00,3.531062441635835
2011-10-31 05:00:00,17.47193124033646
2011-10-31 06:00:00,84.78441414430509
2011-10-31 07:00:00,241.5105794906105
2011-10-31 08:00:00,400.2579362270594
2011-10-31 09:00:00,209.0667769639939
2011-10-31 10:00:00,108.34523673382927
2011-10-31 11:00:00,131.03397206538313
2011-10-31 12:00:00,164.12416413043184
2011-10-31 13:00:00,156.21076490144762
2011-10-31 14:00:00,139.34846419548495
2011-10-31 15:00:00,158.91125841087216
2011-10-31 16:00:00,237.92281190058873
2011-10-31 17:00:00,445.6691729618294
2011-10-31 18:00:00,420.48357122408197
2011-10-31 19:00:00,294.37655774677
2011-10-31 20:00:00,217.4951486018397
2011-10-31 21:00:00,136.0913538347353
2011-10-31 22:00:00,97.873347891295
2011-10-31 23:00:00,56.28523751170314
2011-11-20 00:00:00,87.17668032403402
2011-11-20 01:00:00,67.22525228421324
2011-11-20 02:00:00,54.80341306059188
2011-11-20 03:00:00,22.425020591587558
2011-11-20 04:00:00,6.40529217474614
2011-11-20 05:00:00,6.480007414524889
2011-11-20 06:00:00,13.510262698283988
2011-11-20 07:00:00,40.4276407953491
2011-11-20 08:00:00,73.18305205863045
2011-11-20 09:00:00,142.04172866796253
2011-11-20 10:00:00,210.53353881245835
2011-11-20 11:00:00,272.4713855497869
2011-11-20 12:00:00,325.7779926733609
2011-11-20 13:00:00,335.02338357357996
2011-11-20 14:00:00,330.7257421462016
2011-11-20 15:00:00,310.04254985133105
2011-11-20 16:00:00,307.287818435962
2011-11-20 17:00:00,274.450820612799
2011-11-20 18:00:00,248.56668422096874
2011-11-20 19:00:00,192.18686677787116
2011-11-20 20:00:00,163.18430877254818
2011-11-20 21:00:00,113.1254917911949
2011-11-20 22:00:00,56.26748029302595
2011-11-20 23:00:00,41.36493991085179
2011-11-21 00:00:00,20.73082854597559
2011-11-21 01:00:00,7.117123645506989
2011-11-21 02:00:00,4.541101059305227
2011-11-21 03:00:00,3.615727151213378
2011-11-21 04:00:00,4.327354106898715
2011-11-21 05:00:00,16.151931466878978
2011-11-21 06:00:00,75.19773245099168
2011-11-21 07:00:00,245.25019138840702
2011-11-21 08:00:00,321.06374759142636
2011-11-21 09:00:00,175.93541125163554
2011-11-21 10:00:00,111.80529258986633
2011-11-21 11:00:00,131.18464953987458
2011-11-21 12:00:00,174.6491081391306
2011-11-21 13:00:00,167.6529027054391
2011-11-21 14:00:00,131.23698392682903
2011-11-21 15:00:00,69.72294687165345
2011-11-21 16:00:00,115.32111239487662
2011-11-21 17:00:00,125.90160419051969
2011-11-21 18:00:00,199.9436402126888
2011-11-21 19:00:00,148.42847108393107
2011-11-21 20:00:00,119.55056054207503
2011-11-21 21:00:00,77.18816188072982
2011-11-21 22:00:00,64.07894552595567
2011-11-21 23:00:00,45.49742127494358
2011-11-22 00:00:00,13.868141694420519
2011-11-22 01:00:00,7.114874940169445
2011-11-22 02:00:00,4.674324259016679
2011-11-22 03:00:00,3.879518015336779
2011-11-22 04:00:00,4.665245789664985
2011-11-22 05:00:00,11.352056115772461
2011-11-22 06:00:00,81.19130500621876
2011-11-22 07:00:00,119.86192728055411
2011-11-22 08:00:00,177.19582135520585
2011-11-22 09:00:00,110.6573896972159
2011-11-22 10:00:00,57.1903450632424
2011-11-22 11:00:00,61.74908760420011
2011-11-22 12:00:00,66.546128746434
2011-11-22 13:00:00,65.44501131012504
2011-11-22 14:00:00,59.00519646144174
2011-11-22 15:00:00,65.02822875463609
2011-11-22 16:00:00,116.76702273950201
2011-11-22 17:00:00,159.16351766154244
2011-11-22 18:00:00,153.1244608211412
2011-11-22 19:00:00,167.14183150322205
2011-11-22 20:00:00,165.02101696968103
2011-11-22 21:00:00,104.73716150920882
2011-11-22 22:00:00,88.76744125565058
2011-11-22 23:00:00,57.052814334179416
2011-11-23 00:00:00,20.168510013514368
2011-11-23 01:00:00,8.368344778163795
2011-11-23 02:00:00,4.121987664557596
2011-11-23 03:00:00,3.103620683259212
2011-11-23 04:00:00,4.057522157266561
2011-11-23 05:00:00,18.43847766498253
2011-11-23 06:00:00,72.0678137589432
2011-11-23 07:00:00,238.32413512282685
2011-11-23 08:00:00,321.3103777730529
2011-11-23 09:00:00,167.70169857735652
2011-11-23 10:00:00,93.69919888346237
2011-11-23 11:00:00,136.19268742760866
2011-11-23 12:00:00,170.5461835978615
2011-11-23 13:00:00,142.59155192192605
2011-11-23 14:00:00,136.55425699535692
2011-11-23 15:00:00,141.37503954973306
2011-11-23 16:00:00,210.24181250542415
2011-11-23 17:00:00,221.7960584240332
2011-11-23 18:00:00,361.14566451986457
2011-11-23 19:00:00,259.1199926778911
2011-11-23 20:00:00,186.69503555753872
2011-11-23 21:00:00,121.85544217648847
2011-11-23 22:00:00,90.17278493192654
2011-11-23 23:00:00,55.74304922703914
2011-11-24 00:00:00,51.77229537487724
2011-11-24 01:00:00,25.331720000519326
2011-11-24 02:00:00,19.834818985322865
2011-11-24 03:00:00,12.998773398943626
2011-11-24 04:00:00,6.888172658883478
2011-11-24 05:00:00,9.361071153062362
2011-11-24 06:00:00,33.611177976778215
2011-11-24 07:00:00,55.47842795315312
2011-11-24 08:00:00,149.18076729707667
2011-11-24 09:00:00,175.3972139133638
2011-11-24 10:00:00,199.96024957504522
2011-11-24 11:00:00,252.01844289088152
2011-11-24 12:00:00,287.4086302761217
2011-11-24 13:00:00,291.16992795650026
2011-11-24 14:00:00,292.7723043834052
2011-11-24 15:00:00,290.6195657224585
2011-11-24 16:00:00,295.202509236628
2011-11-24 17:00:00,309.18667976828647
2011-11-24 18:00:00,249.1864577762969
2011-11-24 19:00:00,224.04975900666943
2011-11-24 20:00:00,139.24341443790343
2011-11-24 21:00:00,124.4818937739415
2011-11-24 22:00:00,108.17174160568364
2011-11-24 23:00:00,73.5492239760319
2011-11-25 00:00:00,45.72892324850381
2011-11-25 01:00:00,21.219497404630403
2011-11-25 02:00:00,10.773792880556986
2011-11-25 03:00:00,4.487015084984649
2011-11-25 04:00:00,4.49564992213451
2011-11-25 05:00:00,21.621546588669954
2011-11-25 06:00:00,76.35754714386678
2011-11-25 07:00:00,214.22987275018568
2011-11-25 08:00:00,380.09159123685754
2011-11-25 09:00:00,233.7644348173378
2011-11-25 10:00:00,126.40672018798662
2011-11-25 11:00:00,152.01129830056237
2011-11-25 12:00:00,206.58450894586665
2011-11-25 13:00:00,214.3189767190732
2011-11-25 14:00:00,205.08215710016862
2011-11-25 15:00:00,222.9333711759674
2011-11-25 16:00:00,290.8465080273088
2011-11-25 17:00:00,430.36058599733144
2011-11-25 18:00:00,377.6857321319132
2011-11-25 19:00:00,245.2582390676107
2011-11-25 20:00:00,176.13647672832275
2011-11-25 21:00:00,126.37200778616936
2011-11-25 22:00:00,115.74844413225091
2011-11-25 23:00:00,88.71583753712045
2011-11-26 00:00:00,80.75425908193161
2011-11-26 01:00:00,60.190396347347146
2011-11-26 02:00:00,47.24255329372825
2011-11-26 03:00:00,22.37385063405059
2011-11-26 04:00:00,6.789490338249047
2011-11-26 05:00:00,6.698983449299195
2011-11-26 06:00:00,16.527707021507943
2011-11-26 07:00:00,32.59219024352447
2011-11-26 08:00:00,94.31597027598222
2011-11-26 09:00:00,137.26373258629042
2011-11-26 10:00:00,196.3500803127537
2011-11-26 11:00:00,267.5094105211408
2011-11-26 12:00:00,330.5200161312184
2011-11-26 13:00:00,348.83560231674585
2011-11-26 14:00:00,321.7971324513211
2011-11-26 15:00:00,334.3128124537375
2011-11-26 16:00:00,307.00745867849633
2011-11-26 17:00:00,280.074049220856
2011-11-26 18:00:00,221.35407660569575
2011-11-26 19:00:00,191.69941664249734
2011-11-26 20:00:00,147.1868982359374
2011-11-26 21:00:00,112.29972049594147
2011-11-26 22:00:00,98.33217890687222
2011-11-26 23:00:00,72.10477071474725
2011-11-27 00:00:00,79.15872994660182
2011-11-27 01:00:00,62.93829213049219
2011-11-27 02:00:00,53.21509337681825
2011-11-27 03:00:00,23.24239217314667
2011-11-27 04:00:00,8.03480344326038
2011-11-27 05:00:00,6.764400621206305
2011-11-27 06:00:00,12.895948889998456
2011-11-27 07:00:00,32.91615468654263
2011-11-27 08:00:00,73.28943496845393
2011-11-27 09:00:00,147.1443275049943
2011-11-27 10:00:00,213.3689791298626
2011-11-27 11:00:00,284.94197047301736
2011-11-27 12:00:00,356.7268244158679
2011-11-27 13:00:00,351.8825956885623
2011-11-27 14:00:00,392.8236288993099
2011-11-27 15:00:00,392.5978759951265
2011-11-27 16:00:00,353.7901835204342
2011-11-27 17:00:00,298.7118966326079
2011-11-27 18:00:00,226.014077698154
2011-11-27 19:00:00,195.22936298434402
2011-11-27 20:00:00,157.78925528848418
2011-11-27 21:00:00,115.93364209811276
2011-11-27 22:00:00,91.47437443489719
2011-11-27 23:00:00,66.86469559452487
2011-11-28 00:00:00,29.44216675371539
2011-11-28 01:00:00,12.346465368011472
2011-11-28 03:00:00,4.585992812197542
2011-11-28 04:00:00,6.042384594019543
2011-11-28 05:00:00,22.284728371477705
2011-11-28 06:00:00,100.32668319269017
2011-11-28 07:00:00,280.39116030748374
2011-11-28 08:00:00,354.1591061491287
2011-11-28 09:00:00,201.02139559708166
2011-11-28 10:00:00,112.718605950415
2011-11-28 11:00:00,144.018344375511
2011-11-28 12:00:00,186.24582633556417
2011-11-28 13:00:00,180.71941355128143
2011-11-28 14:00:00,164.9473123063827
2011-11-28 15:00:00,182.66106640925943
2011-11-28 16:00:00,272.54544062551554
2011-11-28 17:00:00,506.9387757204181
2011-11-28 18:00:00,486.86250136427896
2011-11-28 19:00:00,325.9739250490313
2011-11-28 20:00:00,232.2928228684196
2011-11-28 21:00:00,170.71418531520288
2011-11-28 22:00:00,117.10887802031104
2011-11-28 23:00:00,66.2040928156064
2011-11-29 00:00:00,28.190118914518926
2011-11-29 01:00:00,11.6021981569461
2011-11-29 02:00:00,5.432568706488273
2011-11-29 03:00:00,4.004443637598084
2011-11-29 04:00:00,4.628412474893958
2011-11-29 05:00:00,21.476692226305737
2011-11-29 06:00:00,103.9445834058564
2011-11-29 07:00:00,292.23772913638425
2011-11-29 08:00:00,422.41132823263445
2011-11-29 09:00:00,183.9216762435547
2011-11-29 10:00:00,107.25090563928511
2011-11-29 11:00:00,94.94536791040716
2011-11-29 12:00:00,77.96845237366237
2011-11-29 13:00:00,96.23057224986067
2011-11-29 14:00:00,61.92219603979619
2011-11-29 15:00:00,68.89399355390108
2011-11-29 16:00:00,123.12539125791952
2011-11-29 17:00:00,315.87603935977944
2011-11-29 18:00:00,318.29553856678297
2011-11-29 19:00:00,228.01959565647124
2011-11-29 20:00:00,170.1321374797921
2011-11-29 21:00:00,113.01921130106365
2011-11-29 22:00:00,110.3825120911981
2011-11-29 23:00:00,56.17702227591261
2011-11-30 00:00:00,24.109411432914865
2011-11-30 01:00:00,10.951494154506472
2011-11-30 02:00:00,5.024922130750932
2011-11-30 03:00:00,3.267486041788316
2011-11-30 04:00:00,4.259238354283078
2011-11-30 05:00:00,22.44804815044029
2011-11-30 06:00:00,89.02269004397944
2011-11-30 07:00:00,248.24315600039512
2011-11-30 08:00:00,389.3283536907952
2011-11-30 09:00:00,196.62476766237697
2011-11-30 10:00:00,104.34474904965258
2011-11-30 11:00:00,127.79928170357341
2011-11-30 12:00:00,141.14933350625793
2011-11-30 13:00:00,143.9705274413751
2011-11-30 14:00:00,130.11345234817975
2011-11-30 15:00:00,142.30467838861264
2011-11-30 16:00:00,206.21645025069202
2011-11-30 17:00:00,354.65933176038993
2011-11-30 18:00:00,353.02809982366716
2011-11-30 19:00:00,240.41310298373952
2011-11-30 20:00:00,171.9088747380918
2011-11-30 21:00:00,118.81258037768023
2011-11-30 22:00:00,90.24501073877866
2011-11-30 23:00:00,53.87745705900305
2011-12-20 00:00:00,24.003120148813434
2011-12-20 01:00:00,11.41232201491239
2011-12-20 02:00:00,5.229773034352354
2011-12-20 03:00:00,3.818819852406928
2011-12-20 04:00:00,5.37771374476373
2011-12-20 05:00:00,22.252432186283677
2011-12-20 06:00:00,93.48261312690359
2011-12-20 07:00:00,261.953196481112
2011-12-20 08:00:00,421.0454793403791
2011-12-20 09:00:00,206.44495375149478
2011-12-20 10:00:00,110.06289802223428
2011-12-20 11:00:00,125.76651474101885
2011-12-20 12:00:00,157.3070765697147
2011-12-20 13:00:00,151.41343365389685
2011-12-20 14:00:00,137.41644785448628
2011-12-20 15:00:00,149.7339106606438
2011-12-20 16:00:00,230.9984999517465
2011-12-20 17:00:00,401.1666069340786
2011-12-20 18:00:00,383.26998769227197
2011-12-20 19:00:00,269.11089740173645
2011-12-20 20:00:00,197.96280162134832
2011-12-20 21:00:00,143.30937432914502
2011-12-20 22:00:00,106.106542923111
2011-12-20 23:00:00,66.33729361214063
2011-12-21 00:00:00,15.735231593748605
2011-12-21 01:00:00,6.653207618324039
2011-12-21 02:00:00,3.876866121888576
2011-12-21 03:00:00,2.6146077859624226
2011-12-21 04:00:00,3.0834285314626966
2011-12-21 05:00:00,15.40649322451126
2011-12-21 06:00:00,51.400834010372506
2011-12-21 07:00:00,157.44811121420483
2011-12-21 08:00:00,119.07555786463034
2011-12-21 09:00:00,137.49941029180235
2011-12-21 10:00:00,78.03012417049176
2011-12-21 11:00:00,82.04262615054695
2011-12-21 12:00:00,42.606456786441626
2011-12-21 13:00:00,27.233438156050912
2011-12-21 14:00:00,76.74622513479707
2011-12-21 15:00:00,85.7644034098985
2011-12-21 16:00:00,26.4601266983668
2011-12-21 17:00:00,57.030743254456446
2011-12-21 18:00:00,139.7872527404114
2011-12-21 19:00:00,142.04477922450505
2011-12-21 20:00:00,111.85781410521729
2011-12-21 21:00:00,114.27169792076745
2011-12-21 22:00:00,93.39322257656038
2011-12-21 23:00:00,65.4025444149394
2011-12-22 00:00:00,23.455111650282735
2011-12-22 01:00:00,10.528447236699117
2011-12-22 02:00:00,7.775731262694624
2011-12-22 03:00:00,3.8589258647709492
2011-12-22 04:00:00,4.228322065922478
2011-12-22 05:00:00,17.235646758405522
2011-12-22 06:00:00,57.42414581680158
2011-12-22 07:00:00,158.05828110718483
2011-12-22 08:00:00,268.63784380036316
2011-12-22 09:00:00,141.19171804565764
2011-12-22 10:00:00,72.91112783008413
2011-12-22 11:00:00,86.69551722418575
2011-12-22 12:00:00,119.93334560335049
2011-12-22 13:00:00,111.04547148347137
2011-12-22 14:00:00,96.45019578150843
2011-12-22 15:00:00,113.45522132913264
2011-12-22 16:00:00,173.80738980382614
2011-12-22 17:00:00,268.67820130214517
2011-12-22 18:00:00,272.5350174398862
2011-12-22 19:00:00,178.4378970718947
2011-12-22 20:00:00,52.24544151163446
2011-12-22 21:00:00,46.5402295813423
2011-12-22 22:00:00,29.986437891761327
2011-12-22 23:00:00,27.497588491960915
2011-12-23 00:00:00,22.0388345667973
2011-12-23 01:00:00,10.715538893724109
2011-12-23 02:00:00,6.829295354368891
2011-12-23 03:00:00,4.140652533150959
2011-12-23 04:00:00,2.6721585061514346
2011-12-23 05:00:00,11.960420784283464
2011-12-23 06:00:00,54.73684970873232
2011-12-23 07:00:00,147.59286624292147
2011-12-23 08:00:00,276.96252021544524
2011-12-23 09:00:00,152.54250366146036
2011-12-23 10:00:00,78.92458487625525
2011-12-23 11:00:00,89.27798592768247
2011-12-23 12:00:00,118.23432716425106
2011-12-23 13:00:00,120.97798333262725
2011-12-23 14:00:00,112.83951109984196
2011-12-23 15:00:00,118.24198856768862
2011-12-23 16:00:00,133.82826399237427
2011-12-23 17:00:00,239.87936315560597
2011-12-23 18:00:00,209.1382016048174
2011-12-23 19:00:00,126.76010636684939
2011-12-23 20:00:00,86.95997300808342
2011-12-23 21:00:00,66.72779708068322
2011-12-23 22:00:00,62.63623966482372
2011-12-23 23:00:00,49.274120698794604
2011-12-24 00:00:00,42.44407959904721
2011-12-24 01:00:00,37.293944728149455
2011-12-24 02:00:00,31.20636904406433
2011-12-24 03:00:00,14.241362660160512
2011-12-24 04:00:00,4.233074152910059
2011-12-24 05:00:00,3.862797375337354
2011-12-24 06:00:00,6.119875526689875
2011-12-24 07:00:00,17.015247597585404
2011-12-24 08:00:00,48.63813698806298
2011-12-24 09:00:00,74.02129025620508
2011-12-24 10:00:00,107.20017092863444
2011-12-24 11:00:00,118.87830856048976
2011-12-24 12:00:00,154.54886261823907
2011-12-24 13:00:00,154.5748396146779
2011-12-24 14:00:00,150.0941755099812
2011-12-24 15:00:00,145.57133653744097
2011-12-24 16:00:00,139.39344277535264
2011-12-24 17:00:00,106.93496371032603
2011-12-24 18:00:00,101.91889587230683
2011-12-24 19:00:00,93.85051935326926
2011-12-24 20:00:00,66.43795906556086
2011-12-24 21:00:00,57.3850957996078
2011-12-24 22:00:00,44.812844903466214
2011-12-24 23:00:00,37.26879777054907
2011-12-25 00:00:00,36.891930774379674
2011-12-25 01:00:00,31.231810158215538
2011-12-25 02:00:00,29.003512121861007
2011-12-25 03:00:00,14.42374804316637
2011-12-25 05:00:00,2.8428528573198117
2011-12-25 06:00:00,3.8882243238612597
2011-12-25 07:00:00,11.665887450612521
2011-12-25 08:00:00,26.163481108897138
2011-12-25 09:00:00,50.40212678522306
2011-12-25 10:00:00,100.27805592770173
2011-12-25 11:00:00,119.85642330584787
2011-12-25 12:00:00,134.35727567673163
2011-12-25 13:00:00,150.04342084795678
2011-12-25 14:00:00,147.42383468360381
2011-12-25 15:00:00,149.40440036913864
2011-12-25 16:00:00,155.20805464972938
2011-12-25 17:00:00,127.0298006747883
2011-12-25 18:00:00,102.10644368289101
2011-12-25 19:00:00,92.40751546816372
2011-12-25 20:00:00,66.11845655123764
2011-12-25 21:00:00,47.93856845074358
2011-12-25 22:00:00,37.07475014540288
2011-12-25 23:00:00,28.516297629509445
2011-12-26 00:00:00,27.023768735978585
2011-12-26 01:00:00,22.57373443045472
2011-12-26 02:00:00,16.944055504620053
2011-12-26 04:00:00,3.3937232063858156
2011-12-26 05:00:00,4.447691934639991
2011-12-26 06:00:00,10.32492662374781
2011-12-26 07:00:00,28.064573490087486
2011-12-26 08:00:00,75.4473882442784
2011-12-26 09:00:00,94.64427794850059
2011-12-26 10:00:00,104.63640002340452
2011-12-26 11:00:00,106.85697201720417
2011-12-26 12:00:00,131.9897773217668
2011-12-26 13:00:00,143.48918903708375
2011-12-26 14:00:00,139.04852162809922
2011-12-26 15:00:00,137.25464728563347
2011-12-26 16:00:00,136.1591353314459
2011-12-26 17:00:00,130.05799564705643
2011-12-26 18:00:00,125.66295752809945
2011-12-26 19:00:00,107.5810342051655
2011-12-26 20:00:00,72.68859352234016
2011-12-26 21:00:00,58.49517507448998
2011-12-26 22:00:00,45.67647450532313
2011-12-26 23:00:00,33.67802862080457
2011-12-27 00:00:00,13.14315824028154
2011-12-27 01:00:00,5.1245244890722645
2011-12-27 02:00:00,2.9645928681189404
2011-12-27 03:00:00,2.025907328172326
2011-12-27 04:00:00,2.3339612839778745
2011-12-27 05:00:00,9.789038908988601
2011-12-27 06:00:00,48.979469835173916
2011-12-27 07:00:00,140.1379109196364
2011-12-27 08:00:00,270.6506001591349
2011-12-27 09:00:00,51.76139377469387
2011-12-27 10:00:00,68.28234180351362
2011-12-27 11:00:00,32.920578828058936
2011-12-27 12:00:00,39.346863180054655
2011-12-27 13:00:00,31.528625107835857
2011-12-27 14:00:00,32.5003785920519
2011-12-27 15:00:00,34.09230006504065
2011-12-27 16:00:00,34.61743441852235
2011-12-27 17:00:00,117.69656148923649
2011-12-27 18:00:00,207.0152482912428
2011-12-27 19:00:00,139.96778624889612
2011-12-27 20:00:00,106.35357221490365
2011-12-27 21:00:00,78.04707000462619
2011-12-27 22:00:00,57.16277424998368
2011-12-27 23:00:00,33.625866767444094
2011-12-28 00:00:00,14.374823183100226
2011-12-28 01:00:00,6.649751889464931
2011-12-28 02:00:00,3.090721477782062
2011-12-28 03:00:00,2.125080330035889
2011-12-28 05:00:00,10.528785071117492
2011-12-28 06:00:00,53.35079817360581
2011-12-28 07:00:00,145.5067383516554
2011-12-28 08:00:00,271.04075208844324
2011-12-28 09:00:00,132.83474998201743
2011-12-28 10:00:00,69.9954638164825
2011-12-28 11:00:00,75.54905190130444
2011-12-28 12:00:00,81.48258102950525
2011-12-28 13:00:00,83.28002724682236
2011-12-28 14:00:00,78.04319520108254
2011-12-28 15:00:00,82.69830903449261
2011-12-28 16:00:00,109.85032961930088
2011-12-28 17:00:00,218.99185191094566
2011-12-28 18:00:00,213.55391780561882
2011-12-28 19:00:00,129.18263301329972
2011-12-28 20:00:00,102.40601303017499
2011-12-28 21:00:00,66.36529524079319
2011-12-28 22:00:00,50.432025565632415
2011-12-28 23:00:00,27.729429103710757
2011-12-29 00:00:00,12.727579601726825
2011-12-29 01:00:00,4.59552789565796
2011-12-29 02:00:00,3.0062214330131534
2011-12-29 03:00:00,1.8588422503841504
2011-12-29 04:00:00,2.3378597332466198
2011-12-29 05:00:00,10.687380921994496
2011-12-29 06:00:00,46.46778810118312
2011-12-29 07:00:00,136.22803838028136
2011-12-29 08:00:00,259.12347848152945
2011-12-29 09:00:00,125.42966874129657
2011-12-29 10:00:00,57.90390334601857
2011-12-29 11:00:00,65.18697001222384
2011-12-29 12:00:00,81.92981764140643
2011-12-29 13:00:00,80.3064909501156
2011-12-29 14:00:00,77.54541649874615
2011-12-29 15:00:00,81.40311881136546
2011-12-29 16:00:00,114.3245902379702
2011-12-29 17:00:00,232.41194633872718
2011-12-29 18:00:00,232.13546278630702
2011-12-29 19:00:00,139.57425762112382
2011-12-29 20:00:00,105.97065877271268
2011-12-29 21:00:00,75.24389256775899
2011-12-29 22:00:00,60.929701770365234
2011-12-29 23:00:00,39.606935682601815
2011-12-30 00:00:00,26.082243185048977
2011-12-30 01:00:00,9.981368598866027
2011-12-30 02:00:00,4.431602213713642
2011-12-30 03:00:00,2.6408353758009326
2011-12-30 04:00:00,2.2416119614723207
2011-12-30 05:00:00,9.745431364474396
2011-12-30 06:00:00,44.2968944480059
2011-12-30 07:00:00,130.91757569074457
2011-12-30 08:00:00,259.2060673770149
2011-12-30 09:00:00,138.3349518833075
2011-12-30 10:00:00,72.92057340280583
2011-12-30 11:00:00,81.90690948693775
2011-12-30 12:00:00,111.96074708568989
2011-12-30 13:00:00,114.38144734959178
2011-12-30 14:00:00,110.31907579496536
2011-12-30 15:00:00,127.55890631969842
2011-12-30 16:00:00,148.0185359931198
2011-12-30 17:00:00,246.02164527144413
2011-12-30 18:00:00,212.18266033124382
2011-12-30 19:00:00,117.56622000541643
2011-12-30 20:00:00,96.09629068292139
2011-12-30 21:00:00,72.15198450801812
2011-12-30 22:00:00,64.4738233367948
2011-12-30 23:00:00,46.708884696950406
2011-12-31 00:00:00,43.3829691461571
2011-12-31 01:00:00,38.063059536278985
2011-12-31 02:00:00,31.590650399625602
2011-12-31 03:00:00,13.862223511474749
2011-12-31 04:00:00,5.1868914080124355
2011-12-31 05:00:00,4.264761095881106
2011-12-31 06:00:00,8.981153527636092
2011-12-31 07:00:00,14.645239516344649
2011-12-31 08:00:00,52.32999036660699
2011-12-31 09:00:00,82.21118539209684
2011-12-31 10:00:00,137.27238950725885
2011-12-31 11:00:00,154.78503092459044
2011-12-31 12:00:00,313.08928002008633
2011-12-31 13:00:00,301.2760702704787
2011-12-31 14:00:00,239.80293425647233
2011-12-31 15:00:00,234.46867747382834
2011-12-31 16:00:00,189.40997615785892
2011-12-31 17:00:00,154.74485078573798
2011-12-31 18:00:00,142.6435659733098
2011-12-31 19:00:00,126.04708604280174
2011-12-31 20:00:00,97.14031481082081
2011-12-31 21:00:00,76.68635955191351
2011-12-31 22:00:00,63.65674439084381
2011-12-31 23:00:00,47.61938209791961
2012-01-20 00:00:00,32.554896654753335
2012-01-20 01:00:00,18.62925669170528
2012-01-20 02:00:00,7.262207588401177
2012-01-20 03:00:00,3.733407094406985
2012-01-20 04:00:00,3.770296547766502
2012-01-20 05:00:00,18.63179797765772
2012-01-20 06:00:00,72.53661284625589
2012-01-20 07:00:00,214.92260193000118
2012-01-20 08:00:00,415.96997379329906
2012-01-20 09:00:00,210.3550950755467
2012-01-20 10:00:00,100.03408121712047
2012-01-20 11:00:00,92.45556025756969
2012-01-20 12:00:00,130.039262648601
2012-01-20 13:00:00,158.07981642543177
2012-01-20 14:00:00,133.79590178694485
2012-01-20 15:00:00,152.37483233500984
2012-01-20 16:00:00,182.86261455914774
2012-01-20 17:00:00,314.43169589195
2012-01-20 18:00:00,282.4593958394172
2012-01-20 19:00:00,188.38376204272166
2012-01-20 20:00:00,116.24668401665488
2012-01-20 21:00:00,90.04244485042655
2012-01-20 22:00:00,76.60246790228118
2012-01-20 23:00:00,50.55317829824084
2012-01-21 00:00:00,47.936354463518555
2012-01-21 01:00:00,38.76493440361652
2012-01-21 02:00:00,30.517489757168374
2012-01-21 03:00:00,16.512640230083832
2012-01-21 04:00:00,5.202547717788384
2012-01-21 05:00:00,4.081901719353178
2012-01-21 06:00:00,6.1391978585025395
2012-01-21 07:00:00,20.0123168175107
2012-01-21 08:00:00,62.30849759535501
2012-01-21 09:00:00,83.2044239662511
2012-01-21 10:00:00,88.91815241309826
2012-01-21 11:00:00,179.03776470151382
2012-01-21 12:00:00,226.6696783699785
2012-01-21 13:00:00,227.78638958448516
2012-01-21 14:00:00,144.3408463280524
2012-01-21 15:00:00,140.23842582186603
2012-01-21 16:00:00,151.7246137208773
2012-01-21 17:00:00,127.93333676197875
2012-01-21 18:00:00,115.263719782339
2012-01-21 19:00:00,95.88216451922321
2012-01-21 20:00:00,66.82747878661245
2012-01-21 21:00:00,66.91426695468705
2012-01-21 22:00:00,55.139550309804854
2012-01-21 23:00:00,52.10730551110745
2012-01-22 00:00:00,51.57487278653035
2012-01-22 01:00:00,40.43951557756775
2012-01-22 02:00:00,31.544563618393017
2012-01-22 03:00:00,17.233340059755694
2012-01-22 04:00:00,4.720167918168722
2012-01-22 05:00:00,4.008707676816361
2012-01-22 06:00:00,4.438263260951388
2012-01-22 07:00:00,15.192627955839212
2012-01-22 08:00:00,43.1593354081661
2012-01-22 09:00:00,74.71917006295334
2012-01-22 10:00:00,117.82092200019238
2012-01-22 11:00:00,105.80974980358371
2012-01-22 12:00:00,198.07500276881552
2012-01-22 13:00:00,223.15900885851627
2012-01-22 14:00:00,193.93289407258078
2012-01-22 15:00:00,181.22950662717307
2012-01-22 16:00:00,175.9416187069312
2012-01-22 17:00:00,156.06796044372277
2012-01-22 18:00:00,88.11734221213236
2012-01-22 19:00:00,75.96880339854297
2012-01-22 20:00:00,54.882323198571584
2012-01-22 21:00:00,49.67240447369573
2012-01-22 22:00:00,44.55660240020033
2012-01-22 23:00:00,30.594554075948025
2012-01-23 00:00:00,16.00592163871952
2012-01-23 01:00:00,5.927061007363578
2012-01-23 02:00:00,3.630742735041406
2012-01-23 03:00:00,2.6121883876558574
2012-01-23 04:00:00,2.699227255116524
2012-01-23 05:00:00,15.95239260877576
2012-01-23 06:00:00,69.95174874879442
2012-01-23 07:00:00,136.9272424621338
2012-01-23 08:00:00,229.98065413885013
2012-01-23 09:00:00,185.31346756525835
2012-01-23 10:00:00,78.6548433215283
2012-01-23 11:00:00,83.21023600871428
2012-01-23 12:00:00,87.45249458745278
2012-01-23 13:00:00,54.51293544416535
2012-01-23 14:00:00,57.666588938111744
2012-01-23 15:00:00,86.5783466673518
2012-01-23 16:00:00,143.6449151784591
2012-01-23 17:00:00,266.14848766519503
2012-01-23 18:00:00,281.08550867325937
2012-01-23 19:00:00,187.31218212162105
2012-01-23 20:00:00,131.7031729073501
2012-01-23 21:00:00,63.40960324350864
2012-01-23 22:00:00,59.23906102762543
2012-01-23 23:00:00,34.83107684803342
2012-01-24 00:00:00,15.199198915713648
2012-01-24 01:00:00,5.757698573953448
2012-01-24 02:00:00,3.714723235472225
2012-01-24 03:00:00,2.26509977250723
2012-01-24 04:00:00,2.6440351893314737
2012-01-24 05:00:00,16.81804095978945
2012-01-24 06:00:00,75.61193221359281
2012-01-24 07:00:00,235.6752466259507
2012-01-24 08:00:00,396.1523022604957
2012-01-24 09:00:00,189.69441601948705
2012-01-24 10:00:00,98.60945213079094
2012-01-24 11:00:00,102.06106565874907
2012-01-24 12:00:00,106.061708131834
2012-01-24 13:00:00,105.78442059708652
2012-01-24 14:00:00,118.06982165933331
2012-01-24 15:00:00,131.25920513041405
2012-01-24 16:00:00,216.42559691262528
2012-01-24 17:00:00,423.5544942455414
2012-01-24 18:00:00,429.0885442406693
2012-01-24 19:00:00,305.5140003912745
2012-01-24 20:00:00,185.73665933451616
2012-01-24 21:00:00,132.28732698563226
2012-01-24 22:00:00,94.3806923312823
2012-01-24 23:00:00,57.14681834414631
2012-01-25 00:00:00,19.766935721716965
2012-01-25 01:00:00,7.232953212469756
2012-01-25 02:00:00,4.841373076124322
2012-01-25 03:00:00,2.8589178270093187
2012-01-25 04:00:00,2.5861623186363687
2012-01-25 05:00:00,17.669966230265672
2012-01-25 06:00:00,82.4315313354773
2012-01-25 07:00:00,250.98870305657903
2012-01-25 08:00:00,425.3868574620185
2012-01-25 09:00:00,213.8008941403839
2012-01-25 10:00:00,91.87288878998898
2012-01-25 11:00:00,104.50629617441935
2012-01-25 12:00:00,133.54474967104494
2012-01-25 13:00:00,130.9920606348714
2012-01-25 14:00:00,122.39779239435791
2012-01-25 15:00:00,140.04247671587615
2012-01-25 16:00:00,206.78000065299008
2012-01-25 17:00:00,397.6918298467492
2012-01-25 18:00:00,377.2309464456668
2012-01-25 19:00:00,257.5746673311809
2012-01-25 20:00:00,179.25148422412119
2012-01-25 21:00:00,123.75257948611244
2012-01-25 22:00:00,91.40464481357452
2012-01-25 23:00:00,55.78480256244883
2012-01-26 00:00:00,21.500476185476828
2012-01-26 01:00:00,7.401028104793954
2012-01-26 02:00:00,5.097217342988556
2012-01-26 03:00:00,2.8893215777084995
2012-01-26 04:00:00,3.278162361252107
2012-01-26 05:00:00,20.454492247257214
2012-01-26 06:00:00,82.80630869489089
2012-01-26 07:00:00,254.13345126230826
2012-01-26 08:00:00,424.18948442049384
2012-01-26 09:00:00,212.7504241928764
2012-01-26 10:00:00,97.98503942833297
2012-01-26 11:00:00,98.26341111503218
2012-01-26 12:00:00,117.14632098729365
2012-01-26 13:00:00,133.80226558899363
2012-01-26 14:00:00,126.99848523805368
2012-01-26 15:00:00,153.4967172829944
2012-01-26 16:00:00,207.7792656854366
2012-01-26 17:00:00,402.5321870467569
2012-01-26 18:00:00,406.030936582806
2012-01-26 19:00:00,267.38857976544443
2012-01-26 20:00:00,196.19344731656201
2012-01-26 21:00:00,138.30011877225252
2012-01-26 22:00:00,122.69845339197212
2012-01-26 23:00:00,71.44366195925042
2012-01-27 00:00:00,39.74925055449274
2012-01-27 01:00:00,20.609848088936765
2012-01-27 02:00:00,14.112808564854227
2012-01-27 03:00:00,4.997494466348591
2012-01-27 04:00:00,2.9478760703545697
2012-01-27 05:00:00,19.0793384451329
2012-01-27 06:00:00,82.12963727644389
2012-01-27 07:00:00,181.0108722302336
2012-01-27 08:00:00,229.16595466965936
2012-01-27 09:00:00,118.20497381122757
2012-01-27 10:00:00,76.48872203073019
2012-01-27 11:00:00,146.76436345642767
2012-01-27 12:00:00,208.52766200010444
2012-01-27 13:00:00,263.93066365513675
2012-01-27 14:00:00,235.8144277857612
2012-01-27 15:00:00,238.26523708866665
2012-01-27 16:00:00,261.43647030869084
2012-01-27 17:00:00,410.0650948734783
2012-01-27 18:00:00,371.1246473682824
2012-01-27 19:00:00,236.04037070121893
2012-01-27 20:00:00,139.77488751756306
2012-01-27 21:00:00,104.76211931628002
2012-01-27 22:00:00,100.12096985795624
2012-01-27 23:00:00,71.35579712889336
2012-01-28 00:00:00,67.79221753412907
2012-01-28 01:00:00,52.37194393972851
2012-01-28 02:00:00,38.968985683990745
2012-01-28 03:00:00,20.938869020672335
2012-01-28 04:00:00,4.913888958790861
2012-01-28 05:00:00,3.873693585157797
2012-01-28 06:00:00,7.622707583891766
2012-01-28 07:00:00,25.45538670910151
2012-01-28 08:00:00,81.09007608536288
2012-01-28 09:00:00,115.78488213749173
2012-01-28 10:00:00,181.0544828551026
2012-01-28 11:00:00,226.20336273672658
2012-01-28 12:00:00,249.87186204830013
2012-01-28 13:00:00,316.6714553988762
2012-01-28 14:00:00,305.9062976670923
2012-01-28 15:00:00,310.36798221818896
2012-01-28 16:00:00,317.8554747634462
2012-01-28 17:00:00,266.6059221546845
2012-01-28 18:00:00,228.262090374077
2012-01-28 19:00:00,172.86913721342538
2012-01-28 20:00:00,137.2671674484165
2012-01-28 21:00:00,105.83675636914882
2012-01-28 22:00:00,89.32922142454734
2012-01-28 23:00:00,72.25827341260762
2012-01-29 00:00:00,66.01971018946816
2012-01-29 01:00:00,54.37209191873717
2012-01-29 02:00:00,40.19332416891582
2012-01-29 03:00:00,19.904296910172025
2012-01-29 04:00:00,5.889361405817795
2012-01-29 05:00:00,4.445849698029203
2012-01-29 06:00:00,6.339007812279415
2012-01-29 07:00:00,18.909185898704116
2012-01-29 08:00:00,47.972912058256604
2012-01-29 09:00:00,84.42729754164225
2012-01-29 10:00:00,165.89047600101972
2012-01-29 11:00:00,193.5597602545312
2012-01-29 12:00:00,273.4417027504192
2012-01-29 13:00:00,292.9580759784482
2012-01-29 14:00:00,262.21171201444463
2012-01-29 15:00:00,268.9183626701899
2012-01-29 16:00:00,252.50081141466143
2012-01-29 17:00:00,217.99613206832984
2012-01-29 18:00:00,160.0387971948748
2012-01-29 19:00:00,129.45559735610436
2012-01-29 20:00:00,88.92021909477184
2012-01-29 21:00:00,70.36752987430106
2012-01-29 22:00:00,54.95146596224278
2012-01-29 23:00:00,41.643136848540564
2012-01-30 00:00:00,17.230178483650704
2012-01-30 01:00:00,5.759109685869934
2012-01-30 02:00:00,3.7171091324672316
2012-01-30 03:00:00,2.202050476857747
2012-01-30 04:00:00,2.404065315303443
2012-01-30 05:00:00,16.471734119239304
2012-01-30 06:00:00,74.89394839224008
2012-01-30 07:00:00,227.4696243713426
2012-01-30 08:00:00,395.823361351945
2012-01-30 09:00:00,185.6139893342245
2012-01-30 10:00:00,90.95834108232067
2012-01-30 11:00:00,102.92778053505683
2012-01-30 12:00:00,118.93811409321228
2012-01-30 13:00:00,120.83432273997826
2012-01-30 14:00:00,118.41429994199851
2012-01-30 15:00:00,121.44808131572997
2012-01-30 16:00:00,195.8923331435691
2012-01-30 17:00:00,382.6915000828233
2012-01-30 18:00:00,374.08525562971454
2012-01-30 19:00:00,243.12922358101497
2012-01-30 20:00:00,168.8441560699641
2012-01-30 21:00:00,114.34179337534528
2012-01-30 22:00:00,76.67644217439394
2012-01-30 23:00:00,45.29044633954513
2012-01-31 00:00:00,19.02778208266829
2012-01-31 01:00:00,6.690330688865801
2012-01-31 02:00:00,3.841998557080969
2012-01-31 03:00:00,2.4498054971646255
2012-01-31 04:00:00,2.5049706807479444
2012-01-31 05:00:00,18.455127000332833
2012-01-31 06:00:00,80.99472076055628
2012-01-31 07:00:00,239.21735681366857
2012-01-31 08:00:00,419.9003214179673
2012-01-31 09:00:00,208.65415507618064
2012-01-31 10:00:00,98.46345019252927
2012-01-31 11:00:00,127.75525296433355
2012-01-31 12:00:00,149.41818668233614
2012-01-31 13:00:00,173.60102550236752
2012-01-31 14:00:00,180.36808664445653
2012-01-31 15:00:00,210.14077934592632
2012-01-31 16:00:00,285.8753941404657
2012-01-31 17:00:00,552.0211934855131
2012-01-31 18:00:00,541.471469493368
2012-01-31 19:00:00,369.3216527243036
2012-01-31 20:00:00,209.9318040838404
2012-01-31 21:00:00,163.99889489945434
2012-01-31 22:00:00,109.90654142938354
2012-01-31 23:00:00,65.98791168534385
2012-02-20 00:00:00,34.91096422876597
2012-02-20 01:00:00,19.59648525156628
2012-02-20 02:00:00,12.408696435805354
2012-02-20 03:00:00,6.941575483669863
2012-02-20 05:00:00,4.515724188322565
2012-02-20 06:00:00,10.868441352264785
2012-02-20 07:00:00,24.949737622279997
2012-02-20 08:00:00,90.39312351379358
2012-02-20 09:00:00,121.8050002644355
2012-02-20 10:00:00,169.23667342779666
2012-02-20 11:00:00,207.96571822774195
2012-02-20 12:00:00,220.91093152793468
2012-02-20 13:00:00,231.52710539533993
2012-02-20 14:00:00,238.36057347150546
2012-02-20 15:00:00,238.06779056366548
2012-02-20 16:00:00,261.2542147424881
2012-02-20 17:00:00,255.14983639238707
2012-02-20 18:00:00,200.1517758234587
2012-02-20 19:00:00,177.5501080360745
2012-02-20 20:00:00,125.72919496520427
2012-02-20 21:00:00,81.60311719700215
2012-02-20 22:00:00,63.15705268799619
2012-02-20 23:00:00,45.27778484265429
2012-02-21 00:00:00,19.200428405730527
2012-02-21 01:00:00,6.186430564496204
2012-02-21 02:00:00,3.3769796058949435
2012-02-21 04:00:00,2.575974752515994
2012-02-21 05:00:00,17.65702911367717
2012-02-21 06:00:00,82.13410980625517
2012-02-21 07:00:00,266.78318850151857
2012-02-21 08:00:00,466.5486067739186
2012-02-21 09:00:00,230.89174303352934
2012-02-21 10:00:00,104.48505033594964
2012-02-21 11:00:00,107.2376022166269
2012-02-21 12:00:00,128.9608610387315
2012-02-21 13:00:00,136.93989590072846
2012-02-21 14:00:00,115.00338052912049
2012-02-21 15:00:00,133.12986451952088
2012-02-21 16:00:00,222.88310500227982
2012-02-21 17:00:00,441.86288613817976
2012-02-21 18:00:00,433.76760222452833
2012-02-21 19:00:00,273.5156448806928
2012-02-21 20:00:00,195.15276496809315
2012-02-21 21:00:00,140.362103488172
2012-02-21 22:00:00,95.14231787352907
2012-02-21 23:00:00,54.18947836907665
2012-02-22 00:00:00,22.13352028353066
2012-02-22 01:00:00,7.844387275191012
2012-02-22 02:00:00,3.962045621693035
2012-02-22 03:00:00,2.4643257787770536
2012-02-22 04:00:00,2.566552935953359
2012-02-22 05:00:00,22.076697510082763
2012-02-22 06:00:00,93.74343306890887
2012-02-22 07:00:00,305.5138248165774
2012-02-22 08:00:00,489.5469517047154
2012-02-22 09:00:00,250.39696139577404
2012-02-22 10:00:00,119.40573634793297
2012-02-22 11:00:00,137.65228658396947
2012-02-22 12:00:00,169.94196885688314
2012-02-22 13:00:00,179.02531975292214
2012-02-22 14:00:00,164.32755505356045
2012-02-22 15:00:00,228.6106945698426
2012-02-22 16:00:00,311.0671928149087
2012-02-22 17:00:00,603.0272833189872
2012-02-22 18:00:00,495.51086450635046
2012-02-22 19:00:00,320.3069470158705
2012-02-22 20:00:00,224.28626627159898
2012-02-22 21:00:00,175.42239350942825
2012-02-22 22:00:00,122.54380525129307
2012-02-22 23:00:00,71.01499362648872
2012-02-23 00:00:00,27.555492875604614
2012-02-23 01:00:00,11.972431276620853
2012-02-23 02:00:00,6.7337189222731375
2012-02-23 03:00:00,2.748097822724063
2012-02-23 04:00:00,3.362676384101801
2012-02-23 05:00:00,26.66993618136909
2012-02-23 06:00:00,104.31167667007986
2012-02-23 07:00:00,314.0206403702707
2012-02-23 08:00:00,502.42652155545517
2012-02-23 09:00:00,253.52249889317696
2012-02-23 10:00:00,145.3789088407732
2012-02-23 11:00:00,168.5390206573353
2012-02-23 12:00:00,240.89152567138856
2012-02-23 13:00:00,238.0690631671191
2012-02-23 14:00:00,207.1501997027033
2012-02-23 15:00:00,240.26766397384023
2012-02-23 16:00:00,330.6140129156212
2012-02-23 17:00:00,631.2193652831945
2012-02-23 18:00:00,618.9751568586553
2012-02-23 19:00:00,434.41304185625745
2012-02-23 20:00:00,260.10021910635027
2012-02-23 21:00:00,189.54718090010408
2012-02-23 22:00:00,138.97370757226915
2012-02-23 23:00:00,91.5717177874974
2012-02-24 00:00:00,45.5728832250723
2012-02-24 01:00:00,24.763365349585
2012-02-24 02:00:00,11.230242334069214
2012-02-24 03:00:00,6.876222826493414
2012-02-24 04:00:00,4.230519325403106
2012-02-24 05:00:00,22.702337303609117
2012-02-24 06:00:00,91.96890937470167
2012-02-24 07:00:00,267.82208186770515
2012-02-24 08:00:00,436.9023551169126
2012-02-24 09:00:00,129.95141231747016
2012-02-24 10:00:00,66.28982836269444
2012-02-24 11:00:00,140.42734770200659
2012-02-24 12:00:00,211.33006297097717
2012-02-24 13:00:00,213.98044497890703
2012-02-24 14:00:00,220.77883426753007
2012-02-24 15:00:00,107.62236526820348
2012-02-24 16:00:00,133.39562584618318
2012-02-24 17:00:00,267.1903333978264
2012-02-24 18:00:00,360.208164012893
2012-02-24 19:00:00,270.8388981156456
2012-02-24 20:00:00,201.88330784333948
2012-02-24 21:00:00,141.01956505069845
2012-02-24 22:00:00,123.8434984714635
2012-02-24 23:00:00,90.46955752855175
2012-02-25 00:00:00,75.5275211481839
2012-02-25 01:00:00,57.0911104400256
2012-02-25 02:00:00,42.33221607849602
2012-02-25 03:00:00,19.04127024274228
2012-02-25 04:00:00,5.004182845229154
2012-02-25 05:00:00,4.700687567719793
2012-02-25 06:00:00,9.348933699918398
2012-02-25 07:00:00,30.042331846210935
2012-02-25 08:00:00,91.29372917516294
2012-02-25 09:00:00,65.70074082137126
2012-02-25 10:00:00,204.34991392461882
2012-02-25 11:00:00,225.19352813384643
2012-02-25 12:00:00,269.735590744221
2012-02-25 13:00:00,310.22483186791567
2012-02-25 14:00:00,268.81850966463776
2012-02-25 15:00:00,269.0908885647337
2012-02-25 16:00:00,240.3662469614683
2012-02-25 17:00:00,204.38280738640276
2012-02-25 18:00:00,161.45671735382683
2012-02-25 19:00:00,147.26778048119726
2012-02-25 20:00:00,98.49095599730202
2012-02-25 21:00:00,91.27708256876072
2012-02-25 22:00:00,70.45493121343753
2012-02-25 23:00:00,59.00311978256343
2012-02-26 00:00:00,62.69938867699042
2012-02-26 01:00:00,51.00715198592363
2012-02-26 02:00:00,39.57314835666217
2012-02-26 03:00:00,20.003904745220634
2012-02-26 04:00:00,4.4824750619065945
2012-02-26 05:00:00,3.8952680942245532
2012-02-26 06:00:00,5.232541243106469
2012-02-26 07:00:00,15.745708491004407
2012-02-26 08:00:00,47.76728173229815
2012-02-26 09:00:00,90.88154516131682
2012-02-26 10:00:00,179.69175761652812
2012-02-26 11:00:00,221.72892554360948
2012-02-26 12:00:00,294.59348481198975
2012-02-26 13:00:00,343.6840528988803
2012-02-26 14:00:00,312.414465406843
2012-02-26 15:00:00,306.7297522198098
2012-02-26 16:00:00,298.58089617083624
2012-02-26 17:00:00,250.68464658567873
2012-02-26 18:00:00,180.9709450271463
2012-02-26 19:00:00,153.72990651437004
2012-02-26 20:00:00,95.54431864842977
2012-02-26 21:00:00,74.09303123214201
2012-02-26 22:00:00,57.28924362625622
2012-02-26 23:00:00,43.195550876203406
2012-02-27 00:00:00,18.019038505264263
2012-02-27 01:00:00,6.124417481682912
2012-02-27 02:00:00,3.545117636318314
2012-02-27 03:00:00,2.6954223816595837
2012-02-27 04:00:00,2.7382824890090482
2012-02-27 05:00:00,17.781152991182097
2012-02-27 06:00:00,82.98877895357204
2012-02-27 07:00:00,267.2488532979414
2012-02-27 08:00:00,460.4701251497762
2012-02-27 09:00:00,228.62018382746257
2012-02-27 10:00:00,107.69801584423962
2012-02-27 11:00:00,128.72359253616298
2012-02-27 12:00:00,165.5757748573755
2012-02-27 13:00:00,160.1449489220734
2012-02-27 14:00:00,164.90798413692357
2012-02-27 15:00:00,224.80526193910868
2012-02-27 16:00:00,302.4297517150444
2012-02-27 17:00:00,594.6127278811791
2012-02-27 18:00:00,584.1829187210069
2012-02-27 19:00:00,399.2433339281279
2012-02-27 20:00:00,239.40303197036212
2012-02-27 21:00:00,176.1831763530796
2012-02-27 22:00:00,113.75957819724694
2012-02-27 23:00:00,66.43138612848742
2012-02-28 00:00:00,25.838438489860316
2012-02-28 01:00:00,10.269302002733696
2012-02-28 02:00:00,5.059073403588955
2012-02-28 03:00:00,2.294690870721825
2012-02-28 04:00:00,2.369271190988637
2012-02-28 05:00:00,18.604263070039423
2012-02-28 06:00:00,87.61375774041637
2012-02-28 07:00:00,271.5561131613949
2012-02-28 08:00:00,458.4510195919174
2012-02-28 09:00:00,233.8873430844482
2012-02-28 10:00:00,109.05569104572777
2012-02-28 11:00:00,120.27249574447373
2012-02-28 12:00:00,157.6991985904174
2012-02-28 13:00:00,154.16093471527682
2012-02-28 14:00:00,147.99042963108894
2012-02-28 15:00:00,176.71216127086785
2012-02-28 16:00:00,241.77664503113186
2012-02-28 17:00:00,478.74899110335673
2012-02-28 18:00:00,472.94525750596017
2012-02-28 19:00:00,312.03634232408217
2012-02-28 20:00:00,224.69065348726969
2012-02-28 21:00:00,138.97124237051293
2012-02-28 22:00:00,103.35277536755456
2012-02-28 23:00:00,54.53626686437683
2012-02-29 00:00:00,23.395945327866627
2012-02-29 01:00:00,7.531698114172217
2012-02-29 02:00:00,3.9592259432532115
2012-02-29 03:00:00,2.3106924448167843
2012-02-29 05:00:00,19.507280609956258
2012-02-29 06:00:00,87.86411727020713
2012-02-29 07:00:00,277.9880087733137
2012-02-29 08:00:00,465.91447488037824
2012-02-29 09:00:00,128.6560075939795
2012-02-29 10:00:00,61.04206026969559
2012-02-29 11:00:00,56.94721959385425
2012-02-29 12:00:00,47.77126743813054
2012-02-29 13:00:00,119.62116036750237
2012-02-29 14:00:00,113.84042212266239
2012-02-29 15:00:00,139.07214409944396
2012-02-29 16:00:00,108.94408034719453
2012-02-29 17:00:00,429.661239507244
2012-02-29 18:00:00,275.2529496191917
2012-02-29 19:00:00,291.32652176301474
2012-02-29 20:00:00,111.09953321810295
2012-02-29 21:00:00,84.64117020247367
2012-02-29 22:00:00,65.54443058149468
2012-02-29 23:00:00,48.225700365176195
2012-03-20 00:00:00,28.496592561571273
2012-03-20 01:00:00,13.793535122079259
2012-03-20 02:00:00,6.112279761662846
2012-03-20 03:00:00,3.0015922404689284
2012-03-20 04:00:00,3.430359026980792
2012-03-20 05:00:00,23.25927322303773
2012-03-20 06:00:00,127.37098704341227
2012-03-20 07:00:00,135.57937885338276
2012-03-20 08:00:00,567.4991060334032
2012-03-20 09:00:00,292.78533379727924
2012-03-20 10:00:00,167.793884324346
2012-03-20 11:00:00,188.38534815893684
2012-03-20 12:00:00,242.99486225542805
2012-03-20 13:00:00,239.81249008953722
2012-03-20 14:00:00,200.9797572691339
2012-03-20 15:00:00,231.31744747549578
2012-03-20 16:00:00,370.54295782914846
2012-03-20 17:00:00,657.5713201699432
2012-03-20 18:00:00,655.9014874215645
2012-03-20 19:00:00,475.89757282146104
2012-03-20 20:00:00,331.004615849615
2012-03-20 21:00:00,243.1978553763273
2012-03-20 22:00:00,178.08047368447131
2012-03-20 23:00:00,89.93499335582122
2012-03-21 00:00:00,40.04039323298963
2012-03-21 01:00:00,17.02945871640877
2012-03-21 02:00:00,7.645089272150766
2012-03-21 03:00:00,3.8371922193720196
2012-03-21 04:00:00,4.8506437119895764
2012-03-21 05:00:00,30.586297465574535
2012-03-21 06:00:00,130.77633056016106
2012-03-21 07:00:00,157.14304434913853
2012-03-21 08:00:00,368.43433761327435
2012-03-21 09:00:00,303.5169879204434
2012-03-21 10:00:00,160.09298008729525
2012-03-21 11:00:00,171.34752861174752
2012-03-21 12:00:00,234.78598036836536
2012-03-21 13:00:00,187.31358540692787
2012-03-21 14:00:00,205.26167706094304
2012-03-21 15:00:00,227.33604818039987
2012-03-21 16:00:00,392.999278198827
2012-03-21 17:00:00,720.3927317944404
2012-03-21 18:00:00,712.2946799522797
2012-03-21 19:00:00,527.2022107575019
2012-03-21 20:00:00,357.61288142844217
2012-03-21 21:00:00,229.25167882357533
2012-03-21 22:00:00,183.15330495245357
2012-03-21 23:00:00,113.91606167899704
2012-03-22 00:00:00,47.5187179696102
2012-03-22 01:00:00,19.159513861234053
2012-03-22 02:00:00,9.747009216910218
2012-03-22 03:00:00,5.477058145716635
2012-03-22 04:00:00,5.167985177056902
2012-03-22 05:00:00,26.309709582844853
2012-03-22 06:00:00,135.1457247598074
2012-03-22 07:00:00,353.99635419207516
2012-03-22 08:00:00,613.3280622545901
2012-03-22 09:00:00,298.82036010587075
2012-03-22 10:00:00,142.59922666263046
2012-03-22 11:00:00,150.76583958766415
2012-03-22 12:00:00,191.6883037879827
2012-03-22 13:00:00,266.5493016630755
2012-03-22 14:00:00,249.53475416957988
2012-03-22 15:00:00,279.14546757541905
2012-03-22 16:00:00,410.9769082224219
2012-03-22 17:00:00,738.9329927486494
2012-03-22 18:00:00,741.481742043352
2012-03-22 19:00:00,561.4521156917381
2012-03-22 20:00:00,367.71871533283365
2012-03-22 21:00:00,273.8327620035793
2012-03-22 22:00:00,195.96809458560352
2012-03-22 23:00:00,119.56482157898003
2012-03-23 00:00:00,65.01092615018655
2012-03-23 01:00:00,33.138743468703886
2012-03-23 02:00:00,16.491428410682694
2012-03-23 03:00:00,7.786882998088602
2012-03-23 04:00:00,6.168098318459235
2012-03-23 05:00:00,27.33012244988484
2012-03-23 06:00:00,125.54501376517729
2012-03-23 07:00:00,326.3921518325189
2012-03-23 08:00:00,579.086659780351
2012-03-23 09:00:00,338.1480380888156
2012-03-23 10:00:00,175.1953726386
2012-03-23 11:00:00,250.90742603616457
2012-03-23 12:00:00,349.2422574705116
2012-03-23 13:00:00,354.9729094174029
2012-03-23 14:00:00,331.99783600833234
2012-03-23 15:00:00,365.2107542670884
2012-03-23 16:00:00,520.3363708162374
2012-03-23 17:00:00,749.9998463753614
2012-03-23 18:00:00,648.5152114467085
2012-03-23 19:00:00,492.2529144076756
2012-03-23 20:00:00,345.0249494236965
2012-03-23 21:00:00,279.61758032941543
2012-03-23 22:00:00,235.33858505761998
2012-03-23 23:00:00,187.13247470091898
2012-03-24 00:00:00,140.888647940054
2012-03-24 01:00:00,94.07317683120127
2012-03-24 02:00:00,68.94858091674237
2012-03-24 03:00:00,33.87511367305872
2012-03-24 04:00:00,12.461472535229674
2012-03-24 05:00:00,12.14781115300436
2012-03-24 06:00:00,30.592246069177946
2012-03-24 07:00:00,60.15923108699245
2012-03-24 08:00:00,153.3092439123136
2012-03-24 09:00:00,237.60654905995636
2012-03-24 10:00:00,308.63827645490534
2012-03-24 11:00:00,322.8491206590957
2012-03-24 12:00:00,223.63792578061998
2012-03-24 13:00:00,211.53977812893157
2012-03-24 14:00:00,160.2249536016222
2012-03-24 15:00:00,135.1105403556915
2012-03-24 16:00:00,141.41160284825577
2012-03-24 17:00:00,154.37448689167655
2012-03-24 18:00:00,132.91444908519222
2012-03-24 19:00:00,126.90243300250992
2012-03-24 20:00:00,92.35497829198495
2012-03-24 21:00:00,84.18454909581918
2012-03-24 22:00:00,72.47730743931214
2012-03-24 23:00:00,93.28974487311257
2012-03-25 00:00:00,77.64765622229713
2012-03-25 01:00:00,69.6538972885064
2012-03-25 02:00:00,40.1089656981181
2012-03-25 03:00:00,21.045219074757327
2012-03-25 04:00:00,8.824489855010345
2012-03-25 05:00:00,8.582755443954806
2012-03-25 06:00:00,14.833778522935145
2012-03-25 07:00:00,31.20526934416783
2012-03-25 08:00:00,84.80967801686121
2012-03-25 09:00:00,156.0790762872842
2012-03-25 10:00:00,232.75480844573946
2012-03-25 11:00:00,302.2970730713834
2012-03-25 12:00:00,356.597494729292
2012-03-25 13:00:00,386.800602184138
2012-03-25 14:00:00,372.0919881597016
2012-03-25 15:00:00,360.8888030016127
2012-03-25 16:00:00,451.4562890534182
2012-03-25 17:00:00,450.286899203629
2012-03-25 18:00:00,384.41893797315504
2012-03-25 19:00:00,307.96200290905404
2012-03-25 20:00:00,214.83555739001366
2012-03-25 21:00:00,166.89845464286378
2012-03-25 22:00:00,120.15876253559652
2012-03-25 23:00:00,83.06734201202605
2012-03-26 00:00:00,30.039316036531133
2012-03-26 01:00:00,15.035891147155882
2012-03-26 02:00:00,7.2130938474072295
2012-03-26 03:00:00,4.253930488216447
2012-03-26 04:00:00,5.917336952196902
2012-03-26 05:00:00,30.282862267928927
2012-03-26 06:00:00,129.17094611720773
2012-03-26 07:00:00,396.18729137587326
2012-03-26 08:00:00,665.6064897360445
2012-03-26 09:00:00,324.62568303853885
2012-03-26 10:00:00,175.40253578623248
2012-03-26 11:00:00,190.96579215988191
2012-03-26 12:00:00,251.48498611284276
2012-03-26 13:00:00,239.27438615145053
2012-03-26 14:00:00,215.32017334391605
2012-03-26 15:00:00,240.30584574040736
2012-03-26 16:00:00,335.7728639861024
2012-03-26 17:00:00,660.2483320897178
2012-03-26 18:00:00,639.1953121923568
2012-03-26 19:00:00,414.88364510108863
2012-03-26 20:00:00,277.28689764485307
2012-03-26 21:00:00,188.323961262966
2012-03-26 22:00:00,115.06188114718668
2012-03-26 23:00:00,54.573014894349086
2012-03-27 00:00:00,23.609796621645692
2012-03-27 01:00:00,10.200444373546802
2012-03-27 02:00:00,4.030250776483489
2012-03-27 03:00:00,2.262714444546081
2012-03-27 04:00:00,2.8658153322868873
2012-03-27 05:00:00,18.937357109644335
2012-03-27 06:00:00,98.92379200490879
2012-03-27 07:00:00,292.0226489116782
2012-03-27 08:00:00,501.7605881255363
2012-03-27 09:00:00,275.73336611445586
2012-03-27 10:00:00,136.5771000295477
2012-03-27 11:00:00,158.32485839833595
2012-03-27 12:00:00,194.47249831598808
2012-03-27 13:00:00,212.71272644739483
2012-03-27 14:00:00,192.42685239633437
2012-03-27 15:00:00,225.7483328131936
2012-03-27 16:00:00,343.26930707522604
2012-03-27 17:00:00,670.9012623429237
2012-03-27 18:00:00,648.2018120900639
2012-03-27 19:00:00,438.74736681996694
2012-03-27 20:00:00,309.0292633558589
2012-03-27 21:00:00,196.79695581017444
2012-03-27 22:00:00,140.13763931466906
2012-03-27 23:00:00,73.21830246318679
2012-03-28 00:00:00,28.086983181044545
2012-03-28 01:00:00,10.548376301415676
2012-03-28 02:00:00,4.6133375890682355
2012-03-28 03:00:00,2.565522450431092
2012-03-28 04:00:00,2.748565925252951
2012-03-28 05:00:00,26.348481834707826
2012-03-28 06:00:00,121.30490777511736
2012-03-28 07:00:00,369.2740211340797
2012-03-28 08:00:00,638.8946382792143
2012-03-28 09:00:00,325.89056889721695
2012-03-28 10:00:00,182.82018683650622
2012-03-28 11:00:00,214.2259234428783
2012-03-28 12:00:00,264.6514495556969
2012-03-28 13:00:00,279.9700520114088
2012-03-28 14:00:00,250.0326437605142
2012-03-28 15:00:00,271.61282935828353
2012-03-28 16:00:00,270.5371746817824
2012-03-28 17:00:00,743.3170516759918
2012-03-28 18:00:00,744.0672318370725
2012-03-28 19:00:00,552.1596862011797
2012-03-28 20:00:00,384.4725177896264
2012-03-28 21:00:00,277.2319157372417
2012-03-28 22:00:00,202.12424326153612
2012-03-28 23:00:00,113.06822148532753
2012-03-29 00:00:00,45.72076580275507
2012-03-29 01:00:00,19.363544708590613
2012-03-29 02:00:00,9.553383356800085
2012-03-29 03:00:00,4.738933656304248
2012-03-29 04:00:00,5.466013334253375
2012-03-29 05:00:00,33.753448788193474
2012-03-29 06:00:00,152.14172254846733
2012-03-29 07:00:00,412.89574388349524
2012-03-29 08:00:00,692.771630588054
2012-03-29 09:00:00,349.09469410538054
2012-03-29 10:00:00,183.99961676144034
2012-03-29 11:00:00,216.9446851119216
2012-03-29 12:00:00,266.1994201941606
2012-03-29 13:00:00,249.66730990889883
2012-03-29 14:00:00,232.3922846745724
2012-03-29 15:00:00,271.40389980015414
2012-03-29 16:00:00,390.17639210972595
2012-03-29 17:00:00,707.0329900878597
2012-03-29 18:00:00,682.9701706947602
2012-03-29 19:00:00,453.471226950118
2012-03-29 20:00:00,311.1459148884834
2012-03-29 21:00:00,214.9390065107675
2012-03-29 22:00:00,158.13969242728055
2012-03-29 23:00:00,93.30306556992771
2012-03-30 00:00:00,51.53701927603044
2012-03-30 01:00:00,25.310733905507256
2012-03-30 02:00:00,11.666093143360058
2012-03-30 03:00:00,5.527477812949919
2012-03-30 04:00:00,4.6786427275965075
2012-03-30 05:00:00,27.259086667483334
2012-03-30 06:00:00,104.59488973628135
2012-03-30 07:00:00,325.9636795095446
2012-03-30 08:00:00,639.7381410958087
2012-03-30 09:00:00,338.98158380071254
2012-03-30 10:00:00,174.427879721491
2012-03-30 11:00:00,202.881044453384
2012-03-30 12:00:00,267.41903762773757
2012-03-30 13:00:00,165.94988474205837
2012-03-30 14:00:00,139.63901001225946
2012-03-30 15:00:00,156.49272972182885
2012-03-30 16:00:00,198.40491028000866
2012-03-30 17:00:00,609.9386227459821
2012-03-30 18:00:00,533.4275431473961
2012-03-30 19:00:00,380.71665490231885
2012-03-30 20:00:00,254.50346288152377
2012-03-30 21:00:00,193.79919443281315
2012-03-30 22:00:00,164.0787264434562
2012-03-30 23:00:00,134.35487378151993
2012-03-31 00:00:00,106.39838576804735
2012-03-31 01:00:00,73.11222485896451
2012-03-31 02:00:00,56.52630099865111
2012-03-31 03:00:00,26.708214715653376
2012-03-31 04:00:00,9.770860845424934
2012-03-31 05:00:00,9.800450171937053
2012-03-31 06:00:00,21.75690557474588
2012-03-31 07:00:00,50.56005959380914
2012-03-31 08:00:00,138.89592517703457
2012-03-31 09:00:00,224.38008572262777
2012-03-31 10:00:00,328.8193049068714
2012-03-31 11:00:00,457.01860616902616
2012-03-31 12:00:00,517.50264068436
2012-03-31 13:00:00,572.4711496990457
2012-03-31 14:00:00,481.6208709606472
2012-03-31 15:00:00,500.1310133331647
2012-03-31 16:00:00,465.8141404959805
2012-03-31 17:00:00,458.8949530266956
2012-03-31 18:00:00,308.4994394813438
2012-03-31 19:00:00,293.93128566880614
2012-03-31 20:00:00,184.31993176398345
2012-03-31 21:00:00,159.42072699755676
2012-03-31 22:00:00,139.002985552104
2012-03-31 23:00:00,90.57615496039752
2012-04-20 00:00:00,64.37961044441806
2012-04-20 01:00:00,33.46192462148525
2012-04-20 02:00:00,15.031498502535241
2012-04-20 03:00:00,7.839200616433332
2012-04-20 04:00:00,6.215858324435872
2012-04-20 05:00:00,29.210967817624407
2012-04-20 06:00:00,124.8697411695465
2012-04-20 07:00:00,343.38103829609076
2012-04-20 08:00:00,645.2201098369396
2012-04-20 09:00:00,362.0258641013988
2012-04-20 10:00:00,222.79693409827655
2012-04-20 11:00:00,284.48066155493706
2012-04-20 12:00:00,360.770029043606
2012-04-20 13:00:00,371.97237491527846
2012-04-20 14:00:00,341.97909934373774
2012-04-20 15:00:00,370.42072636084276
2012-04-20 16:00:00,534.1664643510055
2012-04-20 17:00:00,738.868458881566
2012-04-20 18:00:00,629.0442968031539
2012-04-20 19:00:00,487.51881412923376
2012-04-20 20:00:00,326.4449905544391
2012-04-20 21:00:00,262.0748109472228
2012-04-20 22:00:00,223.08881388947543
2012-04-20 23:00:00,176.51314117057296
2012-04-21 00:00:00,136.46067477400422
2012-04-21 01:00:00,91.05372488529645
2012-04-21 02:00:00,67.15143013357988
2012-04-21 03:00:00,30.807771223312184
2012-04-21 04:00:00,11.188878712684994
2012-04-21 05:00:00,13.29567063025845
2012-04-21 06:00:00,31.3164659914276
2012-04-21 07:00:00,61.14834592923417
2012-04-21 08:00:00,186.76479264759323
2012-04-21 09:00:00,301.09328372982804
2012-04-21 10:00:00,417.2586326632564
2012-04-21 11:00:00,514.6359301924635
2012-04-21 12:00:00,604.9949439297231
2012-04-21 13:00:00,609.9270896583919
2012-04-21 14:00:00,606.9607975095358
2012-04-21 15:00:00,614.407973361672
2012-04-21 16:00:00,607.1834905152625
2012-04-21 17:00:00,558.0616722089317
2012-04-21 18:00:00,457.88138132053905
2012-04-21 19:00:00,193.0688516281553
2012-04-21 20:00:00,82.61288958206245
2012-04-21 21:00:00,79.58117884457184
2012-04-21 22:00:00,177.80017416666578
2012-04-21 23:00:00,109.93867501583222
2012-04-22 00:00:00,99.95482848825266
2012-04-22 01:00:00,79.38293958925075
2012-04-22 02:00:00,61.30601339267204
2012-04-22 03:00:00,34.102211341627786
2012-04-22 04:00:00,11.507068470325462
2012-04-22 05:00:00,10.189764115883806
2012-04-22 06:00:00,18.311780498055064
2012-04-22 07:00:00,31.783683692695305
2012-04-22 08:00:00,68.28817196611695
2012-04-22 09:00:00,94.87489632866823
2012-04-22 10:00:00,121.55367270181657
2012-04-22 11:00:00,120.83583959276913
2012-04-22 12:00:00,156.79368015207433
2012-04-22 13:00:00,190.36156895452973
2012-04-22 14:00:00,156.81252320565167
2012-04-22 15:00:00,153.16402386344828
2012-04-22 16:00:00,142.175940485903
2012-04-22 17:00:00,103.02975120039764
2012-04-22 18:00:00,84.14192103473457
2012-04-22 19:00:00,67.84738361399296
2012-04-22 20:00:00,70.27616643977629
2012-04-22 21:00:00,65.58061048071937
2012-04-22 22:00:00,45.05024132467626
2012-04-22 23:00:00,42.281280503028576
2012-04-23 00:00:00,18.8243363191374
2012-04-23 01:00:00,8.163332694771029
2012-04-23 02:00:00,4.231961861547699
2012-04-23 03:00:00,2.2126142867402447
2012-04-23 04:00:00,2.7696998746566637
2012-04-23 05:00:00,18.654620499894147
2012-04-23 06:00:00,99.4215407371083
2012-04-23 07:00:00,143.23588420353752
2012-04-23 08:00:00,512.6655803658804
2012-04-23 09:00:00,250.87371384870983
2012-04-23 10:00:00,125.69293848447472
2012-04-23 11:00:00,140.42202712576244
2012-04-23 12:00:00,76.28192752955572
2012-04-23 13:00:00,86.03946169566822
2012-04-23 14:00:00,79.10594632305921
2012-04-23 15:00:00,185.12826394703924
2012-04-23 16:00:00,95.79728294051579
2012-04-23 17:00:00,240.1398413361861
2012-04-23 18:00:00,341.29835847030273
2012-04-23 19:00:00,356.3280897610412
2012-04-23 20:00:00,230.32435994955904
2012-04-23 21:00:00,158.58957590302776
2012-04-23 22:00:00,113.32932738634823
2012-04-23 23:00:00,61.83848641691479
2012-04-24 00:00:00,24.38254795742719
2012-04-24 01:00:00,10.579066753564392
2012-04-24 02:00:00,4.52150839601913
2012-04-24 03:00:00,2.4723643398985793
2012-04-24 04:00:00,2.9131152529712283
2012-04-24 05:00:00,23.934742521357705
2012-04-24 06:00:00,113.7084088275952
2012-04-24 07:00:00,355.2282780879553
2012-04-24 08:00:00,628.6288547573181
2012-04-24 09:00:00,320.0396619517328
2012-04-24 10:00:00,166.15292235004614
2012-04-24 11:00:00,201.53520472061342
2012-04-24 12:00:00,256.0092154109128
2012-04-24 13:00:00,255.87482533124103
2012-04-24 14:00:00,223.8746643400767
2012-04-24 15:00:00,254.2581537335053
2012-04-24 16:00:00,364.70736386197586
2012-04-24 17:00:00,696.3631299708684
2012-04-24 18:00:00,691.2720735992079
2012-04-24 19:00:00,469.8652242272109
2012-04-24 20:00:00,307.5599889786903
2012-04-24 21:00:00,227.13788786044518
2012-04-24 22:00:00,156.41675952780568
2012-04-24 23:00:00,82.71007622455195
2012-04-25 00:00:00,35.73940360895823
2012-04-25 01:00:00,12.820034575411903
2012-04-25 02:00:00,5.420014193377826
2012-04-25 03:00:00,2.5908424930236915
2012-04-25 04:00:00,3.1194794185637127
2012-04-25 05:00:00,28.23874166463273
2012-04-25 06:00:00,123.79126853196749
2012-04-25 07:00:00,384.86777739942636
2012-04-25 08:00:00,661.8145755031676
2012-04-25 09:00:00,332.29458334470974
2012-04-25 10:00:00,193.00334864572704
2012-04-25 11:00:00,221.48193564604884
2012-04-25 12:00:00,283.9565003109999
2012-04-25 13:00:00,281.569256460714
2012-04-25 14:00:00,243.554529220211
2012-04-25 15:00:00,286.57707658926216
2012-04-25 16:00:00,396.97253067030505
2012-04-25 17:00:00,726.2624614397097
2012-04-25 18:00:00,718.910339839575
2012-04-25 19:00:00,521.5020314314415
2012-04-25 20:00:00,372.42545615364844
2012-04-25 21:00:00,266.03598497260646
2012-04-25 22:00:00,183.6404117943541
2012-04-25 23:00:00,103.13243850458201
2012-04-26 00:00:00,39.297519918654
2012-04-26 01:00:00,18.164273074181416
2012-04-26 02:00:00,8.730698386499741
2012-04-26 03:00:00,4.689931524491897
2012-04-26 04:00:00,5.825723450927123
2012-04-26 05:00:00,32.78005497754444
2012-04-26 06:00:00,142.37172736810743
2012-04-26 07:00:00,144.5940802793572
2012-04-26 08:00:00,421.50595635458643
2012-04-26 09:00:00,149.2416523110565
2012-04-26 10:00:00,150.38730720253858
2012-04-26 11:00:00,157.66172920886027
2012-04-26 12:00:00,206.03421883139515
2012-04-26 13:00:00,195.33911164581332
2012-04-26 14:00:00,216.81582329229815
2012-04-26 15:00:00,189.66912157252628
2012-04-26 16:00:00,299.8224092055513
2012-04-26 17:00:00,687.8766473315554
2012-04-26 18:00:00,643.7423506466122
2012-04-26 19:00:00,454.67839804370396
2012-04-26 20:00:00,365.728297923994
2012-04-26 21:00:00,231.79203705840786
2012-04-26 22:00:00,192.9316187040588
2012-04-26 23:00:00,112.77694635512943
2012-04-27 00:00:00,63.35008597904799
2012-04-27 01:00:00,32.287498498690724
2012-04-27 02:00:00,17.23448726088347
2012-04-27 03:00:00,7.412260023364586
2012-04-27 04:00:00,5.492366968542827
2012-04-27 05:00:00,29.75031128707048
2012-04-27 06:00:00,111.99280481665507
2012-04-27 07:00:00,329.55382593536615
2012-04-27 08:00:00,678.9995203068559
2012-04-27 09:00:00,358.1204146417845
2012-04-27 10:00:00,201.28332838717628
2012-04-27 11:00:00,231.68110006514712
2012-04-27 12:00:00,323.7850359847573
2012-04-27 13:00:00,325.53585657167196
2012-04-27 14:00:00,301.5327980362563
2012-04-27 15:00:00,348.3379767104267
2012-04-27 16:00:00,479.29938352802776
2012-04-27 17:00:00,712.6604430345832
2012-04-27 18:00:00,578.704976780687
2012-04-27 19:00:00,407.59947241144243
2012-04-27 20:00:00,269.2558385891993
2012-04-27 21:00:00,190.46135045765152
2012-04-27 22:00:00,176.7754082422244
2012-04-27 23:00:00,130.031380205233
2012-04-28 00:00:00,105.53293178405718
2012-04-28 01:00:00,67.68359110761227
2012-04-28 02:00:00,56.164034281442405
2012-04-28 03:00:00,26.205112276523742
2012-04-28 04:00:00,8.984726410248605
2012-04-28 05:00:00,8.497432365591632
2012-04-28 06:00:00,22.746537086590195
2012-04-28 07:00:00,52.70223114678032
2012-04-28 08:00:00,157.69323970492286
2012-04-28 09:00:00,231.40329363018367
2012-04-28 10:00:00,321.4403454039865
2012-04-28 11:00:00,389.94994309013373
2012-04-28 12:00:00,466.3175082886636
2012-04-28 13:00:00,500.16482353548986
2012-04-28 14:00:00,521.0950203084652
2012-04-28 15:00:00,512.1444864492433
2012-04-28 16:00:00,495.76943062964745
2012-04-28 17:00:00,439.9984405798882
2012-04-28 18:00:00,218.46575402875797
2012-04-28 19:00:00,151.32944129820368
2012-04-28 20:00:00,197.42536494635772
2012-04-28 21:00:00,87.36540402927574
2012-04-28 22:00:00,138.32396932570194
2012-04-28 23:00:00,108.36523933673342
2012-04-29 00:00:00,65.52854258583369
2012-04-29 01:00:00,78.6766885337291
2012-04-29 02:00:00,59.9701601513848
2012-04-29 03:00:00,28.10989369917801
2012-04-29 04:00:00,9.367106605171003
2012-04-29 05:00:00,9.097811908178906
2012-04-29 06:00:00,17.792919634165095
2012-04-29 07:00:00,39.930391724749455
2012-04-29 08:00:00,105.94929769763445
2012-04-29 09:00:00,190.49601173434087
2012-04-29 10:00:00,324.9096820565524
2012-04-29 11:00:00,433.15986832879014
2012-04-29 12:00:00,522.3672105179603
2012-04-29 13:00:00,533.8798496687452
2012-04-29 14:00:00,556.8311002419812
2012-04-29 15:00:00,557.5253097839036
2012-04-29 16:00:00,549.1767919895992
2012-04-29 17:00:00,514.8953173078083
2012-04-29 18:00:00,426.0194174893677
2012-04-29 19:00:00,354.8776286440986
2012-04-29 20:00:00,265.5214440850627
2012-04-29 21:00:00,182.46626954201065
2012-04-29 22:00:00,130.25969564755877
2012-04-29 23:00:00,84.56832749848354
2012-04-30 00:00:00,31.239337327421385
2012-04-30 01:00:00,13.489391312016544
2012-04-30 02:00:00,6.863022013876973
2012-04-30 03:00:00,3.513905314422428
2012-04-30 04:00:00,3.343644275836918
2012-04-30 05:00:00,25.654291086701786
2012-04-30 06:00:00,118.50788454599294
2012-04-30 07:00:00,384.3878715992818
2012-04-30 08:00:00,665.5347350498924
2012-04-30 09:00:00,308.89425903031673
2012-04-30 10:00:00,159.30208251769324
2012-04-30 11:00:00,176.93512150147995
2012-04-30 12:00:00,217.48230761332692
2012-04-30 13:00:00,233.46826119651365
2012-04-30 14:00:00,208.48010425741538
2012-04-30 15:00:00,246.4039444828574
2012-04-30 16:00:00,394.7398042847233
2012-04-30 17:00:00,713.0709764296328
2012-04-30 18:00:00,681.7001427887125
2012-04-30 19:00:00,466.6037894990466
2012-04-30 20:00:00,325.12299861158596
2012-04-30 21:00:00,237.7525379482766
2012-04-30 22:00:00,162.1817272055804
2012-04-30 23:00:00,79.45417217047236
2012-05-20 00:00:00,143.45773707595563
2012-05-20 01:00:00,109.24468622033078
2012-05-20 02:00:00,83.10039187630336
2012-05-20 03:00:00,38.627414749668205
2012-05-20 04:00:00,14.171728865049317
2012-05-20 05:00:00,13.668592314149322
2012-05-20 06:00:00,24.5351493774508
2012-05-20 07:00:00,58.46832669809392
2012-05-20 08:00:00,144.46186419316192
2012-05-20 09:00:00,282.68249231658433
2012-05-20 10:00:00,428.6910328470021
2012-05-20 11:00:00,537.1211191960826
2012-05-20 12:00:00,606.0238798272322
2012-05-20 13:00:00,607.6447988600837
2012-05-20 14:00:00,594.3843950285029
2012-05-20 15:00:00,559.4553667432649
2012-05-20 16:00:00,581.4205926409363
2012-05-20 17:00:00,551.1904014456139
2012-05-20 18:00:00,474.3180212806833
2012-05-20 19:00:00,378.6508847443895
2012-05-20 20:00:00,288.79297266673234
2012-05-20 21:00:00,202.83577116353527
2012-05-20 22:00:00,147.58308965005267
2012-05-20 23:00:00,66.23851541625528
2012-05-21 00:00:00,25.212812320339342
2012-05-21 01:00:00,11.056481363503874
2012-05-21 02:00:00,5.218366041027463
2012-05-21 03:00:00,3.6660741983344622
2012-05-21 04:00:00,4.037049662970428
2012-05-21 05:00:00,23.073327127626627
2012-05-21 06:00:00,74.69543300389714
2012-05-21 07:00:00,132.52475311179253
2012-05-21 08:00:00,286.6527349163012
2012-05-21 09:00:00,145.987790676236
2012-05-21 10:00:00,80.05416075359157
2012-05-21 11:00:00,156.5903994261671
2012-05-21 12:00:00,194.98610957413223
2012-05-21 13:00:00,93.41625499289484
2012-05-21 14:00:00,82.29717965039016
2012-05-21 15:00:00,243.15542329359755
2012-05-21 16:00:00,358.2074798834478
2012-05-21 17:00:00,670.6556148831239
2012-05-21 18:00:00,681.8010595746407
2012-05-21 19:00:00,535.154875525742
2012-05-21 20:00:00,367.2318172368732
2012-05-21 21:00:00,272.33396003585233
2012-05-21 22:00:00,161.3689793384063
2012-05-21 23:00:00,91.34773429989042
2012-05-22 00:00:00,39.24865784806461
2012-05-22 01:00:00,15.242257501185284
2012-05-22 02:00:00,7.036756771805984
2012-05-22 03:00:00,4.725208483461428
2012-05-22 04:00:00,5.701776317225567
2012-05-22 05:00:00,24.497966286679514
2012-05-22 06:00:00,82.2206936057382
2012-05-22 07:00:00,171.55278753863047
2012-05-22 08:00:00,567.958386278912
2012-05-22 09:00:00,300.9687562148149
2012-05-22 10:00:00,164.60872161624124
2012-05-22 11:00:00,177.77806371435128
2012-05-22 12:00:00,234.13828401457312
2012-05-22 13:00:00,236.28258267828767
2012-05-22 14:00:00,215.4655936986117
2012-05-22 15:00:00,280.20296131513965
2012-05-22 16:00:00,426.5979978963775
2012-05-22 17:00:00,773.8997700440618
2012-05-22 18:00:00,765.1613881123162
2012-05-22 19:00:00,544.3509491995387
2012-05-22 20:00:00,371.08761027580846
2012-05-22 21:00:00,263.0283368176816
2012-05-22 22:00:00,195.66939750306776
2012-05-22 23:00:00,111.9450371555375
2012-05-23 00:00:00,49.55534892565097
2012-05-23 01:00:00,19.08079191200749
2012-05-23 02:00:00,7.5466687073428
2012-05-23 03:00:00,6.004842937830254
2012-05-23 04:00:00,4.934430408988204
2012-05-23 05:00:00,23.817961671509206
2012-05-23 06:00:00,163.14668381859323
2012-05-23 07:00:00,404.3456096267216
2012-05-23 08:00:00,605.8214852504058
2012-05-23 09:00:00,332.8592467593283
2012-05-23 10:00:00,194.62364959395836
2012-05-23 11:00:00,224.3965889344302
2012-05-23 12:00:00,266.1580076959246
2012-05-23 13:00:00,250.72861076693175
2012-05-23 14:00:00,252.09202041707638
2012-05-23 15:00:00,268.30786926801824
2012-05-23 16:00:00,297.0129139937836
2012-05-23 17:00:00,477.6042249695502
2012-05-23 18:00:00,476.9727316659497
2012-05-23 19:00:00,379.9902246641831
2012-05-23 20:00:00,268.90753371816425
2012-05-23 21:00:00,191.62895562539728
2012-05-23 22:00:00,159.17635258446367
2012-05-23 23:00:00,120.02944018957672
2012-05-24 00:00:00,54.65137610916483
2012-05-24 01:00:00,19.37285293845685
2012-05-24 02:00:00,10.093009954546767
2012-05-24 03:00:00,5.472860715612134
2012-05-24 04:00:00,6.499128237103206
2012-05-24 05:00:00,35.85119571282087
2012-05-24 06:00:00,141.10666491496573
2012-05-24 07:00:00,421.8882233107919
2012-05-24 08:00:00,715.9044388120305
2012-05-24 09:00:00,376.74787140766904
2012-05-24 10:00:00,206.34898089416197
2012-05-24 11:00:00,236.88797666529456
2012-05-24 12:00:00,299.4675874350566
2012-05-24 13:00:00,290.6054396688908
2012-05-24 14:00:00,252.6023060908412
2012-05-24 15:00:00,284.6332617415558
2012-05-24 16:00:00,422.7113536304332
2012-05-24 17:00:00,770.2987413538498
2012-05-24 18:00:00,770.8381502898824
2012-05-24 19:00:00,558.0191294224252
2012-05-24 20:00:00,363.61213016009157
2012-05-24 21:00:00,136.2166210236423
2012-05-24 22:00:00,175.92951078672343
2012-05-24 23:00:00,121.45182664769268
2012-05-25 00:00:00,80.37925669246896
2012-05-25 01:00:00,37.681092441711215
2012-05-25 02:00:00,16.649471046349788
2012-05-25 03:00:00,7.095876409872199
2012-05-25 04:00:00,7.221109953733484
2012-05-25 05:00:00,34.378491962323366
2012-05-25 06:00:00,131.61841576142763
2012-05-25 07:00:00,332.8360388140897
2012-05-25 08:00:00,605.6280426359408
2012-05-25 09:00:00,344.0832109556667
2012-05-25 10:00:00,234.6283928127493
2012-05-25 11:00:00,271.3106451020768
2012-05-25 12:00:00,361.8096695144668
2012-05-25 13:00:00,363.9436158595827
2012-05-25 14:00:00,337.4293469655993
2012-05-25 15:00:00,353.166495947253
2012-05-25 16:00:00,502.24273361466794
2012-05-25 17:00:00,705.3772282877817
2012-05-25 18:00:00,609.4932014028677
2012-05-25 19:00:00,496.7760665170567
2012-05-25 20:00:00,349.7487899488405
2012-05-25 21:00:00,289.1261325971709
2012-05-25 22:00:00,251.6933044354691
2012-05-25 23:00:00,199.39824558575572
2012-05-26 00:00:00,152.91852246103394
2012-05-26 01:00:00,110.34158356417237
2012-05-26 02:00:00,82.21865045507079
2012-05-26 03:00:00,35.96310606345018
2012-05-26 04:00:00,12.390540726844176
2012-05-26 05:00:00,13.548615451313951
2012-05-26 06:00:00,29.192121538072882
2012-05-26 07:00:00,70.34203235185731
2012-05-26 08:00:00,194.5412780142769
2012-05-26 09:00:00,263.1091513080089
2012-05-26 10:00:00,409.72016666560836
2012-05-26 11:00:00,516.608809500512
2012-05-26 12:00:00,552.4454141345547
2012-05-26 13:00:00,549.6809026144797
2012-05-26 14:00:00,543.1791389506499
2012-05-26 15:00:00,537.37695953803
2012-05-26 16:00:00,542.2120214306444
2012-05-26 17:00:00,527.7258920644449
2012-05-26 18:00:00,478.44675807874853
2012-05-26 19:00:00,392.15448488633376
2012-05-26 20:00:00,317.6549360585584
2012-05-26 21:00:00,269.11364999655245
2012-05-26 22:00:00,236.76984270003757
2012-05-26 23:00:00,175.58900145855586
2012-05-27 00:00:00,137.3276801753313
2012-05-27 01:00:00,117.34240879435492
2012-05-27 02:00:00,86.37262641254964
2012-05-27 03:00:00,41.63319768356962
2012-05-27 04:00:00,11.711585503790833
2012-05-27 05:00:00,13.253496746469814
2012-05-27 06:00:00,23.70044003837822
2012-05-27 07:00:00,57.79115696970731
2012-05-27 08:00:00,125.03118853957974
2012-05-27 09:00:00,222.35600526364826
2012-05-27 10:00:00,404.14790520111086
2012-05-27 11:00:00,497.73055373407897
2012-05-27 12:00:00,516.6253699021204
2012-05-27 13:00:00,523.9282683426163
2012-05-27 14:00:00,507.82834198489587
2012-05-27 15:00:00,517.2738515746406
2012-05-27 16:00:00,521.3031008042428
2012-05-27 17:00:00,517.8467855006797
2012-05-27 18:00:00,457.42008683029934
2012-05-27 19:00:00,377.7738781273356
2012-05-27 20:00:00,296.00919964034904
2012-05-27 21:00:00,129.2172578142537
2012-05-27 22:00:00,74.24728474440886
2012-05-27 23:00:00,65.628025307093
2012-05-28 00:00:00,87.23120620062153
2012-05-28 01:00:00,46.267878947399645
2012-05-28 02:00:00,31.738604325201475
2012-05-28 03:00:00,17.965229996977904
2012-05-28 04:00:00,10.1342482715596
2012-05-28 05:00:00,16.89756283995014
2012-05-28 06:00:00,53.099684303130736
2012-05-28 07:00:00,105.99290557043776
2012-05-28 08:00:00,251.43939436181506
2012-05-28 09:00:00,302.83302407543937
2012-05-28 10:00:00,351.97557452424684
2012-05-28 11:00:00,410.77287265458494
2012-05-28 12:00:00,397.5919005643583
2012-05-28 13:00:00,388.0607201331746
2012-05-28 14:00:00,381.80568838623515
2012-05-28 15:00:00,379.23242716609764
2012-05-28 16:00:00,419.4315808954689
2012-05-28 17:00:00,555.6622043659324
2012-05-28 18:00:00,539.1673056697152
2012-05-28 19:00:00,465.81055521355665
2012-05-28 20:00:00,355.88230022634116
2012-05-28 21:00:00,261.09528971254633
2012-05-28 22:00:00,212.79662321353888
2012-05-28 23:00:00,124.53481575337477
2012-05-29 00:00:00,43.02498796119198
2012-05-29 01:00:00,18.220411496771828
2012-05-29 02:00:00,8.614241148276868
2012-05-29 03:00:00,5.705430603860029
2012-05-29 04:00:00,7.736146754024199
2012-05-29 05:00:00,38.007812684292624
2012-05-29 06:00:00,164.49864042593572
2012-05-29 07:00:00,448.91599183241647
2012-05-29 08:00:00,662.556155161158
2012-05-29 09:00:00,349.0234238281579
2012-05-29 10:00:00,189.62203245841732
2012-05-29 11:00:00,216.8281548707642
2012-05-29 12:00:00,268.71074702931753
2012-05-29 13:00:00,262.59848543117914
2012-05-29 14:00:00,233.85980853676853
2012-05-29 15:00:00,263.59772711756045
2012-05-29 16:00:00,391.8081567455893
2012-05-29 17:00:00,758.6016301320077
2012-05-29 18:00:00,752.1035365430088
2012-05-29 19:00:00,543.1572587099715
2012-05-29 20:00:00,261.2276423262524
2012-05-29 21:00:00,83.2355367201982
2012-05-29 22:00:00,141.21693437502387
2012-05-29 23:00:00,63.84272185390276
2012-05-30 00:00:00,35.08591181616732
2012-05-30 01:00:00,12.698410438925231
2012-05-30 02:00:00,5.821761734812071
2012-05-30 03:00:00,4.429020388466722
2012-05-30 04:00:00,6.365251093786694
2012-05-30 05:00:00,37.6768123610205
2012-05-30 06:00:00,152.0713646393965
2012-05-30 07:00:00,230.47651870917497
2012-05-30 08:00:00,686.7640898021626
2012-05-30 09:00:00,349.27672469265895
2012-05-30 10:00:00,180.56449017602313
2012-05-30 11:00:00,219.5572874641254
2012-05-30 12:00:00,294.8678552848987
2012-05-30 13:00:00,288.51059148038104
2012-05-30 14:00:00,260.255176933445
2012-05-30 15:00:00,287.2849390116462
2012-05-30 16:00:00,433.86752867134226
2012-05-30 17:00:00,789.3838559037697
2012-05-30 18:00:00,791.0508283643367
2012-05-30 19:00:00,574.6617454457524
2012-05-30 20:00:00,353.7553762523832
2012-05-30 21:00:00,305.86390502528303
2012-05-30 22:00:00,222.8059422144944
2012-05-30 23:00:00,141.929050528735
2012-05-31 00:00:00,55.91017650116194
2012-05-31 01:00:00,21.97280899268673
2012-05-31 02:00:00,10.15270621468708
2012-05-31 03:00:00,6.384804430808857
2012-05-31 04:00:00,7.7153438534030485
2012-05-31 05:00:00,39.28034259530188
2012-05-31 06:00:00,172.60690577018323
2012-05-31 07:00:00,468.8806546982087
2012-05-31 08:00:00,728.114876801423
2012-05-31 09:00:00,374.6737160413363
2012-05-31 10:00:00,210.28407974448308
2012-05-31 11:00:00,241.8740974811373
2012-05-31 12:00:00,306.54953350082906
2012-05-31 13:00:00,299.7889727490998
2012-05-31 14:00:00,261.0417671322592
2012-05-31 15:00:00,293.200134618378
2012-05-31 16:00:00,439.8001213695992
2012-05-31 17:00:00,806.3622505464141
2012-05-31 18:00:00,804.7311102773535
2012-05-31 19:00:00,599.1607788820047
2012-05-31 20:00:00,432.03518946127986
2012-05-31 21:00:00,323.30404883547453
2012-05-31 22:00:00,238.73535259406015
2012-05-31 23:00:00,151.0911166408869
2012-06-20 00:00:00,50.6962668374389
2012-06-20 01:00:00,21.142174513363763
2012-06-20 02:00:00,9.69582104570167
2012-06-20 03:00:00,6.4475945249456865
2012-06-20 04:00:00,7.854303325158808
2012-06-20 05:00:00,40.90518187631238
2012-06-20 06:00:00,140.5036202670077
2012-06-20 07:00:00,378.5850045043725
2012-06-20 08:00:00,663.8630921847289
2012-06-20 09:00:00,325.43318130877486
2012-06-20 10:00:00,193.05346090222912
2012-06-20 11:00:00,212.26838153207564
2012-06-20 12:00:00,252.62775141590657
2012-06-20 13:00:00,250.19132498668802
2012-06-20 14:00:00,225.9937065736861
2012-06-20 15:00:00,238.5831097396832
2012-06-20 16:00:00,348.0923936183776
2012-06-20 17:00:00,668.33429235266
2012-06-20 18:00:00,667.8134799329789
2012-06-20 19:00:00,524.3412123510518
2012-06-20 20:00:00,406.7152663978168
2012-06-20 21:00:00,305.89999707835085
2012-06-20 22:00:00,234.20255344750882
2012-06-20 23:00:00,141.81326693279033
2012-06-21 00:00:00,57.92973316037531
2012-06-21 01:00:00,21.057532003327452
2012-06-21 02:00:00,10.086548570460524
2012-06-21 03:00:00,5.7578793407920035
2012-06-21 04:00:00,7.9420991999444075
2012-06-21 05:00:00,41.49111623946126
2012-06-21 06:00:00,162.77820320782106
2012-06-21 07:00:00,414.68550935062785
2012-06-21 08:00:00,630.3507021650228
2012-06-21 09:00:00,328.00778551696544
2012-06-21 10:00:00,183.96778325270714
2012-06-21 11:00:00,212.5269616672696
2012-06-21 12:00:00,247.40868891255474
2012-06-21 13:00:00,239.27906857214532
2012-06-21 14:00:00,227.3099249795085
2012-06-21 15:00:00,233.36512588682672
2012-06-21 16:00:00,351.5681100381053
2012-06-21 17:00:00,737.1198015144826
2012-06-21 18:00:00,759.77156077262
2012-06-21 19:00:00,500.32275679479767
2012-06-21 20:00:00,389.6489923416914
2012-06-21 21:00:00,302.1535387804885
2012-06-21 22:00:00,220.8859392339591
2012-06-21 23:00:00,141.7023883681034
2012-06-22 00:00:00,83.17782503782797
2012-06-22 01:00:00,36.69096131737601
2012-06-22 02:00:00,18.17463264480915
2012-06-22 03:00:00,7.877951391461257
2012-06-22 04:00:00,7.613766499129704
2012-06-22 05:00:00,36.527996640809675
2012-06-22 06:00:00,148.74694142168718
2012-06-22 07:00:00,395.5968381255196
2012-06-22 08:00:00,631.9744859290508
2012-06-22 09:00:00,382.4764583006034
2012-06-22 10:00:00,231.12607592611735
2012-06-22 11:00:00,270.27890073458946
2012-06-22 12:00:00,313.12027263974625
2012-06-22 13:00:00,313.76329222431184
2012-06-22 14:00:00,291.1553493447546
2012-06-22 15:00:00,312.7212287412625
2012-06-22 16:00:00,431.4070154474508
2012-06-22 17:00:00,740.8350788683408
2012-06-22 18:00:00,573.3964652632417
2012-06-22 19:00:00,465.8149894858541
2012-06-22 20:00:00,331.8196320911977
2012-06-22 21:00:00,212.12675480580646
2012-06-22 22:00:00,255.375933227864
2012-06-22 23:00:00,187.53100659504204
2012-06-23 00:00:00,148.43058215816384
2012-06-23 01:00:00,117.43126532831104
2012-06-23 02:00:00,72.64394414077032
2012-06-23 03:00:00,34.26754696631441
2012-06-23 04:00:00,11.118022292599726
2012-06-23 05:00:00,10.694145332235312
2012-06-23 06:00:00,29.135167635541407
2012-06-23 07:00:00,74.46644191680109
2012-06-23 08:00:00,194.11231244565337
2012-06-23 09:00:00,299.7465235483694
2012-06-23 10:00:00,426.6022655029436
2012-06-23 11:00:00,533.5158375228787
2012-06-23 12:00:00,567.8095632471735
2012-06-23 13:00:00,575.5012143571267
2012-06-23 14:00:00,602.8731999881471
2012-06-23 15:00:00,548.7358207105751
2012-06-23 16:00:00,555.5001909568581
2012-06-23 17:00:00,556.6210289445225
2012-06-23 18:00:00,495.66278399662775
2012-06-23 19:00:00,421.6194380772491
2012-06-23 20:00:00,340.3367401463312
2012-06-23 21:00:00,295.8217101858775
2012-06-23 22:00:00,255.68439735727839
2012-06-23 23:00:00,194.77663483514146
2012-06-24 00:00:00,154.193961748423
2012-06-24 01:00:00,128.88201156454573
2012-06-24 02:00:00,96.04519788304297
2012-06-24 03:00:00,44.30142757149285
2012-06-24 04:00:00,15.110706550092523
2012-06-24 05:00:00,14.093896216537011
2012-06-24 06:00:00,23.386982229335853
2012-06-24 07:00:00,59.31264729515431
2012-06-24 08:00:00,139.72284312599487
2012-06-24 09:00:00,270.9353433429588
2012-06-24 10:00:00,413.1069070056029
2012-06-24 11:00:00,516.3391255099335
2012-06-24 12:00:00,552.1555032430855
2012-06-24 13:00:00,556.1595194541768
2012-06-24 14:00:00,527.9097176429459
2012-06-24 15:00:00,515.2457589011849
2012-06-24 16:00:00,519.06893273504
2012-06-24 17:00:00,503.31422436018426
2012-06-24 18:00:00,468.65206816624743
2012-06-24 19:00:00,389.71834232014135
2012-06-24 20:00:00,294.55666748011896
2012-06-24 21:00:00,219.59546014474336
2012-06-24 22:00:00,169.44831090627488
2012-06-24 23:00:00,109.91177677371101
2012-06-25 00:00:00,44.00722751489044
2012-06-25 01:00:00,18.240739680964836
2012-06-25 02:00:00,9.183232826613281
2012-06-25 03:00:00,6.003147472490775
2012-06-25 04:00:00,7.9617214378573
2012-06-25 05:00:00,38.53984281948181
2012-06-25 06:00:00,150.98321163360163
2012-06-25 07:00:00,448.1082208714238
2012-06-25 08:00:00,659.3516287551985
2012-06-25 09:00:00,350.4891672455576
2012-06-25 10:00:00,185.46986127255585
2012-06-25 11:00:00,216.04965496945493
2012-06-25 12:00:00,283.04199495768887
2012-06-25 13:00:00,281.861833595844
2012-06-25 14:00:00,239.67865497762918
2012-06-25 15:00:00,281.4051418194115
2012-06-25 16:00:00,426.626999425528
2012-06-25 17:00:00,786.0443749606845
2012-06-25 18:00:00,778.8447917436937
2012-06-25 19:00:00,561.7289478825726
2012-06-25 20:00:00,404.3344966078796
2012-06-25 21:00:00,297.5828817688009
2012-06-25 22:00:00,193.09534845140217
2012-06-25 23:00:00,103.95701825271807
2012-06-26 00:00:00,39.164063555284756
2012-06-26 01:00:00,15.478665290285788
2012-06-26 02:00:00,7.445770599982996
2012-06-26 03:00:00,4.409215353789814
2012-06-26 04:00:00,6.3748376097167885
2012-06-26 05:00:00,36.57292030052998
2012-06-26 06:00:00,163.60061783229713
2012-06-26 07:00:00,458.90028762022905
2012-06-26 08:00:00,710.5117208508343
2012-06-26 09:00:00,371.446063357792
2012-06-26 10:00:00,205.61697827676153
2012-06-26 11:00:00,238.47691302551198
2012-06-26 12:00:00,305.14632711352453
2012-06-26 13:00:00,297.18101486610516
2012-06-26 14:00:00,263.7415709564808
2012-06-26 15:00:00,296.6263931923636
2012-06-26 16:00:00,445.41826860519086
2012-06-26 17:00:00,814.4638869775999
2012-06-26 18:00:00,799.8769176137282
2012-06-26 19:00:00,597.0063409415048
2012-06-26 20:00:00,419.51534493287954
2012-06-26 21:00:00,328.53695288402326
2012-06-26 22:00:00,228.89501931621305
2012-06-26 23:00:00,130.2338295496281
2012-06-27 00:00:00,49.22926026543874
2012-06-27 01:00:00,18.389139068830055
2012-06-27 02:00:00,8.23335705912923
2012-06-27 03:00:00,5.186102316175098
2012-06-27 04:00:00,6.692163544492682
2012-06-27 05:00:00,39.34695399044973
2012-06-27 06:00:00,171.23704619947728
2012-06-27 07:00:00,476.2822214730229
2012-06-27 08:00:00,717.9526098967601
2012-06-27 09:00:00,368.2121930062643
2012-06-27 10:00:00,212.53836610294837
2012-06-27 11:00:00,243.88651680181098
2012-06-27 12:00:00,305.3665153638225
2012-06-27 13:00:00,286.099951870994
2012-06-27 14:00:00,266.74593715749995
2012-06-27 15:00:00,286.3245151729867
2012-06-27 16:00:00,428.5119198887774
2012-06-27 17:00:00,786.988760311527
2012-06-27 18:00:00,787.6663229848639
2012-06-27 19:00:00,588.7110518577199
2012-06-27 20:00:00,447.62002118794146
2012-06-27 21:00:00,328.31609605681
2012-06-27 22:00:00,240.73419321630578
2012-06-27 23:00:00,148.44762900873877
2012-06-28 00:00:00,58.897194584934
2012-06-28 01:00:00,23.15777275447132
2012-06-28 02:00:00,11.527445258497522
2012-06-28 03:00:00,7.001696595428652
2012-06-28 04:00:00,8.267532575083923
2012-06-28 05:00:00,41.67222643708229
2012-06-28 06:00:00,176.4417390212446
2012-06-28 07:00:00,472.210220455776
2012-06-28 08:00:00,714.3823182504682
2012-06-28 09:00:00,366.43153535045144
2012-06-28 10:00:00,209.2805200372045
2012-06-28 11:00:00,231.1915296845915
2012-06-28 12:00:00,285.70411454514647
2012-06-28 13:00:00,276.580977881924
2012-06-28 14:00:00,249.61609973842042
2012-06-28 15:00:00,282.48742184147716
2012-06-28 16:00:00,419.93830829148357
2012-06-28 17:00:00,764.7411402940166
2012-06-28 18:00:00,778.6239016456027
2012-06-28 19:00:00,553.7022746283574
2012-06-28 20:00:00,423.9890651249156
2012-06-28 21:00:00,318.6057057615193
2012-06-28 22:00:00,236.7267048481588
2012-06-28 23:00:00,155.58331407783464
2012-06-29 00:00:00,90.47594168923895
2012-06-29 01:00:00,41.074937942657805
2012-06-29 02:00:00,19.96425620808334
2012-06-29 03:00:00,8.463518994426057
2012-06-29 04:00:00,8.339139441017299
2012-06-29 05:00:00,40.370923698646365
2012-06-29 06:00:00,156.0101254290636
2012-06-29 07:00:00,403.2367145371498
2012-06-29 08:00:00,650.150614626131
2012-06-29 09:00:00,381.5322722537815
2012-06-29 10:00:00,212.2722731814175
2012-06-29 11:00:00,243.58623602739203
2012-06-29 12:00:00,297.97416348373724
2012-06-29 13:00:00,255.39362137225834
2012-06-29 14:00:00,234.11213419235915
2012-06-29 15:00:00,251.80990509588324
2012-06-29 16:00:00,310.40058288358165
2012-06-29 17:00:00,493.97296954586966
2012-06-29 18:00:00,386.209849307513
2012-06-29 19:00:00,394.3867154906852
2012-06-29 20:00:00,293.64093774700336
2012-06-29 21:00:00,264.45729265747707
2012-06-29 22:00:00,178.57638081501403
2012-06-29 23:00:00,144.25058869335442
2012-06-30 00:00:00,84.8816343631011
2012-06-30 01:00:00,71.15296666349248
2012-06-30 02:00:00,72.62284179395442
2012-06-30 03:00:00,34.36971093718522
2012-06-30 04:00:00,11.119409628515545
2012-06-30 05:00:00,12.253116546510533
2012-06-30 06:00:00,25.93933197047111
2012-06-30 07:00:00,75.14708850696469
2012-06-30 08:00:00,172.07737923884383
2012-06-30 09:00:00,247.70465526564686
2012-06-30 10:00:00,376.82041452156864
2012-06-30 11:00:00,466.70206653262005
2012-06-30 12:00:00,533.2866955973765
2012-06-30 13:00:00,537.8064216820046
2012-06-30 14:00:00,528.7220104686934
2012-06-30 15:00:00,519.6129670033756
2012-06-30 16:00:00,499.56209811916756
2012-06-30 17:00:00,496.92312655958045
2012-06-30 18:00:00,432.52080104940364
2012-06-30 19:00:00,403.37206953085916
2012-06-30 20:00:00,318.89541065523855
2012-06-30 21:00:00,282.43016398155805
2012-06-30 22:00:00,236.51199905307004
2012-06-30 23:00:00,174.8288538261919
2012-07-20 00:00:00,64.69664206108426
2012-07-20 01:00:00,38.39039224262788
2012-07-20 02:00:00,16.138044838897095
2012-07-20 03:00:00,7.881989263818572
2012-07-20 04:00:00,8.14176907977908
2012-07-20 05:00:00,36.88762607432491
2012-07-20 06:00:00,132.52680979654826
2012-07-20 07:00:00,342.43672664561035
2012-07-20 08:00:00,568.1290689261086
2012-07-20 09:00:00,382.9860284676786
2012-07-20 10:00:00,219.7226052597289
2012-07-20 11:00:00,193.15234933769278
2012-07-20 12:00:00,187.90567586475123
2012-07-20 13:00:00,189.90238316960122
2012-07-20 14:00:00,172.16763742710407
2012-07-20 15:00:00,274.3611954654527
2012-07-20 16:00:00,338.75204121891784
2012-07-20 17:00:00,466.0898506110117
2012-07-20 18:00:00,442.01680374352384
2012-07-20 19:00:00,308.0648355222339
2012-07-20 20:00:00,133.94524215699096
2012-07-20 21:00:00,110.87655895288871
2012-07-20 22:00:00,166.24576586355477
2012-07-20 23:00:00,140.8120520558325
2012-07-21 00:00:00,83.19164461956362
2012-07-21 01:00:00,92.85085347512687
2012-07-21 02:00:00,47.5817285709507
2012-07-21 03:00:00,22.839757341975712
2012-07-21 04:00:00,7.348855675860056
2012-07-21 05:00:00,7.547197109604553
2012-07-21 06:00:00,18.619320716167326
2012-07-21 07:00:00,64.24854998794251
2012-07-21 08:00:00,158.01796819378276
2012-07-21 09:00:00,229.96834981625227
2012-07-21 10:00:00,184.05373792652352
2012-07-21 11:00:00,347.54952029056255
2012-07-21 12:00:00,248.12263080849743
2012-07-21 13:00:00,246.1485325402139
2012-07-21 14:00:00,322.8350995385109
2012-07-21 15:00:00,193.25050545601175
2012-07-21 16:00:00,200.84957850603
2012-07-21 17:00:00,187.777893110963
2012-07-21 18:00:00,263.6468431643631
2012-07-21 19:00:00,240.46175048906775
2012-07-21 20:00:00,113.93328106867021
2012-07-21 21:00:00,170.97620070188145
2012-07-21 22:00:00,149.4598388140443
2012-07-21 23:00:00,121.78421836385976
2012-07-22 00:00:00,117.57533785380441
2012-07-22 01:00:00,103.50013015400332
2012-07-22 02:00:00,80.62194772023432
2012-07-22 03:00:00,39.42136832808279
2012-07-22 04:00:00,13.900175135936294
2012-07-22 05:00:00,14.066341616633018
2012-07-22 06:00:00,18.738770438183295
2012-07-22 07:00:00,47.53425160074505
2012-07-22 08:00:00,108.53051042176003
2012-07-22 09:00:00,255.7616752785898
2012-07-22 10:00:00,371.6937340029692
2012-07-22 11:00:00,448.9120679530904
2012-07-22 12:00:00,484.7020937016082
2012-07-22 13:00:00,483.3667296572753
2012-07-22 14:00:00,499.53794161625893
2012-07-22 15:00:00,495.7622271749227
2012-07-22 16:00:00,477.3072085320009
2012-07-22 17:00:00,483.43140143986403
2012-07-22 18:00:00,438.082784735956
2012-07-22 19:00:00,365.32883799845376
2012-07-22 20:00:00,272.2295731196832
2012-07-22 21:00:00,201.64422092305057
2012-07-22 22:00:00,157.57055933345416
2012-07-22 23:00:00,105.24071432575339
2012-07-23 00:00:00,42.48425043563857
2012-07-23 01:00:00,15.720490815474783
2012-07-23 02:00:00,8.176872003099465
2012-07-23 03:00:00,5.436743043297904
2012-07-23 04:00:00,7.18642717837001
2012-07-23 05:00:00,30.606500158487457
2012-07-23 06:00:00,145.45390781947663
2012-07-23 07:00:00,401.7463086129817
2012-07-23 08:00:00,634.085532733604
2012-07-23 09:00:00,330.41619475612515
2012-07-23 10:00:00,185.24498506626904
2012-07-23 11:00:00,219.57593028050118
2012-07-23 12:00:00,274.87381184438584
2012-07-23 13:00:00,270.234725522584
2012-07-23 14:00:00,241.82589840325306
2012-07-23 15:00:00,268.6540746753637
2012-07-23 16:00:00,400.8617081226728
2012-07-23 17:00:00,742.0411265117415
2012-07-23 18:00:00,787.0565489104798
2012-07-23 19:00:00,557.3824162655235
2012-07-23 20:00:00,414.41965051544224
2012-07-23 21:00:00,305.5800502777007
2012-07-23 22:00:00,212.19028658043243
2012-07-23 23:00:00,113.37025412557122
2012-07-24 00:00:00,47.91761496000272
2012-07-24 01:00:00,18.898782658916968
2012-07-24 02:00:00,9.000723409935674
2012-07-24 03:00:00,6.007194485044731
2012-07-24 04:00:00,7.836218234473755
2012-07-24 05:00:00,38.31067371110474
2012-07-24 06:00:00,164.66099362777044
2012-07-24 07:00:00,459.29925366985333
2012-07-24 08:00:00,630.4876892980132
2012-07-24 09:00:00,302.76082995394404
2012-07-24 10:00:00,183.58457320002836
2012-07-24 11:00:00,212.2642044392184
2012-07-24 12:00:00,258.79447572041465
2012-07-24 13:00:00,255.46176665977345
2012-07-24 14:00:00,232.58991346474926
2012-07-24 15:00:00,269.67707335596447
2012-07-24 16:00:00,409.94524378217363
2012-07-24 17:00:00,760.1843034291685
2012-07-24 18:00:00,746.8999202238601
2012-07-24 19:00:00,567.7102333237489
2012-07-24 20:00:00,415.93925664522067
2012-07-24 21:00:00,307.8448991296638
2012-07-24 22:00:00,222.05191095900634
2012-07-24 23:00:00,120.51639884226896
2012-07-25 00:00:00,49.98214163825111
2012-07-25 01:00:00,21.008070241795057
2012-07-25 02:00:00,9.362178829889402
2012-07-25 03:00:00,5.961563778575852
2012-07-25 04:00:00,7.065162091281055
2012-07-25 05:00:00,40.09145258132422
2012-07-25 06:00:00,172.13734568966353
2012-07-25 07:00:00,459.71802583365036
2012-07-25 08:00:00,712.1744639633032
2012-07-25 09:00:00,365.0078934122449
2012-07-25 10:00:00,209.93960777350915
2012-07-25 11:00:00,240.1069042201741
2012-07-25 12:00:00,302.127173499596
2012-07-25 13:00:00,292.3191684049881
2012-07-25 14:00:00,250.78601672930085
2012-07-25 15:00:00,291.80979170360774
2012-07-25 16:00:00,424.0114342050331
2012-07-25 17:00:00,783.4700103437964
2012-07-25 18:00:00,796.3993574271083
2012-07-25 19:00:00,603.899797994421
2012-07-25 20:00:00,441.1651417144519
2012-07-25 21:00:00,326.16591284927574
2012-07-25 22:00:00,235.60645754806112
2012-07-25 23:00:00,143.50277338272213
2012-07-26 00:00:00,57.449177535277855
2012-07-26 01:00:00,22.226276460714075
2012-07-26 02:00:00,10.557514001338694
2012-07-26 03:00:00,6.415499619913524
2012-07-26 04:00:00,7.825717949259357
2012-07-26 05:00:00,41.336448196688096
2012-07-26 06:00:00,169.9336685036993
2012-07-26 07:00:00,461.19890603617995
2012-07-26 08:00:00,621.0809064803275
2012-07-26 09:00:00,352.6217393458572
2012-07-26 10:00:00,194.73019497170708
2012-07-26 11:00:00,213.53252490406632
2012-07-26 12:00:00,246.51337576859635
2012-07-26 13:00:00,246.39261724862996
2012-07-26 14:00:00,212.1721107506798
2012-07-26 15:00:00,234.32801768815511
2012-07-26 16:00:00,298.8092890159209
2012-07-26 17:00:00,645.26316522208
2012-07-26 18:00:00,636.0687479331107
2012-07-26 19:00:00,460.3522210093312
2012-07-26 20:00:00,368.7114866930066
2012-07-26 21:00:00,290.317736065543
2012-07-26 22:00:00,214.20669660078718
2012-07-26 23:00:00,148.57115487798436
2012-07-27 00:00:00,86.08656020010415
2012-07-27 01:00:00,38.80980417148578
2012-07-27 02:00:00,20.260072782503677
2012-07-27 03:00:00,9.174599858539937
2012-07-27 04:00:00,8.500857290876514
2012-07-27 05:00:00,38.91140570868931
2012-07-27 06:00:00,156.41895938961147
2012-07-27 07:00:00,401.0523304266169
2012-07-27 08:00:00,625.2767906539827
2012-07-27 09:00:00,365.5797479364879
2012-07-27 10:00:00,221.32460399694935
2012-07-27 11:00:00,263.0572793692882
2012-07-27 12:00:00,317.00011781128615
2012-07-27 13:00:00,333.89710786531134
2012-07-27 14:00:00,296.29745498527575
2012-07-27 15:00:00,317.15273600376804
2012-07-27 16:00:00,477.7667670484848
2012-07-27 17:00:00,718.9763732823858
2012-07-27 18:00:00,630.5896840990949
2012-07-27 19:00:00,474.240169149744
2012-07-27 20:00:00,343.43913647791476
2012-07-27 21:00:00,283.9081550375514
2012-07-27 22:00:00,255.02897151402723
2012-07-27 23:00:00,201.44874184572473
2012-07-28 00:00:00,163.19657881823608
2012-07-28 01:00:00,114.10149091727047
2012-07-28 02:00:00,84.28215264514031
2012-07-28 03:00:00,36.31737383912625
2012-07-28 04:00:00,11.774319269931087
2012-07-28 05:00:00,14.693837138406193
2012-07-28 06:00:00,32.23007528535633
2012-07-28 07:00:00,77.57439908031563
2012-07-28 08:00:00,184.04294135384055
2012-07-28 09:00:00,273.20724525966176
2012-07-28 10:00:00,385.34113315317586
2012-07-28 11:00:00,480.123415574467
2012-07-28 12:00:00,547.3839595005572
2012-07-28 13:00:00,537.3085121403001
2012-07-28 14:00:00,534.6280601503047
2012-07-28 15:00:00,523.7860330208971
2012-07-28 16:00:00,530.77593544047
2012-07-28 17:00:00,534.954613480012
2012-07-28 18:00:00,487.42981151303593
2012-07-28 19:00:00,333.11171043810265
2012-07-28 20:00:00,259.14269855701923
2012-07-28 21:00:00,265.5907060102653
2012-07-28 22:00:00,228.92769848375465
2012-07-28 23:00:00,175.11240005544138
2012-07-29 00:00:00,143.0169666659179
2012-07-29 01:00:00,121.65608310463782
2012-07-29 02:00:00,95.68385806620647
2012-07-29 03:00:00,40.57004696846853
2012-07-29 04:00:00,12.471412228317416
2012-07-29 05:00:00,12.68165584926843
2012-07-29 06:00:00,23.23263978528785
2012-07-29 07:00:00,57.68572208342013
2012-07-29 08:00:00,136.11569271422673
2012-07-29 09:00:00,264.57706244337055
2012-07-29 10:00:00,392.76692209285534
2012-07-29 11:00:00,475.0132603510034
2012-07-29 12:00:00,523.8919911969151
2012-07-29 13:00:00,531.0588559119224
2012-07-29 14:00:00,526.2911419025988
2012-07-29 15:00:00,522.2385529026149
2012-07-29 16:00:00,524.1558176401998
2012-07-29 17:00:00,504.71669946479653
2012-07-29 18:00:00,465.59223004884416
2012-07-29 19:00:00,376.4574600031551
2012-07-29 20:00:00,286.5096717623017
2012-07-29 21:00:00,209.33519576618767
2012-07-29 22:00:00,162.6454595064718
2012-07-29 23:00:00,107.1681995606099
2012-07-30 00:00:00,47.32646863240642
2012-07-30 01:00:00,18.62725404633956
2012-07-30 02:00:00,9.421258331967557
2012-07-30 03:00:00,5.474845907051538
2012-07-30 04:00:00,7.6314481602010655
2012-07-30 05:00:00,37.49036189561333
2012-07-30 06:00:00,150.88709901130662
2012-07-30 07:00:00,425.84339673219995
2012-07-30 08:00:00,619.8516467869702
2012-07-30 09:00:00,331.67238180832294
2012-07-30 10:00:00,188.04056072507956
2012-07-30 11:00:00,218.84167099875174
2012-07-30 12:00:00,276.7145947413732
2012-07-30 13:00:00,269.3517954622939
2012-07-30 14:00:00,238.51135124226494
2012-07-30 15:00:00,270.43538693205664
2012-07-30 16:00:00,410.47106269592047
2012-07-30 17:00:00,749.8308140732257
2012-07-30 18:00:00,741.3575988676835
2012-07-30 19:00:00,550.1890873326172
2012-07-30 20:00:00,399.5464421886957
2012-07-30 21:00:00,295.00390743029004
2012-07-30 22:00:00,196.07025448971262
2012-07-30 23:00:00,108.22536730120217
2012-07-31 00:00:00,46.532125957808766
2012-07-31 01:00:00,17.936684662604794
2012-07-31 02:00:00,8.973570394798955
2012-07-31 03:00:00,5.9215413742761225
2012-07-31 04:00:00,7.836218234473755
2012-07-31 05:00:00,38.2080130646685
2012-07-31 06:00:00,162.63097578545012
2012-07-31 07:00:00,408.6684695651448
2012-07-31 08:00:00,653.9878811117792
2012-07-31 09:00:00,355.3469526593271
2012-07-31 10:00:00,195.56218001537306
2012-07-31 11:00:00,221.8855598279935
2012-07-31 12:00:00,281.720470686279
2012-07-31 13:00:00,270.3631356203015
2012-07-31 14:00:00,242.57743242529088
2012-07-31 15:00:00,276.8309339031049
2012-07-31 16:00:00,416.7144830964526
2012-07-31 17:00:00,779.798583680817
2012-07-31 18:00:00,748.1849684912922
2012-07-31 19:00:00,443.25664580960176
2012-07-31 20:00:00,327.76667881515505
2012-07-31 21:00:00,285.8100350803507
2012-07-31 22:00:00,217.5336333452919
2012-07-31 23:00:00,113.71689689216379
2012-08-20 00:00:00,35.54779344009846
2012-08-20 01:00:00,16.8397192602854
2012-08-20 02:00:00,8.459210980773939
2012-08-20 03:00:00,5.820762280847832
2012-08-20 04:00:00,6.865219569481549
2012-08-20 05:00:00,32.73476348667735
2012-08-20 06:00:00,146.44732353529292
2012-08-20 07:00:00,427.31264192006654
2012-08-20 08:00:00,635.7714600392948
2012-08-20 09:00:00,346.076557077848
2012-08-20 10:00:00,184.9462319195327
2012-08-20 11:00:00,227.56928262773636
2012-08-20 12:00:00,290.00197473405194
2012-08-20 13:00:00,291.1500998681536
2012-08-20 14:00:00,254.78851751596568
2012-08-20 15:00:00,292.1778175280765
2012-08-20 16:00:00,443.9424376549569
2012-08-20 17:00:00,795.2969758135337
2012-08-20 18:00:00,589.572280480995
2012-08-20 19:00:00,443.3745847480828
2012-08-20 20:00:00,264.8177743620497
2012-08-20 21:00:00,231.65161271470356
2012-08-20 22:00:00,145.3864386602975
2012-08-20 23:00:00,86.31496442029447
2012-08-21 00:00:00,35.46305841131171
2012-08-21 01:00:00,14.498886112997464
2012-08-21 02:00:00,6.275995555722342
2012-08-21 03:00:00,5.410044843887344
2012-08-21 04:00:00,7.054181327817139
2012-08-21 05:00:00,36.94047530846261
2012-08-21 06:00:00,167.87544853528613
2012-08-21 07:00:00,466.46023057748926
2012-08-21 08:00:00,673.8519879128316
2012-08-21 09:00:00,364.308035782939
2012-08-21 10:00:00,205.77831803057677
2012-08-21 11:00:00,237.58908414182378
2012-08-21 12:00:00,305.69833588743967
2012-08-21 13:00:00,298.93697846071075
2012-08-21 14:00:00,263.3879579837767
2012-08-21 15:00:00,296.6251672242132
2012-08-21 16:00:00,452.0502954689247
2012-08-21 17:00:00,816.2548509227026
2012-08-21 18:00:00,810.9722323799317
2012-08-21 19:00:00,333.9515342717429
2012-08-21 20:00:00,385.86605972972615
2012-08-21 21:00:00,288.7619729784874
2012-08-21 22:00:00,197.01505533168898
2012-08-21 23:00:00,113.07445645516601
2012-08-22 00:00:00,48.658051153530735
2012-08-22 01:00:00,19.736481759494062
2012-08-22 02:00:00,8.594500846448327
2012-08-22 03:00:00,5.948593984355176
2012-08-22 04:00:00,7.47833970438708
2012-08-22 05:00:00,40.32176406826975
2012-08-22 06:00:00,172.25676560314673
2012-08-22 07:00:00,457.12064026598335
2012-08-22 08:00:00,669.0952373063304
2012-08-22 09:00:00,366.65170726807014
2012-08-22 10:00:00,211.16202796025578
2012-08-22 11:00:00,240.37624138826834
2012-08-22 12:00:00,301.8779007596554
2012-08-22 13:00:00,296.9082157507761
2012-08-22 14:00:00,262.4055807000834
2012-08-22 15:00:00,298.8695267792909
2012-08-22 16:00:00,369.24661828519106
2012-08-22 17:00:00,647.0753617019061
2012-08-22 18:00:00,607.4960798017387
2012-08-22 19:00:00,498.23035996466695
2012-08-22 20:00:00,399.75551469133234
2012-08-22 21:00:00,293.031075804006
2012-08-22 22:00:00,221.37118528563806
2012-08-22 23:00:00,128.103928055601
2012-08-23 00:00:00,56.32141363699313
2012-08-23 01:00:00,20.118289519775054
2012-08-23 02:00:00,9.78429752491157
2012-08-23 03:00:00,6.656394715790144
2012-08-23 04:00:00,7.666290918325856
2012-08-23 05:00:00,39.06020377300675
2012-08-23 06:00:00,138.91184763856438
2012-08-23 07:00:00,380.90967651963365
2012-08-23 08:00:00,648.0979374269036
2012-08-23 09:00:00,359.06494816363016
2012-08-23 10:00:00,208.67673730302099
2012-08-23 11:00:00,243.2062298461692
2012-08-23 12:00:00,304.0667340992711
2012-08-23 13:00:00,285.5501350593749
2012-08-23 14:00:00,252.5847417541576
2012-08-23 15:00:00,286.7818025384288
2012-08-23 16:00:00,456.72245060429265
2012-08-23 17:00:00,832.9031941765691
2012-08-23 18:00:00,822.7785285736046
2012-08-23 19:00:00,601.1132598270743
2012-08-23 20:00:00,435.1491814695439
2012-08-23 21:00:00,329.82422822421063
2012-08-23 22:00:00,241.41501841961056
2012-08-23 23:00:00,144.92073591580385
2012-08-24 00:00:00,82.21131733466581
2012-08-24 01:00:00,34.310277608430475
2012-08-24 02:00:00,19.752699890802216
2012-08-24 03:00:00,8.38320522261804
2012-08-24 04:00:00,7.629683011571167
2012-08-24 05:00:00,37.075839391691204
2012-08-24 06:00:00,126.25494856511433
2012-08-24 07:00:00,350.17273704276715
2012-08-24 08:00:00,606.795006855572
2012-08-24 09:00:00,387.2912324100066
2012-08-24 10:00:00,240.52321110931067
2012-08-24 11:00:00,283.0152558306206
2012-08-24 12:00:00,361.3526985425473
2012-08-24 13:00:00,357.1659385589007
2012-08-24 14:00:00,329.5624707764265
2012-08-24 15:00:00,367.044779687276
2012-08-24 16:00:00,526.9831512140129
2012-08-24 17:00:00,759.2580712561164
2012-08-24 18:00:00,561.0067501376047
2012-08-24 19:00:00,481.50476992952576
2012-08-24 20:00:00,337.1455188185944
2012-08-24 21:00:00,283.14209802494594
2012-08-24 22:00:00,249.50514019721982
2012-08-24 23:00:00,193.38273974763416
2012-08-25 00:00:00,159.09020829823106
2012-08-25 01:00:00,112.44426903695535
2012-08-25 02:00:00,85.15164874723756
2012-08-25 03:00:00,39.170410474790046
2012-08-25 04:00:00,12.916376518814353
2012-08-25 05:00:00,12.112732079779889
2012-08-25 06:00:00,28.35053383700632
2012-08-25 07:00:00,65.6351754591261
2012-08-25 08:00:00,172.8240534695607
2012-08-25 09:00:00,285.37453258219097
2012-08-25 10:00:00,401.7405357453924
2012-08-25 11:00:00,492.80696205257897
2012-08-25 12:00:00,448.90959967774836
2012-08-25 13:00:00,567.0688389309197
2012-08-25 14:00:00,371.27315697033225
2012-08-25 15:00:00,424.1191990601737
2012-08-25 16:00:00,455.5093464601712
2012-08-25 17:00:00,454.681368405116
2012-08-25 18:00:00,427.1331405664727
2012-08-25 19:00:00,302.02729844560474
2012-08-25 20:00:00,123.1199105801607
2012-08-25 21:00:00,213.6648764509523
2012-08-25 22:00:00,187.13493802157575
2012-08-25 23:00:00,118.42738540055046
2012-08-26 00:00:00,132.76628200941275
2012-08-26 01:00:00,110.55113827838241
2012-08-26 02:00:00,78.17549711363685
2012-08-26 03:00:00,35.874030859922414
2012-08-26 04:00:00,10.037632894546295
2012-08-26 05:00:00,11.149797226158263
2012-08-26 06:00:00,17.174851639174324
2012-08-26 07:00:00,48.58681127108223
2012-08-26 08:00:00,119.62423360841382
2012-08-26 09:00:00,237.71154510170655
2012-08-26 10:00:00,378.6985600951816
2012-08-26 11:00:00,470.6286657434649
2012-08-26 12:00:00,316.7837096017515
2012-08-26 13:00:00,269.11236709590844
2012-08-26 14:00:00,346.5995512510008
2012-08-26 15:00:00,172.3616098463787
2012-08-26 16:00:00,169.09767682340882
2012-08-26 17:00:00,324.6621519133328
2012-08-26 18:00:00,252.2056387214866
2012-08-26 19:00:00,228.70748821902941
2012-08-26 20:00:00,199.51004531091925
2012-08-26 21:00:00,168.85862248734725
2012-08-26 22:00:00,121.35307543687074
2012-08-26 23:00:00,85.28768763330149
2012-08-27 00:00:00,41.129438638426564
2012-08-27 01:00:00,15.399151638869899
2012-08-27 02:00:00,8.131112806238947
2012-08-27 03:00:00,5.739940183571972
2012-08-27 04:00:00,7.450578368699283
2012-08-27 05:00:00,34.35418917078043
2012-08-27 06:00:00,139.95367811546697
2012-08-27 07:00:00,368.46716599527554
2012-08-27 08:00:00,542.0590186183194
2012-08-27 09:00:00,321.8787159306536
2012-08-27 10:00:00,185.65768976649161
2012-08-27 11:00:00,220.27086789237342
2012-08-27 12:00:00,282.23953047020564
2012-08-27 13:00:00,281.00416431803677
2012-08-27 14:00:00,245.17489567629832
2012-08-27 15:00:00,277.69345662627273
2012-08-27 16:00:00,419.79923307203524
2012-08-27 17:00:00,808.3190167070986
2012-08-27 18:00:00,795.3913451759861
2012-08-27 19:00:00,536.8544514863884
2012-08-27 20:00:00,403.1233580722106
2012-08-27 21:00:00,292.0154803170314
2012-08-27 22:00:00,181.11790017866707
2012-08-27 23:00:00,104.57642145891447
2012-08-28 00:00:00,44.97552174742949
2012-08-28 01:00:00,16.92506654584178
2012-08-28 02:00:00,8.698704791443834
2012-08-28 03:00:00,5.815000601084801
2012-08-28 04:00:00,8.02518552108954
2012-08-28 05:00:00,36.59587137823503
2012-08-28 06:00:00,142.83102219736844
2012-08-28 07:00:00,374.8057082488892
2012-08-28 08:00:00,552.3668482696478
2012-08-28 09:00:00,334.7728495043724
2012-08-28 10:00:00,200.53668159463797
2012-08-28 11:00:00,227.13793813095913
2012-08-28 12:00:00,284.9797827282782
2012-08-28 13:00:00,280.95220414679955
2012-08-28 14:00:00,247.54166324204257
2012-08-28 15:00:00,287.7255192834639
2012-08-28 16:00:00,435.2700170893786
2012-08-28 17:00:00,808.7208626571754
2012-08-28 18:00:00,813.9398835555895
2012-08-28 19:00:00,601.897373247508
2012-08-28 20:00:00,433.29555446938764
2012-08-28 21:00:00,322.8869633503107
2012-08-28 22:00:00,231.6477049364276
2012-08-28 23:00:00,135.25191364690963
2012-08-29 00:00:00,52.94221034231471
2012-08-29 01:00:00,20.168619761672918
2012-08-29 02:00:00,9.040389949281215
2012-08-29 03:00:00,6.063207762742763
2012-08-29 04:00:00,7.305511326526182
2012-08-29 05:00:00,40.565520901952866
2012-08-29 06:00:00,175.97007837579795
2012-08-29 07:00:00,474.277684295703
2012-08-29 08:00:00,716.396379911496
2012-08-29 09:00:00,368.5446625590504
2012-08-29 10:00:00,210.8809029082355
2012-08-29 11:00:00,245.56080045231488
2012-08-29 12:00:00,303.96813903755873
2012-08-29 13:00:00,297.44917575324257
2012-08-29 14:00:00,264.6372905445925
2012-08-29 15:00:00,301.1686543141161
2012-08-29 16:00:00,459.34515930486987
2012-08-29 17:00:00,835.6352392207643
2012-08-29 18:00:00,829.5822276620692
2012-08-29 19:00:00,602.0401624249357
2012-08-29 20:00:00,429.52339346252586
2012-08-29 21:00:00,326.37839282327604
2012-08-29 22:00:00,239.27889767456548
2012-08-29 23:00:00,150.63733895897275
2012-08-30 00:00:00,57.34549910088601
2012-08-30 01:00:00,22.18709037431741
2012-08-30 02:00:00,10.421646917233588
2012-08-30 03:00:00,6.501366119072032
2012-08-30 04:00:00,7.820183017147881
2012-08-30 05:00:00,41.02276858982643
2012-08-30 06:00:00,174.5126119767217
2012-08-30 07:00:00,462.4697853769254
2012-08-30 08:00:00,679.7594221801801
2012-08-30 09:00:00,367.6079979077865
2012-08-30 10:00:00,212.06855978826087
2012-08-30 11:00:00,244.7411033487328
2012-08-30 12:00:00,306.68371458769695
2012-08-30 13:00:00,299.23266016435986
2012-08-30 14:00:00,264.2629986940137
2012-08-30 15:00:00,286.7861965018703
2012-08-30 16:00:00,432.5702258388958
2012-08-30 17:00:00,812.1102398810019
2012-08-30 18:00:00,814.5521523690778
2012-08-30 19:00:00,604.1182715924296
2012-08-30 20:00:00,434.3036846316759
2012-08-30 21:00:00,325.22215915897334
2012-08-30 22:00:00,236.1325773363895
2012-08-30 23:00:00,151.5953120046778
2012-08-31 00:00:00,85.60530470637853
2012-08-31 01:00:00,38.057992245803085
2012-08-31 02:00:00,17.050722863666643
2012-08-31 03:00:00,8.381404521083427
2012-08-31 04:00:00,8.017284901381313
2012-08-31 05:00:00,35.68677173524366
2012-08-31 06:00:00,127.48784620039942
2012-08-31 07:00:00,313.27876821057225
2012-08-31 08:00:00,600.2619891885736
2012-08-31 09:00:00,382.78244024081846
2012-08-31 10:00:00,234.94329840566718
2012-08-31 11:00:00,274.5251687999122
2012-08-31 12:00:00,351.6787027103584
2012-08-31 13:00:00,350.13455438405356
2012-08-31 14:00:00,325.6107602899065
2012-08-31 15:00:00,332.64384903647993
2012-08-31 16:00:00,465.8559047310809
2012-08-31 17:00:00,714.1146983842177
2012-08-31 18:00:00,623.937316649703
2012-08-31 19:00:00,489.4966670501272
2012-08-31 20:00:00,351.49546187409896
2012-08-31 21:00:00,290.40329449420335
2012-08-31 22:00:00,260.23395380085776
2012-08-31 23:00:00,210.82480212549348
2012-09-20 00:00:00,56.50459991472998
2012-09-20 01:00:00,21.068043905077616
2012-09-20 02:00:00,10.823401729954679
2012-09-20 03:00:00,6.99889749687828
2012-09-20 04:00:00,7.985969303846463
2012-09-20 05:00:00,40.55423702770469
2012-09-20 06:00:00,171.2286883712638
2012-09-20 07:00:00,447.3024336047312
2012-09-20 08:00:00,768.3154890661534
2012-09-20 09:00:00,391.370931056453
2012-09-20 10:00:00,213.30077755687242
2012-09-20 11:00:00,251.2660010629391
2012-09-20 12:00:00,319.26283638939145
2012-09-20 13:00:00,311.47081159707386
2012-09-20 14:00:00,271.0832967993503
2012-09-20 15:00:00,313.11996930807
2012-09-20 16:00:00,464.09790164362636
2012-09-20 17:00:00,840.6524002282833
2012-09-20 18:00:00,818.463829968079
2012-09-20 19:00:00,552.9677211957007
2012-09-20 20:00:00,406.35181202328937
2012-09-20 21:00:00,306.54919684954046
2012-09-20 22:00:00,218.6435665796425
2012-09-20 23:00:00,141.80642792739627
2012-09-21 00:00:00,84.41926795262287
2012-09-21 01:00:00,39.426883703898355
2012-09-21 02:00:00,20.36155492611256
2012-09-21 03:00:00,9.423551559074564
2012-09-21 04:00:00,9.273393440800376
2012-09-21 05:00:00,39.72052160424007
2012-09-21 06:00:00,161.97745362511546
2012-09-21 07:00:00,418.0739168544163
2012-09-21 08:00:00,718.9708244282826
2012-09-21 09:00:00,423.8427641982069
2012-09-21 10:00:00,251.65776104992585
2012-09-21 11:00:00,300.8328635349594
2012-09-21 12:00:00,378.7397134136863
2012-09-21 13:00:00,383.9484824893017
2012-09-21 14:00:00,350.17171782617675
2012-09-21 15:00:00,386.1648074753635
2012-09-21 16:00:00,559.7092970575611
2012-09-21 17:00:00,783.7152749642025
2012-09-21 18:00:00,638.4042856711246
2012-09-21 19:00:00,480.74070023561706
2012-09-21 20:00:00,330.4362719825367
2012-09-21 21:00:00,255.1014634178361
2012-09-21 22:00:00,225.12847114514662
2012-09-21 23:00:00,181.2941558391163
2012-09-22 00:00:00,149.69699344311454
2012-09-22 01:00:00,103.36021015941591
2012-09-22 02:00:00,76.17358474774332
2012-09-22 03:00:00,35.198958416136875
2012-09-22 04:00:00,11.560248223288767
2012-09-22 05:00:00,13.178681435362734
2012-09-22 06:00:00,28.58140534464569
2012-09-22 07:00:00,76.21258279273096
2012-09-22 08:00:00,190.29766900467934
2012-09-22 09:00:00,306.57227704258094
2012-09-22 10:00:00,432.977001989198
2012-09-22 11:00:00,542.7129279759217
2012-09-22 12:00:00,604.703018075287
2012-09-22 13:00:00,607.5998754596083
2012-09-22 14:00:00,599.4602202313671
2012-09-22 15:00:00,597.8869265211608
2012-09-22 16:00:00,603.5576787187601
2012-09-22 17:00:00,584.2945293560891
2012-09-22 18:00:00,508.02444471457807
2012-09-22 19:00:00,429.1636164167363
2012-09-22 20:00:00,338.7853150376895
2012-09-22 21:00:00,288.7691215441638
2012-09-22 22:00:00,243.17904438284495
2012-09-22 23:00:00,185.71598274728257
2012-09-23 00:00:00,156.2578676753592
2012-09-23 01:00:00,108.35352377266462
2012-09-23 02:00:00,84.43839110328318
2012-09-23 03:00:00,37.38250808057826
2012-09-23 04:00:00,11.646034356533338
2012-09-23 05:00:00,11.25855222345349
2012-09-23 06:00:00,20.910048304342233
2012-09-23 07:00:00,57.171647159971876
2012-09-23 08:00:00,126.06144549856633
2012-09-23 09:00:00,252.80421707104693
2012-09-23 10:00:00,408.07523607793553
2012-09-23 11:00:00,498.4107064340101
2012-09-23 12:00:00,566.7063962567563
2012-09-23 13:00:00,614.9346044038869
2012-09-23 14:00:00,604.7882365346468
2012-09-23 15:00:00,602.5228368230875
2012-09-23 16:00:00,600.0229644753922
2012-09-23 17:00:00,516.4794497603884
2012-09-23 18:00:00,431.1059265061344
2012-09-23 19:00:00,344.2222625261436
2012-09-23 20:00:00,258.98829678456536
2012-09-23 21:00:00,173.51559602975976
2012-09-23 22:00:00,139.44855329082625
2012-09-23 23:00:00,88.31268775359624
2012-09-24 00:00:00,39.17472310225558
2012-09-24 01:00:00,15.170816079004494
2012-09-24 02:00:00,6.651584616124644
2012-09-24 03:00:00,5.079284662402676
2012-09-24 04:00:00,6.8422815358359115
2012-09-24 05:00:00,37.2271415852081
2012-09-24 06:00:00,160.45893355039385
2012-09-24 07:00:00,438.647995934575
2012-09-24 08:00:00,739.6145503350133
2012-09-24 09:00:00,379.028030947199
2012-09-24 10:00:00,199.37833405589558
2012-09-24 11:00:00,236.7498714922972
2012-09-24 12:00:00,316.3849167219063
2012-09-24 13:00:00,314.25964977871433
2012-09-24 14:00:00,273.8489470248936
2012-09-24 15:00:00,317.1840790128228
2012-09-24 16:00:00,454.95423546553263
2012-09-24 17:00:00,805.2023899453827
2012-09-24 18:00:00,764.7283279587338
2012-09-24 19:00:00,541.5133431147949
2012-09-24 20:00:00,385.5636493759223
2012-09-24 21:00:00,279.4405707046468
2012-09-24 22:00:00,176.53175776590305
2012-09-24 23:00:00,97.51861163830259
2012-09-25 00:00:00,41.52579981820328
2012-09-25 01:00:00,15.062812345078346
2012-09-25 02:00:00,8.514304175696893
2012-09-25 03:00:00,4.663011812308324
2012-09-25 04:00:00,6.691325308008139
2012-09-25 05:00:00,37.25259293409657
2012-09-25 06:00:00,161.60778502979338
2012-09-25 07:00:00,441.29961339123497
2012-09-25 08:00:00,740.9501425200312
2012-09-25 09:00:00,383.23210288274845
2012-09-25 10:00:00,207.46801816551312
2012-09-25 11:00:00,246.31560345435835
2012-09-25 12:00:00,316.39134692874507
2012-09-25 13:00:00,310.3340110708381
2012-09-25 14:00:00,272.1275368788152
2012-09-25 15:00:00,316.9257647169053
2012-09-25 16:00:00,473.8200089523525
2012-09-25 17:00:00,854.2571184842245
2012-09-25 18:00:00,843.4103870386823
2012-09-25 19:00:00,598.0143831465358
2012-09-25 20:00:00,418.9664956083029
2012-09-25 21:00:00,311.0139803048668
2012-09-25 22:00:00,224.89927936864643
2012-09-25 23:00:00,124.76040161796405
2012-09-26 00:00:00,50.98580326184594
2012-09-26 01:00:00,20.023744588301195
2012-09-26 02:00:00,7.805426043211705
2012-09-26 03:00:00,5.310171611550355
2012-09-26 04:00:00,7.003438191744321
2012-09-26 05:00:00,39.55777102271723
2012-09-26 06:00:00,178.04410797047507
2012-09-26 07:00:00,482.2920539894941
2012-09-26 08:00:00,698.9662314060695
2012-09-26 09:00:00,390.2758830392729
2012-09-26 10:00:00,208.97101452547633
2012-09-26 11:00:00,248.48256180704027
2012-09-26 12:00:00,312.09312934236146
2012-09-26 13:00:00,305.6309162849786
2012-09-26 14:00:00,266.7291328249708
2012-09-26 15:00:00,304.62491469910714
2012-09-26 16:00:00,459.84633206495783
2012-09-26 17:00:00,838.3786067654166
2012-09-26 18:00:00,835.9045323983396
2012-09-26 19:00:00,607.1154942345805
2012-09-26 20:00:00,421.20143815488007
2012-09-26 21:00:00,325.83743832338143
2012-09-26 22:00:00,181.0980264882131
2012-09-26 23:00:00,120.02592285235932
2012-09-27 00:00:00,58.034440901973966
2012-09-27 01:00:00,22.42265642254896
2012-09-27 02:00:00,10.634757471893714
2012-09-27 03:00:00,6.594582305743566
2012-09-27 04:00:00,7.65630608078796
2012-09-27 05:00:00,39.05701895584488
2012-09-27 06:00:00,167.64598814511783
2012-09-27 07:00:00,465.51097452384266
2012-09-27 08:00:00,692.0266205389871
2012-09-27 09:00:00,378.5659876523965
2012-09-27 10:00:00,210.38206563865677
2012-09-27 11:00:00,243.65904344464477
2012-09-27 12:00:00,307.6054634005036
2012-09-27 13:00:00,298.64427421358187
2012-09-27 14:00:00,263.82489256588
2012-09-27 15:00:00,297.1441609752604
2012-09-27 16:00:00,441.15475745156004
2012-09-27 17:00:00,740.4357777748879
2012-09-27 18:00:00,715.7212308241449
2012-09-27 19:00:00,578.1203632708997
2012-09-27 20:00:00,396.16935729163686
2012-09-27 21:00:00,181.72134802680804
2012-09-27 22:00:00,152.02478909775934
2012-09-27 23:00:00,106.54699060382322
2012-09-28 00:00:00,58.29712387527811
2012-09-28 01:00:00,28.138309014908955
2012-09-28 02:00:00,11.84208220371248
2012-09-28 03:00:00,7.622012903725272
2012-09-28 04:00:00,5.629651315092503
2012-09-28 05:00:00,34.42128392866323
2012-09-28 06:00:00,131.60817341512242
2012-09-28 07:00:00,301.36536447029755
2012-09-28 08:00:00,536.4993136471951
2012-09-28 09:00:00,340.1972994255116
2012-09-28 10:00:00,215.99648760003137
2012-09-28 11:00:00,282.07883459501693
2012-09-28 12:00:00,375.0230231766807
2012-09-28 13:00:00,378.4421143848462
2012-09-28 14:00:00,347.9713685539052
2012-09-28 15:00:00,375.8886485988046
2012-09-28 16:00:00,548.0725850976096
2012-09-28 17:00:00,768.0260163182766
2012-09-28 18:00:00,642.6259891776239
2012-09-28 19:00:00,400.8518844846694
2012-09-28 20:00:00,288.45324421671046
2012-09-28 21:00:00,221.55380406129274
2012-09-28 22:00:00,226.23361517839567
2012-09-28 23:00:00,173.70822254992515
2012-09-29 00:00:00,155.3618196409597
2012-09-29 01:00:00,109.1147141702537
2012-09-29 02:00:00,77.18005623348614
2012-09-29 03:00:00,33.60917776896612
2012-09-29 04:00:00,11.800906690097053
2012-09-29 05:00:00,12.497289533796202
2012-09-29 06:00:00,29.76977519777843
2012-09-29 07:00:00,75.03777820886683
2012-09-29 08:00:00,189.50414874622044
2012-09-29 09:00:00,293.35607870727415
2012-09-29 10:00:00,419.9862057342473
2012-09-29 11:00:00,515.8406186398861
2012-09-29 12:00:00,636.3446224562592
2012-09-29 13:00:00,639.4404071836584
2012-09-29 14:00:00,639.654123304823
2012-09-29 15:00:00,627.2288409920218
2012-09-29 16:00:00,628.7817158707785
2012-09-29 17:00:00,608.4081125325622
2012-09-29 18:00:00,468.7138533984962
2012-09-29 19:00:00,374.9713043108492
2012-09-29 20:00:00,288.0186336950369
2012-09-29 21:00:00,248.9448300777396
2012-09-29 22:00:00,206.37265466622398
2012-09-29 23:00:00,162.2269059349444
2012-09-30 00:00:00,143.09563437788796
2012-09-30 01:00:00,113.26322675116221
2012-09-30 02:00:00,85.7181015652232
2012-09-30 03:00:00,40.77344735845982
2012-09-30 04:00:00,12.774666994022423
2012-09-30 05:00:00,11.520715364888321
2012-09-30 06:00:00,21.60447503528871
2012-09-30 07:00:00,55.18471491229934
2012-09-30 08:00:00,126.44186528269073
2012-09-30 09:00:00,262.92033295305566
2012-09-30 10:00:00,409.71139212542465
2012-09-30 11:00:00,542.8908101043806
2012-09-30 12:00:00,605.3757992053099
2012-09-30 13:00:00,608.6211256132394
2012-09-30 14:00:00,595.88085924396
2012-09-30 15:00:00,599.6431599630457
2012-09-30 16:00:00,600.9553613379258
2012-09-30 17:00:00,576.6360498778295
2012-09-30 18:00:00,399.5350867412188
2012-09-30 19:00:00,228.6618652984568
2012-09-30 20:00:00,161.89750045869127
2012-09-30 21:00:00,169.66591951236782
2012-09-30 22:00:00,124.79828550159118
2012-09-30 23:00:00,90.83540315757242
2012-10-20 00:00:00,149.14417718446634
2012-10-20 01:00:00,106.27450907810174
2012-10-20 02:00:00,79.45389357120868
2012-10-20 03:00:00,34.6441354078345
2012-10-20 04:00:00,11.83186559314757
2012-10-20 05:00:00,11.208584426257932
2012-10-20 06:00:00,27.483127769309696
2012-10-20 07:00:00,73.20794070221746
2012-10-20 08:00:00,186.8586326805677
2012-10-20 09:00:00,292.71463759001665
2012-10-20 10:00:00,419.1038958874624
2012-10-20 11:00:00,516.5615946607649
2012-10-20 12:00:00,587.4007863836505
2012-10-20 13:00:00,599.782608490394
2012-10-20 14:00:00,592.5647704141301
2012-10-20 15:00:00,584.0301501771611
2012-10-20 16:00:00,576.3437953687802
2012-10-20 17:00:00,543.9274481652528
2012-10-20 18:00:00,463.82880653799805
2012-10-20 19:00:00,368.20845121942517
2012-10-20 20:00:00,279.8248653387489
2012-10-20 21:00:00,229.03914588516707
2012-10-20 22:00:00,185.08650258683969
2012-10-20 23:00:00,153.4854210071741
2012-10-21 00:00:00,128.85499214768873
2012-10-21 01:00:00,106.1063775697174
2012-10-21 02:00:00,82.5289599302522
2012-10-21 03:00:00,36.45718062637671
2012-10-21 04:00:00,12.272696149893658
2012-10-21 05:00:00,10.840778028361548
2012-10-21 06:00:00,19.199299865617114
2012-10-21 07:00:00,57.30661585474789
2012-10-21 08:00:00,120.39528398343245
2012-10-21 09:00:00,240.9106540326843
2012-10-21 10:00:00,377.8406274098518
2012-10-21 11:00:00,502.9648222578745
2012-10-21 12:00:00,571.271288168336
2012-10-21 13:00:00,579.1136340498765
2012-10-21 14:00:00,567.9164533807865
2012-10-21 15:00:00,562.9297702634876
2012-10-21 16:00:00,543.5246618876492
2012-10-21 17:00:00,493.60635571977537
2012-10-21 18:00:00,421.14552747025675
2012-10-21 19:00:00,326.53148559809597
2012-10-21 20:00:00,237.10943021561087
2012-10-21 21:00:00,154.4574238756752
2012-10-21 22:00:00,118.83723367353205
2012-10-21 23:00:00,84.33670877928749
2012-10-22 00:00:00,34.55349260397951
2012-10-22 01:00:00,13.384582745355411
2012-10-22 02:00:00,6.9765508993386565
2012-10-22 03:00:00,4.623067933774348
2012-10-22 04:00:00,6.832577047342223
2012-10-22 05:00:00,34.61332356664192
2012-10-22 06:00:00,147.02555862842456
2012-10-22 07:00:00,417.03430004749316
2012-10-22 08:00:00,720.6268178328946
2012-10-22 09:00:00,357.7330273798715
2012-10-22 10:00:00,197.0391968017616
2012-10-22 11:00:00,235.55518873979688
2012-10-22 12:00:00,319.26082160283653
2012-10-22 13:00:00,316.05059565514625
2012-10-22 14:00:00,272.63832591721433
2012-10-22 15:00:00,316.6307348153025
2012-10-22 16:00:00,474.2932823257
2012-10-22 17:00:00,855.3430499899648
2012-10-22 18:00:00,749.9143772181396
2012-10-22 19:00:00,533.3159321260243
2012-10-22 20:00:00,366.12650249462547
2012-10-22 21:00:00,274.52803662896605
2012-10-22 22:00:00,161.41513548581509
2012-10-22 23:00:00,95.29172488759784
2012-10-23 00:00:00,40.37286832254009
2012-10-23 01:00:00,15.960092368769205
2012-10-23 02:00:00,7.546220591855262
2012-10-23 03:00:00,5.7544466478300755
2012-10-23 04:00:00,7.641023413885747
2012-10-23 05:00:00,37.34706626158009
2012-10-23 06:00:00,160.21329875993237
2012-10-23 07:00:00,417.6909663872142
2012-10-23 08:00:00,708.5681185412991
2012-10-23 09:00:00,358.2231481910187
2012-10-23 10:00:00,207.2043018612872
2012-10-23 11:00:00,245.85656353175273
2012-10-23 12:00:00,312.0794745974962
2012-10-23 13:00:00,304.3711390354034
2012-10-23 14:00:00,272.607161514758
2012-10-23 15:00:00,313.3468854773614
2012-10-23 16:00:00,473.50246251402774
2012-10-23 17:00:00,852.8201798196715
2012-10-23 18:00:00,831.0551125965785
2012-10-23 19:00:00,598.1570488916836
2012-10-23 20:00:00,405.637515305978
2012-10-23 21:00:00,290.8159003032333
2012-10-23 22:00:00,206.63513565419044
2012-10-23 23:00:00,117.72272603724674
2012-10-24 00:00:00,50.39538262678305
2012-10-24 01:00:00,18.723571564271765
2012-10-24 02:00:00,8.61354459742902
2012-10-24 03:00:00,6.026205349008107
2012-10-24 04:00:00,7.48610839344603
2012-10-24 05:00:00,39.40795798811232
2012-10-24 06:00:00,175.77053963181964
2012-10-24 07:00:00,413.4927480071508
2012-10-24 08:00:00,574.3025330510247
2012-10-24 09:00:00,359.96460749477086
2012-10-24 10:00:00,193.41542710816168
2012-10-24 11:00:00,244.92462288894956
2012-10-24 12:00:00,317.79450344965625
2012-10-24 13:00:00,308.43133920468915
2012-10-24 14:00:00,277.97554066112014
2012-10-24 15:00:00,318.4038012025896
2012-10-24 16:00:00,481.8867393678021
2012-10-24 17:00:00,851.4944008246243
2012-10-24 18:00:00,838.7042054189403
2012-10-24 19:00:00,580.6867665691381
2012-10-24 20:00:00,405.77328478163713
2012-10-24 21:00:00,307.75018105924585
2012-10-24 22:00:00,229.7159677038764
2012-10-24 23:00:00,128.4197294010599
2012-10-25 00:00:00,57.17690479252039
2012-10-25 01:00:00,22.500009238594444
2012-10-25 02:00:00,10.536362714975393
2012-10-25 03:00:00,5.27292821906825
2012-10-25 04:00:00,6.526193011280378
2012-10-25 05:00:00,34.94158325512834
2012-10-25 06:00:00,150.0236800515662
2012-10-25 07:00:00,389.3549720101518
2012-10-25 08:00:00,580.1635622224949
2012-10-25 09:00:00,332.29341840296405
2012-10-25 10:00:00,177.83480785792358
2012-10-25 11:00:00,191.71193867152311
2012-10-25 12:00:00,263.88458198247747
2012-10-25 13:00:00,249.48280223224543
2012-10-25 14:00:00,261.188826775023
2012-10-25 15:00:00,315.3368935996279
2012-10-25 16:00:00,447.49076561665487
2012-10-25 17:00:00,757.5643814629366
2012-10-25 18:00:00,520.006702742451
2012-10-25 19:00:00,414.80506899211605
2012-10-25 20:00:00,288.01426334307564
2012-10-25 21:00:00,211.89761240767214
2012-10-25 22:00:00,180.03919430825897
2012-10-25 23:00:00,120.5887417794404
2012-10-26 00:00:00,74.11347088718614
2012-10-26 01:00:00,30.776485869987415
2012-10-26 02:00:00,13.256951880684493
2012-10-26 03:00:00,6.643853029557096
2012-10-26 04:00:00,6.8829734166793415
2012-10-26 05:00:00,32.11806823210068
2012-10-26 06:00:00,133.38022451444368
2012-10-26 07:00:00,339.7637857756235
2012-10-26 08:00:00,529.014931164292
2012-10-26 09:00:00,344.2673721704243
2012-10-26 10:00:00,183.52103643269209
2012-10-26 11:00:00,251.80629113335814
2012-10-26 12:00:00,343.40238881319675
2012-10-26 13:00:00,356.2931144268842
2012-10-26 14:00:00,342.7952435106786
2012-10-26 15:00:00,378.4075782033012
2012-10-26 16:00:00,461.6972276673051
2012-10-26 17:00:00,569.1685304476664
2012-10-26 18:00:00,443.9670610526945
2012-10-26 19:00:00,321.0790955095813
2012-10-26 20:00:00,224.92572143397786
2012-10-26 21:00:00,221.47739291511462
2012-10-26 22:00:00,170.82713014399076
2012-10-26 23:00:00,166.9461998302341
2012-10-27 00:00:00,145.04183408203104
2012-10-27 01:00:00,95.58372157850624
2012-10-27 02:00:00,70.66375662966723
2012-10-27 03:00:00,35.18029409211642
2012-10-27 04:00:00,10.600955259840696
2012-10-27 05:00:00,10.456739135205666
2012-10-27 06:00:00,25.857125930986882
2012-10-27 07:00:00,73.25682188227015
2012-10-27 08:00:00,185.35013254282225
2012-10-27 09:00:00,283.89764398625596
2012-10-27 10:00:00,398.170085230277
2012-10-27 11:00:00,513.2937433245793
2012-10-27 12:00:00,620.0694956491743
2012-10-27 13:00:00,641.6042886813811
2012-10-27 14:00:00,622.7026013608839
2012-10-27 15:00:00,520.81279897593
2012-10-27 16:00:00,515.0413957214515
2012-10-27 17:00:00,495.1170475611292
2012-10-27 18:00:00,431.5138650247583
2012-10-27 19:00:00,342.5506029254715
2012-10-27 20:00:00,260.9228565307365
2012-10-27 21:00:00,222.3406477376324
2012-10-27 22:00:00,183.19643882154432
2012-10-27 23:00:00,138.50614158604014
2012-10-28 00:00:00,106.51102251389257
2012-10-28 01:00:00,100.70453620342603
2012-10-28 02:00:00,75.30604830188997
2012-10-28 03:00:00,36.08488762001477
2012-10-28 04:00:00,11.23624860078443
2012-10-28 05:00:00,10.358045618184535
2012-10-28 06:00:00,20.229185071424464
2012-10-28 07:00:00,50.149406584228835
2012-10-28 08:00:00,115.43734426502289
2012-10-28 09:00:00,224.3854575336485
2012-10-28 10:00:00,320.1896621356528
2012-10-28 11:00:00,417.4196592608048
2012-10-28 12:00:00,442.6916488125089
2012-10-28 13:00:00,448.42936501712325
2012-10-28 14:00:00,438.0618085571483
2012-10-28 15:00:00,428.6247180765796
2012-10-28 16:00:00,271.7540723700696
2012-10-28 17:00:00,209.34852372301134
2012-10-28 18:00:00,106.59532435130646
2012-10-28 19:00:00,117.02329731639885
2012-10-28 20:00:00,85.30341363014341
2012-10-28 21:00:00,84.8170656496341
2012-10-28 22:00:00,70.05207971321212
2012-10-28 23:00:00,50.567600827075424
2012-10-29 00:00:00,24.728053803073962
2012-10-30 13:00:00,84.22498788803306
2012-10-30 14:00:00,77.02125719582646
2012-10-30 15:00:00,79.99680648050554
2012-10-30 16:00:00,119.27403077301659
2012-10-30 17:00:00,266.80981813382283
2012-10-30 18:00:00,308.25688650216125
2012-10-30 19:00:00,476.7633081785921
2012-10-30 20:00:00,239.79341509682723
2012-10-30 21:00:00,163.83415188730274
2012-10-30 22:00:00,142.1911058681694
2012-10-30 23:00:00,91.28807965260987
2012-10-31 00:00:00,35.27203976559852
2012-10-31 01:00:00,14.374114109869014
2012-10-31 02:00:00,6.581419537677202
2012-10-31 03:00:00,4.454939862431769
2012-10-31 04:00:00,5.769365852636433
2012-10-31 05:00:00,33.6280411034932
2012-10-31 06:00:00,149.55526691744316
2012-10-31 07:00:00,391.09237286886946
2012-10-31 08:00:00,714.2428887653734
2012-10-31 09:00:00,342.596191661958
2012-10-31 10:00:00,170.12373061912274
2012-10-31 11:00:00,188.3553594589874
2012-10-31 12:00:00,257.7969492128665
2012-10-31 13:00:00,255.68725544019117
2012-10-31 14:00:00,217.36464329287006
2012-10-31 15:00:00,256.6517787240121
2012-10-31 16:00:00,350.20556511852004
2012-10-31 17:00:00,679.8524526121593
2012-10-31 18:00:00,665.1443533468171
2012-10-31 19:00:00,437.9946514756281
2012-10-31 20:00:00,311.40110358740776
2012-10-31 21:00:00,230.56165124158883
2012-10-31 22:00:00,166.66839359091512
2012-10-31 23:00:00,112.15618086308248
2012-11-20 00:00:00,30.756138559763624
2012-11-20 01:00:00,13.437335039098333
2012-11-20 02:00:00,5.885385823942716
2012-11-20 03:00:00,4.216732664563056
2012-11-20 04:00:00,7.072792045164128
2012-11-20 05:00:00,32.45715548046485
2012-11-20 06:00:00,138.13382584454547
2012-11-20 07:00:00,403.1301632877826
2012-11-20 08:00:00,679.1571885933624
2012-11-20 09:00:00,313.78142501657965
2012-11-20 10:00:00,163.3806184847474
2012-11-20 11:00:00,187.8865570129783
2012-11-20 12:00:00,231.71748566443426
2012-11-20 13:00:00,234.43494119260478
2012-11-20 14:00:00,212.65330576519688
2012-11-20 15:00:00,254.31869308999637
2012-11-20 16:00:00,331.6909456885992
2012-11-20 17:00:00,634.8607356362166
2012-11-20 18:00:00,624.4288838215309
2012-11-20 19:00:00,413.2812760173582
2012-11-20 20:00:00,268.78672712144413
2012-11-20 21:00:00,216.78573066235128
2012-11-20 22:00:00,157.40965620997235
2012-11-20 23:00:00,91.45089058914164
2012-11-21 00:00:00,36.11315384224882
2012-11-21 01:00:00,14.812637826058424
2012-11-21 02:00:00,6.510505287306993
2012-11-21 03:00:00,4.396293623648625
2012-11-21 04:00:00,5.700777312523281
2012-11-21 05:00:00,31.81092138748788
2012-11-21 06:00:00,140.7925833786112
2012-11-21 07:00:00,377.70598922704187
2012-11-21 08:00:00,658.6074639352398
2012-11-21 09:00:00,324.4946805645927
2012-11-21 10:00:00,174.53073028800108
2012-11-21 11:00:00,200.01373639219082
2012-11-21 12:00:00,255.5582357365427
2012-11-21 13:00:00,247.6488120855388
2012-11-21 14:00:00,241.00093886412463
2012-11-21 15:00:00,269.16722376354073
2012-11-21 16:00:00,354.2485905309642
2012-11-21 17:00:00,662.2953708256446
2012-11-21 18:00:00,654.0647781473922
2012-11-21 19:00:00,412.6483758060874
2012-11-21 20:00:00,285.18248545506185
2012-11-21 21:00:00,216.7077116918738
2012-11-21 22:00:00,152.7945799398179
2012-11-21 23:00:00,101.19131231476379
2012-11-22 00:00:00,79.6109763398854
2012-11-22 01:00:00,47.48816429741913
2012-11-22 02:00:00,33.72640207095451
2012-11-22 03:00:00,15.720892789160356
2012-11-22 04:00:00,9.985445422441712
2012-11-22 05:00:00,11.005844813842765
2012-11-22 06:00:00,37.58773461751467
2012-11-22 07:00:00,86.02439548085863
2012-11-22 08:00:00,207.1693260610063
2012-11-22 09:00:00,296.97603228256816
2012-11-22 10:00:00,300.9771927229418
2012-11-22 11:00:00,383.1824101489732
2012-11-22 12:00:00,415.5590092936699
2012-11-22 13:00:00,425.24131195322485
2012-11-22 14:00:00,432.35004503447453
2012-11-22 15:00:00,430.02054466575686
2012-11-22 16:00:00,450.7735322405596
2012-11-22 17:00:00,449.94890736960923
2012-11-22 18:00:00,360.913968663388
2012-11-22 19:00:00,284.1075423600298
2012-11-22 20:00:00,212.28492342893333
2012-11-22 21:00:00,176.83965030980175
2012-11-22 22:00:00,151.56303756446655
2012-11-22 23:00:00,108.10416933361529
2012-11-23 00:00:00,58.16201831268975
2012-11-23 01:00:00,27.241191027995626
2012-11-23 02:00:00,11.710834378737832
2012-11-23 03:00:00,5.166501578897715
2012-11-23 04:00:00,6.139758474912781
2012-11-23 05:00:00,27.12634101804062
2012-11-23 06:00:00,120.79113001946253
2012-11-23 07:00:00,323.2095576667728
2012-11-23 08:00:00,613.2546277060126
2012-11-23 09:00:00,344.36182229974776
2012-11-23 10:00:00,191.12382646033961
2012-11-23 11:00:00,234.96006515321295
2012-11-23 12:00:00,309.7283302018255
2012-11-23 13:00:00,323.61730465362217
2012-11-23 14:00:00,325.14385961475716
2012-11-23 15:00:00,334.1451441716258
2012-11-23 16:00:00,440.17191353317526
2012-11-23 17:00:00,679.9441838266964
2012-11-23 18:00:00,525.4385390470543
2012-11-23 19:00:00,379.8729997059177
2012-11-23 20:00:00,279.8283505367898
2012-11-23 21:00:00,223.6121466740034
2012-11-23 22:00:00,176.78808700915198
2012-11-23 23:00:00,143.87476265144988
2012-11-24 00:00:00,114.68767994101111
2012-11-24 01:00:00,79.0978610672875
2012-11-24 02:00:00,60.18474920715065
2012-11-24 03:00:00,25.229163820627015
2012-11-24 04:00:00,9.50909785838121
2012-11-24 05:00:00,8.856609050664538
2012-11-24 06:00:00,19.95111321815575
2012-11-24 07:00:00,54.24592419813155
2012-11-24 08:00:00,135.7504741930028
2012-11-24 09:00:00,210.4190054316643
2012-11-24 10:00:00,285.6693341595451
2012-11-24 11:00:00,354.77009375370733
2012-11-24 12:00:00,387.52913141814264
2012-11-24 13:00:00,439.7302735910133
2012-11-24 14:00:00,420.81285262053416
2012-11-24 15:00:00,406.50276642623373
2012-11-24 16:00:00,392.48869416193486
2012-11-24 17:00:00,324.10842762434004
2012-11-24 18:00:00,268.56103081429524
2012-11-24 19:00:00,226.09598993687462
2012-11-24 20:00:00,167.8677629832833
2012-11-24 21:00:00,146.55455038721004
2012-11-24 22:00:00,123.47661033581127
2012-11-24 23:00:00,99.4072350065766
2012-11-25 00:00:00,88.34187042164774
2012-11-25 01:00:00,79.75585395288871
2012-11-25 02:00:00,59.78951827987905
2012-11-25 03:00:00,28.039388624249682
2012-11-25 04:00:00,10.726282025699192
2012-11-25 05:00:00,8.52845258635492
2012-11-25 06:00:00,15.229538422931634
2012-11-25 07:00:00,39.89764791516248
2012-11-25 08:00:00,85.03562245656681
2012-11-25 09:00:00,155.23367578206648
2012-11-25 10:00:00,250.3140116235843
2012-11-25 11:00:00,317.6473857882268
2012-11-25 12:00:00,375.8641213331224
2012-11-25 13:00:00,375.0252760802673
2012-11-25 14:00:00,372.9647390488699
2012-11-25 15:00:00,381.087342804626
2012-11-25 16:00:00,365.53305509850077
2012-11-25 17:00:00,289.30420742438724
2012-11-25 18:00:00,224.97973857805715
2012-11-25 19:00:00,186.76428604273337
2012-11-25 20:00:00,139.30106851874203
2012-11-25 21:00:00,110.76026014596525
2012-11-25 22:00:00,86.98910963158022
2012-11-25 23:00:00,55.85028006442099
2012-11-26 00:00:00,26.797494920473834
2012-11-26 01:00:00,10.1434094744989
2012-11-26 02:00:00,5.860175474651747
2012-11-26 03:00:00,3.7808869837302113
2012-11-26 04:00:00,5.622836786888344
2012-11-26 05:00:00,31.58523139049696
2012-11-26 06:00:00,125.44279416089603
2012-11-26 07:00:00,376.3379932733304
2012-11-26 08:00:00,653.9902815580792
2012-11-26 09:00:00,309.81639382463635
2012-11-26 10:00:00,158.32340312122506
2012-11-26 11:00:00,189.55510415218262
2012-11-26 12:00:00,252.41211085931857
2012-11-26 13:00:00,246.1094000841327
2012-11-26 14:00:00,222.20435250336322
2012-11-26 15:00:00,246.13584169564456
2012-11-26 16:00:00,353.6061960777137
2012-11-26 17:00:00,677.01028591133
2012-11-26 18:00:00,601.5573429928315
2012-11-26 19:00:00,406.8263304954297
2012-11-26 20:00:00,279.95012881060256
2012-11-26 21:00:00,207.72250686508124
2012-11-26 22:00:00,133.9412140963696
2012-11-26 23:00:00,79.36351264416606
2012-11-27 00:00:00,28.941395638744492
2012-11-27 01:00:00,12.994370017795234
2012-11-27 02:00:00,5.930927566216579
2012-11-27 03:00:00,3.5650009009050216
2012-11-27 04:00:00,6.044622714105023
2012-11-27 05:00:00,30.612167008517424
2012-11-27 06:00:00,133.5201219467451
2012-11-27 07:00:00,164.64540460313862
2012-11-27 08:00:00,321.41353809673603
2012-11-27 09:00:00,298.5654955434054
2012-11-27 10:00:00,83.29952111195135
2012-11-27 11:00:00,78.80331114999927
2012-11-27 12:00:00,64.9079023273998
2012-11-27 13:00:00,84.69240910904722
2012-11-27 14:00:00,66.51900834143008
2012-11-27 15:00:00,166.3160948245621
2012-11-27 16:00:00,253.47678421602677
2012-11-27 17:00:00,498.10903456305925
2012-11-27 18:00:00,461.96459052963985
2012-11-27 19:00:00,312.8168712726724
2012-11-27 20:00:00,217.30827414478824
2012-11-27 21:00:00,135.77593305602613
2012-11-27 22:00:00,133.51465148279843
2012-11-27 23:00:00,81.74584603511109
2012-11-28 00:00:00,32.12574216760421
2012-11-28 01:00:00,15.504984053409387
2012-11-28 02:00:00,7.670494339021968
2012-11-28 03:00:00,4.3269120801453385
2012-11-28 04:00:00,5.7239370824098135
2012-11-28 05:00:00,31.654327798880857
2012-11-28 06:00:00,134.1989643632445
2012-11-28 07:00:00,376.2960134143956
2012-11-28 08:00:00,673.5523785565067
2012-11-28 09:00:00,315.737225274071
2012-11-28 10:00:00,156.52599378249263
2012-11-28 11:00:00,181.36978672591763
2012-11-28 12:00:00,217.24102339925827
2012-11-28 13:00:00,227.81879230305617
2012-11-28 14:00:00,205.1029720877371
2012-11-28 15:00:00,230.48827575378323
2012-11-28 16:00:00,316.0808312878838
2012-11-28 17:00:00,616.6493239085953
2012-11-28 18:00:00,564.7719450754864
2012-11-28 19:00:00,390.4073242269876
2012-11-28 20:00:00,275.19622996534275
2012-11-28 21:00:00,191.413593849406
2012-11-28 22:00:00,134.9405365260281
2012-11-28 23:00:00,89.95583322540784
2012-11-29 00:00:00,33.314213815821006
2012-11-29 01:00:00,14.683786643233516
2012-11-29 02:00:00,7.552246976303383
2012-11-29 04:00:00,5.998286026458301
2012-11-29 05:00:00,30.699221677951236
2012-11-29 06:00:00,130.8730406913478
2012-11-29 07:00:00,380.33080165994807
2012-11-29 08:00:00,680.0155313721345
2012-11-29 09:00:00,311.44946904261724
2012-11-29 10:00:00,155.9049659534922
2012-11-29 11:00:00,194.24419788776285
2012-11-29 12:00:00,237.99029029248396
2012-11-29 13:00:00,242.62874549612275
2012-11-29 14:00:00,209.95731752188038
2012-11-29 15:00:00,231.17160992418576
2012-11-29 16:00:00,321.36383406391667
2012-11-29 17:00:00,615.3662113176774
2012-11-29 18:00:00,577.6968106130664
2012-11-29 19:00:00,377.13505584670725
2012-11-29 20:00:00,260.49158400908055
2012-11-29 21:00:00,187.2360995467293
2012-11-29 22:00:00,139.95469744140084
2012-11-29 23:00:00,101.03432813773713
2012-11-30 00:00:00,54.62684777037869
2012-11-30 01:00:00,24.59358623285821
2012-11-30 02:00:00,11.047759505236467
2012-11-30 03:00:00,5.386080563026631
2012-11-30 04:00:00,6.187185377519519
2012-11-30 05:00:00,26.801768975796623
2012-11-30 06:00:00,110.47207209997237
2012-11-30 07:00:00,327.78808537627026
2012-11-30 08:00:00,625.5931917421426
2012-11-30 09:00:00,334.8732514106973
2012-11-30 10:00:00,180.0359905090214
2012-11-30 11:00:00,211.59322271693424
2012-11-30 12:00:00,279.4081403380608
2012-11-30 13:00:00,287.68879575014864
2012-11-30 14:00:00,265.79224695888047
2012-11-30 15:00:00,290.7778731365016
2012-11-30 16:00:00,404.28302929670906
2012-11-30 17:00:00,584.5449902983454
2012-11-30 18:00:00,459.5209289580416
2012-11-30 19:00:00,329.82653087734707
2012-11-30 20:00:00,229.78891294950486
2012-11-30 21:00:00,170.4266122963159
2012-11-30 22:00:00,159.41427920122547
2012-11-30 23:00:00,119.75778809774195
2012-12-20 00:00:00,39.17218736126519
2012-12-20 01:00:00,16.598354134611032
2012-12-20 02:00:00,7.593923168217964
2012-12-20 03:00:00,4.454542462627112
2012-12-20 04:00:00,6.0442846492085325
2012-12-20 05:00:00,32.67798811539577
2012-12-20 06:00:00,138.69844779699315
2012-12-20 07:00:00,389.0107716358047
2012-12-20 08:00:00,663.1172109459752
2012-12-20 09:00:00,314.71640285095316
2012-12-20 10:00:00,156.09188164344584
2012-12-20 11:00:00,174.92413074363708
2012-12-20 12:00:00,225.1192710898485
2012-12-20 13:00:00,221.86598382277657
2012-12-20 14:00:00,198.82461409373843
2012-12-20 15:00:00,217.19092451962348
2012-12-20 16:00:00,285.0394581081696
2012-12-20 17:00:00,580.6636302566872
2012-12-20 18:00:00,571.3263731798395
2012-12-20 19:00:00,255.08871354863055
2012-12-20 20:00:00,187.90078494389104
2012-12-20 21:00:00,135.0740198801161
2012-12-20 22:00:00,89.42587343143887
2012-12-20 23:00:00,73.62913216267663
2012-12-21 00:00:00,37.61862345067003
2012-12-21 01:00:00,18.053492227505394
2012-12-21 02:00:00,8.954838308716901
2012-12-21 03:00:00,4.143502111209184
2012-12-21 04:00:00,3.542432455711191
2012-12-21 05:00:00,23.230361076193702
2012-12-21 06:00:00,80.2119873686036
2012-12-21 07:00:00,257.90890050762914
2012-12-21 08:00:00,468.0764276506706
2012-12-21 09:00:00,254.9614287547322
2012-12-21 10:00:00,127.50088903981242
2012-12-21 11:00:00,136.4027630049453
2012-12-21 12:00:00,189.00273344236513
2012-12-21 13:00:00,187.83400840101916
2012-12-21 14:00:00,162.89912179310355
2012-12-21 15:00:00,177.86122998032363
2012-12-21 16:00:00,219.4288258605199
2012-12-21 17:00:00,354.57797878473116
2012-12-21 18:00:00,310.0783630361276
2012-12-21 19:00:00,215.11811957808754
2012-12-21 20:00:00,140.61389288118832
2012-12-21 21:00:00,102.1199791550963
2012-12-21 22:00:00,94.08430231132886
2012-12-21 23:00:00,74.61318471884061
2012-12-22 00:00:00,68.61008586867642
2012-12-22 01:00:00,52.524570632217426
2012-12-22 02:00:00,46.092268220543524
2012-12-22 03:00:00,20.829749471723552
2012-12-22 04:00:00,5.497428096302553
2012-12-22 05:00:00,4.593429200648349
2012-12-22 06:00:00,9.969672807176835
2012-12-22 07:00:00,34.217167305020425
2012-12-22 08:00:00,91.99268020044482
2012-12-22 09:00:00,137.58343945303096
2012-12-22 10:00:00,204.81864227672745
2012-12-22 11:00:00,235.67447116633463
2012-12-22 12:00:00,269.3152089472615
2012-12-22 13:00:00,317.73393638659513
2012-12-22 14:00:00,289.25581159457033
2012-12-22 15:00:00,261.7323008061137
2012-12-22 16:00:00,247.4757154707837
2012-12-22 17:00:00,210.6657520946598
2012-12-22 18:00:00,182.13070636385305
2012-12-22 19:00:00,155.58906577337854
2012-12-22 20:00:00,111.77941628636921
2012-12-22 21:00:00,89.70766056801318
2012-12-22 22:00:00,75.43241263686387
2012-12-22 23:00:00,66.19940822766327
2012-12-23 00:00:00,65.5988367475831
2012-12-23 01:00:00,60.457770604442274
2012-12-23 02:00:00,55.19136706336951
2012-12-23 03:00:00,26.97791527958097
2012-12-23 04:00:00,8.451558648730112
2012-12-23 05:00:00,5.050785946224343
2012-12-23 06:00:00,6.165467936848051
2012-12-23 07:00:00,24.12955263153685
2012-12-23 08:00:00,53.919780515072915
2012-12-23 09:00:00,97.60707327781466
2012-12-23 10:00:00,176.88713730226777
2012-12-23 11:00:00,213.86518485809688
2012-12-23 12:00:00,275.1330381269132
2012-12-23 13:00:00,324.39766058793174
2012-12-23 14:00:00,295.62499633152663
2012-12-23 15:00:00,298.3837556695331
2012-12-23 16:00:00,289.23786458921387
2012-12-23 17:00:00,223.2500171789966
2012-12-23 18:00:00,169.5526435099873
2012-12-23 19:00:00,147.81343432658952
2012-12-23 20:00:00,90.71568460430701
2012-12-23 21:00:00,71.36303996603266
2012-12-23 22:00:00,57.92275278493036
2012-12-23 23:00:00,47.0571964566994
2012-12-24 00:00:00,20.861422430612677
2012-12-24 01:00:00,6.9318543441802385
2012-12-24 02:00:00,4.13830608970431
2012-12-24 03:00:00,3.026400233971054
2012-12-24 05:00:00,20.529524120555013
2012-12-24 06:00:00,87.49009815283688
2012-12-24 07:00:00,277.3306651021263
2012-12-24 08:00:00,467.8070408747876
2012-12-24 09:00:00,233.65647555372357
2012-12-24 10:00:00,104.16624233547782
2012-12-24 11:00:00,113.91188541866632
2012-12-24 12:00:00,133.842414612703
2012-12-24 13:00:00,71.8198754043471
2012-12-24 14:00:00,62.758569109161975
2012-12-24 15:00:00,68.38613790878446
2012-12-24 16:00:00,88.96675407503314
2012-12-24 17:00:00,213.60514267306178
2012-12-24 18:00:00,201.3649266651544
2012-12-24 19:00:00,222.7660635721249
2012-12-24 20:00:00,100.85618589676918
2012-12-24 21:00:00,69.85445441345522
2012-12-24 22:00:00,81.13730480110846
2012-12-24 23:00:00,46.47803357252297
2012-12-25 00:00:00,30.239216054143483
2012-12-25 01:00:00,28.467575928138885
2012-12-25 02:00:00,21.64109147688464
2012-12-25 04:00:00,4.048980229761894
2012-12-25 05:00:00,5.232923438560535
2012-12-25 06:00:00,14.809613885540621
2012-12-25 07:00:00,51.22004765651133
2012-12-25 08:00:00,132.14145923409043
2012-12-25 09:00:00,160.21326168698891
2012-12-25 10:00:00,194.5332717199823
2012-12-25 11:00:00,224.7276953921819
2012-12-25 12:00:00,249.76270127853428
2012-12-25 13:00:00,276.8123820978208
2012-12-25 14:00:00,257.01264235927806
2012-12-25 15:00:00,244.69879944141715
2012-12-25 16:00:00,262.98785207673996
2012-12-25 17:00:00,238.03961234103122
2012-12-25 18:00:00,206.26130600717443
2012-12-25 19:00:00,183.2208555231407
2012-12-25 20:00:00,114.54159841246454
2012-12-25 21:00:00,89.73303479448349
2012-12-25 22:00:00,73.17788348703759
2012-12-25 23:00:00,48.92388996636163
2012-12-26 00:00:00,24.731576979681495
2012-12-26 01:00:00,7.144600278878849
2012-12-26 02:00:00,4.177906147722608
2012-12-26 03:00:00,3.0937530501538855
2012-12-26 04:00:00,2.897102946363507
2012-12-26 05:00:00,21.028905557357405
2012-12-26 06:00:00,91.04450487533052
2012-12-26 07:00:00,110.7520551825095
2012-12-26 08:00:00,196.42744705352627
2012-12-26 09:00:00,89.27281367187756
2012-12-26 10:00:00,45.05343804147259
2012-12-26 11:00:00,45.01303126720999
2012-12-26 12:00:00,42.204698835809985
2012-12-26 13:00:00,47.265377218542866
2012-12-26 14:00:00,60.98638383882587
2012-12-26 15:00:00,50.549089046884944
2012-12-26 16:00:00,64.68830608867111
2012-12-26 17:00:00,147.443234668206
2012-12-26 18:00:00,148.63847307862213
2012-12-26 19:00:00,126.50096222183981
2012-12-26 20:00:00,73.33196849990223
2012-12-26 21:00:00,98.25159902661605
2012-12-26 22:00:00,40.02040163539688
2012-12-26 23:00:00,38.42558624396413
2012-12-27 00:00:00,16.331692066094085
2012-12-27 01:00:00,4.5299378477637555
2012-12-27 02:00:00,3.412072321434766
2012-12-27 03:00:00,2.972199549089334
2012-12-27 04:00:00,2.9695818842918347
2012-12-27 05:00:00,24.062452356751002
2012-12-27 06:00:00,79.67033852899341
2012-12-27 07:00:00,296.9659792598619
2012-12-27 08:00:00,487.12176615502017
2012-12-27 09:00:00,247.24608932135672
2012-12-27 10:00:00,111.22110342955907
2012-12-27 11:00:00,115.02956383328288
2012-12-27 12:00:00,141.7789389618919
2012-12-27 13:00:00,139.3293587192598
2012-12-27 14:00:00,115.3159866659067
2012-12-27 15:00:00,125.3083542364426
2012-12-27 16:00:00,193.07630234464
2012-12-27 17:00:00,366.14962454629654
2012-12-27 18:00:00,358.11156476620374
2012-12-27 19:00:00,238.74024290046935
2012-12-27 20:00:00,189.9926541716287
2012-12-27 21:00:00,121.59090551357977
2012-12-27 22:00:00,94.5102888632254
2012-12-27 23:00:00,66.58718654490045
2012-12-28 00:00:00,45.00515595325426
2012-12-28 01:00:00,21.685849973582833
2012-12-28 02:00:00,7.801943142853931
2012-12-28 03:00:00,4.843058240877138
2012-12-28 04:00:00,3.982221719077372
2012-12-28 05:00:00,22.06192390028106
2012-12-28 06:00:00,81.35307132891634
2012-12-28 07:00:00,254.1068452518167
2012-12-28 08:00:00,472.64128120675275
2012-12-28 09:00:00,254.92476227813734
2012-12-28 10:00:00,115.75614596432968
2012-12-28 11:00:00,128.1455259557238
2012-12-28 12:00:00,186.72107150833392
2012-12-28 13:00:00,185.10495939056472
2012-12-28 14:00:00,160.35433528399213
2012-12-28 15:00:00,179.10543944090256
2012-12-28 16:00:00,232.0548729687295
2012-12-28 17:00:00,360.47258088226073
2012-12-28 18:00:00,314.4482676613393
2012-12-28 19:00:00,213.4773374151448
2012-12-28 20:00:00,135.73544086510648
2012-12-28 21:00:00,104.68480670427937
2012-12-28 22:00:00,94.82106945819035
2012-12-28 23:00:00,76.11952830213895
2012-12-29 00:00:00,75.5122150147478
2012-12-29 01:00:00,60.08981785934617
2012-12-29 02:00:00,48.13158642567615
2012-12-29 03:00:00,22.814118027795534
2012-12-29 04:00:00,5.98729696825599
2012-12-29 05:00:00,4.373936973806044
2012-12-29 06:00:00,8.816308906218026
2012-12-29 07:00:00,31.848073654359396
2012-12-29 08:00:00,95.67995771440141
2012-12-29 09:00:00,138.44945316883133
2012-12-29 10:00:00,118.5838498618542
2012-12-29 11:00:00,124.60856452774924
2012-12-29 12:00:00,156.77813285668248
2012-12-29 13:00:00,166.71238206378248
2012-12-29 14:00:00,236.7216690741642
2012-12-29 15:00:00,227.5734658838556
2012-12-29 16:00:00,245.45814385303294
2012-12-29 17:00:00,213.69714922507973
2012-12-29 18:00:00,185.7076904408422
2012-12-29 19:00:00,159.15606744276
2012-12-29 20:00:00,106.34976318814876
2012-12-29 21:00:00,90.63070072405854
2012-12-29 22:00:00,77.18420968372888
2012-12-29 23:00:00,73.72710458019584
2012-12-30 00:00:00,72.44499162606148
2012-12-30 01:00:00,55.3371957700666
2012-12-30 02:00:00,49.952548210469395
2012-12-30 03:00:00,22.568208504730215
2012-12-30 04:00:00,6.04366861587908
2012-12-30 05:00:00,4.21440709730376
2012-12-30 06:00:00,5.371951633362482
2012-12-30 07:00:00,22.462379892417523
2012-12-30 08:00:00,53.66158174970319
2012-12-30 09:00:00,97.30935786175226
2012-12-30 10:00:00,177.95252229679124
2012-12-30 11:00:00,218.31319939649893
2012-12-30 12:00:00,257.6812310983646
2012-12-30 13:00:00,274.9711267516959
2012-12-30 14:00:00,256.82164331333803
2012-12-30 15:00:00,240.1990687924096
2012-12-30 16:00:00,231.170705253795
2012-12-30 17:00:00,196.58332570258324
2012-12-30 18:00:00,159.64315221145728
2012-12-30 19:00:00,165.46340346853975
2012-12-30 20:00:00,78.81221301460593
2012-12-30 21:00:00,66.56491050691793
2012-12-30 22:00:00,51.23121398897571
2012-12-30 23:00:00,38.507307645815104
2012-12-31 00:00:00,18.80910203402915
2012-12-31 01:00:00,6.590484714684792
2012-12-31 02:00:00,4.231980481633664
2012-12-31 03:00:00,3.314782080779133
2012-12-31 04:00:00,3.475769666768362
2012-12-31 05:00:00,19.85210905699909
2012-12-31 06:00:00,81.70054885144395
2012-12-31 07:00:00,260.0146461812283
2012-12-31 08:00:00,437.3833824383563
2012-12-31 09:00:00,232.08847192685653
2012-12-31 10:00:00,100.77969482159509
2012-12-31 11:00:00,110.0380824596067
2012-12-31 12:00:00,132.84847468486532
2012-12-31 13:00:00,132.45251292111368
2012-12-31 14:00:00,120.3267476310003
2012-12-31 15:00:00,130.39983813112207
2012-12-31 16:00:00,198.09250799829002
2012-12-31 17:00:00,373.10701213915337
2012-12-31 18:00:00,367.0283509453388
2012-12-31 19:00:00,236.69951657596488
2012-12-31 20:00:00,178.89866527849716
2012-12-31 21:00:00,118.55407357248517
2012-12-31 22:00:00,85.03814645521707
2012-12-31 23:00:00,53.27798623224516
