datetime,count
2011-01-20 00:00:00,8.942668867150394
2011-01-20 01:00:00,4.65866433287866
2011-01-20 02:00:00,3.0131332912337543
2011-01-20 03:00:00,2.874954699342634
2011-01-20 04:00:00,2.412650338407879
2011-01-20 05:00:00,6.884810638935779
2011-01-20 06:00:00,27.979135407954296
2011-01-20 07:00:00,86.75837035208338
2011-01-20 08:00:00,183.35987914126156
2011-01-20 09:00:00,116.51918585304527
2011-01-20 10:00:00,45.30422703528406
2011-01-20 11:00:00,51.16581694211096
2011-01-20 12:00:00,69.79001642806436
2011-01-20 13:00:00,62.940734466613414
2011-01-20 14:00:00,63.93778293726447
2011-01-20 15:00:00,68.11912089049132
2011-01-20 16:00:00,82.5543156645677
2011-01-20 17:00:00,179.71603526310798
2011-01-20 18:00:00,166.04973225355178
2011-01-20 19:00:00,98.89284237566224
2011-01-20 20:00:00,76.59785019257437
2011-01-20 21:00:00,45.262631537765
2011-01-20 22:00:00,34.37328658639374
2011-01-20 23:00:00,17.178433227351107
2011-01-21 00:00:00,15.007986913243291
2011-01-21 01:00:00,6.385728783095548
2011-01-21 02:00:00,3.4718164596248595
2011-01-21 03:00:00,2.554828764626209
2011-01-21 04:00:00,1.9781792271512353
2011-01-21 05:00:00,5.253858699305939
2011-01-21 06:00:00,22.297480067163487
2011-01-21 07:00:00,88.63483236435812
2011-01-21 08:00:00,175.46339800515545
2011-01-21 09:00:00,105.86999705002044
2011-01-21 10:00:00,15.280077933569082
2011-01-21 11:00:00,22.04208337091845
2011-01-21 12:00:00,62.83258189408124
2011-01-21 13:00:00,63.02966312876849
2011-01-21 14:00:00,53.471383116546036
2011-01-21 15:00:00,59.07886315451259
2011-01-21 16:00:00,70.62472007158948
2011-01-21 17:00:00,167.87641482636815
2011-01-21 18:00:00,144.22914122782635
2011-01-21 19:00:00,53.80908317510391
2011-01-21 20:00:00,29.96885581878527
2011-01-21 21:00:00,15.692627107400678
2011-01-21 22:00:00,14.68905714193117
2011-01-21 23:00:00,21.152592833499202
2011-01-22 00:00:00,22.84539462380655
2011-01-22 01:00:00,16.431156906295687
2011-01-22 02:00:00,11.230743720384762
2011-01-22 03:00:00,4.680486349570498
2011-01-22 04:00:00,2.066705227259145
2011-01-22 06:00:00,4.235607256049638
2011-01-22 07:00:00,6.847520697590557
2011-01-22 08:00:00,22.79400291904557
2011-01-22 09:00:00,17.567497635314837
2011-01-22 10:00:00,53.293206775172926
2011-01-22 11:00:00,56.62004118119285
2011-01-22 12:00:00,77.93562700261745
2011-01-22 13:00:00,98.66936284001214
2011-01-22 14:00:00,81.24404746647296
2011-01-22 15:00:00,86.30281363760614
2011-01-22 16:00:00,81.23518643503246
2011-01-22 17:00:00,80.98756188761115
2011-01-22 18:00:00,49.14243532299682
2011-01-22 19:00:00,39.93325562595199
2011-01-22 20:00:00,21.296484430101273
2011-01-22 21:00:00,22.50195121980952
2011-01-22 22:00:00,23.854322793746586
2011-01-22 23:00:00,16.52323657344726
2011-01-23 00:00:00,21.27545442157286
2011-01-23 01:00:00,15.030684000405723
2011-01-23 02:00:00,11.806576857982964
2011-01-23 03:00:00,6.566813706137717
2011-01-23 05:00:00,1.7713516802794342
2011-01-23 06:00:00,3.163769851278553
2011-01-23 07:00:00,7.035242062452733
2011-01-23 08:00:00,16.33800358978577
2011-01-23 09:00:00,14.336947858517922
2011-01-23 10:00:00,51.047193272033724
2011-01-23 11:00:00,59.4715240230741
2011-01-23 12:00:00,76.9591173314756
2011-01-23 13:00:00,79.1488151937373
2011-01-23 14:00:00,78.5204931201271
2011-01-23 15:00:00,77.62790257885962
2011-01-23 16:00:00,80.21331647737459
2011-01-23 17:00:00,56.252384377155494
2011-01-23 18:00:00,48.22831964660966
2011-01-23 19:00:00,40.80965949376203
2011-01-23 20:00:00,19.750869435686354
2011-01-23 21:00:00,21.396375676392836
2011-01-23 22:00:00,18.314279722441682
2011-01-23 23:00:00,13.137374166844374
2011-01-24 00:00:00,6.247885891842012
2011-01-24 01:00:00,3.527939146607037
2011-01-24 03:00:00,1.8720234123495776
2011-01-24 04:00:00,2.125985827965252
2011-01-24 05:00:00,4.8388555826041095
2011-01-24 06:00:00,25.40529069466981
2011-01-24 07:00:00,67.67689834123935
2011-01-24 08:00:00,166.3441423517815
2011-01-24 09:00:00,97.06523533955375
2011-01-24 10:00:00,19.646614909837815
2011-01-24 11:00:00,17.013256873905576
2011-01-24 12:00:00,17.897100355729545
2011-01-24 13:00:00,18.956116002869393
2011-01-24 14:00:00,17.36523968827504
2011-01-24 15:00:00,20.9930118922116
2011-01-24 16:00:00,70.80224867226842
2011-01-24 17:00:00,158.1173616151537
2011-01-24 18:00:00,150.4372523882576
2011-01-24 19:00:00,91.3980803418954
2011-01-24 20:00:00,58.779768952335324
2011-01-24 21:00:00,19.705110679131902
2011-01-24 22:00:00,16.82364658985208
2011-01-24 23:00:00,15.377193716434697
2011-01-25 00:00:00,8.660274438500444
2011-01-25 01:00:00,3.83568344903756
2011-01-25 02:00:00,2.576654307239961
2011-01-25 04:00:00,2.006398965062552
2011-01-25 05:00:00,5.527264461232083
2011-01-25 06:00:00,27.465505169231204
2011-01-25 07:00:00,73.1611135362257
2011-01-25 08:00:00,158.80400366314748
2011-01-25 09:00:00,115.44079015570291
2011-01-25 10:00:00,40.6005607846018
2011-01-25 11:00:00,43.25796500854234
2011-01-25 12:00:00,61.86735372208656
2011-01-25 13:00:00,60.884875935091756
2011-01-25 14:00:00,64.11943386964441
2011-01-25 15:00:00,67.74431162258796
2011-01-25 16:00:00,93.73505884709635
2011-01-25 17:00:00,193.70164046174187
2011-01-25 18:00:00,175.35422044962687
2011-01-25 19:00:00,105.82552103259769
2011-01-25 20:00:00,75.08353594051023
2011-01-25 21:00:00,47.124382980935096
2011-01-25 22:00:00,36.656836356415596
2011-01-25 23:00:00,15.068043179108377
2011-01-26 00:00:00,8.27731984349316
2011-01-26 01:00:00,4.200353158357889
2011-01-26 02:00:00,2.5994330074662044
2011-01-26 05:00:00,4.571375487030593
2011-01-26 06:00:00,20.80695420216496
2011-01-26 07:00:00,49.064328163843804
2011-01-26 08:00:00,105.5003379572855
2011-01-26 09:00:00,46.88775373883229
2011-01-26 10:00:00,20.676286286252434
2011-01-26 11:00:00,17.460277672824052
2011-01-26 12:00:00,19.347715767639183
2011-01-26 13:00:00,20.40426323767546
2011-01-26 14:00:00,18.690343475981866
2011-01-26 15:00:00,17.019472520991748
2011-01-26 16:00:00,45.47187037120815
2011-01-26 17:00:00,100.49657552980226
2011-01-27 16:00:00,75.69971315634388
2011-01-27 17:00:00,158.9967505329838
2011-01-27 18:00:00,151.3645728479473
2011-01-27 19:00:00,100.35261643976389
2011-01-27 20:00:00,72.43396023664383
2011-01-27 21:00:00,28.97013031013563
2011-01-27 22:00:00,29.193624607331333
2011-01-27 23:00:00,16.78616274254731
2011-01-28 00:00:00,14.773907736336284
2011-01-28 01:00:00,7.240176675248149
2011-01-28 02:00:00,3.2632578928227534
2011-01-28 03:00:00,2.39844439851549
2011-01-28 05:00:00,7.074534253973514
2011-01-28 06:00:00,21.769933296015
2011-01-28 07:00:00,89.60869208226771
2011-01-28 08:00:00,166.31165292234277
2011-01-28 09:00:00,54.85747415541106
2011-01-28 10:00:00,21.67470038625154
2011-01-28 11:00:00,26.20282091569411
2011-01-28 12:00:00,46.27652117904999
2011-01-28 13:00:00,49.20406774617567
2011-01-28 14:00:00,48.85250631999013
2011-01-28 15:00:00,79.07975299838905
2011-01-28 16:00:00,88.005113016427
2011-01-28 17:00:00,158.99167193130677
2011-01-28 18:00:00,143.43168124963424
2011-01-28 19:00:00,80.37155114418678
2011-01-28 20:00:00,60.67276478052001
2011-01-28 21:00:00,38.01128698340211
2011-01-28 22:00:00,33.23405300682816
2011-01-28 23:00:00,23.192442681335336
2011-01-29 00:00:00,23.366884114859854
2011-01-29 01:00:00,17.73650592980744
2011-01-29 02:00:00,14.107439204003237
2011-01-29 03:00:00,8.45940339495764
2011-01-29 04:00:00,2.3158080096401754
2011-01-29 06:00:00,5.347825438515252
2011-01-29 07:00:00,9.26145157803294
2011-01-29 08:00:00,24.251419778518393
2011-01-29 09:00:00,26.291142892687898
2011-01-29 10:00:00,66.24357621968112
2011-01-29 11:00:00,68.66888802714332
2011-01-29 12:00:00,84.95338080874336
2011-01-29 13:00:00,101.67768218197583
2011-01-29 14:00:00,92.93620071234847
2011-01-29 15:00:00,90.9493052171284
2011-01-29 16:00:00,101.7043004044714
2011-01-29 17:00:00,87.72173702679271
2011-01-29 18:00:00,74.3807350291482
2011-01-29 19:00:00,64.88735220491048
2011-01-29 20:00:00,29.77294987634509
2011-01-29 21:00:00,29.33057992775602
2011-01-29 22:00:00,23.018956325172663
2011-01-29 23:00:00,16.761746588194114
2011-01-30 00:00:00,22.253699345137363
2011-01-30 01:00:00,16.47152812417907
2011-01-30 02:00:00,13.128994246957369
2011-01-30 03:00:00,8.104840936926292
2011-01-30 04:00:00,3.0065274632866785
2011-01-30 05:00:00,2.4355033309310823
2011-01-30 07:00:00,8.423731941997314
2011-01-30 08:00:00,19.002977435732255
2011-01-30 09:00:00,23.5715749995841
2011-01-30 10:00:00,70.08528293890697
2011-01-30 11:00:00,79.50261110434957
2011-01-30 12:00:00,106.31686022764922
2011-01-30 13:00:00,108.8707992001319
2011-01-30 14:00:00,103.8958420519348
2011-01-30 15:00:00,115.2286693579132
2011-01-30 16:00:00,113.25183176740204
2011-01-30 17:00:00,88.19509968174751
2011-01-30 18:00:00,77.88418487180469
2011-01-30 19:00:00,67.68324923420808
2011-01-30 20:00:00,40.290669410269714
2011-01-30 21:00:00,34.39175285360375
2011-01-30 22:00:00,20.049046450446536
2011-01-30 23:00:00,13.707271128317988
2011-01-31 00:00:00,7.327317659485882
2011-01-31 01:00:00,3.3996638469191036
2011-01-31 02:00:00,2.5673142908197644
2011-01-31 03:00:00,2.311789180462625
2011-01-31 04:00:00,1.8236216723776493
2011-01-31 05:00:00,4.066085755379089
2011-01-31 06:00:00,27.356215626917074
2011-01-31 07:00:00,72.38776416895662
2011-01-31 08:00:00,154.91604663812646
2011-01-31 09:00:00,85.55223978053935
2011-01-31 10:00:00,18.873221517522556
2011-01-31 11:00:00,16.596658870974
2011-01-31 12:00:00,26.513350281142998
2011-01-31 13:00:00,31.288984396943004
2011-01-31 14:00:00,27.143207023844216
2011-01-31 15:00:00,20.70661022810837
2011-01-31 16:00:00,75.10126862386473
2011-01-31 17:00:00,148.60785150656676
2011-01-31 18:00:00,150.71350625254894
2011-01-31 19:00:00,116.0969148844774
2011-01-31 20:00:00,59.990855720362475
2011-01-31 21:00:00,30.953527840530707
2011-01-31 22:00:00,20.27878308715114
2011-01-31 23:00:00,15.0286415276785
2011-02-20 00:00:00,24.972306619738774
2011-02-20 01:00:00,18.032731077552988
2011-02-20 02:00:00,13.19371621596897
2011-02-20 03:00:00,7.129730431465486
2011-02-20 04:00:00,2.403830108155014
2011-02-20 06:00:00,3.5634923050802745
2011-02-20 07:00:00,9.127935562065744
2011-02-20 08:00:00,22.479899961169544
2011-02-20 09:00:00,28.772784703752844
2011-02-20 10:00:00,95.59576348135741
2011-02-20 11:00:00,113.76590537054842
2011-02-20 12:00:00,160.8768972882791
2011-02-20 13:00:00,191.52084756714584
2011-02-20 14:00:00,160.04833615770346
2011-02-20 15:00:00,157.81110349809492
2011-02-20 16:00:00,143.6269128205015
2011-02-20 17:00:00,128.11383526697594
2011-02-20 18:00:00,98.6963384436342
2011-02-20 19:00:00,90.75719899195312
2011-02-20 20:00:00,51.34590654464118
2011-02-20 21:00:00,46.42133873265427
2011-02-20 22:00:00,44.1395887640965
2011-02-20 23:00:00,33.701137551162745
2011-02-21 00:00:00,31.119695374246124
2011-02-21 01:00:00,23.12840413966122
2011-02-21 02:00:00,19.240759024581898
2011-02-21 03:00:00,6.214667083069884
2011-02-21 04:00:00,4.483268597738036
2011-02-21 05:00:00,5.242541918934558
2011-02-21 06:00:00,6.591608511511699
2011-02-21 07:00:00,13.596844314553962
2011-02-21 08:00:00,40.168633079467355
2011-02-21 09:00:00,55.652350222154936
2011-02-21 10:00:00,103.60153649651262
2011-02-21 11:00:00,118.97798746799737
2011-02-21 12:00:00,156.306798739563
2011-02-21 13:00:00,77.38190712874717
2011-02-21 14:00:00,142.55635530352993
2011-02-21 15:00:00,136.31213490861634
2011-02-21 16:00:00,52.935633533552235
2011-02-21 17:00:00,104.35211938751019
2011-02-21 18:00:00,82.82685583933093
2011-02-21 19:00:00,75.63496808769605
2011-02-21 20:00:00,20.419743642827
2011-02-21 21:00:00,18.884850877585677
2011-02-21 22:00:00,16.927668258758622
2011-02-21 23:00:00,11.460441229592497
2011-02-22 06:00:00,26.05250997411695
2011-02-22 07:00:00,98.4777268178445
2011-02-22 08:00:00,204.90213920558085
2011-02-22 09:00:00,113.0658240234265
2011-02-22 10:00:00,24.918736686887776
2011-02-22 11:00:00,29.234920600560397
2011-02-22 12:00:00,30.60002383728631
2011-02-22 13:00:00,46.38874971180514
2011-02-22 14:00:00,42.41009754492209
2011-02-22 15:00:00,51.26705071865655
2011-02-22 16:00:00,85.58545284787206
2011-02-22 17:00:00,201.712075715309
2011-02-22 18:00:00,195.57250602843607
2011-02-22 19:00:00,108.86961689097375
2011-02-22 20:00:00,89.27464618250947
2011-02-22 21:00:00,30.541192493478125
2011-02-22 22:00:00,21.549796180279714
2011-02-22 23:00:00,18.544525356132937
2011-02-23 00:00:00,10.298375063874287
2011-02-23 01:00:00,4.919822787365064
2011-02-23 02:00:00,2.477940801763474
2011-02-23 03:00:00,1.8443968299660864
2011-02-23 05:00:00,6.948918780402265
2011-02-23 06:00:00,29.491258321384347
2011-02-23 07:00:00,103.48531162904736
2011-02-23 08:00:00,219.68847281896814
2011-02-23 09:00:00,121.6878593681075
2011-02-23 10:00:00,37.01090590937299
2011-02-23 11:00:00,49.102049674624226
2011-02-23 12:00:00,62.197606510209134
2011-02-23 13:00:00,71.48287567339696
2011-02-23 14:00:00,71.07662015673253
2011-02-23 15:00:00,77.7352973078191
2011-02-23 16:00:00,114.09724025001908
2011-02-23 17:00:00,250.26860655104133
2011-02-23 18:00:00,239.4063243755524
2011-02-23 19:00:00,137.31828570436167
2011-02-23 20:00:00,90.15281555847608
2011-02-23 21:00:00,58.51087500076804
2011-02-23 22:00:00,44.439620658680774
2011-02-23 23:00:00,23.92135493043442
2011-02-24 00:00:00,11.81323581357156
2011-02-24 01:00:00,5.726231746634173
2011-02-24 02:00:00,2.545212582316931
2011-02-24 03:00:00,2.09872685924475
2011-02-24 05:00:00,7.747833343519726
2011-02-24 06:00:00,29.74811297249902
2011-02-24 07:00:00,105.74683238232797
2011-02-24 08:00:00,248.01929088498468
2011-02-24 09:00:00,119.33825072200021
2011-02-24 10:00:00,44.35867738133739
2011-02-24 11:00:00,58.299701276955474
2011-02-24 12:00:00,83.23701652081743
2011-02-24 13:00:00,84.07390287367824
2011-02-24 14:00:00,78.89079922117017
2011-02-24 15:00:00,20.760939992165525
2011-02-24 16:00:00,43.42021354306041
2011-02-24 17:00:00,108.26783381734481
2011-02-24 18:00:00,205.19668888125688
2011-02-24 19:00:00,53.450955272337985
2011-02-24 20:00:00,91.34620088854203
2011-02-24 21:00:00,63.21954870070891
2011-02-24 22:00:00,21.441865560166086
2011-02-24 23:00:00,28.186051761262412
2011-02-25 00:00:00,16.520463210703372
2011-02-25 01:00:00,7.115592981172078
2011-02-25 02:00:00,5.114438517501042
2011-02-25 03:00:00,3.3363653218461646
2011-02-25 05:00:00,6.571499762607496
2011-02-25 06:00:00,27.62054263448759
2011-02-25 07:00:00,39.76872643053489
2011-02-25 08:00:00,108.65131289294538
2011-02-25 09:00:00,40.2007964093072
2011-02-25 10:00:00,22.06239987704001
2011-02-25 11:00:00,117.5588538396411
2011-02-25 12:00:00,59.22666171043057
2011-02-25 13:00:00,59.669819895803094
2011-02-25 14:00:00,63.391534486069546
2011-02-25 15:00:00,169.87742778709085
2011-02-25 16:00:00,114.17471716836107
2011-02-25 17:00:00,226.05054208426895
2011-02-25 18:00:00,203.17734106356247
2011-02-25 19:00:00,107.67144506168444
2011-02-25 20:00:00,65.47649765720814
2011-02-25 21:00:00,44.170891492772995
2011-02-25 22:00:00,38.05491610314392
2011-02-25 23:00:00,28.54615833332282
2011-02-26 00:00:00,29.26424860978585
2011-02-26 01:00:00,19.465764864819
2011-02-26 02:00:00,13.720093058044567
2011-02-26 03:00:00,9.27236239104336
2011-02-26 04:00:00,2.9877328876973057
2011-02-26 05:00:00,2.451223132111804
2011-02-26 06:00:00,5.6065418117130275
2011-02-26 07:00:00,11.866743474309859
2011-02-26 08:00:00,35.6246479394518
2011-02-26 09:00:00,43.59552782997254
2011-02-26 10:00:00,97.75638166345001
2011-02-26 11:00:00,114.25390368348076
2011-02-26 12:00:00,159.83075672327035
2011-02-26 13:00:00,181.6408591647381
2011-02-26 14:00:00,145.189823827037
2011-02-26 15:00:00,153.24907265162608
2011-02-26 16:00:00,139.87390443293774
2011-02-26 17:00:00,130.92550840758133
2011-02-26 18:00:00,105.33056859075897
2011-02-26 19:00:00,79.0231277571781
2011-02-26 20:00:00,56.384983955936846
2011-02-26 21:00:00,43.331454569032104
2011-02-26 22:00:00,45.203088880325126
2011-02-26 23:00:00,39.178524118510765
2011-02-27 00:00:00,30.50305412985211
2011-02-27 01:00:00,28.928328413923772
2011-02-27 02:00:00,20.68957634122235
2011-02-27 03:00:00,9.977802493451579
2011-02-27 04:00:00,3.0583218005445194
2011-02-27 06:00:00,4.756386174636269
2011-02-27 07:00:00,9.951977883047547
2011-02-27 08:00:00,34.66340885358253
2011-02-27 09:00:00,42.685657984253226
2011-02-27 10:00:00,97.50387880968847
2011-02-27 11:00:00,136.67352835015748
2011-02-27 12:00:00,171.39437129691063
2011-02-27 13:00:00,194.1791368932557
2011-02-27 14:00:00,185.86574898893568
2011-02-27 15:00:00,211.47242750749638
2011-02-27 16:00:00,216.85270594619848
2011-02-27 17:00:00,147.63449925479895
2011-02-27 18:00:00,138.4214033225314
2011-02-27 19:00:00,132.8738281783538
2011-02-27 20:00:00,54.04050140670975
2011-02-27 21:00:00,56.138121134154204
2011-02-27 22:00:00,50.13995034168509
2011-02-27 23:00:00,37.85718140574046
2011-02-28 00:00:00,12.396369045182341
2011-02-28 01:00:00,4.1270837853627445
2011-02-28 03:00:00,2.4811131845941885
2011-02-28 05:00:00,6.534624849326832
2011-02-28 06:00:00,34.50945849926199
2011-02-28 07:00:00,109.95288258332283
2011-02-28 08:00:00,232.0742363836859
2011-02-28 09:00:00,120.12992664180726
2011-02-28 10:00:00,77.36607742184974
2011-02-28 11:00:00,79.5235556212533
2011-02-28 12:00:00,118.59197667090672
2011-02-28 13:00:00,32.34521920499221
2011-02-28 14:00:00,28.149850830248116
2011-02-28 15:00:00,28.758801849750466
2011-02-28 16:00:00,43.09479318089997
2011-02-28 17:00:00,100.21453335858972
2011-02-28 18:00:00,120.24725653093567
2011-02-28 19:00:00,56.410326238389075
2011-02-28 20:00:00,46.87094239667661
2011-02-28 21:00:00,64.40274779564672
2011-02-28 22:00:00,25.869886768939566
2011-02-28 23:00:00,25.41087681897187
2011-03-20 00:00:00,39.050565648889226
2011-03-20 01:00:00,30.672749296273224
2011-03-20 02:00:00,20.633975889500284
2011-03-20 03:00:00,9.720195384738684
2011-03-20 04:00:00,2.029552410791024
2011-03-20 05:00:00,2.0801530953693694
2011-03-20 06:00:00,4.211508425025662
2011-03-20 07:00:00,10.572006730425771
2011-03-20 08:00:00,37.82764237355502
2011-03-20 09:00:00,53.694284318199976
2011-03-20 10:00:00,119.03780809063203
2011-03-20 11:00:00,135.8743461630971
2011-03-20 12:00:00,181.23503588966963
2011-03-20 13:00:00,202.45208673291756
2011-03-20 14:00:00,175.10542721607106
2011-03-20 15:00:00,170.02972537637484
2011-03-20 16:00:00,156.49584494496045
2011-03-20 17:00:00,143.76953799593807
2011-03-20 18:00:00,129.02324261452122
2011-03-20 19:00:00,101.67994861643848
2011-03-20 20:00:00,71.52703121482303
2011-03-20 21:00:00,63.719450549519685
2011-03-20 22:00:00,47.9648804198566
2011-03-20 23:00:00,24.966299125598475
2011-03-21 00:00:00,8.69785840263741
2011-03-21 01:00:00,4.804822237599765
2011-03-21 02:00:00,3.4759512159383092
2011-03-21 03:00:00,2.638193825638282
2011-03-21 05:00:00,9.153742357445243
2011-03-21 06:00:00,31.354510731542355
2011-03-21 07:00:00,38.20434089238662
2011-03-21 08:00:00,261.3046332770591
2011-03-21 09:00:00,137.7847678181482
2011-03-21 10:00:00,67.93501749607549
2011-03-21 11:00:00,77.38898749215411
2011-03-21 12:00:00,89.59283610337593
2011-03-21 13:00:00,113.42119780104687
2011-03-21 14:00:00,97.27440585066947
2011-03-21 15:00:00,136.85245048524797
2011-03-21 16:00:00,152.9437505970805
2011-03-21 17:00:00,339.17448981561995
2011-03-21 18:00:00,313.21195132605453
2011-03-21 19:00:00,253.0853060456502
2011-03-21 20:00:00,152.90620693321617
2011-03-21 21:00:00,85.59123054679084
2011-03-21 22:00:00,64.13888068915709
2011-03-21 23:00:00,40.56116797896334
2011-03-22 00:00:00,19.445539178952302
2011-03-22 01:00:00,5.695603968501017
2011-03-22 02:00:00,6.551091888098744
2011-03-22 03:00:00,3.516080738421644
2011-03-22 04:00:00,3.729931643752117
2011-03-22 05:00:00,10.719750718218286
2011-03-22 06:00:00,44.61578346402577
2011-03-22 07:00:00,153.3003486171994
2011-03-22 08:00:00,310.9961638233931
2011-03-22 09:00:00,146.49680998881828
2011-03-22 10:00:00,74.95550470124266
2011-03-22 11:00:00,80.87293405344812
2011-03-22 12:00:00,107.1433269206719
2011-03-22 13:00:00,120.08423013405076
2011-03-22 14:00:00,95.93534379012024
2011-03-22 15:00:00,121.08068895252093
2011-03-22 16:00:00,165.4744076160528
2011-03-22 17:00:00,333.4172538230741
2011-03-22 18:00:00,322.6167171314718
2011-03-22 19:00:00,203.0254324240225
2011-03-22 20:00:00,145.3484037138682
2011-03-22 21:00:00,95.59961084449785
2011-03-22 22:00:00,75.36766625055773
2011-03-22 23:00:00,36.12964483149364
2011-03-23 00:00:00,10.183948856081516
2011-03-23 01:00:00,5.350696445490437
2011-03-23 02:00:00,3.676875106320863
2011-03-23 03:00:00,2.8554273596400135
2011-03-23 05:00:00,8.503099793698434
2011-03-23 06:00:00,40.806743542242394
2011-03-23 07:00:00,89.49885934958002
2011-03-23 08:00:00,278.7801950548294
2011-03-23 09:00:00,141.60760700472997
2011-03-23 10:00:00,66.86128610546795
2011-03-23 11:00:00,65.73907821175463
2011-03-23 12:00:00,75.14586636723487
2011-03-23 13:00:00,46.03993192273084
2011-03-23 14:00:00,75.47174544602495
2011-03-23 15:00:00,93.96177029446147
2011-03-23 16:00:00,141.14817387975157
2011-03-23 17:00:00,296.31405349814116
2011-03-23 18:00:00,156.40702815117214
2011-03-23 19:00:00,75.89560639153152
2011-03-23 20:00:00,33.1091748294565
2011-03-23 21:00:00,33.44670243672307
2011-03-23 22:00:00,36.23563355405721
2011-03-23 23:00:00,26.23972299959938
2011-03-24 00:00:00,12.908903245170269
2011-03-24 01:00:00,4.3822085228388135
2011-03-24 02:00:00,3.1276783764971547
2011-03-24 03:00:00,2.6099015620872885
2011-03-24 04:00:00,2.2696811019262144
2011-03-24 05:00:00,9.050927288522205
2011-03-24 06:00:00,41.7357599300646
2011-03-24 07:00:00,36.94031687149094
2011-03-24 08:00:00,107.55525006217243
2011-03-24 09:00:00,95.4169640503291
2011-03-24 10:00:00,44.069369257790214
2011-03-24 11:00:00,52.13695637085927
2011-03-24 12:00:00,59.529907428612745
2011-03-24 13:00:00,80.56927727221832
2011-03-24 14:00:00,67.23430279353087
2011-03-24 15:00:00,68.95552893811778
2011-03-24 16:00:00,116.6683031241929
2011-03-24 17:00:00,287.27358926641534
2011-03-24 18:00:00,284.34107213886296
2011-03-24 19:00:00,158.58329103493486
2011-03-24 20:00:00,102.90295417104088
2011-03-24 21:00:00,58.68417248217579
2011-03-24 22:00:00,50.90117305167382
2011-03-24 23:00:00,23.245480338220098
2011-03-25 00:00:00,18.32544526751406
2011-03-25 01:00:00,9.937180711083608
2011-03-25 02:00:00,3.2946029837740904
2011-03-25 03:00:00,2.631091354899096
2011-03-25 04:00:00,1.9827468086029991
2011-03-25 05:00:00,10.43046939554731
2011-03-25 06:00:00,28.886325540843153
2011-03-25 07:00:00,121.71593648122271
2011-03-25 08:00:00,269.392990014004
2011-03-25 09:00:00,134.9817965737515
2011-03-25 10:00:00,60.10155369807448
2011-03-25 11:00:00,62.701675847671304
2011-03-25 12:00:00,111.1398935889017
2011-03-25 13:00:00,109.2883464742057
2011-03-25 14:00:00,105.06151107290435
2011-03-25 15:00:00,107.9082587698741
2011-03-25 16:00:00,147.75697408577594
2011-03-25 17:00:00,274.9532326137269
2011-03-25 18:00:00,257.21914666471866
2011-03-25 19:00:00,134.31510143906561
2011-03-25 20:00:00,79.61724215549081
2011-03-25 21:00:00,62.34997205751086
2011-03-25 22:00:00,44.45314583450103
2011-03-25 23:00:00,36.73601907012527
2011-03-26 00:00:00,32.68072354814303
2011-03-26 01:00:00,21.954086306582276
2011-03-26 02:00:00,16.043567251782306
2011-03-26 03:00:00,12.199431960514195
2011-03-26 04:00:00,2.6753894996121574
2011-03-26 05:00:00,2.475930448489015
2011-03-26 06:00:00,8.834965971775095
2011-03-26 07:00:00,14.30881868191377
2011-03-26 08:00:00,32.859258018396524
2011-03-26 09:00:00,50.14047664789854
2011-03-26 10:00:00,117.6184304115752
2011-03-26 11:00:00,141.72151608181775
2011-03-26 12:00:00,196.96895422198486
2011-03-26 13:00:00,213.7867593553039
2011-03-26 14:00:00,188.62786183702252
2011-03-26 15:00:00,192.29522329152041
2011-03-26 16:00:00,172.67088042092166
2011-03-26 17:00:00,140.31259769685713
2011-03-26 18:00:00,112.73006610920818
2011-03-26 19:00:00,98.69976806559072
2011-03-26 20:00:00,54.81807770963895
2011-03-26 21:00:00,51.041699936837695
2011-03-26 22:00:00,46.141718411617205
2011-03-26 23:00:00,30.93204574869223
2011-03-27 00:00:00,35.8201712456714
2011-03-27 01:00:00,19.843329942920086
2011-03-27 02:00:00,15.504416202566139
2011-03-27 03:00:00,9.150827381096606
2011-03-27 04:00:00,2.987953769171582
2011-03-27 06:00:00,6.820400552257795
2011-03-27 07:00:00,10.795995626631628
2011-03-27 08:00:00,23.828910510452
2011-03-27 09:00:00,44.370624554120525
2011-03-27 10:00:00,115.80242076465066
2011-03-27 11:00:00,138.11391845716935
2011-03-27 12:00:00,181.4255232800118
2011-03-27 13:00:00,208.65985142157572
2011-03-27 14:00:00,183.58154360617303
2011-03-27 15:00:00,179.4025112176899
2011-03-27 16:00:00,173.39780889951703
2011-03-27 17:00:00,140.58306515842335
2011-03-27 18:00:00,119.64190508461267
2011-03-27 19:00:00,102.46258362543855
2011-03-27 20:00:00,57.5894315265447
2011-03-27 21:00:00,48.42556977269305
2011-03-27 22:00:00,44.39386816558485
2011-03-27 23:00:00,35.011713802278116
2011-03-28 00:00:00,12.466510823048164
2011-03-28 01:00:00,4.262657901651693
2011-03-28 02:00:00,2.911498633156436
2011-03-28 03:00:00,2.25851223752202
2011-03-28 05:00:00,9.766412683774345
2011-03-28 06:00:00,32.370003359360815
2011-03-28 07:00:00,128.3891106443069
2011-03-28 08:00:00,276.9938033223578
2011-03-28 09:00:00,132.69872721616505
2011-03-28 10:00:00,53.76604923914029
2011-03-28 11:00:00,47.60724561895404
2011-03-28 12:00:00,60.630545754496204
2011-03-28 13:00:00,70.23981268372665
2011-03-28 14:00:00,75.87479801093511
2011-03-28 15:00:00,79.66239568044551
2011-03-28 16:00:00,126.59576192843353
2011-03-28 17:00:00,287.63234727588963
2011-03-28 18:00:00,285.8715834357063
2011-03-28 19:00:00,163.7860598669846
2011-03-28 20:00:00,114.04495847607893
2011-03-28 21:00:00,75.30193506510459
2011-03-28 22:00:00,51.09643726256846
2011-03-28 23:00:00,26.751534134599908
2011-03-29 00:00:00,12.533550722417415
2011-03-29 01:00:00,3.5009376367881258
2011-03-29 02:00:00,2.8987716806505013
2011-03-29 03:00:00,2.21019104755494
2011-03-29 04:00:00,1.9536850989357917
2011-03-29 05:00:00,9.315538666608855
2011-03-29 06:00:00,33.743116011912626
2011-03-29 07:00:00,128.79672338093368
2011-03-29 08:00:00,283.67809072982703
2011-03-29 09:00:00,136.82572082176353
2011-03-29 10:00:00,55.897819017165325
2011-03-29 11:00:00,70.44510633319267
2011-03-29 12:00:00,85.01108461933231
2011-03-29 13:00:00,82.26590808669489
2011-03-29 14:00:00,84.20058839367151
2011-03-29 15:00:00,96.7543499027858
2011-03-29 16:00:00,133.40061525169682
2011-03-29 17:00:00,292.08993946375836
2011-03-29 18:00:00,298.73533217940906
2011-03-29 19:00:00,166.91691825123175
2011-03-29 20:00:00,129.34980962849474
2011-03-29 21:00:00,80.09894170102727
2011-03-29 22:00:00,67.84232096904914
2011-03-29 23:00:00,28.728550039550928
2011-03-30 00:00:00,13.210377441003557
2011-03-30 01:00:00,7.284372504406757
2011-03-30 02:00:00,4.583576800924756
2011-03-30 03:00:00,3.290878179747628
2011-03-30 04:00:00,3.5472703561214147
2011-03-30 05:00:00,10.262083724298314
2011-03-30 06:00:00,42.27473972598837
2011-03-30 07:00:00,140.58494652352775
2011-03-30 08:00:00,298.37917611069093
2011-03-30 09:00:00,139.26765629519116
2011-03-30 10:00:00,72.32955113025075
2011-03-30 11:00:00,77.2461975116577
2011-03-30 12:00:00,86.23602405838257
2011-03-30 13:00:00,92.69825617954999
2011-03-30 14:00:00,85.4360258515085
2011-03-30 15:00:00,30.601193566059766
2011-03-30 16:00:00,31.21353111930206
2011-03-30 17:00:00,147.6302470814747
2011-03-30 18:00:00,251.30807783632977
2011-03-30 19:00:00,124.25906822167755
2011-03-30 20:00:00,36.291988880666054
2011-03-30 21:00:00,53.19281373469407
2011-03-30 22:00:00,29.623762315827246
2011-03-30 23:00:00,19.564963955807364
2011-03-31 00:00:00,8.802071179548133
2011-03-31 01:00:00,4.464950266251886
2011-03-31 02:00:00,3.086987591945455
2011-03-31 03:00:00,2.2687390445793483
2011-03-31 04:00:00,2.2051910525911524
2011-03-31 05:00:00,7.989974799720796
2011-03-31 06:00:00,24.072250916504032
2011-03-31 07:00:00,39.24208711002516
2011-03-31 08:00:00,256.1494902013859
2011-03-31 09:00:00,35.70248499601999
2011-03-31 10:00:00,26.23407501136891
2011-03-31 11:00:00,31.036112211781166
2011-03-31 12:00:00,37.31344592328443
2011-03-31 13:00:00,35.403279650408734
2011-03-31 14:00:00,34.09588055798064
2011-03-31 15:00:00,28.584567331864896
2011-03-31 16:00:00,108.72515718919269
2011-03-31 17:00:00,253.11391025298258
2011-03-31 18:00:00,264.5207332053531
2011-03-31 19:00:00,145.7588410297331
2011-03-31 20:00:00,35.137111062004045
2011-03-31 21:00:00,57.46256718095978
2011-03-31 22:00:00,26.00997026055223
2011-03-31 23:00:00,23.57136776044957
2011-04-20 00:00:00,22.711150444824483
2011-04-20 01:00:00,5.920664922771862
2011-04-20 02:00:00,7.273559375978364
2011-04-20 03:00:00,3.9714296098525255
2011-04-20 04:00:00,3.8011924663297334
2011-04-20 05:00:00,12.93746821961453
2011-04-20 06:00:00,55.951721903865945
2011-04-20 07:00:00,74.55904430532121
2011-04-20 08:00:00,406.76093790532843
2011-04-20 09:00:00,173.0582645837155
2011-04-20 10:00:00,96.097771497125
2011-04-20 11:00:00,113.08648532141775
2011-04-20 12:00:00,147.90150712870033
2011-04-20 13:00:00,145.1615771692886
2011-04-20 14:00:00,118.57069282297992
2011-04-20 15:00:00,145.46390283548158
2011-04-20 16:00:00,179.38130221590836
2011-04-20 17:00:00,382.95478186661546
2011-04-20 18:00:00,378.01651863534505
2011-04-20 19:00:00,298.4501230854987
2011-04-20 20:00:00,174.1515219274225
2011-04-20 21:00:00,144.86975298208387
2011-04-20 22:00:00,90.85834380556874
2011-04-20 23:00:00,66.61972137415368
2011-04-21 00:00:00,24.63841030503377
2011-04-21 01:00:00,12.37932493126785
2011-04-21 02:00:00,8.941798283761404
2011-04-21 03:00:00,3.059534598918119
2011-04-21 04:00:00,4.144005127355381
2011-04-21 05:00:00,12.741302144781173
2011-04-21 06:00:00,47.522213693428625
2011-04-21 07:00:00,194.73332345998386
2011-04-21 08:00:00,319.002907858354
2011-04-21 09:00:00,169.92397767574502
2011-04-21 10:00:00,79.91937424778102
2011-04-21 11:00:00,92.9559386292479
2011-04-21 12:00:00,116.6903363859465
2011-04-21 13:00:00,119.7368921504173
2011-04-21 14:00:00,106.18768747159737
2011-04-21 15:00:00,130.89707052309157
2011-04-21 16:00:00,186.86375325516155
2011-04-21 17:00:00,348.65791468558405
2011-04-21 18:00:00,343.6670899857953
2011-04-21 19:00:00,251.42433097885538
2011-04-21 20:00:00,188.1839158520612
2011-04-21 21:00:00,109.8584001957336
2011-04-21 22:00:00,93.98766222107633
2011-04-21 23:00:00,43.32801712394928
2011-04-22 00:00:00,29.375454353404365
2011-04-22 01:00:00,12.028756797087702
2011-04-22 02:00:00,7.584424663249978
2011-04-22 03:00:00,3.989597375285893
2011-04-22 04:00:00,3.369848818934938
2011-04-22 05:00:00,12.38463303513899
2011-04-22 06:00:00,39.39465077558668
2011-04-22 07:00:00,133.0209325347922
2011-04-22 08:00:00,299.8459413300362
2011-04-22 09:00:00,53.84749752085767
2011-04-22 10:00:00,87.3315224817877
2011-04-22 11:00:00,65.65803612927603
2011-04-22 12:00:00,49.785645265748904
2011-04-22 13:00:00,37.80507191276285
2011-04-22 14:00:00,25.609204140360145
2011-04-22 15:00:00,33.90795560598518
2011-04-22 16:00:00,84.71346387501939
2011-04-22 17:00:00,188.05407762568586
2011-04-22 18:00:00,180.14335811985399
2011-04-22 19:00:00,39.94210911595415
2011-04-22 20:00:00,30.886868822323496
2011-04-22 21:00:00,45.763026170318746
2011-04-22 22:00:00,43.408537977193646
2011-04-22 23:00:00,38.015135274103656
2011-04-23 00:00:00,35.213698356244976
2011-04-23 01:00:00,26.645226176052198
2011-04-23 02:00:00,14.528574786278835
2011-04-23 03:00:00,9.635281379248536
2011-04-23 04:00:00,3.8617701780546643
2011-04-23 05:00:00,3.7722442526764532
2011-04-23 06:00:00,8.763147937270574
2011-04-23 07:00:00,12.779153390789862
2011-04-23 08:00:00,48.04033561283047
2011-04-23 09:00:00,82.46305950639383
2011-04-23 10:00:00,144.28999846287076
2011-04-23 11:00:00,188.8826725029264
2011-04-23 12:00:00,230.9472736120879
2011-04-23 13:00:00,237.58908099879653
2011-04-23 14:00:00,313.7356252791393
2011-04-23 15:00:00,324.7855803305066
2011-04-23 16:00:00,315.7794360473323
2011-04-23 17:00:00,304.91478908868896
2011-04-23 18:00:00,221.79546168547776
2011-04-23 19:00:00,186.73789769641087
2011-04-23 20:00:00,115.46796062508352
2011-04-23 21:00:00,77.12401447381913
2011-04-23 22:00:00,83.709554819772
2011-04-23 23:00:00,57.92108227208107
2011-04-24 00:00:00,52.17951931145975
2011-04-24 01:00:00,48.39597474300477
2011-04-24 02:00:00,37.90146590146611
2011-04-24 03:00:00,15.43130478857011
2011-04-24 04:00:00,6.800462578881028
2011-04-24 05:00:00,7.0366188878334555
2011-04-24 06:00:00,7.577897425296203
2011-04-24 07:00:00,21.215095186166707
2011-04-24 08:00:00,63.58366687155521
2011-04-24 09:00:00,113.75527980941632
2011-04-24 10:00:00,187.89423264328698
2011-04-24 11:00:00,283.1142679042795
2011-04-24 12:00:00,338.9949514990692
2011-04-24 13:00:00,330.94855896084596
2011-04-24 14:00:00,304.83421477743417
2011-04-24 15:00:00,334.12878080858684
2011-04-24 16:00:00,309.4340981350396
2011-04-24 17:00:00,313.26249132458975
2011-04-24 18:00:00,241.87325514930856
2011-04-24 19:00:00,137.75103563743573
2011-04-24 20:00:00,106.0020518933901
2011-04-24 21:00:00,81.40802087806756
2011-04-24 22:00:00,42.04363292304431
2011-04-24 23:00:00,40.9922739083702
2011-04-25 00:00:00,10.479129381905901
2011-04-25 01:00:00,6.490481864954572
2011-04-25 02:00:00,6.975893417350209
2011-04-25 03:00:00,3.7941610656923688
2011-04-25 04:00:00,4.508338572477186
2011-04-25 05:00:00,10.331187668840636
2011-04-25 06:00:00,55.63025204377873
2011-04-25 07:00:00,77.95353303691012
2011-04-25 08:00:00,357.02444427527274
2011-04-25 09:00:00,175.40115908838857
2011-04-25 10:00:00,90.16265150313528
2011-04-25 11:00:00,93.5727241711841
2011-04-25 12:00:00,140.11414149355028
2011-04-25 13:00:00,139.26934904628925
2011-04-25 14:00:00,116.60424694579307
2011-04-25 15:00:00,154.91555479906873
2011-04-25 16:00:00,179.2742353149477
2011-04-25 17:00:00,394.00846319070774
2011-04-25 18:00:00,391.3583579624997
2011-04-25 19:00:00,306.7040755063581
2011-04-25 20:00:00,166.3428326952109
2011-04-25 21:00:00,141.1222522531898
2011-04-25 22:00:00,88.9134990576758
2011-04-25 23:00:00,50.5889193819741
2011-04-26 00:00:00,24.625484040341586
2011-04-26 01:00:00,10.539170731048667
2011-04-26 02:00:00,6.557370527281905
2011-04-26 03:00:00,3.356759641843972
2011-04-26 04:00:00,4.311267542549542
2011-04-26 05:00:00,15.994523376435872
2011-04-26 06:00:00,64.01951194259205
2011-04-26 07:00:00,198.61363091838956
2011-04-26 08:00:00,366.3369848413232
2011-04-26 09:00:00,176.77375667610957
2011-04-26 10:00:00,87.47778110835051
2011-04-26 11:00:00,90.33439086269985
2011-04-26 12:00:00,139.81069099128615
2011-04-26 13:00:00,145.0099385032897
2011-04-26 14:00:00,116.046827983122
2011-04-26 15:00:00,140.41091116489523
2011-04-26 16:00:00,179.0693657165977
2011-04-26 17:00:00,398.992358739107
2011-04-26 18:00:00,391.51364260635995
2011-04-26 19:00:00,317.01599086680415
2011-04-26 20:00:00,169.1693382633971
2011-04-26 21:00:00,126.85522788959042
2011-04-26 22:00:00,80.91436070048672
2011-04-26 23:00:00,50.78766673700791
2011-04-27 00:00:00,23.94206988679366
2011-04-27 01:00:00,10.118153422300349
2011-04-27 02:00:00,7.0406376560808495
2011-04-27 03:00:00,3.088274341092336
2011-04-27 04:00:00,4.581363545643155
2011-04-27 05:00:00,11.985730803691997
2011-04-27 06:00:00,62.326044752340025
2011-04-27 07:00:00,182.0873545245061
2011-04-27 08:00:00,352.2308805157543
2011-04-27 09:00:00,154.35772184712633
2011-04-27 10:00:00,86.28144527873843
2011-04-27 11:00:00,87.49732206517746
2011-04-27 12:00:00,126.10328614834305
2011-04-27 13:00:00,127.00693910535279
2011-04-27 14:00:00,108.75412325676098
2011-04-27 15:00:00,127.17817157542618
2011-04-27 16:00:00,179.2022924821176
2011-04-27 17:00:00,253.12455386307394
2011-04-27 18:00:00,243.6557839225335
2011-04-27 19:00:00,313.57999861581294
2011-04-27 20:00:00,170.09552879951522
2011-04-27 21:00:00,109.47994142499974
2011-04-27 22:00:00,87.43737732178771
2011-04-27 23:00:00,52.010464135160404
2011-04-28 00:00:00,25.19884349723166
2011-04-28 01:00:00,10.157469643314414
2011-04-28 02:00:00,5.895192516964073
2011-04-28 03:00:00,3.7644765881676348
2011-04-28 04:00:00,4.337120881643154
2011-04-28 05:00:00,16.06073807570536
2011-04-28 06:00:00,64.08128034947511
2011-04-28 07:00:00,202.30566406663053
2011-04-28 08:00:00,402.4385782741675
2011-04-28 09:00:00,117.073874077157
2011-04-28 10:00:00,80.61439994712666
2011-04-28 11:00:00,77.91085063422055
2011-04-28 12:00:00,123.33730042865852
2011-04-28 13:00:00,113.64711044222615
2011-04-28 14:00:00,83.83343429920546
2011-04-28 15:00:00,137.50800664080197
2011-04-28 16:00:00,188.66031214681541
2011-04-28 17:00:00,391.0193685099049
2011-04-28 18:00:00,382.6319258767692
2011-04-28 19:00:00,296.7898930773982
2011-04-28 20:00:00,182.52736356972497
2011-04-28 21:00:00,149.02006457395294
2011-04-28 22:00:00,89.33245079779465
2011-04-28 23:00:00,55.543860075294724
2011-04-29 00:00:00,36.48694725691362
2011-04-29 01:00:00,16.587753464175382
2011-04-29 02:00:00,10.528958556045048
2011-04-29 03:00:00,8.014992703683596
2011-04-29 04:00:00,4.369830692367452
2011-04-29 05:00:00,15.803702803203642
2011-04-29 06:00:00,52.89235302263829
2011-04-29 07:00:00,187.1070046645405
2011-04-29 08:00:00,363.9219928010112
2011-04-29 09:00:00,193.06921503260065
2011-04-29 10:00:00,102.21315652277069
2011-04-29 11:00:00,154.24331396669527
2011-04-29 12:00:00,194.8015168170266
2011-04-29 13:00:00,193.51139643641585
2011-04-29 14:00:00,179.35626995235413
2011-04-29 15:00:00,185.8983102874479
2011-04-29 16:00:00,274.29718109084234
2011-04-29 17:00:00,332.72957403992865
2011-04-29 18:00:00,318.78748315226596
2011-04-29 19:00:00,197.8584774276159
2011-04-29 20:00:00,135.26690217972038
2011-04-29 21:00:00,109.83148070225675
2011-04-29 22:00:00,95.31879451315555
2011-04-29 23:00:00,62.84103043363878
2011-04-30 00:00:00,36.6703026934616
2011-04-30 01:00:00,30.12550172569081
2011-04-30 02:00:00,29.795284997925073
2011-04-30 03:00:00,18.714383981863094
2011-04-30 04:00:00,5.997407085820927
2011-04-30 05:00:00,5.09327625334114
2011-04-30 06:00:00,12.679075990446385
2011-04-30 07:00:00,29.946243982523065
2011-04-30 08:00:00,53.13071399629115
2011-04-30 09:00:00,102.77450433603653
2011-04-30 10:00:00,181.3785950813076
2011-04-30 11:00:00,262.3260205079551
2011-04-30 12:00:00,331.1270635706073
2011-04-30 13:00:00,323.96681169717
2011-04-30 14:00:00,317.5300489299291
2011-04-30 15:00:00,316.8105665582833
2011-04-30 16:00:00,312.37850687362555
2011-04-30 17:00:00,308.52392356442056
2011-04-30 18:00:00,232.85254654514938
2011-04-30 19:00:00,192.70370899787375
2011-04-30 20:00:00,106.04610304003964
2011-04-30 21:00:00,92.4937357171139
2011-04-30 22:00:00,75.64172594498001
2011-04-30 23:00:00,52.99440580868284
2011-05-20 00:00:00,41.2093246791386
2011-05-20 01:00:00,15.810785036874563
2011-05-20 02:00:00,6.216753030266077
2011-05-20 03:00:00,7.502568402556066
2011-05-20 04:00:00,6.302892345854164
2011-05-20 05:00:00,16.249280412050826
2011-05-20 06:00:00,88.02648478483457
2011-05-20 07:00:00,245.35341257267206
2011-05-20 08:00:00,452.8656852728295
2011-05-20 09:00:00,236.21225504234795
2011-05-20 10:00:00,148.09341610874998
2011-05-20 11:00:00,175.48735665342292
2011-05-20 12:00:00,236.69416107279028
2011-05-20 13:00:00,222.20931847426561
2011-05-20 14:00:00,225.71018409200704
2011-05-20 15:00:00,241.08150024957033
2011-05-20 16:00:00,366.3066758112848
2011-05-20 17:00:00,393.03200081449506
2011-05-20 18:00:00,437.7772557520469
2011-05-20 19:00:00,298.2193817473401
2011-05-20 20:00:00,224.60738402343296
2011-05-20 21:00:00,177.61355851505948
2011-05-20 22:00:00,151.08688354380968
2011-05-20 23:00:00,128.28888187685624
2011-05-21 00:00:00,96.42992854202558
2011-05-21 01:00:00,72.433058052157
2011-05-21 02:00:00,60.31087282316645
2011-05-21 03:00:00,24.15805395014068
2011-05-21 04:00:00,5.985633259939814
2011-05-21 05:00:00,7.559478259498338
2011-05-21 06:00:00,18.00271979155911
2011-05-21 07:00:00,52.249253244075106
2011-05-21 08:00:00,110.54179055442876
2011-05-21 09:00:00,197.03643562183655
2011-05-21 10:00:00,274.20482955900064
2011-05-21 11:00:00,380.1048454396486
2011-05-21 12:00:00,394.1418877618018
2011-05-21 13:00:00,396.34054801107897
2011-05-21 14:00:00,384.2624998179898
2011-05-21 15:00:00,397.807750721941
2011-05-21 16:00:00,403.59959394699683
2011-05-21 17:00:00,397.9281187431208
2011-05-21 18:00:00,326.66879878461236
2011-05-21 19:00:00,347.46770869452973
2011-05-21 20:00:00,201.13777176241535
2011-05-21 21:00:00,175.65545997861858
2011-05-21 22:00:00,140.41237356185587
2011-05-21 23:00:00,95.46763790787304
2011-05-22 00:00:00,87.57267041845127
2011-05-22 01:00:00,64.1922924281762
2011-05-22 02:00:00,52.899038191704705
2011-05-22 03:00:00,22.942446901312678
2011-05-22 04:00:00,9.814899394359966
2011-05-22 05:00:00,9.899568510268267
2011-05-22 06:00:00,11.179753170085434
2011-05-22 07:00:00,45.93032249686686
2011-05-22 08:00:00,95.83237589570005
2011-05-22 09:00:00,181.63265516196222
2011-05-22 10:00:00,267.5521547194797
2011-05-22 11:00:00,370.32890578217405
2011-05-22 12:00:00,390.6841043933421
2011-05-22 13:00:00,390.15263735717434
2011-05-22 14:00:00,306.66147462987226
2011-05-22 15:00:00,377.75540772352144
2011-05-22 16:00:00,389.24466891242054
2011-05-22 17:00:00,384.60313139361506
2011-05-22 18:00:00,312.5827045738688
2011-05-22 19:00:00,324.97791971158944
2011-05-22 20:00:00,208.60627018858466
2011-05-22 21:00:00,158.76008664803553
2011-05-22 22:00:00,129.44618921582924
2011-05-22 23:00:00,70.55822268693572
2011-05-23 00:00:00,26.99614059617825
2011-05-23 01:00:00,10.956651667344904
2011-05-23 02:00:00,6.632539965573481
2011-05-23 03:00:00,3.6111435901841045
2011-05-23 04:00:00,5.193325433615827
2011-05-23 05:00:00,16.08992267592887
2011-05-23 06:00:00,77.72614288342683
2011-05-23 07:00:00,217.94230665699058
2011-05-23 08:00:00,393.69620351017176
2011-05-23 09:00:00,185.7332429668457
2011-05-23 10:00:00,120.77396347547761
2011-05-23 11:00:00,141.0690618802487
2011-05-23 12:00:00,188.41347891874784
2011-05-23 13:00:00,175.7938745361036
2011-05-23 14:00:00,156.29437599077838
2011-05-23 15:00:00,174.36703414892668
2011-05-23 16:00:00,268.9211337883633
2011-05-23 17:00:00,404.14051601439604
2011-05-23 18:00:00,499.27499402326106
2011-05-23 19:00:00,368.7151643186929
2011-05-23 20:00:00,204.46631587776795
2011-05-23 21:00:00,117.1899984542583
2011-05-23 22:00:00,96.86234877482775
2011-05-23 23:00:00,62.26555550591005
2011-05-24 00:00:00,20.039093063438795
2011-05-24 01:00:00,9.66826106064703
2011-05-24 02:00:00,7.894699408708726
2011-05-24 03:00:00,4.077440124595084
2011-05-24 04:00:00,5.85898615116338
2011-05-24 05:00:00,16.751631962738927
2011-05-24 06:00:00,94.82729260703772
2011-05-24 07:00:00,183.8556859856576
2011-05-24 08:00:00,361.31991855077547
2011-05-24 09:00:00,212.6901027682673
2011-05-24 10:00:00,119.53749758702787
2011-05-24 11:00:00,152.10045259282813
2011-05-24 12:00:00,182.68297594692524
2011-05-24 13:00:00,182.09497137738504
2011-05-24 14:00:00,161.70776963391117
2011-05-24 15:00:00,161.9083901461737
2011-05-24 16:00:00,287.6930716565477
2011-05-24 17:00:00,413.87245641574714
2011-05-24 18:00:00,502.54535689608616
2011-05-24 19:00:00,371.8429597632413
2011-05-24 20:00:00,286.8880908542272
2011-05-24 21:00:00,199.09295593716217
2011-05-24 22:00:00,93.53594382636206
2011-05-24 23:00:00,74.37702765682303
2011-05-25 00:00:00,23.03507553107329
2011-05-25 01:00:00,12.144491195643916
2011-05-25 02:00:00,8.724893068977789
2011-05-25 03:00:00,4.186301803247054
2011-05-25 04:00:00,5.959241205082797
2011-05-25 05:00:00,21.608748445757374
2011-05-25 06:00:00,99.46865895953047
2011-05-25 07:00:00,306.548881684617
2011-05-25 08:00:00,420.98420907513787
2011-05-25 09:00:00,210.6047179670752
2011-05-25 10:00:00,122.720531042996
2011-05-25 11:00:00,156.4432192897617
2011-05-25 12:00:00,184.2378931268185
2011-05-25 13:00:00,178.4814175571861
2011-05-25 14:00:00,164.85357701646453
2011-05-25 15:00:00,171.3576690143535
2011-05-25 16:00:00,285.03291189543177
2011-05-25 17:00:00,547.8631298343769
2011-05-25 18:00:00,521.6470193895052
2011-05-25 19:00:00,389.9777588590555
2011-05-25 20:00:00,299.2027892914153
2011-05-25 21:00:00,220.67300825473166
2011-05-25 22:00:00,151.51253851446575
2011-05-25 23:00:00,93.02276607462258
2011-05-26 00:00:00,39.610058839848975
2011-05-26 01:00:00,15.118870821147206
2011-05-26 02:00:00,8.5345015426212
2011-05-26 03:00:00,4.381834322989215
2011-05-26 04:00:00,5.988887167630412
2011-05-26 05:00:00,22.085241431067132
2011-05-26 06:00:00,80.09383882810388
2011-05-26 07:00:00,217.08282217005942
2011-05-26 08:00:00,423.39581706790074
2011-05-26 09:00:00,213.06388793653684
2011-05-26 10:00:00,121.7559834222711
2011-05-26 11:00:00,153.50779957934563
2011-05-26 12:00:00,180.7080457556563
2011-05-26 13:00:00,169.23367842602016
2011-05-26 14:00:00,153.14430196101327
2011-05-26 15:00:00,168.36346567012617
2011-05-26 16:00:00,271.2452728919179
2011-05-26 17:00:00,523.4375469916426
2011-05-26 18:00:00,504.6320036401292
2011-05-26 19:00:00,385.55057435946975
2011-05-26 20:00:00,291.84397569317474
2011-05-26 21:00:00,203.2340593148831
2011-05-26 22:00:00,158.96361045423305
2011-05-26 23:00:00,101.4819520755335
2011-05-27 00:00:00,68.17773132276794
2011-05-27 01:00:00,23.263591014535876
2011-05-27 02:00:00,16.65108668951308
2011-05-27 03:00:00,6.585793328135569
2011-05-27 04:00:00,5.974633101688344
2011-05-27 05:00:00,22.874456770068903
2011-05-27 06:00:00,98.08699640227032
2011-05-27 07:00:00,242.91515569075082
2011-05-27 08:00:00,424.35826613680456
2011-05-27 09:00:00,223.6793121634289
2011-05-27 10:00:00,149.90165571893857
2011-05-27 11:00:00,170.1240105436004
2011-05-27 12:00:00,221.92673016680106
2011-05-27 13:00:00,226.0628218589382
2011-05-27 14:00:00,215.40980204204533
2011-05-27 15:00:00,225.81907205128672
2011-05-27 16:00:00,346.3152649774877
2011-05-27 17:00:00,528.4727405213779
2011-05-27 18:00:00,439.66157925763264
2011-05-27 19:00:00,273.25276426360335
2011-05-27 20:00:00,237.5749649761118
2011-05-27 21:00:00,143.04126149912491
2011-05-27 22:00:00,154.2395722578845
2011-05-27 23:00:00,130.15270006424691
2011-05-28 00:00:00,98.968473287869
2011-05-28 01:00:00,67.65904422267367
2011-05-28 02:00:00,51.17066228243259
2011-05-28 03:00:00,25.257824608060947
2011-05-28 04:00:00,5.9884403218552125
2011-05-28 05:00:00,7.677220513329113
2011-05-28 06:00:00,16.46596806920035
2011-05-28 07:00:00,52.64987183547677
2011-05-28 08:00:00,116.93830063141789
2011-05-28 09:00:00,196.8459709219074
2011-05-28 10:00:00,269.6869801418987
2011-05-28 11:00:00,353.96093127459943
2011-05-28 12:00:00,384.6113716238519
2011-05-28 13:00:00,386.7331743471601
2011-05-28 14:00:00,359.01776278762327
2011-05-28 15:00:00,395.840457976086
2011-05-28 16:00:00,386.8626940007892
2011-05-28 17:00:00,387.944874605069
2011-05-28 18:00:00,308.3974715729995
2011-05-28 19:00:00,313.3549375467012
2011-05-28 20:00:00,233.1325029607438
2011-05-28 21:00:00,165.51055246644046
2011-05-28 22:00:00,160.80567901160913
2011-05-28 23:00:00,113.49706845905128
2011-05-29 00:00:00,98.90759951004178
2011-05-29 01:00:00,73.86514882317823
2011-05-29 02:00:00,54.631746653169515
2011-05-29 03:00:00,24.5935623133486
2011-05-29 04:00:00,8.691029092869089
2011-05-29 05:00:00,9.006138373998157
2011-05-29 06:00:00,14.655338198313666
2011-05-29 07:00:00,42.0430261218329
2011-05-29 08:00:00,85.5315797189811
2011-05-29 09:00:00,85.68901886385429
2011-05-29 10:00:00,227.39873595360643
2011-05-29 11:00:00,284.4549771843211
2011-05-29 12:00:00,352.1882436630155
2011-05-29 13:00:00,385.6066286524149
2011-05-29 14:00:00,349.63971195302565
2011-05-29 15:00:00,373.1487692166952
2011-05-29 16:00:00,368.84609909111805
2011-05-29 17:00:00,355.11628229080304
2011-05-29 18:00:00,271.79651148191584
2011-05-29 19:00:00,304.7700295344753
2011-05-29 20:00:00,212.50454365491058
2011-05-29 21:00:00,160.7497609619254
2011-05-29 22:00:00,127.63049864699099
2011-05-29 23:00:00,83.44478504292358
2011-05-30 00:00:00,92.53622355766899
2011-05-30 01:00:00,54.82791976883226
2011-05-30 02:00:00,39.68056797798342
2011-05-30 03:00:00,16.04549300030097
2011-05-30 04:00:00,8.00094098240843
2011-05-30 05:00:00,9.75695044169035
2011-05-30 06:00:00,12.802946892845046
2011-05-30 07:00:00,43.91771547086706
2011-05-30 08:00:00,88.56647991185477
2011-05-30 09:00:00,202.73942932305806
2011-05-30 10:00:00,271.2919998780392
2011-05-30 11:00:00,363.21832153229207
2011-05-30 12:00:00,380.98886311988474
2011-05-30 13:00:00,386.8241554191669
2011-05-30 14:00:00,374.5148139099038
2011-05-30 15:00:00,362.5271171777578
2011-05-30 16:00:00,377.00187102333405
2011-05-30 17:00:00,386.2076002914258
2011-05-30 18:00:00,342.31135128499807
2011-05-30 19:00:00,242.81712126820838
2011-05-30 20:00:00,285.56788174269684
2011-05-30 21:00:00,287.65006861129825
2011-05-30 22:00:00,220.5670250102825
2011-05-30 23:00:00,109.34270752274101
2011-05-31 00:00:00,35.81153852567014
2011-05-31 01:00:00,13.170685936816668
2011-05-31 02:00:00,7.882926789436024
2011-05-31 03:00:00,4.124802914848521
2011-05-31 04:00:00,6.035263511943742
2011-05-31 05:00:00,20.77539743690754
2011-05-31 06:00:00,111.02458382175251
2011-05-31 07:00:00,302.9938221082954
2011-05-31 08:00:00,432.146717260779
2011-05-31 09:00:00,194.0513159605365
2011-05-31 10:00:00,120.85059310695426
2011-05-31 11:00:00,139.95867749775596
2011-05-31 12:00:00,156.61862292225732
2011-05-31 13:00:00,153.94813358839014
2011-05-31 14:00:00,145.98767860164327
2011-05-31 15:00:00,152.98941933325906
2011-05-31 16:00:00,239.9389386006696
2011-05-31 17:00:00,510.0988313849368
2011-05-31 18:00:00,504.15505345435946
2011-05-31 19:00:00,381.0007643017858
2011-05-31 20:00:00,273.0215127352744
2011-05-31 21:00:00,216.606988184848
2011-05-31 22:00:00,150.013212284718
2011-05-31 23:00:00,78.32264458274142
2011-06-20 00:00:00,32.83278576850411
2011-06-20 01:00:00,10.983604743414414
2011-06-20 02:00:00,8.253530659821658
2011-06-20 03:00:00,3.3911893742813968
2011-06-20 04:00:00,4.555725024151657
2011-06-20 05:00:00,19.421252765986385
2011-06-20 06:00:00,76.20232648845752
2011-06-20 07:00:00,162.28522760533303
2011-06-20 08:00:00,351.850784820396
2011-06-20 09:00:00,210.87857157647812
2011-06-20 10:00:00,120.06330784068562
2011-06-20 11:00:00,130.78454027393352
2011-06-20 12:00:00,178.49324272495892
2011-06-20 13:00:00,184.2711608797198
2011-06-20 14:00:00,173.62721232850373
2011-06-20 15:00:00,178.17610419639905
2011-06-20 16:00:00,301.9835217407991
2011-06-20 17:00:00,492.8327991280076
2011-06-20 18:00:00,529.9885933641024
2011-06-20 19:00:00,394.9083224625948
2011-06-20 20:00:00,289.291614085695
2011-06-20 21:00:00,206.9118196872007
2011-06-20 22:00:00,125.92182520959258
2011-06-20 23:00:00,87.91665006651752
2011-06-21 00:00:00,35.018831076059655
2011-06-21 01:00:00,13.088598465884006
2011-06-21 02:00:00,6.4303195035652045
2011-06-21 03:00:00,4.641221588999668
2011-06-21 04:00:00,5.397495108844521
2011-06-21 05:00:00,23.528267465710748
2011-06-21 06:00:00,103.21590132234844
2011-06-21 07:00:00,223.04273530958758
2011-06-21 08:00:00,398.91049782894476
2011-06-21 09:00:00,191.55317780188972
2011-06-21 10:00:00,119.25484408570452
2011-06-21 11:00:00,131.10257927199493
2011-06-21 12:00:00,176.05868652159145
2011-06-21 13:00:00,168.7950646766881
2011-06-21 14:00:00,159.59547194712226
2011-06-21 15:00:00,173.03956699834546
2011-06-21 16:00:00,281.81520062301144
2011-06-21 17:00:00,572.4811662669117
2011-06-21 18:00:00,533.0802789471193
2011-06-21 19:00:00,318.6337315298205
2011-06-21 20:00:00,189.65053426706945
2011-06-21 21:00:00,213.3832185601945
2011-06-21 22:00:00,152.4618861610814
2011-06-21 23:00:00,87.50178662159509
2011-06-22 00:00:00,37.06235649849196
2011-06-22 01:00:00,18.532979366602426
2011-06-22 02:00:00,7.05969192092153
2011-06-22 03:00:00,5.899542377265865
2011-06-22 04:00:00,5.601119439990159
2011-06-22 05:00:00,21.78746707815275
2011-06-22 06:00:00,107.68676680985678
2011-06-22 07:00:00,311.6962432940116
2011-06-22 08:00:00,411.02638363810723
2011-06-22 09:00:00,193.34962021915965
2011-06-22 10:00:00,126.0581424594378
2011-06-22 11:00:00,150.1430983896499
2011-06-22 12:00:00,171.88132010774027
2011-06-22 13:00:00,162.04181383270475
2011-06-22 14:00:00,153.28285424537447
2011-06-22 15:00:00,165.19034094867027
2011-06-22 16:00:00,261.16315372346264
2011-06-22 17:00:00,558.240913070906
2011-06-22 18:00:00,546.2974410677726
2011-06-22 19:00:00,382.4770014816054
2011-06-22 20:00:00,282.18265615934126
2011-06-22 21:00:00,206.02905284763114
2011-06-22 22:00:00,152.8919837214052
2011-06-22 23:00:00,93.4238847826112
2011-06-23 00:00:00,40.842228138410846
2011-06-23 01:00:00,17.612915909344355
2011-06-23 02:00:00,8.6753373979304
2011-06-23 03:00:00,4.760563818828753
2011-06-23 04:00:00,5.66241200372544
2011-06-23 05:00:00,23.911896247366187
2011-06-23 06:00:00,119.42012585148747
2011-06-23 07:00:00,315.4381532026904
2011-06-23 08:00:00,409.7527067347726
2011-06-23 09:00:00,209.93586079192886
2011-06-23 10:00:00,123.70862407018409
2011-06-23 11:00:00,135.39097805715247
2011-06-23 12:00:00,174.51230204066357
2011-06-23 13:00:00,171.11947385634176
2011-06-23 14:00:00,159.04691708125466
2011-06-23 15:00:00,172.24365317050325
2011-06-23 16:00:00,273.77461869098096
2011-06-23 17:00:00,570.1560572254924
2011-06-23 18:00:00,518.9268637351998
2011-06-23 19:00:00,368.3586583917605
2011-06-23 20:00:00,292.7743498909197
2011-06-23 21:00:00,219.24490324637037
2011-06-23 22:00:00,155.90383618485134
2011-06-23 23:00:00,107.0190754295375
2011-06-24 00:00:00,63.59778739808158
2011-06-24 01:00:00,22.35109732531827
2011-06-24 02:00:00,14.57583407188485
2011-06-24 03:00:00,6.103085289242774
2011-06-24 04:00:00,5.6991884282256695
2011-06-24 05:00:00,19.21911002788748
2011-06-24 06:00:00,102.58826415828838
2011-06-24 07:00:00,237.59560801873914
2011-06-24 08:00:00,415.04662651657264
2011-06-24 09:00:00,220.74936870698812
2011-06-24 10:00:00,141.31301910303625
2011-06-24 11:00:00,171.77000188946997
2011-06-24 12:00:00,218.6404407832572
2011-06-24 13:00:00,226.329282526962
2011-06-24 14:00:00,215.32137968816485
2011-06-24 15:00:00,224.326950086876
2011-06-24 16:00:00,345.83077029001845
2011-06-24 17:00:00,555.8541019069211
2011-06-24 18:00:00,460.7984933075679
2011-06-24 19:00:00,348.82352268735167
2011-06-24 20:00:00,289.200720206658
2011-06-24 21:00:00,234.90584834431445
2011-06-24 22:00:00,202.17013956441082
2011-06-24 23:00:00,152.3226170442158
2011-06-25 00:00:00,108.76316742434953
2011-06-25 01:00:00,85.10153844764352
2011-06-25 02:00:00,71.15901688318009
2011-06-25 03:00:00,29.82044349041464
2011-06-25 04:00:00,8.603899840869117
2011-06-25 05:00:00,9.775472519606613
2011-06-25 06:00:00,24.97032819404014
2011-06-25 07:00:00,63.35351799598468
2011-06-25 08:00:00,133.56836509136488
2011-06-25 09:00:00,206.41714090575869
2011-06-25 10:00:00,291.80723884885015
2011-06-25 11:00:00,374.743799958602
2011-06-25 12:00:00,412.8155671884404
2011-06-25 13:00:00,413.02533332010273
2011-06-25 14:00:00,400.02193066518635
2011-06-25 15:00:00,391.77422621571515
2011-06-25 16:00:00,413.9414955070803
2011-06-25 17:00:00,423.52353385636
2011-06-25 18:00:00,364.07354020908707
2011-06-25 19:00:00,353.32323613043695
2011-06-25 20:00:00,250.11395681690783
2011-06-25 21:00:00,199.1511145207335
2011-06-25 22:00:00,174.42631835941012
2011-06-25 23:00:00,128.69091095624466
2011-06-26 00:00:00,101.19457726848313
2011-06-26 01:00:00,87.03947947072743
2011-06-26 02:00:00,72.66095906974691
2011-06-26 03:00:00,31.990336724635593
2011-06-26 04:00:00,9.728333802944961
2011-06-26 05:00:00,10.236663817346297
2011-06-26 06:00:00,23.348865738089067
2011-06-26 07:00:00,53.61922302112538
2011-06-26 08:00:00,113.16239566573759
2011-06-26 09:00:00,188.518336152403
2011-06-26 10:00:00,288.0751047165557
2011-06-26 11:00:00,379.4835075776148
2011-06-26 12:00:00,398.0234901890467
2011-06-26 13:00:00,388.947909155037
2011-06-26 14:00:00,382.790221083572
2011-06-26 15:00:00,385.5492631257782
2011-06-26 16:00:00,399.08769411480813
2011-06-26 17:00:00,395.46240465394874
2011-06-26 18:00:00,352.2474867018353
2011-06-26 19:00:00,342.82992206552893
2011-06-26 20:00:00,235.06490732400943
2011-06-26 21:00:00,185.94763232877784
2011-06-26 22:00:00,171.4004615536452
2011-06-26 23:00:00,107.48826390034753
2011-06-27 00:00:00,32.67334263482587
2011-06-27 01:00:00,12.109873400315319
2011-06-27 02:00:00,6.343380540411058
2011-06-27 03:00:00,4.7859791556069675
2011-06-27 04:00:00,5.265653635244835
2011-06-27 05:00:00,21.98056741519443
2011-06-27 06:00:00,106.259686265635
2011-06-27 07:00:00,314.25487382731956
2011-06-27 08:00:00,391.19054758398886
2011-06-27 09:00:00,210.71483329253726
2011-06-27 10:00:00,120.80815314317124
2011-06-27 11:00:00,154.3140170832541
2011-06-27 12:00:00,173.08972720603987
2011-06-27 13:00:00,172.61019176499906
2011-06-27 14:00:00,163.92851261015306
2011-06-27 15:00:00,170.90306023481128
2011-06-27 16:00:00,286.9509686337449
2011-06-27 17:00:00,569.2589132656552
2011-06-27 18:00:00,494.7827294214173
2011-06-27 19:00:00,387.1384266094704
2011-06-27 20:00:00,291.69755582600226
2011-06-27 21:00:00,191.89528192760912
2011-06-27 22:00:00,128.9596323694944
2011-06-27 23:00:00,85.26378161391709
2011-06-28 00:00:00,36.680558125498884
2011-06-28 01:00:00,14.831966296311597
2011-06-28 02:00:00,9.74647358251086
2011-06-28 03:00:00,5.313886621996909
2011-06-28 04:00:00,5.396258660844562
2011-06-28 05:00:00,20.686871587066403
2011-06-28 06:00:00,110.91228181606333
2011-06-28 07:00:00,307.37239775437456
2011-06-28 08:00:00,414.58679915466416
2011-06-28 09:00:00,201.86917131679527
2011-06-28 10:00:00,118.68275897635363
2011-06-28 11:00:00,144.0580963443486
2011-06-28 12:00:00,168.4498127742079
2011-06-28 13:00:00,163.68118014943295
2011-06-28 14:00:00,148.898343348772
2011-06-28 15:00:00,155.42349964149273
2011-06-28 16:00:00,250.86920685349813
2011-06-28 17:00:00,399.5070823611934
2011-06-28 18:00:00,361.25136128330735
2011-06-28 19:00:00,368.437789482159
2011-06-28 20:00:00,282.24857051386033
2011-06-28 21:00:00,210.64462851786183
2011-06-28 22:00:00,151.98332235641206
2011-06-28 23:00:00,94.99289678623988
2011-06-29 00:00:00,36.769763130057385
2011-06-29 01:00:00,17.232641447232318
2011-06-29 02:00:00,8.5235655733044
2011-06-29 03:00:00,5.530831501400775
2011-06-29 04:00:00,5.682914481194826
2011-06-29 05:00:00,21.832022012488824
2011-06-29 06:00:00,117.08585986758504
2011-06-29 07:00:00,332.7326397017398
2011-06-29 08:00:00,456.7901378736011
2011-06-29 09:00:00,198.14552225322748
2011-06-29 10:00:00,119.79371376593954
2011-06-29 11:00:00,158.55063409163046
2011-06-29 12:00:00,182.85145731203022
2011-06-29 13:00:00,183.12018134412062
2011-06-29 14:00:00,163.6646065737188
2011-06-29 15:00:00,170.02265522298194
2011-06-29 16:00:00,283.0357128325033
2011-06-29 17:00:00,558.4562707130533
2011-06-29 18:00:00,548.9809691032549
2011-06-29 19:00:00,397.34367187225746
2011-06-29 20:00:00,304.362443258174
2011-06-29 21:00:00,233.93046803665922
2011-06-29 22:00:00,167.6536345965794
2011-06-29 23:00:00,100.08962520910057
2011-06-30 00:00:00,43.7814629337897
2011-06-30 01:00:00,16.387905298839197
2011-06-30 02:00:00,7.952237113710897
2011-06-30 03:00:00,5.319008362446056
2011-06-30 04:00:00,5.61717861660931
2011-06-30 05:00:00,24.411185068148477
2011-06-30 06:00:00,115.28907324376839
2011-06-30 07:00:00,328.1721428491909
2011-06-30 08:00:00,455.02978777466905
2011-06-30 09:00:00,211.88366305862095
2011-06-30 10:00:00,123.48317441305485
2011-06-30 11:00:00,156.2373858926972
2011-06-30 12:00:00,180.0279476003106
2011-06-30 13:00:00,179.66281634555475
2011-06-30 14:00:00,166.24740778092638
2011-06-30 15:00:00,173.8121057320088
2011-06-30 16:00:00,282.58286227319724
2011-06-30 17:00:00,582.7741105018173
2011-06-30 18:00:00,555.0457342338904
2011-06-30 19:00:00,395.4643765271321
2011-06-30 20:00:00,304.27239838077
2011-06-30 21:00:00,231.28685327480332
2011-06-30 22:00:00,167.59880188655507
2011-06-30 23:00:00,109.31565141295158
2011-07-20 00:00:00,33.818499888216
2011-07-20 01:00:00,13.40307496380503
2011-07-20 02:00:00,7.663883493914166
2011-07-20 03:00:00,5.328691180042279
2011-07-20 04:00:00,5.769874276827095
2011-07-20 05:00:00,22.58298339620437
2011-07-20 06:00:00,111.17268239195641
2011-07-20 07:00:00,294.9743399608696
2011-07-20 08:00:00,407.4143600555733
2011-07-20 09:00:00,200.65171475782262
2011-07-20 10:00:00,115.55850824580332
2011-07-20 11:00:00,144.83221664685368
2011-07-20 12:00:00,159.53088507372925
2011-07-20 13:00:00,157.66144044237572
2011-07-20 14:00:00,145.89749068372078
2011-07-20 15:00:00,158.20521257756724
2011-07-20 16:00:00,255.96199548162767
2011-07-20 17:00:00,493.6094564132204
2011-07-20 18:00:00,492.6353900185306
2011-07-20 19:00:00,367.1355453582338
2011-07-20 20:00:00,266.13820690085515
2011-07-20 21:00:00,207.7449883554731
2011-07-20 22:00:00,154.95881482275496
2011-07-20 23:00:00,96.49833525919755
2011-07-21 00:00:00,43.49011556971607
2011-07-21 01:00:00,13.97504578559075
2011-07-21 02:00:00,7.566773876379729
2011-07-21 03:00:00,4.698062901102871
2011-07-21 04:00:00,5.347877986959503
2011-07-21 05:00:00,22.098913097228014
2011-07-21 06:00:00,118.67437438031622
2011-07-21 07:00:00,297.5469602889603
2011-07-21 08:00:00,416.07917145815486
2011-07-21 09:00:00,194.95304427566037
2011-07-21 10:00:00,121.36021206557662
2011-07-21 11:00:00,137.72891260849886
2011-07-21 12:00:00,152.15305156973272
2011-07-21 13:00:00,150.85008810024414
2011-07-21 14:00:00,141.14323056039768
2011-07-21 15:00:00,150.77871865165153
2011-07-21 16:00:00,241.6546641052436
2011-07-21 17:00:00,456.01898997210475
2011-07-21 18:00:00,456.7512538763396
2011-07-21 19:00:00,362.89997865711075
2011-07-21 20:00:00,259.03776981233517
2011-07-21 21:00:00,208.2855637122828
2011-07-21 22:00:00,150.07937292751166
2011-07-21 23:00:00,102.80128508293764
2011-07-22 00:00:00,64.62413651537985
2011-07-22 01:00:00,22.725286056251086
2011-07-22 02:00:00,17.89947358626965
2011-07-22 03:00:00,6.70616300441431
2011-07-22 04:00:00,6.476401769281545
2011-07-22 05:00:00,21.66391647410873
2011-07-22 06:00:00,101.33067020278493
2011-07-22 07:00:00,241.4290949583256
2011-07-22 08:00:00,418.57817570883674
2011-07-22 09:00:00,217.08933604240985
2011-07-22 10:00:00,134.8608532154148
2011-07-22 11:00:00,151.76473021044714
2011-07-22 12:00:00,195.8454170813862
2011-07-22 13:00:00,196.08753817760814
2011-07-22 14:00:00,196.3423483415727
2011-07-22 15:00:00,194.0908903790563
2011-07-22 16:00:00,279.6573923510608
2011-07-22 17:00:00,457.18061930110116
2011-07-22 18:00:00,436.3796874836182
2011-07-22 19:00:00,326.1447361291487
2011-07-22 20:00:00,251.92167128521467
2011-07-22 21:00:00,201.57459915498916
2011-07-22 22:00:00,168.90442109979404
2011-07-22 23:00:00,155.68372646654015
2011-07-23 00:00:00,112.70094196324754
2011-07-23 01:00:00,83.52572216276269
2011-07-23 02:00:00,73.16868750284752
2011-07-23 03:00:00,28.351648046447927
2011-07-23 04:00:00,9.703513370848963
2011-07-23 05:00:00,10.401371511459725
2011-07-23 06:00:00,27.392033862867038
2011-07-23 07:00:00,64.67893338248328
2011-07-23 08:00:00,128.69488627940615
2011-07-23 09:00:00,174.49531787658836
2011-07-23 10:00:00,254.33330849310076
2011-07-23 11:00:00,341.29862568936005
2011-07-23 12:00:00,381.8331725457649
2011-07-23 13:00:00,377.17105613392425
2011-07-23 14:00:00,364.4635268799158
2011-07-23 15:00:00,369.96197111628055
2011-07-23 16:00:00,373.43756959816403
2011-07-23 17:00:00,372.21556818295187
2011-07-23 18:00:00,338.0146198441362
2011-07-23 19:00:00,302.0104737358767
2011-07-23 20:00:00,237.82573367270174
2011-07-23 21:00:00,177.46860212818333
2011-07-23 22:00:00,180.03679194565007
2011-07-23 23:00:00,130.1765762124431
2011-07-24 00:00:00,108.82195305362502
2011-07-24 01:00:00,82.74876897232808
2011-07-24 02:00:00,78.78196755111269
2011-07-24 03:00:00,31.170339920207628
2011-07-24 04:00:00,10.255417155231225
2011-07-24 05:00:00,10.378017079207348
2011-07-24 06:00:00,24.70267385864782
2011-07-24 07:00:00,57.066493651447864
2011-07-24 08:00:00,107.64811090017126
2011-07-24 09:00:00,171.97366765158432
2011-07-24 10:00:00,259.1741578034937
2011-07-24 11:00:00,340.8255882598676
2011-07-24 12:00:00,376.73706681147155
2011-07-24 13:00:00,379.3136798022559
2011-07-24 14:00:00,348.40754842049375
2011-07-24 15:00:00,350.40173603362575
2011-07-24 16:00:00,367.79650994448025
2011-07-24 17:00:00,367.1331208519914
2011-07-24 18:00:00,335.5772981631494
2011-07-24 19:00:00,319.48082265423295
2011-07-24 20:00:00,227.0522017598599
2011-07-24 21:00:00,164.60058780942566
2011-07-24 22:00:00,152.32936061463434
2011-07-24 23:00:00,92.57840845843445
2011-07-25 00:00:00,42.99472599325318
2011-07-25 01:00:00,14.750824697070527
2011-07-25 02:00:00,7.579568008188261
2011-07-25 03:00:00,4.010461354055506
2011-07-25 04:00:00,5.6796456975218454
2011-07-25 05:00:00,21.009926418956418
2011-07-25 06:00:00,116.52418736210143
2011-07-25 07:00:00,301.9161187079223
2011-07-25 08:00:00,394.3106711376993
2011-07-25 09:00:00,185.81554302390546
2011-07-25 10:00:00,115.0757508000134
2011-07-25 11:00:00,139.63077011670106
2011-07-25 12:00:00,159.66342262274327
2011-07-25 13:00:00,160.5745202179369
2011-07-25 14:00:00,127.33979558296362
2011-07-25 15:00:00,118.38134035379144
2011-07-25 16:00:00,220.87335075461306
2011-07-25 17:00:00,509.05539371610405
2011-07-25 18:00:00,499.35295588434894
2011-07-25 19:00:00,382.2459185097325
2011-07-25 20:00:00,278.31943731782735
2011-07-25 21:00:00,166.77457176398354
2011-07-25 22:00:00,118.84847459727447
2011-07-25 23:00:00,76.33927478443043
2011-07-26 00:00:00,42.56122934014205
2011-07-26 01:00:00,17.715405655962158
2011-07-26 02:00:00,8.977179029823244
2011-07-26 03:00:00,5.247354625480185
2011-07-26 04:00:00,6.140304608721468
2011-07-26 05:00:00,21.36775808821342
2011-07-26 06:00:00,112.89754315176305
2011-07-26 07:00:00,317.46217137940454
2011-07-26 08:00:00,433.54884863177193
2011-07-26 09:00:00,199.80603274343036
2011-07-26 10:00:00,123.31774097899726
2011-07-26 11:00:00,149.8039815606532
2011-07-26 12:00:00,173.56582845681191
2011-07-26 13:00:00,183.49271236478154
2011-07-26 14:00:00,160.19711638299339
2011-07-26 15:00:00,166.53853541762447
2011-07-26 16:00:00,273.1546453856543
2011-07-26 17:00:00,561.9011255672903
2011-07-26 18:00:00,550.0752488674949
2011-07-26 19:00:00,360.52525068041604
2011-07-26 20:00:00,290.7890331654121
2011-07-26 21:00:00,238.6011460980836
2011-07-26 22:00:00,159.3953822334679
2011-07-26 23:00:00,88.66005322363928
2011-07-27 00:00:00,46.90493281748735
2011-07-27 01:00:00,17.09967717415253
2011-07-27 02:00:00,8.566481674646747
2011-07-27 03:00:00,4.4351565508471404
2011-07-27 04:00:00,5.748747820333939
2011-07-27 05:00:00,24.170666021351327
2011-07-27 06:00:00,122.09412284935185
2011-07-27 07:00:00,333.8438059448536
2011-07-27 08:00:00,447.12989615364967
2011-07-27 09:00:00,200.7421036883905
2011-07-27 10:00:00,117.65310722874122
2011-07-27 11:00:00,154.14427125111538
2011-07-27 12:00:00,189.06827394428018
2011-07-27 13:00:00,183.87336233942415
2011-07-27 14:00:00,162.26057571447058
2011-07-27 15:00:00,172.7908832299205
2011-07-27 16:00:00,274.02211925851947
2011-07-27 17:00:00,559.828967031588
2011-07-27 18:00:00,544.4926284981342
2011-07-27 19:00:00,390.4953458159521
2011-07-27 20:00:00,299.54991092532237
2011-07-27 21:00:00,235.50828301861324
2011-07-27 22:00:00,159.9075048553665
2011-07-27 23:00:00,96.47277884812452
2011-07-28 00:00:00,48.34083065826265
2011-07-28 01:00:00,17.328249380190712
2011-07-28 02:00:00,8.88806985850891
2011-07-28 03:00:00,4.854694858244846
2011-07-28 04:00:00,5.6409676262547155
2011-07-28 05:00:00,22.35916431264215
2011-07-28 06:00:00,117.72497827615165
2011-07-28 07:00:00,319.74865580968304
2011-07-28 08:00:00,410.2278214258418
2011-07-28 09:00:00,204.1737851650263
2011-07-28 10:00:00,117.39323298280947
2011-07-28 11:00:00,136.72581004906803
2011-07-28 12:00:00,158.3153583805543
2011-07-28 13:00:00,153.97431303815864
2011-07-28 14:00:00,149.03579371242236
2011-07-28 15:00:00,155.39220782872002
2011-07-28 16:00:00,244.28946936429818
2011-07-28 17:00:00,506.3882213751053
2011-07-28 18:00:00,480.87902847376074
2011-07-28 19:00:00,372.2385335627803
2011-07-28 20:00:00,258.99774219525506
2011-07-28 21:00:00,211.97216636488483
2011-07-28 22:00:00,155.55122864961834
2011-07-28 23:00:00,101.61533856646398
2011-07-29 00:00:00,61.76287702992575
2011-07-29 01:00:00,22.905670757312826
2011-07-29 02:00:00,18.050961631935614
2011-07-29 03:00:00,5.398641246169279
2011-07-29 04:00:00,5.958367025934619
2011-07-29 05:00:00,20.389386940664238
2011-07-29 06:00:00,103.7922565794342
2011-07-29 07:00:00,234.47252247995
2011-07-29 08:00:00,410.5748426105454
2011-07-29 09:00:00,215.65429778026825
2011-07-29 10:00:00,134.18960925961568
2011-07-29 11:00:00,153.53462592714433
2011-07-29 12:00:00,199.687631963382
2011-07-29 13:00:00,200.46677823335727
2011-07-29 14:00:00,197.30777858538394
2011-07-29 15:00:00,202.8248268683063
2011-07-29 16:00:00,332.7199986648179
2011-07-29 17:00:00,461.3551889032096
2011-07-29 18:00:00,444.528743683825
2011-07-29 19:00:00,329.2523880679275
2011-07-29 20:00:00,267.6415049563435
2011-07-29 21:00:00,228.2751889043035
2011-07-29 22:00:00,186.4738496288756
2011-07-29 23:00:00,155.10754615016359
2011-07-30 00:00:00,121.6954270108057
2011-07-30 01:00:00,81.21211239182578
2011-07-30 02:00:00,71.91503192018084
2011-07-30 03:00:00,31.86239580239599
2011-07-30 04:00:00,9.601570572516357
2011-07-30 05:00:00,9.858336616071469
2011-07-30 06:00:00,24.770032329875626
2011-07-30 07:00:00,59.089188157959725
2011-07-30 08:00:00,132.76241774682785
2011-07-30 09:00:00,188.26115012692338
2011-07-30 10:00:00,280.5395574352041
2011-07-30 11:00:00,358.2811056186324
2011-07-30 12:00:00,387.0851066704072
2011-07-30 13:00:00,387.4761667575557
2011-07-30 14:00:00,365.2155501668029
2011-07-30 15:00:00,360.1943396543421
2011-07-30 16:00:00,376.67381467136715
2011-07-30 17:00:00,376.2191831973511
2011-07-30 18:00:00,345.66098181314817
2011-07-30 19:00:00,354.11146887369443
2011-07-30 20:00:00,248.30607232484954
2011-07-30 21:00:00,202.1902533755581
2011-07-30 22:00:00,179.5961994259582
2011-07-30 23:00:00,128.50465853567917
2011-07-31 00:00:00,108.9469399633186
2011-07-31 01:00:00,80.7003189346753
2011-07-31 02:00:00,80.24957144594696
2011-07-31 03:00:00,31.159247143530905
2011-07-31 04:00:00,11.210434244610434
2011-07-31 05:00:00,11.852254566868758
2011-07-31 06:00:00,24.10804075848246
2011-07-31 07:00:00,58.057713840786995
2011-07-31 08:00:00,114.62681858076193
2011-07-31 09:00:00,190.04549974164772
2011-07-31 10:00:00,271.17814140081475
2011-07-31 11:00:00,355.63403549139355
2011-07-31 12:00:00,379.44275467225907
2011-07-31 13:00:00,382.5421664227198
2011-07-31 14:00:00,354.39401632363877
2011-07-31 15:00:00,345.1163860668324
2011-07-31 16:00:00,362.4873060736383
2011-07-31 17:00:00,369.4964966244946
2011-07-31 18:00:00,333.07531078442446
2011-07-31 19:00:00,339.58720080795536
2011-07-31 20:00:00,242.05364700731354
2011-07-31 21:00:00,186.76939285959946
2011-07-31 22:00:00,148.06688016750445
2011-07-31 23:00:00,88.48537098921611
2011-08-20 00:00:00,98.1997228946036
2011-08-20 01:00:00,84.43228549869673
2011-08-20 02:00:00,63.36264050981335
2011-08-20 03:00:00,27.281640877786973
2011-08-20 04:00:00,7.235946732947302
2011-08-20 05:00:00,9.543050216557756
2011-08-20 06:00:00,19.443737008089066
2011-08-20 07:00:00,50.510735637626624
2011-08-20 08:00:00,111.46486389020625
2011-08-20 09:00:00,202.12612571171667
2011-08-20 10:00:00,270.8312615283878
2011-08-20 11:00:00,378.885588520211
2011-08-20 12:00:00,382.5350048165636
2011-08-20 13:00:00,368.97066106647264
2011-08-20 14:00:00,370.22730537264965
2011-08-20 15:00:00,368.3114551294051
2011-08-20 16:00:00,373.32200902279794
2011-08-20 17:00:00,383.47270088279305
2011-08-20 18:00:00,354.09693058588135
2011-08-20 19:00:00,327.2962035507078
2011-08-20 20:00:00,236.1457124110025
2011-08-20 21:00:00,177.5547589689033
2011-08-20 22:00:00,157.11324743134952
2011-08-20 23:00:00,108.029016924187
2011-08-21 00:00:00,93.59864697785216
2011-08-21 01:00:00,80.5744673508676
2011-08-21 02:00:00,70.14505845870316
2011-08-21 03:00:00,29.188423098992118
2011-08-21 04:00:00,6.931270184831711
2011-08-21 05:00:00,7.488435648216112
2011-08-21 06:00:00,10.764101470360453
2011-08-21 07:00:00,50.55923834332789
2011-08-21 08:00:00,85.7774229217739
2011-08-21 09:00:00,188.09253963681488
2011-08-21 10:00:00,276.7426704709156
2011-08-21 11:00:00,322.5355636868535
2011-08-21 12:00:00,375.43562587033034
2011-08-21 13:00:00,376.99507302891953
2011-08-21 14:00:00,217.9528543683654
2011-08-21 15:00:00,286.73864927188015
2011-08-21 16:00:00,332.03293893910785
2011-08-21 17:00:00,293.6689952920975
2011-08-21 18:00:00,274.46824842164
2011-08-21 19:00:00,313.85331609439646
2011-08-21 20:00:00,211.9008457448577
2011-08-21 21:00:00,167.9638686287285
2011-08-21 22:00:00,147.11462559475842
2011-08-21 23:00:00,78.13778732807376
2011-08-22 00:00:00,40.20309701209824
2011-08-22 01:00:00,17.44088056671792
2011-08-22 02:00:00,9.697603489791131
2011-08-22 03:00:00,4.520690846837741
2011-08-22 04:00:00,6.2412036468798675
2011-08-22 05:00:00,23.547973921453895
2011-08-22 06:00:00,110.3929505208387
2011-08-22 07:00:00,310.4383949151575
2011-08-22 08:00:00,382.11556524627855
2011-08-22 09:00:00,202.72334381983634
2011-08-22 10:00:00,124.58408064328216
2011-08-22 11:00:00,150.24617285601738
2011-08-22 12:00:00,192.38667628767521
2011-08-22 13:00:00,186.95384489300793
2011-08-22 14:00:00,168.63455591446106
2011-08-22 15:00:00,181.44265192748963
2011-08-22 16:00:00,290.00426975249127
2011-08-22 17:00:00,575.6892635380807
2011-08-22 18:00:00,557.0103965143395
2011-08-22 19:00:00,395.6006998951782
2011-08-22 20:00:00,305.7222696579397
2011-08-22 21:00:00,213.4876843304863
2011-08-22 22:00:00,136.4565825304996
2011-08-22 23:00:00,94.17406930595789
2011-08-23 00:00:00,34.43007145689847
2011-08-23 01:00:00,13.532553290190448
2011-08-23 02:00:00,8.212078729745304
2011-08-23 03:00:00,3.0411151220295576
2011-08-23 04:00:00,5.324795369071945
2011-08-23 05:00:00,23.276319884930146
2011-08-23 06:00:00,104.39301923588536
2011-08-23 07:00:00,333.0032557611965
2011-08-23 08:00:00,425.7478593370919
2011-08-23 09:00:00,210.41832175102098
2011-08-23 10:00:00,119.5943816626632
2011-08-23 11:00:00,152.9610017105859
2011-08-23 12:00:00,205.99622022304212
2011-08-23 13:00:00,195.76918203642063
2011-08-23 14:00:00,172.83745688396743
2011-08-23 15:00:00,182.03143650155462
2011-08-23 16:00:00,293.3639313787908
2011-08-23 17:00:00,580.9350425675934
2011-08-23 18:00:00,556.368931470668
2011-08-23 19:00:00,399.15511622109034
2011-08-23 20:00:00,292.9508334573398
2011-08-23 21:00:00,196.5146730540722
2011-08-23 22:00:00,156.5019162506127
2011-08-23 23:00:00,89.56328016000336
2011-08-24 00:00:00,37.69428903315945
2011-08-24 01:00:00,16.64552571741479
2011-08-24 02:00:00,8.020417387788159
2011-08-24 03:00:00,4.57108051880955
2011-08-24 04:00:00,6.04058950880742
2011-08-24 05:00:00,22.262295777203217
2011-08-24 06:00:00,102.82948757319154
2011-08-24 07:00:00,313.1370390109796
2011-08-24 08:00:00,406.1034160465813
2011-08-24 09:00:00,211.04596378516226
2011-08-24 10:00:00,120.02216898955093
2011-08-24 11:00:00,151.4700419152277
2011-08-24 12:00:00,186.11719178330745
2011-08-24 13:00:00,184.0829530234439
2011-08-24 14:00:00,164.76017357302857
2011-08-24 15:00:00,175.1579248346498
2011-08-24 16:00:00,273.1034895688139
2011-08-24 17:00:00,576.0738873741874
2011-08-24 18:00:00,545.2043363883116
2011-08-24 19:00:00,384.8573932818007
2011-08-24 20:00:00,282.74199778740626
2011-08-24 21:00:00,208.63113377265802
2011-08-24 22:00:00,157.23530330577108
2011-08-24 23:00:00,100.37918273623933
2011-08-25 00:00:00,38.79235776090484
2011-08-25 01:00:00,18.242454633298593
2011-08-25 02:00:00,7.643526215429826
2011-08-25 03:00:00,5.283669372994349
2011-08-25 04:00:00,6.015335693157464
2011-08-25 05:00:00,23.16297246159967
2011-08-25 06:00:00,102.05942529428165
2011-08-25 07:00:00,297.7301306049661
2011-08-25 08:00:00,410.2894025804501
2011-08-25 09:00:00,215.49728654043543
2011-08-25 10:00:00,122.31518015013911
2011-08-25 11:00:00,112.79291992487929
2011-08-25 12:00:00,120.97024591541089
2011-08-25 13:00:00,142.8741414303224
2011-08-25 14:00:00,147.03220121960095
2011-08-25 15:00:00,165.3204318792075
2011-08-25 16:00:00,207.56173545679087
2011-08-25 17:00:00,375.64448543192486
2011-08-25 18:00:00,391.72350435040096
2011-08-25 19:00:00,288.4180123980639
2011-08-25 20:00:00,248.93854633172995
2011-08-25 21:00:00,210.50923898627957
2011-08-25 22:00:00,138.01232232315706
2011-08-25 23:00:00,92.1189387562826
2011-08-26 00:00:00,55.16241835981094
2011-08-26 01:00:00,19.923022651822045
2011-08-26 02:00:00,10.350004153884804
2011-08-26 03:00:00,6.242827101602137
2011-08-26 04:00:00,6.365397503779056
2011-08-26 05:00:00,18.380012250292808
2011-08-26 06:00:00,94.2536827298275
2011-08-26 07:00:00,230.75620362066417
2011-08-26 08:00:00,407.5385102040136
2011-08-26 09:00:00,209.26777657945578
2011-08-26 10:00:00,151.91610943512126
2011-08-26 11:00:00,163.5869558055858
2011-08-26 12:00:00,219.65730614085683
2011-08-26 13:00:00,227.4195966862319
2011-08-26 14:00:00,196.88418029551644
2011-08-26 15:00:00,219.53011767587122
2011-08-26 16:00:00,335.7396682643032
2011-08-26 17:00:00,524.180132041425
2011-08-26 18:00:00,398.8208321989687
2011-08-26 19:00:00,310.9181026166297
2011-08-26 20:00:00,230.06048625950905
2011-08-26 21:00:00,189.94450386080726
2011-08-26 22:00:00,160.38147614715965
2011-08-26 23:00:00,142.10853061929538
2011-08-27 00:00:00,101.40864284122082
2011-08-27 01:00:00,77.68683119313499
2011-08-27 02:00:00,63.53769893067779
2011-08-27 03:00:00,27.667606662878057
2011-08-27 04:00:00,7.162916382848725
2011-08-27 05:00:00,9.088893978290223
2011-08-27 06:00:00,13.314469001343507
2011-08-27 07:00:00,46.01939785376506
2011-08-27 08:00:00,111.29781446507151
2011-08-27 09:00:00,140.49170779412694
2011-08-27 10:00:00,241.7756813462309
2011-08-27 11:00:00,144.27633374091857
2011-08-27 12:00:00,173.98992441348793
2011-08-27 13:00:00,220.63297083869048
2011-08-27 14:00:00,99.90545190973101
2011-08-27 15:00:00,100.58976992972572
2011-08-27 16:00:00,95.73433923763002
2011-08-27 17:00:00,84.30760658002299
2011-08-28 07:00:00,40.00850763317321
2011-08-28 08:00:00,64.19480049524775
2011-08-28 09:00:00,180.83191785248195
2011-08-28 10:00:00,266.44257553295154
2011-08-28 11:00:00,360.40453988441857
2011-08-28 12:00:00,419.78492646105263
2011-08-28 13:00:00,427.46916463652155
2011-08-28 14:00:00,378.01012500801966
2011-08-28 15:00:00,384.8821165135892
2011-08-28 16:00:00,381.10092321710806
2011-08-28 17:00:00,409.21375350549454
2011-08-28 18:00:00,367.90179931126244
2011-08-28 19:00:00,341.60779627518616
2011-08-28 20:00:00,226.78843495172617
2011-08-28 21:00:00,180.34234418768418
2011-08-28 22:00:00,128.73005066826548
2011-08-28 23:00:00,80.534914327415
2011-08-29 00:00:00,37.929855255014374
2011-08-29 01:00:00,13.518741274284237
2011-08-29 02:00:00,9.20597875670082
2011-08-29 03:00:00,5.079614825685596
2011-08-29 04:00:00,5.732568283248425
2011-08-29 05:00:00,22.79388134400117
2011-08-29 06:00:00,104.45768410979922
2011-08-29 07:00:00,322.4986631056187
2011-08-29 08:00:00,387.9431363218863
2011-08-29 09:00:00,203.4760849254294
2011-08-29 10:00:00,124.01317917220037
2011-08-29 11:00:00,154.5436754234037
2011-08-29 12:00:00,191.5361695458128
2011-08-29 13:00:00,206.94909601779213
2011-08-29 14:00:00,174.95519779484226
2011-08-29 15:00:00,182.3249159416057
2011-08-29 16:00:00,294.2410313792045
2011-08-29 17:00:00,550.8977155142874
2011-08-29 18:00:00,525.4183098283031
2011-08-29 19:00:00,399.5762941183533
2011-08-29 20:00:00,290.65359424799186
2011-08-29 21:00:00,215.4392600267629
2011-08-29 22:00:00,139.93197443556724
2011-08-29 23:00:00,78.05906364561177
2011-08-30 00:00:00,36.067074460678256
2011-08-30 01:00:00,13.520373674983144
2011-08-30 02:00:00,8.374940503634294
2011-08-30 03:00:00,4.395809034837773
2011-08-30 04:00:00,5.7942161548217115
2011-08-30 05:00:00,21.837963547788583
2011-08-30 06:00:00,103.59949950885253
2011-08-30 07:00:00,322.9654993588829
2011-08-30 08:00:00,416.26038561848065
2011-08-30 09:00:00,205.23990132518213
2011-08-30 10:00:00,123.44129783825176
2011-08-30 11:00:00,157.88243038462377
2011-08-30 12:00:00,199.73444148146186
2011-08-30 13:00:00,198.56420701767104
2011-08-30 14:00:00,173.8366115655621
2011-08-30 15:00:00,183.3179414571674
2011-08-30 16:00:00,293.2228282033659
2011-08-30 17:00:00,578.8655776586401
2011-08-30 18:00:00,549.7521879392133
2011-08-30 19:00:00,396.35775047234966
2011-08-30 20:00:00,288.32092909219
2011-08-30 21:00:00,191.02210327959537
2011-08-30 22:00:00,152.55334964921656
2011-08-30 23:00:00,91.32086424916814
2011-08-31 00:00:00,29.92955985654888
2011-08-31 01:00:00,16.902195553747884
2011-08-31 02:00:00,7.672313325301848
2011-08-31 03:00:00,4.902472697030115
2011-08-31 04:00:00,5.828285994649706
2011-08-31 05:00:00,21.467724706156122
2011-08-31 06:00:00,101.33429576357454
2011-08-31 07:00:00,323.0201591903382
2011-08-31 08:00:00,405.63497440129925
2011-08-31 09:00:00,213.15359242039767
2011-08-31 10:00:00,122.52833622409835
2011-08-31 11:00:00,157.50714037358665
2011-08-31 12:00:00,184.77040251506588
2011-08-31 13:00:00,197.57008314749356
2011-08-31 14:00:00,173.1369920405953
2011-08-31 15:00:00,180.21610744588375
2011-08-31 16:00:00,286.5993549580446
2011-08-31 17:00:00,586.6934659900364
2011-08-31 18:00:00,532.8824594479455
2011-08-31 19:00:00,365.3598017908224
2011-08-31 20:00:00,291.2101500453375
2011-08-31 21:00:00,196.86321247100702
2011-08-31 22:00:00,143.06346902189722
2011-08-31 23:00:00,79.3382006816919
2011-09-20 00:00:00,35.14455471844578
2011-09-20 01:00:00,9.584070314827041
2011-09-20 02:00:00,6.207756610019797
2011-09-20 03:00:00,4.259986719983213
2011-09-20 04:00:00,5.551878085739939
2011-09-20 05:00:00,21.937551428045687
2011-09-20 06:00:00,94.527073762197
2011-09-20 07:00:00,293.40093907034804
2011-09-20 08:00:00,229.75367063359374
2011-09-20 09:00:00,152.8763076508218
2011-09-20 10:00:00,85.06458594272314
2011-09-20 11:00:00,100.0737373647152
2011-09-20 12:00:00,85.20598214219856
2011-09-20 13:00:00,90.77663454784495
2011-09-20 14:00:00,119.17476941580243
2011-09-20 15:00:00,173.31589742103876
2011-09-20 16:00:00,225.06119621146394
2011-09-20 17:00:00,359.3720695813305
2011-09-20 18:00:00,367.21743408420207
2011-09-20 19:00:00,274.2444552420704
2011-09-20 20:00:00,136.49065486291718
2011-09-20 21:00:00,86.46270561729675
2011-09-20 22:00:00,90.35521469634472
2011-09-20 23:00:00,66.89267259962737
2011-09-21 00:00:00,22.159188747310363
2011-09-21 01:00:00,8.918960635496358
2011-09-21 02:00:00,6.561944607639472
2011-09-21 03:00:00,4.506546947510724
2011-09-21 04:00:00,5.552560581192282
2011-09-21 05:00:00,14.093989359155657
2011-09-21 06:00:00,83.18165841254057
2011-09-21 07:00:00,224.02013931862822
2011-09-21 08:00:00,346.8786337369902
2011-09-21 09:00:00,157.52294702645722
2011-09-21 10:00:00,92.07237850744153
2011-09-21 11:00:00,115.74210131199798
2011-09-21 12:00:00,173.3121948704529
2011-09-21 13:00:00,174.8454960735985
2011-09-21 14:00:00,159.58475910471083
2011-09-21 15:00:00,172.43677910806153
2011-09-21 16:00:00,278.6051547485204
2011-09-21 17:00:00,392.1150789079103
2011-09-21 18:00:00,320.84697809317674
2011-09-21 19:00:00,213.06979297606188
2011-09-21 20:00:00,127.16490359541784
2011-09-21 21:00:00,76.36129774359732
2011-09-21 22:00:00,72.99256255929473
2011-09-21 23:00:00,63.245376699481305
2011-09-22 00:00:00,23.01988010823691
2011-09-22 01:00:00,8.751635432849845
2011-09-22 02:00:00,6.787378355750015
2011-09-22 03:00:00,5.0688101433012385
2011-09-22 04:00:00,5.356898911184406
2011-09-22 05:00:00,15.814610842158697
2011-09-22 06:00:00,85.22853001562684
2011-09-22 07:00:00,237.3792738494685
2011-09-22 08:00:00,313.79244594147804
2011-09-22 09:00:00,147.9360931685028
2011-09-22 10:00:00,103.56619518518252
2011-09-22 11:00:00,105.84912486755053
2011-09-22 12:00:00,133.6997515849335
2011-09-22 13:00:00,139.31004625933966
2011-09-22 14:00:00,137.19272501920332
2011-09-22 15:00:00,139.86170300457385
2011-09-22 16:00:00,281.27135421262204
2011-09-22 17:00:00,527.4729699904233
2011-09-22 18:00:00,360.39397789506063
2011-09-22 19:00:00,234.87134983830327
2011-09-22 20:00:00,121.21576568673618
2011-09-22 21:00:00,100.99926547427113
2011-09-22 22:00:00,73.33755069704804
2011-09-22 23:00:00,64.0311527292612
2011-09-23 00:00:00,35.261804880909104
2011-09-23 01:00:00,12.766359826890406
2011-09-23 02:00:00,7.90630492967429
2011-09-23 03:00:00,5.818957192550423
2011-09-23 04:00:00,5.241490506133006
2011-09-23 05:00:00,13.233795458478538
2011-09-23 06:00:00,83.04077695541251
2011-09-23 07:00:00,144.46474265623186
2011-09-23 08:00:00,230.33308256094008
2011-09-23 09:00:00,125.50019127106042
2011-09-23 10:00:00,85.3128773962005
2011-09-23 11:00:00,95.64599823659738
2011-09-23 12:00:00,152.970457451935
2011-09-23 13:00:00,133.17756044608726
2011-09-23 14:00:00,106.18202926926746
2011-09-23 15:00:00,150.47193291521074
2011-09-23 16:00:00,179.03687897603345
2011-09-23 17:00:00,293.514494227211
2011-09-23 18:00:00,296.51459152370444
2011-09-23 19:00:00,235.52641418720177
2011-09-23 20:00:00,142.5965418840372
2011-09-23 21:00:00,103.33975898332417
2011-09-23 22:00:00,110.56081602542132
2011-09-23 23:00:00,87.60837378095553
2011-09-24 00:00:00,83.51930847853015
2011-09-24 01:00:00,59.79531284283158
2011-09-24 02:00:00,51.69139146380394
2011-09-24 03:00:00,22.9586757566188
2011-09-24 04:00:00,7.480008118651762
2011-09-24 05:00:00,9.912807312244816
2011-09-24 06:00:00,10.390024447396275
2011-09-24 07:00:00,43.58995567767866
2011-09-24 08:00:00,90.14341066045434
2011-09-24 09:00:00,115.10640610943672
2011-09-24 10:00:00,215.3443931243056
2011-09-24 11:00:00,285.62622781807215
2011-09-24 12:00:00,292.37646259446774
2011-09-24 13:00:00,359.6376187290213
2011-09-24 14:00:00,321.27372528626285
2011-09-24 15:00:00,318.96097644166167
2011-09-24 16:00:00,297.41303243393037
2011-09-24 17:00:00,334.9365897929387
2011-09-24 18:00:00,286.8766027525649
2011-09-24 19:00:00,194.4642459905522
2011-09-24 20:00:00,136.35744780895874
2011-09-24 21:00:00,139.83172712652865
2011-09-24 22:00:00,98.10838555285153
2011-09-24 23:00:00,91.0633938471255
2011-09-25 00:00:00,80.8874594200544
2011-09-25 01:00:00,62.1333542083784
2011-09-25 02:00:00,40.10169144422653
2011-09-25 03:00:00,12.742221901465431
2011-09-25 04:00:00,5.720639644914265
2011-09-25 05:00:00,11.961084188252103
2011-09-25 06:00:00,12.639876336516943
2011-09-25 07:00:00,39.95475697686434
2011-09-25 08:00:00,82.00329679656303
2011-09-25 09:00:00,140.12539864346263
2011-09-25 10:00:00,209.3668604884191
2011-09-25 11:00:00,308.00985016430894
2011-09-25 12:00:00,326.77077042782713
2011-09-25 13:00:00,344.0626815840672
2011-09-25 14:00:00,305.5690806812201
2011-09-25 15:00:00,303.39856308910925
2011-09-25 16:00:00,386.2216594271216
2011-09-25 17:00:00,335.0023787365178
2011-09-25 18:00:00,290.8636120725517
2011-09-25 19:00:00,206.0352991953804
2011-09-25 20:00:00,138.3814665387098
2011-09-25 21:00:00,97.02465088168262
2011-09-25 22:00:00,115.60986483847297
2011-09-25 23:00:00,70.33226063433052
2011-09-26 00:00:00,20.5364283153873
2011-09-26 01:00:00,9.570794017811464
2011-09-26 02:00:00,6.148262257298607
2011-09-26 03:00:00,3.8067755959754384
2011-09-26 04:00:00,5.280660541627648
2011-09-26 05:00:00,20.59315717847918
2011-09-26 06:00:00,94.32111579414865
2011-09-26 07:00:00,223.78976849622512
2011-09-26 08:00:00,300.58174159940785
2011-09-26 09:00:00,186.33802945773226
2011-09-26 10:00:00,99.99428377355918
2011-09-26 11:00:00,129.00649332173194
2011-09-26 12:00:00,133.38880441955303
2011-09-26 13:00:00,173.31166099533007
2011-09-26 14:00:00,157.89212658241954
2011-09-26 15:00:00,175.7275646999923
2011-09-26 16:00:00,293.80656253242967
2011-09-26 17:00:00,576.881133089081
2011-09-26 18:00:00,370.43934244585574
2011-09-26 19:00:00,287.95020752127726
2011-09-26 20:00:00,152.24626698337764
2011-09-26 21:00:00,118.9084709694023
2011-09-26 22:00:00,112.20705870206761
2011-09-26 23:00:00,60.73602750134995
2011-09-27 00:00:00,22.37101195702318
2011-09-27 01:00:00,7.662719399537117
2011-09-27 02:00:00,6.62044888266646
2011-09-27 03:00:00,4.176623697462725
2011-09-27 04:00:00,4.417976778166703
2011-09-27 05:00:00,9.668729269531177
2011-09-27 06:00:00,96.3280942215907
2011-09-27 07:00:00,227.15906266726464
2011-09-27 08:00:00,343.99795204091026
2011-09-27 09:00:00,164.08711342461845
2011-09-27 10:00:00,67.81769245894496
2011-09-27 11:00:00,101.6527685200846
2011-09-27 12:00:00,111.51069551017426
2011-09-27 13:00:00,175.43044491991276
2011-09-27 14:00:00,138.6219984227081
2011-09-27 15:00:00,125.46349224577249
2011-09-27 16:00:00,216.57012439813087
2011-09-27 17:00:00,285.59826719294193
2011-09-27 18:00:00,295.54156406533576
2011-09-27 19:00:00,223.76677766405987
2011-09-27 20:00:00,248.51223127664878
2011-09-27 21:00:00,140.94402148278226
2011-09-27 22:00:00,130.03457423774603
2011-09-27 23:00:00,60.67878448565041
2011-09-28 00:00:00,24.62391714142308
2011-09-28 01:00:00,10.333382487307679
2011-09-28 02:00:00,4.836277394572159
2011-09-28 03:00:00,4.642397444546485
2011-09-28 04:00:00,6.225596103114575
2011-09-28 05:00:00,15.310605834853947
2011-09-28 06:00:00,53.161516774218896
2011-09-28 07:00:00,117.57699937314699
2011-09-28 08:00:00,216.10348078939677
2011-09-28 09:00:00,156.7475744872935
2011-09-28 10:00:00,67.09698573008887
2011-09-28 11:00:00,123.71682179939177
2011-09-28 12:00:00,140.0775484424908
2011-09-28 13:00:00,175.58806239485187
2011-09-28 14:00:00,163.84713249275734
2011-09-28 15:00:00,173.35683167742235
2011-09-28 16:00:00,293.08263165334245
2011-09-28 17:00:00,579.3610326588432
2011-09-28 18:00:00,312.5179948931007
2011-09-28 19:00:00,260.46737817086625
2011-09-28 20:00:00,141.66106423883727
2011-09-28 21:00:00,100.00485003703338
2011-09-28 22:00:00,129.78710511774656
2011-09-28 23:00:00,62.53838145710611
2011-09-29 00:00:00,23.363896902735483
2011-09-29 01:00:00,7.821177004615038
2011-09-29 02:00:00,6.717988547859372
2011-09-29 03:00:00,5.020539537669277
2011-09-29 04:00:00,5.554389459444866
2011-09-29 05:00:00,22.844966057673098
2011-09-29 06:00:00,100.05276415754882
2011-09-29 07:00:00,299.947001011122
2011-09-29 08:00:00,415.4914377653869
2011-09-29 09:00:00,212.53583574988545
2011-09-29 10:00:00,124.28590076623074
2011-09-29 11:00:00,155.89938640560538
2011-09-29 12:00:00,189.72371953567603
2011-09-29 13:00:00,188.27641168192508
2011-09-29 14:00:00,174.64721447405788
2011-09-29 15:00:00,179.9180418752233
2011-09-29 16:00:00,299.8541747035132
2011-09-29 17:00:00,576.2633124659453
2011-09-29 18:00:00,538.7053023695564
2011-09-29 19:00:00,399.32124365024924
2011-09-29 20:00:00,288.9056854796519
2011-09-29 21:00:00,179.5445228788306
2011-09-29 22:00:00,137.16202171618667
2011-09-29 23:00:00,82.06296556366863
2011-09-30 00:00:00,49.61085566757805
2011-09-30 01:00:00,22.54444876756707
2011-09-30 02:00:00,11.148220219127216
2011-09-30 03:00:00,6.087573575746063
2011-09-30 04:00:00,6.0855249214105225
2011-09-30 05:00:00,22.0022279831895
2011-09-30 06:00:00,90.32671367438778
2011-09-30 07:00:00,241.88171959634283
2011-09-30 08:00:00,442.82963131182294
2011-09-30 09:00:00,220.3498741373213
2011-09-30 10:00:00,155.7767146327356
2011-09-30 11:00:00,184.04992933776498
2011-09-30 12:00:00,233.36765636312637
2011-09-30 13:00:00,222.52563110213967
2011-09-30 14:00:00,217.3195886713324
2011-09-30 15:00:00,232.7061517899086
2011-09-30 16:00:00,369.6871618368266
2011-09-30 17:00:00,539.9817547058999
2011-09-30 18:00:00,452.56582320203313
2011-09-30 19:00:00,304.0837434874709
2011-09-30 20:00:00,217.04230179063813
2011-09-30 21:00:00,163.39078136391794
2011-09-30 22:00:00,145.56678479038652
2011-09-30 23:00:00,117.97187275399999
2011-10-20 00:00:00,23.318578087400322
2011-10-20 01:00:00,9.791652484958863
2011-10-20 02:00:00,5.9371772232559294
2011-10-20 03:00:00,4.150909566226946
2011-10-20 04:00:00,5.564937550487121
2011-10-20 05:00:00,24.839391964373338
2011-10-20 06:00:00,100.2397196027232
2011-10-20 07:00:00,277.1429172003065
2011-10-20 08:00:00,374.74432247180084
2011-10-20 09:00:00,203.50968744824826
2011-10-20 10:00:00,114.66325998059561
2011-10-20 11:00:00,115.63891370099073
2011-10-20 12:00:00,145.4969229775949
2011-10-20 13:00:00,171.1945645348724
2011-10-20 14:00:00,131.21844715635015
2011-10-20 15:00:00,150.76757045258938
2011-10-20 16:00:00,237.44837243183576
2011-10-20 17:00:00,409.3541791221768
2011-10-20 18:00:00,402.0522225843067
2011-10-20 19:00:00,274.4187367272728
2011-10-20 20:00:00,213.26362455726914
2011-10-20 21:00:00,141.74810619449795
2011-10-20 22:00:00,109.12632609381127
2011-10-20 23:00:00,69.363562437578
2011-10-21 00:00:00,58.25407205096063
2011-10-21 01:00:00,24.632594334849976
2011-10-21 02:00:00,10.72174945164819
2011-10-21 03:00:00,5.4896586315614755
2011-10-21 04:00:00,4.503667263531683
2011-10-21 05:00:00,24.258032285893734
2011-10-21 06:00:00,76.06254071485142
2011-10-21 07:00:00,238.2014453418737
2011-10-21 08:00:00,416.95434684010814
2011-10-21 09:00:00,219.9971676630912
2011-10-21 10:00:00,141.1329701228797
2011-10-21 11:00:00,168.43054767061437
2011-10-21 12:00:00,213.95909915606546
2011-10-21 13:00:00,214.28940390499318
2011-10-21 14:00:00,201.6869495477859
2011-10-21 15:00:00,222.21708420342088
2011-10-21 16:00:00,305.235693438499
2011-10-21 17:00:00,428.03489282272216
2011-10-21 18:00:00,394.285866330883
2011-10-21 19:00:00,252.04580561589455
2011-10-21 20:00:00,182.52039375466634
2011-10-21 21:00:00,135.54784549718346
2011-10-21 22:00:00,130.13652886144496
2011-10-21 23:00:00,99.55572253782137
2011-10-22 00:00:00,88.66934317664632
2011-10-22 01:00:00,70.82338402770105
2011-10-22 02:00:00,63.60652605840193
2011-10-22 03:00:00,26.658092821915318
2011-10-22 04:00:00,5.470059122617275
2011-10-22 05:00:00,5.969848353360437
2011-10-22 06:00:00,14.93089376547545
2011-10-22 07:00:00,40.1875783256332
2011-10-22 08:00:00,89.80590605568743
2011-10-22 09:00:00,141.08691822428975
2011-10-22 10:00:00,227.78447224702242
2011-10-22 11:00:00,298.08755880201767
2011-10-22 12:00:00,336.2880361345815
2011-10-22 13:00:00,343.0033032620961
2011-10-22 14:00:00,339.2132520045565
2011-10-22 15:00:00,319.7612956596746
2011-10-22 16:00:00,324.79508151465757
2011-10-22 17:00:00,270.41300039994996
2011-10-22 18:00:00,246.88177141695803
2011-10-22 19:00:00,207.95857396464726
2011-10-22 20:00:00,137.39666365520037
2011-10-22 21:00:00,111.29558892542278
2011-10-22 22:00:00,100.1941262004194
2011-10-22 23:00:00,74.13130868072267
2011-10-23 00:00:00,65.98828337937034
2011-10-23 01:00:00,56.00154967585847
2011-10-23 02:00:00,45.09738318573386
2011-10-23 03:00:00,18.342032033003793
2011-10-23 04:00:00,6.685457356265333
2011-10-23 05:00:00,6.802450739425107
2011-10-23 06:00:00,13.800239655522065
2011-10-23 07:00:00,37.37971314688944
2011-10-23 08:00:00,70.43326874999406
2011-10-23 09:00:00,131.31509653075892
2011-10-23 10:00:00,221.50872087760388
2011-10-23 11:00:00,295.65887859757163
2011-10-23 12:00:00,333.91992748924486
2011-10-23 13:00:00,345.1473414992038
2011-10-23 14:00:00,349.8057670420005
2011-10-23 15:00:00,340.5494463321709
2011-10-23 16:00:00,341.5565903049983
2011-10-23 17:00:00,280.8473651292251
2011-10-23 18:00:00,268.726089697145
2011-10-23 19:00:00,201.33480618822057
2011-10-23 20:00:00,136.88486368116324
2011-10-23 21:00:00,105.43577130900124
2011-10-23 22:00:00,89.08142454270246
2011-10-23 23:00:00,81.05447224577762
2011-10-24 00:00:00,34.384548509536515
2011-10-24 01:00:00,8.291961998557769
2011-10-24 02:00:00,5.805886201896153
2011-10-24 03:00:00,5.34681548729701
2011-10-24 04:00:00,5.711483026524933
2011-10-24 05:00:00,19.11213473276576
2011-10-24 06:00:00,98.67671437290952
2011-10-24 07:00:00,264.0942142696087
2011-10-24 08:00:00,383.99967808521166
2011-10-24 09:00:00,206.68776288872732
2011-10-24 10:00:00,109.88710653034447
2011-10-24 11:00:00,129.230572650592
2011-10-24 12:00:00,174.54060719091353
2011-10-24 13:00:00,178.27592212102508
2011-10-24 14:00:00,159.87023969350514
2011-10-24 15:00:00,185.18904536431685
2011-10-24 16:00:00,271.8848804624443
2011-10-24 17:00:00,470.66719431317966
2011-10-24 18:00:00,503.73969217034994
2011-10-24 19:00:00,198.10631165178168
2011-10-24 20:00:00,224.21871113947066
2011-10-24 21:00:00,143.11438874667638
2011-10-24 22:00:00,114.22320780913003
2011-10-24 23:00:00,68.59006137462767
2011-10-25 00:00:00,41.82639157192558
2011-10-25 01:00:00,10.954931743623893
2011-10-25 02:00:00,5.659126316708642
2011-10-25 03:00:00,4.638698312022742
2011-10-25 04:00:00,5.50121658553689
2011-10-25 05:00:00,21.254852961717937
2011-10-25 06:00:00,97.74958273690464
2011-10-25 07:00:00,285.37423090890513
2011-10-25 08:00:00,460.0106292123155
2011-10-25 09:00:00,210.32061515192
2011-10-25 10:00:00,120.78804696826982
2011-10-25 11:00:00,135.03056523456712
2011-10-25 12:00:00,191.34725735911087
2011-10-25 13:00:00,189.75594543642873
2011-10-25 14:00:00,159.78306346944385
2011-10-25 15:00:00,185.13656738738138
2011-10-25 16:00:00,296.0120796021985
2011-10-25 17:00:00,558.121670584659
2011-10-25 18:00:00,470.2560165146561
2011-10-25 19:00:00,295.0278246908596
2011-10-25 20:00:00,217.65505508803142
2011-10-25 21:00:00,152.5976486090455
2011-10-25 22:00:00,119.46611649364549
2011-10-25 23:00:00,72.9727928090669
2011-10-26 00:00:00,40.78732321481645
2011-10-26 01:00:00,11.867323041855547
2011-10-26 02:00:00,6.500776081800265
2011-10-26 03:00:00,4.29058725257062
2011-10-26 04:00:00,4.403426126823066
2011-10-26 05:00:00,25.06499872366745
2011-10-26 06:00:00,100.39439510005225
2011-10-26 07:00:00,303.5422938373342
2011-10-26 08:00:00,439.8720887230113
2011-10-26 09:00:00,217.00162717536497
2011-10-26 10:00:00,118.41045135733376
2011-10-26 11:00:00,135.12677601439438
2011-10-26 12:00:00,155.56362840064506
2011-10-26 13:00:00,146.50822447512215
2011-10-26 14:00:00,147.0653823259806
2011-10-26 15:00:00,167.7184304392681
2011-10-26 16:00:00,275.56946773043484
2011-10-26 17:00:00,449.10377509301685
2011-10-26 18:00:00,454.9947247722188
2011-10-26 19:00:00,273.4731209666957
2011-10-26 20:00:00,209.5216479940773
2011-10-26 21:00:00,169.61538244722598
2011-10-26 22:00:00,109.88696043061617
2011-10-26 23:00:00,66.61990913408039
2011-10-27 00:00:00,26.406978682303567
2011-10-27 01:00:00,7.216464027590631
2011-10-27 02:00:00,6.431138754296617
2011-10-27 03:00:00,3.9718010073796366
2011-10-27 04:00:00,5.0799908884149545
2011-10-27 05:00:00,16.616305974685105
2011-10-27 06:00:00,46.58324813021126
2011-10-27 07:00:00,264.06669729748563
2011-10-27 08:00:00,256.04626419942844
2011-10-27 09:00:00,214.3622098834897
2011-10-27 10:00:00,88.98896215719535
2011-10-27 11:00:00,103.88195764276557
2011-10-27 12:00:00,95.92876025398382
2011-10-27 13:00:00,117.05484483918634
2011-10-27 14:00:00,133.4882390261156
2011-10-27 15:00:00,131.0452462526415
2011-10-27 16:00:00,280.70890066797926
2011-10-27 17:00:00,392.4307707146992
2011-10-27 18:00:00,385.69754277351564
2011-10-27 19:00:00,258.72448611942565
2011-10-27 20:00:00,209.43192274692677
2011-10-27 21:00:00,91.08253991545541
2011-10-27 22:00:00,78.28433940747293
2011-10-27 23:00:00,42.23698748313852
2011-10-28 00:00:00,41.74004913106326
2011-10-28 01:00:00,22.400758415518986
2011-10-28 02:00:00,10.583700790203817
2011-10-28 03:00:00,3.8621201248227486
2011-10-28 04:00:00,3.6296765587541913
2011-10-28 05:00:00,17.06885622503109
2011-10-28 06:00:00,66.85351356712756
2011-10-28 07:00:00,220.10888383477769
2011-10-28 08:00:00,408.0748549783978
2011-10-28 09:00:00,216.44204881760817
2011-10-28 10:00:00,118.48692719092469
2011-10-28 11:00:00,134.8299796723097
2011-10-28 12:00:00,170.87242466667016
2011-10-28 13:00:00,165.9125895412453
2011-10-28 14:00:00,168.95265497532927
2011-10-28 15:00:00,174.5460277492345
2011-10-28 16:00:00,243.0244264341834
2011-10-28 17:00:00,406.4076038858512
2011-10-28 18:00:00,354.97748198647844
2011-10-28 19:00:00,221.12047467203791
2011-10-28 20:00:00,60.261143465323975
2011-10-28 21:00:00,78.33640151059588
2011-10-28 22:00:00,69.75304520462694
2011-10-28 23:00:00,45.94059285861993
2011-10-29 00:00:00,36.81591904886243
2011-10-29 01:00:00,29.841561985171992
2011-10-29 02:00:00,28.326328696367625
2011-10-29 03:00:00,11.868985173688655
2011-10-29 04:00:00,4.095297263276477
2011-10-29 05:00:00,3.3406893123806523
2011-10-29 06:00:00,11.169557455856031
2011-10-29 07:00:00,21.145953001850966
2011-10-29 08:00:00,45.6950455667774
2011-10-29 09:00:00,53.18479785505458
2011-10-29 10:00:00,51.71957791462522
2011-10-29 11:00:00,58.42833495114128
2011-10-29 12:00:00,85.41522229975081
2011-10-29 13:00:00,77.80032634095781
2011-10-29 14:00:00,95.40354676685581
2011-10-29 15:00:00,139.0616156383439
2011-10-29 16:00:00,87.34939102873716
2011-10-29 17:00:00,66.06501781736242
2011-10-29 18:00:00,51.449779852655155
2011-10-29 19:00:00,153.19324201180265
2011-10-29 20:00:00,83.38455889625851
2011-10-29 21:00:00,82.3347183284075
2011-10-29 22:00:00,60.254427908983054
2011-10-29 23:00:00,49.82797986134399
2011-10-30 00:00:00,60.0139353267669
2011-10-30 01:00:00,43.70480471880655
2011-10-30 02:00:00,32.552968910325816
2011-10-30 03:00:00,13.899865484426144
2011-10-30 04:00:00,3.860267271428582
2011-10-30 05:00:00,3.512499650531875
2011-10-30 06:00:00,10.850860409312657
2011-10-30 07:00:00,29.08311374632435
2011-10-30 08:00:00,68.89176906485994
2011-10-30 09:00:00,127.62482475695168
2011-10-30 10:00:00,193.42838978162638
2011-10-30 11:00:00,245.16790593958842
2011-10-30 12:00:00,289.23189920326035
2011-10-30 13:00:00,304.81101481608016
2011-10-30 14:00:00,327.03773492882107
2011-10-30 15:00:00,316.7384509784394
2011-10-30 16:00:00,313.2834399376186
2011-10-30 17:00:00,252.2889865414216
2011-10-30 18:00:00,191.03127590888678
2011-10-30 19:00:00,274.74348375664664
2011-10-30 20:00:00,116.13392867267072
2011-10-30 21:00:00,88.02175318376962
2011-10-30 22:00:00,68.64884162943036
2011-10-30 23:00:00,44.44266773035381
2011-10-31 00:00:00,19.511977567768163
2011-10-31 01:00:00,6.678333595827969
2011-10-31 02:00:00,3.1527334358562444
2011-10-31 03:00:00,3.3347554635147967
2011-10-31 04:00:00,4.0857127694607955
2011-10-31 05:00:00,18.063218763121114
2011-10-31 06:00:00,77.17979873076216
2011-10-31 07:00:00,251.99233867788482
2011-10-31 08:00:00,405.31856473947386
2011-10-31 09:00:00,200.01960060282337
2011-10-31 10:00:00,106.19806122575663
2011-10-31 11:00:00,126.49631640556262
2011-10-31 12:00:00,147.05385681639768
2011-10-31 13:00:00,146.07586081526682
2011-10-31 14:00:00,134.38387191863683
2011-10-31 15:00:00,151.40377140692797
2011-10-31 16:00:00,230.9717496650236
2011-10-31 17:00:00,444.3297527030945
2011-10-31 18:00:00,419.94985898463034
2011-10-31 19:00:00,281.2421736641408
2011-10-31 20:00:00,202.5600682405508
2011-10-31 21:00:00,128.17579875274495
2011-10-31 22:00:00,99.04113584625533
2011-10-31 23:00:00,55.40929437097049
2011-11-20 00:00:00,75.47081390542544
2011-11-20 01:00:00,69.8314004233016
2011-11-20 02:00:00,62.09684454073402
2011-11-20 03:00:00,27.167508322188123
2011-11-20 04:00:00,3.449953995141649
2011-11-20 05:00:00,4.792030321412973
2011-11-20 06:00:00,15.43057547853134
2011-11-20 07:00:00,51.025267348856865
2011-11-20 08:00:00,77.05383845760485
2011-11-20 09:00:00,138.91151179482807
2011-11-20 10:00:00,217.780844163604
2011-11-20 11:00:00,304.88120967610405
2011-11-20 12:00:00,332.85896952296315
2011-11-20 13:00:00,340.86181132578884
2011-11-20 14:00:00,335.7217150164427
2011-11-20 15:00:00,334.1837187224254
2011-11-20 16:00:00,329.71577500756143
2011-11-20 17:00:00,288.52179217624507
2011-11-20 18:00:00,294.17064783699385
2011-11-20 19:00:00,217.2061389097536
2011-11-20 20:00:00,171.43808932869334
2011-11-20 21:00:00,118.88122800493015
2011-11-20 22:00:00,61.50845012317933
2011-11-20 23:00:00,49.58974421600999
2011-11-21 00:00:00,24.386015552102357
2011-11-21 01:00:00,6.737653359059888
2011-11-21 02:00:00,6.391835559381698
2011-11-21 03:00:00,3.769808986927771
2011-11-21 04:00:00,4.846680989656235
2011-11-21 05:00:00,14.994007190353122
2011-11-21 06:00:00,76.15311592918384
2011-11-21 07:00:00,246.35459421650881
2011-11-21 08:00:00,383.2580057467544
2011-11-21 09:00:00,185.4505282865778
2011-11-21 10:00:00,112.13102828060883
2011-11-21 11:00:00,118.54685901583919
2011-11-21 12:00:00,173.04458848297944
2011-11-21 13:00:00,170.28189125749833
2011-11-21 14:00:00,133.55577303051678
2011-11-21 15:00:00,65.33421997004098
2011-11-21 16:00:00,92.67967227790487
2011-11-21 17:00:00,151.53130615456388
2011-11-21 18:00:00,216.16862073118224
2011-11-21 19:00:00,153.53897471822614
2011-11-21 20:00:00,90.12747014189264
2011-11-21 21:00:00,79.86730736160574
2011-11-21 22:00:00,62.29042834477867
2011-11-21 23:00:00,41.989797540345855
2011-11-22 00:00:00,12.023243324835525
2011-11-22 01:00:00,6.950121508589519
2011-11-22 02:00:00,6.125317334230586
2011-11-22 03:00:00,4.221632235119653
2011-11-22 04:00:00,4.755524964992626
2011-11-22 05:00:00,8.89753530875481
2011-11-22 06:00:00,80.34345433337279
2011-11-22 07:00:00,81.54098547667896
2011-11-22 08:00:00,205.04924005547966
2011-11-22 09:00:00,95.2975528977897
2011-11-22 10:00:00,50.75725055989293
2011-11-22 11:00:00,64.80887074727839
2011-11-22 12:00:00,59.945702308890056
2011-11-22 13:00:00,59.2451874506593
2011-11-22 14:00:00,58.006425953612116
2011-11-22 15:00:00,58.05367094283469
2011-11-22 16:00:00,104.41463328386698
2011-11-22 17:00:00,195.8428354370371
2011-11-22 18:00:00,173.66270077244633
2011-11-22 19:00:00,187.28857310018878
2011-11-22 20:00:00,172.7464215190642
2011-11-22 21:00:00,98.9348375525024
2011-11-22 22:00:00,100.91772390804122
2011-11-22 23:00:00,63.70847185058823
2011-11-23 00:00:00,22.598645138839814
2011-11-23 01:00:00,7.590309884358085
2011-11-23 02:00:00,4.997949152454061
2011-11-23 03:00:00,3.090364842109834
2011-11-23 04:00:00,4.60262861156211
2011-11-23 05:00:00,17.872584567440107
2011-11-23 06:00:00,72.01115023266554
2011-11-23 07:00:00,251.78058655944605
2011-11-23 08:00:00,391.27314048381305
2011-11-23 09:00:00,180.534941689538
2011-11-23 10:00:00,80.14624304276964
2011-11-23 11:00:00,126.12690390370452
2011-11-23 12:00:00,157.33078068714087
2011-11-23 13:00:00,120.41677384248425
2011-11-23 14:00:00,131.617860302636
2011-11-23 15:00:00,137.74834645270593
2011-11-23 16:00:00,210.3192314307782
2011-11-23 17:00:00,246.45681460180032
2011-11-23 18:00:00,354.2366393262955
2011-11-23 19:00:00,254.60580506062036
2011-11-23 20:00:00,195.4642068508359
2011-11-23 21:00:00,132.6169441549382
2011-11-23 22:00:00,93.08912428749585
2011-11-23 23:00:00,42.22855213467797
2011-11-24 00:00:00,66.77997751719847
2011-11-24 01:00:00,27.489047413570578
2011-11-24 02:00:00,23.113673673408957
2011-11-24 03:00:00,11.897376921821536
2011-11-24 04:00:00,6.118110469840723
2011-11-24 05:00:00,8.136095234898624
2011-11-24 06:00:00,23.24631729881837
2011-11-24 07:00:00,43.56128178741599
2011-11-24 08:00:00,103.86488588414169
2011-11-24 09:00:00,147.7967892970588
2011-11-24 10:00:00,210.51125304162852
2011-11-24 11:00:00,277.22169902062285
2011-11-24 12:00:00,275.5307968245146
2011-11-24 13:00:00,278.25000824338616
2011-11-24 14:00:00,278.786441161975
2011-11-24 15:00:00,265.4635706078085
2011-11-24 16:00:00,281.6250569657189
2011-11-24 17:00:00,266.4570380545767
2011-11-24 18:00:00,239.66420067771435
2011-11-24 19:00:00,205.67797658028292
2011-11-24 20:00:00,122.23150357365353
2011-11-24 21:00:00,107.00184151045146
2011-11-24 22:00:00,104.37258209305178
2011-11-24 23:00:00,56.103027330198024
2011-11-25 00:00:00,40.2699079596173
2011-11-25 01:00:00,21.580935158475096
2011-11-25 02:00:00,8.711207150882931
2011-11-25 03:00:00,4.156865645649556
2011-11-25 04:00:00,4.2151240995451715
2011-11-25 05:00:00,23.39227050045696
2011-11-25 06:00:00,62.58477607778874
2011-11-25 07:00:00,236.6814969979131
2011-11-25 08:00:00,379.7809593803752
2011-11-25 09:00:00,228.76849842418042
2011-11-25 10:00:00,125.1039174863129
2011-11-25 11:00:00,152.1274960384229
2011-11-25 12:00:00,201.19136006512696
2011-11-25 13:00:00,218.65740213465898
2011-11-25 14:00:00,197.210067593128
2011-11-25 15:00:00,217.65039969892425
2011-11-25 16:00:00,298.73300634979864
2011-11-25 17:00:00,457.8953694080285
2011-11-25 18:00:00,415.5005640079144
2011-11-25 19:00:00,253.25366323859117
2011-11-25 20:00:00,178.16040664423525
2011-11-25 21:00:00,128.3336174894187
2011-11-25 22:00:00,117.85050789167214
2011-11-25 23:00:00,91.186405902376
2011-11-26 00:00:00,71.86752594107728
2011-11-26 01:00:00,55.90932710481248
2011-11-26 02:00:00,46.750774559304595
2011-11-26 03:00:00,22.144562692101616
2011-11-26 04:00:00,5.734259820601256
2011-11-26 05:00:00,6.337891088214245
2011-11-26 06:00:00,16.78622565066499
2011-11-26 07:00:00,30.625868616152758
2011-11-26 08:00:00,81.3591402626216
2011-11-26 09:00:00,130.0655351813177
2011-11-26 10:00:00,210.8888357731842
2011-11-26 11:00:00,280.43174416239646
2011-11-26 12:00:00,337.1149699642722
2011-11-26 13:00:00,336.1264351338531
2011-11-26 14:00:00,339.3899740901493
2011-11-26 15:00:00,324.89975052435153
2011-11-26 16:00:00,307.5380083198908
2011-11-26 17:00:00,266.92126329597335
2011-11-26 18:00:00,221.73838253820762
2011-11-26 19:00:00,186.76727218353403
2011-11-26 20:00:00,137.39547313347856
2011-11-26 21:00:00,105.47688221006854
2011-11-26 22:00:00,95.20702403768772
2011-11-26 23:00:00,60.781429231155975
2011-11-27 00:00:00,65.8838078250906
2011-11-27 01:00:00,57.082249184173726
2011-11-27 02:00:00,48.90502158105816
2011-11-27 03:00:00,18.22383169284329
2011-11-27 04:00:00,6.147119717995371
2011-11-27 05:00:00,5.38033905328351
2011-11-27 06:00:00,14.635240885337495
2011-11-27 07:00:00,43.55210978788189
2011-11-27 08:00:00,76.60443861319334
2011-11-27 09:00:00,137.98837055740296
2011-11-27 10:00:00,226.869178566231
2011-11-27 11:00:00,292.4949924975774
2011-11-27 12:00:00,341.5072785764189
2011-11-27 13:00:00,344.2285118533463
2011-11-27 14:00:00,379.7162857027374
2011-11-27 15:00:00,379.7424161515308
2011-11-27 16:00:00,376.1874236774652
2011-11-27 17:00:00,297.1872114271706
2011-11-27 18:00:00,259.8786778034788
2011-11-27 19:00:00,218.017553488772
2011-11-27 20:00:00,162.44172028006034
2011-11-27 21:00:00,118.26200637971097
2011-11-27 22:00:00,102.48272959835877
2011-11-27 23:00:00,71.51720176101828
2011-11-28 00:00:00,42.649020532910754
2011-11-28 01:00:00,12.146434768670886
2011-11-28 03:00:00,4.841297361423841
2011-11-28 04:00:00,5.920620788350439
2011-11-28 05:00:00,19.98411310934157
2011-11-28 06:00:00,96.54249693209073
2011-11-28 07:00:00,304.1029141658322
2011-11-28 08:00:00,399.3721734850388
2011-11-28 09:00:00,200.65376402814616
2011-11-28 10:00:00,110.96530795317481
2011-11-28 11:00:00,129.697089265425
2011-11-28 12:00:00,192.6079586151392
2011-11-28 13:00:00,183.39277248443182
2011-11-28 14:00:00,171.2794307710447
2011-11-28 15:00:00,187.30309197138303
2011-11-28 16:00:00,289.22461404679143
2011-11-28 17:00:00,536.1495249945363
2011-11-28 18:00:00,496.80269441954647
2011-11-28 19:00:00,308.5355592695468
2011-11-28 20:00:00,244.3444289848267
2011-11-28 21:00:00,180.62038095053356
2011-11-28 22:00:00,115.99453589166677
2011-11-28 23:00:00,65.16307873698393
2011-11-29 00:00:00,27.053269434498734
2011-11-29 01:00:00,10.038906484087446
2011-11-29 02:00:00,6.780985437254972
2011-11-29 03:00:00,4.238641611032719
2011-11-29 04:00:00,4.738765584484911
2011-11-29 05:00:00,22.792310364363274
2011-11-29 06:00:00,98.83101852904854
2011-11-29 07:00:00,288.9808529081366
2011-11-29 08:00:00,441.02459759629886
2011-11-29 09:00:00,162.41284587640575
2011-11-29 10:00:00,86.88969078014829
2011-11-29 11:00:00,106.1186841605308
2011-11-29 12:00:00,71.9207405682174
2011-11-29 13:00:00,101.60830213122074
2011-11-29 14:00:00,60.88491437661505
2011-11-29 15:00:00,81.1244194339907
2011-11-29 16:00:00,84.74559436666482
2011-11-29 17:00:00,287.18622037144314
2011-11-29 18:00:00,314.8176223020676
2011-11-29 19:00:00,199.3222846296866
2011-11-29 20:00:00,182.48073258917412
2011-11-29 21:00:00,135.99635368847342
2011-11-29 22:00:00,97.42870633967749
2011-11-29 23:00:00,44.42915932100851
2011-11-30 00:00:00,26.345009550113716
2011-11-30 01:00:00,11.787983366683921
2011-11-30 02:00:00,4.990383184480958
2011-11-30 03:00:00,3.5037806790569137
2011-11-30 04:00:00,4.406036866109683
2011-11-30 05:00:00,21.396567362575805
2011-11-30 06:00:00,75.71137771924215
2011-11-30 07:00:00,240.7159082171123
2011-11-30 08:00:00,389.1232054901469
2011-11-30 09:00:00,206.88975634395507
2011-11-30 10:00:00,90.53200034756367
2011-11-30 11:00:00,123.40747147903647
2011-11-30 12:00:00,134.35229679493938
2011-11-30 13:00:00,137.19765609581327
2011-11-30 14:00:00,132.09435017406238
2011-11-30 15:00:00,126.08254048491571
2011-11-30 16:00:00,214.87313630571694
2011-11-30 17:00:00,379.23694606319145
2011-11-30 18:00:00,372.67948935820374
2011-11-30 19:00:00,217.1204742803033
2011-11-30 20:00:00,182.7501485684532
2011-11-30 21:00:00,129.39754662965032
2011-11-30 22:00:00,85.63709698365739
2011-11-30 23:00:00,43.56730258904086
2011-12-20 00:00:00,27.76518551365146
2011-12-20 01:00:00,10.861399247024126
2011-12-20 02:00:00,4.93671198780164
2011-12-20 03:00:00,3.9612277197116272
2011-12-20 04:00:00,4.687537168519796
2011-12-20 05:00:00,22.72690734184539
2011-12-20 06:00:00,93.00407562384387
2011-12-20 07:00:00,244.2174768418274
2011-12-20 08:00:00,427.5439760336948
2011-12-20 09:00:00,220.22997288937827
2011-12-20 10:00:00,115.19244697441266
2011-12-20 11:00:00,128.36506892446303
2011-12-20 12:00:00,156.46621926625136
2011-12-20 13:00:00,152.94774684378984
2011-12-20 14:00:00,138.2755396090393
2011-12-20 15:00:00,154.62200861438137
2011-12-20 16:00:00,232.2042743385653
2011-12-20 17:00:00,393.9396193854134
2011-12-20 18:00:00,369.4313720364844
2011-12-20 19:00:00,263.29605068593526
2011-12-20 20:00:00,195.84956144973816
2011-12-20 21:00:00,137.13266940364178
2011-12-20 22:00:00,104.99691361691595
2011-12-20 23:00:00,63.00472292844838
2011-12-21 00:00:00,24.847231947974052
2011-12-21 01:00:00,12.555452500883488
2011-12-21 02:00:00,5.533804392267193
2011-12-21 03:00:00,4.053676410809186
2011-12-21 04:00:00,4.042201173203215
2011-12-21 05:00:00,17.36937013671788
2011-12-21 06:00:00,75.2139625911579
2011-12-21 07:00:00,180.81227060551024
2011-12-21 08:00:00,108.56808594036929
2011-12-21 09:00:00,163.44229101987787
2011-12-21 10:00:00,107.23774623633433
2011-12-21 11:00:00,110.26115853262927
2011-12-21 12:00:00,49.312691907137065
2011-12-21 13:00:00,48.587917344381715
2011-12-21 14:00:00,112.04491509889051
2011-12-21 15:00:00,118.17719489335727
2011-12-21 16:00:00,41.4943758085693
2011-12-21 17:00:00,76.18459064437054
2011-12-21 18:00:00,230.63306980215626
2011-12-21 19:00:00,149.96139537518073
2011-12-21 20:00:00,129.296437119093
2011-12-21 21:00:00,105.94112153467722
2011-12-21 22:00:00,112.01683312283507
2011-12-21 23:00:00,69.00506287806533
2011-12-22 00:00:00,23.879379987152785
2011-12-22 01:00:00,7.904772336553483
2011-12-22 02:00:00,6.483523933694916
2011-12-22 03:00:00,4.283684933831014
2011-12-22 04:00:00,4.789411729217998
2011-12-22 05:00:00,17.32198163467538
2011-12-22 06:00:00,78.29206380534649
2011-12-22 07:00:00,180.15992776020744
2011-12-22 08:00:00,330.1927495064332
2011-12-22 09:00:00,170.43468482647205
2011-12-22 10:00:00,101.06987404724443
2011-12-22 11:00:00,108.9072789210433
2011-12-22 12:00:00,146.28855465055986
2011-12-22 13:00:00,144.03704249689417
2011-12-22 14:00:00,128.59059932606698
2011-12-22 15:00:00,141.75259189724966
2011-12-22 16:00:00,191.5317237626845
2011-12-22 17:00:00,313.4928710894689
2011-12-22 18:00:00,310.36398083060453
2011-12-22 19:00:00,225.4827781525731
2011-12-22 20:00:00,63.55464959016743
2011-12-22 21:00:00,62.62271049902612
2011-12-22 22:00:00,46.65833387681674
2011-12-22 23:00:00,37.221362570908155
2011-12-23 00:00:00,27.331827349874256
2011-12-23 01:00:00,13.058553986989143
2011-12-23 02:00:00,6.724009988855
2011-12-23 03:00:00,5.71237051999779
2011-12-23 04:00:00,3.453792721336316
2011-12-23 05:00:00,15.15115086233515
2011-12-23 06:00:00,73.41593887888318
2011-12-23 07:00:00,171.51735866755874
2011-12-23 08:00:00,336.80415928473076
2011-12-23 09:00:00,188.06712511170196
2011-12-23 10:00:00,115.5511936484301
2011-12-23 11:00:00,131.00874130855297
2011-12-23 12:00:00,163.36206784761825
2011-12-23 13:00:00,160.56883623490666
2011-12-23 14:00:00,163.90958452193792
2011-12-23 15:00:00,153.32414335797978
2011-12-23 16:00:00,183.61045209096062
2011-12-23 17:00:00,320.2296987618173
2011-12-23 18:00:00,292.27744075925943
2011-12-23 19:00:00,162.2217441296748
2011-12-23 20:00:00,130.67150528868038
2011-12-23 21:00:00,105.40666578925223
2011-12-23 22:00:00,95.80035040991545
2011-12-23 23:00:00,78.55204302476288
2011-12-24 00:00:00,64.34671740303975
2011-12-24 01:00:00,52.176965346067234
2011-12-24 02:00:00,46.07449313232469
2011-12-24 03:00:00,19.16732042390289
2011-12-24 04:00:00,5.217701546242538
2011-12-24 05:00:00,5.540231206686313
2011-12-24 06:00:00,11.551531152750465
2011-12-24 07:00:00,24.771050913716625
2011-12-24 08:00:00,65.07235610585063
2011-12-24 09:00:00,91.83526504462822
2011-12-24 10:00:00,137.51286059074639
2011-12-24 11:00:00,149.8012354798782
2011-12-24 12:00:00,200.82577994474582
2011-12-24 13:00:00,208.92934628435756
2011-12-24 14:00:00,190.3566260218932
2011-12-24 15:00:00,181.78484168184974
2011-12-24 16:00:00,173.70149452153777
2011-12-24 17:00:00,135.95759849754342
2011-12-24 18:00:00,134.72766604695101
2011-12-24 19:00:00,124.54898530489069
2011-12-24 20:00:00,87.6851828565865
2011-12-24 21:00:00,68.61285530866725
2011-12-24 22:00:00,62.296010235109655
2011-12-24 23:00:00,45.74199571857088
2011-12-25 00:00:00,47.639906767018374
2011-12-25 01:00:00,38.24888360583219
2011-12-25 02:00:00,33.51770350175376
2011-12-25 03:00:00,15.424203652501589
2011-12-25 05:00:00,4.4779824133949155
2011-12-25 06:00:00,8.35555649035797
2011-12-25 07:00:00,19.251694488436566
2011-12-25 08:00:00,49.028110900881856
2011-12-25 09:00:00,66.55547152562829
2011-12-25 10:00:00,123.6349037458423
2011-12-25 11:00:00,152.31512156108772
2011-12-25 12:00:00,183.7276943313821
2011-12-25 13:00:00,198.89923087576233
2011-12-25 14:00:00,189.7481864824665
2011-12-25 15:00:00,193.05157602626826
2011-12-25 16:00:00,198.12787334343182
2011-12-25 17:00:00,154.2672082297999
2011-12-25 18:00:00,128.25195120594995
2011-12-25 19:00:00,129.51595312777363
2011-12-25 20:00:00,100.33920106827158
2011-12-25 21:00:00,71.54200561119477
2011-12-25 22:00:00,59.999493916807936
2011-12-25 23:00:00,42.27796078174706
2011-12-26 00:00:00,51.922705443956154
2011-12-26 01:00:00,35.46619562330977
2011-12-26 02:00:00,33.08305348404766
2011-12-26 04:00:00,6.472269232784383
2011-12-26 05:00:00,7.709686320656068
2011-12-26 06:00:00,16.869883110929326
2011-12-26 07:00:00,34.51885285246981
2011-12-26 08:00:00,82.05925804962243
2011-12-26 09:00:00,123.68945836044911
2011-12-26 10:00:00,143.30479882934537
2011-12-26 11:00:00,140.688366533391
2011-12-26 12:00:00,193.4460533506709
2011-12-26 13:00:00,216.7478254123258
2011-12-26 14:00:00,198.24033302502446
2011-12-26 15:00:00,193.85005283717004
2011-12-26 16:00:00,178.7847439814562
2011-12-26 17:00:00,156.60648663743956
2011-12-26 18:00:00,148.76954868357447
2011-12-26 19:00:00,133.3872999426005
2011-12-26 20:00:00,108.10670375994337
2011-12-26 21:00:00,71.35852974948048
2011-12-26 22:00:00,68.90591325764996
2011-12-26 23:00:00,41.28787377313633
2011-12-27 00:00:00,19.043263701755723
2011-12-27 01:00:00,8.631028472184566
2011-12-27 02:00:00,3.944042486744579
2011-12-27 03:00:00,3.009549061242104
2011-12-27 04:00:00,3.515711822492238
2011-12-27 05:00:00,13.068261318148608
2011-12-27 06:00:00,65.10497077062246
2011-12-27 07:00:00,162.16531482438256
2011-12-27 08:00:00,324.83771503663297
2011-12-27 09:00:00,45.48771604948929
2011-12-27 10:00:00,91.79856955590003
2011-12-27 11:00:00,69.87101884290395
2011-12-27 12:00:00,65.06861089300251
2011-12-27 13:00:00,53.629170769598424
2011-12-27 14:00:00,53.26563386198143
2011-12-27 15:00:00,52.12285475530774
2011-12-27 16:00:00,51.454437948588584
2011-12-27 17:00:00,118.96429494893985
2011-12-27 18:00:00,275.7751125940604
2011-12-27 19:00:00,175.94387663535292
2011-12-27 20:00:00,138.1494194236738
2011-12-27 21:00:00,113.94223199854414
2011-12-27 22:00:00,81.7706880031552
2011-12-27 23:00:00,43.9704571484823
2011-12-28 00:00:00,22.573708420130146
2011-12-28 01:00:00,11.811951629124522
2011-12-28 02:00:00,3.9041118758338005
2011-12-28 03:00:00,2.87122480843785
2011-12-28 05:00:00,13.170998019625308
2011-12-28 06:00:00,72.72936783786325
2011-12-28 07:00:00,161.32858121473936
2011-12-28 08:00:00,327.8373286855629
2011-12-28 09:00:00,168.78839778343786
2011-12-28 10:00:00,85.8010899741578
2011-12-28 11:00:00,102.45778742187898
2011-12-28 12:00:00,78.93828546198188
2011-12-28 13:00:00,117.19589914186092
2011-12-28 14:00:00,111.11386046735774
2011-12-28 15:00:00,107.49555070405873
2011-12-28 16:00:00,136.96591638486387
2011-12-28 17:00:00,293.94607167395503
2011-12-28 18:00:00,277.3457540551151
2011-12-28 19:00:00,154.70387989262275
2011-12-28 20:00:00,125.27571513692429
2011-12-28 21:00:00,82.23419922652732
2011-12-28 22:00:00,66.57554321094202
2011-12-28 23:00:00,42.15608479577291
2011-12-29 00:00:00,15.744353799031193
2011-12-29 01:00:00,8.67624382545041
2011-12-29 02:00:00,4.330323394654769
2011-12-29 03:00:00,2.491208900520035
2011-12-29 04:00:00,3.0361222420425067
2011-12-29 05:00:00,15.69563384652512
2011-12-29 06:00:00,60.799308829167906
2011-12-29 07:00:00,150.28719471299848
2011-12-29 08:00:00,314.3427202735301
2011-12-29 09:00:00,159.90055106646196
2011-12-29 10:00:00,69.94338126113465
2011-12-29 11:00:00,82.33641636815229
2011-12-29 12:00:00,98.43716041790267
2011-12-29 13:00:00,108.63280720537831
2011-12-29 14:00:00,106.48337950042131
2011-12-29 15:00:00,117.04398094668619
2011-12-29 16:00:00,144.5462424156856
2011-12-29 17:00:00,292.622168565043
2011-12-29 18:00:00,279.1810736413262
2011-12-29 19:00:00,163.2436627699663
2011-12-29 20:00:00,129.05897282574838
2011-12-29 21:00:00,103.72391414544875
2011-12-29 22:00:00,72.90639284702995
2011-12-29 23:00:00,51.32741997449139
2011-12-30 00:00:00,32.30209751969113
2011-12-30 01:00:00,14.108338942575696
2011-12-30 02:00:00,7.733912920773257
2011-12-30 03:00:00,3.9029665986031175
2011-12-30 04:00:00,3.603412235497448
2011-12-30 05:00:00,14.813178932323757
2011-12-30 06:00:00,52.90774506691105
2011-12-30 07:00:00,153.92538361535958
2011-12-30 08:00:00,318.68136048867797
2011-12-30 09:00:00,166.93422126181187
2011-12-30 10:00:00,98.19976068647411
2011-12-30 11:00:00,125.9615290136265
2011-12-30 12:00:00,140.51997197820867
2011-12-30 13:00:00,150.685246855997
2011-12-30 14:00:00,160.59797668908186
2011-12-30 15:00:00,165.77139945086574
2011-12-30 16:00:00,197.02206131408252
2011-12-30 17:00:00,321.68310406825265
2011-12-30 18:00:00,292.44243040149206
2011-12-30 19:00:00,153.1370061848948
2011-12-30 20:00:00,145.69270073577113
2011-12-30 21:00:00,111.71488193559523
2011-12-30 22:00:00,102.40314704548163
2011-12-30 23:00:00,79.61155525754678
2011-12-31 00:00:00,63.714548968069714
2011-12-31 01:00:00,61.57087238472927
2011-12-31 02:00:00,47.92912584911346
2011-12-31 03:00:00,18.013440587511592
2011-12-31 04:00:00,3.7770283718758386
2011-12-31 05:00:00,4.939608179444166
2011-12-31 06:00:00,13.159524873873153
2011-12-31 07:00:00,23.674743601875946
2011-12-31 08:00:00,68.52123896723556
2011-12-31 09:00:00,111.31802184349013
2011-12-31 10:00:00,178.24796510433782
2011-12-31 11:00:00,200.73708822145292
2011-12-31 12:00:00,309.5359776162591
2011-12-31 13:00:00,303.15968183014456
2011-12-31 14:00:00,267.7042009960776
2011-12-31 15:00:00,256.5595585194351
2011-12-31 16:00:00,231.72360843954965
2011-12-31 17:00:00,200.2076159209567
2011-12-31 18:00:00,185.94513997254302
2011-12-31 19:00:00,161.66502355158093
2011-12-31 20:00:00,128.22615958384316
2011-12-31 21:00:00,105.72853789627733
2011-12-31 22:00:00,92.19291348564971
2011-12-31 23:00:00,64.7062600879081
2012-01-20 00:00:00,34.123418437910026
2012-01-20 01:00:00,18.57673254572758
2012-01-20 02:00:00,6.39470310335549
2012-01-20 03:00:00,3.358807359224101
2012-01-20 04:00:00,2.8013419070117185
2012-01-20 05:00:00,17.732098860108856
2012-01-20 06:00:00,69.32798143198774
2012-01-20 07:00:00,211.78361258297303
2012-01-20 08:00:00,438.4830084477414
2012-01-20 09:00:00,210.53298783685466
2012-01-20 10:00:00,104.56459065548415
2012-01-20 11:00:00,107.38484131574627
2012-01-20 12:00:00,147.87482397646232
2012-01-20 13:00:00,161.59328017056413
2012-01-20 14:00:00,145.65421417024527
2012-01-20 15:00:00,165.30843870068875
2012-01-20 16:00:00,184.34886379714294
2012-01-20 17:00:00,332.3288524461426
2012-01-20 18:00:00,291.5937762994495
2012-01-20 19:00:00,174.37730575845137
2012-01-20 20:00:00,127.93756052733036
2012-01-20 21:00:00,98.44893518219953
2012-01-20 22:00:00,84.33265235407782
2012-01-20 23:00:00,64.65747317880445
2012-01-21 00:00:00,51.06933789243809
2012-01-21 01:00:00,31.337761670543383
2012-01-21 02:00:00,23.952320196898725
2012-01-21 03:00:00,16.09889982324146
2012-01-21 04:00:00,3.999244763384214
2012-01-21 05:00:00,2.738185735326254
2012-01-21 06:00:00,6.464222708272513
2012-01-21 07:00:00,16.960388314289432
2012-01-21 08:00:00,72.78529168813907
2012-01-21 09:00:00,95.58455538346647
2012-01-21 10:00:00,144.71853471261156
2012-01-21 11:00:00,191.42352574667999
2012-01-21 12:00:00,220.0985546869463
2012-01-21 13:00:00,232.2530706029109
2012-01-21 14:00:00,168.83597659259704
2012-01-21 15:00:00,163.31452655342557
2012-01-21 16:00:00,190.88397933579324
2012-01-21 17:00:00,149.45172564242415
2012-01-21 18:00:00,133.91356659492743
2012-01-21 19:00:00,118.25156678942125
2012-01-21 20:00:00,93.27589893969102
2012-01-21 21:00:00,77.77312886177387
2012-01-21 22:00:00,67.45032696970506
2012-01-21 23:00:00,50.683328738030966
2012-01-22 00:00:00,48.24723691990162
2012-01-22 01:00:00,44.56719357642944
2012-01-22 02:00:00,33.83643716745936
2012-01-22 03:00:00,18.442056934349306
2012-01-22 04:00:00,3.8283730386331705
2012-01-22 05:00:00,3.188153892621067
2012-01-22 06:00:00,4.641172987178774
2012-01-22 07:00:00,18.465393745557545
2012-01-22 08:00:00,49.49393165629981
2012-01-22 09:00:00,94.02716367235732
2012-01-22 10:00:00,135.01110826129047
2012-01-22 11:00:00,150.50681263109067
2012-01-22 12:00:00,201.42835039510257
2012-01-22 13:00:00,232.7417429407197
2012-01-22 14:00:00,204.52350579454574
2012-01-22 15:00:00,191.56077965963772
2012-01-22 16:00:00,185.63508385791096
2012-01-22 17:00:00,156.986496840877
2012-01-22 18:00:00,111.50947968744511
2012-01-22 19:00:00,107.0658430978369
2012-01-22 20:00:00,65.90305982703646
2012-01-22 21:00:00,61.96788775890139
2012-01-22 22:00:00,51.772967822959615
2012-01-22 23:00:00,39.637385098564344
2012-01-23 00:00:00,15.648650851705574
2012-01-23 01:00:00,4.407683915708105
2012-01-23 02:00:00,3.39214496789476
2012-01-23 03:00:00,2.919895135999433
2012-01-23 04:00:00,2.9782327756153806
2012-01-23 05:00:00,16.82753900734004
2012-01-23 06:00:00,86.82250233259418
2012-01-23 07:00:00,136.73973506793567
2012-01-23 08:00:00,182.43649966896436
2012-01-23 09:00:00,210.45586388587344
2012-01-23 10:00:00,93.67248401233556
2012-01-23 11:00:00,95.65386365685
2012-01-23 12:00:00,96.46595797801277
2012-01-23 13:00:00,70.22619473171059
2012-01-23 14:00:00,62.42797261022697
2012-01-23 15:00:00,93.31160991700364
2012-01-23 16:00:00,165.6864326250559
2012-01-23 17:00:00,313.53042185925796
2012-01-23 18:00:00,309.53891573877326
2012-01-23 19:00:00,201.62405462500664
2012-01-23 20:00:00,174.3412521472025
2012-01-23 21:00:00,92.17522110767078
2012-01-23 22:00:00,85.22653724220142
2012-01-23 23:00:00,46.75601202563772
2012-01-24 00:00:00,16.519143063032853
2012-01-24 01:00:00,5.072351031726376
2012-01-24 02:00:00,3.705080289755039
2012-01-24 03:00:00,2.7031254951568817
2012-01-24 04:00:00,2.931778377787514
2012-01-24 05:00:00,17.59478056462286
2012-01-24 06:00:00,82.8792339296383
2012-01-24 07:00:00,238.24089039035812
2012-01-24 08:00:00,466.1219612088581
2012-01-24 09:00:00,227.79239010183184
2012-01-24 10:00:00,89.17260937338264
2012-01-24 11:00:00,91.91700525332458
2012-01-24 12:00:00,112.37317476122381
2012-01-24 13:00:00,108.8984212068475
2012-01-24 14:00:00,123.57046113421656
2012-01-24 15:00:00,125.8427488873596
2012-01-24 16:00:00,238.24147191280653
2012-01-24 17:00:00,467.7319575482302
2012-01-24 18:00:00,447.4575336988112
2012-01-24 19:00:00,336.49048984492964
2012-01-24 20:00:00,198.95199157015514
2012-01-24 21:00:00,134.32941389910218
2012-01-24 22:00:00,102.78744978884151
2012-01-24 23:00:00,58.89988690726223
2012-01-25 00:00:00,21.307856503851195
2012-01-25 01:00:00,5.538859421600234
2012-01-25 02:00:00,4.435284298380745
2012-01-25 03:00:00,2.936083015265831
2012-01-25 04:00:00,2.632141382964528
2012-01-25 05:00:00,19.477585352301276
2012-01-25 06:00:00,81.59539855460818
2012-01-25 07:00:00,230.74966692804074
2012-01-25 08:00:00,458.59337202778346
2012-01-25 09:00:00,208.1946088705634
2012-01-25 10:00:00,96.46482604583503
2012-01-25 11:00:00,101.63297226791012
2012-01-25 12:00:00,134.4791681272091
2012-01-25 13:00:00,128.26221208699354
2012-01-25 14:00:00,119.2174327061768
2012-01-25 15:00:00,134.44288768954613
2012-01-25 16:00:00,212.76716541337564
2012-01-25 17:00:00,407.2152877381776
2012-01-25 18:00:00,405.87699004945284
2012-01-25 19:00:00,267.1756735105285
2012-01-25 20:00:00,193.01519858331494
2012-01-25 21:00:00,120.97024886712914
2012-01-25 22:00:00,101.88311706300814
2012-01-25 23:00:00,51.46534617720534
2012-01-26 00:00:00,19.958785885053917
2012-01-26 01:00:00,5.872274736921569
2012-01-26 02:00:00,4.318866203720377
2012-01-26 03:00:00,2.974950960862818
2012-01-26 04:00:00,3.456614071576161
2012-01-26 05:00:00,19.835481547393115
2012-01-26 06:00:00,88.82015978728697
2012-01-26 07:00:00,235.0999595854456
2012-01-26 08:00:00,473.9321904976665
2012-01-26 09:00:00,226.30338251505043
2012-01-26 10:00:00,96.28248782850358
2012-01-26 11:00:00,92.19134173699618
2012-01-26 12:00:00,112.3764942402545
2012-01-26 13:00:00,116.91802629874158
2012-01-26 14:00:00,121.97359409577678
2012-01-26 15:00:00,133.54880160005393
2012-01-26 16:00:00,234.85444469079764
2012-01-26 17:00:00,461.49382842343755
2012-01-26 18:00:00,454.77964953558
2012-01-26 19:00:00,321.4458505215427
2012-01-26 20:00:00,208.57981183114
2012-01-26 21:00:00,129.98111619599538
2012-01-26 22:00:00,111.09233819627366
2012-01-26 23:00:00,72.62735331705579
2012-01-27 00:00:00,40.01347501983409
2012-01-27 01:00:00,20.607302125253987
2012-01-27 02:00:00,9.148897353574263
2012-01-27 03:00:00,4.99645668783746
2012-01-27 04:00:00,2.757643599391374
2012-01-27 05:00:00,19.38664839943124
2012-01-27 06:00:00,89.72158140385162
2012-01-27 07:00:00,239.62726752876918
2012-01-27 08:00:00,378.61183210114564
2012-01-27 09:00:00,191.82232313755327
2012-01-27 10:00:00,83.1640345234565
2012-01-27 11:00:00,162.04197028064985
2012-01-27 12:00:00,275.92291944860233
2012-01-27 13:00:00,266.10417356528205
2012-01-27 14:00:00,254.23066001163917
2012-01-27 15:00:00,215.12357299065482
2012-01-27 16:00:00,283.50436020153853
2012-01-27 17:00:00,453.6964992569648
2012-01-27 18:00:00,377.3174485202114
2012-01-27 19:00:00,243.598971634037
2012-01-27 20:00:00,152.61463212380906
2012-01-27 21:00:00,121.12657764611497
2012-01-27 22:00:00,113.86377294213506
2012-01-27 23:00:00,66.43382784714586
2012-01-28 00:00:00,58.545623234939946
2012-01-28 01:00:00,47.73984448309731
2012-01-28 02:00:00,40.200491178097394
2012-01-28 03:00:00,20.493756016585053
2012-01-28 04:00:00,4.867698125068348
2012-01-28 05:00:00,2.465287307108654
2012-01-28 06:00:00,7.556588476854156
2012-01-28 07:00:00,23.151841235643474
2012-01-28 08:00:00,78.51789182907176
2012-01-28 09:00:00,114.65241198316967
2012-01-28 10:00:00,193.93485409392295
2012-01-28 11:00:00,221.0762566345769
2012-01-28 12:00:00,245.6440295550529
2012-01-28 13:00:00,284.9762139577575
2012-01-28 14:00:00,326.02949551718683
2012-01-28 15:00:00,366.1713155852333
2012-01-28 16:00:00,399.1512932994
2012-01-28 17:00:00,275.384082475314
2012-01-28 18:00:00,244.35902717089252
2012-01-28 19:00:00,184.77078503881637
2012-01-28 20:00:00,139.77920254184772
2012-01-28 21:00:00,109.9414783360226
2012-01-28 22:00:00,81.09101692178324
2012-01-28 23:00:00,65.8126555614409
2012-01-29 00:00:00,56.435137850799784
2012-01-29 01:00:00,48.964234443885346
2012-01-29 02:00:00,43.65339444214757
2012-01-29 03:00:00,17.141754186316426
2012-01-29 04:00:00,4.965852767538838
2012-01-29 05:00:00,3.5007169092172856
2012-01-29 06:00:00,5.523624457440016
2012-01-29 07:00:00,21.4069569614091
2012-01-29 08:00:00,55.144051991993656
2012-01-29 09:00:00,98.27481112721983
2012-01-29 10:00:00,170.1354244696935
2012-01-29 11:00:00,206.7636558259718
2012-01-29 12:00:00,283.68664517810714
2012-01-29 13:00:00,299.73230510910673
2012-01-29 14:00:00,262.3001315549955
2012-01-29 15:00:00,309.1568317142674
2012-01-29 16:00:00,303.5805169483733
2012-01-29 17:00:00,237.49970389690748
2012-01-29 18:00:00,202.51594890104187
2012-01-29 19:00:00,162.40231357130176
2012-01-29 20:00:00,112.20450136188329
2012-01-29 21:00:00,95.21871441500704
2012-01-29 22:00:00,62.311226931605155
2012-01-29 23:00:00,44.173158228145354
2012-01-30 00:00:00,16.764222782160893
2012-01-30 01:00:00,3.9511237366407985
2012-01-30 02:00:00,3.506837784803936
2012-01-30 03:00:00,2.4772414265844063
2012-01-30 04:00:00,2.5642747910723207
2012-01-30 05:00:00,19.417987594551022
2012-01-30 06:00:00,74.53247622846537
2012-01-30 07:00:00,220.52149286216505
2012-01-30 08:00:00,395.90913601770916
2012-01-30 09:00:00,199.4102978319806
2012-01-30 10:00:00,95.29868896410726
2012-01-30 11:00:00,97.39806051886423
2012-01-30 12:00:00,119.2136450334311
2012-01-30 13:00:00,118.21048254341878
2012-01-30 14:00:00,113.08333187894644
2012-01-30 15:00:00,121.50176553620317
2012-01-30 16:00:00,216.88563408649486
2012-01-30 17:00:00,404.5625900701257
2012-01-30 18:00:00,399.6994877493994
2012-01-30 19:00:00,250.19139399219912
2012-01-30 20:00:00,181.79907264545628
2012-01-30 21:00:00,125.46675847477593
2012-01-30 22:00:00,85.66937937066515
2012-01-30 23:00:00,47.33378494083762
2012-01-31 00:00:00,17.558600276023103
2012-01-31 01:00:00,4.630081824608194
2012-01-31 02:00:00,4.012498839145672
2012-01-31 03:00:00,2.6462745802247216
2012-01-31 04:00:00,2.4981749085043323
2012-01-31 05:00:00,18.400006917370963
2012-01-31 06:00:00,79.52284886938564
2012-01-31 07:00:00,229.79827695341527
2012-01-31 08:00:00,469.7141429734398
2012-01-31 09:00:00,210.51137072653594
2012-01-31 10:00:00,101.32677472959152
2012-01-31 11:00:00,116.7109393234307
2012-01-31 12:00:00,152.83419024739985
2012-01-31 13:00:00,161.85939532255244
2012-01-31 14:00:00,180.95959024810782
2012-01-31 15:00:00,225.67612103790395
2012-01-31 16:00:00,307.38206620151567
2012-01-31 17:00:00,476.16490493370156
2012-01-31 18:00:00,482.3492824506642
2012-01-31 19:00:00,416.73781589809346
2012-01-31 20:00:00,208.69578299609134
2012-01-31 21:00:00,160.49893504741289
2012-01-31 22:00:00,106.52678106152189
2012-01-31 23:00:00,76.01229896108754
2012-02-20 00:00:00,46.06317133221729
2012-02-20 01:00:00,35.09263185593691
2012-02-20 02:00:00,24.60717572893742
2012-02-20 03:00:00,11.372514628520205
2012-02-20 05:00:00,2.920457592955486
2012-02-20 06:00:00,8.284476117160809
2012-02-20 07:00:00,15.901883406766194
2012-02-20 08:00:00,56.975836509754615
2012-02-20 09:00:00,106.04056871800438
2012-02-20 10:00:00,156.138868334622
2012-02-20 11:00:00,205.36700075110215
2012-02-20 12:00:00,230.6568108948048
2012-02-20 13:00:00,274.6841154919276
2012-02-20 14:00:00,269.8965835248863
2012-02-20 15:00:00,278.11292024634145
2012-02-20 16:00:00,343.1492578104274
2012-02-20 17:00:00,283.6706276894157
2012-02-20 18:00:00,212.31355274931977
2012-02-20 19:00:00,180.38044912966663
2012-02-20 20:00:00,123.45086912367101
2012-02-20 21:00:00,87.15670134086184
2012-02-20 22:00:00,48.772683645424486
2012-02-20 23:00:00,44.13820795013853
2012-02-21 00:00:00,18.390589924966882
2012-02-21 01:00:00,5.574731762897864
2012-02-21 02:00:00,3.793505150458926
2012-02-21 04:00:00,2.159586417287559
2012-02-21 05:00:00,18.160076888071455
2012-02-21 06:00:00,90.79839821591555
2012-02-21 07:00:00,264.70851223577023
2012-02-21 08:00:00,448.5902192351009
2012-02-21 09:00:00,231.46006027580455
2012-02-21 10:00:00,101.66324858762081
2012-02-21 11:00:00,102.12291102442627
2012-02-21 12:00:00,143.13597462949028
2012-02-21 13:00:00,146.90360008804595
2012-02-21 14:00:00,119.97962919687795
2012-02-21 15:00:00,149.1620574233152
2012-02-21 16:00:00,230.10096957315676
2012-02-21 17:00:00,427.33629214494334
2012-02-21 18:00:00,423.8685434932302
2012-02-21 19:00:00,284.29562716675616
2012-02-21 20:00:00,204.67736940965318
2012-02-21 21:00:00,162.3036347930935
2012-02-21 22:00:00,106.69992619421605
2012-02-21 23:00:00,52.62838107573182
2012-02-22 00:00:00,20.067376069115127
2012-02-22 01:00:00,6.984707201686164
2012-02-22 02:00:00,4.435033942896043
2012-02-22 03:00:00,2.8766851393613107
2012-02-22 04:00:00,2.399890543668457
2012-02-22 05:00:00,21.34561401774396
2012-02-22 06:00:00,86.25421640995923
2012-02-22 07:00:00,280.03047187757824
2012-02-22 08:00:00,485.7771091127072
2012-02-22 09:00:00,246.99005046160352
2012-02-22 10:00:00,107.99016049986291
2012-02-22 11:00:00,123.70931423748397
2012-02-22 12:00:00,162.11351623129582
2012-02-22 13:00:00,163.7099372295013
2012-02-22 14:00:00,140.1574728422088
2012-02-22 15:00:00,200.031072648173
2012-02-22 16:00:00,309.5384393630389
2012-02-22 17:00:00,490.0165304137552
2012-02-22 18:00:00,468.4603518178827
2012-02-22 19:00:00,364.14864816363763
2012-02-22 20:00:00,204.17313306903677
2012-02-22 21:00:00,170.88772664752318
2012-02-22 22:00:00,113.68220204512536
2012-02-22 23:00:00,73.07145258959483
2012-02-23 00:00:00,24.276507260505216
2012-02-23 01:00:00,8.376742030454158
2012-02-23 02:00:00,8.813619525672358
2012-02-23 03:00:00,3.183899910603475
2012-02-23 04:00:00,3.00516199801825
2012-02-23 05:00:00,22.32541780541844
2012-02-23 06:00:00,90.54864329819969
2012-02-23 07:00:00,279.7392351122698
2012-02-23 08:00:00,477.8519160509402
2012-02-23 09:00:00,241.9440847881522
2012-02-23 10:00:00,123.20413424622508
2012-02-23 11:00:00,161.32847373775985
2012-02-23 12:00:00,206.35329931169105
2012-02-23 13:00:00,214.53367332981185
2012-02-23 14:00:00,216.45215840853675
2012-02-23 15:00:00,239.41690596989952
2012-02-23 16:00:00,331.99726995267974
2012-02-23 17:00:00,506.86045812096035
2012-02-23 18:00:00,504.9829678794888
2012-02-23 19:00:00,435.4340980830209
2012-02-23 20:00:00,217.5358082511721
2012-02-23 21:00:00,169.03475661267743
2012-02-23 22:00:00,123.17852035127939
2012-02-23 23:00:00,77.84221869054834
2012-02-24 00:00:00,43.63428869342199
2012-02-24 01:00:00,22.918268060312815
2012-02-24 02:00:00,8.138879426378159
2012-02-24 03:00:00,6.1363018054315
2012-02-24 04:00:00,2.6638673800211174
2012-02-24 05:00:00,22.08024686444358
2012-02-24 06:00:00,86.65398654196434
2012-02-24 07:00:00,252.1482113179901
2012-02-24 08:00:00,459.15134933012916
2012-02-24 09:00:00,141.12589228802437
2012-02-24 10:00:00,62.433153507782926
2012-02-24 11:00:00,127.7358306135055
2012-02-24 12:00:00,220.64936944883567
2012-02-24 13:00:00,224.55360240898972
2012-02-24 14:00:00,195.3610293589933
2012-02-24 15:00:00,120.13456352524707
2012-02-24 16:00:00,121.43799252603365
2012-02-24 17:00:00,392.7360329813201
2012-02-24 18:00:00,417.8251727835219
2012-02-24 19:00:00,285.9538854614824
2012-02-24 20:00:00,180.60459101893665
2012-02-24 21:00:00,136.89459568556447
2012-02-24 22:00:00,121.76386358751324
2012-02-24 23:00:00,88.24373540161997
2012-02-25 00:00:00,73.17947386827481
2012-02-25 01:00:00,58.47706154556156
2012-02-25 02:00:00,45.22400090628053
2012-02-25 03:00:00,19.057393383321976
2012-02-25 04:00:00,3.80636364249601
2012-02-25 05:00:00,3.4195656246066712
2012-02-25 06:00:00,9.272085402797678
2012-02-25 07:00:00,24.24636938617613
2012-02-25 08:00:00,71.73974184200225
2012-02-25 09:00:00,63.25584965989714
2012-02-25 10:00:00,188.78182732197945
2012-02-25 11:00:00,213.01617047261382
2012-02-25 12:00:00,228.78854856142485
2012-02-25 13:00:00,298.8146221405339
2012-02-25 14:00:00,215.35632460198647
2012-02-25 15:00:00,255.43599137926157
2012-02-25 16:00:00,212.1593429938688
2012-02-25 17:00:00,184.54325939292414
2012-02-25 18:00:00,178.77114396916613
2012-02-25 19:00:00,146.15755291762565
2012-02-25 20:00:00,105.9734280026923
2012-02-25 21:00:00,86.46214052263008
2012-02-25 22:00:00,56.24717233168977
2012-02-25 23:00:00,42.35643662146438
2012-02-26 00:00:00,52.61794494987531
2012-02-26 01:00:00,46.19642759786902
2012-02-26 02:00:00,41.9853548333545
2012-02-26 03:00:00,16.709509346151698
2012-02-26 04:00:00,4.049143568761824
2012-02-26 05:00:00,3.7093742831204297
2012-02-26 06:00:00,5.841842875815053
2012-02-26 07:00:00,20.012508669901756
2012-02-26 08:00:00,52.58813177208009
2012-02-26 09:00:00,102.52540063791837
2012-02-26 10:00:00,186.94293891093423
2012-02-26 11:00:00,210.64904343560414
2012-02-26 12:00:00,281.68927947924175
2012-02-26 13:00:00,318.144398075753
2012-02-26 14:00:00,290.52691617219625
2012-02-26 15:00:00,320.6754041818788
2012-02-26 16:00:00,319.0948683486928
2012-02-26 17:00:00,269.1499758161833
2012-02-26 18:00:00,209.33416620323442
2012-02-26 19:00:00,173.5277541182021
2012-02-26 20:00:00,115.73201190864334
2012-02-26 21:00:00,96.0267541498243
2012-02-26 22:00:00,59.12031955748601
2012-02-26 23:00:00,41.772451255579504
2012-02-27 00:00:00,17.139128392623647
2012-02-27 01:00:00,4.0836689009772265
2012-02-27 02:00:00,3.563508988416765
2012-02-27 03:00:00,2.4164837788165943
2012-02-27 04:00:00,2.07560219759688
2012-02-27 05:00:00,19.330573548144088
2012-02-27 06:00:00,83.21040981200886
2012-02-27 07:00:00,248.67216753526785
2012-02-27 08:00:00,448.38468959281096
2012-02-27 09:00:00,223.26894441556655
2012-02-27 10:00:00,108.83144373345583
2012-02-27 11:00:00,126.85512545147886
2012-02-27 12:00:00,154.5505403627707
2012-02-27 13:00:00,158.79910332790467
2012-02-27 14:00:00,153.35749095634102
2012-02-27 15:00:00,206.4021881583174
2012-02-27 16:00:00,312.58054419587927
2012-02-27 17:00:00,491.3493759350848
2012-02-27 18:00:00,482.96861228684503
2012-02-27 19:00:00,427.74751656873866
2012-02-27 20:00:00,228.42014133492577
2012-02-27 21:00:00,168.43889275119278
2012-02-27 22:00:00,120.36530974278152
2012-02-27 23:00:00,67.0535830357108
2012-02-28 00:00:00,23.65058166403869
2012-02-28 01:00:00,8.061390337161418
2012-02-28 02:00:00,6.880518877010676
2012-02-28 03:00:00,2.7385743059394727
2012-02-28 04:00:00,2.06438432630316
2012-02-28 05:00:00,19.209504207012845
2012-02-28 06:00:00,82.37625968759507
2012-02-28 07:00:00,257.93072654813045
2012-02-28 08:00:00,448.67821594596165
2012-02-28 09:00:00,226.79029486520812
2012-02-28 10:00:00,106.24192398347604
2012-02-28 11:00:00,118.87075914370705
2012-02-28 12:00:00,154.59157230145905
2012-02-28 13:00:00,141.78765453672762
2012-02-28 14:00:00,137.90892713216388
2012-02-28 15:00:00,151.49356383030764
2012-02-28 16:00:00,268.4006377063609
2012-02-28 17:00:00,489.42673818570717
2012-02-28 18:00:00,485.1892822770723
2012-02-28 19:00:00,364.4323258629298
2012-02-28 20:00:00,211.29024414597922
2012-02-28 21:00:00,159.62698717215977
2012-02-28 22:00:00,114.09146800237866
2012-02-28 23:00:00,53.13689523736045
2012-02-29 00:00:00,20.792524677454573
2012-02-29 01:00:00,6.9184894314913565
2012-02-29 02:00:00,3.7951387649688506
2012-02-29 03:00:00,2.339257254547512
2012-02-29 05:00:00,21.369653219432028
2012-02-29 06:00:00,86.64322316847101
2012-02-29 07:00:00,265.09808554802504
2012-02-29 08:00:00,473.3461247764026
2012-02-29 09:00:00,118.92263154911304
2012-02-29 10:00:00,52.71508700685821
2012-02-29 11:00:00,55.142727635201524
2012-02-29 12:00:00,43.06072824416637
2012-02-29 13:00:00,110.3557494060185
2012-02-29 14:00:00,106.51096282170782
2012-02-29 15:00:00,136.14698930820833
2012-02-29 16:00:00,105.09704269345212
2012-02-29 17:00:00,442.29855147379317
2012-02-29 18:00:00,385.3639881439786
2012-02-29 19:00:00,333.0614097390895
2012-02-29 20:00:00,115.5631004556003
2012-02-29 21:00:00,77.52673037504728
2012-02-29 22:00:00,75.47711169392268
2012-02-29 23:00:00,69.41358485458129
2012-03-20 00:00:00,31.03598648641786
2012-03-20 01:00:00,11.727064438885705
2012-03-20 02:00:00,4.730032928781913
2012-03-20 03:00:00,3.4529445611462997
2012-03-20 04:00:00,3.7629060917985573
2012-03-20 05:00:00,31.017696738256713
2012-03-20 06:00:00,137.67221958764748
2012-03-20 07:00:00,216.59299247858024
2012-03-20 08:00:00,575.0380403877591
2012-03-20 09:00:00,326.416202863854
2012-03-20 10:00:00,164.37736055508984
2012-03-20 11:00:00,162.5908286307544
2012-03-20 12:00:00,238.18242367929756
2012-03-20 13:00:00,230.95164570327472
2012-03-20 14:00:00,218.1740723251338
2012-03-20 15:00:00,262.2026326279061
2012-03-20 16:00:00,363.62296694010183
2012-03-20 17:00:00,678.1494066122332
2012-03-20 18:00:00,697.1891688894656
2012-03-20 19:00:00,522.3550354650115
2012-03-20 20:00:00,342.29736762596497
2012-03-20 21:00:00,236.10858940257214
2012-03-20 22:00:00,165.2970053827562
2012-03-20 23:00:00,98.1775026808892
2012-03-21 00:00:00,37.43437378791087
2012-03-21 01:00:00,12.549505255735687
2012-03-21 02:00:00,6.184779788771414
2012-03-21 03:00:00,3.634265534883278
2012-03-21 04:00:00,3.864377251441594
2012-03-21 05:00:00,30.829825311615956
2012-03-21 06:00:00,135.296377896065
2012-03-21 07:00:00,126.52629480674578
2012-03-21 08:00:00,421.774705186421
2012-03-21 09:00:00,314.4877540167113
2012-03-21 10:00:00,175.6491793583993
2012-03-21 11:00:00,164.1194473197415
2012-03-21 12:00:00,233.4620776331932
2012-03-21 13:00:00,208.724492105752
2012-03-21 14:00:00,210.63717783478268
2012-03-21 15:00:00,230.6143732943964
2012-03-21 16:00:00,354.55130179665974
2012-03-21 17:00:00,656.0699275707346
2012-03-21 18:00:00,667.717887573471
2012-03-21 19:00:00,492.4797196350391
2012-03-21 20:00:00,361.3246805198272
2012-03-21 21:00:00,218.63177422412144
2012-03-21 22:00:00,179.1275256121251
2012-03-21 23:00:00,116.27005096688605
2012-03-22 00:00:00,41.66131690459563
2012-03-22 01:00:00,13.241254534746805
2012-03-22 02:00:00,6.480900293202916
2012-03-22 03:00:00,4.241955128740109
2012-03-22 04:00:00,4.4774609827130325
2012-03-22 05:00:00,30.02722644506659
2012-03-22 06:00:00,135.12128876863264
2012-03-22 07:00:00,340.08606070799067
2012-03-22 08:00:00,540.8621236195852
2012-03-22 09:00:00,312.302248535986
2012-03-22 10:00:00,162.22371237253643
2012-03-22 11:00:00,154.87204388720613
2012-03-22 12:00:00,202.40207662208604
2012-03-22 13:00:00,237.56281596369942
2012-03-22 14:00:00,218.14777481517086
2012-03-22 15:00:00,265.9481109351154
2012-03-22 16:00:00,365.98000468699627
2012-03-22 17:00:00,718.5108845193171
2012-03-22 18:00:00,723.5027651017735
2012-03-22 19:00:00,537.8151029039473
2012-03-22 20:00:00,370.76696809137786
2012-03-22 21:00:00,239.25771017961344
2012-03-22 22:00:00,183.77852164823963
2012-03-22 23:00:00,107.9883641446594
2012-03-23 00:00:00,49.66989779413543
2012-03-23 01:00:00,36.04213350204741
2012-03-23 02:00:00,10.077272864790455
2012-03-23 03:00:00,5.56767277671231
2012-03-23 04:00:00,4.106854390782477
2012-03-23 05:00:00,30.83037296127992
2012-03-23 06:00:00,127.13705971171645
2012-03-23 07:00:00,345.4269066432165
2012-03-23 08:00:00,489.9517073572705
2012-03-23 09:00:00,322.4146245733059
2012-03-23 10:00:00,184.42938296024
2012-03-23 11:00:00,249.3324273824536
2012-03-23 12:00:00,349.1096068116153
2012-03-23 13:00:00,368.91556643094384
2012-03-23 14:00:00,342.87552784604395
2012-03-23 15:00:00,373.17799674773823
2012-03-23 16:00:00,500.7006242686824
2012-03-23 17:00:00,747.7017625250354
2012-03-23 18:00:00,641.9149500038081
2012-03-23 19:00:00,466.40049417583236
2012-03-23 20:00:00,320.0012789050494
2012-03-23 21:00:00,256.1897124240863
2012-03-23 22:00:00,236.7758729834117
2012-03-23 23:00:00,190.59295408237602
2012-03-24 00:00:00,120.7517038290103
2012-03-24 01:00:00,90.46062212836449
2012-03-24 02:00:00,54.54427966680751
2012-03-24 03:00:00,35.32158298173966
2012-03-24 04:00:00,8.573399313744591
2012-03-24 05:00:00,8.369733375018384
2012-03-24 06:00:00,25.948635091847752
2012-03-24 07:00:00,40.971111511428724
2012-03-24 08:00:00,169.6995467029356
2012-03-24 09:00:00,210.35811967329528
2012-03-24 10:00:00,322.93407790765707
2012-03-24 11:00:00,363.38075060125476
2012-03-24 12:00:00,298.6844854212915
2012-03-24 13:00:00,284.4336216339158
2012-03-24 14:00:00,255.41329009961407
2012-03-24 15:00:00,269.78801013531813
2012-03-24 16:00:00,288.9714801679145
2012-03-24 17:00:00,189.84799862657732
2012-03-24 18:00:00,121.9347819034896
2012-03-24 19:00:00,117.6396849852404
2012-03-24 20:00:00,108.56096801161252
2012-03-24 21:00:00,96.50238864679065
2012-03-24 22:00:00,90.04321486634711
2012-03-24 23:00:00,94.72403646091907
2012-03-25 00:00:00,93.87352858158593
2012-03-25 01:00:00,82.48384395662508
2012-03-25 02:00:00,46.70150499044688
2012-03-25 03:00:00,25.772321241912138
2012-03-25 04:00:00,7.122654238600099
2012-03-25 05:00:00,5.5234274533827765
2012-03-25 06:00:00,12.967197775196704
2012-03-25 07:00:00,32.37517344648484
2012-03-25 08:00:00,93.69631403769024
2012-03-25 09:00:00,172.5894813844282
2012-03-25 10:00:00,228.77408676733674
2012-03-25 11:00:00,296.4490839977114
2012-03-25 12:00:00,330.4683613076767
2012-03-25 13:00:00,351.5936875780068
2012-03-25 14:00:00,340.9636348742978
2012-03-25 15:00:00,354.83746982489015
2012-03-25 16:00:00,412.7194271642931
2012-03-25 17:00:00,450.4828144585794
2012-03-25 18:00:00,418.7584413106988
2012-03-25 19:00:00,326.96123541413556
2012-03-25 20:00:00,204.27952262232262
2012-03-25 21:00:00,150.05640130364864
2012-03-25 22:00:00,106.05162967313092
2012-03-25 23:00:00,63.71993862566377
2012-03-26 00:00:00,29.653577337310768
2012-03-26 01:00:00,11.043197716049937
2012-03-26 02:00:00,6.929920889307946
2012-03-26 03:00:00,3.204642776321316
2012-03-26 04:00:00,3.8939222332758736
2012-03-26 05:00:00,27.400655705012927
2012-03-26 06:00:00,115.63229132034881
2012-03-26 07:00:00,370.5021725014474
2012-03-26 08:00:00,614.5280605454659
2012-03-26 09:00:00,303.24744775431884
2012-03-26 10:00:00,167.1443433317685
2012-03-26 11:00:00,187.67416354664448
2012-03-26 12:00:00,222.21214036104982
2012-03-26 13:00:00,207.66593776842274
2012-03-26 14:00:00,195.2184254347515
2012-03-26 15:00:00,209.47781428078656
2012-03-26 16:00:00,315.97868567252084
2012-03-26 17:00:00,605.8551846709396
2012-03-26 18:00:00,588.6203030042078
2012-03-26 19:00:00,398.69068897181114
2012-03-26 20:00:00,265.58376194801053
2012-03-26 21:00:00,177.27893705868527
2012-03-26 22:00:00,128.1902844179624
2012-03-26 23:00:00,51.95562692879027
2012-03-27 00:00:00,23.85209566258466
2012-03-27 01:00:00,6.442766686766031
2012-03-27 02:00:00,3.490915975492346
2012-03-27 03:00:00,2.57592739102418
2012-03-27 04:00:00,2.3531371413496562
2012-03-27 05:00:00,20.926598905746335
2012-03-27 06:00:00,100.90441148371235
2012-03-27 07:00:00,312.4259821564567
2012-03-27 08:00:00,516.491775894895
2012-03-27 09:00:00,267.1010182119817
2012-03-27 10:00:00,117.93361844427857
2012-03-27 11:00:00,139.88386451240072
2012-03-27 12:00:00,176.15101700007048
2012-03-27 13:00:00,180.5107753522584
2012-03-27 14:00:00,169.5481793941094
2012-03-27 15:00:00,190.96017351736316
2012-03-27 16:00:00,317.5982323569742
2012-03-27 17:00:00,618.5579395110685
2012-03-27 18:00:00,535.9542382428949
2012-03-27 19:00:00,399.116033382165
2012-03-27 20:00:00,289.3897270487734
2012-03-27 21:00:00,174.8303386190794
2012-03-27 22:00:00,131.9510184790901
2012-03-27 23:00:00,75.2113905326072
2012-03-28 00:00:00,26.907350997562283
2012-03-28 01:00:00,7.489106599396968
2012-03-28 02:00:00,3.997550576728268
2012-03-28 03:00:00,2.5333529371301227
2012-03-28 04:00:00,2.6357861077523244
2012-03-28 05:00:00,27.665910852154074
2012-03-28 06:00:00,102.43295292987268
2012-03-28 07:00:00,320.16320119622657
2012-03-28 08:00:00,557.5300535820822
2012-03-28 09:00:00,297.61724971344046
2012-03-28 10:00:00,161.86580882044285
2012-03-28 11:00:00,204.93154247545922
2012-03-28 12:00:00,254.61680728502728
2012-03-28 13:00:00,250.92780840247394
2012-03-28 14:00:00,236.6855079475277
2012-03-28 15:00:00,262.8084899090271
2012-03-28 16:00:00,207.34589423953133
2012-03-28 17:00:00,710.2293576759796
2012-03-28 18:00:00,712.2727239341228
2012-03-28 19:00:00,538.3795673678596
2012-03-28 20:00:00,383.9138261675497
2012-03-28 21:00:00,257.6537110419557
2012-03-28 22:00:00,201.5721843717702
2012-03-28 23:00:00,116.35704874627982
2012-03-29 00:00:00,38.697480486277264
2012-03-29 01:00:00,15.444550368925698
2012-03-29 02:00:00,7.078354639293583
2012-03-29 03:00:00,3.8379383996586016
2012-03-29 04:00:00,5.018164530722906
2012-03-29 05:00:00,33.507626881176485
2012-03-29 06:00:00,121.32292251405703
2012-03-29 07:00:00,367.65257758925793
2012-03-29 08:00:00,598.573501153953
2012-03-29 09:00:00,324.8681215384285
2012-03-29 10:00:00,158.41342415025568
2012-03-29 11:00:00,205.4209467626402
2012-03-29 12:00:00,224.41945071058382
2012-03-29 13:00:00,205.9142909104169
2012-03-29 14:00:00,203.91021505544717
2012-03-29 15:00:00,233.87800943963722
2012-03-29 16:00:00,368.7379883628091
2012-03-29 17:00:00,614.5783385909872
2012-03-29 18:00:00,634.2874972089156
2012-03-29 19:00:00,462.02039958596566
2012-03-29 20:00:00,293.8578509346642
2012-03-29 21:00:00,192.05740954893895
2012-03-29 22:00:00,146.11491347276873
2012-03-29 23:00:00,83.70289844269794
2012-03-30 00:00:00,48.8642692190265
2012-03-30 01:00:00,28.70628697079294
2012-03-30 02:00:00,7.3608118214022875
2012-03-30 03:00:00,4.776928609050588
2012-03-30 04:00:00,3.563285577092887
2012-03-30 05:00:00,25.170524571195266
2012-03-30 06:00:00,84.5977692622622
2012-03-30 07:00:00,277.58316679613364
2012-03-30 08:00:00,554.0315787136849
2012-03-30 09:00:00,310.84324937056044
2012-03-30 10:00:00,148.76314087995033
2012-03-30 11:00:00,177.60980929774468
2012-03-30 12:00:00,276.52249153549434
2012-03-30 13:00:00,156.61329375198795
2012-03-30 14:00:00,144.0330309158891
2012-03-30 15:00:00,157.37844261946267
2012-03-30 16:00:00,169.24350956878516
2012-03-30 17:00:00,547.4267153903166
2012-03-30 18:00:00,464.01737683704164
2012-03-30 19:00:00,317.5917417366116
2012-03-30 20:00:00,228.50645291035548
2012-03-30 21:00:00,155.84006973179316
2012-03-30 22:00:00,139.01039534235474
2012-03-30 23:00:00,119.06578160322984
2012-03-31 00:00:00,90.27557529818117
2012-03-31 01:00:00,76.33114935296989
2012-03-31 02:00:00,50.51927459150442
2012-03-31 03:00:00,28.072430671697855
2012-03-31 04:00:00,7.477918517636082
2012-03-31 05:00:00,6.758318339918764
2012-03-31 06:00:00,14.228225824267192
2012-03-31 07:00:00,38.700409632221984
2012-03-31 08:00:00,109.91268795642485
2012-03-31 09:00:00,212.5977706990242
2012-03-31 10:00:00,290.64962875335436
2012-03-31 11:00:00,389.5422878712723
2012-03-31 12:00:00,485.3576452197234
2012-03-31 13:00:00,568.7350969842585
2012-03-31 14:00:00,507.8101494434968
2012-03-31 15:00:00,505.43415565939546
2012-03-31 16:00:00,495.60015227384906
2012-03-31 17:00:00,411.6907300809826
2012-03-31 18:00:00,320.02942006411354
2012-03-31 19:00:00,270.2147952458531
2012-03-31 20:00:00,171.06270242184905
2012-03-31 21:00:00,148.66636140565396
2012-03-31 22:00:00,116.41799833030109
2012-03-31 23:00:00,77.2891236322856
2012-04-20 00:00:00,58.15569171784698
2012-04-20 01:00:00,35.096301797228506
2012-04-20 02:00:00,9.377890168700578
2012-04-20 03:00:00,6.826415942378151
2012-04-20 04:00:00,4.135646834458134
2012-04-20 05:00:00,30.551449834314358
2012-04-20 06:00:00,108.25181725029881
2012-04-20 07:00:00,326.5736290131756
2012-04-20 08:00:00,486.9856126250001
2012-04-20 09:00:00,328.8486772022978
2012-04-20 10:00:00,205.60093566819182
2012-04-20 11:00:00,263.21302783213406
2012-04-20 12:00:00,348.8558224856737
2012-04-20 13:00:00,394.6840861208032
2012-04-20 14:00:00,337.1340720432208
2012-04-20 15:00:00,391.98843279727504
2012-04-20 16:00:00,508.424874546445
2012-04-20 17:00:00,762.9166395035933
2012-04-20 18:00:00,623.172372009505
2012-04-20 19:00:00,478.57708630153263
2012-04-20 20:00:00,310.9198419158482
2012-04-20 21:00:00,255.18396006736003
2012-04-20 22:00:00,231.28866950143092
2012-04-20 23:00:00,200.5735467986625
2012-04-21 00:00:00,123.12984592552576
2012-04-21 01:00:00,92.5642882453811
2012-04-21 02:00:00,57.564120510032325
2012-04-21 03:00:00,33.92758988604709
2012-04-21 04:00:00,8.759961275574751
2012-04-21 05:00:00,9.80349298670525
2012-04-21 06:00:00,32.22429135367228
2012-04-21 07:00:00,50.62831351295275
2012-04-21 08:00:00,181.36634393795794
2012-04-21 09:00:00,245.48996006181935
2012-04-21 10:00:00,396.4800631054135
2012-04-21 11:00:00,439.27121013041676
2012-04-21 12:00:00,554.0090156623834
2012-04-21 13:00:00,602.2928048024478
2012-04-21 14:00:00,569.2327105739632
2012-04-21 15:00:00,625.89826540058
2012-04-21 16:00:00,600.0501909855514
2012-04-21 17:00:00,601.2104331365855
2012-04-21 18:00:00,443.33071456018416
2012-04-21 19:00:00,196.9011861272962
2012-04-21 20:00:00,72.67406442303015
2012-04-21 21:00:00,72.42907682864626
2012-04-21 22:00:00,180.930042568108
2012-04-21 23:00:00,101.48278624892212
2012-04-22 00:00:00,98.7420985910538
2012-04-22 01:00:00,81.62766733623913
2012-04-22 02:00:00,56.6764721000244
2012-04-22 03:00:00,33.04389757069444
2012-04-22 04:00:00,9.665662784081107
2012-04-22 05:00:00,9.454594401712898
2012-04-22 06:00:00,22.027248869600264
2012-04-22 07:00:00,36.84145713543988
2012-04-22 08:00:00,74.47083271511555
2012-04-22 09:00:00,92.55956785484909
2012-04-22 10:00:00,110.60748508447381
2012-04-22 11:00:00,129.0833761390805
2012-04-22 12:00:00,183.69617503734935
2012-04-22 13:00:00,177.2465994567946
2012-04-22 14:00:00,169.37519641880363
2012-04-22 15:00:00,180.5164290219381
2012-04-22 16:00:00,175.08860072600498
2012-04-22 17:00:00,136.91812412908334
2012-04-22 18:00:00,118.14380347308523
2012-04-22 19:00:00,106.07163378252238
2012-04-22 20:00:00,92.44685533005725
2012-04-22 21:00:00,83.36650915471796
2012-04-22 22:00:00,69.96306930171605
2012-04-22 23:00:00,58.67995655591336
2012-04-23 00:00:00,25.98512090505066
2012-04-23 01:00:00,7.251186334951674
2012-04-23 02:00:00,4.052372419814446
2012-04-23 03:00:00,3.0301022646716826
2012-04-23 04:00:00,3.064519681575612
2012-04-23 05:00:00,23.88248100739348
2012-04-23 06:00:00,97.80436610369533
2012-04-23 07:00:00,138.88162786726673
2012-04-23 08:00:00,569.1523043976471
2012-04-23 09:00:00,296.4697717124691
2012-04-23 10:00:00,142.38875441573103
2012-04-23 11:00:00,157.3177430980458
2012-04-23 12:00:00,126.95191873520129
2012-04-23 13:00:00,119.33243179769515
2012-04-23 14:00:00,114.7707997798155
2012-04-23 15:00:00,188.14367279325194
2012-04-23 16:00:00,140.63923161819733
2012-04-23 17:00:00,390.99811677705554
2012-04-23 18:00:00,441.57917623635075
2012-04-23 19:00:00,349.8483875459532
2012-04-23 20:00:00,278.19124586184574
2012-04-23 21:00:00,161.8970723877503
2012-04-23 22:00:00,133.6659533036085
2012-04-23 23:00:00,69.85710769779028
2012-04-24 00:00:00,26.073410896218792
2012-04-24 01:00:00,10.156817320379952
2012-04-24 02:00:00,4.1677693690133495
2012-04-24 03:00:00,2.9940083550623195
2012-04-24 04:00:00,2.691770635219318
2012-04-24 05:00:00,27.179324363543955
2012-04-24 06:00:00,108.45681635732315
2012-04-24 07:00:00,352.00179994840346
2012-04-24 08:00:00,628.5248359486319
2012-04-24 09:00:00,318.12281487857126
2012-04-24 10:00:00,173.52894671683066
2012-04-24 11:00:00,220.3306174088026
2012-04-24 12:00:00,254.26017824107964
2012-04-24 13:00:00,244.28624428160848
2012-04-24 14:00:00,231.6018186020764
2012-04-24 15:00:00,250.28634911927526
2012-04-24 16:00:00,376.500599313404
2012-04-24 17:00:00,679.0696501142788
2012-04-24 18:00:00,714.8648490607548
2012-04-24 19:00:00,493.53017917478525
2012-04-24 20:00:00,350.05727472534375
2012-04-24 21:00:00,247.60118643963
2012-04-24 22:00:00,166.7373193119281
2012-04-24 23:00:00,90.62858381020388
2012-04-25 00:00:00,33.328852444670936
2012-04-25 01:00:00,9.65473289342934
2012-04-25 02:00:00,5.725245706773794
2012-04-25 03:00:00,2.893810488102263
2012-04-25 04:00:00,2.9172091588200497
2012-04-25 05:00:00,29.568534369221105
2012-04-25 06:00:00,118.03326778836382
2012-04-25 07:00:00,367.8715605687601
2012-04-25 08:00:00,638.060167613747
2012-04-25 09:00:00,343.0041024386842
2012-04-25 10:00:00,195.0306846657053
2012-04-25 11:00:00,229.60451641938118
2012-04-25 12:00:00,256.0196844597659
2012-04-25 13:00:00,255.0633672324207
2012-04-25 14:00:00,251.8174341699315
2012-04-25 15:00:00,271.03921599814254
2012-04-25 16:00:00,374.99825095903407
2012-04-25 17:00:00,742.3500769216839
2012-04-25 18:00:00,753.4553187607278
2012-04-25 19:00:00,540.7850007710013
2012-04-25 20:00:00,396.2692663444206
2012-04-25 21:00:00,260.69033001309003
2012-04-25 22:00:00,221.85098522070325
2012-04-25 23:00:00,122.7035576530143
2012-04-26 00:00:00,38.5749282680191
2012-04-26 01:00:00,14.283902970630336
2012-04-26 02:00:00,8.550512231688753
2012-04-26 03:00:00,4.092464896495805
2012-04-26 04:00:00,5.144984955964747
2012-04-26 05:00:00,32.29234443453553
2012-04-26 06:00:00,141.2126547685337
2012-04-26 07:00:00,123.39744096901501
2012-04-26 08:00:00,485.17822230108254
2012-04-26 09:00:00,108.28948008948375
2012-04-26 10:00:00,169.32700450236803
2012-04-26 11:00:00,180.70610832581752
2012-04-26 12:00:00,203.60689138946418
2012-04-26 13:00:00,201.1195709122341
2012-04-26 14:00:00,204.69821676518916
2012-04-26 15:00:00,198.56699118977807
2012-04-26 16:00:00,301.7054793602903
2012-04-26 17:00:00,626.1907627355774
2012-04-26 18:00:00,612.997613704805
2012-04-26 19:00:00,411.82265836590307
2012-04-26 20:00:00,364.06750915182
2012-04-26 21:00:00,224.78113933299838
2012-04-26 22:00:00,196.48432507677788
2012-04-26 23:00:00,121.02975017251019
2012-04-27 00:00:00,54.39969025923162
2012-04-27 01:00:00,38.99836993359646
2012-04-27 02:00:00,13.050437254053875
2012-04-27 03:00:00,8.53475733563765
2012-04-27 04:00:00,4.237918062645999
2012-04-27 05:00:00,31.99501321995904
2012-04-27 06:00:00,98.25173556719257
2012-04-27 07:00:00,322.1483767648773
2012-04-27 08:00:00,608.3831785481545
2012-04-27 09:00:00,343.7907230515942
2012-04-27 10:00:00,203.0888940921453
2012-04-27 11:00:00,217.81270306413782
2012-04-27 12:00:00,320.0336055794524
2012-04-27 13:00:00,355.1431554016134
2012-04-27 14:00:00,318.461872988535
2012-04-27 15:00:00,387.83241922370206
2012-04-27 16:00:00,487.82331885013457
2012-04-27 17:00:00,672.6455840712609
2012-04-27 18:00:00,579.6177983811873
2012-04-27 19:00:00,447.32942658329574
2012-04-27 20:00:00,279.5125500395207
2012-04-27 21:00:00,194.49635597909034
2012-04-27 22:00:00,180.44304632868094
2012-04-27 23:00:00,125.31232030678918
2012-04-28 00:00:00,94.68501635683677
2012-04-28 01:00:00,72.04207491044747
2012-04-28 02:00:00,55.00566023945821
2012-04-28 03:00:00,29.384907490809162
2012-04-28 04:00:00,8.505208236035658
2012-04-28 05:00:00,7.668332593603111
2012-04-28 06:00:00,19.698749624327
2012-04-28 07:00:00,47.1133865442386
2012-04-28 08:00:00,146.64018863230362
2012-04-28 09:00:00,232.21497975167952
2012-04-28 10:00:00,318.2525579181569
2012-04-28 11:00:00,414.6879029218588
2012-04-28 12:00:00,443.30742408435043
2012-04-28 13:00:00,491.414803552917
2012-04-28 14:00:00,506.8592651650815
2012-04-28 15:00:00,463.2962653105935
2012-04-28 16:00:00,456.57508315227045
2012-04-28 17:00:00,391.46486239232695
2012-04-28 18:00:00,208.44556965310053
2012-04-28 19:00:00,195.84189122897524
2012-04-28 20:00:00,199.63980844209397
2012-04-28 21:00:00,91.8330365112715
2012-04-28 22:00:00,133.83741074165536
2012-04-28 23:00:00,92.7259576046016
2012-04-29 00:00:00,57.93706764516519
2012-04-29 01:00:00,74.46869164621754
2012-04-29 02:00:00,61.07374205939847
2012-04-29 03:00:00,33.73477992413398
2012-04-29 04:00:00,8.53569413042842
2012-04-29 05:00:00,8.43490488987853
2012-04-29 06:00:00,16.34494816240171
2012-04-29 07:00:00,43.361015847279006
2012-04-29 08:00:00,103.69711062446946
2012-04-29 09:00:00,220.18641986690534
2012-04-29 10:00:00,291.37068203281865
2012-04-29 11:00:00,448.24952471941776
2012-04-29 12:00:00,567.3555334667626
2012-04-29 13:00:00,598.2878734749062
2012-04-29 14:00:00,562.9517482516251
2012-04-29 15:00:00,565.2317730532832
2012-04-29 16:00:00,545.5893154675639
2012-04-29 17:00:00,495.50254438979783
2012-04-29 18:00:00,469.4138687670784
2012-04-29 19:00:00,376.6410468936801
2012-04-29 20:00:00,264.43391516218
2012-04-29 21:00:00,178.42788055992753
2012-04-29 22:00:00,108.71101639204522
2012-04-29 23:00:00,74.21374285513687
2012-04-30 00:00:00,32.53729983682496
2012-04-30 01:00:00,8.760131311046775
2012-04-30 02:00:00,5.6266192424400865
2012-04-30 03:00:00,3.6784997999570357
2012-04-30 04:00:00,3.6096039633208794
2012-04-30 05:00:00,28.8667943178109
2012-04-30 06:00:00,116.50340649004495
2012-04-30 07:00:00,371.43947909779774
2012-04-30 08:00:00,627.8222940785625
2012-04-30 09:00:00,319.8004424738975
2012-04-30 10:00:00,160.38455097652167
2012-04-30 11:00:00,199.91727662819974
2012-04-30 12:00:00,218.71954116110177
2012-04-30 13:00:00,244.5123330255658
2012-04-30 14:00:00,231.68282829911544
2012-04-30 15:00:00,260.736831005377
2012-04-30 16:00:00,349.68959172147106
2012-04-30 17:00:00,722.3677503703718
2012-04-30 18:00:00,703.3606798037429
2012-04-30 19:00:00,478.9848527444684
2012-04-30 20:00:00,342.8432856982347
2012-04-30 21:00:00,254.57871155094207
2012-04-30 22:00:00,168.3886848707147
2012-04-30 23:00:00,85.81216879732267
2012-05-20 00:00:00,116.0787850379821
2012-05-20 01:00:00,96.30851641786411
2012-05-20 02:00:00,72.5373276506326
2012-05-20 03:00:00,33.63763302583916
2012-05-20 04:00:00,13.897243462353753
2012-05-20 05:00:00,13.410295707490802
2012-05-20 06:00:00,23.685715968670493
2012-05-20 07:00:00,59.66868609536851
2012-05-20 08:00:00,119.78105518386437
2012-05-20 09:00:00,281.42779725672244
2012-05-20 10:00:00,403.47116848319945
2012-05-20 11:00:00,564.6316508280695
2012-05-20 12:00:00,649.7265078387343
2012-05-20 13:00:00,665.7481120508263
2012-05-20 14:00:00,605.7310481982977
2012-05-20 15:00:00,575.4978229517064
2012-05-20 16:00:00,569.0001248133808
2012-05-20 17:00:00,522.1199010219046
2012-05-20 18:00:00,431.2179161831258
2012-05-20 19:00:00,359.2851172612401
2012-05-20 20:00:00,287.15394903356935
2012-05-20 21:00:00,216.78119470974804
2012-05-20 22:00:00,117.15794804107631
2012-05-20 23:00:00,67.77597429694995
2012-05-21 00:00:00,27.343218588394937
2012-05-21 01:00:00,14.197491162718334
2012-05-21 02:00:00,4.516467292012562
2012-05-21 03:00:00,3.6025361437015624
2012-05-21 04:00:00,4.469358415710731
2012-05-21 05:00:00,25.7814368730905
2012-05-21 06:00:00,68.54337412289468
2012-05-21 07:00:00,107.47014940883722
2012-05-21 08:00:00,281.2531691053763
2012-05-21 09:00:00,104.97898470843661
2012-05-21 10:00:00,83.28964234653348
2012-05-21 11:00:00,134.26239180455525
2012-05-21 12:00:00,176.71507213900796
2012-05-21 13:00:00,99.86239734122154
2012-05-21 14:00:00,89.07890357780484
2012-05-21 15:00:00,222.6473380018981
2012-05-21 16:00:00,318.3889024234643
2012-05-21 17:00:00,636.7214473913174
2012-05-21 18:00:00,623.7777558525861
2012-05-21 19:00:00,490.46753696321207
2012-05-21 20:00:00,382.33688356345215
2012-05-21 21:00:00,278.3619072394773
2012-05-21 22:00:00,182.78815360170626
2012-05-21 23:00:00,87.88894369584136
2012-05-22 00:00:00,41.06168193244774
2012-05-22 01:00:00,15.284193835017751
2012-05-22 02:00:00,6.06944840564546
2012-05-22 03:00:00,5.462638665590939
2012-05-22 04:00:00,5.4987717622755055
2012-05-22 05:00:00,26.154000865098773
2012-05-22 06:00:00,73.64419522138972
2012-05-22 07:00:00,113.4903085617054
2012-05-22 08:00:00,485.96709610608406
2012-05-22 09:00:00,302.4191171835919
2012-05-22 10:00:00,164.02900867309387
2012-05-22 11:00:00,181.7343387075967
2012-05-22 12:00:00,228.2984435059622
2012-05-22 13:00:00,237.18616247907653
2012-05-22 14:00:00,207.44031144205405
2012-05-22 15:00:00,285.3489041053033
2012-05-22 16:00:00,361.6456718394146
2012-05-22 17:00:00,787.4882983024335
2012-05-22 18:00:00,734.9852256467259
2012-05-22 19:00:00,489.03308801647535
2012-05-22 20:00:00,374.7755178383938
2012-05-22 21:00:00,257.86771544376876
2012-05-22 22:00:00,202.58801233202385
2012-05-22 23:00:00,104.41413726615083
2012-05-23 00:00:00,48.89495327837539
2012-05-23 01:00:00,17.689311731655273
2012-05-23 02:00:00,6.773527343866653
2012-05-23 03:00:00,5.692264367572466
2012-05-23 04:00:00,5.727077322499463
2012-05-23 05:00:00,27.31253927023133
2012-05-23 06:00:00,151.50268033092158
2012-05-23 07:00:00,360.34546048710183
2012-05-23 08:00:00,460.50789889199683
2012-05-23 09:00:00,320.0176558410876
2012-05-23 10:00:00,181.3826765088512
2012-05-23 11:00:00,228.38721634458616
2012-05-23 12:00:00,287.35870107771433
2012-05-23 13:00:00,232.09872552833758
2012-05-23 14:00:00,244.71793381736492
2012-05-23 15:00:00,283.48211846625827
2012-05-23 16:00:00,270.648896703171
2012-05-23 17:00:00,586.4143893098341
2012-05-23 18:00:00,617.0705285964706
2012-05-23 19:00:00,333.93263902500695
2012-05-23 20:00:00,341.30631709149156
2012-05-23 21:00:00,197.9577888025397
2012-05-23 22:00:00,188.82741822406922
2012-05-23 23:00:00,129.038007423976
2012-05-24 00:00:00,64.72282682677901
2012-05-24 01:00:00,15.486915049033962
2012-05-24 02:00:00,8.794291729852993
2012-05-24 03:00:00,5.251721242483686
2012-05-24 04:00:00,5.629561632116523
2012-05-24 05:00:00,34.425396651166814
2012-05-24 06:00:00,145.73686438173814
2012-05-24 07:00:00,410.9900445793352
2012-05-24 08:00:00,649.2831439594598
2012-05-24 09:00:00,329.49860060325716
2012-05-24 10:00:00,190.9804246221682
2012-05-24 11:00:00,242.0078350739392
2012-05-24 12:00:00,307.10855794733345
2012-05-24 13:00:00,300.8327114143713
2012-05-24 14:00:00,245.67685567786864
2012-05-24 15:00:00,290.5111091223699
2012-05-24 16:00:00,356.0271915580288
2012-05-24 17:00:00,776.7418464661356
2012-05-24 18:00:00,764.165950599154
2012-05-24 19:00:00,547.1474210921143
2012-05-24 20:00:00,375.1099776446169
2012-05-24 21:00:00,105.62829490637634
2012-05-24 22:00:00,205.11086495298292
2012-05-24 23:00:00,130.8791494224869
2012-05-25 00:00:00,74.1803050460835
2012-05-25 01:00:00,45.980695949655654
2012-05-25 02:00:00,14.729619503728074
2012-05-25 03:00:00,6.478324453365698
2012-05-25 04:00:00,6.381880144266834
2012-05-25 05:00:00,34.726176995810356
2012-05-25 06:00:00,131.40269740263017
2012-05-25 07:00:00,341.7432070397631
2012-05-25 08:00:00,476.61301208370617
2012-05-25 09:00:00,302.6666494991523
2012-05-25 10:00:00,223.05276039189388
2012-05-25 11:00:00,264.5585052624425
2012-05-25 12:00:00,333.28318866529287
2012-05-25 13:00:00,366.9081644219523
2012-05-25 14:00:00,312.2966692291036
2012-05-25 15:00:00,362.9229359576985
2012-05-25 16:00:00,473.8200300396066
2012-05-25 17:00:00,687.6997914276743
2012-05-25 18:00:00,601.2793411897069
2012-05-25 19:00:00,487.2078850449681
2012-05-25 20:00:00,317.6771790396973
2012-05-25 21:00:00,272.2243293946304
2012-05-25 22:00:00,231.89826297879017
2012-05-25 23:00:00,207.26715738748393
2012-05-26 00:00:00,142.79498142501853
2012-05-26 01:00:00,108.1689083364553
2012-05-26 02:00:00,74.6743392161402
2012-05-26 03:00:00,32.47921884573437
2012-05-26 04:00:00,10.613993948196846
2012-05-26 05:00:00,10.653592284523137
2012-05-26 06:00:00,29.57726905306427
2012-05-26 07:00:00,56.97714211311869
2012-05-26 08:00:00,191.922780233155
2012-05-26 09:00:00,226.26928808809802
2012-05-26 10:00:00,366.9297852892412
2012-05-26 11:00:00,434.2849234408143
2012-05-26 12:00:00,475.90659846615
2012-05-26 13:00:00,488.91070206848343
2012-05-26 14:00:00,465.3478921846938
2012-05-26 15:00:00,469.01372386228235
2012-05-26 16:00:00,533.4841069924274
2012-05-26 17:00:00,494.8336727982079
2012-05-26 18:00:00,457.0094671865977
2012-05-26 19:00:00,356.53598008065853
2012-05-26 20:00:00,294.3632069056066
2012-05-26 21:00:00,249.46966203598015
2012-05-26 22:00:00,247.3651493743673
2012-05-26 23:00:00,175.5229589266892
2012-05-27 00:00:00,121.99675816215304
2012-05-27 01:00:00,106.07966815800656
2012-05-27 02:00:00,81.17150039783495
2012-05-27 03:00:00,34.719035897674814
2012-05-27 04:00:00,11.109994076135722
2012-05-27 05:00:00,10.713101357843728
2012-05-27 06:00:00,20.049659817207605
2012-05-27 07:00:00,61.43151981707658
2012-05-27 08:00:00,110.60404857696835
2012-05-27 09:00:00,222.97688076482552
2012-05-27 10:00:00,364.3804286066884
2012-05-27 11:00:00,430.53621996640743
2012-05-27 12:00:00,456.41070640781874
2012-05-27 13:00:00,544.4171167795266
2012-05-27 14:00:00,512.9737536058672
2012-05-27 15:00:00,512.6603741692603
2012-05-27 16:00:00,517.5910176028004
2012-05-27 17:00:00,495.2458954204899
2012-05-27 18:00:00,438.3957500281042
2012-05-27 19:00:00,359.5688103215669
2012-05-27 20:00:00,297.7205522627594
2012-05-27 21:00:00,103.11677533528177
2012-05-27 22:00:00,83.16357498018172
2012-05-27 23:00:00,77.14820804259257
2012-05-28 00:00:00,75.68791586859524
2012-05-28 01:00:00,45.46036748560848
2012-05-28 02:00:00,43.686741078100205
2012-05-28 03:00:00,25.45105996338146
2012-05-28 04:00:00,8.952191998171877
2012-05-28 05:00:00,13.44558485527973
2012-05-28 06:00:00,39.63317646374513
2012-05-28 07:00:00,83.4207518805168
2012-05-28 08:00:00,222.7235634264941
2012-05-28 09:00:00,295.9916004331329
2012-05-28 10:00:00,391.7534494248971
2012-05-28 11:00:00,370.58140694165195
2012-05-28 12:00:00,321.51135261829893
2012-05-28 13:00:00,321.3244013598572
2012-05-28 14:00:00,319.63486848439027
2012-05-28 15:00:00,318.8715737203596
2012-05-28 16:00:00,347.58874557595163
2012-05-28 17:00:00,476.5639045037603
2012-05-28 18:00:00,440.7833891710685
2012-05-28 19:00:00,357.2163209346111
2012-05-28 20:00:00,297.11920154904556
2012-05-28 21:00:00,299.0401972133166
2012-05-28 22:00:00,267.9843039426712
2012-05-28 23:00:00,121.67004311272548
2012-05-29 00:00:00,49.87704235564976
2012-05-29 01:00:00,16.240671391639033
2012-05-29 02:00:00,8.820507826347752
2012-05-29 03:00:00,5.1158830624223794
2012-05-29 04:00:00,8.039632045906725
2012-05-29 05:00:00,36.14752109521537
2012-05-29 06:00:00,160.3052356602645
2012-05-29 07:00:00,396.67416375466905
2012-05-29 08:00:00,636.126329136401
2012-05-29 09:00:00,321.6700115981551
2012-05-29 10:00:00,191.26035096397231
2012-05-29 11:00:00,232.6082606481375
2012-05-29 12:00:00,287.0181597258087
2012-05-29 13:00:00,279.01699832356326
2012-05-29 14:00:00,245.7377224286853
2012-05-29 15:00:00,275.8933196677067
2012-05-29 16:00:00,361.4850852549696
2012-05-29 17:00:00,747.7722728473441
2012-05-29 18:00:00,750.3368222818242
2012-05-29 19:00:00,536.4250704559958
2012-05-29 20:00:00,287.1387698292976
2012-05-29 21:00:00,89.50301232823156
2012-05-29 22:00:00,159.2321989561732
2012-05-29 23:00:00,78.70902426578922
2012-05-30 00:00:00,33.198007308000825
2012-05-30 01:00:00,12.624068789535613
2012-05-30 02:00:00,5.277749642696471
2012-05-30 03:00:00,4.541045862832005
2012-05-30 04:00:00,5.415017197440916
2012-05-30 05:00:00,36.58862934584495
2012-05-30 06:00:00,153.8819027929367
2012-05-30 07:00:00,196.9947945111586
2012-05-30 08:00:00,658.2409229884174
2012-05-30 09:00:00,328.6180606557111
2012-05-30 10:00:00,186.96772496738157
2012-05-30 11:00:00,235.0785725852386
2012-05-30 12:00:00,310.6802093899223
2012-05-30 13:00:00,302.12722686360615
2012-05-30 14:00:00,258.1791562427884
2012-05-30 15:00:00,291.19326839165797
2012-05-30 16:00:00,368.6136458270692
2012-05-30 17:00:00,817.4661290254826
2012-05-30 18:00:00,829.4418593005591
2012-05-30 19:00:00,541.2233342523953
2012-05-30 20:00:00,369.57883064936607
2012-05-30 21:00:00,294.78846394436835
2012-05-30 22:00:00,259.177495655015
2012-05-30 23:00:00,149.52966534220337
2012-05-31 00:00:00,62.45161699312731
2012-05-31 01:00:00,18.751641084527115
2012-05-31 02:00:00,8.781810299544615
2012-05-31 03:00:00,6.069156809040392
2012-05-31 04:00:00,8.034488637272249
2012-05-31 05:00:00,36.564898848704146
2012-05-31 06:00:00,157.43885531652663
2012-05-31 07:00:00,469.33000900325595
2012-05-31 08:00:00,672.2155585619527
2012-05-31 09:00:00,339.8233880615853
2012-05-31 10:00:00,202.6649841560337
2012-05-31 11:00:00,252.2777705777474
2012-05-31 12:00:00,321.69974322854534
2012-05-31 13:00:00,312.4453373222567
2012-05-31 14:00:00,247.18225748384268
2012-05-31 15:00:00,291.80928663126747
2012-05-31 16:00:00,383.6173559740977
2012-05-31 17:00:00,832.203369673839
2012-05-31 18:00:00,824.7383154256082
2012-05-31 19:00:00,599.0238544176588
2012-05-31 20:00:00,426.34549365766486
2012-05-31 21:00:00,314.35667366445324
2012-05-31 22:00:00,262.57845390529263
2012-05-31 23:00:00,162.84420950875895
2012-06-20 00:00:00,49.01069871389757
2012-06-20 01:00:00,19.005195594589047
2012-06-20 02:00:00,8.680017280114928
2012-06-20 03:00:00,6.305821396658367
2012-06-20 04:00:00,7.782433282285085
2012-06-20 05:00:00,40.36721336650201
2012-06-20 06:00:00,154.13444182236782
2012-06-20 07:00:00,327.08516780779075
2012-06-20 08:00:00,647.8196080404999
2012-06-20 09:00:00,322.13935322475913
2012-06-20 10:00:00,200.40035776213549
2012-06-20 11:00:00,213.33889805541267
2012-06-20 12:00:00,275.53140253524924
2012-06-20 13:00:00,267.8920844645379
2012-06-20 14:00:00,216.37516147388232
2012-06-20 15:00:00,267.5957627152456
2012-06-20 16:00:00,371.11173099231985
2012-06-20 17:00:00,756.651614263235
2012-06-20 18:00:00,738.6369564712137
2012-06-20 19:00:00,531.2574004558737
2012-06-20 20:00:00,410.76349400727264
2012-06-20 21:00:00,316.51672880611176
2012-06-20 22:00:00,272.77092407960373
2012-06-20 23:00:00,131.11821203676791
2012-06-21 00:00:00,64.8690480925554
2012-06-21 01:00:00,18.758432773659276
2012-06-21 02:00:00,9.891285723320541
2012-06-21 03:00:00,4.983661192161103
2012-06-21 04:00:00,7.578798555252763
2012-06-21 05:00:00,40.796466484058946
2012-06-21 06:00:00,161.77889241850693
2012-06-21 07:00:00,341.0421943567052
2012-06-21 08:00:00,617.3081236261258
2012-06-21 09:00:00,308.93978537572184
2012-06-21 10:00:00,186.04568825918213
2012-06-21 11:00:00,215.36824140656705
2012-06-21 12:00:00,263.5644743249101
2012-06-21 13:00:00,266.444881790325
2012-06-21 14:00:00,215.8978904874633
2012-06-21 15:00:00,255.02176314543854
2012-06-21 16:00:00,372.0157762629673
2012-06-21 17:00:00,772.7878670055634
2012-06-21 18:00:00,771.7422675224614
2012-06-21 19:00:00,466.4558696641558
2012-06-21 20:00:00,370.11953422435226
2012-06-21 21:00:00,304.78832790214614
2012-06-21 22:00:00,254.19935555754762
2012-06-21 23:00:00,139.7057811386614
2012-06-22 00:00:00,78.91990480162795
2012-06-22 01:00:00,42.34159810990971
2012-06-22 02:00:00,17.983415878260217
2012-06-22 03:00:00,8.392163046515964
2012-06-22 04:00:00,6.991364525220897
2012-06-22 05:00:00,37.8564966821019
2012-06-22 06:00:00,148.7201745824171
2012-06-22 07:00:00,378.20542988976604
2012-06-22 08:00:00,648.8487642593936
2012-06-22 09:00:00,364.44403274914254
2012-06-22 10:00:00,241.3792016607319
2012-06-22 11:00:00,263.22124412990047
2012-06-22 12:00:00,315.645437162411
2012-06-22 13:00:00,340.13134728973046
2012-06-22 14:00:00,299.2003389636554
2012-06-22 15:00:00,332.6514533975811
2012-06-22 16:00:00,425.72348570492244
2012-06-22 17:00:00,771.602778649044
2012-06-22 18:00:00,568.4503070019653
2012-06-22 19:00:00,466.54595943265787
2012-06-22 20:00:00,325.9699429812917
2012-06-22 21:00:00,133.31608769747015
2012-06-22 22:00:00,256.19083788468726
2012-06-22 23:00:00,217.44708397578793
2012-06-23 00:00:00,145.5400542789797
2012-06-23 01:00:00,116.54507617442877
2012-06-23 02:00:00,75.73628890682065
2012-06-23 03:00:00,34.746367428954066
2012-06-23 04:00:00,9.798823401128654
2012-06-23 05:00:00,9.52882818135323
2012-06-23 06:00:00,32.33272244570616
2012-06-23 07:00:00,63.77097056242674
2012-06-23 08:00:00,190.84160580932365
2012-06-23 09:00:00,283.2331558255762
2012-06-23 10:00:00,394.634011547843
2012-06-23 11:00:00,478.8943513742928
2012-06-23 12:00:00,567.2045537529159
2012-06-23 13:00:00,572.5563827491362
2012-06-23 14:00:00,604.5399864640004
2012-06-23 15:00:00,545.997650326063
2012-06-23 16:00:00,535.6483427912378
2012-06-23 17:00:00,533.2280283041116
2012-06-23 18:00:00,489.2038522081698
2012-06-23 19:00:00,381.6592989535991
2012-06-23 20:00:00,321.06450560581925
2012-06-23 21:00:00,276.59328712405187
2012-06-23 22:00:00,265.1305172448672
2012-06-23 23:00:00,199.54340283968327
2012-06-24 00:00:00,139.5116007112405
2012-06-24 01:00:00,124.54103919767061
2012-06-24 02:00:00,89.42141033320101
2012-06-24 03:00:00,37.727921189948816
2012-06-24 04:00:00,15.256844745887681
2012-06-24 05:00:00,14.196023522178395
2012-06-24 06:00:00,21.375606658499226
2012-06-24 07:00:00,58.34396369983845
2012-06-24 08:00:00,124.59138052525442
2012-06-24 09:00:00,278.561320873356
2012-06-24 10:00:00,398.73130458496473
2012-06-24 11:00:00,514.1623998686157
2012-06-24 12:00:00,553.5721603344967
2012-06-24 13:00:00,573.2064644574408
2012-06-24 14:00:00,516.7907255403661
2012-06-24 15:00:00,496.6088420049721
2012-06-24 16:00:00,509.15648110410774
2012-06-24 17:00:00,523.6193836677153
2012-06-24 18:00:00,536.6889065768333
2012-06-24 19:00:00,384.187141974105
2012-06-24 20:00:00,315.1610484937376
2012-06-24 21:00:00,231.26664587947872
2012-06-24 22:00:00,129.62566564491144
2012-06-24 23:00:00,94.30399313402252
2012-06-25 00:00:00,42.97569713216642
2012-06-25 01:00:00,17.720668537826818
2012-06-25 02:00:00,7.9511189445394495
2012-06-25 03:00:00,5.048537794155031
2012-06-25 04:00:00,8.619165428039139
2012-06-25 05:00:00,41.444972400283035
2012-06-25 06:00:00,148.98670674901746
2012-06-25 07:00:00,451.4912176824426
2012-06-25 08:00:00,635.9750251615934
2012-06-25 09:00:00,330.168729608058
2012-06-25 10:00:00,186.34653700316045
2012-06-25 11:00:00,243.68926645995998
2012-06-25 12:00:00,271.2096707392691
2012-06-25 13:00:00,275.63681299358626
2012-06-25 14:00:00,239.93543620765513
2012-06-25 15:00:00,272.0101788328342
2012-06-25 16:00:00,375.9499518869792
2012-06-25 17:00:00,779.2098247606305
2012-06-25 18:00:00,777.7848110342838
2012-06-25 19:00:00,577.7234941802681
2012-06-25 20:00:00,401.934814248451
2012-06-25 21:00:00,300.9545424403676
2012-06-25 22:00:00,229.11735756307024
2012-06-25 23:00:00,102.41996871953884
2012-06-26 00:00:00,42.07644471801138
2012-06-26 01:00:00,16.839818831185728
2012-06-26 02:00:00,7.158137875242131
2012-06-26 03:00:00,4.165471458076387
2012-06-26 04:00:00,7.736872024993625
2012-06-26 05:00:00,39.31771990978678
2012-06-26 06:00:00,155.73127603539203
2012-06-26 07:00:00,464.79639116320567
2012-06-26 08:00:00,660.7646794571217
2012-06-26 09:00:00,337.03078356446804
2012-06-26 10:00:00,203.03425282223262
2012-06-26 11:00:00,243.69359362297078
2012-06-26 12:00:00,300.2394462381113
2012-06-26 13:00:00,288.60028573938496
2012-06-26 14:00:00,262.06405753578014
2012-06-26 15:00:00,293.0481624561495
2012-06-26 16:00:00,386.7028312667372
2012-06-26 17:00:00,789.7606211860175
2012-06-26 18:00:00,784.7229936178235
2012-06-26 19:00:00,584.403060407661
2012-06-26 20:00:00,418.94004412027846
2012-06-26 21:00:00,301.3890304067303
2012-06-26 22:00:00,237.23720582342537
2012-06-26 23:00:00,143.5270199729316
2012-06-27 00:00:00,44.023139692799404
2012-06-27 01:00:00,16.826937877325484
2012-06-27 02:00:00,8.444299609272488
2012-06-27 03:00:00,4.847012853523263
2012-06-27 04:00:00,7.464852063425839
2012-06-27 05:00:00,40.39164172038946
2012-06-27 06:00:00,159.47611859551677
2012-06-27 07:00:00,464.20906688112984
2012-06-27 08:00:00,660.2428842385293
2012-06-27 09:00:00,340.23777550674777
2012-06-27 10:00:00,203.56516058889974
2012-06-27 11:00:00,243.28901331371173
2012-06-27 12:00:00,296.5629202742827
2012-06-27 13:00:00,272.05900532076595
2012-06-27 14:00:00,245.88063204846353
2012-06-27 15:00:00,283.6919665198678
2012-06-27 16:00:00,376.93976954404906
2012-06-27 17:00:00,772.0673488603786
2012-06-27 18:00:00,782.2476127850464
2012-06-27 19:00:00,588.7264833215905
2012-06-27 20:00:00,421.59764141684093
2012-06-27 21:00:00,329.5387647427379
2012-06-27 22:00:00,273.28039985455854
2012-06-27 23:00:00,166.12258030428325
2012-06-28 00:00:00,52.046217216793195
2012-06-28 01:00:00,20.464751774493468
2012-06-28 02:00:00,9.292558768393219
2012-06-28 03:00:00,5.708279343938386
2012-06-28 04:00:00,7.139113102221494
2012-06-28 05:00:00,40.13511989887719
2012-06-28 06:00:00,157.6478282920464
2012-06-28 07:00:00,488.1625057696066
2012-06-28 08:00:00,669.9601725090753
2012-06-28 09:00:00,339.43893501476725
2012-06-28 10:00:00,207.7454411874602
2012-06-28 11:00:00,245.57794922179508
2012-06-28 12:00:00,282.9852829319705
2012-06-28 13:00:00,279.10872763089395
2012-06-28 14:00:00,236.7586303751352
2012-06-28 15:00:00,275.35302192557947
2012-06-28 16:00:00,381.7122785532902
2012-06-28 17:00:00,787.7446059482537
2012-06-28 18:00:00,774.7343829270005
2012-06-28 19:00:00,536.240124331113
2012-06-28 20:00:00,413.93762949024807
2012-06-28 21:00:00,320.8132882744111
2012-06-28 22:00:00,271.4792220196028
2012-06-28 23:00:00,169.52468913622403
2012-06-29 00:00:00,77.24170812118436
2012-06-29 01:00:00,41.3196303583323
2012-06-29 02:00:00,17.806638612287436
2012-06-29 03:00:00,8.091735493188382
2012-06-29 04:00:00,7.542210177370644
2012-06-29 05:00:00,38.59093033790821
2012-06-29 06:00:00,160.81839799462063
2012-06-29 07:00:00,384.94376234632045
2012-06-29 08:00:00,664.8137739722954
2012-06-29 09:00:00,371.68007724489297
2012-06-29 10:00:00,219.93273381337846
2012-06-29 11:00:00,235.04138183342124
2012-06-29 12:00:00,315.56729332924834
2012-06-29 13:00:00,318.7109231964005
2012-06-29 14:00:00,289.4021791011769
2012-06-29 15:00:00,318.99261761302057
2012-06-29 16:00:00,324.8497532647596
2012-06-29 17:00:00,710.7795868895544
2012-06-29 18:00:00,363.99927372427385
2012-06-29 19:00:00,400.14266249445944
2012-06-29 20:00:00,297.1810094299732
2012-06-29 21:00:00,279.43921376798096
2012-06-29 22:00:00,114.82118600157028
2012-06-29 23:00:00,110.40663168972333
2012-06-30 00:00:00,85.42326137824809
2012-06-30 01:00:00,80.0615012771706
2012-06-30 02:00:00,74.6031207731632
2012-06-30 03:00:00,35.62813307560049
2012-06-30 04:00:00,12.074931727138932
2012-06-30 05:00:00,9.50017257148624
2012-06-30 06:00:00,28.4371609448219
2012-06-30 07:00:00,65.09831802987003
2012-06-30 08:00:00,185.89080092266408
2012-06-30 09:00:00,217.48901887347904
2012-06-30 10:00:00,365.15013044674856
2012-06-30 11:00:00,477.240138935839
2012-06-30 12:00:00,542.045032013411
2012-06-30 13:00:00,553.0386884885916
2012-06-30 14:00:00,541.9469412984195
2012-06-30 15:00:00,540.0167933549811
2012-06-30 16:00:00,501.81475609835576
2012-06-30 17:00:00,487.75818913608805
2012-06-30 18:00:00,463.38152963016256
2012-06-30 19:00:00,360.76475588827
2012-06-30 20:00:00,305.03146533963695
2012-06-30 21:00:00,273.46486405136284
2012-06-30 22:00:00,256.5293957653373
2012-06-30 23:00:00,195.17692422238756
2012-07-20 00:00:00,52.2355616583517
2012-07-20 01:00:00,41.03634956133956
2012-07-20 02:00:00,13.960121308968212
2012-07-20 03:00:00,6.977965913188679
2012-07-20 04:00:00,7.638014268853971
2012-07-20 05:00:00,37.23822723152727
2012-07-20 06:00:00,134.1140329297052
2012-07-20 07:00:00,345.8099195644837
2012-07-20 08:00:00,503.7132397080237
2012-07-20 09:00:00,355.60564065708036
2012-07-20 10:00:00,218.3864931706594
2012-07-20 11:00:00,160.26778130835078
2012-07-20 12:00:00,178.39563724107256
2012-07-20 13:00:00,179.43774119372313
2012-07-20 14:00:00,176.945921211287
2012-07-20 15:00:00,312.82145221197254
2012-07-20 16:00:00,354.7915772542945
2012-07-20 17:00:00,536.6326849904106
2012-07-20 18:00:00,367.0614303324517
2012-07-20 19:00:00,344.6575176890788
2012-07-20 20:00:00,129.49997163726175
2012-07-20 21:00:00,147.31843617272668
2012-07-20 22:00:00,202.06872226753518
2012-07-20 23:00:00,197.0774004718645
2012-07-21 00:00:00,75.33124378219864
2012-07-21 01:00:00,101.12856791390803
2012-07-21 02:00:00,50.60860462011941
2012-07-21 03:00:00,25.626280368917183
2012-07-21 04:00:00,9.12069065862161
2012-07-21 05:00:00,9.239258018905963
2012-07-21 06:00:00,24.653492978599655
2012-07-21 07:00:00,52.170140105804094
2012-07-21 08:00:00,193.77104678933895
2012-07-21 09:00:00,220.02518887273067
2012-07-21 10:00:00,143.25149428252828
2012-07-21 11:00:00,362.5952625540011
2012-07-21 12:00:00,212.88395509234164
2012-07-21 13:00:00,189.03463103665248
2012-07-21 14:00:00,298.012420115485
2012-07-21 15:00:00,228.85885288366302
2012-07-21 16:00:00,221.71449365744485
2012-07-21 17:00:00,186.19489200282078
2012-07-21 18:00:00,299.11832809014345
2012-07-21 19:00:00,278.97442025897476
2012-07-21 20:00:00,146.03916256857886
2012-07-21 21:00:00,158.56777145461533
2012-07-21 22:00:00,190.15171391654803
2012-07-21 23:00:00,148.46243979580922
2012-07-22 00:00:00,100.45328146937825
2012-07-22 01:00:00,99.27917845124645
2012-07-22 02:00:00,72.65892913076497
2012-07-22 03:00:00,34.674669927387015
2012-07-22 04:00:00,12.672343754140016
2012-07-22 05:00:00,12.119781511245005
2012-07-22 06:00:00,20.92937505099281
2012-07-22 07:00:00,55.03986650840432
2012-07-22 08:00:00,104.46870579434191
2012-07-22 09:00:00,275.3492985096778
2012-07-22 10:00:00,369.95051239543926
2012-07-22 11:00:00,411.4784897329215
2012-07-22 12:00:00,435.1619309282125
2012-07-22 13:00:00,452.0134736716622
2012-07-22 14:00:00,431.60024150021445
2012-07-22 15:00:00,424.90177135576766
2012-07-22 16:00:00,437.40072984879924
2012-07-22 17:00:00,447.4078649536971
2012-07-22 18:00:00,438.3465595586561
2012-07-22 19:00:00,365.89902864410305
2012-07-22 20:00:00,280.8970988934516
2012-07-22 21:00:00,224.77400721885257
2012-07-22 22:00:00,119.21924392009568
2012-07-22 23:00:00,86.32926126956835
2012-07-23 00:00:00,44.76501446407053
2012-07-23 01:00:00,12.73481137262645
2012-07-23 02:00:00,6.759294102290324
2012-07-23 03:00:00,5.532193411043282
2012-07-23 04:00:00,7.7684454504709874
2012-07-23 05:00:00,34.94760403091583
2012-07-23 06:00:00,142.27511933512463
2012-07-23 07:00:00,349.2670690538085
2012-07-23 08:00:00,604.6302117258953
2012-07-23 09:00:00,321.2577875012852
2012-07-23 10:00:00,196.2394755272825
2012-07-23 11:00:00,240.24226580122087
2012-07-23 12:00:00,265.6514314345905
2012-07-23 13:00:00,268.66791912283145
2012-07-23 14:00:00,234.10803409045909
2012-07-23 15:00:00,258.97324270790716
2012-07-23 16:00:00,368.02879443543753
2012-07-23 17:00:00,804.2154182650066
2012-07-23 18:00:00,795.7956745615404
2012-07-23 19:00:00,552.6665378486078
2012-07-23 20:00:00,390.27680613490634
2012-07-23 21:00:00,295.89651954804276
2012-07-23 22:00:00,233.72216102037422
2012-07-23 23:00:00,123.86984118704966
2012-07-24 00:00:00,54.110357551645265
2012-07-24 01:00:00,17.795817061525156
2012-07-24 02:00:00,8.973330267615083
2012-07-24 03:00:00,5.569335610190984
2012-07-24 04:00:00,7.679440016234555
2012-07-24 05:00:00,41.34193875787425
2012-07-24 06:00:00,164.646021825775
2012-07-24 07:00:00,477.945738963894
2012-07-24 08:00:00,609.7138235708647
2012-07-24 09:00:00,302.8762003249162
2012-07-24 10:00:00,190.4928831211106
2012-07-24 11:00:00,210.95495383054524
2012-07-24 12:00:00,264.0768858000867
2012-07-24 13:00:00,261.08304684114955
2012-07-24 14:00:00,218.68249944415928
2012-07-24 15:00:00,260.7036647380235
2012-07-24 16:00:00,353.090862998321
2012-07-24 17:00:00,778.3793195962099
2012-07-24 18:00:00,659.9126899644416
2012-07-24 19:00:00,534.670145751938
2012-07-24 20:00:00,370.7962259091445
2012-07-24 21:00:00,303.8771260788194
2012-07-24 22:00:00,237.99235508736444
2012-07-24 23:00:00,120.28675959985901
2012-07-25 00:00:00,46.05680200634205
2012-07-25 01:00:00,19.192530030900045
2012-07-25 02:00:00,7.008088798061916
2012-07-25 03:00:00,5.350211716410749
2012-07-25 04:00:00,7.407554104382164
2012-07-25 05:00:00,42.67930447053735
2012-07-25 06:00:00,167.19352397550188
2012-07-25 07:00:00,454.80781790478176
2012-07-25 08:00:00,658.5638058775032
2012-07-25 09:00:00,344.5098897180731
2012-07-25 10:00:00,203.69756906120375
2012-07-25 11:00:00,247.4286571982613
2012-07-25 12:00:00,304.2904418000101
2012-07-25 13:00:00,279.84289256745495
2012-07-25 14:00:00,233.03135723965372
2012-07-25 15:00:00,286.5880321476492
2012-07-25 16:00:00,374.7488961670288
2012-07-25 17:00:00,799.5412378661651
2012-07-25 18:00:00,813.8632904213604
2012-07-25 19:00:00,608.4372539706242
2012-07-25 20:00:00,431.5284929408424
2012-07-25 21:00:00,330.38698578697677
2012-07-25 22:00:00,268.4113341738811
2012-07-25 23:00:00,141.2029309248316
2012-07-26 00:00:00,59.756166428933234
2012-07-26 01:00:00,18.838599011776857
2012-07-26 02:00:00,8.56814814050692
2012-07-26 03:00:00,5.704640003364995
2012-07-26 04:00:00,7.837776758619102
2012-07-26 05:00:00,40.72719330836717
2012-07-26 06:00:00,164.094270964469
2012-07-26 07:00:00,461.81847104553293
2012-07-26 08:00:00,644.129047990627
2012-07-26 09:00:00,325.9080151542487
2012-07-26 10:00:00,202.03172666537395
2012-07-26 11:00:00,225.30628126935102
2012-07-26 12:00:00,262.57955927341254
2012-07-26 13:00:00,259.3704294333077
2012-07-26 14:00:00,192.5556437624982
2012-07-26 15:00:00,227.10657876688077
2012-07-26 16:00:00,344.30585499184156
2012-07-26 17:00:00,719.6046826892203
2012-07-26 18:00:00,703.5655845477452
2012-07-26 19:00:00,422.35775289331485
2012-07-26 20:00:00,366.1044589348811
2012-07-26 21:00:00,239.01804423230118
2012-07-26 22:00:00,253.86138240859756
2012-07-26 23:00:00,152.15156963184242
2012-07-27 00:00:00,77.45029737716729
2012-07-27 01:00:00,44.07235196128474
2012-07-27 02:00:00,19.907023287078207
2012-07-27 03:00:00,9.473604413170946
2012-07-27 04:00:00,8.57576680671828
2012-07-27 05:00:00,38.96431810752862
2012-07-27 06:00:00,150.8125848275182
2012-07-27 07:00:00,372.55514164449363
2012-07-27 08:00:00,592.2028492016909
2012-07-27 09:00:00,363.63912324342493
2012-07-27 10:00:00,240.6247678562214
2012-07-27 11:00:00,255.49312002538582
2012-07-27 12:00:00,315.3324059468636
2012-07-27 13:00:00,350.3939788862924
2012-07-27 14:00:00,298.33883098425537
2012-07-27 15:00:00,349.10569118259366
2012-07-27 16:00:00,475.69034778223397
2012-07-27 17:00:00,745.16416458412
2012-07-27 18:00:00,580.103599026542
2012-07-27 19:00:00,470.87010229536236
2012-07-27 20:00:00,315.49076129132516
2012-07-27 21:00:00,285.9474666364597
2012-07-27 22:00:00,256.2460036248511
2012-07-27 23:00:00,225.5683263175353
2012-07-28 00:00:00,161.18599389188046
2012-07-28 01:00:00,116.83252424114539
2012-07-28 02:00:00,83.14068724549757
2012-07-28 03:00:00,37.69305665122206
2012-07-28 04:00:00,11.416773813339862
2012-07-28 05:00:00,12.953686248343859
2012-07-28 06:00:00,36.23777165314483
2012-07-28 07:00:00,68.9605920041793
2012-07-28 08:00:00,190.40455674804207
2012-07-28 09:00:00,258.3029491097393
2012-07-28 10:00:00,365.21586240927877
2012-07-28 11:00:00,491.8141708178684
2012-07-28 12:00:00,534.0736421000881
2012-07-28 13:00:00,557.2828549723694
2012-07-28 14:00:00,539.5036735144173
2012-07-28 15:00:00,544.4160613878211
2012-07-28 16:00:00,521.0154974229586
2012-07-28 17:00:00,486.92252068930367
2012-07-28 18:00:00,467.67007153125303
2012-07-28 19:00:00,347.9532196685078
2012-07-28 20:00:00,230.24497003420822
2012-07-28 21:00:00,231.9576807635752
2012-07-28 22:00:00,230.12181406215188
2012-07-28 23:00:00,193.77614314218775
2012-07-29 00:00:00,107.93889556251345
2012-07-29 01:00:00,118.24785341402729
2012-07-29 02:00:00,83.82702766138246
2012-07-29 03:00:00,37.66150599030475
2012-07-29 04:00:00,13.956133062708208
2012-07-29 05:00:00,11.838902930870344
2012-07-29 06:00:00,22.111127324388505
2012-07-29 07:00:00,56.406236672053076
2012-07-29 08:00:00,121.95477493783432
2012-07-29 09:00:00,265.48954602604744
2012-07-29 10:00:00,384.05667251023135
2012-07-29 11:00:00,469.160369560815
2012-07-29 12:00:00,551.2540674888959
2012-07-29 13:00:00,548.0442987211634
2012-07-29 14:00:00,535.3480898696185
2012-07-29 15:00:00,540.2106547532671
2012-07-29 16:00:00,533.7776998594528
2012-07-29 17:00:00,491.6485854173048
2012-07-29 18:00:00,473.66763430467756
2012-07-29 19:00:00,377.10198438871123
2012-07-29 20:00:00,314.4813688732356
2012-07-29 21:00:00,226.88052433270616
2012-07-29 22:00:00,125.6110889625052
2012-07-29 23:00:00,84.96950437621734
2012-07-30 00:00:00,50.6706270957231
2012-07-30 01:00:00,14.910485096339144
2012-07-30 02:00:00,10.159022241010126
2012-07-30 03:00:00,5.66270748650115
2012-07-30 04:00:00,8.72757772071556
2012-07-30 05:00:00,42.503484204043204
2012-07-30 06:00:00,148.12792707823695
2012-07-30 07:00:00,351.83694524170534
2012-07-30 08:00:00,628.2642158525566
2012-07-30 09:00:00,321.32045668451707
2012-07-30 10:00:00,192.6715674763902
2012-07-30 11:00:00,240.12245777877422
2012-07-30 12:00:00,275.72805434434883
2012-07-30 13:00:00,259.3619220492093
2012-07-30 14:00:00,240.47053859695163
2012-07-30 15:00:00,258.926854708007
2012-07-30 16:00:00,366.82863907442567
2012-07-30 17:00:00,737.9942174795112
2012-07-30 18:00:00,705.7552236050742
2012-07-30 19:00:00,549.694896903012
2012-07-30 20:00:00,374.02694812298955
2012-07-30 21:00:00,271.4019993882298
2012-07-30 22:00:00,216.37569133438183
2012-07-30 23:00:00,121.36410335702915
2012-07-31 00:00:00,50.30561341899843
2012-07-31 01:00:00,15.940425497321643
2012-07-31 02:00:00,8.79434937263678
2012-07-31 03:00:00,6.038692496857516
2012-07-31 04:00:00,7.679440016234555
2012-07-31 05:00:00,41.066269494466965
2012-07-31 06:00:00,160.725612012057
2012-07-31 07:00:00,340.6869849112492
2012-07-31 08:00:00,619.9430588420961
2012-07-31 09:00:00,323.20651299255314
2012-07-31 10:00:00,200.85064359406653
2012-07-31 11:00:00,239.00726365575213
2012-07-31 12:00:00,286.03259359525583
2012-07-31 13:00:00,260.0436944932145
2012-07-31 14:00:00,244.39408461346656
2012-07-31 15:00:00,274.04793981374905
2012-07-31 16:00:00,345.144005912789
2012-07-31 17:00:00,804.3866529043955
2012-07-31 18:00:00,738.9434858973657
2012-07-31 19:00:00,376.3459745783814
2012-07-31 20:00:00,326.4017338262147
2012-07-31 21:00:00,262.65510141068734
2012-07-31 22:00:00,227.4058828265259
2012-07-31 23:00:00,130.69714752365144
2012-08-20 00:00:00,36.8455435235425
2012-08-20 01:00:00,14.918626604843512
2012-08-20 02:00:00,8.8114022957357
2012-08-20 03:00:00,5.503604364989805
2012-08-20 04:00:00,8.355920465050371
2012-08-20 05:00:00,39.20824956742759
2012-08-20 06:00:00,143.6781374040245
2012-08-20 07:00:00,423.0751084148812
2012-08-20 08:00:00,674.8044411449429
2012-08-20 09:00:00,326.03316858066546
2012-08-20 10:00:00,193.4192813187844
2012-08-20 11:00:00,239.63683987522472
2012-08-20 12:00:00,303.3595765137413
2012-08-20 13:00:00,299.77462829296144
2012-08-20 14:00:00,256.3310247566623
2012-08-20 15:00:00,298.3812589803839
2012-08-20 16:00:00,408.74788220662344
2012-08-20 17:00:00,859.8394179881612
2012-08-20 18:00:00,663.0777463593481
2012-08-20 19:00:00,381.68347100650794
2012-08-20 20:00:00,291.673864396652
2012-08-20 21:00:00,227.02863881383905
2012-08-20 22:00:00,159.33559407597787
2012-08-20 23:00:00,89.7800253479744
2012-08-21 00:00:00,36.72790217330331
2012-08-21 01:00:00,14.634070019364172
2012-08-21 02:00:00,5.518615490209466
2012-08-21 03:00:00,5.6731269891351115
2012-08-21 04:00:00,6.840921845264796
2012-08-21 05:00:00,40.06198782031045
2012-08-21 06:00:00,166.1866403053127
2012-08-21 07:00:00,441.22242224595107
2012-08-21 08:00:00,661.9746117984905
2012-08-21 09:00:00,330.1915250708872
2012-08-21 10:00:00,206.14561205134697
2012-08-21 11:00:00,243.55061833970444
2012-08-21 12:00:00,308.6385659137051
2012-08-21 13:00:00,301.76384177355976
2012-08-21 14:00:00,252.18101182352598
2012-08-21 15:00:00,303.0378896670019
2012-08-21 16:00:00,440.7152518373025
2012-08-21 17:00:00,855.1874429815657
2012-08-21 18:00:00,859.1889570479647
2012-08-21 19:00:00,272.5681117520526
2012-08-21 20:00:00,391.7813237062387
2012-08-21 21:00:00,280.29772203481565
2012-08-21 22:00:00,187.27843349460355
2012-08-21 23:00:00,109.96826093214885
2012-08-22 00:00:00,46.76957943120482
2012-08-22 01:00:00,20.040689168938382
2012-08-22 02:00:00,8.635062399353892
2012-08-22 03:00:00,6.05693945838895
2012-08-22 04:00:00,7.481140480990856
2012-08-22 05:00:00,42.14144610687605
2012-08-22 06:00:00,162.79176357640145
2012-08-22 07:00:00,405.60801213369365
2012-08-22 08:00:00,675.6248146021373
2012-08-22 09:00:00,333.12282060078405
2012-08-22 10:00:00,209.32083317199994
2012-08-22 11:00:00,245.79093257201995
2012-08-22 12:00:00,315.37267775489835
2012-08-22 13:00:00,293.2219138273943
2012-08-22 14:00:00,247.27755463398287
2012-08-22 15:00:00,290.39899665020187
2012-08-22 16:00:00,380.8880896441851
2012-08-22 17:00:00,797.2129669835136
2012-08-22 18:00:00,773.9531144387155
2012-08-22 19:00:00,416.87348031758563
2012-08-22 20:00:00,391.2882999673932
2012-08-22 21:00:00,289.59957064091344
2012-08-22 22:00:00,252.28218500910398
2012-08-22 23:00:00,130.51993394090206
2012-08-23 00:00:00,66.23587735133094
2012-08-23 01:00:00,16.405484393823752
2012-08-23 02:00:00,9.121602565494557
2012-08-23 03:00:00,6.099454350420995
2012-08-23 04:00:00,7.266364795194886
2012-08-23 05:00:00,41.95750831722536
2012-08-23 06:00:00,154.6723784677005
2012-08-23 07:00:00,344.91486511449403
2012-08-23 08:00:00,670.4057171268568
2012-08-23 09:00:00,333.7047927748687
2012-08-23 10:00:00,209.87438140322698
2012-08-23 11:00:00,248.26898441285118
2012-08-23 12:00:00,305.8904590838537
2012-08-23 13:00:00,287.66994334191713
2012-08-23 14:00:00,241.42886790647574
2012-08-23 15:00:00,286.59565820937706
2012-08-23 16:00:00,415.09253849355997
2012-08-23 17:00:00,841.7152534271138
2012-08-23 18:00:00,842.8007149655698
2012-08-23 19:00:00,549.8822242466985
2012-08-23 20:00:00,422.0981967377726
2012-08-23 21:00:00,326.1698954596176
2012-08-23 22:00:00,251.14541384034055
2012-08-23 23:00:00,167.43320731194342
2012-08-24 00:00:00,78.24665173425811
2012-08-24 01:00:00,44.37229348325715
2012-08-24 02:00:00,19.83576849977614
2012-08-24 03:00:00,8.742957087609765
2012-08-24 04:00:00,7.1520683019630065
2012-08-24 05:00:00,40.074921940233736
2012-08-24 06:00:00,130.56695654709074
2012-08-24 07:00:00,345.74192904957476
2012-08-24 08:00:00,588.2333796069852
2012-08-24 09:00:00,395.75523218893215
2012-08-24 10:00:00,243.64597172842267
2012-08-24 11:00:00,292.4808858861826
2012-08-24 12:00:00,375.07753928494554
2012-08-24 13:00:00,377.43182275372516
2012-08-24 14:00:00,339.3123127847639
2012-08-24 15:00:00,375.9676108168476
2012-08-24 16:00:00,481.14547795899813
2012-08-24 17:00:00,821.7977123516443
2012-08-24 18:00:00,592.17026658806
2012-08-24 19:00:00,493.2595973714151
2012-08-24 20:00:00,340.3917772422179
2012-08-24 21:00:00,295.32455342522314
2012-08-24 22:00:00,253.12515974120095
2012-08-24 23:00:00,221.62209314154728
2012-08-25 00:00:00,152.6760341214512
2012-08-25 01:00:00,120.82797473972593
2012-08-25 02:00:00,90.307242576065
2012-08-25 03:00:00,38.955504878154585
2012-08-25 04:00:00,14.246818434245325
2012-08-25 05:00:00,11.81648972813466
2012-08-25 06:00:00,30.319949539078554
2012-08-25 07:00:00,57.225588816632644
2012-08-25 08:00:00,187.47922230520038
2012-08-25 09:00:00,284.18955568503384
2012-08-25 10:00:00,400.9627837387195
2012-08-25 11:00:00,462.8227702241425
2012-08-25 12:00:00,410.72339372012937
2012-08-25 13:00:00,562.2407840603469
2012-08-25 14:00:00,335.3562110179423
2012-08-25 15:00:00,341.6235578009584
2012-08-25 16:00:00,409.3646907418109
2012-08-25 17:00:00,403.21091060315985
2012-08-25 18:00:00,419.114080512468
2012-08-25 19:00:00,336.296448477403
2012-08-25 20:00:00,172.37383218480053
2012-08-25 21:00:00,192.5692468534773
2012-08-25 22:00:00,217.6589278967992
2012-08-25 23:00:00,146.87820114916371
2012-08-26 00:00:00,106.79981288501452
2012-08-26 01:00:00,106.13888291969934
2012-08-26 02:00:00,74.24352153518217
2012-08-26 03:00:00,36.90613201506663
2012-08-26 04:00:00,10.995651199601411
2012-08-26 05:00:00,9.60416806101114
2012-08-26 06:00:00,17.929732108793747
2012-08-26 07:00:00,57.3429363276588
2012-08-26 08:00:00,114.20175811645001
2012-08-26 09:00:00,255.8416036370104
2012-08-26 10:00:00,387.55977330916875
2012-08-26 11:00:00,428.16048403471007
2012-08-26 12:00:00,285.5118891721178
2012-08-26 13:00:00,222.7978884091673
2012-08-26 14:00:00,264.3857084080155
2012-08-26 15:00:00,218.05634258326046
2012-08-26 16:00:00,215.22689602819088
2012-08-26 17:00:00,289.1517530864203
2012-08-26 18:00:00,273.2308265064145
2012-08-26 19:00:00,259.60768930093445
2012-08-26 20:00:00,202.47638833702217
2012-08-26 21:00:00,180.64020904526268
2012-08-26 22:00:00,100.11461947963016
2012-08-26 23:00:00,75.61899430957016
2012-08-27 00:00:00,46.81953004201952
2012-08-27 01:00:00,12.639292195865526
2012-08-27 02:00:00,7.267332653767473
2012-08-27 03:00:00,5.72414612131684
2012-08-27 04:00:00,8.41680099169214
2012-08-27 05:00:00,39.13493529262096
2012-08-27 06:00:00,145.78232912455368
2012-08-27 07:00:00,275.96753712847857
2012-08-27 08:00:00,523.8735160313348
2012-08-27 09:00:00,315.22115845047495
2012-08-27 10:00:00,195.72003674220795
2012-08-27 11:00:00,235.80452128647542
2012-08-27 12:00:00,295.36139042198187
2012-08-27 13:00:00,276.09766404986766
2012-08-27 14:00:00,245.99016142148594
2012-08-27 15:00:00,275.9349214491419
2012-08-27 16:00:00,403.4912025200185
2012-08-27 17:00:00,842.6390729107247
2012-08-27 18:00:00,845.3582909865825
2012-08-27 19:00:00,510.88795557970735
2012-08-27 20:00:00,400.8760312831976
2012-08-27 21:00:00,280.8020037264313
2012-08-27 22:00:00,213.2507396779448
2012-08-27 23:00:00,123.83354382044817
2012-08-28 00:00:00,42.691176476870275
2012-08-28 01:00:00,13.486964611143073
2012-08-28 02:00:00,9.15461012094537
2012-08-28 03:00:00,5.404311026195751
2012-08-28 04:00:00,7.9287070526694405
2012-08-28 05:00:00,38.68558812155068
2012-08-28 06:00:00,157.61382995550355
2012-08-28 07:00:00,321.8188928895752
2012-08-28 08:00:00,578.3739351147244
2012-08-28 09:00:00,325.0872523375146
2012-08-28 10:00:00,205.70704751758603
2012-08-28 11:00:00,241.69687690033
2012-08-28 12:00:00,283.64581799772714
2012-08-28 13:00:00,274.2511679672332
2012-08-28 14:00:00,244.07439124824216
2012-08-28 15:00:00,272.6555710898017
2012-08-28 16:00:00,414.0587546424108
2012-08-28 17:00:00,855.0180966825706
2012-08-28 18:00:00,847.5723244683243
2012-08-28 19:00:00,551.5067121072202
2012-08-28 20:00:00,426.2152642705514
2012-08-28 21:00:00,314.6491776930958
2012-08-28 22:00:00,238.52256075601235
2012-08-28 23:00:00,152.74268569968558
2012-08-29 00:00:00,53.231030298067594
2012-08-29 01:00:00,16.970487429690834
2012-08-29 02:00:00,7.9896562950608665
2012-08-29 03:00:00,5.770213968131695
2012-08-29 04:00:00,7.664646788850167
2012-08-29 05:00:00,39.94611199928857
2012-08-29 06:00:00,165.25341958986562
2012-08-29 07:00:00,482.5559719537559
2012-08-29 08:00:00,706.1083851868514
2012-08-29 09:00:00,344.5799772106109
2012-08-29 10:00:00,210.15611008170137
2012-08-29 11:00:00,250.81342059641975
2012-08-29 12:00:00,304.95659088436145
2012-08-29 13:00:00,302.1437253204372
2012-08-29 14:00:00,247.11448160631755
2012-08-29 15:00:00,288.91944040706414
2012-08-29 16:00:00,438.6485118128927
2012-08-29 17:00:00,882.8201581633682
2012-08-29 18:00:00,846.7619134159914
2012-08-29 19:00:00,560.7057810625059
2012-08-29 20:00:00,433.0126289672801
2012-08-29 21:00:00,323.3261258618812
2012-08-29 22:00:00,263.7490493368983
2012-08-29 23:00:00,159.21039310183997
2012-08-30 00:00:00,65.58146931453717
2012-08-30 01:00:00,20.273688250235317
2012-08-30 02:00:00,9.365217009131975
2012-08-30 03:00:00,5.539144672667087
2012-08-30 04:00:00,7.219428978498026
2012-08-30 05:00:00,42.10121802266027
2012-08-30 06:00:00,165.05834751172569
2012-08-30 07:00:00,481.402636150126
2012-08-30 08:00:00,700.9103856106641
2012-08-30 09:00:00,333.92023821667203
2012-08-30 10:00:00,206.90846057011694
2012-08-30 11:00:00,255.31841405697705
2012-08-30 12:00:00,303.11499157211847
2012-08-30 13:00:00,294.64928999594935
2012-08-30 14:00:00,243.14459329480067
2012-08-30 15:00:00,277.85526622770357
2012-08-30 16:00:00,413.3196913638523
2012-08-30 17:00:00,881.8522655157728
2012-08-30 18:00:00,840.0429518203106
2012-08-30 19:00:00,561.3720290840763
2012-08-30 20:00:00,429.7325268315869
2012-08-30 21:00:00,325.4476356323398
2012-08-30 22:00:00,260.57234253968545
2012-08-30 23:00:00,158.38756250707848
2012-08-31 00:00:00,73.4507253754576
2012-08-31 01:00:00,42.86404218831877
2012-08-31 02:00:00,13.570501358011484
2012-08-31 03:00:00,8.860777888739882
2012-08-31 04:00:00,8.710383507825952
2012-08-31 05:00:00,36.083487372448786
2012-08-31 06:00:00,131.08193585814934
2012-08-31 07:00:00,341.4354461033288
2012-08-31 08:00:00,587.1954786252453
2012-08-31 09:00:00,380.5115470270075
2012-08-31 10:00:00,237.66217528095933
2012-08-31 11:00:00,265.4143804109238
2012-08-31 12:00:00,339.07558369319423
2012-08-31 13:00:00,353.68148557679467
2012-08-31 14:00:00,305.9565105131452
2012-08-31 15:00:00,342.8330413002688
2012-08-31 16:00:00,477.45926145758267
2012-08-31 17:00:00,830.5139282850292
2012-08-31 18:00:00,557.3932895611973
2012-08-31 19:00:00,474.68837376346266
2012-08-31 20:00:00,326.03795024019746
2012-08-31 21:00:00,287.5249260142291
2012-08-31 22:00:00,249.3657134758896
2012-08-31 23:00:00,222.58696353747104
2012-09-20 00:00:00,52.01077583403596
2012-09-20 01:00:00,16.307612228427686
2012-09-20 02:00:00,9.435571180907509
2012-09-20 03:00:00,7.013109588632631
2012-09-20 04:00:00,7.03544246672935
2012-09-20 05:00:00,41.977102581533515
2012-09-20 06:00:00,170.52096632391067
2012-09-20 07:00:00,458.62488347774604
2012-09-20 08:00:00,761.2489965294839
2012-09-20 09:00:00,339.57777713669543
2012-09-20 10:00:00,199.55941730821237
2012-09-20 11:00:00,249.51516431871497
2012-09-20 12:00:00,324.82266356665406
2012-09-20 13:00:00,310.614172883333
2012-09-20 14:00:00,281.1435552648002
2012-09-20 15:00:00,323.35121881711274
2012-09-20 16:00:00,450.98773662193395
2012-09-20 17:00:00,878.3596786695572
2012-09-20 18:00:00,869.9146872351972
2012-09-20 19:00:00,544.4469845669707
2012-09-20 20:00:00,407.02667353099775
2012-09-20 21:00:00,325.87858392017824
2012-09-20 22:00:00,225.62827207276442
2012-09-20 23:00:00,145.62025674112547
2012-09-21 00:00:00,76.13954315797031
2012-09-21 01:00:00,46.90336695107431
2012-09-21 02:00:00,19.411114952302647
2012-09-21 03:00:00,9.812280508077885
2012-09-21 04:00:00,9.34521005798019
2012-09-21 05:00:00,42.987301361950365
2012-09-21 06:00:00,154.9248130890297
2012-09-21 07:00:00,394.23161689693137
2012-09-21 08:00:00,615.3530948581879
2012-09-21 09:00:00,393.2412586021732
2012-09-21 10:00:00,247.17722302046417
2012-09-21 11:00:00,321.49050435906804
2012-09-21 12:00:00,360.7521038502316
2012-09-21 13:00:00,396.17527210412607
2012-09-21 14:00:00,331.0686959713055
2012-09-21 15:00:00,390.0647553202521
2012-09-21 16:00:00,534.9414759999091
2012-09-21 17:00:00,856.4730819458068
2012-09-21 18:00:00,676.791852008632
2012-09-21 19:00:00,510.45405529283954
2012-09-21 20:00:00,322.6104202849948
2012-09-21 21:00:00,273.4772149769367
2012-09-21 22:00:00,230.662213257998
2012-09-21 23:00:00,210.51507234946644
2012-09-22 00:00:00,154.47048609416072
2012-09-22 01:00:00,100.55052148641234
2012-09-22 02:00:00,69.391267431757
2012-09-22 03:00:00,34.950023554460216
2012-09-22 04:00:00,11.728187474093016
2012-09-22 05:00:00,11.496530061473022
2012-09-22 06:00:00,30.900838974101934
2012-09-22 07:00:00,66.57823840814028
2012-09-22 08:00:00,194.84809323860583
2012-09-22 09:00:00,311.5523128295466
2012-09-22 10:00:00,422.04459212210105
2012-09-22 11:00:00,531.4435088606427
2012-09-22 12:00:00,600.1276994482186
2012-09-22 13:00:00,607.6217509901611
2012-09-22 14:00:00,560.8414122091348
2012-09-22 15:00:00,541.3072024278017
2012-09-22 16:00:00,547.4634896787924
2012-09-22 17:00:00,543.4720262253088
2012-09-22 18:00:00,497.5226292046456
2012-09-22 19:00:00,421.3117379575667
2012-09-22 20:00:00,321.27393325689826
2012-09-22 21:00:00,251.3637891131196
2012-09-22 22:00:00,260.09276033202434
2012-09-22 23:00:00,203.11406616518406
2012-09-23 00:00:00,128.51662799757847
2012-09-23 01:00:00,93.71275214139504
2012-09-23 02:00:00,73.37956752384038
2012-09-23 03:00:00,41.861591180089746
2012-09-23 04:00:00,11.601560085457812
2012-09-23 05:00:00,11.806320016472243
2012-09-23 06:00:00,24.898761128833357
2012-09-23 07:00:00,56.530689628729995
2012-09-23 08:00:00,109.96014364582972
2012-09-23 09:00:00,291.8776682176746
2012-09-23 10:00:00,413.77828119098115
2012-09-23 11:00:00,516.2598286891769
2012-09-23 12:00:00,594.6929541950727
2012-09-23 13:00:00,657.6589333974242
2012-09-23 14:00:00,614.3557191444606
2012-09-23 15:00:00,629.6944476842382
2012-09-23 16:00:00,629.1620155784218
2012-09-23 17:00:00,557.8579557175822
2012-09-23 18:00:00,536.8480513407928
2012-09-23 19:00:00,398.95807860527077
2012-09-23 20:00:00,329.53970794326654
2012-09-23 21:00:00,181.82521117376223
2012-09-23 22:00:00,113.00043420469426
2012-09-23 23:00:00,76.50756962295446
2012-09-24 00:00:00,42.53246347536076
2012-09-24 01:00:00,13.173969333415931
2012-09-24 02:00:00,6.654161472301752
2012-09-24 03:00:00,4.381003542925809
2012-09-24 04:00:00,7.809834660553286
2012-09-24 05:00:00,44.320865606390335
2012-09-24 06:00:00,155.84379978064294
2012-09-24 07:00:00,472.66139126589076
2012-09-24 08:00:00,771.9997437240238
2012-09-24 09:00:00,347.19975709636213
2012-09-24 10:00:00,181.41227342698386
2012-09-24 11:00:00,243.80415690608638
2012-09-24 12:00:00,318.66194910245116
2012-09-24 13:00:00,319.2393412225489
2012-09-24 14:00:00,292.18520198633524
2012-09-24 15:00:00,319.26889554458563
2012-09-24 16:00:00,445.7690771209909
2012-09-24 17:00:00,860.967300608411
2012-09-24 18:00:00,830.0490554275694
2012-09-24 19:00:00,523.7778023255006
2012-09-24 20:00:00,375.0541311100436
2012-09-24 21:00:00,290.33885890742533
2012-09-24 22:00:00,151.3598488797522
2012-09-24 23:00:00,92.37178741756131
2012-09-25 00:00:00,44.21963070401093
2012-09-25 01:00:00,12.993582952142294
2012-09-25 02:00:00,7.590446991415909
2012-09-25 03:00:00,4.179923906125179
2012-09-25 04:00:00,6.843808465088875
2012-09-25 05:00:00,40.8235291433976
2012-09-25 06:00:00,155.68784100232932
2012-09-25 07:00:00,455.04397353303875
2012-09-25 08:00:00,766.8616298487218
2012-09-25 09:00:00,347.4356564456441
2012-09-25 10:00:00,191.32400395977913
2012-09-25 11:00:00,245.1803340548417
2012-09-25 12:00:00,316.10546847493725
2012-09-25 13:00:00,316.30094221982955
2012-09-25 14:00:00,288.4329336990921
2012-09-25 15:00:00,322.4730542461381
2012-09-25 16:00:00,455.43357713472
2012-09-25 17:00:00,899.0557594658492
2012-09-25 18:00:00,886.7081567979676
2012-09-25 19:00:00,549.2293885377165
2012-09-25 20:00:00,427.30170955737594
2012-09-25 21:00:00,303.6808790680624
2012-09-25 22:00:00,226.02362926502428
2012-09-25 23:00:00,114.03469644810068
2012-09-26 00:00:00,43.37531624774633
2012-09-26 01:00:00,17.072977570729226
2012-09-26 02:00:00,5.639237789937275
2012-09-26 03:00:00,4.665278041316707
2012-09-26 04:00:00,7.333361214853195
2012-09-26 05:00:00,41.32957459940438
2012-09-26 06:00:00,178.65185570329214
2012-09-26 07:00:00,510.48918112367096
2012-09-26 08:00:00,732.2536460020633
2012-09-26 09:00:00,343.7798623250367
2012-09-26 10:00:00,193.58373548383238
2012-09-26 11:00:00,240.47701764784819
2012-09-26 12:00:00,320.960728438462
2012-09-26 13:00:00,308.71236539066695
2012-09-26 14:00:00,263.26479598726905
2012-09-26 15:00:00,312.42515646805305
2012-09-26 16:00:00,447.1685179693508
2012-09-26 17:00:00,863.0441428475485
2012-09-26 18:00:00,857.4570851895289
2012-09-26 19:00:00,565.0133554375319
2012-09-26 20:00:00,427.45969054792346
2012-09-26 21:00:00,320.15205348679103
2012-09-26 22:00:00,144.54276755350347
2012-09-26 23:00:00,119.33548971990993
2012-09-27 00:00:00,61.2420035037793
2012-09-27 01:00:00,20.41720411491525
2012-09-27 02:00:00,10.436610906443498
2012-09-27 03:00:00,7.006536570877883
2012-09-27 04:00:00,6.453009359996278
2012-09-27 05:00:00,43.4789935017344
2012-09-27 06:00:00,169.67490868547478
2012-09-27 07:00:00,443.683400850516
2012-09-27 08:00:00,714.0910735940647
2012-09-27 09:00:00,338.82140583604445
2012-09-27 10:00:00,211.37553306996904
2012-09-27 11:00:00,248.23612145828284
2012-09-27 12:00:00,323.1496940992221
2012-09-27 13:00:00,300.98658507534503
2012-09-27 14:00:00,256.78447311098716
2012-09-27 15:00:00,302.1986720271493
2012-09-27 16:00:00,435.67404524851577
2012-09-27 17:00:00,770.6456730203288
2012-09-27 18:00:00,785.5778557870362
2012-09-27 19:00:00,525.8884331948268
2012-09-27 20:00:00,398.83892902011326
2012-09-27 21:00:00,210.68377799316482
2012-09-27 22:00:00,137.682895123055
2012-09-27 23:00:00,87.35739428287546
2012-09-28 00:00:00,45.444722647432414
2012-09-28 01:00:00,25.91588100762268
2012-09-28 02:00:00,9.721731230239733
2012-09-28 03:00:00,6.07944831467983
2012-09-28 04:00:00,5.483398427246346
2012-09-28 05:00:00,37.6287567204547
2012-09-28 06:00:00,134.83464273446967
2012-09-28 07:00:00,337.2553386923206
2012-09-28 08:00:00,482.0475090822544
2012-09-28 09:00:00,347.4187367493732
2012-09-28 10:00:00,221.20005314852455
2012-09-28 11:00:00,303.7464634305132
2012-09-28 12:00:00,369.09327820714475
2012-09-28 13:00:00,392.51398522870636
2012-09-28 14:00:00,340.6078984320841
2012-09-28 15:00:00,400.17220296936335
2012-09-28 16:00:00,539.8603450383762
2012-09-28 17:00:00,855.517518595818
2012-09-28 18:00:00,668.1735161222247
2012-09-28 19:00:00,332.02117373949255
2012-09-28 20:00:00,250.68655203113053
2012-09-28 21:00:00,178.29091111024502
2012-09-28 22:00:00,267.02821565371096
2012-09-28 23:00:00,205.5746008495575
2012-09-29 00:00:00,154.5770770229887
2012-09-29 01:00:00,102.56990497901171
2012-09-29 02:00:00,71.32313922658619
2012-09-29 03:00:00,42.02860746961695
2012-09-29 04:00:00,13.038972722582946
2012-09-29 05:00:00,12.830999771947877
2012-09-29 06:00:00,35.89625026053946
2012-09-29 07:00:00,71.3355882394506
2012-09-29 08:00:00,188.8776131688843
2012-09-29 09:00:00,302.16236128111615
2012-09-29 10:00:00,417.533525752282
2012-09-29 11:00:00,522.6243898747836
2012-09-29 12:00:00,640.4657551681044
2012-09-29 13:00:00,660.3985588933074
2012-09-29 14:00:00,611.3108922068351
2012-09-29 15:00:00,574.0033329767864
2012-09-29 16:00:00,577.447546173007
2012-09-29 17:00:00,604.9358977482392
2012-09-29 18:00:00,497.7062692759777
2012-09-29 19:00:00,387.6393636805077
2012-09-29 20:00:00,317.3869050163917
2012-09-29 21:00:00,235.88242290720495
2012-09-29 22:00:00,222.33136604309675
2012-09-29 23:00:00,181.03173958173747
2012-09-30 00:00:00,117.87479858742618
2012-09-30 01:00:00,105.43564020722
2012-09-30 02:00:00,72.21979169475921
2012-09-30 03:00:00,42.85928566129566
2012-09-30 04:00:00,12.159290210168496
2012-09-30 05:00:00,11.19770570658706
2012-09-30 06:00:00,28.564723101111152
2012-09-30 07:00:00,60.39432205208816
2012-09-30 08:00:00,113.87442191864008
2012-09-30 09:00:00,311.5884261948117
2012-09-30 10:00:00,413.83612347789034
2012-09-30 11:00:00,545.1133762941652
2012-09-30 12:00:00,630.1993042811034
2012-09-30 13:00:00,650.2754770569603
2012-09-30 14:00:00,588.516732890661
2012-09-30 15:00:00,626.7283538691806
2012-09-30 16:00:00,636.4449257525538
2012-09-30 17:00:00,625.6076188803308
2012-09-30 18:00:00,466.9925750479705
2012-09-30 19:00:00,242.88363232823522
2012-09-30 20:00:00,169.57400298833784
2012-09-30 21:00:00,176.78145765880765
2012-09-30 22:00:00,110.55498507938
2012-09-30 23:00:00,80.81462038159745
2012-10-20 00:00:00,160.69101751272098
2012-10-20 01:00:00,111.26081037471228
2012-10-20 02:00:00,69.59805451946005
2012-10-20 03:00:00,33.59559553749685
2012-10-20 04:00:00,10.47219106609253
2012-10-20 05:00:00,10.169187446196693
2012-10-20 06:00:00,33.49992423197144
2012-10-20 07:00:00,73.128889331286
2012-10-20 08:00:00,181.53600033288973
2012-10-20 09:00:00,302.5724838795405
2012-10-20 10:00:00,415.0554906021096
2012-10-20 11:00:00,522.0241247908798
2012-10-20 12:00:00,593.0837416619304
2012-10-20 13:00:00,631.769446095613
2012-10-20 14:00:00,580.2610174133583
2012-10-20 15:00:00,562.568793855581
2012-10-20 16:00:00,571.972042242412
2012-10-20 17:00:00,565.7730649405481
2012-10-20 18:00:00,516.008347706564
2012-10-20 19:00:00,397.1958098315389
2012-10-20 20:00:00,307.4667287291846
2012-10-20 21:00:00,211.19216222734326
2012-10-20 22:00:00,176.3519667286497
2012-10-20 23:00:00,155.3689037339953
2012-10-21 00:00:00,118.98901436060655
2012-10-21 01:00:00,99.67572810378994
2012-10-21 02:00:00,67.59307340927613
2012-10-21 03:00:00,40.43537093360315
2012-10-21 04:00:00,9.602165449929652
2012-10-21 05:00:00,10.937980345468914
2012-10-21 06:00:00,23.32898086299752
2012-10-21 07:00:00,60.46645040102889
2012-10-21 08:00:00,122.47828362241738
2012-10-21 09:00:00,254.2782225638425
2012-10-21 10:00:00,379.970653420397
2012-10-21 11:00:00,497.08890125923585
2012-10-21 12:00:00,586.2257541710143
2012-10-21 13:00:00,616.3487422796762
2012-10-21 14:00:00,582.4207690844087
2012-10-21 15:00:00,584.7775408916309
2012-10-21 16:00:00,587.1293938912404
2012-10-21 17:00:00,523.8849574166727
2012-10-21 18:00:00,505.38802146067917
2012-10-21 19:00:00,375.31489430359966
2012-10-21 20:00:00,279.3006346943422
2012-10-21 21:00:00,152.01963142289742
2012-10-21 22:00:00,114.87821367048596
2012-10-21 23:00:00,98.84200820402367
2012-10-22 00:00:00,34.29916997267309
2012-10-22 01:00:00,12.935710376827004
2012-10-22 02:00:00,7.3871247072594635
2012-10-22 03:00:00,4.30482967256947
2012-10-22 04:00:00,7.836690170169178
2012-10-22 05:00:00,35.67979959520206
2012-10-22 06:00:00,145.14575933772915
2012-10-22 07:00:00,394.64644003134623
2012-10-22 08:00:00,748.1795906987371
2012-10-22 09:00:00,332.5922416385415
2012-10-22 10:00:00,185.79212877781058
2012-10-22 11:00:00,245.77456051789764
2012-10-22 12:00:00,318.65211329423295
2012-10-22 13:00:00,325.2690910469408
2012-10-22 14:00:00,297.1099939493878
2012-10-22 15:00:00,328.6559517575954
2012-10-22 16:00:00,462.2837545652517
2012-10-22 17:00:00,941.1521249591922
2012-10-22 18:00:00,762.7702218454444
2012-10-22 19:00:00,514.3070730055774
2012-10-22 20:00:00,365.6065885861304
2012-10-22 21:00:00,272.8163655787593
2012-10-22 22:00:00,154.72653321025703
2012-10-22 23:00:00,100.6834222684227
2012-10-23 00:00:00,44.60679415053771
2012-10-23 01:00:00,13.080180506896124
2012-10-23 02:00:00,6.288014323208554
2012-10-23 03:00:00,5.273241494928685
2012-10-23 04:00:00,7.349448474807854
2012-10-23 05:00:00,41.91542574329878
2012-10-23 06:00:00,158.97225550668392
2012-10-23 07:00:00,438.8302642177484
2012-10-23 08:00:00,761.9633735294897
2012-10-23 09:00:00,343.1342254268471
2012-10-23 10:00:00,195.29785135264493
2012-10-23 11:00:00,246.19799111570234
2012-10-23 12:00:00,316.9868730614678
2012-10-23 13:00:00,306.49293591087405
2012-10-23 14:00:00,280.76067802341475
2012-10-23 15:00:00,316.8234588438472
2012-10-23 16:00:00,455.58775297139937
2012-10-23 17:00:00,900.6908703439624
2012-10-23 18:00:00,883.8896258143961
2012-10-23 19:00:00,543.9768053904102
2012-10-23 20:00:00,415.84805839824105
2012-10-23 21:00:00,301.4288906369093
2012-10-23 22:00:00,197.07485083339233
2012-10-23 23:00:00,105.71349793358891
2012-10-24 00:00:00,46.84465711916535
2012-10-24 01:00:00,17.44951188894065
2012-10-24 02:00:00,8.328687905270472
2012-10-24 03:00:00,6.236651464910083
2012-10-24 04:00:00,7.179305452226069
2012-10-24 05:00:00,46.50232701849649
2012-10-24 06:00:00,172.2988167160293
2012-10-24 07:00:00,351.542744933654
2012-10-24 08:00:00,587.5304587175118
2012-10-24 09:00:00,333.2870671706246
2012-10-24 10:00:00,193.8278032958418
2012-10-24 11:00:00,235.2845420239343
2012-10-24 12:00:00,323.92891000510105
2012-10-24 13:00:00,303.7597855246154
2012-10-24 14:00:00,278.7881747280527
2012-10-24 15:00:00,314.04794146697367
2012-10-24 16:00:00,462.8702797327918
2012-10-24 17:00:00,884.0662266634895
2012-10-24 18:00:00,866.5796056540444
2012-10-24 19:00:00,524.5860238918724
2012-10-24 20:00:00,408.79711478210976
2012-10-24 21:00:00,318.45305874082237
2012-10-24 22:00:00,240.93406652134598
2012-10-24 23:00:00,131.04624187828668
2012-10-25 00:00:00,54.32208691924928
2012-10-25 01:00:00,18.559585478594407
2012-10-25 02:00:00,11.069876737950349
2012-10-25 03:00:00,5.17814133552522
2012-10-25 04:00:00,5.899344101600189
2012-10-25 05:00:00,41.61043632322732
2012-10-25 06:00:00,157.28416487465984
2012-10-25 07:00:00,384.4949957008813
2012-10-25 08:00:00,582.3948021336022
2012-10-25 09:00:00,322.70541932412704
2012-10-25 10:00:00,196.7479772926669
2012-10-25 11:00:00,178.97526236472333
2012-10-25 12:00:00,252.87450232562134
2012-10-25 13:00:00,245.78896047363304
2012-10-25 14:00:00,241.1458215905539
2012-10-25 15:00:00,324.49177230579335
2012-10-25 16:00:00,423.3693366718892
2012-10-25 17:00:00,750.2832981000936
2012-10-25 18:00:00,474.8194710654672
2012-10-25 19:00:00,336.6233335267276
2012-10-25 20:00:00,311.84480790566715
2012-10-25 21:00:00,215.09710497587054
2012-10-25 22:00:00,209.81795498525685
2012-10-25 23:00:00,130.25257175295812
2012-10-26 00:00:00,65.34000405462815
2012-10-26 01:00:00,39.48535577566282
2012-10-26 02:00:00,10.864399182846318
2012-10-26 03:00:00,5.695280457133574
2012-10-26 04:00:00,5.929244827879607
2012-10-26 05:00:00,39.04224149864297
2012-10-26 06:00:00,136.9689324930935
2012-10-26 07:00:00,368.5635757425819
2012-10-26 08:00:00,482.6973993051066
2012-10-26 09:00:00,334.4071363288168
2012-10-26 10:00:00,204.1816505773548
2012-10-26 11:00:00,270.35622797237266
2012-10-26 12:00:00,345.91839639949814
2012-10-26 13:00:00,379.1138366280255
2012-10-26 14:00:00,323.6130929478623
2012-10-26 15:00:00,394.08437453367776
2012-10-26 16:00:00,451.43495276378053
2012-10-26 17:00:00,705.8300567034058
2012-10-26 18:00:00,394.14723249084426
2012-10-26 19:00:00,343.84176260735654
2012-10-26 20:00:00,255.40693412832917
2012-10-26 21:00:00,244.29533726872666
2012-10-26 22:00:00,201.6060621662795
2012-10-26 23:00:00,201.13385688595184
2012-10-27 00:00:00,156.65302564553863
2012-10-27 01:00:00,108.32080212050239
2012-10-27 02:00:00,62.08054452458269
2012-10-27 03:00:00,35.937211668224606
2012-10-27 04:00:00,10.902880821656078
2012-10-27 05:00:00,10.74009602689297
2012-10-27 06:00:00,28.44330549231929
2012-10-27 07:00:00,67.09071718249479
2012-10-27 08:00:00,190.022819640389
2012-10-27 09:00:00,267.56791205588576
2012-10-27 10:00:00,398.9414547423989
2012-10-27 11:00:00,506.04530211706304
2012-10-27 12:00:00,596.2725585422504
2012-10-27 13:00:00,647.0766040774988
2012-10-27 14:00:00,563.564988994875
2012-10-27 15:00:00,485.95389758678414
2012-10-27 16:00:00,473.2329290350559
2012-10-27 17:00:00,510.7647898845053
2012-10-27 18:00:00,484.0690202473798
2012-10-27 19:00:00,357.51300476791914
2012-10-27 20:00:00,264.0758890611754
2012-10-27 21:00:00,213.86408667568767
2012-10-27 22:00:00,198.96218982695797
2012-10-27 23:00:00,138.0764724331102
2012-10-28 00:00:00,68.55027550421558
2012-10-28 01:00:00,97.34154455708054
2012-10-28 02:00:00,70.97910458034335
2012-10-28 03:00:00,43.04222758515994
2012-10-28 04:00:00,11.101800900145417
2012-10-28 05:00:00,12.515212212155095
2012-10-28 06:00:00,24.567473670199544
2012-10-28 07:00:00,52.56480739642399
2012-10-28 08:00:00,114.03762212054764
2012-10-28 09:00:00,281.2631272180891
2012-10-28 10:00:00,297.884768172176
2012-10-28 11:00:00,490.66358511125225
2012-10-28 12:00:00,500.7811774649734
2012-10-28 13:00:00,525.3083137229492
2012-10-28 14:00:00,484.7521678575542
2012-10-28 15:00:00,464.9401720535392
2012-10-28 16:00:00,315.40338106516407
2012-10-28 17:00:00,270.36003187116205
2012-10-28 18:00:00,149.36351329375123
2012-10-28 19:00:00,127.64348048627265
2012-10-28 20:00:00,129.47313320509204
2012-10-28 21:00:00,119.15519189104577
2012-10-28 22:00:00,86.1790863008953
2012-10-28 23:00:00,66.79597484921499
2012-10-29 00:00:00,26.14621904683799
2012-10-30 13:00:00,141.31782981913136
2012-10-30 14:00:00,129.94091802966182
2012-10-30 15:00:00,147.13600212736293
2012-10-30 16:00:00,135.36646425995846
2012-10-30 17:00:00,313.5544973954207
2012-10-30 18:00:00,343.95541239261695
2012-10-30 19:00:00,473.8278550535599
2012-10-30 20:00:00,278.13741122049265
2012-10-30 21:00:00,184.21474150347194
2012-10-30 22:00:00,143.60259281649112
2012-10-30 23:00:00,103.90290752215036
2012-10-31 00:00:00,33.159371553461106
2012-10-31 01:00:00,12.963603492098098
2012-10-31 02:00:00,5.336975471464725
2012-10-31 03:00:00,4.585097605913817
2012-10-31 04:00:00,5.830348835934453
2012-10-31 05:00:00,35.37175761157694
2012-10-31 06:00:00,131.24371460367888
2012-10-31 07:00:00,375.37915731819317
2012-10-31 08:00:00,633.2157245167837
2012-10-31 09:00:00,326.6812909825955
2012-10-31 10:00:00,158.58132798250466
2012-10-31 11:00:00,171.98434355304374
2012-10-31 12:00:00,239.04395920381464
2012-10-31 13:00:00,243.98231070577506
2012-10-31 14:00:00,203.54077264310698
2012-10-31 15:00:00,243.66700112865627
2012-10-31 16:00:00,372.1016172496602
2012-10-31 17:00:00,593.7337476201394
2012-10-31 18:00:00,583.620531258463
2012-10-31 19:00:00,382.301522423571
2012-10-31 20:00:00,326.7727418178311
2012-10-31 21:00:00,203.85317311198077
2012-10-31 22:00:00,148.7804177221272
2012-10-31 23:00:00,134.759907283983
2012-11-20 00:00:00,29.15304917234748
2012-11-20 01:00:00,15.14028453895851
2012-11-20 02:00:00,5.647870448355851
2012-11-20 03:00:00,3.9336018843850225
2012-11-20 04:00:00,6.740280502341118
2012-11-20 05:00:00,35.6608166639963
2012-11-20 06:00:00,136.09852698426158
2012-11-20 07:00:00,367.84888505727065
2012-11-20 08:00:00,658.4607178401411
2012-11-20 09:00:00,327.88455089409854
2012-11-20 10:00:00,166.07729883370916
2012-11-20 11:00:00,197.88325814778713
2012-11-20 12:00:00,222.2254958077614
2012-11-20 13:00:00,229.26178962592564
2012-11-20 14:00:00,195.9206170587606
2012-11-20 15:00:00,258.57283797223084
2012-11-20 16:00:00,352.46860547050653
2012-11-20 17:00:00,572.11313561404
2012-11-20 18:00:00,543.0593625725224
2012-11-20 19:00:00,367.26469260228015
2012-11-20 20:00:00,263.9148802906833
2012-11-20 21:00:00,203.5506544565884
2012-11-20 22:00:00,153.12987697214749
2012-11-20 23:00:00,95.00354253857705
2012-11-21 00:00:00,34.715359475223195
2012-11-21 01:00:00,13.945347084662652
2012-11-21 02:00:00,5.269413610305487
2012-11-21 03:00:00,4.59511730570031
2012-11-21 04:00:00,5.056637042909678
2012-11-21 05:00:00,29.438387316947793
2012-11-21 06:00:00,134.5417916528129
2012-11-21 07:00:00,370.4727834934
2012-11-21 08:00:00,619.9908972053138
2012-11-21 09:00:00,332.40155642531863
2012-11-21 10:00:00,172.22936569526328
2012-11-21 11:00:00,190.75691988083645
2012-11-21 12:00:00,244.71021326371914
2012-11-21 13:00:00,240.28844454860982
2012-11-21 14:00:00,259.7966319154203
2012-11-21 15:00:00,286.48451863043385
2012-11-21 16:00:00,363.75612155920413
2012-11-21 17:00:00,589.2758262445135
2012-11-21 18:00:00,543.3358601706972
2012-11-21 19:00:00,371.9316768386036
2012-11-21 20:00:00,257.75712632102665
2012-11-21 21:00:00,207.29774151615672
2012-11-21 22:00:00,146.01950908434245
2012-11-21 23:00:00,108.04859987779054
2012-11-22 00:00:00,95.56658265298691
2012-11-22 01:00:00,67.23226963430298
2012-11-22 02:00:00,42.53844960384778
2012-11-22 03:00:00,13.736786130967554
2012-11-22 04:00:00,7.908797912273262
2012-11-22 05:00:00,8.12536597429983
2012-11-22 06:00:00,31.410562283517713
2012-11-22 07:00:00,67.47262178893587
2012-11-22 08:00:00,123.94902839525372
2012-11-22 09:00:00,256.5881681418374
2012-11-22 10:00:00,329.3277222550381
2012-11-22 11:00:00,432.9815851937062
2012-11-22 12:00:00,491.03519524887423
2012-11-22 13:00:00,444.1385032099045
2012-11-22 14:00:00,420.6642727398905
2012-11-22 15:00:00,416.6031600115202
2012-11-22 16:00:00,430.0542008015121
2012-11-22 17:00:00,420.8128987765582
2012-11-22 18:00:00,351.9685938135797
2012-11-22 19:00:00,260.9012619136828
2012-11-22 20:00:00,229.80882422520236
2012-11-22 21:00:00,170.4911376769547
2012-11-22 22:00:00,131.61807903363658
2012-11-22 23:00:00,81.30452788801362
2012-11-23 00:00:00,58.80301534512797
2012-11-23 01:00:00,27.05405701459235
2012-11-23 02:00:00,11.158675726127946
2012-11-23 03:00:00,6.343363811032106
2012-11-23 04:00:00,7.889694308418989
2012-11-23 05:00:00,29.834869362897727
2012-11-23 06:00:00,128.03050719529568
2012-11-23 07:00:00,346.54941998379763
2012-11-23 08:00:00,553.053789898081
2012-11-23 09:00:00,333.6563577796073
2012-11-23 10:00:00,185.14112870161202
2012-11-23 11:00:00,230.04829079967215
2012-11-23 12:00:00,284.12727854691326
2012-11-23 13:00:00,303.1868851532741
2012-11-23 14:00:00,331.2193721302799
2012-11-23 15:00:00,317.0053107936043
2012-11-23 16:00:00,472.4472467267839
2012-11-23 17:00:00,785.5264243392953
2012-11-23 18:00:00,581.068192588225
2012-11-23 19:00:00,430.07813511745496
2012-11-23 20:00:00,282.3836777682207
2012-11-23 21:00:00,250.11673520942966
2012-11-23 22:00:00,177.74810113928126
2012-11-23 23:00:00,133.68143600845983
2012-11-24 00:00:00,111.30930319168777
2012-11-24 01:00:00,87.09086980442243
2012-11-24 02:00:00,53.053824161682186
2012-11-24 03:00:00,23.398576063199087
2012-11-24 04:00:00,6.746218915712139
2012-11-24 05:00:00,5.907582124077413
2012-11-24 06:00:00,19.50381060024044
2012-11-24 07:00:00,55.07845397143368
2012-11-24 08:00:00,118.82286810735337
2012-11-24 09:00:00,189.40011287006234
2012-11-24 10:00:00,306.7510280320397
2012-11-24 11:00:00,383.49360220470453
2012-11-24 12:00:00,472.3288157612982
2012-11-24 13:00:00,498.05880887694434
2012-11-24 14:00:00,491.6788125710675
2012-11-24 15:00:00,491.2107973296752
2012-11-24 16:00:00,442.3067830447794
2012-11-24 17:00:00,357.70684656422645
2012-11-24 18:00:00,307.0303084002577
2012-11-24 19:00:00,249.43972997007157
2012-11-24 20:00:00,177.0821921417155
2012-11-24 21:00:00,151.70390775515642
2012-11-24 22:00:00,127.3343603419675
2012-11-24 23:00:00,87.0124880450333
2012-11-25 00:00:00,103.95769800810427
2012-11-25 01:00:00,89.12387967061912
2012-11-25 02:00:00,50.79789496671913
2012-11-25 03:00:00,21.39710244050277
2012-11-25 04:00:00,6.420502700406723
2012-11-25 05:00:00,6.613057801469538
2012-11-25 06:00:00,17.114532405666004
2012-11-25 07:00:00,47.889061440135656
2012-11-25 08:00:00,114.69321409703048
2012-11-25 09:00:00,174.40006047527504
2012-11-25 10:00:00,295.15458397034587
2012-11-25 11:00:00,380.2481164763583
2012-11-25 12:00:00,438.8045853337122
2012-11-25 13:00:00,440.16821785104287
2012-11-25 14:00:00,433.1287483482767
2012-11-25 15:00:00,450.8418341643377
2012-11-25 16:00:00,450.0932255182045
2012-11-25 17:00:00,331.17119508373344
2012-11-25 18:00:00,260.8894799949198
2012-11-25 19:00:00,207.52174501024058
2012-11-25 20:00:00,156.51152837751027
2012-11-25 21:00:00,125.3261794076235
2012-11-25 22:00:00,103.62807109887969
2012-11-25 23:00:00,85.13517327297109
2012-11-26 00:00:00,27.73659403428384
2012-11-26 01:00:00,11.427821840881435
2012-11-26 02:00:00,7.237794571513694
2012-11-26 03:00:00,4.0503788580648035
2012-11-26 04:00:00,6.882283021319474
2012-11-26 05:00:00,32.39787893214381
2012-11-26 06:00:00,129.45624145881487
2012-11-26 07:00:00,376.568656557641
2012-11-26 08:00:00,689.243043202397
2012-11-26 09:00:00,306.6660803113826
2012-11-26 10:00:00,151.38804275478998
2012-11-26 11:00:00,198.6152261244421
2012-11-26 12:00:00,246.1582217798368
2012-11-26 13:00:00,242.86738049550203
2012-11-26 14:00:00,217.13799573062258
2012-11-26 15:00:00,244.0280351031172
2012-11-26 16:00:00,364.6620394264146
2012-11-26 17:00:00,592.958675570038
2012-11-26 18:00:00,560.8009745647408
2012-11-26 19:00:00,381.80692713943745
2012-11-26 20:00:00,257.47542000070615
2012-11-26 21:00:00,198.24493613638944
2012-11-26 22:00:00,134.31109729792308
2012-11-26 23:00:00,78.43542345392396
2012-11-27 00:00:00,29.143603832478878
2012-11-27 01:00:00,13.864955887149744
2012-11-27 02:00:00,5.093091905370808
2012-11-27 03:00:00,4.009121071354328
2012-11-27 04:00:00,6.424984202548764
2012-11-27 05:00:00,33.9407286008033
2012-11-27 06:00:00,129.6271214461057
2012-11-27 07:00:00,161.7316660596187
2012-11-27 08:00:00,422.0229706792783
2012-11-27 09:00:00,312.7922797450075
2012-11-27 10:00:00,96.33519711145348
2012-11-27 11:00:00,119.99044202082946
2012-11-27 12:00:00,158.0361559323123
2012-11-27 13:00:00,147.46819645065636
2012-11-27 14:00:00,134.08527010266633
2012-11-27 15:00:00,194.10743982918217
2012-11-27 16:00:00,323.35593883394506
2012-11-27 17:00:00,511.7224802477021
2012-11-27 18:00:00,503.85564564517085
2012-11-27 19:00:00,334.981555467808
2012-11-27 20:00:00,248.18271495413984
2012-11-27 21:00:00,173.5111589911064
2012-11-27 22:00:00,133.98319469923996
2012-11-27 23:00:00,83.30259203513734
2012-11-28 00:00:00,29.595225782433793
2012-11-28 01:00:00,16.110244027763038
2012-11-28 02:00:00,7.1855278764540795
2012-11-28 03:00:00,3.9566520227921136
2012-11-28 04:00:00,6.711373586896276
2012-11-28 05:00:00,33.20000084349618
2012-11-28 06:00:00,139.1543720501715
2012-11-28 07:00:00,370.0930481876916
2012-11-28 08:00:00,669.2870232970395
2012-11-28 09:00:00,322.60571526404425
2012-11-28 10:00:00,148.66987500879242
2012-11-28 11:00:00,179.93090903318645
2012-11-28 12:00:00,211.82658539153192
2012-11-28 13:00:00,233.52516864453224
2012-11-28 14:00:00,195.7229918615484
2012-11-28 15:00:00,241.13706715924206
2012-11-28 16:00:00,346.069977173163
2012-11-28 17:00:00,574.5723097761675
2012-11-28 18:00:00,533.5625255484885
2012-11-28 19:00:00,378.0127157767717
2012-11-28 20:00:00,252.30855149358217
2012-11-28 21:00:00,178.38854540536215
2012-11-28 22:00:00,130.8569722218658
2012-11-28 23:00:00,86.88624321125302
2012-11-29 00:00:00,29.62244169687259
2012-11-29 01:00:00,12.960156734929623
2012-11-29 02:00:00,6.572041043159626
2012-11-29 04:00:00,6.0944965559816655
2012-11-29 05:00:00,31.507539942930734
2012-11-29 06:00:00,135.11836097415244
2012-11-29 07:00:00,382.1657034435119
2012-11-29 08:00:00,651.4045467643352
2012-11-29 09:00:00,328.92002558236805
2012-11-29 10:00:00,151.99128562517149
2012-11-29 11:00:00,193.88645084652342
2012-11-29 12:00:00,248.1840818112889
2012-11-29 13:00:00,246.2332270190086
2012-11-29 14:00:00,192.51398811053767
2012-11-29 15:00:00,245.17544375665955
2012-11-29 16:00:00,350.87203203991817
2012-11-29 17:00:00,578.4237543552789
2012-11-29 18:00:00,552.5615311284621
2012-11-29 19:00:00,384.48907712126453
2012-11-29 20:00:00,257.27976487880545
2012-11-29 21:00:00,179.64035207769808
2012-11-29 22:00:00,143.27250352422345
2012-11-29 23:00:00,113.63255783048386
2012-11-30 00:00:00,55.99485829529501
2012-11-30 01:00:00,27.01201342354763
2012-11-30 02:00:00,9.90540392256208
2012-11-30 03:00:00,6.893688418254056
2012-11-30 04:00:00,7.542915919941912
2012-11-30 05:00:00,31.119508053647348
2012-11-30 06:00:00,125.735469703079
2012-11-30 07:00:00,340.6279926981158
2012-11-30 08:00:00,582.5452553421331
2012-11-30 09:00:00,337.91506235745135
2012-11-30 10:00:00,181.6713161429618
2012-11-30 11:00:00,213.71235717697922
2012-11-30 12:00:00,289.65248456773116
2012-11-30 13:00:00,289.27077641093666
2012-11-30 14:00:00,260.9290262451946
2012-11-30 15:00:00,276.0349484681241
2012-11-30 16:00:00,391.4337928583076
2012-11-30 17:00:00,589.0484299406625
2012-11-30 18:00:00,483.66360278842126
2012-11-30 19:00:00,342.25663812904156
2012-11-30 20:00:00,236.1908863093834
2012-11-30 21:00:00,181.89427327406736
2012-11-30 22:00:00,161.18245644518854
2012-11-30 23:00:00,134.3640825728798
2012-12-20 00:00:00,35.12251977499515
2012-12-20 01:00:00,15.42944486887813
2012-12-20 02:00:00,6.5398422453551985
2012-12-20 03:00:00,3.698548649069026
2012-12-20 04:00:00,5.944707608402696
2012-12-20 05:00:00,35.19311785242653
2012-12-20 06:00:00,127.78343802357433
2012-12-20 07:00:00,366.5076230370938
2012-12-20 08:00:00,688.8738626989802
2012-12-20 09:00:00,310.1591671799025
2012-12-20 10:00:00,160.4531063661188
2012-12-20 11:00:00,169.44220724222274
2012-12-20 12:00:00,221.3242941724476
2012-12-20 13:00:00,219.65937152283612
2012-12-20 14:00:00,183.11375349478155
2012-12-20 15:00:00,217.25665187776002
2012-12-20 16:00:00,331.2648543777065
2012-12-20 17:00:00,578.1308981684646
2012-12-20 18:00:00,545.7396100970606
2012-12-20 19:00:00,288.18041091806987
2012-12-20 20:00:00,258.8250130346316
2012-12-20 21:00:00,142.49160001147663
2012-12-20 22:00:00,87.44438586262132
2012-12-20 23:00:00,80.30572116042077
2012-12-21 00:00:00,39.459639574088044
2012-12-21 01:00:00,25.576031092352675
2012-12-21 02:00:00,8.05116024293158
2012-12-21 03:00:00,4.016276426198633
2012-12-21 04:00:00,5.3488921018919
2012-12-21 05:00:00,29.529269499039813
2012-12-21 06:00:00,85.66324160751154
2012-12-21 07:00:00,277.7719610839631
2012-12-21 08:00:00,563.939818541184
2012-12-21 09:00:00,286.0446271456999
2012-12-21 10:00:00,156.11907917518215
2012-12-21 11:00:00,174.2242100213922
2012-12-21 12:00:00,227.85201669190485
2012-12-21 13:00:00,236.31525367809894
2012-12-21 14:00:00,208.2002545744425
2012-12-21 15:00:00,228.5669533491472
2012-12-21 16:00:00,281.8796903172596
2012-12-21 17:00:00,482.86533718581245
2012-12-21 18:00:00,387.94686396397253
2012-12-21 19:00:00,260.28066087548285
2012-12-21 20:00:00,176.8432250906405
2012-12-21 21:00:00,153.9326076746543
2012-12-21 22:00:00,136.468157200228
2012-12-21 23:00:00,105.07522916182293
2012-12-22 00:00:00,73.29949453322611
2012-12-22 01:00:00,64.78615699579161
2012-12-22 02:00:00,49.025412936720514
2012-12-22 03:00:00,24.650958108079355
2012-12-22 04:00:00,6.099679830791852
2012-12-22 05:00:00,5.109830250525929
2012-12-22 06:00:00,14.84213052601007
2012-12-22 07:00:00,43.51349081502441
2012-12-22 08:00:00,95.33950032381841
2012-12-22 09:00:00,167.52606942486454
2012-12-22 10:00:00,240.14870824187176
2012-12-22 11:00:00,306.3511006885585
2012-12-22 12:00:00,329.35843385184717
2012-12-22 13:00:00,388.570577848784
2012-12-22 14:00:00,360.4414045062206
2012-12-22 15:00:00,315.98959618758767
2012-12-22 16:00:00,306.70402172661045
2012-12-22 17:00:00,267.02849940913467
2012-12-22 18:00:00,230.3697254184814
2012-12-22 19:00:00,188.43181417338442
2012-12-22 20:00:00,150.39951146677154
2012-12-22 21:00:00,130.36142933768673
2012-12-22 22:00:00,105.152422872132
2012-12-22 23:00:00,76.3245567292378
2012-12-23 00:00:00,81.41896299313899
2012-12-23 01:00:00,70.86323198514484
2012-12-23 02:00:00,48.192689640980305
2012-12-23 03:00:00,26.911483183944252
2012-12-23 04:00:00,7.026037467216911
2012-12-23 05:00:00,5.572270443886181
2012-12-23 06:00:00,11.180854983957506
2012-12-23 07:00:00,41.15379722956766
2012-12-23 08:00:00,87.91613667804891
2012-12-23 09:00:00,151.54738223075515
2012-12-23 10:00:00,226.87459634750545
2012-12-23 11:00:00,286.6081555824427
2012-12-23 12:00:00,352.4662609470529
2012-12-23 13:00:00,393.22408101623137
2012-12-23 14:00:00,368.69093455577445
2012-12-23 15:00:00,365.65638859797093
2012-12-23 16:00:00,363.02239535189545
2012-12-23 17:00:00,273.1740458591583
2012-12-23 18:00:00,220.05304562423572
2012-12-23 19:00:00,180.89462476299263
2012-12-23 20:00:00,140.6988469841946
2012-12-23 21:00:00,114.94597171241531
2012-12-23 22:00:00,84.92605000078657
2012-12-23 23:00:00,70.8166018066082
2012-12-24 00:00:00,25.937480614237252
2012-12-24 01:00:00,9.841910383348505
2012-12-24 02:00:00,6.406396690933898
2012-12-24 03:00:00,4.083317664926079
2012-12-24 05:00:00,28.819895451277592
2012-12-24 06:00:00,108.73492654472611
2012-12-24 07:00:00,310.5402913676749
2012-12-24 08:00:00,559.5223121997343
2012-12-24 09:00:00,263.3692159273498
2012-12-24 10:00:00,134.3362515030512
2012-12-24 11:00:00,139.94213845834219
2012-12-24 12:00:00,174.38283058004407
2012-12-24 13:00:00,101.09810501427191
2012-12-24 14:00:00,103.34549898973269
2012-12-24 15:00:00,111.20606050048212
2012-12-24 16:00:00,144.88645607281796
2012-12-24 17:00:00,255.57428578321753
2012-12-24 18:00:00,255.64173932965008
2012-12-24 19:00:00,258.7356588135898
2012-12-24 20:00:00,122.4555040827114
2012-12-24 21:00:00,111.53136114455178
2012-12-24 22:00:00,122.88053240959673
2012-12-24 23:00:00,60.97219870989494
2012-12-25 00:00:00,59.21078624541694
2012-12-25 01:00:00,46.80760514595404
2012-12-25 02:00:00,40.35619832329804
2012-12-25 04:00:00,6.498076298484982
2012-12-25 05:00:00,6.568832332928502
2012-12-25 06:00:00,16.094782244010776
2012-12-25 07:00:00,40.753203803345194
2012-12-25 08:00:00,101.42902385690277
2012-12-25 09:00:00,168.42769284219273
2012-12-25 10:00:00,248.3333424515287
2012-12-25 11:00:00,310.70513799028197
2012-12-25 12:00:00,329.0888748142365
2012-12-25 13:00:00,406.66253006691494
2012-12-25 14:00:00,378.3812686602678
2012-12-25 15:00:00,353.2346677188061
2012-12-25 16:00:00,347.06631570309116
2012-12-25 17:00:00,294.90589616294596
2012-12-25 18:00:00,263.96623806680765
2012-12-25 19:00:00,217.6318804103623
2012-12-25 20:00:00,172.36534666824804
2012-12-25 21:00:00,122.38245633618088
2012-12-25 22:00:00,95.58625932176719
2012-12-25 23:00:00,59.946647985657016
2012-12-26 00:00:00,27.690376533769562
2012-12-26 01:00:00,13.264596641237222
2012-12-26 02:00:00,6.355441567134423
2012-12-26 03:00:00,3.1850158146009564
2012-12-26 04:00:00,5.266373924618673
2012-12-26 05:00:00,28.380462308831994
2012-12-26 06:00:00,110.56524326994007
2012-12-26 07:00:00,160.3871198770235
2012-12-26 08:00:00,232.3430268319051
2012-12-26 09:00:00,142.38534430824836
2012-12-26 10:00:00,85.07618776682314
2012-12-26 11:00:00,93.63257223403443
2012-12-26 12:00:00,112.0848067078652
2012-12-26 13:00:00,102.99595923972788
2012-12-26 14:00:00,99.51485560199532
2012-12-26 15:00:00,106.79119103647712
2012-12-26 16:00:00,137.58952515928706
2012-12-26 17:00:00,238.3949293829127
2012-12-26 18:00:00,250.13937397184657
2012-12-26 19:00:00,168.73744070994914
2012-12-26 20:00:00,109.71872956012244
2012-12-26 21:00:00,152.88684382091176
2012-12-26 22:00:00,76.7440356197371
2012-12-26 23:00:00,64.80252869336832
2012-12-27 00:00:00,23.76921109134524
2012-12-27 01:00:00,6.5747970523394335
2012-12-27 02:00:00,5.746179935390937
2012-12-27 03:00:00,3.216436805862667
2012-12-27 04:00:00,4.669507444414499
2012-12-27 05:00:00,29.899174121303645
2012-12-27 06:00:00,90.97865453326736
2012-12-27 07:00:00,313.25212899637927
2012-12-27 08:00:00,583.9824561329378
2012-12-27 09:00:00,267.10635315358445
2012-12-27 10:00:00,113.16208859468563
2012-12-27 11:00:00,135.11490469303598
2012-12-27 12:00:00,170.75082620600745
2012-12-27 13:00:00,163.43352024135206
2012-12-27 14:00:00,138.07815884684166
2012-12-27 15:00:00,160.90539852433767
2012-12-27 16:00:00,247.50671661888438
2012-12-27 17:00:00,473.70695558875167
2012-12-27 18:00:00,455.1194423901492
2012-12-27 19:00:00,273.24458448591395
2012-12-27 20:00:00,201.48789244219904
2012-12-27 21:00:00,153.3163469274386
2012-12-27 22:00:00,123.93188470617365
2012-12-27 23:00:00,73.41258337677158
2012-12-28 00:00:00,44.546533051290474
2012-12-28 01:00:00,25.994665812848783
2012-12-28 02:00:00,9.953745856553155
2012-12-28 03:00:00,6.093586754537083
2012-12-28 04:00:00,5.94058483461422
2012-12-28 05:00:00,28.78397755473088
2012-12-28 06:00:00,91.27945114895746
2012-12-28 07:00:00,264.1463847713633
2012-12-28 08:00:00,551.6519998002798
2012-12-28 09:00:00,278.8079874085042
2012-12-28 10:00:00,151.67386203997853
2012-12-28 11:00:00,168.83389218695987
2012-12-28 12:00:00,223.70801072654183
2012-12-28 13:00:00,233.56194107898662
2012-12-28 14:00:00,198.0524601320888
2012-12-28 15:00:00,232.7634224396419
2012-12-28 16:00:00,297.4824812105739
2012-12-28 17:00:00,474.50329284131766
2012-12-28 18:00:00,384.95348403027793
2012-12-28 19:00:00,258.3777370137972
2012-12-28 20:00:00,175.25829794415665
2012-12-28 21:00:00,150.73011832711484
2012-12-28 22:00:00,135.29298501211628
2012-12-28 23:00:00,109.41964599264213
2012-12-29 00:00:00,93.13267275954811
2012-12-29 01:00:00,76.36361173930506
2012-12-29 02:00:00,52.21708506854023
2012-12-29 03:00:00,23.790455786612505
2012-12-29 04:00:00,6.618624123202134
2012-12-29 05:00:00,5.478245238111055
2012-12-29 06:00:00,12.718901428718638
2012-12-29 07:00:00,44.85137035766258
2012-12-29 08:00:00,112.05555730118138
2012-12-29 09:00:00,166.83624368934508
2012-12-29 10:00:00,157.211307384778
2012-12-29 11:00:00,178.7552498580613
2012-12-29 12:00:00,208.33667491581988
2012-12-29 13:00:00,197.97463646900988
2012-12-29 14:00:00,262.8017450875435
2012-12-29 15:00:00,259.5182502676591
2012-12-29 16:00:00,274.7202356268147
2012-12-29 17:00:00,264.52294097967797
2012-12-29 18:00:00,244.89777967365978
2012-12-29 19:00:00,187.92845750884536
2012-12-29 20:00:00,141.57274847414857
2012-12-29 21:00:00,118.12418198398133
2012-12-29 22:00:00,95.63506723069395
2012-12-29 23:00:00,84.46176937906016
2012-12-30 00:00:00,85.78883919790151
2012-12-30 01:00:00,65.69225649434794
2012-12-30 02:00:00,52.84285895882028
2012-12-30 03:00:00,25.666982133090876
2012-12-30 04:00:00,6.201130784739259
2012-12-30 05:00:00,5.824376361947311
2012-12-30 06:00:00,11.789474419206979
2012-12-30 07:00:00,39.058587142308006
2012-12-30 08:00:00,80.31242664609171
2012-12-30 09:00:00,145.3443916084875
2012-12-30 10:00:00,235.30197970432846
2012-12-30 11:00:00,293.88413287693214
2012-12-30 12:00:00,325.1046193202903
2012-12-30 13:00:00,339.9039406642073
2012-12-30 14:00:00,319.40816993759995
2012-12-30 15:00:00,314.82647923240427
2012-12-30 16:00:00,302.9338432117079
2012-12-30 17:00:00,256.3261355075714
2012-12-30 18:00:00,199.33486584570713
2012-12-30 19:00:00,196.52816019473732
2012-12-30 20:00:00,129.5289226627193
2012-12-30 21:00:00,104.83588317046605
2012-12-30 22:00:00,81.06961231639679
2012-12-30 23:00:00,56.447326048879475
2012-12-31 00:00:00,25.399988614808606
2012-12-31 01:00:00,9.660775775631379
2012-12-31 02:00:00,6.754852846799714
2012-12-31 03:00:00,3.2857369400857075
2012-12-31 04:00:00,5.840106777294597
2012-12-31 05:00:00,27.37024843657246
2012-12-31 06:00:00,108.96160300526041
2012-12-31 07:00:00,302.8089176531043
2012-12-31 08:00:00,545.3911874988129
2012-12-31 09:00:00,260.5028591845139
2012-12-31 10:00:00,127.032448034574
2012-12-31 11:00:00,140.85194701571402
2012-12-31 12:00:00,163.93070259012597
2012-12-31 13:00:00,160.2883364213866
2012-12-31 14:00:00,151.50712442308765
2012-12-31 15:00:00,171.16898763725175
2012-12-31 16:00:00,246.9807944053268
2012-12-31 17:00:00,472.0638409317735
2012-12-31 18:00:00,448.2791330096292
2012-12-31 19:00:00,279.7523899750903
2012-12-31 20:00:00,205.5145663065036
2012-12-31 21:00:00,155.93301824989192
2012-12-31 22:00:00,117.70600448373614
2012-12-31 23:00:00,64.23463086583997
