datetime,count
2011-01-20 00:00:00,13.52237935713144
2011-01-20 01:00:00,6.127230354042914
2011-01-20 02:00:00,4.240642119388253
2011-01-20 03:00:00,3.386015689680696
2011-01-20 04:00:00,2.526429120348962
2011-01-20 05:00:00,6.035826974827085
2011-01-20 06:00:00,34.10780258742084
2011-01-20 07:00:00,88.29212611074023
2011-01-20 08:00:00,177.0424393237194
2011-01-20 09:00:00,106.50867409714616
2011-01-20 10:00:00,38.52835824271508
2011-01-20 11:00:00,52.7537467511304
2011-01-20 12:00:00,67.69940346164121
2011-01-20 13:00:00,60.47621152710663
2011-01-20 14:00:00,64.72637720344142
2011-01-20 15:00:00,78.26006397964375
2011-01-20 16:00:00,88.73292477071038
2011-01-20 17:00:00,175.36175886217578
2011-01-20 18:00:00,163.26484228100688
2011-01-20 19:00:00,98.13882076449225
2011-01-20 20:00:00,70.66835752769539
2011-01-20 21:00:00,48.39068258852148
2011-01-20 22:00:00,38.02779203763779
2011-01-20 23:00:00,20.927060238746826
2011-01-21 00:00:00,15.432931948974865
2011-01-21 01:00:00,5.519240151326492
2011-01-21 02:00:00,4.7054939820372494
2011-01-21 03:00:00,2.7812007693360448
2011-01-21 04:00:00,2.019231383712471
2011-01-21 05:00:00,4.077329765016842
2011-01-21 06:00:00,29.49914446513845
2011-01-21 07:00:00,84.67204814393598
2011-01-21 08:00:00,160.17349510498127
2011-01-21 09:00:00,91.23239780841024
2011-01-21 10:00:00,19.99150508276312
2011-01-21 11:00:00,24.472026942977543
2011-01-21 12:00:00,25.90183702349013
2011-01-21 13:00:00,25.88716164425562
2011-01-21 14:00:00,25.7676960068856
2011-01-21 15:00:00,24.08981801682095
2011-01-21 16:00:00,49.26572025088232
2011-01-21 17:00:00,119.1397740049001
2011-01-21 18:00:00,114.0022634054192
2011-01-21 19:00:00,90.76918664523262
2011-01-21 20:00:00,56.220257808207386
2011-01-21 21:00:00,41.13868068483726
2011-01-21 22:00:00,30.495752490585737
2011-01-21 23:00:00,18.19624946263968
2011-01-22 00:00:00,22.77969844677302
2011-01-22 01:00:00,16.363722619618656
2011-01-22 02:00:00,11.728630414613074
2011-01-22 03:00:00,7.005627248216405
2011-01-22 04:00:00,2.210556043997591
2011-01-22 06:00:00,4.288359986993809
2011-01-22 07:00:00,8.733656769441508
2011-01-22 08:00:00,22.059644933030334
2011-01-22 09:00:00,28.67031668844181
2011-01-22 10:00:00,43.7785858885036
2011-01-22 11:00:00,47.520159260546734
2011-01-22 12:00:00,53.07933178490591
2011-01-22 13:00:00,60.36342026095531
2011-01-22 14:00:00,56.724282969672885
2011-01-22 15:00:00,57.75780922951735
2011-01-22 16:00:00,55.31206867579307
2011-01-22 17:00:00,58.287626795943574
2011-01-22 18:00:00,45.03765754010978
2011-01-22 19:00:00,37.38467168991096
2011-01-22 20:00:00,37.44087942176321
2011-01-22 21:00:00,36.66752085748483
2011-01-22 22:00:00,27.918417340430935
2011-01-22 23:00:00,17.180682515180795
2011-01-23 00:00:00,24.51397360805057
2011-01-23 01:00:00,18.31940709943915
2011-01-23 02:00:00,12.407875857636883
2011-01-23 03:00:00,9.74790314726841
2011-01-23 05:00:00,2.09538539120342
2011-01-23 06:00:00,2.41717542620935
2011-01-23 07:00:00,8.028457951536966
2011-01-23 08:00:00,18.493312093809212
2011-01-23 09:00:00,24.92981835436857
2011-01-23 10:00:00,45.4968731259149
2011-01-23 11:00:00,51.16226576734029
2011-01-23 12:00:00,56.63723118801622
2011-01-23 13:00:00,54.04657366828113
2011-01-23 14:00:00,58.8498512297985
2011-01-23 15:00:00,58.24938742691349
2011-01-23 16:00:00,60.47600644172328
2011-01-23 17:00:00,55.64415662057047
2011-01-23 18:00:00,49.16307003276946
2011-01-23 19:00:00,39.79339928317492
2011-01-23 20:00:00,35.990665394906685
2011-01-23 21:00:00,27.495243155870007
2011-01-23 22:00:00,18.994813305000818
2011-01-23 23:00:00,15.322315537811187
2011-01-24 00:00:00,11.572138557870714
2011-01-24 01:00:00,4.5189571585236985
2011-01-24 03:00:00,2.4216268520020696
2011-01-24 04:00:00,2.3445041314384514
2011-01-24 05:00:00,5.300631907340145
2011-01-24 06:00:00,25.736378723855147
2011-01-24 07:00:00,68.52099532191612
2011-01-24 08:00:00,146.12981383714128
2011-01-24 09:00:00,92.62883334710048
2011-01-24 10:00:00,24.740384662828312
2011-01-24 11:00:00,24.081059361449093
2011-01-24 12:00:00,23.54772511226694
2011-01-24 13:00:00,24.491110997085173
2011-01-24 14:00:00,24.483971922309873
2011-01-24 15:00:00,29.274922987120878
2011-01-24 16:00:00,49.369641837219724
2011-01-24 17:00:00,110.81494848943568
2011-01-24 18:00:00,111.84797603664853
2011-01-24 19:00:00,90.30819961293703
2011-01-24 20:00:00,60.095178657344
2011-01-24 21:00:00,36.92304979056985
2011-01-24 22:00:00,24.21895794764859
2011-01-24 23:00:00,16.608984144228536
2011-01-25 00:00:00,11.219927872448938
2011-01-25 01:00:00,4.937111948446903
2011-01-25 02:00:00,2.687376738657109
2011-01-25 04:00:00,2.183880194591535
2011-01-25 05:00:00,5.1966731375892845
2011-01-25 06:00:00,29.901114564114348
2011-01-25 07:00:00,68.55653035229584
2011-01-25 08:00:00,140.46766121072426
2011-01-25 09:00:00,98.57843184153072
2011-01-25 10:00:00,35.66448747328733
2011-01-25 11:00:00,45.144175180623805
2011-01-25 12:00:00,53.39952227829688
2011-01-25 13:00:00,55.58411981942025
2011-01-25 14:00:00,64.87391739878692
2011-01-25 15:00:00,75.30091315624367
2011-01-25 16:00:00,99.41294070851669
2011-01-25 17:00:00,177.09718716630073
2011-01-25 18:00:00,170.05489473274056
2011-01-25 19:00:00,115.7997685931404
2011-01-25 20:00:00,77.27006269265287
2011-01-25 21:00:00,46.53126729131087
2011-01-25 22:00:00,32.85281129652615
2011-01-25 23:00:00,17.564917158183448
2011-01-26 00:00:00,13.478966801566715
2011-01-26 01:00:00,5.778607192291767
2011-01-26 02:00:00,3.3036773176334187
2011-01-26 05:00:00,3.962752505920166
2011-01-26 06:00:00,22.99295443921031
2011-01-26 07:00:00,63.45959396130202
2011-01-26 08:00:00,112.22198137640655
2011-01-26 09:00:00,65.75739762467593
2011-01-26 10:00:00,29.326228615599756
2011-01-26 11:00:00,22.808280230717003
2011-01-26 12:00:00,22.69232345251065
2011-01-26 13:00:00,23.766827609704592
2011-01-26 14:00:00,24.17648113110357
2011-01-26 15:00:00,21.32646526399221
2011-01-26 16:00:00,40.75264163884643
2011-01-26 17:00:00,88.04139070488033
2011-01-27 16:00:00,68.89567846888038
2011-01-27 17:00:00,145.37963422940354
2011-01-27 18:00:00,133.66936552220102
2011-01-27 19:00:00,102.75076417394575
2011-01-27 20:00:00,70.83047978008653
2011-01-27 21:00:00,43.500043756799826
2011-01-27 22:00:00,35.31748716962724
2011-01-27 23:00:00,19.16851481969138
2011-01-28 00:00:00,13.986232620235798
2011-01-28 01:00:00,7.132151200959087
2011-01-28 02:00:00,3.016635047207578
2011-01-28 03:00:00,2.565280857796381
2011-01-28 05:00:00,6.583023614836545
2011-01-28 06:00:00,28.050084113519056
2011-01-28 07:00:00,70.25185003940604
2011-01-28 08:00:00,131.60878040552896
2011-01-28 09:00:00,59.171993870450756
2011-01-28 10:00:00,27.596158489009095
2011-01-28 11:00:00,30.186532852261983
2011-01-28 12:00:00,30.61901053764089
2011-01-28 13:00:00,31.75511256745601
2011-01-28 14:00:00,37.411561872034326
2011-01-28 15:00:00,35.99260050611828
2011-01-28 16:00:00,68.28355475428904
2011-01-28 17:00:00,140.71718259892984
2011-01-28 18:00:00,138.0285738922163
2011-01-28 19:00:00,102.42478371943605
2011-01-28 20:00:00,75.46298560482806
2011-01-28 21:00:00,45.183503765431425
2011-01-28 22:00:00,36.575762758894165
2011-01-28 23:00:00,21.9182673996035
2011-01-29 00:00:00,25.16550411301571
2011-01-29 01:00:00,20.244392803851504
2011-01-29 02:00:00,15.590557162899719
2011-01-29 03:00:00,10.805762298797827
2011-01-29 04:00:00,3.0553393395249056
2011-01-29 06:00:00,4.477192994883636
2011-01-29 07:00:00,9.450582975512672
2011-01-29 08:00:00,25.293656722510296
2011-01-29 09:00:00,37.685685288511436
2011-01-29 10:00:00,57.25672241162203
2011-01-29 11:00:00,55.64539796867227
2011-01-29 12:00:00,65.53756488037983
2011-01-29 13:00:00,79.21880452490403
2011-01-29 14:00:00,75.29994212751632
2011-01-29 15:00:00,67.15694551955747
2011-01-29 16:00:00,84.32093471416265
2011-01-29 17:00:00,79.28030469463032
2011-01-29 18:00:00,73.69698672000703
2011-01-29 19:00:00,53.44774132481663
2011-01-29 20:00:00,51.154752480181244
2011-01-29 21:00:00,37.72227158662908
2011-01-29 22:00:00,28.18363649122888
2011-01-29 23:00:00,18.75942391280382
2011-01-30 00:00:00,26.25359275299102
2011-01-30 01:00:00,23.649954531669408
2011-01-30 02:00:00,16.152362589033096
2011-01-30 03:00:00,10.82889746196659
2011-01-30 04:00:00,3.639335227793861
2011-01-30 05:00:00,2.646218824837583
2011-01-30 07:00:00,7.37116285781818
2011-01-30 08:00:00,17.694980064581383
2011-01-30 09:00:00,29.693761512810006
2011-01-30 10:00:00,55.50368032986855
2011-01-30 11:00:00,61.957508245556646
2011-01-30 12:00:00,93.82316882100949
2011-01-30 13:00:00,82.08475700844711
2011-01-30 14:00:00,86.13112189415168
2011-01-30 15:00:00,99.35681940076711
2011-01-30 16:00:00,100.230745124556
2011-01-30 17:00:00,84.83156528644318
2011-01-30 18:00:00,72.67315871095535
2011-01-30 19:00:00,54.72911494663826
2011-01-30 20:00:00,48.892933361111226
2011-01-30 21:00:00,29.669641092898463
2011-01-30 22:00:00,19.31389814834417
2011-01-30 23:00:00,16.04952114994713
2011-01-31 00:00:00,14.576419054541462
2011-01-31 01:00:00,4.050646323249584
2011-01-31 02:00:00,3.1372694408189883
2011-01-31 03:00:00,2.5111690197657874
2011-01-31 04:00:00,1.927932222477052
2011-01-31 05:00:00,3.1203806140830315
2011-01-31 06:00:00,28.67265985108371
2011-01-31 07:00:00,66.52946861802047
2011-01-31 08:00:00,127.47733154455352
2011-01-31 09:00:00,71.48952869245862
2011-01-31 10:00:00,24.581886384980574
2011-01-31 11:00:00,24.70293583901449
2011-01-31 12:00:00,31.35460999243203
2011-01-31 13:00:00,34.110326745198854
2011-01-31 14:00:00,29.699435497989437
2011-01-31 15:00:00,26.74422306495044
2011-01-31 16:00:00,52.45541660188843
2011-01-31 17:00:00,120.07078542509382
2011-01-31 18:00:00,117.25352741304201
2011-01-31 19:00:00,124.42938570625383
2011-01-31 20:00:00,69.7172439607197
2011-01-31 21:00:00,41.85632191003024
2011-01-31 22:00:00,26.99179190619352
2011-01-31 23:00:00,16.651670374989795
2011-02-20 00:00:00,31.493383439007463
2011-02-20 01:00:00,22.620026575413803
2011-02-20 02:00:00,12.799795784003162
2011-02-20 03:00:00,8.633494627966
2011-02-20 04:00:00,1.953011244980971
2011-02-20 06:00:00,3.4827454332398666
2011-02-20 07:00:00,9.50320793391809
2011-02-20 08:00:00,21.69729987280856
2011-02-20 09:00:00,41.09923870423899
2011-02-20 10:00:00,85.76847618688296
2011-02-20 11:00:00,100.27042030318258
2011-02-20 12:00:00,113.27469586142915
2011-02-20 13:00:00,141.0194721664452
2011-02-20 14:00:00,120.16481387657147
2011-02-20 15:00:00,123.3531638893511
2011-02-20 16:00:00,125.35705553427775
2011-02-20 17:00:00,116.02117268995241
2011-02-20 18:00:00,96.48516946004956
2011-02-20 19:00:00,85.6959599966552
2011-02-20 20:00:00,66.98245891392907
2011-02-20 21:00:00,51.559695501108685
2011-02-20 22:00:00,43.578259696366146
2011-02-20 23:00:00,33.805921544700986
2011-02-21 00:00:00,15.237238651112872
2011-02-21 01:00:00,9.286935244296926
2011-02-21 02:00:00,9.307595538472944
2011-02-21 03:00:00,4.221120036581199
2011-02-21 04:00:00,3.1858151112716935
2011-02-21 05:00:00,4.786595339305704
2011-02-21 06:00:00,15.133086263603909
2011-02-21 07:00:00,43.787891617232994
2011-02-21 08:00:00,78.2537758023017
2011-02-21 09:00:00,80.08729844236285
2011-02-21 10:00:00,78.18693015994549
2011-02-21 11:00:00,82.03164086468696
2011-02-21 12:00:00,88.1074497686819
2011-02-21 13:00:00,41.95815672705526
2011-02-21 14:00:00,85.0699034759028
2011-02-21 15:00:00,66.24337999994916
2011-02-21 16:00:00,58.10243408029868
2011-02-21 17:00:00,95.54824977652684
2011-02-21 18:00:00,70.84958393613428
2011-02-21 19:00:00,58.73338841298299
2011-02-21 20:00:00,43.62677560872699
2011-02-21 21:00:00,31.75871580454011
2011-02-21 22:00:00,19.233807363174645
2011-02-21 23:00:00,12.066538373168521
2011-02-22 06:00:00,29.14922711280095
2011-02-22 07:00:00,76.08485329515347
2011-02-22 08:00:00,161.6153884927267
2011-02-22 09:00:00,91.43339331412642
2011-02-22 10:00:00,27.79014199677572
2011-02-22 11:00:00,31.89975876253417
2011-02-22 12:00:00,32.434149850477276
2011-02-22 13:00:00,40.28556652269192
2011-02-22 14:00:00,41.020402118893884
2011-02-22 15:00:00,53.27762175959504
2011-02-22 16:00:00,66.74188066165843
2011-02-22 17:00:00,146.92984233270784
2011-02-22 18:00:00,146.5055302068957
2011-02-22 19:00:00,100.13769925652741
2011-02-22 20:00:00,76.83262990909591
2011-02-22 21:00:00,55.19328778466118
2011-02-22 22:00:00,31.18632974496439
2011-02-22 23:00:00,19.288339765783007
2011-02-23 00:00:00,13.38372368106312
2011-02-23 01:00:00,6.191912024962101
2011-02-23 02:00:00,2.424133208871742
2011-02-23 03:00:00,1.7698708420759712
2011-02-23 05:00:00,6.470203796405736
2011-02-23 06:00:00,29.465785332407574
2011-02-23 07:00:00,74.93664347667544
2011-02-23 08:00:00,170.20542273453881
2011-02-23 09:00:00,110.35917427058578
2011-02-23 10:00:00,36.75407530371887
2011-02-23 11:00:00,50.891340248994496
2011-02-23 12:00:00,57.5005362414734
2011-02-23 13:00:00,65.73066507756056
2011-02-23 14:00:00,78.34915631097485
2011-02-23 15:00:00,76.37482798939219
2011-02-23 16:00:00,107.5026257623172
2011-02-23 17:00:00,190.65353843396036
2011-02-23 18:00:00,181.27898064652447
2011-02-23 19:00:00,137.20688028550944
2011-02-23 20:00:00,79.99052989041193
2011-02-23 21:00:00,62.631906993644634
2011-02-23 22:00:00,47.40525539719502
2011-02-23 23:00:00,27.834183949088075
2011-02-24 00:00:00,13.4081982198839
2011-02-24 01:00:00,6.5137370245814115
2011-02-24 02:00:00,3.081734186644736
2011-02-24 03:00:00,2.3948745518914185
2011-02-24 05:00:00,6.67249085491747
2011-02-24 06:00:00,34.134701729031406
2011-02-24 07:00:00,92.6379437108281
2011-02-24 08:00:00,217.09800236716296
2011-02-24 09:00:00,110.29315134043426
2011-02-24 10:00:00,41.832037350063246
2011-02-24 11:00:00,59.77832721553495
2011-02-24 12:00:00,79.84170756890168
2011-02-24 13:00:00,85.16547325911408
2011-02-24 14:00:00,86.02080325452692
2011-02-24 15:00:00,21.982193426168188
2011-02-24 16:00:00,40.0214071800029
2011-02-24 17:00:00,71.89513953937553
2011-02-24 18:00:00,119.66088984682938
2011-02-24 19:00:00,64.1200348060574
2011-02-24 20:00:00,63.48597430770396
2011-02-24 21:00:00,57.29843583178826
2011-02-24 22:00:00,31.975598815653154
2011-02-24 23:00:00,34.518437322856194
2011-02-25 00:00:00,13.935564352000528
2011-02-25 01:00:00,8.428736449909247
2011-02-25 02:00:00,6.368464847444157
2011-02-25 03:00:00,3.0484754182554044
2011-02-25 05:00:00,7.240007701132105
2011-02-25 06:00:00,26.165369472862665
2011-02-25 07:00:00,45.14758920434764
2011-02-25 08:00:00,69.37583752702321
2011-02-25 09:00:00,54.14368839176757
2011-02-25 10:00:00,36.231244847178324
2011-02-25 11:00:00,118.15290494168828
2011-02-25 12:00:00,51.538945058381046
2011-02-25 13:00:00,48.90840587753473
2011-02-25 14:00:00,50.00422387115465
2011-02-25 15:00:00,186.76459505242613
2011-02-25 16:00:00,92.56991609268329
2011-02-25 17:00:00,179.1306635982887
2011-02-25 18:00:00,163.23738563978716
2011-02-25 19:00:00,114.85798462786589
2011-02-25 20:00:00,68.12336776470345
2011-02-25 21:00:00,53.22584360361947
2011-02-25 22:00:00,40.629907943710045
2011-02-25 23:00:00,25.564671338866965
2011-02-26 00:00:00,30.519632306512307
2011-02-26 01:00:00,20.911433854379847
2011-02-26 02:00:00,12.836344794294238
2011-02-26 03:00:00,12.76809809864066
2011-02-26 04:00:00,2.8533440408439423
2011-02-26 05:00:00,2.4575402491115588
2011-02-26 06:00:00,5.253921831280277
2011-02-26 07:00:00,9.906748458482753
2011-02-26 08:00:00,25.84233291504224
2011-02-26 09:00:00,47.27695237748831
2011-02-26 10:00:00,91.8994867416116
2011-02-26 11:00:00,107.19638555678537
2011-02-26 12:00:00,117.77294856146759
2011-02-26 13:00:00,125.97067872759214
2011-02-26 14:00:00,122.4921206638611
2011-02-26 15:00:00,117.07830880777894
2011-02-26 16:00:00,116.9401116853811
2011-02-26 17:00:00,121.2259289041083
2011-02-26 18:00:00,101.6573078550238
2011-02-26 19:00:00,78.46631297148507
2011-02-26 20:00:00,58.532110775072674
2011-02-26 21:00:00,44.73376105502007
2011-02-26 22:00:00,44.32142115950751
2011-02-26 23:00:00,37.71853632211969
2011-02-27 00:00:00,31.93260442908023
2011-02-27 01:00:00,29.73521239886551
2011-02-27 02:00:00,20.03824598910845
2011-02-27 03:00:00,12.546381530298675
2011-02-27 04:00:00,3.1624936113086526
2011-02-27 06:00:00,4.2532966334607565
2011-02-27 07:00:00,9.995550676247749
2011-02-27 08:00:00,24.32638405258851
2011-02-27 09:00:00,40.250184258921344
2011-02-27 10:00:00,75.20336556144457
2011-02-27 11:00:00,108.43010817236612
2011-02-27 12:00:00,111.8023009436241
2011-02-27 13:00:00,130.50996205120276
2011-02-27 14:00:00,142.63345336710353
2011-02-27 15:00:00,208.79745327222946
2011-02-27 16:00:00,221.67210242953962
2011-02-27 17:00:00,129.96622071603446
2011-02-27 18:00:00,111.12946946740641
2011-02-27 19:00:00,100.09678092115483
2011-02-27 20:00:00,72.27136076858339
2011-02-27 21:00:00,68.67566947788907
2011-02-27 22:00:00,63.05829216469616
2011-02-27 23:00:00,39.2296622962387
2011-02-28 00:00:00,17.861252266299772
2011-02-28 01:00:00,3.91065179784146
2011-02-28 03:00:00,3.017495986500608
2011-02-28 05:00:00,7.095608440553143
2011-02-28 06:00:00,37.04597140323416
2011-02-28 07:00:00,70.99653733682983
2011-02-28 08:00:00,146.63111549281598
2011-02-28 09:00:00,93.77171985039783
2011-02-28 10:00:00,84.97325576639813
2011-02-28 11:00:00,94.21487716071697
2011-02-28 12:00:00,117.39744127602819
2011-02-28 13:00:00,43.37361320607526
2011-02-28 14:00:00,33.765299124442095
2011-02-28 15:00:00,34.27274156914335
2011-02-28 16:00:00,43.108765728114975
2011-02-28 17:00:00,45.15393541309298
2011-02-28 18:00:00,71.61118964341522
2011-02-28 19:00:00,48.72594097951597
2011-02-28 20:00:00,51.05601894534934
2011-02-28 21:00:00,73.62770208860806
2011-02-28 22:00:00,33.4198875105029
2011-02-28 23:00:00,26.624458830882265
2011-03-20 00:00:00,37.81832063951401
2011-03-20 01:00:00,33.42935187177417
2011-03-20 02:00:00,19.0287619285018
2011-03-20 03:00:00,11.815829373874564
2011-03-20 04:00:00,1.7820005454521353
2011-03-20 05:00:00,2.1250706638497423
2011-03-20 06:00:00,5.294365687123831
2011-03-20 07:00:00,16.876347473547003
2011-03-20 08:00:00,35.574449765219626
2011-03-20 09:00:00,63.33580861157451
2011-03-20 10:00:00,109.39040237717049
2011-03-20 11:00:00,124.97868937310852
2011-03-20 12:00:00,131.25134817795194
2011-03-20 13:00:00,127.48367882639191
2011-03-20 14:00:00,127.38933550527277
2011-03-20 15:00:00,123.36872889146288
2011-03-20 16:00:00,132.78997837805647
2011-03-20 17:00:00,128.26874467900763
2011-03-20 18:00:00,127.4236028486912
2011-03-20 19:00:00,102.5377856406997
2011-03-20 20:00:00,85.1504951666563
2011-03-20 21:00:00,51.16703985228324
2011-03-20 22:00:00,46.736818153204936
2011-03-20 23:00:00,32.633421145671484
2011-03-21 00:00:00,8.464329159980373
2011-03-21 01:00:00,4.948498195427955
2011-03-21 02:00:00,4.370455984901497
2011-03-21 03:00:00,3.07060492452416
2011-03-21 05:00:00,6.714125670714028
2011-03-21 06:00:00,30.153323649817548
2011-03-21 07:00:00,61.77395057630539
2011-03-21 08:00:00,213.64061795510975
2011-03-21 09:00:00,101.91511679371484
2011-03-21 10:00:00,77.47483468272547
2011-03-21 11:00:00,85.8154043854056
2011-03-21 12:00:00,93.26855129254676
2011-03-21 13:00:00,129.32120594416787
2011-03-21 14:00:00,130.15803391193285
2011-03-21 15:00:00,139.0245956919931
2011-03-21 16:00:00,167.0401134575126
2011-03-21 17:00:00,298.34155472222005
2011-03-21 18:00:00,274.56404439531906
2011-03-21 19:00:00,235.14786855683786
2011-03-21 20:00:00,156.5807114556776
2011-03-21 21:00:00,89.43369547127286
2011-03-21 22:00:00,85.32720729944666
2011-03-21 23:00:00,50.403404155246236
2011-03-22 00:00:00,27.361605296688055
2011-03-22 01:00:00,5.777901722988329
2011-03-22 02:00:00,7.030646926026529
2011-03-22 03:00:00,4.098961488330721
2011-03-22 04:00:00,4.231721174685965
2011-03-22 05:00:00,9.84500480407019
2011-03-22 06:00:00,48.16983189538079
2011-03-22 07:00:00,88.36916033707556
2011-03-22 08:00:00,138.26588362965018
2011-03-22 09:00:00,105.17052149829027
2011-03-22 10:00:00,92.0356487888618
2011-03-22 11:00:00,99.51928445958747
2011-03-22 12:00:00,123.19947933984805
2011-03-22 13:00:00,126.7136460322267
2011-03-22 14:00:00,133.33226189298944
2011-03-22 15:00:00,132.87503779665204
2011-03-22 16:00:00,172.20419930006224
2011-03-22 17:00:00,324.2911851880609
2011-03-22 18:00:00,304.43759558464114
2011-03-22 19:00:00,176.18059111142497
2011-03-22 20:00:00,125.15680774394245
2011-03-22 21:00:00,99.71023202337041
2011-03-22 22:00:00,82.53628241513806
2011-03-22 23:00:00,40.64533702941637
2011-03-23 00:00:00,13.764978789916267
2011-03-23 01:00:00,6.397452630666366
2011-03-23 02:00:00,4.928597267873241
2011-03-23 03:00:00,3.428256857081562
2011-03-23 05:00:00,7.691802334084282
2011-03-23 06:00:00,44.13985454463314
2011-03-23 07:00:00,98.93509955055727
2011-03-23 08:00:00,202.87998616513306
2011-03-23 09:00:00,120.67620016577072
2011-03-23 10:00:00,59.28719798838815
2011-03-23 11:00:00,62.18531256303437
2011-03-23 12:00:00,60.44791557924424
2011-03-23 13:00:00,49.84335128035799
2011-03-23 14:00:00,68.0239779261166
2011-03-23 15:00:00,78.93951750012222
2011-03-23 16:00:00,122.85076520070703
2011-03-23 17:00:00,171.89222039813683
2011-03-23 18:00:00,84.04180969638348
2011-03-23 19:00:00,75.01858949296562
2011-03-23 20:00:00,40.77049901324543
2011-03-23 21:00:00,39.86953924916749
2011-03-23 22:00:00,37.17434720118937
2011-03-23 23:00:00,29.403240220468827
2011-03-24 00:00:00,15.115787536342125
2011-03-24 01:00:00,5.0871007864591995
2011-03-24 02:00:00,4.931188407932177
2011-03-24 03:00:00,2.905870707213231
2011-03-24 04:00:00,2.2974952015666172
2011-03-24 05:00:00,7.2840892483110435
2011-03-24 06:00:00,41.48396986133036
2011-03-24 07:00:00,60.569122518821466
2011-03-24 08:00:00,105.28317477379252
2011-03-24 09:00:00,119.02059325107764
2011-03-24 10:00:00,38.89855071378588
2011-03-24 11:00:00,45.33876265085061
2011-03-24 12:00:00,58.776624062161375
2011-03-24 13:00:00,78.14383001522151
2011-03-24 14:00:00,72.94342039782666
2011-03-24 15:00:00,66.35203263644664
2011-03-24 16:00:00,91.96824953135463
2011-03-24 17:00:00,193.66257223811618
2011-03-24 18:00:00,174.56058086571534
2011-03-24 19:00:00,121.39237099794192
2011-03-24 20:00:00,85.42273159356559
2011-03-24 21:00:00,59.7481245601245
2011-03-24 22:00:00,52.45169913982487
2011-03-24 23:00:00,31.11241093329063
2011-03-25 00:00:00,15.57140295908654
2011-03-25 01:00:00,6.977241554651795
2011-03-25 02:00:00,3.404722337027063
2011-03-25 03:00:00,3.196571343181434
2011-03-25 04:00:00,2.3489780327190464
2011-03-25 05:00:00,7.575850566653638
2011-03-25 06:00:00,33.06716782826754
2011-03-25 07:00:00,105.68051271835265
2011-03-25 08:00:00,216.49458524225886
2011-03-25 09:00:00,133.3019590338128
2011-03-25 10:00:00,68.65852425618252
2011-03-25 11:00:00,66.93269756616039
2011-03-25 12:00:00,90.83297734502918
2011-03-25 13:00:00,90.67908129349885
2011-03-25 14:00:00,89.47778182153577
2011-03-25 15:00:00,89.18936675388643
2011-03-25 16:00:00,113.48493173707027
2011-03-25 17:00:00,193.32030647822916
2011-03-25 18:00:00,200.21902443290344
2011-03-25 19:00:00,144.98021988520802
2011-03-25 20:00:00,89.8064761231293
2011-03-25 21:00:00,66.94988016203126
2011-03-25 22:00:00,47.91054390727359
2011-03-25 23:00:00,33.35644800198156
2011-03-26 00:00:00,31.851393556317344
2011-03-26 01:00:00,22.940323340225945
2011-03-26 02:00:00,15.650770974296636
2011-03-26 03:00:00,9.381598536132637
2011-03-26 04:00:00,2.727168010956103
2011-03-26 05:00:00,2.6363020379481616
2011-03-26 06:00:00,9.20783112466432
2011-03-26 07:00:00,19.125052121282074
2011-03-26 08:00:00,43.205023230464036
2011-03-26 09:00:00,59.50704822736202
2011-03-26 10:00:00,98.78161746205443
2011-03-26 11:00:00,101.10419472631409
2011-03-26 12:00:00,112.04814131365023
2011-03-26 13:00:00,131.06366233596611
2011-03-26 14:00:00,135.02853768621793
2011-03-26 15:00:00,133.94269872194502
2011-03-26 16:00:00,140.67605463947407
2011-03-26 17:00:00,130.95946262414373
2011-03-26 18:00:00,110.90291700384873
2011-03-26 19:00:00,70.05521601942793
2011-03-26 20:00:00,63.640177319074255
2011-03-26 21:00:00,53.035305332857725
2011-03-26 22:00:00,48.87496739388965
2011-03-26 23:00:00,34.17079181664286
2011-03-27 00:00:00,35.47045302442419
2011-03-27 01:00:00,25.254683456101077
2011-03-27 02:00:00,18.765386946757243
2011-03-27 03:00:00,10.371737564974593
2011-03-27 04:00:00,3.7770071312722884
2011-03-27 06:00:00,7.130679872230881
2011-03-27 07:00:00,15.739222095645854
2011-03-27 08:00:00,37.18278946967223
2011-03-27 09:00:00,49.41780210073128
2011-03-27 10:00:00,78.6656306123349
2011-03-27 11:00:00,89.83201576465567
2011-03-27 12:00:00,103.99393559859173
2011-03-27 13:00:00,112.97545803080219
2011-03-27 14:00:00,125.81017882374618
2011-03-27 15:00:00,126.28573805242196
2011-03-27 16:00:00,138.49881341616936
2011-03-27 17:00:00,126.00124836983557
2011-03-27 18:00:00,94.9776946393174
2011-03-27 19:00:00,71.74323057966302
2011-03-27 20:00:00,58.78312370937719
2011-03-27 21:00:00,42.38633688967982
2011-03-27 22:00:00,40.56355287413338
2011-03-27 23:00:00,30.767647567772066
2011-03-28 00:00:00,13.873464831589603
2011-03-28 01:00:00,4.834651751263323
2011-03-28 02:00:00,3.7403981113956046
2011-03-28 03:00:00,2.520345106623828
2011-03-28 05:00:00,5.180241619685747
2011-03-28 06:00:00,35.400824570316246
2011-03-28 07:00:00,104.04027919929632
2011-03-28 08:00:00,197.14295764842353
2011-03-28 09:00:00,121.61165225433625
2011-03-28 10:00:00,59.61086510856858
2011-03-28 11:00:00,49.857440017523466
2011-03-28 12:00:00,66.45998628885809
2011-03-28 13:00:00,69.05101979266595
2011-03-28 14:00:00,77.23166816598274
2011-03-28 15:00:00,74.74090323537857
2011-03-28 16:00:00,108.26026604722391
2011-03-28 17:00:00,220.79628464836753
2011-03-28 18:00:00,211.14118155096733
2011-03-28 19:00:00,152.006903556834
2011-03-28 20:00:00,98.68453885723724
2011-03-28 21:00:00,72.82669093174633
2011-03-28 22:00:00,53.48605776883227
2011-03-28 23:00:00,27.947721725154807
2011-03-29 00:00:00,13.296853381171188
2011-03-29 01:00:00,3.5841449512295154
2011-03-29 02:00:00,3.9532840924887873
2011-03-29 03:00:00,2.9368700139062183
2011-03-29 04:00:00,1.9669668540685348
2011-03-29 05:00:00,6.594278326228256
2011-03-29 06:00:00,38.78556819290419
2011-03-29 07:00:00,112.42182342090277
2011-03-29 08:00:00,223.98002971975242
2011-03-29 09:00:00,132.03017399333024
2011-03-29 10:00:00,57.80234146073465
2011-03-29 11:00:00,67.97772690539519
2011-03-29 12:00:00,80.83445046904892
2011-03-29 13:00:00,79.65179147028836
2011-03-29 14:00:00,83.78832087517497
2011-03-29 15:00:00,97.18857875031568
2011-03-29 16:00:00,112.39632642606863
2011-03-29 17:00:00,177.01089504447611
2011-03-29 18:00:00,193.22486372204426
2011-03-29 19:00:00,154.1842965652777
2011-03-29 20:00:00,103.0686997706836
2011-03-29 21:00:00,86.36049729590424
2011-03-29 22:00:00,70.20009979853243
2011-03-29 23:00:00,29.517738852641596
2011-03-30 00:00:00,17.07521301878817
2011-03-30 01:00:00,9.02457201748181
2011-03-30 02:00:00,5.377124907258528
2011-03-30 03:00:00,3.634528977018989
2011-03-30 04:00:00,3.497316486958599
2011-03-30 05:00:00,7.942241237505358
2011-03-30 06:00:00,47.32731751517239
2011-03-30 07:00:00,112.4729074576127
2011-03-30 08:00:00,200.79123296519037
2011-03-30 09:00:00,131.8128381550626
2011-03-30 10:00:00,74.45137561023219
2011-03-30 11:00:00,74.82628431955332
2011-03-30 12:00:00,79.22248574265095
2011-03-30 13:00:00,83.03114551198291
2011-03-30 14:00:00,79.72083684788367
2011-03-30 15:00:00,29.29645248796567
2011-03-30 16:00:00,47.49569454222706
2011-03-30 17:00:00,97.36505978371088
2011-03-30 18:00:00,127.49344086191525
2011-03-30 19:00:00,90.49019636436242
2011-03-30 20:00:00,54.22942454986307
2011-03-30 21:00:00,54.49006996755332
2011-03-30 22:00:00,31.2027606882855
2011-03-30 23:00:00,20.7642635658033
2011-03-31 00:00:00,8.067400760222776
2011-03-31 01:00:00,5.204131039089749
2011-03-31 02:00:00,4.0439520521427195
2011-03-31 03:00:00,3.036047526418112
2011-03-31 04:00:00,2.6731841976413833
2011-03-31 05:00:00,6.9963711296301545
2011-03-31 06:00:00,28.12411745570721
2011-03-31 07:00:00,58.689975203288014
2011-03-31 08:00:00,169.1594093455089
2011-03-31 09:00:00,63.372247245261164
2011-03-31 10:00:00,32.55702835354209
2011-03-31 11:00:00,35.14213986381847
2011-03-31 12:00:00,37.56212367706971
2011-03-31 13:00:00,40.66332382205594
2011-03-31 14:00:00,39.653549544886516
2011-03-31 15:00:00,29.118736081231695
2011-03-31 16:00:00,80.95504596675431
2011-03-31 17:00:00,170.0893958292876
2011-03-31 18:00:00,163.4925375983883
2011-03-31 19:00:00,123.60509824975057
2011-03-31 20:00:00,53.07859401381182
2011-03-31 21:00:00,59.029948197083435
2011-03-31 22:00:00,34.78447783649266
2011-03-31 23:00:00,28.7401774605179
2011-04-20 00:00:00,26.16059927206358
2011-04-20 01:00:00,6.792362265593566
2011-04-20 02:00:00,7.0240628780673715
2011-04-20 03:00:00,3.934422766042841
2011-04-20 04:00:00,3.7915405537576494
2011-04-20 05:00:00,13.666004498185242
2011-04-20 06:00:00,53.533907627562655
2011-04-20 07:00:00,104.95925331866579
2011-04-20 08:00:00,267.8602781925662
2011-04-20 09:00:00,151.71384330796897
2011-04-20 10:00:00,110.97723018600375
2011-04-20 11:00:00,115.0905159711616
2011-04-20 12:00:00,143.7318521766168
2011-04-20 13:00:00,148.0326422395833
2011-04-20 14:00:00,149.63368788262756
2011-04-20 15:00:00,148.25152122286394
2011-04-20 16:00:00,193.15829101161233
2011-04-20 17:00:00,346.4081877426155
2011-04-20 18:00:00,354.6929883521059
2011-04-20 19:00:00,282.17646681992153
2011-04-20 20:00:00,170.10325591380627
2011-04-20 21:00:00,142.33214516138375
2011-04-20 22:00:00,121.41655065453322
2011-04-20 23:00:00,79.832447617187
2011-04-21 00:00:00,26.776459204884297
2011-04-21 01:00:00,13.168776173673814
2011-04-21 02:00:00,10.368162897530983
2011-04-21 03:00:00,4.431372219386219
2011-04-21 04:00:00,4.129919321834096
2011-04-21 05:00:00,7.79321800273752
2011-04-21 06:00:00,51.22542078022289
2011-04-21 07:00:00,100.73582568344312
2011-04-21 08:00:00,137.0877337097977
2011-04-21 09:00:00,119.23798667278679
2011-04-21 10:00:00,106.27614604698198
2011-04-21 11:00:00,118.87816074480065
2011-04-21 12:00:00,137.32028080843378
2011-04-21 13:00:00,133.05750272597322
2011-04-21 14:00:00,132.45969890479304
2011-04-21 15:00:00,136.1781245432348
2011-04-21 16:00:00,186.73132860411295
2011-04-21 17:00:00,342.908279011473
2011-04-21 18:00:00,306.443862122612
2011-04-21 19:00:00,219.40420293884256
2011-04-21 20:00:00,167.3145810330631
2011-04-21 21:00:00,110.48802770400246
2011-04-21 22:00:00,95.2651051801827
2011-04-21 23:00:00,46.93720819494558
2011-04-22 00:00:00,26.394731852357147
2011-04-22 01:00:00,10.52449720974954
2011-04-22 02:00:00,8.529448769366732
2011-04-22 03:00:00,4.561580604981328
2011-04-22 04:00:00,3.941320243384931
2011-04-22 05:00:00,9.798780739738245
2011-04-22 06:00:00,52.723087709333065
2011-04-22 07:00:00,116.91301775136881
2011-04-22 08:00:00,178.79412130157726
2011-04-22 09:00:00,74.0379802666792
2011-04-22 10:00:00,84.7273170508123
2011-04-22 11:00:00,57.97901506763742
2011-04-22 12:00:00,64.28463806273832
2011-04-22 13:00:00,51.83280868929414
2011-04-22 14:00:00,25.752443458946633
2011-04-22 15:00:00,55.126957434898124
2011-04-22 16:00:00,77.82300288000687
2011-04-22 17:00:00,80.73625286686246
2011-04-22 18:00:00,79.28869822352067
2011-04-22 19:00:00,59.482353162678265
2011-04-22 20:00:00,52.73213967032403
2011-04-22 21:00:00,47.198606632414865
2011-04-22 22:00:00,35.97920516098117
2011-04-22 23:00:00,35.042630700360874
2011-04-23 00:00:00,29.495299820422037
2011-04-23 01:00:00,26.725054025153153
2011-04-23 02:00:00,20.420724626192424
2011-04-23 03:00:00,15.25426911350166
2011-04-23 04:00:00,4.5602688802982305
2011-04-23 05:00:00,4.403236972529269
2011-04-23 06:00:00,10.764871586647937
2011-04-23 07:00:00,34.84623567881321
2011-04-23 08:00:00,37.02193346844886
2011-04-23 09:00:00,56.185255644273354
2011-04-23 10:00:00,88.37173171158676
2011-04-23 11:00:00,103.32960413183243
2011-04-23 12:00:00,120.4298293872302
2011-04-23 13:00:00,128.70054346346114
2011-04-23 14:00:00,190.78193415979587
2011-04-23 15:00:00,211.8203045863837
2011-04-23 16:00:00,222.32061625651696
2011-04-23 17:00:00,273.68142678762536
2011-04-23 18:00:00,243.69086082588987
2011-04-23 19:00:00,145.73944956296967
2011-04-23 20:00:00,103.40545414659934
2011-04-23 21:00:00,108.94886163231466
2011-04-23 22:00:00,96.62172043304825
2011-04-23 23:00:00,70.90224645903807
2011-04-24 00:00:00,39.75750647859921
2011-04-24 01:00:00,30.06661245532847
2011-04-24 02:00:00,27.651518497577502
2011-04-24 03:00:00,20.0224992322813
2011-04-24 04:00:00,6.018825890569715
2011-04-24 05:00:00,6.610338351384896
2011-04-24 06:00:00,9.337627027578073
2011-04-24 07:00:00,43.21590520292826
2011-04-24 08:00:00,72.68924524232897
2011-04-24 09:00:00,98.08267884699367
2011-04-24 10:00:00,199.99922707951353
2011-04-24 11:00:00,274.91507649672
2011-04-24 12:00:00,283.54275906851586
2011-04-24 13:00:00,288.7996630500328
2011-04-24 14:00:00,299.5367952120059
2011-04-24 15:00:00,294.8744155087058
2011-04-24 16:00:00,290.12243721470827
2011-04-24 17:00:00,302.6588977239387
2011-04-24 18:00:00,282.4923661517672
2011-04-24 19:00:00,138.36861315561836
2011-04-24 20:00:00,104.58549133726856
2011-04-24 21:00:00,54.63611887617273
2011-04-24 22:00:00,31.492528513523236
2011-04-24 23:00:00,35.55507146407192
2011-04-25 00:00:00,17.226340067831455
2011-04-25 01:00:00,7.634349157787598
2011-04-25 02:00:00,6.110535894424503
2011-04-25 03:00:00,4.02761196021029
2011-04-25 04:00:00,4.061697667572776
2011-04-25 05:00:00,12.548804624350428
2011-04-25 06:00:00,56.66923548091458
2011-04-25 07:00:00,105.79185293428014
2011-04-25 08:00:00,205.0103882253856
2011-04-25 09:00:00,127.46132337132023
2011-04-25 10:00:00,100.15955869101118
2011-04-25 11:00:00,107.94598234091555
2011-04-25 12:00:00,127.90020658995414
2011-04-25 13:00:00,142.17482285855044
2011-04-25 14:00:00,154.1681260246305
2011-04-25 15:00:00,158.15908685518835
2011-04-25 16:00:00,192.0288342570979
2011-04-25 17:00:00,374.06790541848727
2011-04-25 18:00:00,374.5164884460548
2011-04-25 19:00:00,294.5769156423485
2011-04-25 20:00:00,170.40058591161608
2011-04-25 21:00:00,148.27145199809127
2011-04-25 22:00:00,100.0564634329321
2011-04-25 23:00:00,51.39484155735632
2011-04-26 00:00:00,27.339684252783776
2011-04-26 01:00:00,10.456459752647762
2011-04-26 02:00:00,6.360699253548076
2011-04-26 03:00:00,4.030008774201012
2011-04-26 04:00:00,3.7700856045403075
2011-04-26 05:00:00,9.467290252958788
2011-04-26 06:00:00,53.96085863173191
2011-04-26 07:00:00,154.99223962324635
2011-04-26 08:00:00,217.63744133846066
2011-04-26 09:00:00,132.09913006378298
2011-04-26 10:00:00,99.79442395204514
2011-04-26 11:00:00,110.33068963037694
2011-04-26 12:00:00,132.18361462841764
2011-04-26 13:00:00,144.8813949929551
2011-04-26 14:00:00,141.14693041174598
2011-04-26 15:00:00,139.87105917687487
2011-04-26 16:00:00,190.87722331850568
2011-04-26 17:00:00,381.6067942353734
2011-04-26 18:00:00,375.85803179532894
2011-04-26 19:00:00,256.18188724856054
2011-04-26 20:00:00,159.3316160497606
2011-04-26 21:00:00,137.4878502346386
2011-04-26 22:00:00,104.9885714036595
2011-04-26 23:00:00,50.07838875031081
2011-04-27 00:00:00,26.200100604555907
2011-04-27 01:00:00,11.718845520671726
2011-04-27 02:00:00,5.893752385406554
2011-04-27 03:00:00,3.4762645957586904
2011-04-27 04:00:00,3.7774135713890495
2011-04-27 05:00:00,8.57595742739346
2011-04-27 06:00:00,54.782605821555585
2011-04-27 07:00:00,154.41052452750256
2011-04-27 08:00:00,209.04591209741017
2011-04-27 09:00:00,99.70774476502231
2011-04-27 10:00:00,79.15247883192427
2011-04-27 11:00:00,90.72725976174358
2011-04-27 12:00:00,107.26952729913698
2011-04-27 13:00:00,108.35797457269116
2011-04-27 14:00:00,122.04551175147463
2011-04-27 15:00:00,131.9266608734114
2011-04-27 16:00:00,176.83552775190736
2011-04-27 17:00:00,149.7166786617395
2011-04-27 18:00:00,146.93048882041768
2011-04-27 19:00:00,221.7122130339131
2011-04-27 20:00:00,114.78088572819671
2011-04-27 21:00:00,109.6865045787209
2011-04-27 22:00:00,96.69365512818285
2011-04-27 23:00:00,65.77554510934682
2011-04-28 00:00:00,29.90157666558816
2011-04-28 01:00:00,12.48682019684371
2011-04-28 02:00:00,7.609562571934662
2011-04-28 03:00:00,5.001770552931267
2011-04-28 04:00:00,3.884335403364952
2011-04-28 05:00:00,8.571284742148991
2011-04-28 06:00:00,55.45715986028393
2011-04-28 07:00:00,158.40277511323524
2011-04-28 08:00:00,222.47295999458015
2011-04-28 09:00:00,92.41657076714804
2011-04-28 10:00:00,83.07104672674745
2011-04-28 11:00:00,81.0249293070291
2011-04-28 12:00:00,104.7325738192421
2011-04-28 13:00:00,87.4333322466645
2011-04-28 14:00:00,89.31895737677641
2011-04-28 15:00:00,133.90456193811627
2011-04-28 16:00:00,169.4801025359574
2011-04-28 17:00:00,360.3514157764298
2011-04-28 18:00:00,353.442049664445
2011-04-28 19:00:00,271.79521756646136
2011-04-28 20:00:00,167.74230453195315
2011-04-28 21:00:00,136.30511885919034
2011-04-28 22:00:00,101.26344898820727
2011-04-28 23:00:00,59.13789048782736
2011-04-29 00:00:00,34.96824598192895
2011-04-29 01:00:00,17.143784108054966
2011-04-29 02:00:00,10.07792068258949
2011-04-29 03:00:00,5.136854426953942
2011-04-29 04:00:00,4.288484029945625
2011-04-29 05:00:00,11.965126024661844
2011-04-29 06:00:00,57.07983202623422
2011-04-29 07:00:00,192.23299719125694
2011-04-29 08:00:00,291.255144592999
2011-04-29 09:00:00,175.8565157820953
2011-04-29 10:00:00,160.50026173454816
2011-04-29 11:00:00,159.36797621885015
2011-04-29 12:00:00,182.66597871749366
2011-04-29 13:00:00,184.89930367796322
2011-04-29 14:00:00,187.7816623939351
2011-04-29 15:00:00,179.001382766091
2011-04-29 16:00:00,223.84582822066267
2011-04-29 17:00:00,318.03549546285217
2011-04-29 18:00:00,319.77959430297284
2011-04-29 19:00:00,214.35752457009812
2011-04-29 20:00:00,150.2016657543373
2011-04-29 21:00:00,117.57071957737145
2011-04-29 22:00:00,97.4700477403557
2011-04-29 23:00:00,50.101123571189
2011-04-30 00:00:00,37.12420909033031
2011-04-30 01:00:00,34.00144010398019
2011-04-30 02:00:00,26.802470426474205
2011-04-30 03:00:00,14.225138930544462
2011-04-30 04:00:00,3.737429238856475
2011-04-30 05:00:00,3.9776974673967542
2011-04-30 06:00:00,18.54743867782205
2011-04-30 07:00:00,37.95988978041198
2011-04-30 08:00:00,85.64986668051924
2011-04-30 09:00:00,137.36168362180743
2011-04-30 10:00:00,200.00500794994682
2011-04-30 11:00:00,235.06300631244022
2011-04-30 12:00:00,262.63124959095813
2011-04-30 13:00:00,264.11497423214786
2011-04-30 14:00:00,264.75117986039555
2011-04-30 15:00:00,280.5028225890597
2011-04-30 16:00:00,272.37729025712895
2011-04-30 17:00:00,313.3057765496311
2011-04-30 18:00:00,287.98225921156313
2011-04-30 19:00:00,227.7407823382507
2011-04-30 20:00:00,134.69400758249185
2011-04-30 21:00:00,106.48230968174876
2011-04-30 22:00:00,87.73470852970786
2011-04-30 23:00:00,54.584999608199475
2011-05-20 00:00:00,25.265155965768532
2011-05-20 01:00:00,11.90972447915127
2011-05-20 02:00:00,11.493791899675887
2011-05-20 03:00:00,5.095700238345804
2011-05-20 04:00:00,5.487456471279255
2011-05-20 05:00:00,17.429533193033272
2011-05-20 06:00:00,85.55730327631446
2011-05-20 07:00:00,252.34319941438991
2011-05-20 08:00:00,394.5563085226481
2011-05-20 09:00:00,203.98334690206968
2011-05-20 10:00:00,154.29651017352796
2011-05-20 11:00:00,162.2187956864204
2011-05-20 12:00:00,225.15035507033232
2011-05-20 13:00:00,209.33851741640294
2011-05-20 14:00:00,231.69544254605375
2011-05-20 15:00:00,225.96148009862495
2011-05-20 16:00:00,356.5147114453219
2011-05-20 17:00:00,420.7600045758005
2011-05-20 18:00:00,468.88719632360653
2011-05-20 19:00:00,313.0726337869826
2011-05-20 20:00:00,217.0560117930055
2011-05-20 21:00:00,176.03475834180398
2011-05-20 22:00:00,126.90714993708853
2011-05-20 23:00:00,106.96357193213107
2011-05-21 00:00:00,94.84600575655332
2011-05-21 01:00:00,73.05682328496945
2011-05-21 02:00:00,65.05260870162283
2011-05-21 03:00:00,27.928100195518272
2011-05-21 04:00:00,5.359876827574576
2011-05-21 05:00:00,6.954941282004181
2011-05-21 06:00:00,23.845606619428075
2011-05-21 07:00:00,53.465533560343296
2011-05-21 08:00:00,117.49946568262209
2011-05-21 09:00:00,198.350474497625
2011-05-21 10:00:00,280.7138325563371
2011-05-21 11:00:00,380.382563229432
2011-05-21 12:00:00,375.7676143502386
2011-05-21 13:00:00,382.0279694580661
2011-05-21 14:00:00,373.70869660351354
2011-05-21 15:00:00,389.2179992653519
2011-05-21 16:00:00,398.93544202898715
2011-05-21 17:00:00,398.4994662421084
2011-05-21 18:00:00,357.368837104706
2011-05-21 19:00:00,338.4719289994013
2011-05-21 20:00:00,222.68445990855656
2011-05-21 21:00:00,179.6739548495461
2011-05-21 22:00:00,128.20322533255265
2011-05-21 23:00:00,100.87339010974527
2011-05-22 00:00:00,105.51839014725448
2011-05-22 01:00:00,65.2247718181505
2011-05-22 02:00:00,63.51125306613713
2011-05-22 03:00:00,29.53968941202915
2011-05-22 04:00:00,9.660169096035698
2011-05-22 05:00:00,9.2915238387645
2011-05-22 06:00:00,10.99685180366125
2011-05-22 07:00:00,54.09243805468042
2011-05-22 08:00:00,93.6458704441765
2011-05-22 09:00:00,169.4267760549365
2011-05-22 10:00:00,255.2419360756802
2011-05-22 11:00:00,370.16192195584256
2011-05-22 12:00:00,375.1063675496872
2011-05-22 13:00:00,376.71704634459593
2011-05-22 14:00:00,270.21490410533266
2011-05-22 15:00:00,363.75166216851414
2011-05-22 16:00:00,389.2445895420451
2011-05-22 17:00:00,369.6805238390457
2011-05-22 18:00:00,335.7485630193979
2011-05-22 19:00:00,318.7336912478194
2011-05-22 20:00:00,224.8964517393512
2011-05-22 21:00:00,166.3318548331215
2011-05-22 22:00:00,121.37253836809627
2011-05-22 23:00:00,71.97318671195661
2011-05-23 00:00:00,27.411448651469772
2011-05-23 01:00:00,12.023018894378154
2011-05-23 02:00:00,6.337516855132356
2011-05-23 03:00:00,3.993024588506473
2011-05-23 04:00:00,4.752315455762019
2011-05-23 05:00:00,15.62256874816209
2011-05-23 06:00:00,93.68933674404407
2011-05-23 07:00:00,169.02526347058176
2011-05-23 08:00:00,376.1302931472127
2011-05-23 09:00:00,195.01441102037649
2011-05-23 10:00:00,124.01791320124373
2011-05-23 11:00:00,150.52576108588573
2011-05-23 12:00:00,189.7702505513767
2011-05-23 13:00:00,176.8140348301279
2011-05-23 14:00:00,165.42763386282755
2011-05-23 15:00:00,169.8170682244776
2011-05-23 16:00:00,290.9879383330437
2011-05-23 17:00:00,430.57957325157753
2011-05-23 18:00:00,473.2887744253575
2011-05-23 19:00:00,380.17631749956877
2011-05-23 20:00:00,182.49899961180353
2011-05-23 21:00:00,133.24926493112787
2011-05-23 22:00:00,107.43240643790645
2011-05-23 23:00:00,66.26298587303285
2011-05-24 00:00:00,21.08806650080613
2011-05-24 01:00:00,9.50151525499773
2011-05-24 02:00:00,7.1610943011787995
2011-05-24 03:00:00,4.344552912136091
2011-05-24 04:00:00,5.124997157808069
2011-05-24 05:00:00,15.230058827746538
2011-05-24 06:00:00,102.26432181680599
2011-05-24 07:00:00,132.08466482944806
2011-05-24 08:00:00,223.4952355889969
2011-05-24 09:00:00,213.0459076483909
2011-05-24 10:00:00,116.88498953099749
2011-05-24 11:00:00,153.99931254307114
2011-05-24 12:00:00,180.29428982193565
2011-05-24 13:00:00,180.21886439354
2011-05-24 14:00:00,166.77906722599096
2011-05-24 15:00:00,167.08402721893324
2011-05-24 16:00:00,301.0155127261332
2011-05-24 17:00:00,422.5970728585113
2011-05-24 18:00:00,501.59121055451794
2011-05-24 19:00:00,376.61212082438124
2011-05-24 20:00:00,261.7917891935418
2011-05-24 21:00:00,184.97862649125028
2011-05-24 22:00:00,62.56004427944378
2011-05-24 23:00:00,86.39294906872513
2011-05-25 00:00:00,25.038580461767765
2011-05-25 01:00:00,12.72029686582771
2011-05-25 02:00:00,7.64094524224121
2011-05-25 03:00:00,4.327061177226415
2011-05-25 04:00:00,4.756090228714486
2011-05-25 05:00:00,20.03403999631343
2011-05-25 06:00:00,98.68663264837711
2011-05-25 07:00:00,275.0657892476068
2011-05-25 08:00:00,392.3950522519202
2011-05-25 09:00:00,214.32465252272218
2011-05-25 10:00:00,119.37609651752564
2011-05-25 11:00:00,156.64390714816722
2011-05-25 12:00:00,179.13982369214054
2011-05-25 13:00:00,174.2806315590072
2011-05-25 14:00:00,162.27336129776128
2011-05-25 15:00:00,166.29365556206943
2011-05-25 16:00:00,289.2509780544767
2011-05-25 17:00:00,553.3136516413347
2011-05-25 18:00:00,528.6086249278623
2011-05-25 19:00:00,387.9307612385885
2011-05-25 20:00:00,276.5212263113213
2011-05-25 21:00:00,196.33456109685892
2011-05-25 22:00:00,148.12817293131178
2011-05-25 23:00:00,92.53239542562548
2011-05-26 00:00:00,42.22256550515517
2011-05-26 01:00:00,17.08495468508953
2011-05-26 02:00:00,11.292206746199714
2011-05-26 03:00:00,4.54065780798625
2011-05-26 04:00:00,5.130317397535425
2011-05-26 05:00:00,19.48669185341404
2011-05-26 06:00:00,94.32637444130842
2011-05-26 07:00:00,175.85246543479553
2011-05-26 08:00:00,420.7092468857154
2011-05-26 09:00:00,213.80242628000295
2011-05-26 10:00:00,122.83601189335378
2011-05-26 11:00:00,156.79664728496803
2011-05-26 12:00:00,181.15139151274764
2011-05-26 13:00:00,170.3453087235931
2011-05-26 14:00:00,163.54013754845556
2011-05-26 15:00:00,172.9871544623935
2011-05-26 16:00:00,292.6316966926798
2011-05-26 17:00:00,518.0935556716329
2011-05-26 18:00:00,517.8911560012868
2011-05-26 19:00:00,357.0766034280229
2011-05-26 20:00:00,269.79161323571634
2011-05-26 21:00:00,193.8493073677758
2011-05-26 22:00:00,157.29462757132154
2011-05-26 23:00:00,120.92680813870628
2011-05-27 00:00:00,54.74637503392568
2011-05-27 01:00:00,25.82968380324272
2011-05-27 02:00:00,15.24980632551347
2011-05-27 03:00:00,5.038308376126851
2011-05-27 04:00:00,5.073304915752955
2011-05-27 05:00:00,23.348183155618003
2011-05-27 06:00:00,99.94917283593666
2011-05-27 07:00:00,262.3416235036313
2011-05-27 08:00:00,396.0728124334043
2011-05-27 09:00:00,207.1894990846639
2011-05-27 10:00:00,152.41287243782278
2011-05-27 11:00:00,160.90707563914694
2011-05-27 12:00:00,218.0222772393126
2011-05-27 13:00:00,223.32715637718871
2011-05-27 14:00:00,221.3157290263699
2011-05-27 15:00:00,222.43429374121067
2011-05-27 16:00:00,337.1009513260434
2011-05-27 17:00:00,517.2468519553362
2011-05-27 18:00:00,435.90088346230925
2011-05-27 19:00:00,291.94973556779877
2011-05-27 20:00:00,222.43104057783407
2011-05-27 21:00:00,145.09855340661622
2011-05-27 22:00:00,135.60774549412025
2011-05-27 23:00:00,98.24367908149773
2011-05-28 00:00:00,101.90736445559264
2011-05-28 01:00:00,84.16392108932041
2011-05-28 02:00:00,59.358373882292305
2011-05-28 03:00:00,27.77835256777138
2011-05-28 04:00:00,5.11834515402678
2011-05-28 05:00:00,7.0575371978549155
2011-05-28 06:00:00,25.505357030632094
2011-05-28 07:00:00,54.34223740817334
2011-05-28 08:00:00,113.55157113616194
2011-05-28 09:00:00,192.00887975370478
2011-05-28 10:00:00,270.49271133103736
2011-05-28 11:00:00,366.15482564161005
2011-05-28 12:00:00,379.4511311604598
2011-05-28 13:00:00,380.80379200052755
2011-05-28 14:00:00,369.5339813696678
2011-05-28 15:00:00,388.02170147782897
2011-05-28 16:00:00,406.12861021268617
2011-05-28 17:00:00,387.94359185575047
2011-05-28 18:00:00,347.2275667542635
2011-05-28 19:00:00,309.31361972345474
2011-05-28 20:00:00,252.43887236349195
2011-05-28 21:00:00,180.24446765504715
2011-05-28 22:00:00,162.10487898717366
2011-05-28 23:00:00,133.29355347725306
2011-05-29 00:00:00,105.85699841247164
2011-05-29 01:00:00,84.83213672162867
2011-05-29 02:00:00,63.81247325661944
2011-05-29 03:00:00,27.354928886913406
2011-05-29 04:00:00,8.777619356641459
2011-05-29 05:00:00,8.472619088411225
2011-05-29 06:00:00,13.520007628639911
2011-05-29 07:00:00,44.89723596086328
2011-05-29 08:00:00,73.85250294122955
2011-05-29 09:00:00,68.9138490360697
2011-05-29 10:00:00,195.58111411508946
2011-05-29 11:00:00,222.57229214229386
2011-05-29 12:00:00,358.3780435717534
2011-05-29 13:00:00,366.0199470748587
2011-05-29 14:00:00,350.9154534965571
2011-05-29 15:00:00,355.8827972901859
2011-05-29 16:00:00,354.3944591726684
2011-05-29 17:00:00,358.804354351488
2011-05-29 18:00:00,270.66031935860957
2011-05-29 19:00:00,271.6630978889067
2011-05-29 20:00:00,207.22328128149712
2011-05-29 21:00:00,156.53945162355595
2011-05-29 22:00:00,122.25156016970803
2011-05-29 23:00:00,96.24665232148226
2011-05-30 00:00:00,36.420994707972945
2011-05-30 01:00:00,46.74638727025111
2011-05-30 02:00:00,37.148277197161086
2011-05-30 03:00:00,13.313886833066896
2011-05-30 04:00:00,7.254002832524471
2011-05-30 05:00:00,8.133884593680277
2011-05-30 06:00:00,21.805951320459506
2011-05-30 07:00:00,80.30325712151574
2011-05-30 08:00:00,115.52130318153678
2011-05-30 09:00:00,221.657833784241
2011-05-30 10:00:00,282.15232124983766
2011-05-30 11:00:00,365.39146722093204
2011-05-30 12:00:00,371.52365347303464
2011-05-30 13:00:00,369.1711683595852
2011-05-30 14:00:00,362.6644902139478
2011-05-30 15:00:00,352.5158976102528
2011-05-30 16:00:00,298.18629513101257
2011-05-30 17:00:00,464.61142082897163
2011-05-30 18:00:00,447.3102686148026
2011-05-30 19:00:00,315.6136199137955
2011-05-30 20:00:00,296.0117267334384
2011-05-30 21:00:00,294.4285848844532
2011-05-30 22:00:00,180.28797442485347
2011-05-30 23:00:00,83.2179350142368
2011-05-31 00:00:00,38.13967689241911
2011-05-31 01:00:00,16.129699715512334
2011-05-31 02:00:00,7.815142266377638
2011-05-31 03:00:00,3.9649470281670505
2011-05-31 04:00:00,5.417640914406158
2011-05-31 05:00:00,19.373649480759056
2011-05-31 06:00:00,110.89918039987036
2011-05-31 07:00:00,283.2900906540982
2011-05-31 08:00:00,409.4607771382561
2011-05-31 09:00:00,187.4871755086994
2011-05-31 10:00:00,120.362705870239
2011-05-31 11:00:00,143.67087495748387
2011-05-31 12:00:00,153.61358260130166
2011-05-31 13:00:00,153.3906381558402
2011-05-31 14:00:00,147.44872122626916
2011-05-31 15:00:00,153.81886900914515
2011-05-31 16:00:00,237.09929963471575
2011-05-31 17:00:00,509.47465029874553
2011-05-31 18:00:00,508.5132914003262
2011-05-31 19:00:00,379.39661143813646
2011-05-31 20:00:00,258.8277336124161
2011-05-31 21:00:00,194.6145500302896
2011-05-31 22:00:00,151.81149137867084
2011-05-31 23:00:00,78.12660518614088
2011-06-20 00:00:00,34.00563586563726
2011-06-20 01:00:00,12.340933988254282
2011-06-20 02:00:00,7.485642149062993
2011-06-20 03:00:00,3.5585599202948446
2011-06-20 04:00:00,4.326990651812988
2011-06-20 05:00:00,14.590899864091854
2011-06-20 06:00:00,82.20260896673548
2011-06-20 07:00:00,138.57762896785917
2011-06-20 08:00:00,236.3274291835866
2011-06-20 09:00:00,208.5456259992043
2011-06-20 10:00:00,123.85280669245839
2011-06-20 11:00:00,129.40976651042166
2011-06-20 12:00:00,175.9748176905167
2011-06-20 13:00:00,180.23496916898108
2011-06-20 14:00:00,177.88508017636045
2011-06-20 15:00:00,180.80797375251194
2011-06-20 16:00:00,303.8610848882745
2011-06-20 17:00:00,486.734933763609
2011-06-20 18:00:00,522.0357310075597
2011-06-20 19:00:00,386.3440555371788
2011-06-20 20:00:00,266.8345054799174
2011-06-20 21:00:00,190.34769079691856
2011-06-20 22:00:00,117.1972556571103
2011-06-20 23:00:00,80.65459940759794
2011-06-21 00:00:00,33.9107330042615
2011-06-21 01:00:00,10.839893336461751
2011-06-21 02:00:00,6.208166375374989
2011-06-21 03:00:00,4.2445396448603505
2011-06-21 04:00:00,5.131564432291708
2011-06-21 05:00:00,21.053168262174943
2011-06-21 06:00:00,107.50073987647536
2011-06-21 07:00:00,162.95139938182987
2011-06-21 08:00:00,345.6548219591964
2011-06-21 09:00:00,194.2439961768938
2011-06-21 10:00:00,123.76282081081384
2011-06-21 11:00:00,129.25830176656746
2011-06-21 12:00:00,163.33359806970026
2011-06-21 13:00:00,167.311398399322
2011-06-21 14:00:00,161.69541888057762
2011-06-21 15:00:00,168.3910977253259
2011-06-21 16:00:00,291.8672072977212
2011-06-21 17:00:00,554.8826400370904
2011-06-21 18:00:00,507.2465699697221
2011-06-21 19:00:00,360.6903554915481
2011-06-21 20:00:00,223.6886626359183
2011-06-21 21:00:00,198.91437340935425
2011-06-21 22:00:00,156.29238380242873
2011-06-21 23:00:00,87.55198906991014
2011-06-22 00:00:00,36.550193849294516
2011-06-22 01:00:00,16.75989425222344
2011-06-22 02:00:00,7.096381331679573
2011-06-22 03:00:00,4.811333926063444
2011-06-22 04:00:00,5.205929454984771
2011-06-22 05:00:00,19.966504329583273
2011-06-22 06:00:00,108.19435127302224
2011-06-22 07:00:00,296.89392688394554
2011-06-22 08:00:00,401.2119421216131
2011-06-22 09:00:00,199.88025430219605
2011-06-22 10:00:00,122.20468773097153
2011-06-22 11:00:00,146.97980531157094
2011-06-22 12:00:00,171.31606333731617
2011-06-22 13:00:00,154.8568334229095
2011-06-22 14:00:00,161.06283139935863
2011-06-22 15:00:00,157.56334366339067
2011-06-22 16:00:00,264.6325945086787
2011-06-22 17:00:00,532.5909998773182
2011-06-22 18:00:00,511.6090367728976
2011-06-22 19:00:00,368.4159295164995
2011-06-22 20:00:00,258.7680502716838
2011-06-22 21:00:00,191.28841960598777
2011-06-22 22:00:00,156.48608599784754
2011-06-22 23:00:00,91.36888228696591
2011-06-23 00:00:00,46.70442844429988
2011-06-23 01:00:00,19.222725257857824
2011-06-23 02:00:00,9.320537509532876
2011-06-23 03:00:00,4.467244568615742
2011-06-23 04:00:00,5.428075339186092
2011-06-23 05:00:00,21.72619820239491
2011-06-23 06:00:00,118.23560534845686
2011-06-23 07:00:00,301.9255235113433
2011-06-23 08:00:00,395.2847555204395
2011-06-23 09:00:00,212.60728632563863
2011-06-23 10:00:00,120.4489703866549
2011-06-23 11:00:00,121.85240114742484
2011-06-23 12:00:00,171.6129038774077
2011-06-23 13:00:00,175.22661374624693
2011-06-23 14:00:00,164.74357071078032
2011-06-23 15:00:00,167.0727526339027
2011-06-23 16:00:00,289.8523571252331
2011-06-23 17:00:00,528.551328519142
2011-06-23 18:00:00,509.0716438436341
2011-06-23 19:00:00,356.9694451849748
2011-06-23 20:00:00,268.0700560440231
2011-06-23 21:00:00,197.4807864537588
2011-06-23 22:00:00,153.62761102917068
2011-06-23 23:00:00,119.35336467608325
2011-06-24 00:00:00,48.291434280657214
2011-06-24 01:00:00,21.0040852443924
2011-06-24 02:00:00,11.266699698586278
2011-06-24 03:00:00,5.148015492079214
2011-06-24 04:00:00,5.288922426624776
2011-06-24 05:00:00,20.708408426898785
2011-06-24 06:00:00,97.16534779422875
2011-06-24 07:00:00,260.19408779759937
2011-06-24 08:00:00,396.14478374570126
2011-06-24 09:00:00,218.26205393890763
2011-06-24 10:00:00,140.28499352496272
2011-06-24 11:00:00,154.4988533456173
2011-06-24 12:00:00,215.21821225516607
2011-06-24 13:00:00,216.82838430699326
2011-06-24 14:00:00,225.5077660934335
2011-06-24 15:00:00,205.00478279570223
2011-06-24 16:00:00,338.2935392055759
2011-06-24 17:00:00,550.3388685624866
2011-06-24 18:00:00,490.99877938863096
2011-06-24 19:00:00,358.0409481033066
2011-06-24 20:00:00,274.1691296671483
2011-06-24 21:00:00,230.3202767850896
2011-06-24 22:00:00,192.52560447065025
2011-06-24 23:00:00,146.33987916507598
2011-06-25 00:00:00,114.65707711170268
2011-06-25 01:00:00,80.39247158530974
2011-06-25 02:00:00,75.45882335522188
2011-06-25 03:00:00,30.488349901509796
2011-06-25 04:00:00,7.447525902789173
2011-06-25 05:00:00,9.764639056612902
2011-06-25 06:00:00,29.47866053344502
2011-06-25 07:00:00,65.2401242002883
2011-06-25 08:00:00,136.35810777787853
2011-06-25 09:00:00,203.79780454838027
2011-06-25 10:00:00,290.54407951491197
2011-06-25 11:00:00,380.29379529192454
2011-06-25 12:00:00,401.94968363786376
2011-06-25 13:00:00,403.0189238093497
2011-06-25 14:00:00,404.2849278711568
2011-06-25 15:00:00,388.6322121063929
2011-06-25 16:00:00,397.18997779831113
2011-06-25 17:00:00,431.24675355725003
2011-06-25 18:00:00,385.23137971984323
2011-06-25 19:00:00,358.2578456799289
2011-06-25 20:00:00,271.93439143092536
2011-06-25 21:00:00,228.19263459993033
2011-06-25 22:00:00,191.4691815092345
2011-06-25 23:00:00,131.2505554664983
2011-06-26 00:00:00,96.22057032131832
2011-06-26 01:00:00,90.03274505420022
2011-06-26 02:00:00,79.66077670238991
2011-06-26 03:00:00,33.26071503611659
2011-06-26 04:00:00,11.377232541475792
2011-06-26 05:00:00,12.361663752617586
2011-06-26 06:00:00,25.750458283906717
2011-06-26 07:00:00,50.405630667424546
2011-06-26 08:00:00,109.98619335594935
2011-06-26 09:00:00,176.1839228805075
2011-06-26 10:00:00,304.0204845864304
2011-06-26 11:00:00,385.16090331114856
2011-06-26 12:00:00,394.83537006529366
2011-06-26 13:00:00,385.6909539021636
2011-06-26 14:00:00,384.2421147777281
2011-06-26 15:00:00,383.228319390548
2011-06-26 16:00:00,397.22181205960345
2011-06-26 17:00:00,409.6346770579901
2011-06-26 18:00:00,377.9650735298364
2011-06-26 19:00:00,348.6479611040128
2011-06-26 20:00:00,240.6040599198577
2011-06-26 21:00:00,207.72609972668306
2011-06-26 22:00:00,184.03716739161302
2011-06-26 23:00:00,86.6266088244697
2011-06-27 00:00:00,31.771442759172484
2011-06-27 01:00:00,10.70905836167673
2011-06-27 02:00:00,6.781581464012194
2011-06-27 03:00:00,4.093634614427518
2011-06-27 04:00:00,5.270410744554997
2011-06-27 05:00:00,21.151103702808804
2011-06-27 06:00:00,110.04201880756057
2011-06-27 07:00:00,306.4347437126657
2011-06-27 08:00:00,382.90215004898016
2011-06-27 09:00:00,203.22784991085626
2011-06-27 10:00:00,118.82008958782303
2011-06-27 11:00:00,154.76029853713757
2011-06-27 12:00:00,168.0065924634442
2011-06-27 13:00:00,169.82468124827054
2011-06-27 14:00:00,164.47844202704346
2011-06-27 15:00:00,167.7190829478333
2011-06-27 16:00:00,293.3192457676828
2011-06-27 17:00:00,561.1399581710294
2011-06-27 18:00:00,488.7064173718621
2011-06-27 19:00:00,391.882065494509
2011-06-27 20:00:00,270.8935267687311
2011-06-27 21:00:00,186.34723796389392
2011-06-27 22:00:00,121.5037839020533
2011-06-27 23:00:00,91.7083189490925
2011-06-28 00:00:00,36.65163983111925
2011-06-28 01:00:00,15.342216521399106
2011-06-28 02:00:00,9.463887847095359
2011-06-28 03:00:00,4.810194008988933
2011-06-28 04:00:00,4.684140564203327
2011-06-28 05:00:00,19.69390435717281
2011-06-28 06:00:00,108.98116811285541
2011-06-28 07:00:00,292.73938652781663
2011-06-28 08:00:00,422.8569768490241
2011-06-28 09:00:00,204.2632779840848
2011-06-28 10:00:00,118.17754665651373
2011-06-28 11:00:00,143.76233437612376
2011-06-28 12:00:00,167.05891485438238
2011-06-28 13:00:00,167.91794265578332
2011-06-28 14:00:00,153.3360082667315
2011-06-28 15:00:00,153.692826288189
2011-06-28 16:00:00,248.34186970128607
2011-06-28 17:00:00,393.4985676004552
2011-06-28 18:00:00,374.80861275234855
2011-06-28 19:00:00,326.0851145326012
2011-06-28 20:00:00,265.2843164526286
2011-06-28 21:00:00,197.81157987631016
2011-06-28 22:00:00,153.99192472398528
2011-06-28 23:00:00,96.36813844520162
2011-06-29 00:00:00,39.047191348429585
2011-06-29 01:00:00,17.401750397658
2011-06-29 02:00:00,8.342440693589712
2011-06-29 03:00:00,4.980396676650622
2011-06-29 04:00:00,5.257968242645926
2011-06-29 05:00:00,21.331850335589323
2011-06-29 06:00:00,112.18851807674645
2011-06-29 07:00:00,304.86570327649906
2011-06-29 08:00:00,422.6659759156658
2011-06-29 09:00:00,205.81686409259646
2011-06-29 10:00:00,118.10022074046256
2011-06-29 11:00:00,158.53455507296843
2011-06-29 12:00:00,187.37588896575414
2011-06-29 13:00:00,186.44621280086392
2011-06-29 14:00:00,164.31536562391108
2011-06-29 15:00:00,167.71753343856892
2011-06-29 16:00:00,295.8337768198156
2011-06-29 17:00:00,559.176110627252
2011-06-29 18:00:00,554.0886674780135
2011-06-29 19:00:00,375.7620654625807
2011-06-29 20:00:00,281.3935370793632
2011-06-29 21:00:00,228.80551941433913
2011-06-29 22:00:00,164.71589798498243
2011-06-29 23:00:00,100.40264287132155
2011-06-30 00:00:00,46.71436482074891
2011-06-30 01:00:00,18.0367975857095
2011-06-30 02:00:00,8.855983758693416
2011-06-30 03:00:00,5.520933530639392
2011-06-30 04:00:00,5.028298854631958
2011-06-30 05:00:00,23.279828281034302
2011-06-30 06:00:00,112.04553264700276
2011-06-30 07:00:00,311.1404664186638
2011-06-30 08:00:00,420.5637465716633
2011-06-30 09:00:00,210.21489824781344
2011-06-30 10:00:00,120.66132464367541
2011-06-30 11:00:00,161.65557938351498
2011-06-30 12:00:00,182.78812957660006
2011-06-30 13:00:00,181.76540077202137
2011-06-30 14:00:00,165.59571371417718
2011-06-30 15:00:00,173.86456931539144
2011-06-30 16:00:00,292.48715603629836
2011-06-30 17:00:00,572.5144054482315
2011-06-30 18:00:00,545.5388674263695
2011-06-30 19:00:00,384.4482737393988
2011-06-30 20:00:00,282.20334969815235
2011-06-30 21:00:00,226.63218456728382
2011-06-30 22:00:00,166.83246516049996
2011-06-30 23:00:00,127.12773502238973
2011-07-20 00:00:00,40.721029360002916
2011-07-20 01:00:00,16.47910275829177
2011-07-20 02:00:00,7.551203634601029
2011-07-20 03:00:00,5.196966736626706
2011-07-20 04:00:00,5.641286070641552
2011-07-20 05:00:00,20.744774235682012
2011-07-20 06:00:00,114.350940387327
2011-07-20 07:00:00,287.8272424370738
2011-07-20 08:00:00,401.2435845838991
2011-07-20 09:00:00,204.84502078675536
2011-07-20 10:00:00,114.30812765567677
2011-07-20 11:00:00,141.36575602708498
2011-07-20 12:00:00,157.81890585856192
2011-07-20 13:00:00,154.8169878190155
2011-07-20 14:00:00,156.49527556581282
2011-07-20 15:00:00,157.3505377209159
2011-07-20 16:00:00,252.46188583968853
2011-07-20 17:00:00,485.24051256389083
2011-07-20 18:00:00,486.54844384937905
2011-07-20 19:00:00,381.976745836196
2011-07-20 20:00:00,262.6428526331893
2011-07-20 21:00:00,207.70125469742973
2011-07-20 22:00:00,159.69526655005228
2011-07-20 23:00:00,92.71981666623698
2011-07-21 00:00:00,50.399485195399166
2011-07-21 01:00:00,17.888186678634
2011-07-21 02:00:00,7.519263189381228
2011-07-21 03:00:00,3.9983689919706356
2011-07-21 04:00:00,4.57951854125442
2011-07-21 05:00:00,21.229170470443023
2011-07-21 06:00:00,115.56024853030097
2011-07-21 07:00:00,295.16745794159823
2011-07-21 08:00:00,418.10770123848886
2011-07-21 09:00:00,200.48437863061315
2011-07-21 10:00:00,119.41286087802075
2011-07-21 11:00:00,135.58015023342966
2011-07-21 12:00:00,145.98646121349776
2011-07-21 13:00:00,145.0659593892611
2011-07-21 14:00:00,141.567133015319
2011-07-21 15:00:00,144.76577394479798
2011-07-21 16:00:00,243.6335112543384
2011-07-21 17:00:00,454.33288664857366
2011-07-21 18:00:00,456.6118417460677
2011-07-21 19:00:00,363.81053101261136
2011-07-21 20:00:00,259.43609398603195
2011-07-21 21:00:00,201.6546017939193
2011-07-21 22:00:00,165.7758208429143
2011-07-21 23:00:00,115.15025892436084
2011-07-22 00:00:00,60.43851246834492
2011-07-22 01:00:00,27.074208695606902
2011-07-22 02:00:00,18.848314473254064
2011-07-22 03:00:00,3.965854520387663
2011-07-22 04:00:00,4.4922722920513145
2011-07-22 05:00:00,20.352674464110883
2011-07-22 06:00:00,102.22077867980605
2011-07-22 07:00:00,274.7278517270132
2011-07-22 08:00:00,397.85196670254993
2011-07-22 09:00:00,213.0593560507014
2011-07-22 10:00:00,139.27433314939645
2011-07-22 11:00:00,149.9464157941203
2011-07-22 12:00:00,200.281464369256
2011-07-22 13:00:00,198.6958522985507
2011-07-22 14:00:00,195.4659139235854
2011-07-22 15:00:00,185.0221226990705
2011-07-22 16:00:00,292.6436744280963
2011-07-22 17:00:00,485.8675885876704
2011-07-22 18:00:00,460.09519700346834
2011-07-22 19:00:00,349.47956351150174
2011-07-22 20:00:00,262.03506017639705
2011-07-22 21:00:00,206.60765834485255
2011-07-22 22:00:00,185.4915050959725
2011-07-22 23:00:00,137.23885237337555
2011-07-23 00:00:00,99.90246325914676
2011-07-23 01:00:00,79.81959348256603
2011-07-23 02:00:00,75.4246690437405
2011-07-23 03:00:00,29.86646861950001
2011-07-23 04:00:00,10.21098200550548
2011-07-23 05:00:00,10.522923534018044
2011-07-23 06:00:00,32.04748367055562
2011-07-23 07:00:00,66.603084413457
2011-07-23 08:00:00,146.80497481826802
2011-07-23 09:00:00,212.5557678699627
2011-07-23 10:00:00,286.2240656095228
2011-07-23 11:00:00,337.0902282872037
2011-07-23 12:00:00,363.8652085656016
2011-07-23 13:00:00,352.20142258182403
2011-07-23 14:00:00,351.8467378287315
2011-07-23 15:00:00,353.9569365170413
2011-07-23 16:00:00,380.99941851181944
2011-07-23 17:00:00,423.92467670959456
2011-07-23 18:00:00,395.30768006110026
2011-07-23 19:00:00,338.9810307773493
2011-07-23 20:00:00,260.63770242841395
2011-07-23 21:00:00,222.0578425896677
2011-07-23 22:00:00,188.30816170927852
2011-07-23 23:00:00,135.647169767596
2011-07-24 00:00:00,103.59896132580465
2011-07-24 01:00:00,80.12925752281674
2011-07-24 02:00:00,83.7541466939233
2011-07-24 03:00:00,33.11586585968729
2011-07-24 04:00:00,10.918576421869421
2011-07-24 05:00:00,11.505925515944197
2011-07-24 06:00:00,25.13661518495629
2011-07-24 07:00:00,56.58205756509795
2011-07-24 08:00:00,127.43811843129087
2011-07-24 09:00:00,184.72792492184962
2011-07-24 10:00:00,280.0254662599951
2011-07-24 11:00:00,342.95061568450126
2011-07-24 12:00:00,365.3541418896267
2011-07-24 13:00:00,356.23732682387174
2011-07-24 14:00:00,342.51982695461487
2011-07-24 15:00:00,342.61493715132383
2011-07-24 16:00:00,368.80830105649824
2011-07-24 17:00:00,415.96528475825454
2011-07-24 18:00:00,393.88115989893413
2011-07-24 19:00:00,360.3311735752111
2011-07-24 20:00:00,252.48141273786771
2011-07-24 21:00:00,215.80506998154078
2011-07-24 22:00:00,155.10176288792397
2011-07-24 23:00:00,81.23537001647398
2011-07-25 00:00:00,41.751397408416565
2011-07-25 01:00:00,15.428613896057495
2011-07-25 02:00:00,7.366368025298627
2011-07-25 03:00:00,4.03530498684918
2011-07-25 04:00:00,4.532089419073864
2011-07-25 05:00:00,19.738389362013226
2011-07-25 06:00:00,114.9474112170978
2011-07-25 07:00:00,295.9342810540195
2011-07-25 08:00:00,389.9180735194957
2011-07-25 09:00:00,189.89459991212237
2011-07-25 10:00:00,117.76785332649277
2011-07-25 11:00:00,134.40935180903378
2011-07-25 12:00:00,160.04924313037733
2011-07-25 13:00:00,156.88898498336167
2011-07-25 14:00:00,134.34094365280623
2011-07-25 15:00:00,141.18703242883748
2011-07-25 16:00:00,247.70543706308365
2011-07-25 17:00:00,481.19581824431606
2011-07-25 18:00:00,477.4374265278982
2011-07-25 19:00:00,385.6530511388258
2011-07-25 20:00:00,259.02465615740476
2011-07-25 21:00:00,147.62050043443813
2011-07-25 22:00:00,119.05747657321848
2011-07-25 23:00:00,74.7091991386037
2011-07-26 00:00:00,45.088686209622296
2011-07-26 01:00:00,18.209663273568708
2011-07-26 02:00:00,8.516768786124684
2011-07-26 03:00:00,5.311666344823203
2011-07-26 04:00:00,5.456504997060568
2011-07-26 05:00:00,20.216624078876798
2011-07-26 06:00:00,110.23423646238355
2011-07-26 07:00:00,303.44735169702903
2011-07-26 08:00:00,407.9546730534691
2011-07-26 09:00:00,199.00165134437424
2011-07-26 10:00:00,121.40003901322828
2011-07-26 11:00:00,158.13709440759843
2011-07-26 12:00:00,179.86761978775718
2011-07-26 13:00:00,184.26280664492316
2011-07-26 14:00:00,168.95033613747512
2011-07-26 15:00:00,177.21107560282465
2011-07-26 16:00:00,282.96326508704686
2011-07-26 17:00:00,559.2208951627242
2011-07-26 18:00:00,552.300124486777
2011-07-26 19:00:00,373.55046187204954
2011-07-26 20:00:00,273.95774657514625
2011-07-26 21:00:00,232.52004898409007
2011-07-26 22:00:00,159.97077259013804
2011-07-26 23:00:00,86.14821533856865
2011-07-27 00:00:00,44.82933931453524
2011-07-27 01:00:00,16.194330985749197
2011-07-27 02:00:00,9.27600069944431
2011-07-27 03:00:00,4.506041011048782
2011-07-27 04:00:00,4.74483217353786
2011-07-27 05:00:00,23.265427938330784
2011-07-27 06:00:00,116.54748729930773
2011-07-27 07:00:00,296.69460063799283
2011-07-27 08:00:00,417.0913568153543
2011-07-27 09:00:00,200.32069541317367
2011-07-27 10:00:00,116.90746517167725
2011-07-27 11:00:00,162.87676975768784
2011-07-27 12:00:00,193.32989900426918
2011-07-27 13:00:00,186.8913152672194
2011-07-27 14:00:00,167.3928072820203
2011-07-27 15:00:00,172.32286419979562
2011-07-27 16:00:00,281.18918580682487
2011-07-27 17:00:00,560.0410020407566
2011-07-27 18:00:00,557.8374774738576
2011-07-27 19:00:00,390.6575082736766
2011-07-27 20:00:00,286.28967866602875
2011-07-27 21:00:00,229.52041505758925
2011-07-27 22:00:00,161.77033821440102
2011-07-27 23:00:00,95.90667600324105
2011-07-28 00:00:00,50.87365044236642
2011-07-28 01:00:00,18.37073252427298
2011-07-28 02:00:00,9.001124672856948
2011-07-28 03:00:00,4.700896203936338
2011-07-28 04:00:00,5.312983115025416
2011-07-28 05:00:00,21.08471631659049
2011-07-28 06:00:00,114.74906251850123
2011-07-28 07:00:00,300.3206050933841
2011-07-28 08:00:00,396.79787808392507
2011-07-28 09:00:00,196.76825779169644
2011-07-28 10:00:00,117.6719354249231
2011-07-28 11:00:00,135.6752168840352
2011-07-28 12:00:00,152.1872072529569
2011-07-28 13:00:00,147.8107536583218
2011-07-28 14:00:00,151.738174955444
2011-07-28 15:00:00,148.7270807675955
2011-07-28 16:00:00,243.39100778904717
2011-07-28 17:00:00,505.4096152969039
2011-07-28 18:00:00,476.14202797177256
2011-07-28 19:00:00,368.0721936880107
2011-07-28 20:00:00,258.6424756859018
2011-07-28 21:00:00,199.8153973750151
2011-07-28 22:00:00,154.7163189761269
2011-07-28 23:00:00,113.74765183788894
2011-07-29 00:00:00,49.4502336836844
2011-07-29 01:00:00,25.617415483872602
2011-07-29 02:00:00,18.195675082069222
2011-07-29 03:00:00,3.921415623585578
2011-07-29 04:00:00,4.8128794371380845
2011-07-29 05:00:00,19.766060466398354
2011-07-29 06:00:00,98.70675363516924
2011-07-29 07:00:00,270.9461725835131
2011-07-29 08:00:00,398.11473517866136
2011-07-29 09:00:00,215.39331381393515
2011-07-29 10:00:00,142.51127026355613
2011-07-29 11:00:00,152.64639834523192
2011-07-29 12:00:00,199.25800027504704
2011-07-29 13:00:00,203.42928383959904
2011-07-29 14:00:00,200.30137678542206
2011-07-29 15:00:00,190.35624064084487
2011-07-29 16:00:00,292.8473606250416
2011-07-29 17:00:00,481.6525237076953
2011-07-29 18:00:00,460.24621565393335
2011-07-29 19:00:00,357.68074735965297
2011-07-29 20:00:00,265.0517574561439
2011-07-29 21:00:00,237.06136061686226
2011-07-29 22:00:00,186.154443719612
2011-07-29 23:00:00,135.5127193212673
2011-07-30 00:00:00,123.44633711967832
2011-07-30 01:00:00,78.82138555982466
2011-07-30 02:00:00,76.42281543777467
2011-07-30 03:00:00,31.525482743630583
2011-07-30 04:00:00,8.899691682521171
2011-07-30 05:00:00,9.100172311285734
2011-07-30 06:00:00,28.1986170829608
2011-07-30 07:00:00,55.52950729545326
2011-07-30 08:00:00,141.76836493380767
2011-07-30 09:00:00,224.25992477529647
2011-07-30 10:00:00,289.7319488938746
2011-07-30 11:00:00,350.6431057071746
2011-07-30 12:00:00,378.58872223871515
2011-07-30 13:00:00,374.1913572088258
2011-07-30 14:00:00,357.2888420690785
2011-07-30 15:00:00,349.22447788280243
2011-07-30 16:00:00,375.4880736293393
2011-07-30 17:00:00,415.9284482936915
2011-07-30 18:00:00,367.44190449716575
2011-07-30 19:00:00,353.23161202097504
2011-07-30 20:00:00,247.47824200095656
2011-07-30 21:00:00,236.2647804334171
2011-07-30 22:00:00,184.54537941186697
2011-07-30 23:00:00,136.42198679046766
2011-07-31 00:00:00,103.51480020295087
2011-07-31 01:00:00,78.62405494424384
2011-07-31 02:00:00,85.43793140431781
2011-07-31 03:00:00,32.50397967230499
2011-07-31 04:00:00,11.040699083888402
2011-07-31 05:00:00,12.268161343185838
2011-07-31 06:00:00,25.97867485027658
2011-07-31 07:00:00,60.10424189837148
2011-07-31 08:00:00,122.02508586272506
2011-07-31 09:00:00,188.45933074637023
2011-07-31 10:00:00,285.50430640411605
2011-07-31 11:00:00,349.5280105954008
2011-07-31 12:00:00,375.6127455527865
2011-07-31 13:00:00,369.0158411541033
2011-07-31 14:00:00,353.9482938474154
2011-07-31 15:00:00,349.841368985219
2011-07-31 16:00:00,364.9761395604743
2011-07-31 17:00:00,387.79085473010036
2011-07-31 18:00:00,393.2407411287147
2011-07-31 19:00:00,339.58271983058194
2011-07-31 20:00:00,254.10610509155154
2011-07-31 21:00:00,211.1748278983585
2011-07-31 22:00:00,153.48744155917606
2011-07-31 23:00:00,82.31491118791422
2011-08-20 00:00:00,104.81771468807128
2011-08-20 01:00:00,84.14954250984022
2011-08-20 02:00:00,68.64643830381718
2011-08-20 03:00:00,32.14331109845276
2011-08-20 04:00:00,8.968841516622554
2011-08-20 05:00:00,11.121681775992029
2011-08-20 06:00:00,25.25856791702723
2011-08-20 07:00:00,53.665978550764315
2011-08-20 08:00:00,114.6925605989042
2011-08-20 09:00:00,204.72963396821376
2011-08-20 10:00:00,286.2890775862928
2011-08-20 11:00:00,371.87885258198037
2011-08-20 12:00:00,373.57369926747015
2011-08-20 13:00:00,362.2683365271824
2011-08-20 14:00:00,370.1614651586551
2011-08-20 15:00:00,367.31270414761025
2011-08-20 16:00:00,379.1466004650276
2011-08-20 17:00:00,400.30668044172586
2011-08-20 18:00:00,373.4589683329372
2011-08-20 19:00:00,337.91483692809163
2011-08-20 20:00:00,250.59325609454282
2011-08-20 21:00:00,197.08946966974617
2011-08-20 22:00:00,154.86762214549933
2011-08-20 23:00:00,127.48826970861744
2011-08-21 00:00:00,119.97876188933228
2011-08-21 01:00:00,77.73818998766632
2011-08-21 02:00:00,84.34417850017788
2011-08-21 03:00:00,38.255765042530285
2011-08-21 04:00:00,6.492499481612977
2011-08-21 05:00:00,7.682673246426917
2011-08-21 06:00:00,11.626868058163334
2011-08-21 07:00:00,53.9706133791112
2011-08-21 08:00:00,98.26657592974107
2011-08-21 09:00:00,187.86894934940193
2011-08-21 10:00:00,281.8959244785701
2011-08-21 11:00:00,333.7429260905742
2011-08-21 12:00:00,355.26307643334644
2011-08-21 13:00:00,379.56757622589663
2011-08-21 14:00:00,199.1028370094744
2011-08-21 15:00:00,208.9690215152999
2011-08-21 16:00:00,273.67645658699536
2011-08-21 17:00:00,235.96787809176263
2011-08-21 18:00:00,231.4126488715459
2011-08-21 19:00:00,329.97361524048085
2011-08-21 20:00:00,207.53596089084812
2011-08-21 21:00:00,176.95365583148697
2011-08-21 22:00:00,148.05941349069832
2011-08-21 23:00:00,83.57579810561981
2011-08-22 00:00:00,38.47217736017318
2011-08-22 01:00:00,17.20289493588906
2011-08-22 02:00:00,9.381960107083877
2011-08-22 03:00:00,4.218408832189705
2011-08-22 04:00:00,5.692524769710373
2011-08-22 05:00:00,23.76840306928928
2011-08-22 06:00:00,110.64341685040927
2011-08-22 07:00:00,298.77263599880314
2011-08-22 08:00:00,375.7366255222778
2011-08-22 09:00:00,198.95389727879194
2011-08-22 10:00:00,121.5396460615511
2011-08-22 11:00:00,156.96583232124627
2011-08-22 12:00:00,195.18322268666253
2011-08-22 13:00:00,189.94420273423452
2011-08-22 14:00:00,182.04783520709694
2011-08-22 15:00:00,182.48254198427054
2011-08-22 16:00:00,304.1091379191956
2011-08-22 17:00:00,575.9833977249468
2011-08-22 18:00:00,554.7721265007767
2011-08-22 19:00:00,393.13732719759804
2011-08-22 20:00:00,287.65572351448327
2011-08-22 21:00:00,220.7846074492678
2011-08-22 22:00:00,132.32650518554956
2011-08-22 23:00:00,92.01245991347653
2011-08-23 00:00:00,32.53882186068907
2011-08-23 01:00:00,14.13667722389607
2011-08-23 02:00:00,9.01596430384418
2011-08-23 03:00:00,3.5190557836535286
2011-08-23 04:00:00,4.7073026061875245
2011-08-23 05:00:00,22.190717938683683
2011-08-23 06:00:00,111.82114259962842
2011-08-23 07:00:00,306.5851631939664
2011-08-23 08:00:00,420.5689186066754
2011-08-23 09:00:00,209.69599251196848
2011-08-23 10:00:00,116.58460223751459
2011-08-23 11:00:00,161.24326165615525
2011-08-23 12:00:00,205.2010527551151
2011-08-23 13:00:00,192.8112680355643
2011-08-23 14:00:00,178.15618892576194
2011-08-23 15:00:00,182.4126281937081
2011-08-23 16:00:00,305.1922804552295
2011-08-23 17:00:00,582.81500259701
2011-08-23 18:00:00,562.0884969436727
2011-08-23 19:00:00,385.3448219439681
2011-08-23 20:00:00,281.71762941236955
2011-08-23 21:00:00,187.8393926025038
2011-08-23 22:00:00,152.6571558946245
2011-08-23 23:00:00,88.45672380697286
2011-08-24 00:00:00,35.41601355140803
2011-08-24 01:00:00,16.272048758091636
2011-08-24 02:00:00,7.5420770632551575
2011-08-24 03:00:00,4.495202420580827
2011-08-24 04:00:00,5.29222090225376
2011-08-24 05:00:00,21.35127069479878
2011-08-24 06:00:00,106.97411902106627
2011-08-24 07:00:00,311.33526499433043
2011-08-24 08:00:00,395.919559416114
2011-08-24 09:00:00,213.64647224069466
2011-08-24 10:00:00,118.38743373677259
2011-08-24 11:00:00,148.82136044705447
2011-08-24 12:00:00,183.08117217289507
2011-08-24 13:00:00,185.31845329419784
2011-08-24 14:00:00,175.49359373880327
2011-08-24 15:00:00,179.07065886631582
2011-08-24 16:00:00,289.95563191364124
2011-08-24 17:00:00,573.4101612475879
2011-08-24 18:00:00,541.1898117240237
2011-08-24 19:00:00,366.3909341516786
2011-08-24 20:00:00,265.98942350042944
2011-08-24 21:00:00,193.60309812496996
2011-08-24 22:00:00,151.2586822337461
2011-08-24 23:00:00,100.57832640967462
2011-08-25 00:00:00,46.383363566805116
2011-08-25 01:00:00,19.509391704796606
2011-08-25 02:00:00,7.606155077848822
2011-08-25 03:00:00,5.073601959500683
2011-08-25 04:00:00,5.3836433004758995
2011-08-25 05:00:00,23.201207470746155
2011-08-25 06:00:00,99.62849275341584
2011-08-25 07:00:00,281.58819920438617
2011-08-25 08:00:00,391.9259829502167
2011-08-25 09:00:00,222.0210712363626
2011-08-25 10:00:00,120.5182169894599
2011-08-25 11:00:00,74.96356166518765
2011-08-25 12:00:00,80.26998707750016
2011-08-25 13:00:00,137.54310615029553
2011-08-25 14:00:00,150.6029727145843
2011-08-25 15:00:00,162.16058512559158
2011-08-25 16:00:00,239.29507884492102
2011-08-25 17:00:00,309.6685053657919
2011-08-25 18:00:00,308.3186468838349
2011-08-25 19:00:00,316.721023991917
2011-08-25 20:00:00,205.88130289049775
2011-08-25 21:00:00,180.12226688633513
2011-08-25 22:00:00,133.18075397043742
2011-08-25 23:00:00,115.55687646238863
2011-08-26 00:00:00,45.88398207399544
2011-08-26 01:00:00,21.414113681585434
2011-08-26 02:00:00,11.448847658842723
2011-08-26 03:00:00,5.011490269758716
2011-08-26 04:00:00,5.890852772150832
2011-08-26 05:00:00,20.197894165978415
2011-08-26 06:00:00,92.63240850502756
2011-08-26 07:00:00,260.1053691834058
2011-08-26 08:00:00,390.82266307884123
2011-08-26 09:00:00,205.49423932052702
2011-08-26 10:00:00,153.35342895263832
2011-08-26 11:00:00,154.33904581045707
2011-08-26 12:00:00,219.5472288740584
2011-08-26 13:00:00,226.11082830916732
2011-08-26 14:00:00,214.9259311414297
2011-08-26 15:00:00,216.59916264580445
2011-08-26 16:00:00,322.2391073207658
2011-08-26 17:00:00,472.25764921766046
2011-08-26 18:00:00,412.9996381588662
2011-08-26 19:00:00,309.73930592746564
2011-08-26 20:00:00,207.13770092995122
2011-08-26 21:00:00,174.62096757760585
2011-08-26 22:00:00,153.2306263713536
2011-08-26 23:00:00,117.86476904706808
2011-08-27 00:00:00,104.89384030622114
2011-08-27 01:00:00,76.86309319641624
2011-08-27 02:00:00,76.08537492596578
2011-08-27 03:00:00,37.06697087402841
2011-08-27 04:00:00,6.78552814834068
2011-08-27 05:00:00,8.735393908454835
2011-08-27 06:00:00,18.940619805435784
2011-08-27 07:00:00,59.11055027912436
2011-08-27 08:00:00,115.9288296052555
2011-08-27 09:00:00,152.78610102560756
2011-08-27 10:00:00,221.22785797377458
2011-08-27 11:00:00,128.57421346552053
2011-08-27 12:00:00,154.6038754823542
2011-08-27 13:00:00,171.59632876676213
2011-08-27 14:00:00,110.34677327851946
2011-08-27 15:00:00,111.49356774520461
2011-08-27 16:00:00,112.1580123795341
2011-08-27 17:00:00,98.79276138891615
2011-08-28 07:00:00,73.25439398601111
2011-08-28 08:00:00,118.33882843433605
2011-08-28 09:00:00,181.41585729956205
2011-08-28 10:00:00,271.80196616978964
2011-08-28 11:00:00,357.6025767199551
2011-08-28 12:00:00,391.94426611845836
2011-08-28 13:00:00,420.3566904162066
2011-08-28 14:00:00,376.2455586373187
2011-08-28 15:00:00,376.89322511013205
2011-08-28 16:00:00,370.1931187500491
2011-08-28 17:00:00,421.24887651524034
2011-08-28 18:00:00,391.0972424030172
2011-08-28 19:00:00,352.66999101793806
2011-08-28 20:00:00,242.7300242698317
2011-08-28 21:00:00,197.8035081980951
2011-08-28 22:00:00,135.57248625804397
2011-08-28 23:00:00,75.60644116510237
2011-08-29 00:00:00,34.17990501770174
2011-08-29 01:00:00,12.103456873674974
2011-08-29 02:00:00,9.660269904010992
2011-08-29 03:00:00,5.160191797801945
2011-08-29 04:00:00,5.000663803435011
2011-08-29 05:00:00,21.269214641524904
2011-08-29 06:00:00,109.79814902357904
2011-08-29 07:00:00,312.1435367428834
2011-08-29 08:00:00,383.3609450266456
2011-08-29 09:00:00,198.01863492934524
2011-08-29 10:00:00,121.93787426899031
2011-08-29 11:00:00,153.54844472149782
2011-08-29 12:00:00,197.41864562975042
2011-08-29 13:00:00,205.11128662082825
2011-08-29 14:00:00,179.0322102611514
2011-08-29 15:00:00,180.82143958334547
2011-08-29 16:00:00,307.8115129058979
2011-08-29 17:00:00,544.3536109855748
2011-08-29 18:00:00,531.6561712659291
2011-08-29 19:00:00,392.4730505666283
2011-08-29 20:00:00,279.1399334609042
2011-08-29 21:00:00,224.86147779556026
2011-08-29 22:00:00,139.801943524632
2011-08-29 23:00:00,79.21343195049614
2011-08-30 00:00:00,34.11041063311323
2011-08-30 01:00:00,13.315822935426276
2011-08-30 02:00:00,8.947198464128604
2011-08-30 03:00:00,4.303814401811849
2011-08-30 04:00:00,5.143260388665329
2011-08-30 05:00:00,20.210925508839992
2011-08-30 06:00:00,109.03245266869213
2011-08-30 07:00:00,318.17967178714986
2011-08-30 08:00:00,411.6228121628824
2011-08-30 09:00:00,204.10974165751898
2011-08-30 10:00:00,120.39191329833113
2011-08-30 11:00:00,159.24356374348505
2011-08-30 12:00:00,201.55722346234722
2011-08-30 13:00:00,196.68864016710273
2011-08-30 14:00:00,177.6734674586777
2011-08-30 15:00:00,183.3743816030534
2011-08-30 16:00:00,308.72896383906266
2011-08-30 17:00:00,577.5016207179702
2011-08-30 18:00:00,547.468202601974
2011-08-30 19:00:00,381.61053470906893
2011-08-30 20:00:00,276.5191194226625
2011-08-30 21:00:00,183.11638899862982
2011-08-30 22:00:00,151.05335746783442
2011-08-30 23:00:00,90.63425338407544
2011-08-31 00:00:00,30.103568215026275
2011-08-31 01:00:00,15.622337652129978
2011-08-31 02:00:00,8.0339821545645
2011-08-31 03:00:00,4.432508767709424
2011-08-31 04:00:00,5.0212231903104465
2011-08-31 05:00:00,20.83557768690543
2011-08-31 06:00:00,105.98644923784957
2011-08-31 07:00:00,296.4285699425127
2011-08-31 08:00:00,399.3182425759872
2011-08-31 09:00:00,215.62425866229086
2011-08-31 10:00:00,120.12105170343438
2011-08-31 11:00:00,151.6409580467162
2011-08-31 12:00:00,182.98365510570562
2011-08-31 13:00:00,197.1065076401545
2011-08-31 14:00:00,174.67014023227827
2011-08-31 15:00:00,176.15359015076731
2011-08-31 16:00:00,295.0841655847801
2011-08-31 17:00:00,582.451383792918
2011-08-31 18:00:00,536.5246258242646
2011-08-31 19:00:00,367.986734606833
2011-08-31 20:00:00,277.27060550435743
2011-08-31 21:00:00,196.82706588190936
2011-08-31 22:00:00,140.99118025179882
2011-08-31 23:00:00,73.72335483060449
2011-09-20 00:00:00,33.322940814288735
2011-09-20 01:00:00,10.329521880264469
2011-09-20 02:00:00,5.387702227611504
2011-09-20 03:00:00,4.3848205405960625
2011-09-20 04:00:00,4.919185222956247
2011-09-20 05:00:00,22.48966982025624
2011-09-20 06:00:00,102.45700572801925
2011-09-20 07:00:00,247.96815314195982
2011-09-20 08:00:00,167.0681283404587
2011-09-20 09:00:00,147.46230629543354
2011-09-20 10:00:00,115.13924355000806
2011-09-20 11:00:00,111.3611178502858
2011-09-20 12:00:00,95.31030231865411
2011-09-20 13:00:00,94.8323992871524
2011-09-20 14:00:00,141.47823049926734
2011-09-20 15:00:00,164.88340265262912
2011-09-20 16:00:00,260.2588467726521
2011-09-20 17:00:00,325.72955639381223
2011-09-20 18:00:00,322.247055914804
2011-09-20 19:00:00,230.5111477392024
2011-09-20 20:00:00,109.64764927030407
2011-09-20 21:00:00,91.51307381678498
2011-09-20 22:00:00,102.44634437522609
2011-09-20 23:00:00,64.77143007498196
2011-09-21 00:00:00,24.795914858344275
2011-09-21 01:00:00,9.29736729840426
2011-09-21 02:00:00,7.308141919039176
2011-09-21 03:00:00,4.595291017817593
2011-09-21 04:00:00,4.86759789602114
2011-09-21 05:00:00,12.230927202626027
2011-09-21 06:00:00,98.96142576179801
2011-09-21 07:00:00,151.77904782321232
2011-09-21 08:00:00,185.59636369633586
2011-09-21 09:00:00,115.16611068271641
2011-09-21 10:00:00,103.52275550051577
2011-09-21 11:00:00,122.22278691118323
2011-09-21 12:00:00,159.25263561542175
2011-09-21 13:00:00,171.5306990046804
2011-09-21 14:00:00,165.43529730946878
2011-09-21 15:00:00,168.4798218728067
2011-09-21 16:00:00,296.19228017654433
2011-09-21 17:00:00,406.29942616426627
2011-09-21 18:00:00,304.8970531740059
2011-09-21 19:00:00,137.84103098735025
2011-09-21 20:00:00,121.77322972820569
2011-09-21 21:00:00,89.3124593801545
2011-09-21 22:00:00,100.91977454132918
2011-09-21 23:00:00,64.39777816245662
2011-09-22 00:00:00,23.05005851077007
2011-09-22 01:00:00,8.860348954692185
2011-09-22 02:00:00,8.57112926909956
2011-09-22 03:00:00,4.758886561290787
2011-09-22 04:00:00,4.9658852493987755
2011-09-22 05:00:00,15.825178396137229
2011-09-22 06:00:00,98.63051582851614
2011-09-22 07:00:00,176.30131251440014
2011-09-22 08:00:00,213.72123843860254
2011-09-22 09:00:00,136.1561116512154
2011-09-22 10:00:00,132.56621064628627
2011-09-22 11:00:00,134.73660404722327
2011-09-22 12:00:00,139.1651922308408
2011-09-22 13:00:00,143.35861022137732
2011-09-22 14:00:00,139.51982594208775
2011-09-22 15:00:00,137.63308782015676
2011-09-22 16:00:00,296.7524155051253
2011-09-22 17:00:00,434.47071618593924
2011-09-22 18:00:00,296.7481834016899
2011-09-22 19:00:00,204.920780205968
2011-09-22 20:00:00,124.51623464852149
2011-09-22 21:00:00,124.50587469236385
2011-09-22 22:00:00,104.72330510346039
2011-09-22 23:00:00,74.99065341511378
2011-09-23 00:00:00,21.448549598560938
2011-09-23 01:00:00,11.361254592920073
2011-09-23 02:00:00,9.390011660322152
2011-09-23 03:00:00,4.9993624397553695
2011-09-23 04:00:00,4.369518871209955
2011-09-23 05:00:00,14.958858012010095
2011-09-23 06:00:00,84.98474726665995
2011-09-23 07:00:00,154.4446966143019
2011-09-23 08:00:00,190.5897126900642
2011-09-23 09:00:00,128.65557000280265
2011-09-23 10:00:00,120.04089008480703
2011-09-23 11:00:00,126.18400541357472
2011-09-23 12:00:00,135.05355872357615
2011-09-23 13:00:00,140.1374200553927
2011-09-23 14:00:00,141.97192698750686
2011-09-23 15:00:00,134.5599651083098
2011-09-23 16:00:00,140.230379727999
2011-09-23 17:00:00,130.18430631572883
2011-09-23 18:00:00,133.3483260530214
2011-09-23 19:00:00,158.09653436638735
2011-09-23 20:00:00,121.63711365088473
2011-09-23 21:00:00,107.15212819664276
2011-09-23 22:00:00,113.36254796093311
2011-09-23 23:00:00,82.81062069083673
2011-09-24 00:00:00,76.57909675599547
2011-09-24 01:00:00,70.02051027378079
2011-09-24 02:00:00,63.10324378343811
2011-09-24 03:00:00,30.116441887896652
2011-09-24 04:00:00,8.306742928997362
2011-09-24 05:00:00,9.47992014484534
2011-09-24 06:00:00,13.938878728390215
2011-09-24 07:00:00,67.52793273854611
2011-09-24 08:00:00,103.16893612453353
2011-09-24 09:00:00,136.48988115122268
2011-09-24 10:00:00,159.3991229455773
2011-09-24 11:00:00,235.9257087780526
2011-09-24 12:00:00,246.26730659956573
2011-09-24 13:00:00,318.0197864644747
2011-09-24 14:00:00,353.95360077946134
2011-09-24 15:00:00,353.85585346708683
2011-09-24 16:00:00,297.23007261455325
2011-09-24 17:00:00,293.9883950447476
2011-09-24 18:00:00,268.74177174127647
2011-09-24 19:00:00,183.41426167418928
2011-09-24 20:00:00,160.6042872502532
2011-09-24 21:00:00,131.11309368038204
2011-09-24 22:00:00,121.57075099143836
2011-09-24 23:00:00,84.69699612180776
2011-09-25 00:00:00,94.25125343694549
2011-09-25 01:00:00,80.42278867411984
2011-09-25 02:00:00,58.142047793121215
2011-09-25 03:00:00,33.32593314968686
2011-09-25 04:00:00,5.9192179461085
2011-09-25 05:00:00,10.941394062099295
2011-09-25 06:00:00,15.242403236092851
2011-09-25 07:00:00,49.40671949602441
2011-09-25 08:00:00,84.35087494383097
2011-09-25 09:00:00,156.12837422694986
2011-09-25 10:00:00,206.95932847002678
2011-09-25 11:00:00,297.82551203261556
2011-09-25 12:00:00,306.6034252543196
2011-09-25 13:00:00,367.02823019997993
2011-09-25 14:00:00,304.4398008796617
2011-09-25 15:00:00,303.7532331800787
2011-09-25 16:00:00,369.88033604719664
2011-09-25 17:00:00,285.92903300031224
2011-09-25 18:00:00,278.6576239971009
2011-09-25 19:00:00,213.4330287755787
2011-09-25 20:00:00,161.75062929695116
2011-09-25 21:00:00,101.24162502007391
2011-09-25 22:00:00,127.76707919943084
2011-09-25 23:00:00,77.00362948777435
2011-09-26 00:00:00,26.740298085667234
2011-09-26 01:00:00,9.828910753540347
2011-09-26 02:00:00,5.549814258676026
2011-09-26 03:00:00,3.890402380733133
2011-09-26 04:00:00,4.621756093152118
2011-09-26 05:00:00,20.583187263912066
2011-09-26 06:00:00,99.43043419389565
2011-09-26 07:00:00,166.76057517721014
2011-09-26 08:00:00,201.98457033480568
2011-09-26 09:00:00,183.0473549216515
2011-09-26 10:00:00,127.60130943064081
2011-09-26 11:00:00,131.29656503045163
2011-09-26 12:00:00,139.18388413199662
2011-09-26 13:00:00,159.9178206248822
2011-09-26 14:00:00,177.7111625754421
2011-09-26 15:00:00,172.7235681887749
2011-09-26 16:00:00,300.89836926039334
2011-09-26 17:00:00,570.2270518361519
2011-09-26 18:00:00,316.4109370745753
2011-09-26 19:00:00,270.1763964603163
2011-09-26 20:00:00,155.4568627382083
2011-09-26 21:00:00,136.4637388882088
2011-09-26 22:00:00,109.52191825971732
2011-09-26 23:00:00,66.57961791356705
2011-09-27 00:00:00,26.4187944080157
2011-09-27 01:00:00,9.52283805805018
2011-09-27 02:00:00,6.0707178975349265
2011-09-27 03:00:00,4.224700714778134
2011-09-27 04:00:00,3.7783182018585117
2011-09-27 05:00:00,10.914857192747252
2011-09-27 06:00:00,101.35429882198397
2011-09-27 07:00:00,172.38565349341428
2011-09-27 08:00:00,293.6105649352061
2011-09-27 09:00:00,157.9784866480334
2011-09-27 10:00:00,112.73952284586363
2011-09-27 11:00:00,112.07594086799719
2011-09-27 12:00:00,132.62779799949257
2011-09-27 13:00:00,160.9918399193287
2011-09-27 14:00:00,136.27121877729735
2011-09-27 15:00:00,136.9584018309807
2011-09-27 16:00:00,251.387101806796
2011-09-27 17:00:00,185.0186467617749
2011-09-27 18:00:00,210.69414571204882
2011-09-27 19:00:00,196.88368617540146
2011-09-27 20:00:00,209.6990872204796
2011-09-27 21:00:00,144.1411628945723
2011-09-27 22:00:00,120.97940405250591
2011-09-27 23:00:00,59.776030411998974
2011-09-28 00:00:00,26.599258346733578
2011-09-28 01:00:00,12.276210368180068
2011-09-28 02:00:00,5.777595976700174
2011-09-28 03:00:00,4.509644391024722
2011-09-28 04:00:00,5.672945951526151
2011-09-28 05:00:00,15.687827307035684
2011-09-28 06:00:00,64.06050327534217
2011-09-28 07:00:00,126.1305436202248
2011-09-28 08:00:00,178.24672675352178
2011-09-28 09:00:00,156.02911812158212
2011-09-28 10:00:00,68.99481553138243
2011-09-28 11:00:00,122.24897907812192
2011-09-28 12:00:00,128.25519151873868
2011-09-28 13:00:00,166.9045866658565
2011-09-28 14:00:00,167.91238021677492
2011-09-28 15:00:00,175.5443995107775
2011-09-28 16:00:00,299.29833696227166
2011-09-28 17:00:00,569.7921740664035
2011-09-28 18:00:00,291.3267385464235
2011-09-28 19:00:00,252.07484795717363
2011-09-28 20:00:00,99.05617897070695
2011-09-28 21:00:00,99.65058191936963
2011-09-28 22:00:00,119.78595934518975
2011-09-28 23:00:00,63.85602287239106
2011-09-29 00:00:00,24.39419864007602
2011-09-29 01:00:00,8.77390519751702
2011-09-29 02:00:00,7.813656207722159
2011-09-29 03:00:00,4.4932658440746
2011-09-29 04:00:00,5.231050155599022
2011-09-29 05:00:00,21.639505180169518
2011-09-29 06:00:00,104.82317419691924
2011-09-29 07:00:00,266.01861668854303
2011-09-29 08:00:00,427.85099737697806
2011-09-29 09:00:00,211.03120625161472
2011-09-29 10:00:00,124.19628042384741
2011-09-29 11:00:00,152.93480864624138
2011-09-29 12:00:00,192.5109339474419
2011-09-29 13:00:00,192.07026057067011
2011-09-29 14:00:00,187.15537028396372
2011-09-29 15:00:00,184.34617886860804
2011-09-29 16:00:00,297.5412925327877
2011-09-29 17:00:00,564.6515955080015
2011-09-29 18:00:00,528.2123402379754
2011-09-29 19:00:00,350.72065867136575
2011-09-29 20:00:00,260.2804131923058
2011-09-29 21:00:00,179.5059788382035
2011-09-29 22:00:00,128.2426362676574
2011-09-29 23:00:00,92.51476712114092
2011-09-30 00:00:00,46.37672438555413
2011-09-30 01:00:00,25.30278875412773
2011-09-30 02:00:00,11.299571164636403
2011-09-30 03:00:00,4.904035748702187
2011-09-30 04:00:00,5.295382732300464
2011-09-30 05:00:00,21.331781093439062
2011-09-30 06:00:00,88.28880546538569
2011-09-30 07:00:00,261.27940014864913
2011-09-30 08:00:00,416.88541548442066
2011-09-30 09:00:00,206.0087496200518
2011-09-30 10:00:00,162.16213469847494
2011-09-30 11:00:00,169.53524180028194
2011-09-30 12:00:00,216.92627288856818
2011-09-30 13:00:00,203.53138013260275
2011-09-30 14:00:00,209.15703726726582
2011-09-30 15:00:00,209.6949927960037
2011-09-30 16:00:00,353.23919572573664
2011-09-30 17:00:00,515.2956098827974
2011-09-30 18:00:00,475.60594070533796
2011-09-30 19:00:00,289.3551039032714
2011-09-30 20:00:00,203.11464751084142
2011-09-30 21:00:00,161.51129099572682
2011-09-30 22:00:00,122.6542884294366
2011-09-30 23:00:00,101.94370577770935
2011-10-20 00:00:00,23.890338505151558
2011-10-20 01:00:00,12.316973840660767
2011-10-20 02:00:00,6.9352474093922
2011-10-20 03:00:00,3.873406807566931
2011-10-20 04:00:00,4.491134631472221
2011-10-20 05:00:00,23.690017303390327
2011-10-20 06:00:00,78.49164731869762
2011-10-20 07:00:00,271.9489546743556
2011-10-20 08:00:00,345.4120484155247
2011-10-20 09:00:00,217.0596242436949
2011-10-20 10:00:00,125.73418462592264
2011-10-20 11:00:00,133.34761862189262
2011-10-20 12:00:00,167.43131361088774
2011-10-20 13:00:00,170.76428586077867
2011-10-20 14:00:00,148.9981509653337
2011-10-20 15:00:00,149.0349362794576
2011-10-20 16:00:00,243.92845574415708
2011-10-20 17:00:00,430.6021898980952
2011-10-20 18:00:00,391.2488136383262
2011-10-20 19:00:00,263.60883100538905
2011-10-20 20:00:00,175.37553403801175
2011-10-20 21:00:00,132.96661844185599
2011-10-20 22:00:00,116.53817053583512
2011-10-20 23:00:00,78.15339760292208
2011-10-21 00:00:00,47.11158700739124
2011-10-21 01:00:00,22.680999945899572
2011-10-21 02:00:00,12.68233074607462
2011-10-21 03:00:00,4.980901591134296
2011-10-21 04:00:00,4.856189722207572
2011-10-21 05:00:00,22.11721076383326
2011-10-21 06:00:00,87.19610530494647
2011-10-21 07:00:00,256.10697037136407
2011-10-21 08:00:00,370.86701205169925
2011-10-21 09:00:00,203.39331396976047
2011-10-21 10:00:00,156.9921173766961
2011-10-21 11:00:00,162.8155838227858
2011-10-21 12:00:00,199.91021295045863
2011-10-21 13:00:00,193.0091002283652
2011-10-21 14:00:00,200.25234410152927
2011-10-21 15:00:00,201.11027106006887
2011-10-21 16:00:00,307.5230066266224
2011-10-21 17:00:00,412.4257906810019
2011-10-21 18:00:00,368.46007263061296
2011-10-21 19:00:00,252.47938427214103
2011-10-21 20:00:00,172.68998846248783
2011-10-21 21:00:00,140.44274943445174
2011-10-21 22:00:00,115.39591050892722
2011-10-21 23:00:00,81.89104577063293
2011-10-22 00:00:00,89.76292203623285
2011-10-22 01:00:00,68.0080714762592
2011-10-22 02:00:00,65.59216789230504
2011-10-22 03:00:00,30.20948206896667
2011-10-22 04:00:00,5.750405072696753
2011-10-22 05:00:00,6.324607766958058
2011-10-22 06:00:00,16.485655577494576
2011-10-22 07:00:00,49.259697340850394
2011-10-22 08:00:00,97.74386159006247
2011-10-22 09:00:00,164.60304155547013
2011-10-22 10:00:00,248.81894893434574
2011-10-22 11:00:00,276.83584626538806
2011-10-22 12:00:00,317.59772779693714
2011-10-22 13:00:00,355.6402928214723
2011-10-22 14:00:00,334.16704479362147
2011-10-22 15:00:00,329.45368546435725
2011-10-22 16:00:00,306.6081584776557
2011-10-22 17:00:00,287.5024550630736
2011-10-22 18:00:00,260.93087987183276
2011-10-22 19:00:00,237.97868865935513
2011-10-22 20:00:00,159.49195815940945
2011-10-22 21:00:00,125.08715949736343
2011-10-22 22:00:00,112.3787539729538
2011-10-22 23:00:00,72.30248707481836
2011-10-23 00:00:00,80.97407610694373
2011-10-23 01:00:00,63.922507034847605
2011-10-23 02:00:00,63.33419357409098
2011-10-23 03:00:00,36.29312641131931
2011-10-23 04:00:00,7.09581183792364
2011-10-23 05:00:00,7.125352032464245
2011-10-23 06:00:00,12.954672192864383
2011-10-23 07:00:00,42.93664917794044
2011-10-23 08:00:00,88.21934620928809
2011-10-23 09:00:00,143.61597746701474
2011-10-23 10:00:00,248.52286783923435
2011-10-23 11:00:00,281.14827899582946
2011-10-23 12:00:00,342.64485144706697
2011-10-23 13:00:00,355.1843951105679
2011-10-23 14:00:00,355.24378220113726
2011-10-23 15:00:00,358.2559109029953
2011-10-23 16:00:00,329.39955756867647
2011-10-23 17:00:00,283.20915040503866
2011-10-23 18:00:00,260.417229248907
2011-10-23 19:00:00,211.47262091313064
2011-10-23 20:00:00,153.1822926758181
2011-10-23 21:00:00,118.73480675522447
2011-10-23 22:00:00,88.50350190700162
2011-10-23 23:00:00,66.75297653245613
2011-10-24 00:00:00,32.641230147648734
2011-10-24 01:00:00,8.834298294727837
2011-10-24 02:00:00,5.34770652382108
2011-10-24 03:00:00,5.536479756907829
2011-10-24 04:00:00,5.343442431478787
2011-10-24 05:00:00,20.415853550921334
2011-10-24 06:00:00,91.65831242414166
2011-10-24 07:00:00,222.49210651070476
2011-10-24 08:00:00,341.3732130815206
2011-10-24 09:00:00,187.4378695142559
2011-10-24 10:00:00,116.43870855593016
2011-10-24 11:00:00,131.38832928168787
2011-10-24 12:00:00,175.68565187060437
2011-10-24 13:00:00,173.57809832747705
2011-10-24 14:00:00,171.61828848246213
2011-10-24 15:00:00,180.42708883836087
2011-10-24 16:00:00,288.24099275637747
2011-10-24 17:00:00,508.3280462074979
2011-10-24 18:00:00,518.5999047276184
2011-10-24 19:00:00,239.93416473896622
2011-10-24 20:00:00,184.53514955339165
2011-10-24 21:00:00,134.38571008567905
2011-10-24 22:00:00,118.44887199688111
2011-10-24 23:00:00,66.97772928963897
2011-10-25 00:00:00,41.065901821782404
2011-10-25 01:00:00,10.70517275802833
2011-10-25 02:00:00,5.4342911398501865
2011-10-25 03:00:00,4.95764477232774
2011-10-25 04:00:00,5.795913542903852
2011-10-25 05:00:00,20.939582801340368
2011-10-25 06:00:00,92.73909838003985
2011-10-25 07:00:00,275.6225532640276
2011-10-25 08:00:00,398.77597954802405
2011-10-25 09:00:00,205.13387081594186
2011-10-25 10:00:00,120.77519187455685
2011-10-25 11:00:00,134.9699783257345
2011-10-25 12:00:00,189.89678678015156
2011-10-25 13:00:00,192.89694807905073
2011-10-25 14:00:00,166.52240417233284
2011-10-25 15:00:00,176.66530622472766
2011-10-25 16:00:00,305.3209158625952
2011-10-25 17:00:00,565.6160037173839
2011-10-25 18:00:00,482.95075127205547
2011-10-25 19:00:00,295.5758866539821
2011-10-25 20:00:00,205.17273464458071
2011-10-25 21:00:00,148.67066132861297
2011-10-25 22:00:00,131.51707780032504
2011-10-25 23:00:00,68.97451487002769
2011-10-26 00:00:00,41.54634937229869
2011-10-26 01:00:00,12.807859216642496
2011-10-26 02:00:00,6.7796016363216545
2011-10-26 03:00:00,4.433566215025815
2011-10-26 04:00:00,4.065295049476173
2011-10-26 05:00:00,23.695330846953738
2011-10-26 06:00:00,100.9939484562542
2011-10-26 07:00:00,292.90858019312316
2011-10-26 08:00:00,355.2377659110078
2011-10-26 09:00:00,210.19027220384098
2011-10-26 10:00:00,120.37577256337673
2011-10-26 11:00:00,134.72589574235178
2011-10-26 12:00:00,179.68803915906975
2011-10-26 13:00:00,164.5981800940606
2011-10-26 14:00:00,147.559721455779
2011-10-26 15:00:00,157.6606903252057
2011-10-26 16:00:00,274.90258614249205
2011-10-26 17:00:00,442.9325396792134
2011-10-26 18:00:00,428.08803916425154
2011-10-26 19:00:00,242.34607029190468
2011-10-26 20:00:00,148.7386265615805
2011-10-26 21:00:00,155.82789594955983
2011-10-26 22:00:00,115.22010028612085
2011-10-26 23:00:00,64.36211821050874
2011-10-27 00:00:00,28.574386101816952
2011-10-27 01:00:00,8.156026098708036
2011-10-27 02:00:00,7.63198454263256
2011-10-27 03:00:00,3.998603353400992
2011-10-27 04:00:00,4.721899967930687
2011-10-27 05:00:00,12.923547886508763
2011-10-27 06:00:00,46.776503088664185
2011-10-27 07:00:00,203.57050630100858
2011-10-27 08:00:00,161.5368303264622
2011-10-27 09:00:00,209.94597404045686
2011-10-27 10:00:00,102.44467940373573
2011-10-27 11:00:00,95.80110829157158
2011-10-27 12:00:00,94.437059238934
2011-10-27 13:00:00,146.6248008667813
2011-10-27 14:00:00,124.14211198060775
2011-10-27 15:00:00,144.76682810631567
2011-10-27 16:00:00,296.3830252894327
2011-10-27 17:00:00,373.6074558460607
2011-10-27 18:00:00,388.1851926960962
2011-10-27 19:00:00,239.70357704980097
2011-10-27 20:00:00,163.25902575948865
2011-10-27 21:00:00,87.13412160878268
2011-10-27 22:00:00,59.02643688836463
2011-10-27 23:00:00,55.9148328216513
2011-10-28 00:00:00,46.295141237054196
2011-10-28 01:00:00,19.335434443214076
2011-10-28 02:00:00,11.201227890106122
2011-10-28 03:00:00,3.042293920640625
2011-10-28 04:00:00,3.188193388245767
2011-10-28 05:00:00,21.537026035586003
2011-10-28 06:00:00,85.67914911660804
2011-10-28 07:00:00,198.56700364074175
2011-10-28 08:00:00,279.30759980116244
2011-10-28 09:00:00,169.9990047126907
2011-10-28 10:00:00,123.18655227385783
2011-10-28 11:00:00,154.93752479949904
2011-10-28 12:00:00,169.3877257066914
2011-10-28 13:00:00,174.48033608123623
2011-10-28 14:00:00,159.83199931481587
2011-10-28 15:00:00,168.89487541296938
2011-10-28 16:00:00,220.61581845046211
2011-10-28 17:00:00,323.8848102170721
2011-10-28 18:00:00,301.9362280006757
2011-10-28 19:00:00,206.70068056593217
2011-10-28 20:00:00,121.85374505611833
2011-10-28 21:00:00,81.6973154979558
2011-10-28 22:00:00,54.62262176620375
2011-10-28 23:00:00,48.16135927541378
2011-10-29 00:00:00,46.8783654685906
2011-10-29 01:00:00,35.65013148906333
2011-10-29 02:00:00,37.85959629927448
2011-10-29 03:00:00,14.472220714486353
2011-10-29 04:00:00,3.4568975567617635
2011-10-29 05:00:00,3.4377027031662237
2011-10-29 06:00:00,12.53439039265053
2011-10-29 07:00:00,33.29498045078038
2011-10-29 08:00:00,71.98700625158608
2011-10-29 09:00:00,88.48548869385873
2011-10-29 10:00:00,94.28894158731171
2011-10-29 11:00:00,98.20307973788482
2011-10-29 12:00:00,91.86826318681992
2011-10-29 13:00:00,93.01175132240299
2011-10-29 14:00:00,97.80168479365523
2011-10-29 15:00:00,86.28420717778596
2011-10-29 16:00:00,87.58025404947311
2011-10-29 17:00:00,86.66652080870706
2011-10-29 18:00:00,82.86524555046685
2011-10-29 19:00:00,104.13875289584458
2011-10-29 20:00:00,84.07058553996083
2011-10-29 21:00:00,58.404009644907305
2011-10-29 22:00:00,58.01543838791281
2011-10-29 23:00:00,48.070801507900704
2011-10-30 00:00:00,55.864711898893646
2011-10-30 01:00:00,44.11661045556361
2011-10-30 02:00:00,38.451152549361176
2011-10-30 03:00:00,15.123811998031632
2011-10-30 04:00:00,3.8458296718507414
2011-10-30 05:00:00,3.193231089726092
2011-10-30 06:00:00,12.160293113205743
2011-10-30 07:00:00,26.990346778643165
2011-10-30 08:00:00,70.43613261671786
2011-10-30 09:00:00,114.91219944334054
2011-10-30 10:00:00,178.61058957072535
2011-10-30 11:00:00,238.90637684518177
2011-10-30 12:00:00,275.5495130683383
2011-10-30 13:00:00,300.2635589626757
2011-10-30 14:00:00,328.78123089376214
2011-10-30 15:00:00,330.90431660344876
2011-10-30 16:00:00,293.92659191266137
2011-10-30 17:00:00,246.48157828849463
2011-10-30 18:00:00,201.24087454140965
2011-10-30 19:00:00,298.7864162989189
2011-10-30 20:00:00,103.76590298437361
2011-10-30 21:00:00,88.16188968225478
2011-10-30 22:00:00,65.06497385824996
2011-10-30 23:00:00,44.003485086787194
2011-10-31 00:00:00,18.550809023446632
2011-10-31 01:00:00,7.483208791706902
2011-10-31 02:00:00,3.3900502703681425
2011-10-31 03:00:00,3.7264457889250773
2011-10-31 04:00:00,4.020703300395555
2011-10-31 05:00:00,21.138585014820467
2011-10-31 06:00:00,85.49002459948844
2011-10-31 07:00:00,216.13886193597176
2011-10-31 08:00:00,280.97074901994574
2011-10-31 09:00:00,152.63921689958497
2011-10-31 10:00:00,110.20335506064004
2011-10-31 11:00:00,134.42025795303053
2011-10-31 12:00:00,161.45005174692656
2011-10-31 13:00:00,153.61064073875363
2011-10-31 14:00:00,150.00804344828146
2011-10-31 15:00:00,173.07912545469534
2011-10-31 16:00:00,265.4720209673579
2011-10-31 17:00:00,459.1794868674847
2011-10-31 18:00:00,401.8530478270897
2011-10-31 19:00:00,279.09161760269114
2011-10-31 20:00:00,195.11816107487198
2011-10-31 21:00:00,123.45163220732071
2011-10-31 22:00:00,94.6822156081455
2011-10-31 23:00:00,55.62478457145141
2011-11-20 00:00:00,80.54528187044993
2011-11-20 01:00:00,64.9206401855531
2011-11-20 02:00:00,67.0124245464266
2011-11-20 03:00:00,29.991752971736695
2011-11-20 04:00:00,3.4452260705435944
2011-11-20 05:00:00,4.584098987568009
2011-11-20 06:00:00,15.884090298571865
2011-11-20 07:00:00,52.55817738132856
2011-11-20 08:00:00,89.4633925046412
2011-11-20 09:00:00,151.00776324903933
2011-11-20 10:00:00,247.56281024789865
2011-11-20 11:00:00,324.0199745233157
2011-11-20 12:00:00,332.27608094640567
2011-11-20 13:00:00,355.04236170091974
2011-11-20 14:00:00,349.9205537116451
2011-11-20 15:00:00,343.1666777771155
2011-11-20 16:00:00,315.5633185237445
2011-11-20 17:00:00,277.5156751476129
2011-11-20 18:00:00,270.4359774557637
2011-11-20 19:00:00,234.24690641050455
2011-11-20 20:00:00,172.2603321911702
2011-11-20 21:00:00,127.81550380009563
2011-11-20 22:00:00,58.52284208840171
2011-11-20 23:00:00,45.61864134751136
2011-11-21 00:00:00,27.725573045646435
2011-11-21 01:00:00,6.4941259920408125
2011-11-21 02:00:00,5.943993785869054
2011-11-21 03:00:00,3.6597250404509287
2011-11-21 04:00:00,4.019155252101356
2011-11-21 05:00:00,10.965657048798946
2011-11-21 06:00:00,78.3375191913597
2011-11-21 07:00:00,197.30836357336887
2011-11-21 08:00:00,259.21920039569113
2011-11-21 09:00:00,154.93627225080797
2011-11-21 10:00:00,109.10647574896339
2011-11-21 11:00:00,119.32507643742557
2011-11-21 12:00:00,163.21133497822092
2011-11-21 13:00:00,163.30323823505566
2011-11-21 14:00:00,137.2200265414832
2011-11-21 15:00:00,80.15776833366004
2011-11-21 16:00:00,95.38857372263601
2011-11-21 17:00:00,101.17800422050537
2011-11-21 18:00:00,170.14397115699282
2011-11-21 19:00:00,104.89688368423992
2011-11-21 20:00:00,114.16310367244083
2011-11-21 21:00:00,100.02015584212248
2011-11-21 22:00:00,67.39469348528863
2011-11-21 23:00:00,48.913547286073026
2011-11-22 00:00:00,19.654081478184743
2011-11-22 01:00:00,6.975454450413301
2011-11-22 02:00:00,5.691615705590779
2011-11-22 03:00:00,4.073114240923683
2011-11-22 04:00:00,4.419134391001725
2011-11-22 05:00:00,11.286497030091821
2011-11-22 06:00:00,77.43174779792322
2011-11-22 07:00:00,133.89528072251414
2011-11-22 08:00:00,157.91017419855518
2011-11-22 09:00:00,129.78429520706985
2011-11-22 10:00:00,88.96758688282247
2011-11-22 11:00:00,83.37695228172278
2011-11-22 12:00:00,85.30311698486057
2011-11-22 13:00:00,79.76117170654311
2011-11-22 14:00:00,79.96422345577162
2011-11-22 15:00:00,82.95338636958148
2011-11-22 16:00:00,98.0048674767133
2011-11-22 17:00:00,111.42089117619854
2011-11-22 18:00:00,119.57611146091813
2011-11-22 19:00:00,132.2646328520597
2011-11-22 20:00:00,140.4329164828943
2011-11-22 21:00:00,106.41470531149481
2011-11-22 22:00:00,113.9951071019951
2011-11-22 23:00:00,69.74086680133304
2011-11-23 00:00:00,23.298003429243614
2011-11-23 01:00:00,8.85953318821904
2011-11-23 02:00:00,4.990567843230609
2011-11-23 03:00:00,3.118064623924162
2011-11-23 04:00:00,4.265514641879537
2011-11-23 05:00:00,16.082110025918173
2011-11-23 06:00:00,77.11686020692395
2011-11-23 07:00:00,179.28280867627217
2011-11-23 08:00:00,246.8364668382015
2011-11-23 09:00:00,145.3995020402263
2011-11-23 10:00:00,95.83769921845574
2011-11-23 11:00:00,128.6093322292223
2011-11-23 12:00:00,166.2039516731131
2011-11-23 13:00:00,151.74384193748253
2011-11-23 14:00:00,153.0326802786373
2011-11-23 15:00:00,144.99827785974466
2011-11-23 16:00:00,209.21770560269107
2011-11-23 17:00:00,239.24962856372215
2011-11-23 18:00:00,341.01948566607683
2011-11-23 19:00:00,249.03221284025588
2011-11-23 20:00:00,150.27895473474194
2011-11-23 21:00:00,74.29608355190554
2011-11-23 22:00:00,60.17809714580971
2011-11-23 23:00:00,60.96427611470554
2011-11-24 00:00:00,33.255558266966496
2011-11-24 01:00:00,23.901813168185477
2011-11-24 02:00:00,16.24638119337806
2011-11-24 03:00:00,7.294572440061494
2011-11-24 04:00:00,5.481900664386742
2011-11-24 05:00:00,8.987160079697302
2011-11-24 06:00:00,43.846103533315244
2011-11-24 07:00:00,118.5662906414136
2011-11-24 08:00:00,229.01651667641167
2011-11-24 09:00:00,183.568550934704
2011-11-24 10:00:00,206.3621690200215
2011-11-24 11:00:00,264.11309987723877
2011-11-24 12:00:00,271.23566397261266
2011-11-24 13:00:00,283.58437624727515
2011-11-24 14:00:00,300.8581459643653
2011-11-24 15:00:00,297.0855271262357
2011-11-24 16:00:00,283.6526178778567
2011-11-24 17:00:00,375.48653800338457
2011-11-24 18:00:00,318.6244108975063
2011-11-24 19:00:00,224.8001770115062
2011-11-24 20:00:00,154.07501492662067
2011-11-24 21:00:00,117.7668316910972
2011-11-24 22:00:00,100.14657301968779
2011-11-24 23:00:00,66.63692052685886
2011-11-25 00:00:00,43.5302862517373
2011-11-25 01:00:00,19.235100547006432
2011-11-25 02:00:00,9.715355748390156
2011-11-25 03:00:00,3.7834705007945733
2011-11-25 04:00:00,3.5958588488866656
2011-11-25 05:00:00,20.999104650443087
2011-11-25 06:00:00,78.43394418044363
2011-11-25 07:00:00,253.59454984121257
2011-11-25 08:00:00,291.8737496712622
2011-11-25 09:00:00,202.01615117253183
2011-11-25 10:00:00,143.8084060991363
2011-11-25 11:00:00,162.38620643362356
2011-11-25 12:00:00,199.77054268712882
2011-11-25 13:00:00,203.33620021092747
2011-11-25 14:00:00,203.5860326215366
2011-11-25 15:00:00,206.35814018852352
2011-11-25 16:00:00,305.8564865677412
2011-11-25 17:00:00,452.1351939282026
2011-11-25 18:00:00,419.844234050093
2011-11-25 19:00:00,256.9558670746023
2011-11-25 20:00:00,178.81286112579076
2011-11-25 21:00:00,131.89428041304856
2011-11-25 22:00:00,103.19044328225542
2011-11-25 23:00:00,70.43251137366845
2011-11-26 00:00:00,73.64445980721307
2011-11-26 01:00:00,53.990774099158614
2011-11-26 02:00:00,54.63483390814334
2011-11-26 03:00:00,25.820800821712055
2011-11-26 04:00:00,6.203689598346511
2011-11-26 05:00:00,5.838694861010547
2011-11-26 06:00:00,16.49192351888891
2011-11-26 07:00:00,35.18307566632213
2011-11-26 08:00:00,106.79601224561043
2011-11-26 09:00:00,142.54893868339656
2011-11-26 10:00:00,193.60926688960234
2011-11-26 11:00:00,286.25796368638595
2011-11-26 12:00:00,318.6414245165689
2011-11-26 13:00:00,335.45854352625645
2011-11-26 14:00:00,333.39338167809836
2011-11-26 15:00:00,357.5606888420664
2011-11-26 16:00:00,284.51270687684803
2011-11-26 17:00:00,268.25658748385405
2011-11-26 18:00:00,231.75837114475587
2011-11-26 19:00:00,197.82903030053734
2011-11-26 20:00:00,155.11356232321964
2011-11-26 21:00:00,112.05548284797065
2011-11-26 22:00:00,104.36960786546862
2011-11-26 23:00:00,72.65074262440822
2011-11-27 00:00:00,78.74880053353804
2011-11-27 01:00:00,66.15099893668709
2011-11-27 02:00:00,60.14188697548013
2011-11-27 03:00:00,36.38266991952869
2011-11-27 04:00:00,6.051255290470021
2011-11-27 05:00:00,5.244943559717994
2011-11-27 06:00:00,15.318816544671296
2011-11-27 07:00:00,51.98427213213748
2011-11-27 08:00:00,84.91725936289572
2011-11-27 09:00:00,149.18623822457985
2011-11-27 10:00:00,248.04551691125832
2011-11-27 11:00:00,315.0859737567788
2011-11-27 12:00:00,358.85656474546846
2011-11-27 13:00:00,359.6149567113746
2011-11-27 14:00:00,415.98043727282305
2011-11-27 15:00:00,420.6905320163147
2011-11-27 16:00:00,389.51814169990416
2011-11-27 17:00:00,300.0843327987744
2011-11-27 18:00:00,247.29136939181387
2011-11-27 19:00:00,228.31744298714364
2011-11-27 20:00:00,160.1116072627461
2011-11-27 21:00:00,124.7212279727861
2011-11-27 22:00:00,108.05942246667772
2011-11-27 23:00:00,73.13658485701585
2011-11-28 00:00:00,39.89863566467907
2011-11-28 01:00:00,12.058129020168924
2011-11-28 03:00:00,4.853546674907353
2011-11-28 04:00:00,5.663954563550489
2011-11-28 05:00:00,20.06456466521341
2011-11-28 06:00:00,84.55925634401132
2011-11-28 07:00:00,277.3321041787674
2011-11-28 08:00:00,261.954201133394
2011-11-28 09:00:00,188.7419740249839
2011-11-28 10:00:00,118.61558932629259
2011-11-28 11:00:00,130.10162108341063
2011-11-28 12:00:00,193.44663758940789
2011-11-28 13:00:00,185.04558996587275
2011-11-28 14:00:00,184.0413186897477
2011-11-28 15:00:00,188.82453173648474
2011-11-28 16:00:00,296.8468085574634
2011-11-28 17:00:00,539.634599958229
2011-11-28 18:00:00,502.9920469544819
2011-11-28 19:00:00,322.18976294170193
2011-11-28 20:00:00,225.77223812114858
2011-11-28 21:00:00,172.22911895888654
2011-11-28 22:00:00,118.84536700480233
2011-11-28 23:00:00,65.36548337060971
2011-11-29 00:00:00,28.27577241655931
2011-11-29 01:00:00,11.155345977790837
2011-11-29 02:00:00,6.363604287621693
2011-11-29 03:00:00,4.4814097413921665
2011-11-29 04:00:00,4.226287952861454
2011-11-29 05:00:00,21.900151898839724
2011-11-29 06:00:00,93.51860522925722
2011-11-29 07:00:00,293.02677294985693
2011-11-29 08:00:00,441.8461364142126
2011-11-29 09:00:00,206.79851986159946
2011-11-29 10:00:00,103.29812196764014
2011-11-29 11:00:00,95.76999096870678
2011-11-29 12:00:00,87.20144279737976
2011-11-29 13:00:00,102.01915308158597
2011-11-29 14:00:00,82.75474651270564
2011-11-29 15:00:00,81.81459253037224
2011-11-29 16:00:00,113.38270238689653
2011-11-29 17:00:00,202.65131924792558
2011-11-29 18:00:00,243.17418597093967
2011-11-29 19:00:00,199.992194549377
2011-11-29 20:00:00,162.58904533676687
2011-11-29 21:00:00,123.74940583272368
2011-11-29 22:00:00,98.40162233172013
2011-11-29 23:00:00,47.5983733970894
2011-11-30 00:00:00,23.55736807364817
2011-11-30 01:00:00,13.024738679934025
2011-11-30 02:00:00,5.774080754183169
2011-11-30 03:00:00,3.490802314843358
2011-11-30 04:00:00,4.0657939666936835
2011-11-30 05:00:00,20.988293422460337
2011-11-30 06:00:00,79.62277844386183
2011-11-30 07:00:00,233.4064411352084
2011-11-30 08:00:00,318.71175969166717
2011-11-30 09:00:00,206.72630445717175
2011-11-30 10:00:00,116.75558236044431
2011-11-30 11:00:00,128.10973409351035
2011-11-30 12:00:00,134.6183603217188
2011-11-30 13:00:00,143.42843088347487
2011-11-30 14:00:00,142.67813090741097
2011-11-30 15:00:00,140.05368255984504
2011-11-30 16:00:00,210.50812851761415
2011-11-30 17:00:00,319.1869397193534
2011-11-30 18:00:00,334.3680989836915
2011-11-30 19:00:00,220.09183080048695
2011-11-30 20:00:00,157.18719128738908
2011-11-30 21:00:00,91.65119583975985
2011-11-30 22:00:00,90.3846929307438
2011-11-30 23:00:00,56.92154650190515
2011-12-20 00:00:00,25.57639819772333
2011-12-20 01:00:00,11.790766644178104
2011-12-20 02:00:00,6.012346658596204
2011-12-20 03:00:00,4.151687576096687
2011-12-20 04:00:00,4.303058534891161
2011-12-20 05:00:00,20.931833261953592
2011-12-20 06:00:00,82.54577972005528
2011-12-20 07:00:00,267.70329530243794
2011-12-20 08:00:00,387.10501765669875
2011-12-20 09:00:00,224.6646922354586
2011-12-20 10:00:00,119.91403677910492
2011-12-20 11:00:00,132.24719944165753
2011-12-20 12:00:00,156.5628407863004
2011-12-20 13:00:00,154.9058403125857
2011-12-20 14:00:00,150.35711681655576
2011-12-20 15:00:00,146.92829463984802
2011-12-20 16:00:00,252.0634895553258
2011-12-20 17:00:00,381.78680695420724
2011-12-20 18:00:00,371.5276264500634
2011-12-20 19:00:00,267.23429739091574
2011-12-20 20:00:00,183.79962348447637
2011-12-20 21:00:00,138.42535372952534
2011-12-20 22:00:00,104.68531674612026
2011-12-20 23:00:00,65.33022956557204
2011-12-21 00:00:00,26.686857207082916
2011-12-21 01:00:00,10.725403914053336
2011-12-21 02:00:00,6.266535662070072
2011-12-21 03:00:00,4.436498765434768
2011-12-21 04:00:00,4.239223078634947
2011-12-21 05:00:00,19.505537477511787
2011-12-21 06:00:00,69.66451145134798
2011-12-21 07:00:00,201.43122247945934
2011-12-21 08:00:00,116.80849775467286
2011-12-21 09:00:00,169.08276895600352
2011-12-21 10:00:00,107.28577862382926
2011-12-21 11:00:00,107.09427149525003
2011-12-21 12:00:00,70.61997698874305
2011-12-21 13:00:00,55.57110293721033
2011-12-21 14:00:00,130.79953168783769
2011-12-21 15:00:00,136.36934773984117
2011-12-21 16:00:00,61.70403271672009
2011-12-21 17:00:00,66.93043720838207
2011-12-21 18:00:00,129.2458767559387
2011-12-21 19:00:00,116.68041697564813
2011-12-21 20:00:00,100.4230732413812
2011-12-21 21:00:00,117.21136846515999
2011-12-21 22:00:00,109.72011022274488
2011-12-21 23:00:00,70.60542375615263
2011-12-22 00:00:00,37.226371730924384
2011-12-22 01:00:00,8.132967450398377
2011-12-22 02:00:00,9.534790465661672
2011-12-22 03:00:00,4.524576074452511
2011-12-22 04:00:00,5.068043215794676
2011-12-22 05:00:00,18.802660811407332
2011-12-22 06:00:00,73.94212593089469
2011-12-22 07:00:00,225.0959384775853
2011-12-22 08:00:00,294.8954365279991
2011-12-22 09:00:00,174.33843384538707
2011-12-22 10:00:00,95.34566338833831
2011-12-22 11:00:00,109.13750757049853
2011-12-22 12:00:00,151.5189808175321
2011-12-22 13:00:00,139.97801364520663
2011-12-22 14:00:00,136.03772130044493
2011-12-22 15:00:00,144.1568872703486
2011-12-22 16:00:00,222.29276440197958
2011-12-22 17:00:00,321.872657474497
2011-12-22 18:00:00,315.43747117603846
2011-12-22 19:00:00,234.02567395346776
2011-12-22 20:00:00,114.74177595401882
2011-12-22 21:00:00,90.33665498829978
2011-12-22 22:00:00,57.15668447126537
2011-12-22 23:00:00,48.48569963391625
2011-12-23 00:00:00,32.683665525039466
2011-12-23 01:00:00,17.331871930580352
2011-12-23 02:00:00,8.555120362706846
2011-12-23 03:00:00,4.118048186620265
2011-12-23 04:00:00,3.540582593016276
2011-12-23 05:00:00,18.04962653361004
2011-12-23 06:00:00,72.62926996247313
2011-12-23 07:00:00,223.2714121790324
2011-12-23 08:00:00,346.01868962093005
2011-12-23 09:00:00,191.59097668348244
2011-12-23 10:00:00,130.65585938864754
2011-12-23 11:00:00,143.44708819802045
2011-12-23 12:00:00,164.58345960281957
2011-12-23 13:00:00,165.77059273315925
2011-12-23 14:00:00,164.4820762690901
2011-12-23 15:00:00,163.25137856875145
2011-12-23 16:00:00,214.83379621856645
2011-12-23 17:00:00,313.7232492032544
2011-12-23 18:00:00,302.70355464008776
2011-12-23 19:00:00,194.6768618364124
2011-12-23 20:00:00,124.11376093601933
2011-12-23 21:00:00,99.64814169028088
2011-12-23 22:00:00,78.87182031174466
2011-12-23 23:00:00,58.906846563977986
2011-12-24 00:00:00,66.05882412010322
2011-12-24 01:00:00,60.7686803312678
2011-12-24 02:00:00,52.92261934092418
2011-12-24 03:00:00,25.738171817012876
2011-12-24 04:00:00,4.870110918462656
2011-12-24 05:00:00,5.453136011300058
2011-12-24 06:00:00,11.016646724420328
2011-12-24 07:00:00,28.4427888718493
2011-12-24 08:00:00,66.93049312626842
2011-12-24 09:00:00,122.39906103903898
2011-12-24 10:00:00,148.16325416652984
2011-12-24 11:00:00,180.43845218702225
2011-12-24 12:00:00,213.2018027611591
2011-12-24 13:00:00,216.60371245505937
2011-12-24 14:00:00,215.00657286747065
2011-12-24 15:00:00,200.11802180350253
2011-12-24 16:00:00,197.6327344833247
2011-12-24 17:00:00,136.3041467075962
2011-12-24 18:00:00,159.9315881558387
2011-12-24 19:00:00,137.84508238137363
2011-12-24 20:00:00,88.66031582869277
2011-12-24 21:00:00,71.49015524165729
2011-12-24 22:00:00,67.45387295431912
2011-12-24 23:00:00,48.150631764815174
2011-12-25 00:00:00,57.69244204628707
2011-12-25 01:00:00,53.5223391763535
2011-12-25 02:00:00,45.03526217137832
2011-12-25 03:00:00,20.537411364903644
2011-12-25 05:00:00,4.781162227569901
2011-12-25 06:00:00,6.979362423538523
2011-12-25 07:00:00,22.530689473497727
2011-12-25 08:00:00,57.67178642545317
2011-12-25 09:00:00,76.12147014169088
2011-12-25 10:00:00,108.91286882491762
2011-12-25 11:00:00,150.3404500519195
2011-12-25 12:00:00,153.047978538766
2011-12-25 13:00:00,185.05294820807092
2011-12-25 14:00:00,203.08100088591115
2011-12-25 15:00:00,207.70258058746475
2011-12-25 16:00:00,208.73304737527474
2011-12-25 17:00:00,196.17962485982704
2011-12-25 18:00:00,155.29897686402896
2011-12-25 19:00:00,158.4576800423369
2011-12-25 20:00:00,111.37143670686957
2011-12-25 21:00:00,67.18986458160992
2011-12-25 22:00:00,58.040161926526366
2011-12-25 23:00:00,41.103779947872276
2011-12-26 00:00:00,23.758353826333874
2011-12-26 01:00:00,26.736501285576146
2011-12-26 02:00:00,16.27508602183994
2011-12-26 04:00:00,5.21173392912633
2011-12-26 05:00:00,7.486075048351796
2011-12-26 06:00:00,27.704682753085795
2011-12-26 07:00:00,108.93024911627522
2011-12-26 08:00:00,153.56192546860484
2011-12-26 09:00:00,158.40765197657865
2011-12-26 10:00:00,140.9921068914628
2011-12-26 11:00:00,129.2003010800916
2011-12-26 12:00:00,171.6316250583622
2011-12-26 13:00:00,203.1440740142206
2011-12-26 14:00:00,204.6809569349399
2011-12-26 15:00:00,205.88968858556495
2011-12-26 16:00:00,200.26482527323682
2011-12-26 17:00:00,243.5076677704839
2011-12-26 18:00:00,230.4165642013418
2011-12-26 19:00:00,162.05467725679318
2011-12-26 20:00:00,116.23067559356024
2011-12-26 21:00:00,82.23863936027617
2011-12-26 22:00:00,65.13289170195569
2011-12-26 23:00:00,41.14172269398024
2011-12-27 00:00:00,19.176849693816024
2011-12-27 01:00:00,8.516966935474578
2011-12-27 02:00:00,4.617068457978228
2011-12-27 03:00:00,2.897359877123602
2011-12-27 04:00:00,3.2477461278741946
2011-12-27 05:00:00,18.41550978087711
2011-12-27 06:00:00,70.19098843937162
2011-12-27 07:00:00,185.94374893115437
2011-12-27 08:00:00,293.30481466840183
2011-12-27 09:00:00,121.32337453854801
2011-12-27 10:00:00,101.03663488174286
2011-12-27 11:00:00,76.1797836030938
2011-12-27 12:00:00,64.8377162927082
2011-12-27 13:00:00,60.941889007427214
2011-12-27 14:00:00,60.76952588517224
2011-12-27 15:00:00,66.58867791914574
2011-12-27 16:00:00,85.6751372647877
2011-12-27 17:00:00,117.0217196064209
2011-12-27 18:00:00,209.16596279212837
2011-12-27 19:00:00,176.88224428969346
2011-12-27 20:00:00,125.96580662896976
2011-12-27 21:00:00,99.5040906382884
2011-12-27 22:00:00,71.32858753976988
2011-12-27 23:00:00,46.20861267804146
2011-12-28 00:00:00,21.94833577004062
2011-12-28 01:00:00,10.357486109539959
2011-12-28 02:00:00,5.559090982444693
2011-12-28 03:00:00,2.575271009144552
2011-12-28 05:00:00,18.704041403638197
2011-12-28 06:00:00,74.99075901869625
2011-12-28 07:00:00,196.98087260349735
2011-12-28 08:00:00,302.58978803588604
2011-12-28 09:00:00,184.7469458491881
2011-12-28 10:00:00,103.50654862760135
2011-12-28 11:00:00,115.17509260453984
2011-12-28 12:00:00,111.81716292636129
2011-12-28 13:00:00,116.62643811464187
2011-12-28 14:00:00,109.82646861718685
2011-12-28 15:00:00,109.78112596284186
2011-12-28 16:00:00,135.2917823344105
2011-12-28 17:00:00,243.2149089800699
2011-12-28 18:00:00,196.11810391002484
2011-12-28 19:00:00,148.9203234975801
2011-12-28 20:00:00,117.40448983444345
2011-12-28 21:00:00,81.54361147157377
2011-12-28 22:00:00,66.12957854802774
2011-12-28 23:00:00,39.21314825947819
2011-12-29 00:00:00,22.85019170168549
2011-12-29 01:00:00,9.736614162690074
2011-12-29 02:00:00,6.4215735620003604
2011-12-29 03:00:00,2.940995826601217
2011-12-29 04:00:00,3.1866530771190495
2011-12-29 05:00:00,18.72239001442334
2011-12-29 06:00:00,66.00548090982701
2011-12-29 07:00:00,160.20543654407538
2011-12-29 08:00:00,254.24912129699882
2011-12-29 09:00:00,180.65003996006982
2011-12-29 10:00:00,79.36093096210166
2011-12-29 11:00:00,91.00588298966149
2011-12-29 12:00:00,101.9938585707298
2011-12-29 13:00:00,106.56297220576283
2011-12-29 14:00:00,117.26002270466928
2011-12-29 15:00:00,115.42059636726113
2011-12-29 16:00:00,146.68843328393484
2011-12-29 17:00:00,264.3326980496448
2011-12-29 18:00:00,256.73836984909804
2011-12-29 19:00:00,180.21220470288085
2011-12-29 20:00:00,131.3329601909523
2011-12-29 21:00:00,101.5286123764592
2011-12-29 22:00:00,76.19016395779121
2011-12-29 23:00:00,58.18025826496408
2011-12-30 00:00:00,31.113159386207613
2011-12-30 01:00:00,12.44498645728982
2011-12-30 02:00:00,9.922611381825874
2011-12-30 03:00:00,3.6336823941443663
2011-12-30 04:00:00,3.041068888451297
2011-12-30 05:00:00,18.363931073964523
2011-12-30 06:00:00,65.73822969262184
2011-12-30 07:00:00,174.86904996463304
2011-12-30 08:00:00,257.8096946300722
2011-12-30 09:00:00,194.4168738204344
2011-12-30 10:00:00,91.07529532602126
2011-12-30 11:00:00,124.22974394863292
2011-12-30 12:00:00,137.13957764960446
2011-12-30 13:00:00,145.47680004209474
2011-12-30 14:00:00,162.99420718424125
2011-12-30 15:00:00,178.5707797178742
2011-12-30 16:00:00,252.62455171475742
2011-12-30 17:00:00,320.48275944102147
2011-12-30 18:00:00,298.1991684118745
2011-12-30 19:00:00,191.20938993895376
2011-12-30 20:00:00,148.4152604635535
2011-12-30 21:00:00,115.38025320049852
2011-12-30 22:00:00,82.65885036811225
2011-12-30 23:00:00,65.01699799805682
2011-12-31 00:00:00,70.0609862155479
2011-12-31 01:00:00,64.06304056683544
2011-12-31 02:00:00,60.56027821122345
2011-12-31 03:00:00,23.604158159253807
2011-12-31 04:00:00,3.3786953961317714
2011-12-31 05:00:00,4.435006918267381
2011-12-31 06:00:00,12.562308570951842
2011-12-31 07:00:00,46.36164595649372
2011-12-31 08:00:00,94.81000015765284
2011-12-31 09:00:00,132.85383144680392
2011-12-31 10:00:00,181.54981634830932
2011-12-31 11:00:00,248.7529018884542
2011-12-31 12:00:00,350.65655323265156
2011-12-31 13:00:00,340.64390960011804
2011-12-31 14:00:00,300.5591363784925
2011-12-31 15:00:00,301.4852897745387
2011-12-31 16:00:00,258.150888217045
2011-12-31 17:00:00,247.6605380420607
2011-12-31 18:00:00,229.1832311642643
2011-12-31 19:00:00,212.71242602746838
2011-12-31 20:00:00,145.8595076294262
2011-12-31 21:00:00,121.84841326244448
2011-12-31 22:00:00,96.55494781954897
2011-12-31 23:00:00,67.01615698654001
2012-01-20 00:00:00,20.52191081584256
2012-01-20 01:00:00,9.785236752136647
2012-01-20 02:00:00,7.5993063490657935
2012-01-20 03:00:00,3.8588242785118467
2012-01-20 04:00:00,2.6716653410571234
2012-01-20 05:00:00,20.528884417960434
2012-01-20 06:00:00,77.75136102817049
2012-01-20 07:00:00,203.79393864755428
2012-01-20 08:00:00,384.24665021069126
2012-01-20 09:00:00,212.15760595652898
2012-01-20 10:00:00,119.45886228189244
2012-01-20 11:00:00,123.83149547448882
2012-01-20 12:00:00,134.08361324942726
2012-01-20 13:00:00,135.84838911694987
2012-01-20 14:00:00,133.9402338977903
2012-01-20 15:00:00,133.636137118167
2012-01-20 16:00:00,180.7960470961675
2012-01-20 17:00:00,251.05294455146404
2012-01-20 18:00:00,249.44515684572616
2012-01-20 19:00:00,212.4674749679486
2012-01-20 20:00:00,174.5597973551096
2012-01-20 21:00:00,93.25420340341766
2012-01-20 22:00:00,67.62833237176757
2012-01-20 23:00:00,50.701102507562055
2012-01-21 00:00:00,32.07970549059903
2012-01-21 01:00:00,33.08333396259373
2012-01-21 02:00:00,28.033484762235936
2012-01-21 03:00:00,14.845644552341613
2012-01-21 04:00:00,4.44456200845377
2012-01-21 05:00:00,3.2409254682109734
2012-01-21 06:00:00,5.352415611130682
2012-01-21 07:00:00,25.20674107703831
2012-01-21 08:00:00,73.65205643895712
2012-01-21 09:00:00,116.76833714987208
2012-01-21 10:00:00,122.11466194656333
2012-01-21 11:00:00,173.3025325853904
2012-01-21 12:00:00,187.3077860990032
2012-01-21 13:00:00,188.86695033224555
2012-01-21 14:00:00,120.63159890415663
2012-01-21 15:00:00,120.46640870782
2012-01-21 16:00:00,174.0715642327192
2012-01-21 17:00:00,140.87884675036676
2012-01-21 18:00:00,133.4861366582277
2012-01-21 19:00:00,106.04189779160868
2012-01-21 20:00:00,97.99607592885599
2012-01-21 21:00:00,67.03760735624031
2012-01-21 22:00:00,56.12817313012666
2012-01-21 23:00:00,47.26186923392734
2012-01-22 00:00:00,52.14147715082076
2012-01-22 01:00:00,46.55194986282245
2012-01-22 02:00:00,35.412809771968334
2012-01-22 03:00:00,17.890587112905436
2012-01-22 04:00:00,4.069504901560219
2012-01-22 05:00:00,3.3808389472725437
2012-01-22 06:00:00,2.995848420616969
2012-01-22 07:00:00,23.06545480552342
2012-01-22 08:00:00,59.77571570363962
2012-01-22 09:00:00,111.14538657719595
2012-01-22 10:00:00,133.0632340006893
2012-01-22 11:00:00,121.35561921044504
2012-01-22 12:00:00,146.70764708418042
2012-01-22 13:00:00,167.43884186206463
2012-01-22 14:00:00,162.79926621845638
2012-01-22 15:00:00,143.12165355857488
2012-01-22 16:00:00,139.5444818880266
2012-01-22 17:00:00,126.06123219025602
2012-01-22 18:00:00,124.70476730659954
2012-01-22 19:00:00,112.81128830760576
2012-01-22 20:00:00,88.09936796979424
2012-01-22 21:00:00,55.633695621804726
2012-01-22 22:00:00,50.54872003262506
2012-01-22 23:00:00,39.77993438901564
2012-01-23 00:00:00,17.949313229019907
2012-01-23 01:00:00,7.265399402519932
2012-01-23 02:00:00,4.211317609909426
2012-01-23 03:00:00,2.864897685467306
2012-01-23 04:00:00,2.8636239661331624
2012-01-23 05:00:00,21.474008278873136
2012-01-23 06:00:00,77.26761789004942
2012-01-23 07:00:00,114.48117550287284
2012-01-23 08:00:00,152.55711896365014
2012-01-23 09:00:00,218.45308366108142
2012-01-23 10:00:00,99.94051024471996
2012-01-23 11:00:00,99.6361396284127
2012-01-23 12:00:00,99.4783071625925
2012-01-23 13:00:00,59.457942806793575
2012-01-23 14:00:00,58.276103223308866
2012-01-23 15:00:00,107.31593524302735
2012-01-23 16:00:00,122.81831481874103
2012-01-23 17:00:00,145.71537803649815
2012-01-23 18:00:00,154.36042458943814
2012-01-23 19:00:00,142.64379303755328
2012-01-23 20:00:00,125.22816461949807
2012-01-23 21:00:00,85.44770981481071
2012-01-23 22:00:00,70.0528877539749
2012-01-23 23:00:00,47.5006227808464
2012-01-24 00:00:00,15.527518700152063
2012-01-24 01:00:00,5.691116421538361
2012-01-24 02:00:00,4.979242947182616
2012-01-24 03:00:00,3.032550545407119
2012-01-24 04:00:00,2.96662227772004
2012-01-24 05:00:00,21.475105351179
2012-01-24 06:00:00,83.69644073336814
2012-01-24 07:00:00,190.3434967013801
2012-01-24 08:00:00,315.0438690679747
2012-01-24 09:00:00,185.67866448212317
2012-01-24 10:00:00,92.47404875989747
2012-01-24 11:00:00,93.62751380515738
2012-01-24 12:00:00,99.08658382277144
2012-01-24 13:00:00,98.42184775273802
2012-01-24 14:00:00,123.65782491008218
2012-01-24 15:00:00,126.67676089183651
2012-01-24 16:00:00,222.66163121921682
2012-01-24 17:00:00,430.84765300033257
2012-01-24 18:00:00,395.87775654010466
2012-01-24 19:00:00,274.9697343599398
2012-01-24 20:00:00,170.96995558985532
2012-01-24 21:00:00,130.53672663034146
2012-01-24 22:00:00,104.05740236395462
2012-01-24 23:00:00,58.68500515720058
2012-01-25 00:00:00,18.16773320722904
2012-01-25 01:00:00,7.448851375086201
2012-01-25 02:00:00,4.784382320314094
2012-01-25 03:00:00,2.822565479864984
2012-01-25 04:00:00,2.5211405745281112
2012-01-25 05:00:00,21.087300169840027
2012-01-25 06:00:00,78.08438009496041
2012-01-25 07:00:00,206.1496076658711
2012-01-25 08:00:00,392.5145330152519
2012-01-25 09:00:00,208.8193766843667
2012-01-25 10:00:00,113.4446649266827
2012-01-25 11:00:00,114.10543976629738
2012-01-25 12:00:00,129.35551155614735
2012-01-25 13:00:00,129.08232036496028
2012-01-25 14:00:00,126.55370760745093
2012-01-25 15:00:00,141.97594237715026
2012-01-25 16:00:00,204.05662274133687
2012-01-25 17:00:00,346.83859681789323
2012-01-25 18:00:00,300.17495138178583
2012-01-25 19:00:00,240.1397146516955
2012-01-25 20:00:00,179.5727818070003
2012-01-25 21:00:00,116.72420330628972
2012-01-25 22:00:00,96.8520675732185
2012-01-25 23:00:00,57.21863585406665
2012-01-26 00:00:00,21.18760146602819
2012-01-26 01:00:00,7.222939041612356
2012-01-26 02:00:00,5.407563443063037
2012-01-26 03:00:00,2.7219727179561537
2012-01-26 04:00:00,3.2270230588690474
2012-01-26 05:00:00,21.912861585609132
2012-01-26 06:00:00,81.10566202422484
2012-01-26 07:00:00,220.96850113581272
2012-01-26 08:00:00,411.968578306077
2012-01-26 09:00:00,203.42585991250326
2012-01-26 10:00:00,117.79044520239943
2012-01-26 11:00:00,112.83003303531738
2012-01-26 12:00:00,117.44939861782397
2012-01-26 13:00:00,134.33381070015042
2012-01-26 14:00:00,138.7042336825827
2012-01-26 15:00:00,142.2315904384314
2012-01-26 16:00:00,220.18712089645857
2012-01-26 17:00:00,423.0447885538443
2012-01-26 18:00:00,415.1872523029183
2012-01-26 19:00:00,272.33130310871945
2012-01-26 20:00:00,191.76986221225678
2012-01-26 21:00:00,144.02665982904963
2012-01-26 22:00:00,111.74366574736058
2012-01-26 23:00:00,88.97355770125563
2012-01-27 00:00:00,38.586033682850505
2012-01-27 01:00:00,11.16209209073148
2012-01-27 02:00:00,8.201520478554315
2012-01-27 03:00:00,4.174284575079662
2012-01-27 04:00:00,3.5378129296424117
2012-01-27 05:00:00,23.651682294488527
2012-01-27 06:00:00,94.40408674007057
2012-01-27 07:00:00,264.6332508155334
2012-01-27 08:00:00,134.48882780256747
2012-01-27 09:00:00,126.42151904854278
2012-01-27 10:00:00,107.66516144729758
2012-01-27 11:00:00,179.37843669565999
2012-01-27 12:00:00,206.1055996342174
2012-01-27 13:00:00,210.0311062546208
2012-01-27 14:00:00,209.09754373817657
2012-01-27 15:00:00,213.26527595765253
2012-01-27 16:00:00,278.1879538800485
2012-01-27 17:00:00,417.6059030670082
2012-01-27 18:00:00,377.7158277079358
2012-01-27 19:00:00,254.93204511511456
2012-01-27 20:00:00,181.8746231334349
2012-01-27 21:00:00,117.91853180411665
2012-01-27 22:00:00,100.81755422713984
2012-01-27 23:00:00,68.5654710745585
2012-01-28 00:00:00,60.491333436514594
2012-01-28 01:00:00,53.94280003404874
2012-01-28 02:00:00,40.03220908204679
2012-01-28 03:00:00,18.92024249679537
2012-01-28 04:00:00,4.481608144930065
2012-01-28 05:00:00,2.6806159188167893
2012-01-28 06:00:00,6.443698576857299
2012-01-28 07:00:00,34.96462996991433
2012-01-28 08:00:00,95.7263864057801
2012-01-28 09:00:00,119.57625265614416
2012-01-28 10:00:00,176.10958490041185
2012-01-28 11:00:00,209.14587718711235
2012-01-28 12:00:00,207.6603944953551
2012-01-28 13:00:00,228.69683904716268
2012-01-28 14:00:00,304.6445731025865
2012-01-28 15:00:00,328.2299199015024
2012-01-28 16:00:00,365.1582774024514
2012-01-28 17:00:00,302.78005233174923
2012-01-28 18:00:00,287.8569866158383
2012-01-28 19:00:00,206.0828535584429
2012-01-28 20:00:00,150.03881193271565
2012-01-28 21:00:00,117.65168681017956
2012-01-28 22:00:00,103.50956996128933
2012-01-28 23:00:00,73.03826841516852
2012-01-29 00:00:00,68.43134264682595
2012-01-29 01:00:00,61.750313613102975
2012-01-29 02:00:00,44.19428351849974
2012-01-29 03:00:00,20.180556505833525
2012-01-29 04:00:00,4.772646014594242
2012-01-29 05:00:00,3.1957714183854162
2012-01-29 06:00:00,3.442702050638808
2012-01-29 07:00:00,25.858114530827866
2012-01-29 08:00:00,68.3580612835799
2012-01-29 09:00:00,101.88095843436706
2012-01-29 10:00:00,161.41424202141377
2012-01-29 11:00:00,204.75551758648416
2012-01-29 12:00:00,245.20600367214814
2012-01-29 13:00:00,246.0372518562101
2012-01-29 14:00:00,243.81186317528167
2012-01-29 15:00:00,304.67836602231546
2012-01-29 16:00:00,283.5044170167937
2012-01-29 17:00:00,252.5315920321386
2012-01-29 18:00:00,204.70134718643848
2012-01-29 19:00:00,150.93550336963085
2012-01-29 20:00:00,106.16922254858419
2012-01-29 21:00:00,82.5947853494587
2012-01-29 22:00:00,75.4639212316492
2012-01-29 23:00:00,47.9796631319639
2012-01-30 00:00:00,19.943601392628956
2012-01-30 01:00:00,6.137549410143454
2012-01-30 02:00:00,4.250310888065055
2012-01-30 03:00:00,2.4211395468075874
2012-01-30 04:00:00,2.180420770299118
2012-01-30 05:00:00,20.43111320148722
2012-01-30 06:00:00,76.93097737795655
2012-01-30 07:00:00,216.4307768850727
2012-01-30 08:00:00,379.12432966106735
2012-01-30 09:00:00,201.64082078593597
2012-01-30 10:00:00,110.01476061116432
2012-01-30 11:00:00,110.81305884526245
2012-01-30 12:00:00,127.06187689737739
2012-01-30 13:00:00,119.03190952220801
2012-01-30 14:00:00,123.71321595026036
2012-01-30 15:00:00,131.08278594498856
2012-01-30 16:00:00,218.85392104606976
2012-01-30 17:00:00,378.8453049719128
2012-01-30 18:00:00,371.06637081926823
2012-01-30 19:00:00,219.21166538003044
2012-01-30 20:00:00,176.45535313994313
2012-01-30 21:00:00,121.81611622055796
2012-01-30 22:00:00,81.79060821080999
2012-01-30 23:00:00,50.116308833278985
2012-01-31 00:00:00,17.527132167703492
2012-01-31 01:00:00,6.7136249367330585
2012-01-31 02:00:00,4.582800277143971
2012-01-31 03:00:00,2.552538832138169
2012-01-31 04:00:00,2.2260902091193886
2012-01-31 05:00:00,20.9743125515892
2012-01-31 06:00:00,81.3238957653123
2012-01-31 07:00:00,217.71326715824307
2012-01-31 08:00:00,432.7085473575427
2012-01-31 09:00:00,210.10634738399125
2012-01-31 10:00:00,113.87551129564086
2012-01-31 11:00:00,128.71547476859035
2012-01-31 12:00:00,142.7949642115646
2012-01-31 13:00:00,173.7338639814292
2012-01-31 14:00:00,185.77695695488393
2012-01-31 15:00:00,196.40439366688943
2012-01-31 16:00:00,315.68032695598095
2012-01-31 17:00:00,478.66388816075806
2012-01-31 18:00:00,477.3668559446312
2012-01-31 19:00:00,350.35211192836044
2012-01-31 20:00:00,186.33437717249285
2012-01-31 21:00:00,158.60123313654418
2012-01-31 22:00:00,113.27094668301002
2012-01-31 23:00:00,68.7397076328536
2012-02-20 00:00:00,22.03473143665186
2012-02-20 01:00:00,15.912065671304509
2012-02-20 02:00:00,12.234886625333482
2012-02-20 03:00:00,5.221669730652234
2012-02-20 05:00:00,5.199028005995389
2012-02-20 06:00:00,15.191276564128275
2012-02-20 07:00:00,37.55912988297402
2012-02-20 08:00:00,99.50185076332457
2012-02-20 09:00:00,116.91568616866005
2012-02-20 10:00:00,164.47764102824482
2012-02-20 11:00:00,183.74309437184135
2012-02-20 12:00:00,205.7832710247246
2012-02-20 13:00:00,205.96893046735858
2012-02-20 14:00:00,227.7750241788732
2012-02-20 15:00:00,215.38825216847528
2012-02-20 16:00:00,285.77826137099635
2012-02-20 17:00:00,364.3155520246736
2012-02-20 18:00:00,263.02900749479653
2012-02-20 19:00:00,194.50926800361822
2012-02-20 20:00:00,157.76172506992378
2012-02-20 21:00:00,97.9543704920545
2012-02-20 22:00:00,74.34570723259256
2012-02-20 23:00:00,50.42713207739236
2012-02-21 00:00:00,20.487000540647198
2012-02-21 01:00:00,6.830160640506395
2012-02-21 02:00:00,4.2775164729860204
2012-02-21 04:00:00,2.3680310369341533
2012-02-21 05:00:00,22.126554491571426
2012-02-21 06:00:00,77.51735925687933
2012-02-21 07:00:00,267.95008961211545
2012-02-21 08:00:00,420.88636175964734
2012-02-21 09:00:00,238.53661333955918
2012-02-21 10:00:00,107.43469673795484
2012-02-21 11:00:00,110.97914233286556
2012-02-21 12:00:00,133.23077366898858
2012-02-21 13:00:00,150.4165755213546
2012-02-21 14:00:00,147.43431715388294
2012-02-21 15:00:00,151.00306758835796
2012-02-21 16:00:00,236.52747501760885
2012-02-21 17:00:00,418.8417193778581
2012-02-21 18:00:00,415.5830705815632
2012-02-21 19:00:00,276.6121104227744
2012-02-21 20:00:00,195.1612322678878
2012-02-21 21:00:00,159.02574472711444
2012-02-21 22:00:00,107.8378348127957
2012-02-21 23:00:00,54.34410587953443
2012-02-22 00:00:00,23.47872283913059
2012-02-22 01:00:00,8.011315037874935
2012-02-22 02:00:00,5.508745099322068
2012-02-22 03:00:00,3.2781949350134147
2012-02-22 04:00:00,2.5266111645865057
2012-02-22 05:00:00,22.71473662642848
2012-02-22 06:00:00,84.0623033931662
2012-02-22 07:00:00,268.95607753592594
2012-02-22 08:00:00,433.4659131599042
2012-02-22 09:00:00,228.76318368754994
2012-02-22 10:00:00,118.00832071946517
2012-02-22 11:00:00,133.7580358992744
2012-02-22 12:00:00,153.16215374604724
2012-02-22 13:00:00,160.50463946041154
2012-02-22 14:00:00,162.92180146127274
2012-02-22 15:00:00,195.1252871149986
2012-02-22 16:00:00,318.1411110948708
2012-02-22 17:00:00,493.1310522665036
2012-02-22 18:00:00,445.155525741623
2012-02-22 19:00:00,293.78196553350324
2012-02-22 20:00:00,201.94627727458266
2012-02-22 21:00:00,164.6511301267526
2012-02-22 22:00:00,118.33336993814284
2012-02-22 23:00:00,79.46355904791118
2012-02-23 00:00:00,30.95741315603387
2012-02-23 01:00:00,8.348867585779809
2012-02-23 02:00:00,8.839717171118632
2012-02-23 03:00:00,4.136520813661089
2012-02-23 04:00:00,3.4775974747451475
2012-02-23 05:00:00,24.403611676493906
2012-02-23 06:00:00,86.82477522365657
2012-02-23 07:00:00,248.43320074819835
2012-02-23 08:00:00,364.5843636680875
2012-02-23 09:00:00,211.3250412245498
2012-02-23 10:00:00,154.69142066210625
2012-02-23 11:00:00,175.56846154122735
2012-02-23 12:00:00,203.0942676736362
2012-02-23 13:00:00,203.05392540572245
2012-02-23 14:00:00,212.63883470808898
2012-02-23 15:00:00,216.8195965723449
2012-02-23 16:00:00,319.1022509749687
2012-02-23 17:00:00,517.1288733668716
2012-02-23 18:00:00,518.8736792370748
2012-02-23 19:00:00,354.8518714346982
2012-02-23 20:00:00,211.80192927195367
2012-02-23 21:00:00,157.4242458519509
2012-02-23 22:00:00,125.04603943908452
2012-02-23 23:00:00,97.50271778735582
2012-02-24 00:00:00,41.21791879562676
2012-02-24 01:00:00,14.469569957087916
2012-02-24 02:00:00,7.449624308567382
2012-02-24 03:00:00,4.544292076026825
2012-02-24 04:00:00,3.295326091413913
2012-02-24 05:00:00,25.199025314906642
2012-02-24 06:00:00,86.57482710637615
2012-02-24 07:00:00,292.9020835442796
2012-02-24 08:00:00,383.9601186107199
2012-02-24 09:00:00,125.55331520967482
2012-02-24 10:00:00,78.17968210180209
2012-02-24 11:00:00,135.85093541954458
2012-02-24 12:00:00,171.5110665416887
2012-02-24 13:00:00,171.28239423068976
2012-02-24 14:00:00,195.6035986952092
2012-02-24 15:00:00,110.46253193535892
2012-02-24 16:00:00,157.42272620969476
2012-02-24 17:00:00,222.495381776638
2012-02-24 18:00:00,321.97283642541777
2012-02-24 19:00:00,253.7129355290196
2012-02-24 20:00:00,174.4665266984989
2012-02-24 21:00:00,136.97735475512408
2012-02-24 22:00:00,119.80029592172332
2012-02-24 23:00:00,86.79473637912034
2012-02-25 00:00:00,69.39612784065132
2012-02-25 01:00:00,63.70299207471089
2012-02-25 02:00:00,43.34875770620789
2012-02-25 03:00:00,16.329845149782063
2012-02-25 04:00:00,4.3205429392508865
2012-02-25 05:00:00,3.8025210923810397
2012-02-25 06:00:00,7.378143670852294
2012-02-25 07:00:00,31.971613734386498
2012-02-25 08:00:00,78.8673969926401
2012-02-25 09:00:00,106.27213118635201
2012-02-25 10:00:00,176.01282190032327
2012-02-25 11:00:00,201.85840968558514
2012-02-25 12:00:00,247.58225263663954
2012-02-25 13:00:00,278.1077700826398
2012-02-25 14:00:00,240.26080113437453
2012-02-25 15:00:00,265.3664593630234
2012-02-25 16:00:00,228.75293416612243
2012-02-25 17:00:00,175.39103875969062
2012-02-25 18:00:00,163.16590029998773
2012-02-25 19:00:00,120.38397026216593
2012-02-25 20:00:00,99.71658024339503
2012-02-25 21:00:00,71.84553346202783
2012-02-25 22:00:00,60.9818656539702
2012-02-25 23:00:00,55.650898858013186
2012-02-26 00:00:00,63.57836114247194
2012-02-26 01:00:00,56.687208300982064
2012-02-26 02:00:00,40.1233079776281
2012-02-26 03:00:00,19.89224938125801
2012-02-26 04:00:00,3.5466043952872557
2012-02-26 05:00:00,2.8825272727438365
2012-02-26 06:00:00,4.397990373193098
2012-02-26 07:00:00,22.122609585961143
2012-02-26 08:00:00,65.68769745118125
2012-02-26 09:00:00,103.11133259223398
2012-02-26 10:00:00,183.3670203986802
2012-02-26 11:00:00,206.71792077385706
2012-02-26 12:00:00,237.584094036066
2012-02-26 13:00:00,279.53820381149603
2012-02-26 14:00:00,276.2190935395304
2012-02-26 15:00:00,312.1116273406957
2012-02-26 16:00:00,311.56227554899357
2012-02-26 17:00:00,279.46858455456794
2012-02-26 18:00:00,218.47855918879537
2012-02-26 19:00:00,170.60029226033387
2012-02-26 20:00:00,119.02987682107702
2012-02-26 21:00:00,83.46226817142905
2012-02-26 22:00:00,72.9153167353447
2012-02-26 23:00:00,44.00706454682182
2012-02-27 00:00:00,17.52773822282366
2012-02-27 01:00:00,7.17422860396105
2012-02-27 02:00:00,4.459961153918256
2012-02-27 03:00:00,2.6263339387356557
2012-02-27 04:00:00,2.283826098698446
2012-02-27 05:00:00,21.697561967041267
2012-02-27 06:00:00,83.07853081489603
2012-02-27 07:00:00,243.13210283720733
2012-02-27 08:00:00,420.9168923101402
2012-02-27 09:00:00,217.82899352353627
2012-02-27 10:00:00,133.98728372714675
2012-02-27 11:00:00,144.2373789342326
2012-02-27 12:00:00,156.08256478644878
2012-02-27 13:00:00,160.02547407397907
2012-02-27 14:00:00,179.604733088634
2012-02-27 15:00:00,191.7853354720225
2012-02-27 16:00:00,316.9736613189536
2012-02-27 17:00:00,496.0013551055122
2012-02-27 18:00:00,478.52949969321776
2012-02-27 19:00:00,359.13157756778526
2012-02-27 20:00:00,211.40994232797192
2012-02-27 21:00:00,159.56300903290446
2012-02-27 22:00:00,114.52772550765545
2012-02-27 23:00:00,68.71922348209458
2012-02-28 00:00:00,28.738750977210422
2012-02-28 01:00:00,8.586592898142623
2012-02-28 02:00:00,8.089436398442059
2012-02-28 03:00:00,3.2123305610727346
2012-02-28 04:00:00,2.294548934898999
2012-02-28 05:00:00,20.59057299303291
2012-02-28 06:00:00,82.62570580289986
2012-02-28 07:00:00,253.71238237685665
2012-02-28 08:00:00,409.77307749129153
2012-02-28 09:00:00,229.4053168712041
2012-02-28 10:00:00,125.12620934464822
2012-02-28 11:00:00,131.4445895772031
2012-02-28 12:00:00,143.87251272626335
2012-02-28 13:00:00,152.16612530779497
2012-02-28 14:00:00,156.15996785312882
2012-02-28 15:00:00,162.5697520586664
2012-02-28 16:00:00,266.78170292639203
2012-02-28 17:00:00,460.18690646421624
2012-02-28 18:00:00,456.52467698878013
2012-02-28 19:00:00,278.4612867352559
2012-02-28 20:00:00,183.82549209169366
2012-02-28 21:00:00,149.00027206308255
2012-02-28 22:00:00,111.23573851718244
2012-02-28 23:00:00,56.336696731552244
2012-02-29 00:00:00,24.386648604916335
2012-02-29 01:00:00,8.188788688105564
2012-02-29 02:00:00,4.9734482862494875
2012-02-29 03:00:00,2.2254503691121648
2012-02-29 05:00:00,22.912998178994208
2012-02-29 06:00:00,82.4124698924459
2012-02-29 07:00:00,238.1390106009719
2012-02-29 08:00:00,436.2392458329598
2012-02-29 09:00:00,111.87133023645632
2012-02-29 10:00:00,57.88707678160682
2012-02-29 11:00:00,59.10572605181193
2012-02-29 12:00:00,61.95082534252679
2012-02-29 13:00:00,100.05534170967897
2012-02-29 14:00:00,98.94410107575783
2012-02-29 15:00:00,152.66114369585364
2012-02-29 16:00:00,152.55458563391755
2012-02-29 17:00:00,314.54164239129045
2012-02-29 18:00:00,257.169734239612
2012-02-29 19:00:00,253.46292214443025
2012-02-29 20:00:00,132.93323635767484
2012-02-29 21:00:00,95.16813314320679
2012-02-29 22:00:00,68.23558834100508
2012-02-29 23:00:00,74.19385608848881
2012-03-20 00:00:00,27.736820285196114
2012-03-20 01:00:00,15.09131932332707
2012-03-20 02:00:00,5.177172260260869
2012-03-20 03:00:00,3.598610437270092
2012-03-20 04:00:00,3.428928666659519
2012-03-20 05:00:00,29.084313159409003
2012-03-20 06:00:00,120.19460911708937
2012-03-20 07:00:00,112.79947195635388
2012-03-20 08:00:00,504.6256804509236
2012-03-20 09:00:00,311.24276977400666
2012-03-20 10:00:00,156.70336652346833
2012-03-20 11:00:00,160.25064920812443
2012-03-20 12:00:00,201.72982187318482
2012-03-20 13:00:00,218.73146238719897
2012-03-20 14:00:00,218.89382462204253
2012-03-20 15:00:00,254.34650531667438
2012-03-20 16:00:00,301.0336638426768
2012-03-20 17:00:00,662.7897299811368
2012-03-20 18:00:00,658.2593070308317
2012-03-20 19:00:00,478.3208433946711
2012-03-20 20:00:00,310.9589654326383
2012-03-20 21:00:00,224.01507498461328
2012-03-20 22:00:00,148.2480009733799
2012-03-20 23:00:00,87.75631497895935
2012-03-21 00:00:00,32.69691623932569
2012-03-21 01:00:00,17.512417710808414
2012-03-21 02:00:00,6.090741361345936
2012-03-21 03:00:00,3.6414041854629957
2012-03-21 04:00:00,3.6974527893125932
2012-03-21 05:00:00,29.328098158515907
2012-03-21 06:00:00,126.76934708432641
2012-03-21 07:00:00,112.19344108402447
2012-03-21 08:00:00,134.11192957793435
2012-03-21 09:00:00,313.10003740528254
2012-03-21 10:00:00,152.5136424126286
2012-03-21 11:00:00,145.6183323912279
2012-03-21 12:00:00,223.74560925285422
2012-03-21 13:00:00,215.34549448707932
2012-03-21 14:00:00,210.1055924302304
2012-03-21 15:00:00,226.23991174990286
2012-03-21 16:00:00,300.090313935078
2012-03-21 17:00:00,674.2723624408407
2012-03-21 18:00:00,679.4303029152189
2012-03-21 19:00:00,525.1401098279364
2012-03-21 20:00:00,289.77643397662695
2012-03-21 21:00:00,210.51063488374263
2012-03-21 22:00:00,161.39502676319393
2012-03-21 23:00:00,103.79533450525967
2012-03-22 00:00:00,42.49624102558453
2012-03-22 01:00:00,18.30706802241376
2012-03-22 02:00:00,7.068037657072603
2012-03-22 03:00:00,4.502827431253332
2012-03-22 04:00:00,3.843982068112349
2012-03-22 05:00:00,27.529173238888816
2012-03-22 06:00:00,125.70167756015898
2012-03-22 07:00:00,358.43822165386575
2012-03-22 08:00:00,498.8996136204233
2012-03-22 09:00:00,294.76006020064136
2012-03-22 10:00:00,145.74870376447873
2012-03-22 11:00:00,140.0736439219065
2012-03-22 12:00:00,190.00226995659898
2012-03-22 13:00:00,220.786912873415
2012-03-22 14:00:00,220.56520574173933
2012-03-22 15:00:00,252.90177644364172
2012-03-22 16:00:00,344.80299800406385
2012-03-22 17:00:00,706.9349239989058
2012-03-22 18:00:00,723.7689234959239
2012-03-22 19:00:00,523.4016076181127
2012-03-22 20:00:00,346.35288228812755
2012-03-22 21:00:00,224.71011190418716
2012-03-22 22:00:00,173.83943874856226
2012-03-22 23:00:00,111.94972456326674
2012-03-23 00:00:00,51.43381154390405
2012-03-23 01:00:00,20.940559213633648
2012-03-23 02:00:00,7.710359434605821
2012-03-23 03:00:00,4.538918062476542
2012-03-23 04:00:00,3.941675987816592
2012-03-23 05:00:00,27.47975117741799
2012-03-23 06:00:00,124.79060647077137
2012-03-23 07:00:00,344.33854450730905
2012-03-23 08:00:00,493.0740772857625
2012-03-23 09:00:00,301.582251563213
2012-03-23 10:00:00,194.580699501484
2012-03-23 11:00:00,247.14393227157055
2012-03-23 12:00:00,296.3553593241285
2012-03-23 13:00:00,321.5334783677584
2012-03-23 14:00:00,320.07761367613614
2012-03-23 15:00:00,322.9924430000004
2012-03-23 16:00:00,438.2115348457375
2012-03-23 17:00:00,747.7354040680397
2012-03-23 18:00:00,729.1008915676829
2012-03-23 19:00:00,508.7254283543622
2012-03-23 20:00:00,335.3866371254411
2012-03-23 21:00:00,262.4067131910259
2012-03-23 22:00:00,219.44334887391716
2012-03-23 23:00:00,158.94391783872842
2012-03-24 00:00:00,107.29430859428444
2012-03-24 01:00:00,99.72655152043552
2012-03-24 02:00:00,49.57557622352908
2012-03-24 03:00:00,30.071812502558576
2012-03-24 04:00:00,8.678006811584726
2012-03-24 05:00:00,8.200163049620524
2012-03-24 06:00:00,24.39941190759037
2012-03-24 07:00:00,83.4936960787461
2012-03-24 08:00:00,206.02605491025412
2012-03-24 09:00:00,290.5589621067749
2012-03-24 10:00:00,358.42918207325937
2012-03-24 11:00:00,396.87543811272843
2012-03-24 12:00:00,97.27628831897495
2012-03-24 13:00:00,99.945079625758
2012-03-24 14:00:00,97.9925351639142
2012-03-24 15:00:00,123.67246220586212
2012-03-24 16:00:00,149.3013213005388
2012-03-24 17:00:00,173.92067692536475
2012-03-24 18:00:00,178.61851985420992
2012-03-24 19:00:00,152.18361572598346
2012-03-24 20:00:00,112.72154019159247
2012-03-24 21:00:00,84.89686241475144
2012-03-24 22:00:00,74.12470009266029
2012-03-24 23:00:00,114.71125962196193
2012-03-25 00:00:00,88.79652071570531
2012-03-25 01:00:00,80.08722186388977
2012-03-25 02:00:00,48.285806601440214
2012-03-25 03:00:00,18.6224913191052
2012-03-25 04:00:00,6.542527199606319
2012-03-25 05:00:00,6.153601493879016
2012-03-25 06:00:00,10.022002582699827
2012-03-25 07:00:00,57.85714215716154
2012-03-25 08:00:00,107.68958928670905
2012-03-25 09:00:00,180.87434485452135
2012-03-25 10:00:00,256.3471135915345
2012-03-25 11:00:00,255.7838809111628
2012-03-25 12:00:00,257.9257618215461
2012-03-25 13:00:00,328.9364989678024
2012-03-25 14:00:00,347.58839056710354
2012-03-25 15:00:00,339.4963629825676
2012-03-25 16:00:00,336.8036161118832
2012-03-25 17:00:00,433.4795283980018
2012-03-25 18:00:00,393.12541459367105
2012-03-25 19:00:00,300.85563551073136
2012-03-25 20:00:00,202.87247530770986
2012-03-25 21:00:00,163.5898635009073
2012-03-25 22:00:00,107.70514243177546
2012-03-25 23:00:00,61.233462571346166
2012-03-26 00:00:00,28.121537314921746
2012-03-26 01:00:00,13.13224263600934
2012-03-26 02:00:00,6.9645410175802915
2012-03-26 03:00:00,3.876475636366472
2012-03-26 04:00:00,4.120791507145423
2012-03-26 05:00:00,28.609327119157633
2012-03-26 06:00:00,117.74854155580161
2012-03-26 07:00:00,373.5774770216086
2012-03-26 08:00:00,597.3394177855555
2012-03-26 09:00:00,306.3268054582329
2012-03-26 10:00:00,182.47981493793154
2012-03-26 11:00:00,208.3564486094981
2012-03-26 12:00:00,227.40750662818937
2012-03-26 13:00:00,221.23934384642507
2012-03-26 14:00:00,221.32035859119668
2012-03-26 15:00:00,227.8865985730255
2012-03-26 16:00:00,321.29147354729344
2012-03-26 17:00:00,555.9228606720543
2012-03-26 18:00:00,505.7330471429414
2012-03-26 19:00:00,320.0638362392103
2012-03-26 20:00:00,222.2051770483732
2012-03-26 21:00:00,165.8882811301715
2012-03-26 22:00:00,111.17917737162705
2012-03-26 23:00:00,63.00465268454397
2012-03-27 00:00:00,22.183538614808292
2012-03-27 01:00:00,7.224679706599211
2012-03-27 02:00:00,4.485212555308463
2012-03-27 03:00:00,2.9613615951154104
2012-03-27 04:00:00,2.5625180886011067
2012-03-27 05:00:00,22.42519019267035
2012-03-27 06:00:00,88.23035601798648
2012-03-27 07:00:00,271.0719103428217
2012-03-27 08:00:00,465.80195348845785
2012-03-27 09:00:00,252.58472945262514
2012-03-27 10:00:00,140.9870716708397
2012-03-27 11:00:00,154.90514185269856
2012-03-27 12:00:00,181.56729032649974
2012-03-27 13:00:00,185.82104529188587
2012-03-27 14:00:00,198.5622557758001
2012-03-27 15:00:00,205.88025347769275
2012-03-27 16:00:00,316.51528978076556
2012-03-27 17:00:00,529.4987058194731
2012-03-27 18:00:00,505.96269209760084
2012-03-27 19:00:00,314.7549381054851
2012-03-27 20:00:00,233.58957777427955
2012-03-27 21:00:00,161.35394641157885
2012-03-27 22:00:00,125.35348005070902
2012-03-27 23:00:00,71.30603778840235
2012-03-28 00:00:00,26.866833300588144
2012-03-28 01:00:00,9.168267263047916
2012-03-28 02:00:00,5.273670253006081
2012-03-28 03:00:00,2.7507769215793827
2012-03-28 04:00:00,2.567904016735768
2012-03-28 05:00:00,26.14169868543417
2012-03-28 06:00:00,99.63199416311272
2012-03-28 07:00:00,317.5334772159091
2012-03-28 08:00:00,541.7169637203856
2012-03-28 09:00:00,321.91231406289137
2012-03-28 10:00:00,181.58145674941517
2012-03-28 11:00:00,208.2243263318348
2012-03-28 12:00:00,257.2623349019346
2012-03-28 13:00:00,246.56566830501365
2012-03-28 14:00:00,247.30966391507215
2012-03-28 15:00:00,263.9037943449569
2012-03-28 16:00:00,303.7600475655925
2012-03-28 17:00:00,709.9766329526801
2012-03-28 18:00:00,718.1173941120758
2012-03-28 19:00:00,526.6932696533278
2012-03-28 20:00:00,354.00927276516677
2012-03-28 21:00:00,246.75280203578941
2012-03-28 22:00:00,188.05158086228687
2012-03-28 23:00:00,107.71599639616721
2012-03-29 00:00:00,42.44862319733143
2012-03-29 01:00:00,18.521731726934775
2012-03-29 02:00:00,10.457913445353803
2012-03-29 03:00:00,5.186668119636492
2012-03-29 04:00:00,5.267893088119466
2012-03-29 05:00:00,30.597023145557348
2012-03-29 06:00:00,122.96746176676444
2012-03-29 07:00:00,379.8473333463198
2012-03-29 08:00:00,586.4169658681856
2012-03-29 09:00:00,321.6549397235182
2012-03-29 10:00:00,179.85464064286427
2012-03-29 11:00:00,212.36706938394764
2012-03-29 12:00:00,244.65287357169422
2012-03-29 13:00:00,235.17052836440237
2012-03-29 14:00:00,233.57491367713
2012-03-29 15:00:00,249.01348293736453
2012-03-29 16:00:00,371.2539725386307
2012-03-29 17:00:00,613.3813161540871
2012-03-29 18:00:00,626.8681221556807
2012-03-29 19:00:00,396.7149848437438
2012-03-29 20:00:00,255.84657366527512
2012-03-29 21:00:00,188.11313368237478
2012-03-29 22:00:00,144.21149196456776
2012-03-29 23:00:00,95.30048590668548
2012-03-30 00:00:00,46.06448031381339
2012-03-30 01:00:00,18.650468465199452
2012-03-30 02:00:00,9.393777043963244
2012-03-30 03:00:00,4.039900222375638
2012-03-30 04:00:00,4.001505334950301
2012-03-30 05:00:00,23.439061879402242
2012-03-30 06:00:00,89.89978796406335
2012-03-30 07:00:00,286.7879008322162
2012-03-30 08:00:00,557.2885491716429
2012-03-30 09:00:00,282.5887472905257
2012-03-30 10:00:00,171.05813720198992
2012-03-30 11:00:00,184.652554859968
2012-03-30 12:00:00,223.32593965884286
2012-03-30 13:00:00,109.93729751777768
2012-03-30 14:00:00,104.8494706306508
2012-03-30 15:00:00,106.40042831737453
2012-03-30 16:00:00,150.9862646540595
2012-03-30 17:00:00,472.14979835508655
2012-03-30 18:00:00,484.71592450708704
2012-03-30 19:00:00,291.3977401023193
2012-03-30 20:00:00,216.97576355015968
2012-03-30 21:00:00,165.93687880068606
2012-03-30 22:00:00,133.54138910341018
2012-03-30 23:00:00,111.32426769888002
2012-03-31 00:00:00,80.25029861350134
2012-03-31 01:00:00,75.72242551497204
2012-03-31 02:00:00,46.594447746899384
2012-03-31 03:00:00,21.98160428679745
2012-03-31 04:00:00,6.146678668531319
2012-03-31 05:00:00,6.763003048849596
2012-03-31 06:00:00,15.228569202659747
2012-03-31 07:00:00,50.918955902870465
2012-03-31 08:00:00,130.29619678499768
2012-03-31 09:00:00,243.49803059767729
2012-03-31 10:00:00,285.8170944866028
2012-03-31 11:00:00,467.2176123062769
2012-03-31 12:00:00,462.03784487931506
2012-03-31 13:00:00,539.9571938928267
2012-03-31 14:00:00,479.62209203661695
2012-03-31 15:00:00,483.3386017517969
2012-03-31 16:00:00,483.16990767886625
2012-03-31 17:00:00,410.6622951496374
2012-03-31 18:00:00,310.9952326764401
2012-03-31 19:00:00,240.85231330988782
2012-03-31 20:00:00,169.9054505104875
2012-03-31 21:00:00,149.42270666004984
2012-03-31 22:00:00,130.48904618829647
2012-03-31 23:00:00,90.96819054471563
2012-04-20 00:00:00,55.44113837578644
2012-04-20 01:00:00,21.990842901683415
2012-04-20 02:00:00,9.119147775010488
2012-04-20 03:00:00,4.853562786022351
2012-04-20 04:00:00,3.9779276403849972
2012-04-20 05:00:00,27.3685099855175
2012-04-20 06:00:00,116.86339277082529
2012-04-20 07:00:00,322.6758611246081
2012-04-20 08:00:00,544.4805197371835
2012-04-20 09:00:00,311.4496123102283
2012-04-20 10:00:00,216.451583216508
2012-04-20 11:00:00,266.8934519296032
2012-04-20 12:00:00,361.5198892834368
2012-04-20 13:00:00,371.51060423550234
2012-04-20 14:00:00,372.59969922122605
2012-04-20 15:00:00,380.90909631020344
2012-04-20 16:00:00,456.5431447596849
2012-04-20 17:00:00,719.2285479793663
2012-04-20 18:00:00,686.5259218765899
2012-04-20 19:00:00,520.3206171842429
2012-04-20 20:00:00,328.6337151227898
2012-04-20 21:00:00,244.53811509394225
2012-04-20 22:00:00,206.74198373292677
2012-04-20 23:00:00,153.21662512153804
2012-04-21 00:00:00,113.34922773500033
2012-04-21 01:00:00,104.02201732403131
2012-04-21 02:00:00,56.38244644738141
2012-04-21 03:00:00,25.79603633630913
2012-04-21 04:00:00,9.596181701977645
2012-04-21 05:00:00,11.379116528650053
2012-04-21 06:00:00,31.134056745328206
2012-04-21 07:00:00,71.63900283107432
2012-04-21 08:00:00,203.32091149584588
2012-04-21 09:00:00,290.40778125809055
2012-04-21 10:00:00,442.38895811589373
2012-04-21 11:00:00,467.3461303992651
2012-04-21 12:00:00,561.3699008501903
2012-04-21 13:00:00,599.0256512244571
2012-04-21 14:00:00,602.668856809268
2012-04-21 15:00:00,612.7658320683908
2012-04-21 16:00:00,566.3489866510103
2012-04-21 17:00:00,618.157050160632
2012-04-21 18:00:00,503.069815797817
2012-04-21 19:00:00,295.05609710881055
2012-04-21 20:00:00,94.46493736009035
2012-04-21 21:00:00,83.08284088231557
2012-04-21 22:00:00,168.6921593285936
2012-04-21 23:00:00,115.25454105396446
2012-04-22 00:00:00,109.84206837834488
2012-04-22 01:00:00,98.18424680021457
2012-04-22 02:00:00,56.90888872641184
2012-04-22 03:00:00,28.364852085219336
2012-04-22 04:00:00,12.425253450964167
2012-04-22 05:00:00,11.572791894117783
2012-04-22 06:00:00,20.191105861472682
2012-04-22 07:00:00,59.92004651880469
2012-04-22 08:00:00,66.8449890753408
2012-04-22 09:00:00,76.58369940515585
2012-04-22 10:00:00,79.52116702213458
2012-04-22 11:00:00,83.88350927751296
2012-04-22 12:00:00,82.84839899592619
2012-04-22 13:00:00,85.67958910950493
2012-04-22 14:00:00,87.96878375055067
2012-04-22 15:00:00,115.4732851975686
2012-04-22 16:00:00,152.6074079046028
2012-04-22 17:00:00,169.9226154575124
2012-04-22 18:00:00,159.98336833163384
2012-04-22 19:00:00,136.06065160773034
2012-04-22 20:00:00,105.30261456947053
2012-04-22 21:00:00,79.65991617850976
2012-04-22 22:00:00,65.34520323518636
2012-04-22 23:00:00,58.42827809288468
2012-04-23 00:00:00,20.439022636021832
2012-04-23 01:00:00,6.672969428530946
2012-04-23 02:00:00,5.121022598955101
2012-04-23 03:00:00,2.674216957075568
2012-04-23 04:00:00,2.5966701130415957
2012-04-23 05:00:00,22.02720262402396
2012-04-23 06:00:00,95.95788697360098
2012-04-23 07:00:00,161.9035098144561
2012-04-23 08:00:00,522.4067210592153
2012-04-23 09:00:00,270.2136453687176
2012-04-23 10:00:00,154.46903401826705
2012-04-23 11:00:00,158.5059409185177
2012-04-23 12:00:00,107.03316960104223
2012-04-23 13:00:00,110.45743807837798
2012-04-23 14:00:00,112.01564284938638
2012-04-23 15:00:00,164.21545282353986
2012-04-23 16:00:00,165.3753746269076
2012-04-23 17:00:00,272.9954673608925
2012-04-23 18:00:00,266.96458899987186
2012-04-23 19:00:00,315.39383241335486
2012-04-23 20:00:00,218.96530025608288
2012-04-23 21:00:00,151.00299409951245
2012-04-23 22:00:00,116.99989162553696
2012-04-23 23:00:00,68.23732470267969
2012-04-24 00:00:00,23.27194342777647
2012-04-24 01:00:00,9.462151886769478
2012-04-24 02:00:00,5.094827412786934
2012-04-24 03:00:00,2.6144670509939845
2012-04-24 04:00:00,2.3581465171292573
2012-04-24 05:00:00,24.468622413233653
2012-04-24 06:00:00,99.49452847284022
2012-04-24 07:00:00,320.8563887058342
2012-04-24 08:00:00,587.1651895718094
2012-04-24 09:00:00,320.5042262422896
2012-04-24 10:00:00,188.12571657462453
2012-04-24 11:00:00,218.49955160413748
2012-04-24 12:00:00,240.54434252932168
2012-04-24 13:00:00,239.99300834802727
2012-04-24 14:00:00,238.24745368643426
2012-04-24 15:00:00,256.00088892869763
2012-04-24 16:00:00,392.53224028751083
2012-04-24 17:00:00,664.1542806935543
2012-04-24 18:00:00,688.5810591112128
2012-04-24 19:00:00,507.78512181607954
2012-04-24 20:00:00,293.111510136476
2012-04-24 21:00:00,231.79768817741694
2012-04-24 22:00:00,159.9439440741713
2012-04-24 23:00:00,90.96245245471513
2012-04-25 00:00:00,32.63838602037681
2012-04-25 01:00:00,10.308708572508925
2012-04-25 02:00:00,6.400814897592118
2012-04-25 03:00:00,2.708245778234525
2012-04-25 04:00:00,2.6293808418094735
2012-04-25 05:00:00,26.490307847385903
2012-04-25 06:00:00,103.2221529994338
2012-04-25 07:00:00,326.9859004574782
2012-04-25 08:00:00,546.1558438600623
2012-04-25 09:00:00,325.04472918007076
2012-04-25 10:00:00,195.37656672425413
2012-04-25 11:00:00,234.41319114126046
2012-04-25 12:00:00,270.14017730586096
2012-04-25 13:00:00,259.8757094909792
2012-04-25 14:00:00,255.6379251361406
2012-04-25 15:00:00,278.8972223515197
2012-04-25 16:00:00,383.4226008267211
2012-04-25 17:00:00,717.5500174786446
2012-04-25 18:00:00,709.3576918904665
2012-04-25 19:00:00,538.6482392732826
2012-04-25 20:00:00,353.1328237879576
2012-04-25 21:00:00,259.534265606365
2012-04-25 22:00:00,201.3394646261398
2012-04-25 23:00:00,113.98004674876111
2012-04-26 00:00:00,38.385767930261466
2012-04-26 01:00:00,15.278576138182208
2012-04-26 02:00:00,10.151077056474884
2012-04-26 03:00:00,5.000627523961805
2012-04-26 04:00:00,5.077986256973485
2012-04-26 05:00:00,28.629043770101948
2012-04-26 06:00:00,132.17027284364394
2012-04-26 07:00:00,119.98136624564044
2012-04-26 08:00:00,125.11513742818806
2012-04-26 09:00:00,108.6773635981405
2012-04-26 10:00:00,148.38235168564606
2012-04-26 11:00:00,128.26814510618541
2012-04-26 12:00:00,211.16165314045512
2012-04-26 13:00:00,208.95627081344017
2012-04-26 14:00:00,205.18189922784606
2012-04-26 15:00:00,209.7823879679476
2012-04-26 16:00:00,269.2331142931
2012-04-26 17:00:00,487.1390836112684
2012-04-26 18:00:00,512.6227911273824
2012-04-26 19:00:00,428.3169076902352
2012-04-26 20:00:00,285.76933769035713
2012-04-26 21:00:00,225.420931561938
2012-04-26 22:00:00,188.2835035610654
2012-04-26 23:00:00,110.15182049423717
2012-04-27 00:00:00,51.22701696870092
2012-04-27 01:00:00,26.522326663822845
2012-04-27 02:00:00,12.077547480960195
2012-04-27 03:00:00,5.961733522554018
2012-04-27 04:00:00,4.142385038896077
2012-04-27 05:00:00,27.600635885608277
2012-04-27 06:00:00,101.84172924502525
2012-04-27 07:00:00,332.89977842735635
2012-04-27 08:00:00,605.7610240826702
2012-04-27 09:00:00,333.05369954293167
2012-04-27 10:00:00,217.07364904391335
2012-04-27 11:00:00,249.88179268145436
2012-04-27 12:00:00,334.61151995634964
2012-04-27 13:00:00,339.38011321502637
2012-04-27 14:00:00,338.397952591444
2012-04-27 15:00:00,371.9537086274403
2012-04-27 16:00:00,453.36584773840514
2012-04-27 17:00:00,661.343871854689
2012-04-27 18:00:00,639.3113154597844
2012-04-27 19:00:00,487.1149262232144
2012-04-27 20:00:00,260.0655847812499
2012-04-27 21:00:00,192.90938472351016
2012-04-27 22:00:00,153.9669020059352
2012-04-27 23:00:00,102.5014878663934
2012-04-28 00:00:00,85.71787457768332
2012-04-28 01:00:00,66.42094356848145
2012-04-28 02:00:00,51.386980245145196
2012-04-28 03:00:00,23.287980415151168
2012-04-28 04:00:00,10.50780849935223
2012-04-28 05:00:00,10.008878731568744
2012-04-28 06:00:00,24.188391049405872
2012-04-28 07:00:00,75.03574569838783
2012-04-28 08:00:00,165.9370483684233
2012-04-28 09:00:00,268.56643830875504
2012-04-28 10:00:00,321.53870308518293
2012-04-28 11:00:00,421.92055147846025
2012-04-28 12:00:00,415.3595605909289
2012-04-28 13:00:00,470.5721428552064
2012-04-28 14:00:00,492.81883948836395
2012-04-28 15:00:00,455.8369026861448
2012-04-28 16:00:00,426.32584526189464
2012-04-28 17:00:00,390.96913475890676
2012-04-28 18:00:00,262.4620593042678
2012-04-28 19:00:00,209.4609028659491
2012-04-28 20:00:00,207.79376860827557
2012-04-28 21:00:00,119.95204553177751
2012-04-28 22:00:00,135.71135156115184
2012-04-28 23:00:00,121.9240455767745
2012-04-29 00:00:00,43.25729836637619
2012-04-29 01:00:00,72.19081125582285
2012-04-29 02:00:00,58.483047078747035
2012-04-29 03:00:00,24.712712928575268
2012-04-29 04:00:00,11.109893748117557
2012-04-29 05:00:00,10.724802319084747
2012-04-29 06:00:00,13.403866021183159
2012-04-29 07:00:00,55.04805694799268
2012-04-29 08:00:00,114.38265400078846
2012-04-29 09:00:00,229.93831478445935
2012-04-29 10:00:00,332.76341907172196
2012-04-29 11:00:00,464.912103041941
2012-04-29 12:00:00,538.3798918407002
2012-04-29 13:00:00,544.0555960325353
2012-04-29 14:00:00,562.7823629979509
2012-04-29 15:00:00,564.8006332831358
2012-04-29 16:00:00,551.8746068785931
2012-04-29 17:00:00,520.223926912243
2012-04-29 18:00:00,460.24766250365354
2012-04-29 19:00:00,391.11391379101866
2012-04-29 20:00:00,278.735535623066
2012-04-29 21:00:00,166.35404830336034
2012-04-29 22:00:00,126.2141408048928
2012-04-29 23:00:00,67.8501993241442
2012-04-30 00:00:00,33.72385730884767
2012-04-30 01:00:00,9.517637888656132
2012-04-30 02:00:00,7.236053181655914
2012-04-30 03:00:00,3.726146457186714
2012-04-30 04:00:00,3.6761347680785406
2012-04-30 05:00:00,26.898785093175967
2012-04-30 06:00:00,109.96349061665381
2012-04-30 07:00:00,351.7337256678866
2012-04-30 08:00:00,606.9441805849677
2012-04-30 09:00:00,318.8355943323704
2012-04-30 10:00:00,190.96567511276442
2012-04-30 11:00:00,200.14363902879816
2012-04-30 12:00:00,212.3931843797477
2012-04-30 13:00:00,238.79621407446137
2012-04-30 14:00:00,236.39188856615283
2012-04-30 15:00:00,254.093248962091
2012-04-30 16:00:00,355.48912821855345
2012-04-30 17:00:00,727.6088715827739
2012-04-30 18:00:00,714.924777249214
2012-04-30 19:00:00,498.11407169608583
2012-04-30 20:00:00,294.5023029601351
2012-04-30 21:00:00,234.66422740545192
2012-04-30 22:00:00,150.56584976981298
2012-04-30 23:00:00,82.49563984404907
2012-05-20 00:00:00,143.84853161098334
2012-05-20 01:00:00,105.17185881907008
2012-05-20 02:00:00,71.02026937408299
2012-05-20 03:00:00,33.24745904200382
2012-05-20 04:00:00,15.257127063406456
2012-05-20 05:00:00,13.317239308273361
2012-05-20 06:00:00,22.8242074285477
2012-05-20 07:00:00,57.83729272789817
2012-05-20 08:00:00,139.06537197889023
2012-05-20 09:00:00,249.85733730129027
2012-05-20 10:00:00,436.933089252454
2012-05-20 11:00:00,551.2278257816284
2012-05-20 12:00:00,638.9502380461366
2012-05-20 13:00:00,648.1785126571988
2012-05-20 14:00:00,597.0803051444672
2012-05-20 15:00:00,591.8613379752587
2012-05-20 16:00:00,556.1800998757171
2012-05-20 17:00:00,521.211384390415
2012-05-20 18:00:00,474.5171221084937
2012-05-20 19:00:00,360.54852368257826
2012-05-20 20:00:00,278.24413968950194
2012-05-20 21:00:00,199.95472080104975
2012-05-20 22:00:00,124.9731951981831
2012-05-20 23:00:00,68.14939855679084
2012-05-21 00:00:00,29.04723432666472
2012-05-21 01:00:00,14.00931453936456
2012-05-21 02:00:00,4.2785009622262
2012-05-21 03:00:00,3.704288940356434
2012-05-21 04:00:00,3.9389842585407617
2012-05-21 05:00:00,28.55420325601266
2012-05-21 06:00:00,73.69481700878663
2012-05-21 07:00:00,121.14232691596902
2012-05-21 08:00:00,120.29593856720982
2012-05-21 09:00:00,114.11947356846301
2012-05-21 10:00:00,106.46977524963111
2012-05-21 11:00:00,133.04255304008848
2012-05-21 12:00:00,167.85891295449946
2012-05-21 13:00:00,104.60810690701618
2012-05-21 14:00:00,104.76098403017264
2012-05-21 15:00:00,195.93325567963566
2012-05-21 16:00:00,262.1084138808869
2012-05-21 17:00:00,634.8156226847559
2012-05-21 18:00:00,682.3817659153126
2012-05-21 19:00:00,516.9438173889216
2012-05-21 20:00:00,364.65826163488646
2012-05-21 21:00:00,252.669739697097
2012-05-21 22:00:00,151.38082114877884
2012-05-21 23:00:00,92.84196277380039
2012-05-22 00:00:00,39.62981451392005
2012-05-22 01:00:00,15.488450477537256
2012-05-22 02:00:00,6.50358298235159
2012-05-22 03:00:00,5.910258175519968
2012-05-22 04:00:00,5.007109582367665
2012-05-22 05:00:00,28.905732643558153
2012-05-22 06:00:00,77.02569366023971
2012-05-22 07:00:00,118.9566337231922
2012-05-22 08:00:00,523.5456840015703
2012-05-22 09:00:00,307.03654463100645
2012-05-22 10:00:00,184.83289702029722
2012-05-22 11:00:00,206.99898647642019
2012-05-22 12:00:00,207.49512684211447
2012-05-22 13:00:00,221.2149495323231
2012-05-22 14:00:00,200.3732199337611
2012-05-22 15:00:00,266.14388910858924
2012-05-22 16:00:00,347.0397351397187
2012-05-22 17:00:00,802.4785909948906
2012-05-22 18:00:00,748.0481734375827
2012-05-22 19:00:00,522.1241811544194
2012-05-22 20:00:00,367.3892849061927
2012-05-22 21:00:00,230.9400360718832
2012-05-22 22:00:00,184.38559529336948
2012-05-22 23:00:00,102.87602333899322
2012-05-23 00:00:00,45.44964362740333
2012-05-23 01:00:00,18.045816634485274
2012-05-23 02:00:00,7.428169258478282
2012-05-23 03:00:00,5.9636258526543156
2012-05-23 04:00:00,5.775464268491997
2012-05-23 05:00:00,29.89829277433254
2012-05-23 06:00:00,152.5880735461339
2012-05-23 07:00:00,401.1300690943616
2012-05-23 08:00:00,514.4066031320145
2012-05-23 09:00:00,317.4971942754688
2012-05-23 10:00:00,188.4829710271209
2012-05-23 11:00:00,214.88926730733832
2012-05-23 12:00:00,283.3165023439624
2012-05-23 13:00:00,205.7907514511183
2012-05-23 14:00:00,241.66008628260832
2012-05-23 15:00:00,276.7012562460418
2012-05-23 16:00:00,293.2227916421766
2012-05-23 17:00:00,473.28090052448414
2012-05-23 18:00:00,494.2394349415292
2012-05-23 19:00:00,335.460118868905
2012-05-23 20:00:00,239.0762215047385
2012-05-23 21:00:00,197.0961569871511
2012-05-23 22:00:00,164.54331670160536
2012-05-23 23:00:00,116.43707382262554
2012-05-24 00:00:00,66.06146705478304
2012-05-24 01:00:00,18.537937828673062
2012-05-24 02:00:00,11.015931171791552
2012-05-24 03:00:00,5.56852316403206
2012-05-24 04:00:00,5.236201650037413
2012-05-24 05:00:00,30.87545498332411
2012-05-24 06:00:00,151.38657473391402
2012-05-24 07:00:00,411.58435147252015
2012-05-24 08:00:00,664.9637316542302
2012-05-24 09:00:00,333.1828248406718
2012-05-24 10:00:00,189.5794608062626
2012-05-24 11:00:00,220.52306562331515
2012-05-24 12:00:00,299.59835342009677
2012-05-24 13:00:00,285.66450010537807
2012-05-24 14:00:00,241.65614045245405
2012-05-24 15:00:00,275.57250997756626
2012-05-24 16:00:00,351.5302327722517
2012-05-24 17:00:00,762.3060491167636
2012-05-24 18:00:00,740.4794490264251
2012-05-24 19:00:00,563.4275433797449
2012-05-24 20:00:00,360.4714648938967
2012-05-24 21:00:00,131.9394462354348
2012-05-24 22:00:00,165.71424293612804
2012-05-24 23:00:00,140.83478206006322
2012-05-25 00:00:00,70.53020213825246
2012-05-25 01:00:00,36.62203795826339
2012-05-25 02:00:00,12.183426982219409
2012-05-25 03:00:00,7.105259003129361
2012-05-25 04:00:00,6.620978889149939
2012-05-25 05:00:00,31.416154074595536
2012-05-25 06:00:00,149.9210484924671
2012-05-25 07:00:00,391.0199783841569
2012-05-25 08:00:00,535.6237618839078
2012-05-25 09:00:00,299.1969199533298
2012-05-25 10:00:00,225.5709505217178
2012-05-25 11:00:00,254.70656685412445
2012-05-25 12:00:00,328.629984368346
2012-05-25 13:00:00,334.16466442182383
2012-05-25 14:00:00,338.2303233248002
2012-05-25 15:00:00,323.19481254742465
2012-05-25 16:00:00,431.92392205598713
2012-05-25 17:00:00,678.4726970789335
2012-05-25 18:00:00,703.9406098013069
2012-05-25 19:00:00,530.8994908327523
2012-05-25 20:00:00,366.5368638876646
2012-05-25 21:00:00,259.23888927533767
2012-05-25 22:00:00,266.58820757521573
2012-05-25 23:00:00,194.92002497659033
2012-05-26 00:00:00,133.10064638049423
2012-05-26 01:00:00,117.38773116986864
2012-05-26 02:00:00,71.25338608585191
2012-05-26 03:00:00,28.950661250995168
2012-05-26 04:00:00,11.685630639531231
2012-05-26 05:00:00,13.292777261818658
2012-05-26 06:00:00,25.76596587765478
2012-05-26 07:00:00,70.20781756606566
2012-05-26 08:00:00,178.52652269592528
2012-05-26 09:00:00,272.34905502173683
2012-05-26 10:00:00,361.43982042670166
2012-05-26 11:00:00,436.16932482465626
2012-05-26 12:00:00,473.66479685042486
2012-05-26 13:00:00,477.7107296710279
2012-05-26 14:00:00,467.73978662459984
2012-05-26 15:00:00,450.25196525623556
2012-05-26 16:00:00,497.60461322739843
2012-05-26 17:00:00,555.2664434660655
2012-05-26 18:00:00,512.3784048135444
2012-05-26 19:00:00,398.38030566459435
2012-05-26 20:00:00,296.99345119267775
2012-05-26 21:00:00,248.19749496194927
2012-05-26 22:00:00,242.26236216501442
2012-05-26 23:00:00,196.5815462625586
2012-05-27 00:00:00,133.4537928296031
2012-05-27 01:00:00,114.0836837814778
2012-05-27 02:00:00,87.38960555193012
2012-05-27 03:00:00,31.60495287731334
2012-05-27 04:00:00,13.79264789261461
2012-05-27 05:00:00,13.89291215814613
2012-05-27 06:00:00,20.80834797958289
2012-05-27 07:00:00,62.01126733006911
2012-05-27 08:00:00,137.66011388955462
2012-05-27 09:00:00,239.65044526473264
2012-05-27 10:00:00,373.11951899841455
2012-05-27 11:00:00,424.3005021220731
2012-05-27 12:00:00,443.0172049734057
2012-05-27 13:00:00,502.9596148777621
2012-05-27 14:00:00,493.5027753730527
2012-05-27 15:00:00,499.9743159173058
2012-05-27 16:00:00,504.20877932798146
2012-05-27 17:00:00,524.3171495586571
2012-05-27 18:00:00,471.1029616800991
2012-05-27 19:00:00,372.7027924942003
2012-05-27 20:00:00,293.7900147846676
2012-05-27 21:00:00,165.53992294843835
2012-05-27 22:00:00,96.51622076043765
2012-05-27 23:00:00,72.53799183071044
2012-05-28 00:00:00,47.767930985756294
2012-05-28 01:00:00,46.4144183226215
2012-05-28 02:00:00,34.0913154623087
2012-05-28 03:00:00,13.077740877607607
2012-05-28 04:00:00,8.944227144298507
2012-05-28 05:00:00,16.36323779619661
2012-05-28 06:00:00,55.186774169823785
2012-05-28 07:00:00,110.58471442731087
2012-05-28 08:00:00,197.74673059924578
2012-05-28 09:00:00,297.43685100692346
2012-05-28 10:00:00,326.3422701708975
2012-05-28 11:00:00,316.0486611016654
2012-05-28 12:00:00,305.8511034315627
2012-05-28 13:00:00,289.6700941441154
2012-05-28 14:00:00,286.4318433985434
2012-05-28 15:00:00,289.06416351552707
2012-05-28 16:00:00,371.59931178853816
2012-05-28 17:00:00,543.0001243658946
2012-05-28 18:00:00,518.1174628621069
2012-05-28 19:00:00,413.75012025269297
2012-05-28 20:00:00,356.6458898701861
2012-05-28 21:00:00,272.3638480746304
2012-05-28 22:00:00,248.43246290511843
2012-05-28 23:00:00,114.245721532474
2012-05-29 00:00:00,50.361497579967946
2012-05-29 01:00:00,16.88897869287377
2012-05-29 02:00:00,9.285703613601427
2012-05-29 03:00:00,4.846124794414608
2012-05-29 04:00:00,7.337285121699515
2012-05-29 05:00:00,31.621135668678864
2012-05-29 06:00:00,162.40629656294186
2012-05-29 07:00:00,384.89666415214583
2012-05-29 08:00:00,652.3061330072857
2012-05-29 09:00:00,326.2681519321402
2012-05-29 10:00:00,178.36222468206208
2012-05-29 11:00:00,218.35030692518083
2012-05-29 12:00:00,267.1473428491117
2012-05-29 13:00:00,256.5973019193324
2012-05-29 14:00:00,241.50195744318705
2012-05-29 15:00:00,272.0509141327795
2012-05-29 16:00:00,365.1927851264085
2012-05-29 17:00:00,713.4041703378863
2012-05-29 18:00:00,710.2142062945081
2012-05-29 19:00:00,542.4537078801777
2012-05-29 20:00:00,319.24188892184407
2012-05-29 21:00:00,132.6447708478747
2012-05-29 22:00:00,139.3011762674666
2012-05-29 23:00:00,80.13362850614544
2012-05-30 00:00:00,33.658064381923914
2012-05-30 01:00:00,13.807551441225074
2012-05-30 02:00:00,6.48802433985757
2012-05-30 03:00:00,4.553151328329335
2012-05-30 04:00:00,5.606950861914063
2012-05-30 05:00:00,31.422437376871002
2012-05-30 06:00:00,159.1823343773144
2012-05-30 07:00:00,148.73787997588195
2012-05-30 08:00:00,654.0386628506569
2012-05-30 09:00:00,331.8567407845953
2012-05-30 10:00:00,182.88951125574917
2012-05-30 11:00:00,220.0086418889764
2012-05-30 12:00:00,302.3859373581455
2012-05-30 13:00:00,291.892996898665
2012-05-30 14:00:00,255.77738204916375
2012-05-30 15:00:00,270.62400763988734
2012-05-30 16:00:00,362.4788201194683
2012-05-30 17:00:00,814.9487552458335
2012-05-30 18:00:00,827.1545800034276
2012-05-30 19:00:00,535.1234492461715
2012-05-30 20:00:00,334.15838428554065
2012-05-30 21:00:00,273.87785369599993
2012-05-30 22:00:00,276.27734176354664
2012-05-30 23:00:00,141.9865313441438
2012-05-31 00:00:00,65.686391577175
2012-05-31 01:00:00,22.267074417386972
2012-05-31 02:00:00,9.14119755219603
2012-05-31 03:00:00,6.232411955342403
2012-05-31 04:00:00,7.698054684864463
2012-05-31 05:00:00,32.77490149812001
2012-05-31 06:00:00,164.53427988905383
2012-05-31 07:00:00,435.8062124191348
2012-05-31 08:00:00,665.029321706222
2012-05-31 09:00:00,322.9720163831671
2012-05-31 10:00:00,196.0831108706352
2012-05-31 11:00:00,238.34001213944597
2012-05-31 12:00:00,312.6116838501713
2012-05-31 13:00:00,294.49465152337274
2012-05-31 14:00:00,243.70900505737595
2012-05-31 15:00:00,280.6191420406227
2012-05-31 16:00:00,390.41595608547857
2012-05-31 17:00:00,823.4724183560515
2012-05-31 18:00:00,822.005474353761
2012-05-31 19:00:00,538.2938692714351
2012-05-31 20:00:00,390.7765791767338
2012-05-31 21:00:00,277.96875899402073
2012-05-31 22:00:00,273.65990683535114
2012-05-31 23:00:00,175.50140538851008
2012-06-20 00:00:00,49.59849294935039
2012-06-20 01:00:00,19.803983234059583
2012-06-20 02:00:00,9.248584899011155
2012-06-20 03:00:00,5.679377434905199
2012-06-20 04:00:00,7.910439634911924
2012-06-20 05:00:00,39.31122500126006
2012-06-20 06:00:00,161.8246769820375
2012-06-20 07:00:00,366.3354389159638
2012-06-20 08:00:00,633.9924793223886
2012-06-20 09:00:00,325.6727294199822
2012-06-20 10:00:00,183.15233793732392
2012-06-20 11:00:00,207.95359628975984
2012-06-20 12:00:00,263.8500873316027
2012-06-20 13:00:00,253.06019152678175
2012-06-20 14:00:00,222.275314693052
2012-06-20 15:00:00,253.12074446980782
2012-06-20 16:00:00,381.5650446231665
2012-06-20 17:00:00,746.4021615814283
2012-06-20 18:00:00,742.0400514902301
2012-06-20 19:00:00,543.3264912448907
2012-06-20 20:00:00,444.52393695210594
2012-06-20 21:00:00,365.76815251819323
2012-06-20 22:00:00,292.6635974368544
2012-06-20 23:00:00,133.91177318131227
2012-06-21 00:00:00,64.91194553830101
2012-06-21 01:00:00,23.415230735511837
2012-06-21 02:00:00,10.614075338602287
2012-06-21 03:00:00,5.512245892291214
2012-06-21 04:00:00,7.3336672055602055
2012-06-21 05:00:00,39.13265546515015
2012-06-21 06:00:00,164.2952556861652
2012-06-21 07:00:00,380.15523001348174
2012-06-21 08:00:00,675.3090850067795
2012-06-21 09:00:00,310.0955714642159
2012-06-21 10:00:00,171.97170572014602
2012-06-21 11:00:00,211.67960627493
2012-06-21 12:00:00,262.6123017524671
2012-06-21 13:00:00,257.6737289714074
2012-06-21 14:00:00,220.81496200879855
2012-06-21 15:00:00,243.71397091102045
2012-06-21 16:00:00,391.99721530098947
2012-06-21 17:00:00,749.4015051005028
2012-06-21 18:00:00,768.6556778820355
2012-06-21 19:00:00,537.3246223221847
2012-06-21 20:00:00,442.9654659487295
2012-06-21 21:00:00,345.3742632129838
2012-06-21 22:00:00,294.149444946993
2012-06-21 23:00:00,145.32294395598646
2012-06-22 00:00:00,74.31330950314238
2012-06-22 01:00:00,38.71351061860471
2012-06-22 02:00:00,17.831035281216067
2012-06-22 03:00:00,6.497159078444976
2012-06-22 04:00:00,7.395964846217796
2012-06-22 05:00:00,36.442717149718206
2012-06-22 06:00:00,157.79390066971087
2012-06-22 07:00:00,400.3704062318052
2012-06-22 08:00:00,641.6823183420106
2012-06-22 09:00:00,346.93449625630564
2012-06-22 10:00:00,242.04292693334241
2012-06-22 11:00:00,278.6578721361455
2012-06-22 12:00:00,321.51104252758694
2012-06-22 13:00:00,326.8327937252232
2012-06-22 14:00:00,325.393917090144
2012-06-22 15:00:00,308.8615105426939
2012-06-22 16:00:00,402.8755415253513
2012-06-22 17:00:00,784.6682386186042
2012-06-22 18:00:00,714.3726670608778
2012-06-22 19:00:00,523.7309300348181
2012-06-22 20:00:00,359.79923750565376
2012-06-22 21:00:00,204.11890337745
2012-06-22 22:00:00,273.83164638111055
2012-06-22 23:00:00,191.62456537097307
2012-06-23 00:00:00,151.81315832915587
2012-06-23 01:00:00,119.76515497256308
2012-06-23 02:00:00,81.98488884082805
2012-06-23 03:00:00,27.869309909786228
2012-06-23 04:00:00,11.56743893435388
2012-06-23 05:00:00,11.263898682569588
2012-06-23 06:00:00,35.43140110208189
2012-06-23 07:00:00,64.12465032359341
2012-06-23 08:00:00,184.72036831011826
2012-06-23 09:00:00,287.52533591439067
2012-06-23 10:00:00,402.85878329676757
2012-06-23 11:00:00,488.6158770107862
2012-06-23 12:00:00,541.3688013525383
2012-06-23 13:00:00,569.695888363516
2012-06-23 14:00:00,580.1964561183871
2012-06-23 15:00:00,531.8568449861775
2012-06-23 16:00:00,536.4769645843829
2012-06-23 17:00:00,583.154535755192
2012-06-23 18:00:00,547.7916286812202
2012-06-23 19:00:00,425.8630429155146
2012-06-23 20:00:00,339.50661149916095
2012-06-23 21:00:00,316.86420234329916
2012-06-23 22:00:00,284.0311279442936
2012-06-23 23:00:00,202.82848541373002
2012-06-24 00:00:00,168.84624451017234
2012-06-24 01:00:00,128.3852931923203
2012-06-24 02:00:00,97.45133567427722
2012-06-24 03:00:00,33.28546197404961
2012-06-24 04:00:00,15.043897699332451
2012-06-24 05:00:00,13.912017311539001
2012-06-24 06:00:00,21.754869135192266
2012-06-24 07:00:00,55.897698346218185
2012-06-24 08:00:00,125.54853475277531
2012-06-24 09:00:00,246.5320821306854
2012-06-24 10:00:00,393.42897056424243
2012-06-24 11:00:00,480.74544636733475
2012-06-24 12:00:00,528.1212848534359
2012-06-24 13:00:00,540.2626690737255
2012-06-24 14:00:00,503.6240778953674
2012-06-24 15:00:00,485.19599074848776
2012-06-24 16:00:00,526.4085623276538
2012-06-24 17:00:00,559.1079596036097
2012-06-24 18:00:00,544.7919241362624
2012-06-24 19:00:00,419.8922698305191
2012-06-24 20:00:00,324.31306217301994
2012-06-24 21:00:00,222.743730319877
2012-06-24 22:00:00,136.39923595320067
2012-06-24 23:00:00,90.99093291018752
2012-06-25 00:00:00,46.389778576993244
2012-06-25 01:00:00,18.85440868530203
2012-06-25 02:00:00,9.808321827854883
2012-06-25 03:00:00,5.089400604008012
2012-06-25 04:00:00,8.45308302420103
2012-06-25 05:00:00,40.268452094205784
2012-06-25 06:00:00,151.020407602505
2012-06-25 07:00:00,462.6020690075384
2012-06-25 08:00:00,658.7596729298205
2012-06-25 09:00:00,324.8117890084323
2012-06-25 10:00:00,178.10285736817275
2012-06-25 11:00:00,231.8751343635443
2012-06-25 12:00:00,263.6057298013502
2012-06-25 13:00:00,258.4659348710302
2012-06-25 14:00:00,245.5110707542177
2012-06-25 15:00:00,271.36111685043113
2012-06-25 16:00:00,387.0477207323529
2012-06-25 17:00:00,735.1299682460212
2012-06-25 18:00:00,737.5913551264549
2012-06-25 19:00:00,572.5283606419576
2012-06-25 20:00:00,419.7905238157323
2012-06-25 21:00:00,295.1468330668337
2012-06-25 22:00:00,209.1240076781141
2012-06-25 23:00:00,116.67381094424533
2012-06-26 00:00:00,40.10948667223345
2012-06-26 01:00:00,16.293258123563042
2012-06-26 02:00:00,9.031076149394568
2012-06-26 03:00:00,4.757671141574128
2012-06-26 04:00:00,8.199893719997705
2012-06-26 05:00:00,40.19741419866419
2012-06-26 06:00:00,151.85594496751116
2012-06-26 07:00:00,454.52232350525577
2012-06-26 08:00:00,646.8745957663305
2012-06-26 09:00:00,315.82100556245217
2012-06-26 10:00:00,197.93455569915065
2012-06-26 11:00:00,235.15232078361626
2012-06-26 12:00:00,271.25375358796555
2012-06-26 13:00:00,260.76070481776725
2012-06-26 14:00:00,249.58984407525446
2012-06-26 15:00:00,273.1128980317175
2012-06-26 16:00:00,395.38249985092267
2012-06-26 17:00:00,741.5119967243131
2012-06-26 18:00:00,742.9492122533427
2012-06-26 19:00:00,556.3628371977119
2012-06-26 20:00:00,422.1374579633764
2012-06-26 21:00:00,312.7659655772124
2012-06-26 22:00:00,214.95394404257408
2012-06-26 23:00:00,128.00794200624446
2012-06-27 00:00:00,41.21122911561242
2012-06-27 01:00:00,16.24927934808927
2012-06-27 02:00:00,8.154503787283414
2012-06-27 03:00:00,5.7647787219154765
2012-06-27 04:00:00,6.9844043924775905
2012-06-27 05:00:00,40.15272761893314
2012-06-27 06:00:00,154.53530761753
2012-06-27 07:00:00,450.0048842744111
2012-06-27 08:00:00,657.1453989459432
2012-06-27 09:00:00,320.4458562684063
2012-06-27 10:00:00,198.68663381298026
2012-06-27 11:00:00,233.67311934137683
2012-06-27 12:00:00,285.6296814868659
2012-06-27 13:00:00,270.29265393396435
2012-06-27 14:00:00,259.89184371249195
2012-06-27 15:00:00,280.5623410220657
2012-06-27 16:00:00,388.10692850023094
2012-06-27 17:00:00,739.4015253207588
2012-06-27 18:00:00,747.9265181814089
2012-06-27 19:00:00,569.763600773955
2012-06-27 20:00:00,439.65180111329914
2012-06-27 21:00:00,338.29230815876264
2012-06-27 22:00:00,282.0425416721385
2012-06-27 23:00:00,154.72963864289252
2012-06-28 00:00:00,55.977962439402276
2012-06-28 01:00:00,21.25837049254377
2012-06-28 02:00:00,9.483975107575759
2012-06-28 03:00:00,6.341157897559256
2012-06-28 04:00:00,7.461976392532714
2012-06-28 05:00:00,38.35002252566834
2012-06-28 06:00:00,152.35430527320813
2012-06-28 07:00:00,476.70510045269475
2012-06-28 08:00:00,654.6561040048529
2012-06-28 09:00:00,325.2304544790724
2012-06-28 10:00:00,196.33707042141435
2012-06-28 11:00:00,235.55883341206177
2012-06-28 12:00:00,282.33811316710546
2012-06-28 13:00:00,269.71667671735634
2012-06-28 14:00:00,247.06500471428376
2012-06-28 15:00:00,274.5542756713503
2012-06-28 16:00:00,393.34561982606664
2012-06-28 17:00:00,751.472588203662
2012-06-28 18:00:00,765.3067684648025
2012-06-28 19:00:00,555.3031861056345
2012-06-28 20:00:00,449.86510059704597
2012-06-28 21:00:00,328.20138844605054
2012-06-28 22:00:00,274.05578683489927
2012-06-28 23:00:00,177.43802802868257
2012-06-29 00:00:00,68.7574129570041
2012-06-29 01:00:00,36.11833930232692
2012-06-29 02:00:00,16.906245160390974
2012-06-29 03:00:00,6.24662333728153
2012-06-29 04:00:00,7.273533701501061
2012-06-29 05:00:00,36.15797103220394
2012-06-29 06:00:00,155.47743560432656
2012-06-29 07:00:00,396.5477336571286
2012-06-29 08:00:00,645.8257594052612
2012-06-29 09:00:00,351.7561083489619
2012-06-29 10:00:00,243.79614253140448
2012-06-29 11:00:00,285.4310219481135
2012-06-29 12:00:00,302.5110731020018
2012-06-29 13:00:00,300.15232825659183
2012-06-29 14:00:00,295.57301108446836
2012-06-29 15:00:00,303.0958267700178
2012-06-29 16:00:00,388.5785674944279
2012-06-29 17:00:00,703.2296514883869
2012-06-29 18:00:00,678.5857013416829
2012-06-29 19:00:00,501.28113805726645
2012-06-29 20:00:00,374.66746256671877
2012-06-29 21:00:00,389.8850761323734
2012-06-29 22:00:00,178.65691835455073
2012-06-29 23:00:00,122.58563532773073
2012-06-30 00:00:00,117.87604144084668
2012-06-30 01:00:00,119.62750657528616
2012-06-30 02:00:00,69.9905998208703
2012-06-30 03:00:00,28.232100968152544
2012-06-30 04:00:00,13.168372980450963
2012-06-30 05:00:00,11.837334176550499
2012-06-30 06:00:00,23.8492709983374
2012-06-30 07:00:00,66.67166719757633
2012-06-30 08:00:00,176.0011564147187
2012-06-30 09:00:00,272.4133265149921
2012-06-30 10:00:00,369.72443015223774
2012-06-30 11:00:00,482.24833804307093
2012-06-30 12:00:00,516.1768960714938
2012-06-30 13:00:00,518.7537585136557
2012-06-30 14:00:00,516.6441869457306
2012-06-30 15:00:00,508.57463384777776
2012-06-30 16:00:00,479.8383787213712
2012-06-30 17:00:00,517.7927614159684
2012-06-30 18:00:00,508.74082276603644
2012-06-30 19:00:00,416.4664049157496
2012-06-30 20:00:00,314.01891774278226
2012-06-30 21:00:00,310.9879993499137
2012-06-30 22:00:00,255.06969841446679
2012-06-30 23:00:00,198.13089133460633
2012-07-20 00:00:00,55.663120361284356
2012-07-20 01:00:00,29.01925409584974
2012-07-20 02:00:00,11.246415164831925
2012-07-20 03:00:00,6.22407873338137
2012-07-20 04:00:00,7.401043538723987
2012-07-20 05:00:00,37.9593863041443
2012-07-20 06:00:00,159.56561562306567
2012-07-20 07:00:00,405.1653833043497
2012-07-20 08:00:00,563.789624097425
2012-07-20 09:00:00,328.9619720295998
2012-07-20 10:00:00,231.3194335454685
2012-07-20 11:00:00,240.33107972896389
2012-07-20 12:00:00,122.81271368910899
2012-07-20 13:00:00,138.64221225633239
2012-07-20 14:00:00,145.75072217089146
2012-07-20 15:00:00,290.86471205390563
2012-07-20 16:00:00,314.27672681524075
2012-07-20 17:00:00,372.12181788278565
2012-07-20 18:00:00,440.9798874292168
2012-07-20 19:00:00,336.3480947599196
2012-07-20 20:00:00,188.3991711756256
2012-07-20 21:00:00,193.62258843612773
2012-07-20 22:00:00,176.2245661190194
2012-07-20 23:00:00,166.34243827122415
2012-07-21 00:00:00,117.16701638903322
2012-07-21 01:00:00,113.80400692425822
2012-07-21 02:00:00,58.35638422699721
2012-07-21 03:00:00,25.414502507936916
2012-07-21 04:00:00,10.396965558137772
2012-07-21 05:00:00,9.080741643789072
2012-07-21 06:00:00,24.713036906357292
2012-07-21 07:00:00,71.55732517639281
2012-07-21 08:00:00,200.09702641174667
2012-07-21 09:00:00,281.59403392528486
2012-07-21 10:00:00,138.2005051072024
2012-07-21 11:00:00,416.2961045937235
2012-07-21 12:00:00,142.82544852797454
2012-07-21 13:00:00,134.1509280298268
2012-07-21 14:00:00,408.7937705058906
2012-07-21 15:00:00,232.08034770440048
2012-07-21 16:00:00,224.40828455694918
2012-07-21 17:00:00,229.46417512798968
2012-07-21 18:00:00,310.65635985556906
2012-07-21 19:00:00,281.31613244042467
2012-07-21 20:00:00,187.67721473492875
2012-07-21 21:00:00,192.2463818778311
2012-07-21 22:00:00,166.4923788165616
2012-07-21 23:00:00,152.28446079137234
2012-07-22 00:00:00,126.16013374506477
2012-07-22 01:00:00,119.88624124932979
2012-07-22 02:00:00,72.15707124554606
2012-07-22 03:00:00,34.19316289674733
2012-07-22 04:00:00,14.11444362658397
2012-07-22 05:00:00,13.13550719367159
2012-07-22 06:00:00,21.819940713569547
2012-07-22 07:00:00,56.49771018794504
2012-07-22 08:00:00,130.7814501544335
2012-07-22 09:00:00,269.08557297492587
2012-07-22 10:00:00,389.7868818903926
2012-07-22 11:00:00,402.9908247508689
2012-07-22 12:00:00,446.3825090148803
2012-07-22 13:00:00,437.9896770920742
2012-07-22 14:00:00,442.30869892308755
2012-07-22 15:00:00,431.2952183341686
2012-07-22 16:00:00,435.09387970810633
2012-07-22 17:00:00,497.47473754157056
2012-07-22 18:00:00,457.9488592702873
2012-07-22 19:00:00,353.71123175090906
2012-07-22 20:00:00,281.09143210944706
2012-07-22 21:00:00,206.80910966990183
2012-07-22 22:00:00,131.74092009749373
2012-07-22 23:00:00,82.93674937615717
2012-07-23 00:00:00,43.86492556659216
2012-07-23 01:00:00,14.072864463134202
2012-07-23 02:00:00,6.977114389875214
2012-07-23 03:00:00,6.7954703803895065
2012-07-23 04:00:00,8.50445698055566
2012-07-23 05:00:00,39.355190389678235
2012-07-23 06:00:00,150.7089583878518
2012-07-23 07:00:00,353.71886912820423
2012-07-23 08:00:00,622.2902231036561
2012-07-23 09:00:00,320.71291988078565
2012-07-23 10:00:00,182.91996453804302
2012-07-23 11:00:00,230.35029055186197
2012-07-23 12:00:00,268.95387869479623
2012-07-23 13:00:00,259.9677031884089
2012-07-23 14:00:00,237.12819878442173
2012-07-23 15:00:00,266.05610122919944
2012-07-23 16:00:00,366.0013364790716
2012-07-23 17:00:00,799.1841968663919
2012-07-23 18:00:00,788.2612158068376
2012-07-23 19:00:00,549.646297867136
2012-07-23 20:00:00,423.2227454018839
2012-07-23 21:00:00,304.3896642505279
2012-07-23 22:00:00,219.2953345043249
2012-07-23 23:00:00,128.53622653057732
2012-07-24 00:00:00,54.54466872125954
2012-07-24 01:00:00,17.02121285513666
2012-07-24 02:00:00,9.394315980426791
2012-07-24 03:00:00,5.48261696476281
2012-07-24 04:00:00,7.801384334825048
2012-07-24 05:00:00,40.78143608098017
2012-07-24 06:00:00,166.93821676779078
2012-07-24 07:00:00,493.00898678248467
2012-07-24 08:00:00,662.647053325979
2012-07-24 09:00:00,309.1542297502373
2012-07-24 10:00:00,176.02473720507757
2012-07-24 11:00:00,207.26569888678947
2012-07-24 12:00:00,260.41398258123144
2012-07-24 13:00:00,247.2161864436609
2012-07-24 14:00:00,229.28280389911367
2012-07-24 15:00:00,272.5867560181482
2012-07-24 16:00:00,353.49682539557773
2012-07-24 17:00:00,736.0758534995869
2012-07-24 18:00:00,639.0540156854661
2012-07-24 19:00:00,544.2162486895984
2012-07-24 20:00:00,420.3702202201192
2012-07-24 21:00:00,309.2121624930134
2012-07-24 22:00:00,221.2440956156897
2012-07-24 23:00:00,126.84399374698788
2012-07-25 00:00:00,46.19324613756362
2012-07-25 01:00:00,19.304073920262862
2012-07-25 02:00:00,8.13915111241817
2012-07-25 03:00:00,5.135329482019502
2012-07-25 04:00:00,6.888371259935985
2012-07-25 05:00:00,40.4568984454333
2012-07-25 06:00:00,168.78089358095565
2012-07-25 07:00:00,436.6960098712592
2012-07-25 08:00:00,647.6947384024869
2012-07-25 09:00:00,320.9538118281672
2012-07-25 10:00:00,197.33849951972581
2012-07-25 11:00:00,235.71792229462346
2012-07-25 12:00:00,300.79992306800574
2012-07-25 13:00:00,276.52474320149884
2012-07-25 14:00:00,243.71529472880874
2012-07-25 15:00:00,262.55847719338396
2012-07-25 16:00:00,384.6359956253949
2012-07-25 17:00:00,791.6730280626201
2012-07-25 18:00:00,793.1241587325476
2012-07-25 19:00:00,564.0372613655957
2012-07-25 20:00:00,432.35123520454056
2012-07-25 21:00:00,336.3217455684774
2012-07-25 22:00:00,271.56771714193746
2012-07-25 23:00:00,141.98630699295072
2012-07-26 00:00:00,63.462495101872314
2012-07-26 01:00:00,22.135735378395683
2012-07-26 02:00:00,8.99239259771993
2012-07-26 03:00:00,5.708293748330738
2012-07-26 04:00:00,7.309310744762039
2012-07-26 05:00:00,40.60755855417094
2012-07-26 06:00:00,167.01228857415634
2012-07-26 07:00:00,478.1828141032459
2012-07-26 08:00:00,664.9750793246542
2012-07-26 09:00:00,325.89707826922364
2012-07-26 10:00:00,196.4088209204511
2012-07-26 11:00:00,212.30709922243477
2012-07-26 12:00:00,263.6964295293357
2012-07-26 13:00:00,246.13081235907975
2012-07-26 14:00:00,194.25698380647816
2012-07-26 15:00:00,207.292674872501
2012-07-26 16:00:00,388.7310500899976
2012-07-26 17:00:00,675.251075574369
2012-07-26 18:00:00,663.7351139573814
2012-07-26 19:00:00,546.2006474312466
2012-07-26 20:00:00,447.80304811296395
2012-07-26 21:00:00,335.2395419638384
2012-07-26 22:00:00,257.73611987429416
2012-07-26 23:00:00,155.18841987528114
2012-07-27 00:00:00,73.81053644863543
2012-07-27 01:00:00,39.90708901800003
2012-07-27 02:00:00,18.44692267324751
2012-07-27 03:00:00,6.480460592706007
2012-07-27 04:00:00,8.15928908928279
2012-07-27 05:00:00,37.64995138389514
2012-07-27 06:00:00,158.77201789755603
2012-07-27 07:00:00,410.96704597387406
2012-07-27 08:00:00,648.6420363097365
2012-07-27 09:00:00,347.82165259191015
2012-07-27 10:00:00,241.0213220838125
2012-07-27 11:00:00,281.1392122288669
2012-07-27 12:00:00,318.2400669781869
2012-07-27 13:00:00,322.99611518677386
2012-07-27 14:00:00,319.95867259192835
2012-07-27 15:00:00,329.75293833490986
2012-07-27 16:00:00,418.10736932622575
2012-07-27 17:00:00,714.5568963217597
2012-07-27 18:00:00,727.5138483610992
2012-07-27 19:00:00,506.69038816317675
2012-07-27 20:00:00,371.48787150784324
2012-07-27 21:00:00,306.11868663736
2012-07-27 22:00:00,276.5701836671171
2012-07-27 23:00:00,195.47594290335135
2012-07-28 00:00:00,162.72170141682352
2012-07-28 01:00:00,119.4251243088605
2012-07-28 02:00:00,90.6012835601397
2012-07-28 03:00:00,31.61977722980908
2012-07-28 04:00:00,12.564748636745193
2012-07-28 05:00:00,14.427138724667136
2012-07-28 06:00:00,35.701174756547985
2012-07-28 07:00:00,67.07475122169791
2012-07-28 08:00:00,182.25277748848526
2012-07-28 09:00:00,269.39508956162797
2012-07-28 10:00:00,384.9105608854722
2012-07-28 11:00:00,486.4679838468264
2012-07-28 12:00:00,525.8335358972915
2012-07-28 13:00:00,534.6207371675944
2012-07-28 14:00:00,531.1148021972464
2012-07-28 15:00:00,515.7153815920809
2012-07-28 16:00:00,498.1442483983749
2012-07-28 17:00:00,508.35373741482437
2012-07-28 18:00:00,520.877992463948
2012-07-28 19:00:00,341.1309022754276
2012-07-28 20:00:00,255.68930216073434
2012-07-28 21:00:00,243.71857931967597
2012-07-28 22:00:00,228.13635690186794
2012-07-28 23:00:00,198.9315509597065
2012-07-29 00:00:00,141.22674105558568
2012-07-29 01:00:00,127.24676337302154
2012-07-29 02:00:00,91.52912712815358
2012-07-29 03:00:00,34.035050869953146
2012-07-29 04:00:00,15.586164554106047
2012-07-29 05:00:00,13.39837619914288
2012-07-29 06:00:00,22.919229127775534
2012-07-29 07:00:00,59.52411758758843
2012-07-29 08:00:00,130.87868022299097
2012-07-29 09:00:00,247.76547093837155
2012-07-29 10:00:00,398.40973599579735
2012-07-29 11:00:00,461.5949631175462
2012-07-29 12:00:00,512.7460570011177
2012-07-29 13:00:00,511.06041258525215
2012-07-29 14:00:00,516.2847094671152
2012-07-29 15:00:00,511.5812130089364
2012-07-29 16:00:00,500.36969449914477
2012-07-29 17:00:00,501.79765322612377
2012-07-29 18:00:00,503.2869832885451
2012-07-29 19:00:00,376.4903410301289
2012-07-29 20:00:00,286.70129911443263
2012-07-29 21:00:00,204.86584259431382
2012-07-29 22:00:00,129.1962026786807
2012-07-29 23:00:00,82.63230799851998
2012-07-30 00:00:00,51.65557984999019
2012-07-30 01:00:00,16.287958314377377
2012-07-30 02:00:00,10.073971711017801
2012-07-30 03:00:00,6.250250055341435
2012-07-30 04:00:00,8.821466599704717
2012-07-30 05:00:00,41.09914805125898
2012-07-30 06:00:00,149.99690247903513
2012-07-30 07:00:00,394.87762694989067
2012-07-30 08:00:00,650.8039456830791
2012-07-30 09:00:00,321.1375732125357
2012-07-30 10:00:00,183.39514181905048
2012-07-30 11:00:00,230.19493610081776
2012-07-30 12:00:00,273.7173925774273
2012-07-30 13:00:00,261.71771105812036
2012-07-30 14:00:00,242.7952788003322
2012-07-30 15:00:00,273.47031108600066
2012-07-30 16:00:00,374.9477897738926
2012-07-30 17:00:00,719.186232645303
2012-07-30 18:00:00,687.392737599101
2012-07-30 19:00:00,555.0385509266952
2012-07-30 20:00:00,407.7300121601256
2012-07-30 21:00:00,288.78644631153094
2012-07-30 22:00:00,192.6535908875177
2012-07-30 23:00:00,121.41116219092682
2012-07-31 00:00:00,47.44665019564603
2012-07-31 01:00:00,15.056885828565692
2012-07-31 02:00:00,9.109650452074474
2012-07-31 03:00:00,6.307633863073072
2012-07-31 04:00:00,7.801384334825048
2012-07-31 05:00:00,40.536573134380184
2012-07-31 06:00:00,165.1582205188785
2012-07-31 07:00:00,349.4525323082673
2012-07-31 08:00:00,631.2073719993617
2012-07-31 09:00:00,325.0649107818224
2012-07-31 10:00:00,190.72451769415392
2012-07-31 11:00:00,227.22940629718232
2012-07-31 12:00:00,283.33752419221355
2012-07-31 13:00:00,256.2560296846498
2012-07-31 14:00:00,242.72167346804574
2012-07-31 15:00:00,263.15697374486035
2012-07-31 16:00:00,356.80003734540384
2012-07-31 17:00:00,806.9314123051839
2012-07-31 18:00:00,731.0128280048755
2012-07-31 19:00:00,468.67987212679475
2012-07-31 20:00:00,346.69525306283066
2012-07-31 21:00:00,285.6845109951094
2012-07-31 22:00:00,217.04229548421932
2012-07-31 23:00:00,127.50255493785495
2012-08-20 00:00:00,36.84079671139819
2012-08-20 01:00:00,14.95203100743624
2012-08-20 02:00:00,7.518311101647454
2012-08-20 03:00:00,6.649177257292214
2012-08-20 04:00:00,9.049801378617929
2012-08-20 05:00:00,39.52228530662697
2012-08-20 06:00:00,149.20980644166863
2012-08-20 07:00:00,441.2221562337826
2012-08-20 08:00:00,685.6873171382897
2012-08-20 09:00:00,330.54220769207996
2012-08-20 10:00:00,204.48453144781055
2012-08-20 11:00:00,227.76797237220447
2012-08-20 12:00:00,293.3444721505091
2012-08-20 13:00:00,286.33811541357414
2012-08-20 14:00:00,262.2862968613903
2012-08-20 15:00:00,286.4678364077016
2012-08-20 16:00:00,434.75947513070594
2012-08-20 17:00:00,847.8590979423409
2012-08-20 18:00:00,496.88310562415796
2012-08-20 19:00:00,415.5669400829424
2012-08-20 20:00:00,280.9992902451065
2012-08-20 21:00:00,225.39897102957696
2012-08-20 22:00:00,143.6516055670641
2012-08-20 23:00:00,95.85789419616542
2012-08-21 00:00:00,36.44330689504522
2012-08-21 01:00:00,14.692802451646363
2012-08-21 02:00:00,4.672677048261161
2012-08-21 03:00:00,6.421544649180618
2012-08-21 04:00:00,6.978031956986705
2012-08-21 05:00:00,39.58041215409786
2012-08-21 06:00:00,164.11007928058729
2012-08-21 07:00:00,454.35122994430014
2012-08-21 08:00:00,671.5043938593645
2012-08-21 09:00:00,336.41266906071246
2012-08-21 10:00:00,197.85280501782626
2012-08-21 11:00:00,237.92418590143456
2012-08-21 12:00:00,294.0430147160772
2012-08-21 13:00:00,291.2466462700753
2012-08-21 14:00:00,257.3093535708874
2012-08-21 15:00:00,285.25326584750405
2012-08-21 16:00:00,452.0654814414519
2012-08-21 17:00:00,840.9757421502239
2012-08-21 18:00:00,845.6533476783354
2012-08-21 19:00:00,407.8366969185822
2012-08-21 20:00:00,397.9137538445922
2012-08-21 21:00:00,291.9737278388488
2012-08-21 22:00:00,165.16012021903413
2012-08-21 23:00:00,108.61205850100092
2012-08-22 00:00:00,45.195579154891476
2012-08-22 01:00:00,21.025225934907617
2012-08-22 02:00:00,7.16847101550454
2012-08-22 03:00:00,7.079294585002656
2012-08-22 04:00:00,7.561608557125142
2012-08-22 05:00:00,40.52488906827827
2012-08-22 06:00:00,171.68960081675073
2012-08-22 07:00:00,459.55130208971383
2012-08-22 08:00:00,700.7900620341621
2012-08-22 09:00:00,341.9007561228866
2012-08-22 10:00:00,197.8045266720681
2012-08-22 11:00:00,237.0031306463988
2012-08-22 12:00:00,299.06306762912595
2012-08-22 13:00:00,288.35135319289196
2012-08-22 14:00:00,258.25891208134766
2012-08-22 15:00:00,282.345448511342
2012-08-22 16:00:00,408.234766684378
2012-08-22 17:00:00,710.2374578543038
2012-08-22 18:00:00,697.4397667227025
2012-08-22 19:00:00,526.0998194846857
2012-08-22 20:00:00,404.5161098233254
2012-08-22 21:00:00,302.78392064461025
2012-08-22 22:00:00,261.2701577009815
2012-08-22 23:00:00,128.9192427741487
2012-08-23 00:00:00,67.55561713576402
2012-08-23 01:00:00,21.263916356885424
2012-08-23 02:00:00,10.248926898175563
2012-08-23 03:00:00,6.413585600263984
2012-08-23 04:00:00,7.143896807456478
2012-08-23 05:00:00,40.43299076625908
2012-08-23 06:00:00,158.32973592789833
2012-08-23 07:00:00,404.6650450949836
2012-08-23 08:00:00,696.5227006333436
2012-08-23 09:00:00,339.3214033410479
2012-08-23 10:00:00,200.3645580666546
2012-08-23 11:00:00,238.2271055400379
2012-08-23 12:00:00,309.5143080750195
2012-08-23 13:00:00,289.78674829009043
2012-08-23 14:00:00,249.61262237013074
2012-08-23 15:00:00,277.64490101258554
2012-08-23 16:00:00,426.60014576741884
2012-08-23 17:00:00,827.1916374644176
2012-08-23 18:00:00,827.9626026884316
2012-08-23 19:00:00,594.1283086778773
2012-08-23 20:00:00,426.8649365408674
2012-08-23 21:00:00,326.06904588967285
2012-08-23 22:00:00,238.46558581923563
2012-08-23 23:00:00,161.91663513634117
2012-08-24 00:00:00,71.89860290137652
2012-08-24 01:00:00,34.74933737811311
2012-08-24 02:00:00,18.654048244013453
2012-08-24 03:00:00,7.105938855403023
2012-08-24 04:00:00,7.7297335117887975
2012-08-24 05:00:00,38.17235173683624
2012-08-24 06:00:00,151.54364672542945
2012-08-24 07:00:00,382.89238575721413
2012-08-24 08:00:00,637.489178658636
2012-08-24 09:00:00,361.4789825858832
2012-08-24 10:00:00,251.99113899955864
2012-08-24 11:00:00,285.56193148637357
2012-08-24 12:00:00,360.8160482300117
2012-08-24 13:00:00,356.7406043380755
2012-08-24 14:00:00,357.13608138166353
2012-08-24 15:00:00,357.55400389503546
2012-08-24 16:00:00,482.81599720662535
2012-08-24 17:00:00,810.8448422668716
2012-08-24 18:00:00,741.5203811043848
2012-08-24 19:00:00,528.1580314469905
2012-08-24 20:00:00,373.39453030818953
2012-08-24 21:00:00,291.9074182172169
2012-08-24 22:00:00,229.86456146309453
2012-08-24 23:00:00,192.75923419328478
2012-08-25 00:00:00,159.31989711703443
2012-08-25 01:00:00,126.94264947188489
2012-08-25 02:00:00,96.45880276741651
2012-08-25 03:00:00,34.335744616763826
2012-08-25 04:00:00,14.244595793314556
2012-08-25 05:00:00,12.016316442553377
2012-08-25 06:00:00,31.070709338858684
2012-08-25 07:00:00,59.12184431613247
2012-08-25 08:00:00,186.14299623101266
2012-08-25 09:00:00,285.9248249858818
2012-08-25 10:00:00,422.6963067070561
2012-08-25 11:00:00,456.01910722683016
2012-08-25 12:00:00,313.39395651195275
2012-08-25 13:00:00,546.2387196481125
2012-08-25 14:00:00,243.22977718319
2012-08-25 15:00:00,359.92978916053164
2012-08-25 16:00:00,466.2713075782651
2012-08-25 17:00:00,446.73133239500606
2012-08-25 18:00:00,466.4607531474747
2012-08-25 19:00:00,340.39715372714306
2012-08-25 20:00:00,193.78269727283273
2012-08-25 21:00:00,218.86681964208796
2012-08-25 22:00:00,187.03930151783337
2012-08-25 23:00:00,162.86154612007246
2012-08-26 00:00:00,134.39599525001634
2012-08-26 01:00:00,126.21330214955537
2012-08-26 02:00:00,77.26940745925984
2012-08-26 03:00:00,38.004446164764104
2012-08-26 04:00:00,13.365696469301648
2012-08-26 05:00:00,11.844487147938205
2012-08-26 06:00:00,13.526696818566075
2012-08-26 07:00:00,62.25770319670356
2012-08-26 08:00:00,130.36293634699405
2012-08-26 09:00:00,247.71216556898966
2012-08-26 10:00:00,409.45819331292614
2012-08-26 11:00:00,419.34072168094167
2012-08-26 12:00:00,294.39025445528074
2012-08-26 13:00:00,199.27884607509412
2012-08-26 14:00:00,344.9229426593575
2012-08-26 15:00:00,207.8671920957829
2012-08-26 16:00:00,220.8866245275079
2012-08-26 17:00:00,304.54655335274015
2012-08-26 18:00:00,311.39949881608277
2012-08-26 19:00:00,262.91682546490557
2012-08-26 20:00:00,190.18210016369792
2012-08-26 21:00:00,171.6903888732744
2012-08-26 22:00:00,106.80655667895985
2012-08-26 23:00:00,73.4324411451765
2012-08-27 00:00:00,45.7496695167416
2012-08-27 01:00:00,13.582467368544224
2012-08-27 02:00:00,6.818675285249539
2012-08-27 03:00:00,6.596094840750912
2012-08-27 04:00:00,8.588281903434098
2012-08-27 05:00:00,39.79555638497949
2012-08-27 06:00:00,151.49916552214881
2012-08-27 07:00:00,285.4709866055593
2012-08-27 08:00:00,545.524908416214
2012-08-27 09:00:00,310.8643542903144
2012-08-27 10:00:00,188.8452500334274
2012-08-27 11:00:00,223.50838792765097
2012-08-27 12:00:00,290.0841998335034
2012-08-27 13:00:00,277.08692526795556
2012-08-27 14:00:00,251.8759868440766
2012-08-27 15:00:00,273.52618389202564
2012-08-27 16:00:00,427.91908761919336
2012-08-27 17:00:00,839.0397078825829
2012-08-27 18:00:00,833.1221774046415
2012-08-27 19:00:00,580.232642783074
2012-08-27 20:00:00,415.1299428591718
2012-08-27 21:00:00,294.0016730036079
2012-08-27 22:00:00,196.62080880318376
2012-08-27 23:00:00,114.94899368753971
2012-08-28 00:00:00,47.388285244781166
2012-08-28 01:00:00,16.295483389500408
2012-08-28 02:00:00,8.674374744994385
2012-08-28 03:00:00,5.917995485170298
2012-08-28 04:00:00,7.90796494566526
2012-08-28 05:00:00,39.39055260261077
2012-08-28 06:00:00,162.64502805635937
2012-08-28 07:00:00,311.751678613339
2012-08-28 08:00:00,578.6262205786139
2012-08-28 09:00:00,333.49788138836107
2012-08-28 10:00:00,197.94518574391853
2012-08-28 11:00:00,235.5878080030622
2012-08-28 12:00:00,279.0764541173683
2012-08-28 13:00:00,270.283170197658
2012-08-28 14:00:00,252.48607842507417
2012-08-28 15:00:00,275.63147726472425
2012-08-28 16:00:00,442.2135063068995
2012-08-28 17:00:00,810.1647237154942
2012-08-28 18:00:00,835.4688656476637
2012-08-28 19:00:00,579.2886393760509
2012-08-28 20:00:00,422.0089826239982
2012-08-28 21:00:00,315.602103924495
2012-08-28 22:00:00,222.80578840688776
2012-08-28 23:00:00,149.400561992928
2012-08-29 00:00:00,48.931944792226346
2012-08-29 01:00:00,17.476552881401474
2012-08-29 02:00:00,8.58308956986527
2012-08-29 03:00:00,6.306242735594151
2012-08-29 04:00:00,7.0242838833972305
2012-08-29 05:00:00,40.52373755981607
2012-08-29 06:00:00,169.22759298289606
2012-08-29 07:00:00,424.8976115698463
2012-08-29 08:00:00,695.8709342650612
2012-08-29 09:00:00,350.3189720850698
2012-08-29 10:00:00,196.0546990008527
2012-08-29 11:00:00,237.94624914293667
2012-08-29 12:00:00,305.5216205609924
2012-08-29 13:00:00,301.72078868923614
2012-08-29 14:00:00,255.81336331251347
2012-08-29 15:00:00,279.6316951309577
2012-08-29 16:00:00,446.93028110339526
2012-08-29 17:00:00,872.6130485100443
2012-08-29 18:00:00,844.312414431433
2012-08-29 19:00:00,591.3506468608238
2012-08-29 20:00:00,418.7479937986025
2012-08-29 21:00:00,322.14867469627626
2012-08-29 22:00:00,265.0224961491519
2012-08-29 23:00:00,146.6005044137537
2012-08-30 00:00:00,66.3447865360467
2012-08-30 01:00:00,22.548010183702957
2012-08-30 02:00:00,10.558268242675982
2012-08-30 03:00:00,6.1094062788244194
2012-08-30 04:00:00,7.231697620821061
2012-08-30 05:00:00,40.84506065381925
2012-08-30 06:00:00,165.18683218259883
2012-08-30 07:00:00,432.7416103922806
2012-08-30 08:00:00,698.3695151149835
2012-08-30 09:00:00,339.96233899220755
2012-08-30 10:00:00,196.15109044690544
2012-08-30 11:00:00,245.48309760491523
2012-08-30 12:00:00,301.923954914514
2012-08-30 13:00:00,291.80706862245177
2012-08-30 14:00:00,256.85895648180775
2012-08-30 15:00:00,276.82102844681543
2012-08-30 16:00:00,427.70697012759143
2012-08-30 17:00:00,859.7243372406929
2012-08-30 18:00:00,829.9811924187455
2012-08-30 19:00:00,605.0376073064893
2012-08-30 20:00:00,449.1793261423547
2012-08-30 21:00:00,325.97904530182205
2012-08-30 22:00:00,262.670929484778
2012-08-30 23:00:00,156.53816050420266
2012-08-31 00:00:00,69.40373758745243
2012-08-31 01:00:00,33.286711151318734
2012-08-31 02:00:00,12.285703880560334
2012-08-31 03:00:00,6.8282636901434675
2012-08-31 04:00:00,8.252961860104636
2012-08-31 05:00:00,37.15868436730267
2012-08-31 06:00:00,158.06560127282208
2012-08-31 07:00:00,364.0406940031768
2012-08-31 08:00:00,637.1125727123774
2012-08-31 09:00:00,350.3751158348698
2012-08-31 10:00:00,239.33109314279187
2012-08-31 11:00:00,278.42960006914564
2012-08-31 12:00:00,328.8817943323661
2012-08-31 13:00:00,326.4703146998139
2012-08-31 14:00:00,300.39832712865785
2012-08-31 15:00:00,304.0996589716623
2012-08-31 16:00:00,466.2227017627466
2012-08-31 17:00:00,804.6922036979381
2012-08-31 18:00:00,768.4225681365555
2012-08-31 19:00:00,534.8882690661512
2012-08-31 20:00:00,377.2419630019484
2012-08-31 21:00:00,301.9243029296012
2012-08-31 22:00:00,252.30162252429528
2012-08-31 23:00:00,200.8738663711004
2012-09-20 00:00:00,53.30721571446528
2012-09-20 01:00:00,17.25188236451426
2012-09-20 02:00:00,10.965482818806555
2012-09-20 03:00:00,6.839199008825683
2012-09-20 04:00:00,6.943598057520179
2012-09-20 05:00:00,43.91984942606509
2012-09-20 06:00:00,176.80833211181806
2012-09-20 07:00:00,498.3674199896208
2012-09-20 08:00:00,778.503074820882
2012-09-20 09:00:00,343.50247205148895
2012-09-20 10:00:00,201.1638595913542
2012-09-20 11:00:00,243.6156859350265
2012-09-20 12:00:00,330.678262431087
2012-09-20 13:00:00,320.86236590126475
2012-09-20 14:00:00,320.41585587809794
2012-09-20 15:00:00,339.52642212846445
2012-09-20 16:00:00,451.8106656962825
2012-09-20 17:00:00,856.57433869787
2012-09-20 18:00:00,854.1813124912013
2012-09-20 19:00:00,558.48845627374
2012-09-20 20:00:00,415.071792042226
2012-09-20 21:00:00,292.8165371539308
2012-09-20 22:00:00,228.5575959745014
2012-09-20 23:00:00,141.07901203356283
2012-09-21 00:00:00,67.95833140016313
2012-09-21 01:00:00,37.245767370810356
2012-09-21 02:00:00,19.558389725556545
2012-09-21 03:00:00,8.206648486623875
2012-09-21 04:00:00,9.285410982432825
2012-09-21 05:00:00,43.61874379258161
2012-09-21 06:00:00,165.66929701090342
2012-09-21 07:00:00,432.72526353448495
2012-09-21 08:00:00,678.2377317431395
2012-09-21 09:00:00,353.64108502201395
2012-09-21 10:00:00,245.4286400766669
2012-09-21 11:00:00,286.04254315698836
2012-09-21 12:00:00,371.3683858800757
2012-09-21 13:00:00,400.42076823631294
2012-09-21 14:00:00,387.4157493301239
2012-09-21 15:00:00,386.3328458315997
2012-09-21 16:00:00,496.99152793051087
2012-09-21 17:00:00,834.2247005651172
2012-09-21 18:00:00,766.7655013301071
2012-09-21 19:00:00,538.4485880377681
2012-09-21 20:00:00,367.35430752809583
2012-09-21 21:00:00,268.2709565707347
2012-09-21 22:00:00,235.0990649421767
2012-09-21 23:00:00,179.75308700604447
2012-09-22 00:00:00,138.8855276662624
2012-09-22 01:00:00,111.55476312992647
2012-09-22 02:00:00,69.47374301467242
2012-09-22 03:00:00,29.794730684811963
2012-09-22 04:00:00,13.078410069329122
2012-09-22 05:00:00,11.66017786263664
2012-09-22 06:00:00,30.825161545875346
2012-09-22 07:00:00,69.85204139151256
2012-09-22 08:00:00,195.48243322998186
2012-09-22 09:00:00,321.5336805773361
2012-09-22 10:00:00,438.11183019230145
2012-09-22 11:00:00,544.0212781676862
2012-09-22 12:00:00,580.4169157870931
2012-09-22 13:00:00,580.8034650670296
2012-09-22 14:00:00,570.8346121912389
2012-09-22 15:00:00,563.2090313044678
2012-09-22 16:00:00,553.3178864317636
2012-09-22 17:00:00,557.4722367687139
2012-09-22 18:00:00,523.5599537336973
2012-09-22 19:00:00,428.9743993541506
2012-09-22 20:00:00,314.42955818803466
2012-09-22 21:00:00,286.70463378000113
2012-09-22 22:00:00,257.4381480960878
2012-09-22 23:00:00,197.40134545551246
2012-09-23 00:00:00,152.65997977868312
2012-09-23 01:00:00,110.50743437642244
2012-09-23 02:00:00,74.09928147542936
2012-09-23 03:00:00,35.21984481682663
2012-09-23 04:00:00,14.722721727820227
2012-09-23 05:00:00,13.044590150080607
2012-09-23 06:00:00,19.817591330072485
2012-09-23 07:00:00,57.18895668650158
2012-09-23 08:00:00,121.30304236222368
2012-09-23 09:00:00,252.67060214695266
2012-09-23 10:00:00,392.6420825644399
2012-09-23 11:00:00,519.6722384991758
2012-09-23 12:00:00,605.0123955936336
2012-09-23 13:00:00,658.6298454497978
2012-09-23 14:00:00,631.5830481939495
2012-09-23 15:00:00,621.8673222700088
2012-09-23 16:00:00,620.946360057664
2012-09-23 17:00:00,548.50948098619
2012-09-23 18:00:00,490.99452680950196
2012-09-23 19:00:00,368.2739305066002
2012-09-23 20:00:00,264.094485502452
2012-09-23 21:00:00,167.02767918701346
2012-09-23 22:00:00,133.04271939361234
2012-09-23 23:00:00,68.15612484100781
2012-09-24 00:00:00,43.200686209971416
2012-09-24 01:00:00,13.262247633377328
2012-09-24 02:00:00,7.65609255241926
2012-09-24 03:00:00,4.602637444720522
2012-09-24 04:00:00,7.973823870383642
2012-09-24 05:00:00,44.1093152547824
2012-09-24 06:00:00,158.2188271774623
2012-09-24 07:00:00,454.92130369710605
2012-09-24 08:00:00,753.7602786739436
2012-09-24 09:00:00,346.6338151344337
2012-09-24 10:00:00,196.58273868862315
2012-09-24 11:00:00,239.54193879754467
2012-09-24 12:00:00,320.92567180978426
2012-09-24 13:00:00,312.8657860345524
2012-09-24 14:00:00,307.72772304774446
2012-09-24 15:00:00,314.37162843209626
2012-09-24 16:00:00,462.17231127074217
2012-09-24 17:00:00,859.8657904772188
2012-09-24 18:00:00,844.7613535901287
2012-09-24 19:00:00,517.6599545702159
2012-09-24 20:00:00,359.80403130095397
2012-09-24 21:00:00,262.1870905152463
2012-09-24 22:00:00,137.1343878789261
2012-09-24 23:00:00,92.4685477583436
2012-09-25 00:00:00,44.56989907133851
2012-09-25 01:00:00,12.356811059344812
2012-09-25 02:00:00,7.674274125547347
2012-09-25 03:00:00,4.003687341797571
2012-09-25 04:00:00,7.162766443954669
2012-09-25 05:00:00,43.848734211583945
2012-09-25 06:00:00,174.80916542368874
2012-09-25 07:00:00,478.2734685725218
2012-09-25 08:00:00,765.7916764852514
2012-09-25 09:00:00,350.9243663999704
2012-09-25 10:00:00,199.15004316587994
2012-09-25 11:00:00,238.32519676567105
2012-09-25 12:00:00,313.41807731439104
2012-09-25 13:00:00,317.31529611743474
2012-09-25 14:00:00,318.1114358881799
2012-09-25 15:00:00,327.63013491817674
2012-09-25 16:00:00,463.9573994764122
2012-09-25 17:00:00,880.3186028734575
2012-09-25 18:00:00,874.5467138095437
2012-09-25 19:00:00,565.8041784789275
2012-09-25 20:00:00,417.8798764419325
2012-09-25 21:00:00,277.04020276184883
2012-09-25 22:00:00,207.31768768203042
2012-09-25 23:00:00,108.8105747004082
2012-09-26 00:00:00,43.18199609406606
2012-09-26 01:00:00,17.69907875747737
2012-09-26 02:00:00,5.046648003967983
2012-09-26 03:00:00,4.680155610232001
2012-09-26 04:00:00,6.781536595593339
2012-09-26 05:00:00,42.28363760179164
2012-09-26 06:00:00,173.29122986133748
2012-09-26 07:00:00,523.7139838473888
2012-09-26 08:00:00,762.608101009969
2012-09-26 09:00:00,354.2864469169734
2012-09-26 10:00:00,189.4710518664438
2012-09-26 11:00:00,219.8939012606146
2012-09-26 12:00:00,331.0475761424029
2012-09-26 13:00:00,320.6635268620788
2012-09-26 14:00:00,294.830584534663
2012-09-26 15:00:00,304.4058592818774
2012-09-26 16:00:00,447.73226671244515
2012-09-26 17:00:00,826.7304171808212
2012-09-26 18:00:00,840.0795511551772
2012-09-26 19:00:00,581.3886118987574
2012-09-26 20:00:00,422.61743636060055
2012-09-26 21:00:00,314.77101765771727
2012-09-26 22:00:00,167.92095710646478
2012-09-26 23:00:00,112.09976885321677
2012-09-27 00:00:00,65.608969862619
2012-09-27 01:00:00,22.73418150875182
2012-09-27 02:00:00,10.599462301660587
2012-09-27 03:00:00,7.078388613301978
2012-09-27 04:00:00,6.579039963466754
2012-09-27 05:00:00,41.49011542707703
2012-09-27 06:00:00,165.55378988627825
2012-09-27 07:00:00,473.66390262697496
2012-09-27 08:00:00,746.6222602012679
2012-09-27 09:00:00,345.45962942213146
2012-09-27 10:00:00,200.19571389678157
2012-09-27 11:00:00,242.94089262992514
2012-09-27 12:00:00,321.5727655504598
2012-09-27 13:00:00,305.47228003488965
2012-09-27 14:00:00,298.06121930948683
2012-09-27 15:00:00,308.0461458080528
2012-09-27 16:00:00,446.706453338692
2012-09-27 17:00:00,775.0612929175932
2012-09-27 18:00:00,796.8723353126668
2012-09-27 19:00:00,586.2445285133944
2012-09-27 20:00:00,380.07697801065694
2012-09-27 21:00:00,198.987359189868
2012-09-27 22:00:00,129.3400643037868
2012-09-27 23:00:00,96.6447304019864
2012-09-28 00:00:00,53.9563162449962
2012-09-28 01:00:00,22.609670054999192
2012-09-28 02:00:00,8.643398993193056
2012-09-28 03:00:00,5.707092582801238
2012-09-28 04:00:00,5.731960249049622
2012-09-28 05:00:00,38.731493985296716
2012-09-28 06:00:00,152.03640184590128
2012-09-28 07:00:00,389.6440303792323
2012-09-28 08:00:00,639.2307364366106
2012-09-28 09:00:00,332.54078015228714
2012-09-28 10:00:00,218.31694534638652
2012-09-28 11:00:00,281.65950655018355
2012-09-28 12:00:00,396.8461744995742
2012-09-28 13:00:00,395.54326368590006
2012-09-28 14:00:00,392.8094251619728
2012-09-28 15:00:00,392.3427568405194
2012-09-28 16:00:00,509.5598482992782
2012-09-28 17:00:00,818.2121922390711
2012-09-28 18:00:00,821.3494554156609
2012-09-28 19:00:00,473.18565369928444
2012-09-28 20:00:00,319.0227375886358
2012-09-28 21:00:00,223.72226578636528
2012-09-28 22:00:00,213.54182115493276
2012-09-28 23:00:00,166.75869160996183
2012-09-29 00:00:00,141.8555287840776
2012-09-29 01:00:00,105.86901776923438
2012-09-29 02:00:00,75.13587941747832
2012-09-29 03:00:00,34.196369979949495
2012-09-29 04:00:00,15.465563610409122
2012-09-29 05:00:00,13.888475619786222
2012-09-29 06:00:00,32.46790587731096
2012-09-29 07:00:00,74.88762570955858
2012-09-29 08:00:00,192.5664206563888
2012-09-29 09:00:00,305.1933224275724
2012-09-29 10:00:00,400.4009540045731
2012-09-29 11:00:00,527.9896109069136
2012-09-29 12:00:00,636.3339900686422
2012-09-29 13:00:00,645.3919614411035
2012-09-29 14:00:00,624.2462518989428
2012-09-29 15:00:00,561.3122596051278
2012-09-29 16:00:00,608.403003149599
2012-09-29 17:00:00,593.1316816128366
2012-09-29 18:00:00,502.16287279070934
2012-09-29 19:00:00,373.7499810676478
2012-09-29 20:00:00,261.0562494470881
2012-09-29 21:00:00,246.39357705472548
2012-09-29 22:00:00,214.6410199795136
2012-09-29 23:00:00,170.49828319991846
2012-09-30 00:00:00,154.87169327574026
2012-09-30 01:00:00,110.54255451348257
2012-09-30 02:00:00,71.68436333014078
2012-09-30 03:00:00,42.938867058601005
2012-09-30 04:00:00,13.033004854010546
2012-09-30 05:00:00,11.346429050754448
2012-09-30 06:00:00,27.481498765226146
2012-09-30 07:00:00,57.796005810519176
2012-09-30 08:00:00,124.24595741777058
2012-09-30 09:00:00,262.5447103230485
2012-09-30 10:00:00,411.9452569717831
2012-09-30 11:00:00,551.4964533478993
2012-09-30 12:00:00,630.0581707430827
2012-09-30 13:00:00,643.9358158930256
2012-09-30 14:00:00,613.3532516468096
2012-09-30 15:00:00,616.0818971297399
2012-09-30 16:00:00,634.8825683227537
2012-09-30 17:00:00,596.3066036464103
2012-09-30 18:00:00,438.40351219695447
2012-09-30 19:00:00,286.79287557624554
2012-09-30 20:00:00,196.25485138369297
2012-09-30 21:00:00,172.73410048476137
2012-09-30 22:00:00,132.00952947618765
2012-09-30 23:00:00,69.35750344748294
2012-10-20 00:00:00,130.646239346815
2012-10-20 01:00:00,105.67077685517079
2012-10-20 02:00:00,73.21966701317476
2012-10-20 03:00:00,32.4072638657206
2012-10-20 04:00:00,11.27043801351749
2012-10-20 05:00:00,10.505871083931815
2012-10-20 06:00:00,30.014067668915743
2012-10-20 07:00:00,76.00089304722704
2012-10-20 08:00:00,182.1321665534271
2012-10-20 09:00:00,307.1687149477101
2012-10-20 10:00:00,383.0506316445263
2012-10-20 11:00:00,530.1563873538199
2012-10-20 12:00:00,594.0909665559006
2012-10-20 13:00:00,609.5200252365818
2012-10-20 14:00:00,588.1018165141901
2012-10-20 15:00:00,548.6794598948434
2012-10-20 16:00:00,604.984671670015
2012-10-20 17:00:00,577.6554915651196
2012-10-20 18:00:00,513.8800954776378
2012-10-20 19:00:00,366.5103385273349
2012-10-20 20:00:00,240.27802270097982
2012-10-20 21:00:00,226.61593210552695
2012-10-20 22:00:00,188.83277981191202
2012-10-20 23:00:00,154.52523210294302
2012-10-21 00:00:00,130.5587030256229
2012-10-21 01:00:00,107.80226810833855
2012-10-21 02:00:00,70.71760225169872
2012-10-21 03:00:00,41.4279359537679
2012-10-21 04:00:00,12.402025346342738
2012-10-21 05:00:00,10.843100976338004
2012-10-21 06:00:00,25.561263386329813
2012-10-21 07:00:00,53.497441979681774
2012-10-21 08:00:00,104.1727187392327
2012-10-21 09:00:00,241.70891684196204
2012-10-21 10:00:00,380.5356074205379
2012-10-21 11:00:00,516.1604900464539
2012-10-21 12:00:00,593.5332550378405
2012-10-21 13:00:00,614.2865077520313
2012-10-21 14:00:00,621.6153328253023
2012-10-21 15:00:00,588.3032995165194
2012-10-21 16:00:00,605.4001374145478
2012-10-21 17:00:00,536.9513455568109
2012-10-21 18:00:00,471.7033947625547
2012-10-21 19:00:00,351.87253070604174
2012-10-21 20:00:00,229.52404180758793
2012-10-21 21:00:00,145.75447997086007
2012-10-21 22:00:00,119.03206555892028
2012-10-21 23:00:00,67.63852638814188
2012-10-22 00:00:00,36.99299133714905
2012-10-22 01:00:00,12.178150930391599
2012-10-22 02:00:00,7.346332664589994
2012-10-22 03:00:00,4.4729613937147805
2012-10-22 04:00:00,7.596056929785217
2012-10-22 05:00:00,36.83432669344031
2012-10-22 06:00:00,148.37664893034764
2012-10-22 07:00:00,383.0390035199717
2012-10-22 08:00:00,767.432498671908
2012-10-22 09:00:00,334.99152452321493
2012-10-22 10:00:00,197.19298500929807
2012-10-22 11:00:00,243.1524374707614
2012-10-22 12:00:00,314.1675350760589
2012-10-22 13:00:00,313.5255414358493
2012-10-22 14:00:00,310.5931309079838
2012-10-22 15:00:00,325.4720607300752
2012-10-22 16:00:00,470.93498206941405
2012-10-22 17:00:00,919.8245460609936
2012-10-22 18:00:00,740.0351441814838
2012-10-22 19:00:00,509.33962318655495
2012-10-22 20:00:00,354.6195256496489
2012-10-22 21:00:00,249.43974270522682
2012-10-22 22:00:00,137.1592980854022
2012-10-22 23:00:00,91.33658783265162
2012-10-23 00:00:00,40.822570395844366
2012-10-23 01:00:00,12.544307058006567
2012-10-23 02:00:00,6.107552347649756
2012-10-23 03:00:00,5.297208530070337
2012-10-23 04:00:00,7.06160815493557
2012-10-23 05:00:00,43.72333234985399
2012-10-23 06:00:00,165.32999446270225
2012-10-23 07:00:00,468.40037067373646
2012-10-23 08:00:00,756.1137662578974
2012-10-23 09:00:00,347.1033567038362
2012-10-23 10:00:00,197.1496506679034
2012-10-23 11:00:00,243.87640362849913
2012-10-23 12:00:00,311.44901486344304
2012-10-23 13:00:00,306.5131014621823
2012-10-23 14:00:00,309.5838150430311
2012-10-23 15:00:00,318.0712610428678
2012-10-23 16:00:00,464.534206039214
2012-10-23 17:00:00,893.5904945070008
2012-10-23 18:00:00,873.2070815419772
2012-10-23 19:00:00,559.0756795562335
2012-10-23 20:00:00,418.4439315404087
2012-10-23 21:00:00,276.5523561857725
2012-10-23 22:00:00,174.84676430421686
2012-10-23 23:00:00,98.810634550614
2012-10-24 00:00:00,46.983137764063386
2012-10-24 01:00:00,17.87505167084315
2012-10-24 02:00:00,7.612707222824952
2012-10-24 03:00:00,6.636140359961345
2012-10-24 04:00:00,6.48513298978356
2012-10-24 05:00:00,45.697369170250695
2012-10-24 06:00:00,174.90476769943942
2012-10-24 07:00:00,461.17872197421644
2012-10-24 08:00:00,722.4562525667918
2012-10-24 09:00:00,364.40518025778056
2012-10-24 10:00:00,195.8166587042093
2012-10-24 11:00:00,222.5848190143468
2012-10-24 12:00:00,318.71714005728995
2012-10-24 13:00:00,312.49557629693686
2012-10-24 14:00:00,307.62027657429275
2012-10-24 15:00:00,316.5521514187449
2012-10-24 16:00:00,465.9621391052115
2012-10-24 17:00:00,873.3245777136342
2012-10-24 18:00:00,862.3922084120936
2012-10-24 19:00:00,551.2117283552992
2012-10-24 20:00:00,397.22559726850386
2012-10-24 21:00:00,279.39576555665536
2012-10-24 22:00:00,234.5595643962307
2012-10-24 23:00:00,127.11233357706546
2012-10-25 00:00:00,57.853079388407714
2012-10-25 01:00:00,21.718180361244947
2012-10-25 02:00:00,10.86052318188431
2012-10-25 03:00:00,5.149935908438192
2012-10-25 04:00:00,6.142710529023756
2012-10-25 05:00:00,44.14445342862563
2012-10-25 06:00:00,165.4535073308228
2012-10-25 07:00:00,467.4740654117685
2012-10-25 08:00:00,725.5107477042219
2012-10-25 09:00:00,356.78742536005774
2012-10-25 10:00:00,171.95354904385076
2012-10-25 11:00:00,154.82893601335826
2012-10-25 12:00:00,225.4749969143081
2012-10-25 13:00:00,226.492725861218
2012-10-25 14:00:00,253.3839769468944
2012-10-25 15:00:00,338.4944572524478
2012-10-25 16:00:00,442.2537473624724
2012-10-25 17:00:00,772.2801837056226
2012-10-25 18:00:00,273.8610399769629
2012-10-25 19:00:00,297.4869116858922
2012-10-25 20:00:00,255.77777949158462
2012-10-25 21:00:00,232.90038737914838
2012-10-25 22:00:00,186.6573250230081
2012-10-25 23:00:00,124.69912406996627
2012-10-26 00:00:00,59.14344265641557
2012-10-26 01:00:00,23.452813908106172
2012-10-26 02:00:00,9.854358542220833
2012-10-26 03:00:00,5.5109541875066
2012-10-26 04:00:00,6.77519152369834
2012-10-26 05:00:00,41.52819374898288
2012-10-26 06:00:00,155.560803740807
2012-10-26 07:00:00,420.36354396345814
2012-10-26 08:00:00,640.4544548543753
2012-10-26 09:00:00,343.510983096373
2012-10-26 10:00:00,207.89067627441042
2012-10-26 11:00:00,246.26156697660178
2012-10-26 12:00:00,337.20471889981206
2012-10-26 13:00:00,348.95400128738646
2012-10-26 14:00:00,363.2489257652343
2012-10-26 15:00:00,374.21098514261803
2012-10-26 16:00:00,444.9925794904041
2012-10-26 17:00:00,522.2034749316572
2012-10-26 18:00:00,392.97813764002694
2012-10-26 19:00:00,266.5341961657515
2012-10-26 20:00:00,244.5883423698678
2012-10-26 21:00:00,248.3250679538398
2012-10-26 22:00:00,182.19785871186366
2012-10-26 23:00:00,145.14535532426564
2012-10-27 00:00:00,139.84499286392085
2012-10-27 01:00:00,112.57023254804248
2012-10-27 02:00:00,67.27521697861562
2012-10-27 03:00:00,33.63137627688424
2012-10-27 04:00:00,12.206961027577833
2012-10-27 05:00:00,12.236379256256132
2012-10-27 06:00:00,29.348145977169565
2012-10-27 07:00:00,71.13155473161365
2012-10-27 08:00:00,188.74139710129438
2012-10-27 09:00:00,301.6777461237905
2012-10-27 10:00:00,393.76742021260566
2012-10-27 11:00:00,477.0412229427121
2012-10-27 12:00:00,598.7489753168006
2012-10-27 13:00:00,629.92096235297
2012-10-27 14:00:00,594.4935070067642
2012-10-27 15:00:00,478.5251503733894
2012-10-27 16:00:00,504.2550569158767
2012-10-27 17:00:00,520.0607195930746
2012-10-27 18:00:00,485.0973915581877
2012-10-27 19:00:00,359.65125387501644
2012-10-27 20:00:00,244.75583749150604
2012-10-27 21:00:00,220.85841659164024
2012-10-27 22:00:00,184.38520655111418
2012-10-27 23:00:00,143.27801784177004
2012-10-28 00:00:00,119.9523162403122
2012-10-28 01:00:00,107.071686654126
2012-10-28 02:00:00,74.90874736024146
2012-10-28 03:00:00,34.17135973072286
2012-10-28 04:00:00,13.268529619886476
2012-10-28 05:00:00,13.648333513803003
2012-10-28 06:00:00,20.730591724416236
2012-10-28 07:00:00,55.44760525651968
2012-10-28 08:00:00,117.45951348225265
2012-10-28 09:00:00,249.49580399827582
2012-10-28 10:00:00,345.73776405580236
2012-10-28 11:00:00,485.3945981962692
2012-10-28 12:00:00,499.1275823714445
2012-10-28 13:00:00,499.0974144793132
2012-10-28 14:00:00,489.13865686072194
2012-10-28 15:00:00,461.98623253398426
2012-10-28 16:00:00,341.4626708855166
2012-10-28 17:00:00,224.53663446096743
2012-10-28 18:00:00,150.14603223357443
2012-10-28 19:00:00,139.60356803652041
2012-10-28 20:00:00,132.9538529095545
2012-10-28 21:00:00,122.39877436555524
2012-10-28 22:00:00,80.272427068665
2012-10-28 23:00:00,61.616930294681
2012-10-29 00:00:00,23.450993013498273
2012-10-30 13:00:00,116.6212300278917
2012-10-30 14:00:00,116.72480198682621
2012-10-30 15:00:00,138.61476209118544
2012-10-30 16:00:00,200.66402897098038
2012-10-30 17:00:00,329.4733524793652
2012-10-30 18:00:00,329.44511122418965
2012-10-30 19:00:00,511.8277968940188
2012-10-30 20:00:00,227.8673952488661
2012-10-30 21:00:00,167.71686925096023
2012-10-30 22:00:00,140.04896529372508
2012-10-30 23:00:00,100.02087438994658
2012-10-31 00:00:00,30.288286464554147
2012-10-31 01:00:00,12.471871717258638
2012-10-31 02:00:00,5.144707376396998
2012-10-31 03:00:00,4.944620198642592
2012-10-31 04:00:00,5.950984626682935
2012-10-31 05:00:00,33.6165325635797
2012-10-31 06:00:00,134.55272961005858
2012-10-31 07:00:00,327.4435113665554
2012-10-31 08:00:00,630.7257963198435
2012-10-31 09:00:00,318.5678893795594
2012-10-31 10:00:00,162.3009235209596
2012-10-31 11:00:00,171.00063872092616
2012-10-31 12:00:00,225.16578699088032
2012-10-31 13:00:00,235.84236318395443
2012-10-31 14:00:00,219.78320440686124
2012-10-31 15:00:00,230.0965141810943
2012-10-31 16:00:00,351.4604734654166
2012-10-31 17:00:00,555.4667983344193
2012-10-31 18:00:00,553.8085655140501
2012-10-31 19:00:00,362.636072867272
2012-10-31 20:00:00,270.5430503864018
2012-10-31 21:00:00,200.53734477498276
2012-10-31 22:00:00,147.69659957754965
2012-10-31 23:00:00,111.11645904011858
2012-11-20 00:00:00,29.997045573867414
2012-11-20 01:00:00,14.127197695731251
2012-11-20 02:00:00,5.09425058174024
2012-11-20 03:00:00,3.767674012317906
2012-11-20 04:00:00,7.394942346139375
2012-11-20 05:00:00,39.53564426506922
2012-11-20 06:00:00,142.74049084614907
2012-11-20 07:00:00,369.77565076762124
2012-11-20 08:00:00,629.8011253121448
2012-11-20 09:00:00,318.9765805681106
2012-11-20 10:00:00,171.19527801877098
2012-11-20 11:00:00,200.493659605231
2012-11-20 12:00:00,227.7375456667663
2012-11-20 13:00:00,233.8039913253708
2012-11-20 14:00:00,215.90625349879545
2012-11-20 15:00:00,279.3157683985936
2012-11-20 16:00:00,366.67331968019795
2012-11-20 17:00:00,531.7676921002627
2012-11-20 18:00:00,520.9376731142437
2012-11-20 19:00:00,369.25594470736223
2012-11-20 20:00:00,258.79119678839834
2012-11-20 21:00:00,203.58691751137636
2012-11-20 22:00:00,150.53507618076333
2012-11-20 23:00:00,101.73737095528332
2012-11-21 00:00:00,28.594238659429607
2012-11-21 01:00:00,12.952092943855233
2012-11-21 02:00:00,4.287926004175813
2012-11-21 03:00:00,5.1863832739778255
2012-11-21 04:00:00,5.4799965829964945
2012-11-21 05:00:00,27.47471798303103
2012-11-21 06:00:00,127.88136302951918
2012-11-21 07:00:00,325.7539055190123
2012-11-21 08:00:00,598.0278548718418
2012-11-21 09:00:00,317.36220167914286
2012-11-21 10:00:00,173.24878306966056
2012-11-21 11:00:00,197.59954142269603
2012-11-21 12:00:00,231.68360372286233
2012-11-21 13:00:00,240.06322275583818
2012-11-21 14:00:00,281.98899840364817
2012-11-21 15:00:00,293.8195710557455
2012-11-21 16:00:00,358.17126916322746
2012-11-21 17:00:00,576.7842100105012
2012-11-21 18:00:00,522.7451869121861
2012-11-21 19:00:00,355.1566360998625
2012-11-21 20:00:00,264.17219028794244
2012-11-21 21:00:00,203.57151268985626
2012-11-21 22:00:00,140.6045184420673
2012-11-21 23:00:00,115.63467831867645
2012-11-22 00:00:00,46.07874084644861
2012-11-22 01:00:00,34.3242060046426
2012-11-22 02:00:00,21.39041287952726
2012-11-22 03:00:00,8.719180058183001
2012-11-22 04:00:00,6.51633745359963
2012-11-22 05:00:00,11.118296589757486
2012-11-22 06:00:00,46.0365892563175
2012-11-22 07:00:00,119.59017450826707
2012-11-22 08:00:00,220.55427834817914
2012-11-22 09:00:00,259.93204437455347
2012-11-22 10:00:00,254.79999050143385
2012-11-22 11:00:00,363.66597388990624
2012-11-22 12:00:00,414.9911868809196
2012-11-22 13:00:00,454.30456740116483
2012-11-22 14:00:00,467.87159027504424
2012-11-22 15:00:00,462.0228668809863
2012-11-22 16:00:00,406.1239132778542
2012-11-22 17:00:00,544.2693204883452
2012-11-22 18:00:00,468.8153354701061
2012-11-22 19:00:00,325.5442387794244
2012-11-22 20:00:00,238.55570896841942
2012-11-22 21:00:00,193.7471581321144
2012-11-22 22:00:00,148.0966702677652
2012-11-22 23:00:00,125.6566762402963
2012-11-23 00:00:00,43.13974891317765
2012-11-23 01:00:00,21.264113893419662
2012-11-23 02:00:00,10.20828905149918
2012-11-23 03:00:00,5.578008416971744
2012-11-23 04:00:00,8.036570118472936
2012-11-23 05:00:00,30.63956698272199
2012-11-23 06:00:00,125.17398844021913
2012-11-23 07:00:00,338.7899101064537
2012-11-23 08:00:00,572.2511493916089
2012-11-23 09:00:00,312.20386342014086
2012-11-23 10:00:00,188.23329452809764
2012-11-23 11:00:00,230.24513693357963
2012-11-23 12:00:00,278.1604876246806
2012-11-23 13:00:00,289.6427692367319
2012-11-23 14:00:00,318.9539146138006
2012-11-23 15:00:00,324.85651710546017
2012-11-23 16:00:00,441.48801318802145
2012-11-23 17:00:00,681.4989824303946
2012-11-23 18:00:00,628.0201492591974
2012-11-23 19:00:00,406.53179401007753
2012-11-23 20:00:00,287.5955910070309
2012-11-23 21:00:00,237.43527926075845
2012-11-23 22:00:00,156.70260570522555
2012-11-23 23:00:00,113.12263071790254
2012-11-24 00:00:00,122.82951979874893
2012-11-24 01:00:00,102.25401366149511
2012-11-24 02:00:00,49.86206355530302
2012-11-24 03:00:00,19.90297951208551
2012-11-24 04:00:00,7.078815874590663
2012-11-24 05:00:00,5.644864552573168
2012-11-24 06:00:00,17.717248659443197
2012-11-24 07:00:00,59.30207978026124
2012-11-24 08:00:00,133.2010912122508
2012-11-24 09:00:00,177.56343018577974
2012-11-24 10:00:00,235.07707529126566
2012-11-24 11:00:00,282.5408914087255
2012-11-24 12:00:00,297.9745814565773
2012-11-24 13:00:00,376.0667986773419
2012-11-24 14:00:00,347.14371637968554
2012-11-24 15:00:00,303.914813228141
2012-11-24 16:00:00,283.7851244107192
2012-11-24 17:00:00,261.1604150214438
2012-11-24 18:00:00,238.00278928113187
2012-11-24 19:00:00,188.34023668520558
2012-11-24 20:00:00,145.00327921725355
2012-11-24 21:00:00,118.32786962176371
2012-11-24 22:00:00,99.97011108927049
2012-11-24 23:00:00,82.13855776445791
2012-11-25 00:00:00,113.73494939336142
2012-11-25 01:00:00,114.94101004085437
2012-11-25 02:00:00,45.93875770278435
2012-11-25 03:00:00,22.543565335148273
2012-11-25 04:00:00,7.2546357800194725
2012-11-25 05:00:00,7.427227929237751
2012-11-25 06:00:00,14.900229386459179
2012-11-25 07:00:00,48.26196408025959
2012-11-25 08:00:00,115.632742914142
2012-11-25 09:00:00,157.28235502311512
2012-11-25 10:00:00,210.0850483108713
2012-11-25 11:00:00,256.190376552009
2012-11-25 12:00:00,273.5027959929425
2012-11-25 13:00:00,275.38234539950844
2012-11-25 14:00:00,292.62070438623397
2012-11-25 15:00:00,291.90825975012814
2012-11-25 16:00:00,289.9154159767253
2012-11-25 17:00:00,223.68455792861255
2012-11-25 18:00:00,191.45979595742142
2012-11-25 19:00:00,166.25071916816776
2012-11-25 20:00:00,117.62396059518298
2012-11-25 21:00:00,100.77810889862073
2012-11-25 22:00:00,79.57066524266256
2012-11-25 23:00:00,58.10245452428173
2012-11-26 00:00:00,22.135339941233315
2012-11-26 01:00:00,12.530401167139347
2012-11-26 02:00:00,7.428310177802166
2012-11-26 03:00:00,4.433214659257645
2012-11-26 04:00:00,6.948552592743934
2012-11-26 05:00:00,36.33490225960351
2012-11-26 06:00:00,138.05351867298467
2012-11-26 07:00:00,358.02050109924096
2012-11-26 08:00:00,660.7517102997466
2012-11-26 09:00:00,304.0017438063276
2012-11-26 10:00:00,166.30876961435985
2012-11-26 11:00:00,191.04560842903115
2012-11-26 12:00:00,235.79852709966912
2012-11-26 13:00:00,236.15131084918826
2012-11-26 14:00:00,223.38056208506424
2012-11-26 15:00:00,232.63716386944157
2012-11-26 16:00:00,364.8533302722072
2012-11-26 17:00:00,552.8197916188756
2012-11-26 18:00:00,558.3068810657006
2012-11-26 19:00:00,365.01895416916113
2012-11-26 20:00:00,264.38455358916303
2012-11-26 21:00:00,193.05678998800312
2012-11-26 22:00:00,124.36471426147358
2012-11-26 23:00:00,79.29608319007173
2012-11-27 00:00:00,28.033014439338263
2012-11-27 01:00:00,13.366361267710898
2012-11-27 02:00:00,4.930706167245124
2012-11-27 03:00:00,3.9667985791916895
2012-11-27 04:00:00,6.087028881574386
2012-11-27 05:00:00,33.388214319250196
2012-11-27 06:00:00,130.7341139424075
2012-11-27 07:00:00,158.69771231722797
2012-11-27 08:00:00,220.42866874880903
2012-11-27 09:00:00,294.1819290898872
2012-11-27 10:00:00,133.9569793831335
2012-11-27 11:00:00,125.73143154881862
2012-11-27 12:00:00,135.69947914259882
2012-11-27 13:00:00,142.39195233907287
2012-11-27 14:00:00,135.1870166762664
2012-11-27 15:00:00,175.55368422201803
2012-11-27 16:00:00,289.7320662264861
2012-11-27 17:00:00,458.74352019087564
2012-11-27 18:00:00,409.38232220871237
2012-11-27 19:00:00,330.719745571019
2012-11-27 20:00:00,226.27960968886723
2012-11-27 21:00:00,134.8179322023829
2012-11-27 22:00:00,117.09628943511294
2012-11-27 23:00:00,77.09986680227917
2012-11-28 00:00:00,22.54533507913554
2012-11-28 01:00:00,18.493017210864334
2012-11-28 02:00:00,8.290353061327364
2012-11-28 03:00:00,3.526864748810025
2012-11-28 04:00:00,6.37248728601681
2012-11-28 05:00:00,35.244763103206544
2012-11-28 06:00:00,134.80869220662314
2012-11-28 07:00:00,369.17050042018616
2012-11-28 08:00:00,668.3540326198813
2012-11-28 09:00:00,321.9205358743938
2012-11-28 10:00:00,158.48327059347255
2012-11-28 11:00:00,186.9118537830836
2012-11-28 12:00:00,202.09225953875517
2012-11-28 13:00:00,227.84347059390953
2012-11-28 14:00:00,224.98716826753238
2012-11-28 15:00:00,234.42339732914985
2012-11-28 16:00:00,346.97487698757607
2012-11-28 17:00:00,546.511801763454
2012-11-28 18:00:00,523.8922583997598
2012-11-28 19:00:00,366.97798694315156
2012-11-28 20:00:00,252.52309121826323
2012-11-28 21:00:00,180.18136042625883
2012-11-28 22:00:00,117.35435851845261
2012-11-28 23:00:00,80.18647752550126
2012-11-29 00:00:00,29.05352842609664
2012-11-29 01:00:00,17.15435682144987
2012-11-29 02:00:00,6.444347149261385
2012-11-29 04:00:00,5.468095720531232
2012-11-29 05:00:00,34.295652940681734
2012-11-29 06:00:00,134.47330012900292
2012-11-29 07:00:00,360.6230576901641
2012-11-29 08:00:00,630.53327883533
2012-11-29 09:00:00,313.96167477017923
2012-11-29 10:00:00,164.54676739166794
2012-11-29 11:00:00,190.40099863696017
2012-11-29 12:00:00,234.1291569454769
2012-11-29 13:00:00,237.25856124701818
2012-11-29 14:00:00,219.83286576820984
2012-11-29 15:00:00,251.36100685649666
2012-11-29 16:00:00,355.2797964914881
2012-11-29 17:00:00,566.2307256048562
2012-11-29 18:00:00,548.6880910113543
2012-11-29 19:00:00,375.0193063774696
2012-11-29 20:00:00,261.66372872605376
2012-11-29 21:00:00,155.08974657301164
2012-11-29 22:00:00,142.13647752733564
2012-11-29 23:00:00,118.86423049542337
2012-11-30 00:00:00,41.3716837910383
2012-11-30 01:00:00,21.901601372687693
2012-11-30 02:00:00,10.285188714524706
2012-11-30 03:00:00,6.362725106681014
2012-11-30 04:00:00,7.595180434603289
2012-11-30 05:00:00,31.283948948291727
2012-11-30 06:00:00,124.94190179868176
2012-11-30 07:00:00,339.5996228709607
2012-11-30 08:00:00,564.1325865172423
2012-11-30 09:00:00,314.59638593392134
2012-11-30 10:00:00,184.19679004848973
2012-11-30 11:00:00,195.80254923378885
2012-11-30 12:00:00,263.0117366165307
2012-11-30 13:00:00,270.79020390756136
2012-11-30 14:00:00,260.0463450963676
2012-11-30 15:00:00,264.10418950303733
2012-11-30 16:00:00,394.4393027956263
2012-11-30 17:00:00,567.3087506119876
2012-11-30 18:00:00,495.23961398612744
2012-11-30 19:00:00,351.2710440153537
2012-11-30 20:00:00,247.78042911895065
2012-11-30 21:00:00,186.63657296157598
2012-11-30 22:00:00,148.0863044616622
2012-11-30 23:00:00,130.3374614640365
2012-12-20 00:00:00,42.710184072929636
2012-12-20 01:00:00,17.32423794928353
2012-12-20 02:00:00,6.554324281293953
2012-12-20 03:00:00,3.394799214188639
2012-12-20 04:00:00,6.014479749554156
2012-12-20 05:00:00,35.73505486957316
2012-12-20 06:00:00,130.20599278591357
2012-12-20 07:00:00,351.81278208673854
2012-12-20 08:00:00,613.5808679534691
2012-12-20 09:00:00,294.31516092592653
2012-12-20 10:00:00,166.75849659564335
2012-12-20 11:00:00,175.12616256512177
2012-12-20 12:00:00,228.6826527217658
2012-12-20 13:00:00,230.12640138349772
2012-12-20 14:00:00,225.11181445217102
2012-12-20 15:00:00,231.7384813231697
2012-12-20 16:00:00,319.5257977364887
2012-12-20 17:00:00,546.5283604628063
2012-12-20 18:00:00,517.0216624107728
2012-12-20 19:00:00,295.4571701061441
2012-12-20 20:00:00,212.86069294291562
2012-12-20 21:00:00,112.32906340144365
2012-12-20 22:00:00,77.13113390304098
2012-12-20 23:00:00,93.3145192015374
2012-12-21 00:00:00,40.89807965968926
2012-12-21 01:00:00,21.353137271775665
2012-12-21 02:00:00,8.428279834973658
2012-12-21 03:00:00,5.277707587693438
2012-12-21 04:00:00,7.826183372508188
2012-12-21 05:00:00,30.12900710665486
2012-12-21 06:00:00,104.97733107535899
2012-12-21 07:00:00,331.4608219116923
2012-12-21 08:00:00,585.1518516939456
2012-12-21 09:00:00,286.3617995085408
2012-12-21 10:00:00,175.0134209455687
2012-12-21 11:00:00,181.3360246569158
2012-12-21 12:00:00,196.13404878620184
2012-12-21 13:00:00,197.58604211130046
2012-12-21 14:00:00,191.5537345036404
2012-12-21 15:00:00,180.13400188174606
2012-12-21 16:00:00,277.1404001244596
2012-12-21 17:00:00,426.03919430894416
2012-12-21 18:00:00,396.5728879620307
2012-12-21 19:00:00,299.675008519904
2012-12-21 20:00:00,212.00814718737885
2012-12-21 21:00:00,136.27496258019946
2012-12-21 22:00:00,100.30931959315384
2012-12-21 23:00:00,79.50785883013208
2012-12-22 00:00:00,107.73116484380462
2012-12-22 01:00:00,102.33716729419677
2012-12-22 02:00:00,45.613880337235315
2012-12-22 03:00:00,18.319867869860207
2012-12-22 04:00:00,6.429163579340843
2012-12-22 05:00:00,4.5998991803175695
2012-12-22 06:00:00,12.700254742928873
2012-12-22 07:00:00,48.597224780514615
2012-12-22 08:00:00,118.7575788429953
2012-12-22 09:00:00,155.09037822292626
2012-12-22 10:00:00,222.66466459935512
2012-12-22 11:00:00,256.5669043737329
2012-12-22 12:00:00,271.3032701428872
2012-12-22 13:00:00,328.9218475664402
2012-12-22 14:00:00,324.0457518052485
2012-12-22 15:00:00,298.62055942522534
2012-12-22 16:00:00,255.76815428477943
2012-12-22 17:00:00,221.66711726795538
2012-12-22 18:00:00,205.3539787183468
2012-12-22 19:00:00,162.30149766391673
2012-12-22 20:00:00,125.84164982120295
2012-12-22 21:00:00,99.02860642660313
2012-12-22 22:00:00,77.7600279650934
2012-12-22 23:00:00,69.44585903252928
2012-12-23 00:00:00,111.63536335381926
2012-12-23 01:00:00,109.8997450717853
2012-12-23 02:00:00,47.80799199507732
2012-12-23 03:00:00,22.080190201484445
2012-12-23 04:00:00,7.574350164479698
2012-12-23 05:00:00,5.458506276198182
2012-12-23 06:00:00,8.702747741145384
2012-12-23 07:00:00,40.26880355650225
2012-12-23 08:00:00,91.7610605178123
2012-12-23 09:00:00,128.96489804102936
2012-12-23 10:00:00,184.37226414610967
2012-12-23 11:00:00,221.12994336430614
2012-12-23 12:00:00,270.32685649321513
2012-12-23 13:00:00,338.9750995784861
2012-12-23 14:00:00,351.3049596207482
2012-12-23 15:00:00,362.21137309533975
2012-12-23 16:00:00,330.5095348554122
2012-12-23 17:00:00,286.1093093227864
2012-12-23 18:00:00,212.72891793660258
2012-12-23 19:00:00,164.21693734100643
2012-12-23 20:00:00,117.89363983226319
2012-12-23 21:00:00,92.68352152718151
2012-12-23 22:00:00,64.7879693858322
2012-12-23 23:00:00,57.31422465136381
2012-12-24 00:00:00,23.277004080860973
2012-12-24 01:00:00,11.186902241429731
2012-12-24 02:00:00,6.293022160436693
2012-12-24 03:00:00,4.822740006435319
2012-12-24 05:00:00,28.52282053121259
2012-12-24 06:00:00,110.96115449886412
2012-12-24 07:00:00,318.4277293884376
2012-12-24 08:00:00,545.1103386663618
2012-12-24 09:00:00,260.60137029090623
2012-12-24 10:00:00,140.67369701993772
2012-12-24 11:00:00,136.1658519845811
2012-12-24 12:00:00,159.01061482879658
2012-12-24 13:00:00,111.10562389304553
2012-12-24 14:00:00,112.97598711855801
2012-12-24 15:00:00,115.36988509355436
2012-12-24 16:00:00,161.0063912235686
2012-12-24 17:00:00,253.11242913886284
2012-12-24 18:00:00,262.6145999724554
2012-12-24 19:00:00,254.59363927410968
2012-12-24 20:00:00,181.86991508393243
2012-12-24 21:00:00,97.67873852972737
2012-12-24 22:00:00,105.253408581673
2012-12-24 23:00:00,67.92600813173212
2012-12-25 00:00:00,21.805032026550784
2012-12-25 01:00:00,27.631514172870844
2012-12-25 02:00:00,17.497489579973156
2012-12-25 04:00:00,5.839110766240825
2012-12-25 05:00:00,8.40241948775473
2012-12-25 06:00:00,24.97917449768917
2012-12-25 07:00:00,80.61019708438958
2012-12-25 08:00:00,174.38778853471604
2012-12-25 09:00:00,179.5923848624086
2012-12-25 10:00:00,200.23684736404357
2012-12-25 11:00:00,223.8630549698687
2012-12-25 12:00:00,279.0535594408686
2012-12-25 13:00:00,328.625412939651
2012-12-25 14:00:00,318.60281267299604
2012-12-25 15:00:00,300.9261990616915
2012-12-25 16:00:00,311.00426134756117
2012-12-25 17:00:00,355.53186931411614
2012-12-25 18:00:00,320.9545323007185
2012-12-25 19:00:00,254.27958266452546
2012-12-25 20:00:00,186.71585373946954
2012-12-25 21:00:00,129.688163082176
2012-12-25 22:00:00,107.18492746951007
2012-12-25 23:00:00,65.58877271285483
2012-12-26 00:00:00,24.47062174200017
2012-12-26 01:00:00,15.015223879785454
2012-12-26 02:00:00,6.242161762297559
2012-12-26 03:00:00,4.013172137366787
2012-12-26 04:00:00,5.912913384757413
2012-12-26 05:00:00,30.964199915004457
2012-12-26 06:00:00,113.57703398316339
2012-12-26 07:00:00,138.74477331771513
2012-12-26 08:00:00,207.8003998632722
2012-12-26 09:00:00,155.12558691140745
2012-12-26 10:00:00,100.6713335149821
2012-12-26 11:00:00,103.91063159894561
2012-12-26 12:00:00,109.45401871195222
2012-12-26 13:00:00,107.45938484934841
2012-12-26 14:00:00,109.20525139789237
2012-12-26 15:00:00,114.96645612145987
2012-12-26 16:00:00,151.7319965329447
2012-12-26 17:00:00,232.1677445691477
2012-12-26 18:00:00,233.8543600368813
2012-12-26 19:00:00,209.69131267204932
2012-12-26 20:00:00,143.00323482271116
2012-12-26 21:00:00,130.80011939013542
2012-12-26 22:00:00,71.704939419164
2012-12-26 23:00:00,62.98872800756432
2012-12-27 00:00:00,21.14657377847681
2012-12-27 01:00:00,8.19957986513906
2012-12-27 02:00:00,5.549789944114284
2012-12-27 03:00:00,4.1648138403031805
2012-12-27 04:00:00,5.354254500230088
2012-12-27 05:00:00,30.331861934645662
2012-12-27 06:00:00,100.48286360515525
2012-12-27 07:00:00,338.7710641056372
2012-12-27 08:00:00,572.7328959186003
2012-12-27 09:00:00,284.591954161196
2012-12-27 10:00:00,153.02358348876925
2012-12-27 11:00:00,153.88521235173278
2012-12-27 12:00:00,174.9453261105134
2012-12-27 13:00:00,175.78664148528162
2012-12-27 14:00:00,160.52838896131607
2012-12-27 15:00:00,164.15454480442924
2012-12-27 16:00:00,260.178030261483
2012-12-27 17:00:00,414.61183311063155
2012-12-27 18:00:00,383.0140033006932
2012-12-27 19:00:00,282.6454407508923
2012-12-27 20:00:00,209.48892223968943
2012-12-27 21:00:00,123.151277871818
2012-12-27 22:00:00,102.43416124546802
2012-12-27 23:00:00,77.21308381492587
2012-12-28 00:00:00,37.56361086108038
2012-12-28 01:00:00,19.684831232607294
2012-12-28 02:00:00,10.290688351172701
2012-12-28 03:00:00,5.142772122771668
2012-12-28 04:00:00,6.697918519826515
2012-12-28 05:00:00,31.796166185527152
2012-12-28 06:00:00,110.67425272610049
2012-12-28 07:00:00,323.98260337389036
2012-12-28 08:00:00,567.8016510352835
2012-12-28 09:00:00,278.60291346064076
2012-12-28 10:00:00,158.64535914556672
2012-12-28 11:00:00,167.94238045475424
2012-12-28 12:00:00,187.39393397087173
2012-12-28 13:00:00,190.91970441064691
2012-12-28 14:00:00,188.31358927007562
2012-12-28 15:00:00,209.94359481841192
2012-12-28 16:00:00,274.7615797150915
2012-12-28 17:00:00,411.4218169258428
2012-12-28 18:00:00,375.99384952649064
2012-12-28 19:00:00,279.47194120962126
2012-12-28 20:00:00,201.58592065783054
2012-12-28 21:00:00,125.65954824058979
2012-12-28 22:00:00,105.50516912748166
2012-12-28 23:00:00,83.94140012723244
2012-12-29 00:00:00,103.4110608079848
2012-12-29 01:00:00,101.14855099703024
2012-12-29 02:00:00,52.3644960505969
2012-12-29 03:00:00,21.820779591812645
2012-12-29 04:00:00,6.4923251977590635
2012-12-29 05:00:00,5.42819781831863
2012-12-29 06:00:00,12.121663991107415
2012-12-29 07:00:00,50.381857071402685
2012-12-29 08:00:00,109.0011574175137
2012-12-29 09:00:00,159.15874127776956
2012-12-29 10:00:00,153.49188201970813
2012-12-29 11:00:00,168.1605891130078
2012-12-29 12:00:00,168.16572939221962
2012-12-29 13:00:00,166.61366363859213
2012-12-29 14:00:00,234.87982135650296
2012-12-29 15:00:00,227.3299701846123
2012-12-29 16:00:00,248.820069318174
2012-12-29 17:00:00,201.98509437171526
2012-12-29 18:00:00,191.6133817543212
2012-12-29 19:00:00,165.69435788682895
2012-12-29 20:00:00,137.29918102503427
2012-12-29 21:00:00,80.94252589063323
2012-12-29 22:00:00,68.34638167186404
2012-12-29 23:00:00,80.50319826763855
2012-12-30 00:00:00,113.50548996814283
2012-12-30 01:00:00,104.43417543327008
2012-12-30 02:00:00,49.38394380959839
2012-12-30 03:00:00,19.19269701317226
2012-12-30 04:00:00,6.675312823729244
2012-12-30 05:00:00,5.010780512264636
2012-12-30 06:00:00,9.04030814336666
2012-12-30 07:00:00,38.21439425011663
2012-12-30 08:00:00,98.9008358084168
2012-12-30 09:00:00,135.34986818026866
2012-12-30 10:00:00,206.27292649508823
2012-12-30 11:00:00,239.52564840545938
2012-12-30 12:00:00,252.06630134613116
2012-12-30 13:00:00,261.3095537836729
2012-12-30 14:00:00,262.3605682639399
2012-12-30 15:00:00,244.92491073947264
2012-12-30 16:00:00,230.25894466067177
2012-12-30 17:00:00,209.09021143961633
2012-12-30 18:00:00,175.0493448643044
2012-12-30 19:00:00,186.51406150168992
2012-12-30 20:00:00,110.54566683590599
2012-12-30 21:00:00,72.5247878689201
2012-12-30 22:00:00,59.532440431554136
2012-12-30 23:00:00,48.49844128522363
2012-12-31 00:00:00,22.420933827049822
2012-12-31 01:00:00,11.351659675478484
2012-12-31 02:00:00,9.505362118470607
2012-12-31 03:00:00,4.556825627538936
2012-12-31 04:00:00,6.639960294123977
2012-12-31 05:00:00,28.703570313383793
2012-12-31 06:00:00,111.33942773735961
2012-12-31 07:00:00,316.9802415221345
2012-12-31 08:00:00,498.60515234264824
2012-12-31 09:00:00,257.27081643268366
2012-12-31 10:00:00,137.36730652042368
2012-12-31 11:00:00,137.66198139878392
2012-12-31 12:00:00,146.92206400078246
2012-12-31 13:00:00,162.00870295793135
2012-12-31 14:00:00,160.0928739946239
2012-12-31 15:00:00,169.35920494811504
2012-12-31 16:00:00,249.52287280055992
2012-12-31 17:00:00,403.9369353306388
2012-12-31 18:00:00,383.2622240982381
2012-12-31 19:00:00,287.3134383787983
2012-12-31 20:00:00,203.67399305029846
2012-12-31 21:00:00,123.94208494331211
2012-12-31 22:00:00,104.89496036365038
2012-12-31 23:00:00,62.68891007388882
