datetime,count
2011-01-20 00:00:00,0.0
2011-01-20 01:00:00,0.0
2011-01-20 02:00:00,0.0
2011-01-20 03:00:00,0.0
2011-01-20 04:00:00,0.0
2011-01-20 05:00:00,0.0
2011-01-20 06:00:00,0.0
2011-01-20 07:00:00,11.65763315698132
2011-01-20 08:00:00,21.671607760392362
2011-01-20 09:00:00,33.06956226108014
2011-01-20 10:00:00,57.919766590435756
2011-01-20 11:00:00,74.16633084882051
2011-01-20 12:00:00,98.31493983222754
2011-01-20 13:00:00,91.53593448048923
2011-01-20 14:00:00,105.21362283345661
2011-01-20 15:00:00,119.99325483629946
2011-01-20 16:00:00,112.80038015422178
2011-01-20 17:00:00,123.38338036305504
2011-01-20 18:00:00,103.15798946749419
2011-01-20 19:00:00,113.48824466072256
2011-01-20 20:00:00,110.17932315959479
2011-01-20 21:00:00,112.22522178036161
2011-01-20 22:00:00,107.1974729616195
2011-01-20 23:00:00,116.6747530271823
2011-01-21 00:00:00,0.0
2011-01-21 01:00:00,0.0
2011-01-21 02:00:00,0.0
2011-01-21 03:00:00,0.0
2011-01-21 04:00:00,0.0
2011-01-21 05:00:00,0.0
2011-01-21 06:00:00,5.091981596517144
2011-01-21 07:00:00,13.639499142649584
2011-01-21 08:00:00,31.257210837939056
2011-01-21 09:00:00,32.05376275914023
2011-01-21 10:00:00,48.05401237073238
2011-01-21 11:00:00,72.8689590926515
2011-01-21 12:00:00,113.52482452828554
2011-01-21 13:00:00,125.0655668368563
2011-01-21 14:00:00,122.63834955423954
2011-01-21 15:00:00,116.27339925456909
2011-01-21 16:00:00,124.70241735849413
2011-01-21 17:00:00,123.73013861943036
2011-01-21 18:00:00,122.78658897118294
2011-01-21 19:00:00,129.57301787735196
2011-01-21 20:00:00,126.02155822285567
2011-01-21 21:00:00,117.89929577661678
2011-01-21 22:00:00,111.09533782739891
2011-01-21 23:00:00,126.70667070610216
2011-01-22 00:00:00,0.0
2011-01-22 01:00:00,0.0
2011-01-22 02:00:00,0.0
2011-01-22 03:00:00,0.0
2011-01-22 04:00:00,0.0
2011-01-22 06:00:00,0.0
2011-01-22 07:00:00,0.0
2011-01-22 08:00:00,0.0
2011-01-22 09:00:00,2.5182008408010006
2011-01-22 10:00:00,9.532422165153548
2011-01-22 11:00:00,27.190006709715817
2011-01-22 12:00:00,41.540849130396964
2011-01-22 13:00:00,73.0260792101326
2011-01-22 14:00:00,82.13618078778381
2011-01-22 15:00:00,101.15195388378925
2011-01-22 16:00:00,112.23554106947267
2011-01-22 17:00:00,128.23257466469659
2011-01-22 18:00:00,100.41781765717315
2011-01-22 19:00:00,109.9238268135814
2011-01-22 20:00:00,89.97983365564141
2011-01-22 21:00:00,110.85742211574689
2011-01-22 22:00:00,110.54126138385618
2011-01-22 23:00:00,86.0260794738424
2011-01-23 00:00:00,0.0
2011-01-23 01:00:00,0.0
2011-01-23 02:00:00,0.0
2011-01-23 03:00:00,0.0
2011-01-23 05:00:00,0.0
2011-01-23 06:00:00,0.0
2011-01-23 07:00:00,0.0
2011-01-23 08:00:00,0.0
2011-01-23 09:00:00,0.0
2011-01-23 10:00:00,29.05024819128448
2011-01-23 11:00:00,44.66535756338271
2011-01-23 12:00:00,70.52118777672877
2011-01-23 13:00:00,79.09743441373575
2011-01-23 14:00:00,104.59307698500925
2011-01-23 15:00:00,112.45667146024061
2011-01-23 16:00:00,123.31709267466795
2011-01-23 17:00:00,124.79756766677019
2011-01-23 18:00:00,122.47465336305322
2011-01-23 19:00:00,131.4152388907678
2011-01-23 20:00:00,121.25049006694462
2011-01-23 21:00:00,126.96370441405452
2011-01-23 22:00:00,125.99142567496165
2011-01-23 23:00:00,120.29318786907243
2011-01-24 00:00:00,0.0
2011-01-24 01:00:00,0.0
2011-01-24 03:00:00,0.0
2011-01-24 04:00:00,0.0
2011-01-24 05:00:00,0.0
2011-01-24 06:00:00,0.0
2011-01-24 07:00:00,0.0
2011-01-24 08:00:00,0.0
2011-01-24 09:00:00,25.80554742948152
2011-01-24 10:00:00,29.81191696584574
2011-01-24 11:00:00,30.57973979623057
2011-01-24 12:00:00,48.31356246062205
2011-01-24 13:00:00,56.191902671096614
2011-01-24 14:00:00,57.950173424062086
2011-01-24 15:00:00,89.5937757952488
2011-01-24 16:00:00,82.6425893130363
2011-01-24 17:00:00,75.86736045469297
2011-01-24 18:00:00,67.05739844415803
2011-01-24 19:00:00,87.79098559272825
2011-01-24 20:00:00,82.78458739467897
2011-01-24 21:00:00,85.20220337633509
2011-01-24 22:00:00,86.26209479966201
2011-01-24 23:00:00,97.90467524522683
2011-01-25 00:00:00,0.0
2011-01-25 01:00:00,0.0
2011-01-25 02:00:00,0.0
2011-01-25 04:00:00,0.0
2011-01-25 05:00:00,0.0
2011-01-25 06:00:00,0.0
2011-01-25 07:00:00,0.0
2011-01-25 08:00:00,0.0
2011-01-25 09:00:00,2.9878565927792806
2011-01-25 10:00:00,24.269282037654193
2011-01-25 11:00:00,34.179128178802785
2011-01-25 12:00:00,60.89936509082327
2011-01-25 13:00:00,66.58024837035919
2011-01-25 14:00:00,109.0595742558944
2011-01-25 15:00:00,127.79414985288167
2011-01-25 16:00:00,135.65774432814214
2011-01-25 17:00:00,137.83659864982474
2011-01-25 18:00:00,131.8330494959082
2011-01-25 19:00:00,92.75499289558502
2011-01-25 20:00:00,98.34471780344029
2011-01-25 21:00:00,106.20831227870076
2011-01-25 22:00:00,114.06076299547567
2011-01-25 23:00:00,116.73811650255811
2011-01-26 00:00:00,0.0
2011-01-26 01:00:00,0.0
2011-01-26 02:00:00,0.0
2011-01-26 05:00:00,0.0
2011-01-26 06:00:00,0.0
2011-01-26 07:00:00,0.0
2011-01-26 08:00:00,0.0
2011-01-26 09:00:00,0.0
2011-01-26 10:00:00,0.0
2011-01-26 11:00:00,0.0
2011-01-26 12:00:00,0.0
2011-01-26 13:00:00,0.0
2011-01-26 14:00:00,0.0
2011-01-26 15:00:00,0.0
2011-01-26 16:00:00,0.0
2011-01-26 17:00:00,0.23827370794606395
2011-01-27 16:00:00,86.71766406472307
2011-01-27 17:00:00,95.12533154801349
2011-01-27 18:00:00,69.22001597928465
2011-01-27 19:00:00,77.08361045454512
2011-01-27 20:00:00,70.00600799318636
2011-01-27 21:00:00,77.86960246844683
2011-01-27 22:00:00,85.7331969436782
2011-01-27 23:00:00,80.30537642847048
2011-01-28 00:00:00,0.0
2011-01-28 01:00:00,0.0
2011-01-28 02:00:00,0.0
2011-01-28 03:00:00,0.0
2011-01-28 05:00:00,0.0
2011-01-28 06:00:00,0.0
2011-01-28 07:00:00,0.0
2011-01-28 08:00:00,0.0
2011-01-28 09:00:00,0.0
2011-01-28 10:00:00,0.0
2011-01-28 11:00:00,0.0
2011-01-28 12:00:00,0.0
2011-01-28 13:00:00,0.0
2011-01-28 14:00:00,14.305493641702924
2011-01-28 15:00:00,10.40397683851188
2011-01-28 16:00:00,40.40516452860902
2011-01-28 17:00:00,56.69397890425171
2011-01-28 18:00:00,62.940111295785755
2011-01-28 19:00:00,67.23492688656552
2011-01-28 20:00:00,83.656598815287
2011-01-28 21:00:00,78.22141103504691
2011-01-28 22:00:00,116.86721930847852
2011-01-28 23:00:00,133.8616933360463
2011-01-29 00:00:00,0.0
2011-01-29 01:00:00,0.0
2011-01-29 02:00:00,0.0
2011-01-29 03:00:00,0.0
2011-01-29 04:00:00,0.0
2011-01-29 06:00:00,0.0
2011-01-29 07:00:00,0.0
2011-01-29 08:00:00,12.917221377370879
2011-01-29 09:00:00,13.72115176875377
2011-01-29 10:00:00,6.759660276467912
2011-01-29 11:00:00,11.928801615576958
2011-01-29 12:00:00,33.09117834633798
2011-01-29 13:00:00,56.55531498696655
2011-01-29 14:00:00,53.16637887258548
2011-01-29 15:00:00,48.40820859611267
2011-01-29 16:00:00,79.8975046457781
2011-01-29 17:00:00,93.20008510482148
2011-01-29 18:00:00,71.4910265748913
2011-01-29 19:00:00,74.67634552894742
2011-01-29 20:00:00,69.69407238505664
2011-01-29 21:00:00,77.55766686031711
2011-01-29 22:00:00,68.46990908888984
2011-01-29 23:00:00,76.3335035641503
2011-01-30 00:00:00,0.0
2011-01-30 01:00:00,0.0
2011-01-30 02:00:00,0.0
2011-01-30 03:00:00,0.0
2011-01-30 04:00:00,0.0
2011-01-30 05:00:00,0.0
2011-01-30 07:00:00,0.0
2011-01-30 08:00:00,0.0
2011-01-30 09:00:00,0.0
2011-01-30 10:00:00,0.0
2011-01-30 11:00:00,10.950796081364388
2011-01-30 12:00:00,84.6308203372173
2011-01-30 13:00:00,65.64494403425488
2011-01-30 14:00:00,76.739686183515
2011-01-30 15:00:00,100.08494862663792
2011-01-30 16:00:00,107.9485431018984
2011-01-30 17:00:00,111.47149326646468
2011-01-30 18:00:00,90.43936529764323
2011-01-30 19:00:00,99.37634884860017
2011-01-30 20:00:00,102.59777536365436
2011-01-30 21:00:00,93.90271081859828
2011-01-30 22:00:00,99.07185215767822
2011-01-30 23:00:00,116.54556254143245
2011-01-31 00:00:00,0.0
2011-01-31 01:00:00,0.0
2011-01-31 02:00:00,0.0
2011-01-31 03:00:00,0.0
2011-01-31 04:00:00,0.0
2011-01-31 05:00:00,0.0
2011-01-31 06:00:00,0.0
2011-01-31 07:00:00,0.0
2011-01-31 08:00:00,0.0
2011-01-31 09:00:00,0.0
2011-01-31 10:00:00,5.274983349547256
2011-01-31 11:00:00,13.138577824807726
2011-01-31 12:00:00,42.01297135837376
2011-01-31 13:00:00,40.792000704532256
2011-01-31 14:00:00,55.04570717274328
2011-01-31 15:00:00,50.003212618787074
2011-01-31 16:00:00,66.12251094449311
2011-01-31 17:00:00,60.32014467634144
2011-01-31 18:00:00,77.40116183378268
2011-01-31 19:00:00,122.34560762249748
2011-01-31 20:00:00,81.44409286748851
2011-01-31 21:00:00,94.18124969789642
2011-01-31 22:00:00,103.97498486988479
2011-01-31 23:00:00,104.91914007940795
2011-02-20 00:00:00,16.76776748240809
2011-02-20 01:00:00,8.216704248887254
2011-02-20 02:00:00,19.30406792796566
2011-02-20 03:00:00,16.296681281441124
2011-02-20 04:00:00,24.160275756701594
2011-02-20 06:00:00,23.67106334431446
2011-02-20 07:00:00,17.039835797506385
2011-02-20 08:00:00,35.62341757322429
2011-02-20 09:00:00,55.258651843556436
2011-02-20 10:00:00,80.2184386253648
2011-02-20 11:00:00,116.56371169775957
2011-02-20 12:00:00,131.25596182234585
2011-02-20 13:00:00,149.20948960111127
2011-02-20 14:00:00,171.82340313729947
2011-02-20 15:00:00,180.76776515840902
2011-02-20 16:00:00,184.56114381880616
2011-02-20 17:00:00,182.23067652827012
2011-02-20 18:00:00,173.932920451276
2011-02-20 19:00:00,181.79651492653647
2011-02-20 20:00:00,180.17264418417471
2011-02-20 21:00:00,160.9093468756182
2011-02-20 22:00:00,157.34390386546147
2011-02-20 23:00:00,153.94382399265305
2011-02-21 00:00:00,11.376107044954551
2011-02-21 01:00:00,19.23970152021502
2011-02-21 02:00:00,27.10329599547549
2011-02-21 03:00:00,33.88989941825275
2011-02-21 04:00:00,38.816888564353576
2011-02-21 05:00:00,66.19710921490332
2011-02-21 06:00:00,124.17640780820511
2011-02-21 07:00:00,131.50330774561735
2011-02-21 08:00:00,41.708390592830256
2011-02-21 09:00:00,49.03529053024249
2011-02-21 10:00:00,55.82189395301975
2011-02-21 11:00:00,65.87197611742886
2011-02-21 12:00:00,54.87552641774528
2011-02-21 13:00:00,19.541023663594387
2011-02-21 14:00:00,48.609221612801775
2011-02-21 15:00:00,67.14140082040103
2011-02-21 16:00:00,50.03272412653314
2011-02-21 17:00:00,65.80196530357352
2011-02-21 18:00:00,34.86811682637199
2011-02-21 19:00:00,42.73171130163246
2011-02-21 20:00:00,58.696703305759
2011-02-21 21:00:00,76.1806205517496
2011-02-21 22:00:00,74.43372436324717
2011-02-21 23:00:00,82.29731883850764
2011-02-22 06:00:00,0.0
2011-02-22 07:00:00,0.0
2011-02-22 08:00:00,0.0
2011-02-22 09:00:00,0.0
2011-02-22 10:00:00,0.0
2011-02-22 11:00:00,28.258158267941326
2011-02-22 12:00:00,52.00708317919634
2011-02-22 13:00:00,71.1343520025257
2011-02-22 14:00:00,80.07133555348264
2011-02-22 15:00:00,103.15354797098553
2011-02-22 16:00:00,102.86556705806288
2011-02-22 17:00:00,109.08674685220467
2011-02-22 18:00:00,125.65619658585638
2011-02-22 19:00:00,126.57124794926494
2011-02-22 20:00:00,136.0772571056441
2011-02-22 21:00:00,145.01424065660103
2011-02-22 22:00:00,147.71910975084757
2011-02-22 23:00:00,155.58270422610804
2011-02-23 00:00:00,0.0
2011-02-23 01:00:00,0.0
2011-02-23 02:00:00,0.0
2011-02-23 03:00:00,0.0
2011-02-23 05:00:00,0.0
2011-02-23 06:00:00,0.5605221214063931
2011-02-23 07:00:00,1.3570740426366683
2011-02-23 08:00:00,11.270522160513792
2011-02-23 09:00:00,39.61936491471715
2011-02-23 10:00:00,78.96806961169932
2011-02-23 11:00:00,90.50634707833524
2011-02-23 12:00:00,118.57739407167537
2011-02-23 13:00:00,150.19310610045795
2011-02-23 14:00:00,161.29899200817454
2011-02-23 15:00:00,181.53198097477434
2011-02-23 16:00:00,189.93604648127803
2011-02-23 17:00:00,197.25916992529528
2011-02-23 18:00:00,198.32199909363408
2011-02-23 19:00:00,187.73960444607656
2011-02-23 20:00:00,120.96923243324272
2011-02-23 21:00:00,158.6931077815534
2011-02-23 22:00:00,166.55670225681388
2011-02-23 23:00:00,154.86841294931946
2011-02-24 00:00:00,0.0
2011-02-24 01:00:00,0.0
2011-02-24 02:00:00,0.0
2011-02-24 03:00:00,0.0
2011-02-24 05:00:00,0.0
2011-02-24 06:00:00,0.0
2011-02-24 07:00:00,0.0
2011-02-24 08:00:00,4.862111411232036
2011-02-24 09:00:00,0.0
2011-02-24 10:00:00,22.29414432370686
2011-02-24 11:00:00,74.65022691499325
2011-02-24 12:00:00,102.85146638087463
2011-02-24 13:00:00,122.6237094529788
2011-02-24 14:00:00,143.39339295745594
2011-02-24 15:00:00,141.1576860153582
2011-02-24 16:00:00,124.21069411325152
2011-02-24 17:00:00,108.40514395502396
2011-02-24 18:00:00,71.23247569263913
2011-02-24 19:00:00,60.622190702619264
2011-02-24 20:00:00,75.82240627423744
2011-02-24 21:00:00,94.82325911842054
2011-02-24 22:00:00,99.67972184444079
2011-02-24 23:00:00,93.60287231567781
2011-02-25 00:00:00,0.0
2011-02-25 01:00:00,0.0
2011-02-25 02:00:00,0.0
2011-02-25 03:00:00,0.0
2011-02-25 05:00:00,0.0
2011-02-25 06:00:00,0.0
2011-02-25 07:00:00,0.0
2011-02-25 08:00:00,0.0
2011-02-25 09:00:00,0.0
2011-02-25 10:00:00,23.25027585463249
2011-02-25 11:00:00,104.1623287514085
2011-02-25 12:00:00,141.55262765396037
2011-02-25 13:00:00,149.41622212922084
2011-02-25 14:00:00,175.53510236824513
2011-02-25 15:00:00,207.51085248801974
2011-02-25 16:00:00,138.3469320240838
2011-02-25 17:00:00,152.63293779292144
2011-02-25 18:00:00,155.1475100502721
2011-02-25 19:00:00,150.53003979023197
2011-02-25 20:00:00,166.6419596457563
2011-02-25 21:00:00,167.50657544031856
2011-02-25 22:00:00,165.19425562315155
2011-02-25 23:00:00,172.54988465138013
2011-02-26 00:00:00,0.0
2011-02-26 01:00:00,0.0
2011-02-26 02:00:00,0.0
2011-02-26 03:00:00,0.0
2011-02-26 04:00:00,0.0
2011-02-26 05:00:00,0.0
2011-02-26 06:00:00,11.464856594975572
2011-02-26 07:00:00,18.787980038992828
2011-02-26 08:00:00,26.771461976779392
2011-02-26 09:00:00,42.102159497415414
2011-02-26 10:00:00,76.40872268559178
2011-02-26 11:00:00,100.32217198575381
2011-02-26 12:00:00,106.1189917177544
2011-02-26 13:00:00,124.28454170934856
2011-02-26 14:00:00,143.25666546268621
2011-02-26 15:00:00,149.89964232922648
2011-02-26 16:00:00,150.73883032807498
2011-02-26 17:00:00,166.35016320674913
2011-02-26 18:00:00,162.2657855077705
2011-02-26 19:00:00,157.64093677757774
2011-02-26 20:00:00,147.06214410674875
2011-02-26 21:00:00,131.30003700763336
2011-02-26 22:00:00,117.7391633328516
2011-02-26 23:00:00,123.98529572441475
2011-02-27 00:00:00,0.0
2011-02-27 01:00:00,0.0
2011-02-27 02:00:00,0.0
2011-02-27 03:00:00,0.0
2011-02-27 04:00:00,0.0
2011-02-27 06:00:00,0.0
2011-02-27 07:00:00,0.0
2011-02-27 08:00:00,0.0
2011-02-27 09:00:00,0.0
2011-02-27 10:00:00,17.77305550739402
2011-02-27 11:00:00,77.4987287724216
2011-02-27 12:00:00,117.1001021162374
2011-02-27 13:00:00,140.7227855649835
2011-02-27 14:00:00,156.57940862028045
2011-02-27 15:00:00,176.89911523342016
2011-02-27 16:00:00,190.60535816059564
2011-02-27 17:00:00,164.91924303624546
2011-02-27 18:00:00,168.04213270943728
2011-02-27 19:00:00,173.75534705657628
2011-02-27 20:00:00,180.00885791829205
2011-02-27 21:00:00,169.513006400608
2011-02-27 22:00:00,170.03997977951076
2011-02-27 23:00:00,167.7526125597651
2011-02-28 00:00:00,0.0
2011-02-28 01:00:00,0.0
2011-02-28 03:00:00,0.0
2011-02-28 05:00:00,0.0
2011-02-28 06:00:00,0.0
2011-02-28 07:00:00,0.0
2011-02-28 08:00:00,0.0
2011-02-28 09:00:00,49.24043413196341
2011-02-28 10:00:00,103.5717779758852
2011-02-28 11:00:00,130.2347629898577
2011-02-28 12:00:00,138.09835746511817
2011-02-28 13:00:00,53.25701728070271
2011-02-28 14:00:00,42.09067677584244
2011-02-28 15:00:00,49.95427125110291
2011-02-28 16:00:00,51.903419879789
2011-02-28 17:00:00,60.940755399584305
2011-02-28 18:00:00,91.49799860452185
2011-02-28 19:00:00,121.88419661935768
2011-02-28 20:00:00,129.74779109461815
2011-02-28 21:00:00,122.49949084661785
2011-02-28 22:00:00,89.41194974104292
2011-02-28 23:00:00,121.0689861959836
2011-03-20 00:00:00,23.976256784662837
2011-03-20 01:00:00,16.808334700006526
2011-03-20 02:00:00,23.047099826537305
2011-03-20 03:00:00,16.927614220126998
2011-03-20 04:00:00,18.977114817680558
2011-03-20 05:00:00,17.623286610731157
2011-03-20 06:00:00,26.563872138416627
2011-03-20 07:00:00,25.893967002397403
2011-03-20 08:00:00,53.02181739258231
2011-03-20 09:00:00,76.48235205642413
2011-03-20 10:00:00,100.89430054198601
2011-03-20 11:00:00,130.89171173865907
2011-03-20 12:00:00,141.46090310852742
2011-03-20 13:00:00,166.30457892123377
2011-03-20 14:00:00,187.0742624256818
2011-03-20 15:00:00,194.09501226668363
2011-03-20 16:00:00,203.47194036337896
2011-03-20 17:00:00,210.7047124171513
2011-03-20 18:00:00,206.31418462176225
2011-03-20 19:00:00,189.29124407633208
2011-03-20 20:00:00,191.04951482929755
2011-03-20 21:00:00,174.74040818223148
2011-03-20 22:00:00,180.42489343852503
2011-03-20 23:00:00,168.97176381424651
2011-03-21 00:00:00,0.0
2011-03-21 01:00:00,0.0
2011-03-21 02:00:00,0.0
2011-03-21 03:00:00,0.0
2011-03-21 05:00:00,0.0
2011-03-21 06:00:00,0.0
2011-03-21 07:00:00,0.0
2011-03-21 08:00:00,0.0
2011-03-21 09:00:00,13.986499323684257
2011-03-21 10:00:00,58.80364970798837
2011-03-21 11:00:00,83.12177474130294
2011-03-21 12:00:00,81.92669358110288
2011-03-21 13:00:00,131.4554766882793
2011-03-21 14:00:00,146.81527805500082
2011-03-21 15:00:00,167.5600089620566
2011-03-21 16:00:00,164.69284713367233
2011-03-21 17:00:00,171.4794505564787
2011-03-21 18:00:00,157.22313529709936
2011-03-21 19:00:00,215.95412015300826
2011-03-21 20:00:00,202.8467996243562
2011-03-21 21:00:00,125.87877507408848
2011-03-21 22:00:00,147.03000804642215
2011-03-21 23:00:00,150.05614772753324
2011-03-22 00:00:00,0.0
2011-03-22 01:00:00,0.0
2011-03-22 02:00:00,0.0
2011-03-22 03:00:00,5.316209498239914
2011-03-22 04:00:00,1.0775254776817746
2011-03-22 05:00:00,0.0
2011-03-22 06:00:00,10.298480261000805
2011-03-22 07:00:00,29.987871417892165
2011-03-22 08:00:00,81.47124314925168
2011-03-22 09:00:00,95.24928347108653
2011-03-22 10:00:00,114.84522593099973
2011-03-22 11:00:00,135.07737614921643
2011-03-22 12:00:00,153.13143041351577
2011-03-22 13:00:00,173.49821382941445
2011-03-22 14:00:00,191.23119774542283
2011-03-22 15:00:00,195.3307265022304
2011-03-22 16:00:00,198.89356072121882
2011-03-22 17:00:00,206.7571551964793
2011-03-22 18:00:00,205.27313451698865
2011-03-22 19:00:00,184.00389061801252
2011-03-22 20:00:00,195.6315508117259
2011-03-22 21:00:00,196.04241322149755
2011-03-22 22:00:00,189.9478802125377
2011-03-22 23:00:00,197.81147468779818
2011-03-23 00:00:00,0.0
2011-03-23 01:00:00,0.0
2011-03-23 02:00:00,0.0
2011-03-23 03:00:00,0.0
2011-03-23 05:00:00,0.0
2011-03-23 06:00:00,0.0
2011-03-23 07:00:00,0.0
2011-03-23 08:00:00,0.0
2011-03-23 09:00:00,10.772067768906709
2011-03-23 10:00:00,24.47831069608219
2011-03-23 11:00:00,20.67172875799588
2011-03-23 12:00:00,25.844472073862562
2011-03-23 13:00:00,29.062296612130012
2011-03-23 14:00:00,49.57224259120994
2011-03-23 15:00:00,80.44563647123869
2011-03-23 16:00:00,105.28553579055006
2011-03-23 17:00:00,113.14913026581053
2011-03-23 18:00:00,99.92356800450943
2011-03-23 19:00:00,107.7871624797699
2011-03-23 20:00:00,95.79971558562829
2011-03-23 21:00:00,63.42851389726275
2011-03-23 22:00:00,89.14652666344773
2011-03-23 23:00:00,95.78260025809868
2011-03-24 00:00:00,0.0
2011-03-24 01:00:00,0.0
2011-03-24 02:00:00,0.0
2011-03-24 03:00:00,0.0
2011-03-24 04:00:00,0.0
2011-03-24 05:00:00,0.0
2011-03-24 06:00:00,0.0
2011-03-24 07:00:00,0.0
2011-03-24 08:00:00,0.0
2011-03-24 09:00:00,0.0
2011-03-24 10:00:00,0.0
2011-03-24 11:00:00,19.803996537521016
2011-03-24 12:00:00,51.13076904704212
2011-03-24 13:00:00,63.763797415129375
2011-03-24 14:00:00,67.42715811959351
2011-03-24 15:00:00,75.82367063930724
2011-03-24 16:00:00,92.78941557605867
2011-03-24 17:00:00,90.47747051413171
2011-03-24 18:00:00,115.55131601303583
2011-03-24 19:00:00,142.00406217426644
2011-03-24 20:00:00,131.18734659187612
2011-03-24 21:00:00,127.7872667190386
2011-03-24 22:00:00,133.5004810661485
2011-03-24 23:00:00,133.90396500579664
2011-03-25 00:00:00,0.0
2011-03-25 01:00:00,0.0
2011-03-25 02:00:00,0.0
2011-03-25 03:00:00,0.0
2011-03-25 04:00:00,0.0
2011-03-25 05:00:00,0.0
2011-03-25 06:00:00,0.0
2011-03-25 07:00:00,13.136943521240028
2011-03-25 08:00:00,43.12782620129292
2011-03-25 09:00:00,58.606301526888274
2011-03-25 10:00:00,68.04428978200303
2011-03-25 11:00:00,101.73477628393448
2011-03-25 12:00:00,119.36740823107539
2011-03-25 13:00:00,134.97874110974954
2011-03-25 14:00:00,167.64271510016988
2011-03-25 15:00:00,154.74825553270057
2011-03-25 16:00:00,164.50295660385746
2011-03-25 17:00:00,165.70601059036562
2011-03-25 18:00:00,167.91359400289366
2011-03-25 19:00:00,177.7732622846961
2011-03-25 20:00:00,177.92162394075422
2011-03-25 21:00:00,186.8622094684397
2011-03-25 22:00:00,190.37401587457862
2011-03-25 23:00:00,191.85826736010495
2011-03-26 00:00:00,10.459104981971905
2011-03-26 01:00:00,20.277792751410743
2011-03-26 02:00:00,7.505145126429852
2011-03-26 03:00:00,3.445720024901675
2011-03-26 04:00:00,23.232334076950792
2011-03-26 05:00:00,11.032477345695952
2011-03-26 06:00:00,5.989982791710645
2011-03-26 07:00:00,26.75966629618779
2011-03-26 08:00:00,55.25213560665725
2011-03-26 09:00:00,73.96175860625226
2011-03-26 10:00:00,87.66800153342774
2011-03-26 11:00:00,106.37762453302275
2011-03-26 12:00:00,124.15048129830393
2011-03-26 13:00:00,143.93709535032394
2011-03-26 14:00:00,164.70677885477198
2011-03-26 15:00:00,175.26122448942624
2011-03-26 16:00:00,195.3354664093058
2011-03-26 17:00:00,193.70744441827992
2011-03-26 18:00:00,204.13253632877604
2011-03-26 19:00:00,153.07815321863745
2011-03-26 20:00:00,160.94174769389792
2011-03-26 21:00:00,163.94936514639994
2011-03-26 22:00:00,183.73597919844906
2011-03-26 23:00:00,179.1111304682563
2011-03-27 00:00:00,4.070369651744841
2011-03-27 01:00:00,0.0
2011-03-27 02:00:00,0.0
2011-03-27 03:00:00,0.0
2011-03-27 04:00:00,0.0
2011-03-27 06:00:00,0.0
2011-03-27 07:00:00,0.0
2011-03-27 08:00:00,0.0
2011-03-27 09:00:00,40.95409693921101
2011-03-27 10:00:00,43.06602681759978
2011-03-27 11:00:00,71.55849612806924
2011-03-27 12:00:00,94.47855976066785
2011-03-27 13:00:00,127.21029694276513
2011-03-27 14:00:00,147.56233462347882
2011-03-27 15:00:00,155.93389454577118
2011-03-27 16:00:00,166.18599834432825
2011-03-27 17:00:00,180.75963198102545
2011-03-27 18:00:00,177.66192571123247
2011-03-27 19:00:00,190.67272705381038
2011-03-27 20:00:00,181.44474446430104
2011-03-27 21:00:00,174.39209460033453
2011-03-27 22:00:00,182.255689075595
2011-03-27 23:00:00,185.08734890422784
2011-03-28 00:00:00,0.0
2011-03-28 01:00:00,3.5675053724553436
2011-03-28 02:00:00,10.357710772019345
2011-03-28 03:00:00,18.221305247279815
2011-03-28 05:00:00,23.75783417018829
2011-03-28 06:00:00,49.39692878109054
2011-03-28 07:00:00,67.68512946355622
2011-03-28 08:00:00,71.5072372147697
2011-03-28 09:00:00,82.99551133872592
2011-03-28 10:00:00,103.80422894406365
2011-03-28 11:00:00,114.44965843376121
2011-03-28 12:00:00,129.83422336442163
2011-03-28 13:00:00,153.53627171146218
2011-03-28 14:00:00,175.39702777183265
2011-03-28 15:00:00,181.34078656035126
2011-03-28 16:00:00,193.85476621438283
2011-03-28 17:00:00,200.61264054634375
2011-03-28 18:00:00,211.03689370845677
2011-03-28 19:00:00,210.51476637733867
2011-03-28 20:00:00,225.83847138821147
2011-03-28 21:00:00,236.81056284657097
2011-03-28 22:00:00,233.56507877184777
2011-03-28 23:00:00,231.5120324869349
2011-03-29 00:00:00,35.27697320654988
2011-03-29 01:00:00,29.157487600139575
2011-03-29 02:00:00,37.021082075400045
2011-03-29 03:00:00,44.884676550660515
2011-03-29 04:00:00,21.54379616220831
2011-03-29 05:00:00,47.849777783529134
2011-03-29 06:00:00,49.18662621930707
2011-03-29 07:00:00,55.43275861087022
2011-03-29 08:00:00,80.24770533276023
2011-03-29 09:00:00,116.73320322329528
2011-03-29 10:00:00,134.25056294971728
2011-03-29 11:00:00,147.62654193144408
2011-03-29 12:00:00,160.17218842127477
2011-03-29 13:00:00,165.31260066953837
2011-03-29 14:00:00,180.0960091658053
2011-03-29 15:00:00,202.98035119779524
2011-03-29 16:00:00,214.79888926720014
2011-03-29 17:00:00,230.42136590433074
2011-03-29 18:00:00,221.34061184787424
2011-03-29 19:00:00,220.36095463862875
2011-03-29 20:00:00,237.06780079839518
2011-03-29 21:00:00,197.99389544670703
2011-03-29 22:00:00,191.61173456991673
2011-03-29 23:00:00,173.23879092463176
2011-03-30 00:00:00,0.0
2011-03-30 01:00:00,42.31117870094022
2011-03-30 02:00:00,8.356589874165365
2011-03-30 03:00:00,32.501047608908266
2011-03-30 04:00:00,24.083778824686306
2011-03-30 05:00:00,24.876179497223347
2011-03-30 06:00:00,48.6029914082028
2011-03-30 07:00:00,72.06712804883136
2011-03-30 08:00:00,70.17282881063875
2011-03-30 09:00:00,84.5344402345072
2011-03-30 10:00:00,95.12858420179691
2011-03-30 11:00:00,104.06556775275385
2011-03-30 12:00:00,112.47323523601517
2011-03-30 13:00:00,127.25286723885802
2011-03-30 14:00:00,134.01074157081894
2011-03-30 15:00:00,42.67875170282787
2011-03-30 16:00:00,40.48585535501479
2011-03-30 17:00:00,29.791790463496
2011-03-30 18:00:00,43.374543951416854
2011-03-30 19:00:00,51.238138426677324
2011-03-30 20:00:00,44.27627217915142
2011-03-30 21:00:00,59.50521684155683
2011-03-30 22:00:00,61.1091812729137
2011-03-30 23:00:00,67.33036106705549
2011-03-31 00:00:00,0.0
2011-03-31 01:00:00,0.0
2011-03-31 02:00:00,0.0
2011-03-31 03:00:00,0.0
2011-03-31 04:00:00,0.0
2011-03-31 05:00:00,0.0
2011-03-31 06:00:00,0.0
2011-03-31 07:00:00,0.0
2011-03-31 08:00:00,0.0
2011-03-31 09:00:00,0.0
2011-03-31 10:00:00,0.0
2011-03-31 11:00:00,0.0
2011-03-31 12:00:00,0.0
2011-03-31 13:00:00,21.352365123369964
2011-03-31 14:00:00,29.215959598630434
2011-03-31 15:00:00,35.43336289934814
2011-03-31 16:00:00,50.662307561782654
2011-03-31 17:00:00,58.525902037043124
2011-03-31 18:00:00,65.85657846785034
2011-03-31 19:00:00,73.72017294311081
2011-03-31 20:00:00,57.263288491172716
2011-03-31 21:00:00,69.78020589015796
2011-03-31 22:00:00,75.68132860105834
2011-03-31 23:00:00,61.33469371841056
2011-04-20 00:00:00,0.0
2011-04-20 01:00:00,0.0
2011-04-20 02:00:00,0.0
2011-04-20 03:00:00,0.0
2011-04-20 04:00:00,0.0
2011-04-20 05:00:00,0.0
2011-04-20 06:00:00,7.324182463722536
2011-04-20 07:00:00,14.038988491840428
2011-04-20 08:00:00,139.79837036679965
2011-04-20 09:00:00,163.20525510932202
2011-04-20 10:00:00,142.08658401059802
2011-04-20 11:00:00,149.9501784858585
2011-04-20 12:00:00,226.52286925169756
2011-04-20 13:00:00,234.38646372695803
2011-04-20 14:00:00,263.16372130805394
2011-04-20 15:00:00,277.0182060333027
2011-04-20 16:00:00,284.88180050853407
2011-04-20 17:00:00,286.0599018976209
2011-04-20 18:00:00,311.20511256498867
2011-04-20 19:00:00,305.5208581147017
2011-04-20 20:00:00,303.24464585853275
2011-04-20 21:00:00,308.4460864982975
2011-04-20 22:00:00,303.11142520356225
2011-04-20 23:00:00,314.7279416388192
2011-04-21 00:00:00,104.43025165665313
2011-04-21 01:00:00,93.87981332140043
2011-04-21 02:00:00,108.99751996606938
2011-04-21 03:00:00,86.53961477070698
2011-04-21 04:00:00,83.02048618381377
2011-04-21 05:00:00,89.87888700127951
2011-04-21 06:00:00,85.93833609722788
2011-04-21 07:00:00,116.62806210000417
2011-04-21 08:00:00,114.71901712662657
2011-04-21 09:00:00,125.9041106660734
2011-04-21 10:00:00,147.7463444978348
2011-04-21 11:00:00,163.79384542888147
2011-04-21 12:00:00,178.20270817217533
2011-04-21 13:00:00,206.92194543065852
2011-04-21 14:00:00,219.64151692864834
2011-04-21 15:00:00,243.51969741625362
2011-04-21 16:00:00,253.30312757819775
2011-04-21 17:00:00,245.34301391686313
2011-04-21 18:00:00,265.6478002781514
2011-04-21 19:00:00,257.89970882961643
2011-04-21 20:00:00,251.57463137924788
2011-04-21 21:00:00,222.22611415677238
2011-04-21 22:00:00,244.64521605728078
2011-04-21 23:00:00,238.1292607311916
2011-04-22 00:00:00,4.980861379328417
2011-04-22 01:00:00,29.5180123403552
2011-04-22 02:00:00,38.99529240591801
2011-04-22 03:00:00,46.85888688117848
2011-04-22 04:00:00,49.44508201655117
2011-04-22 05:00:00,55.15829636369017
2011-04-22 06:00:00,65.17227096707211
2011-04-22 07:00:00,67.84962447415455
2011-04-22 08:00:00,74.63622789696092
2011-04-22 09:00:00,58.85360892553581
2011-04-22 10:00:00,78.43056516369688
2011-04-22 11:00:00,68.20182964156265
2011-04-22 12:00:00,53.56396491432679
2011-04-22 13:00:00,41.1917525359313
2011-04-22 14:00:00,47.43788492749445
2011-04-22 15:00:00,56.91894148645224
2011-04-22 16:00:00,62.632155833533034
2011-04-22 17:00:00,52.978974433470285
2011-04-22 18:00:00,60.842568908730755
2011-04-22 19:00:00,68.70616338399122
2011-04-22 20:00:00,88.7804053038708
2011-04-22 21:00:00,81.31010961619904
2011-04-22 22:00:00,73.85095768695464
2011-04-22 23:00:00,103.42041804987821
2011-04-23 00:00:00,0.0
2011-04-23 01:00:00,0.0
2011-04-23 02:00:00,0.0
2011-04-23 03:00:00,0.0
2011-04-23 04:00:00,0.0
2011-04-23 05:00:00,0.0
2011-04-23 06:00:00,0.0
2011-04-23 07:00:00,0.0
2011-04-23 08:00:00,0.0
2011-04-23 09:00:00,20.97243574485765
2011-04-23 10:00:00,47.86596520020976
2011-04-23 11:00:00,65.23592187697068
2011-04-23 12:00:00,109.72115138082881
2011-04-23 13:00:00,116.51135678039282
2011-04-23 14:00:00,147.74551934131887
2011-04-23 15:00:00,179.16298622934846
2011-04-23 16:00:00,183.26251498615602
2011-04-23 17:00:00,192.73979505171883
2011-04-23 18:00:00,173.28545139575726
2011-04-23 19:00:00,169.43522011497407
2011-04-23 20:00:00,156.11933823037543
2011-04-23 21:00:00,179.97616809728788
2011-04-23 22:00:00,201.7039684567426
2011-04-23 23:00:00,176.4863524523389
2011-04-24 00:00:00,8.594736594590358
2011-04-24 01:00:00,0.440143080719281
2011-04-24 02:00:00,8.303737555979751
2011-04-24 03:00:00,0.19622084495495073
2011-04-24 04:00:00,8.05981532021542
2011-04-24 05:00:00,15.92340979547589
2011-04-24 06:00:00,3.162744677334558
2011-04-24 07:00:00,11.026339152595028
2011-04-24 08:00:00,49.117305414838484
2011-04-24 09:00:00,79.77129861188587
2011-04-24 10:00:00,118.06135996841476
2011-04-24 11:00:00,165.55143319140188
2011-04-24 12:00:00,182.4814453223953
2011-04-24 13:00:00,210.4084910042002
2011-04-24 14:00:00,228.02620269948966
2011-04-24 15:00:00,209.44700297847157
2011-04-24 16:00:00,263.8529392123746
2011-04-24 17:00:00,218.64744588950998
2011-04-24 18:00:00,208.79244913888397
2011-04-24 19:00:00,168.7936542191601
2011-04-24 20:00:00,176.65724869442056
2011-04-24 21:00:00,143.58682892809156
2011-04-24 22:00:00,139.23977595876204
2011-04-24 23:00:00,144.4162957680237
2011-04-25 00:00:00,0.0
2011-04-25 01:00:00,0.0
2011-04-25 02:00:00,0.0
2011-04-25 03:00:00,0.0
2011-04-25 04:00:00,0.0
2011-04-25 05:00:00,0.0
2011-04-25 06:00:00,4.148341802734649
2011-04-25 07:00:00,20.004964858060703
2011-04-25 08:00:00,67.51915193005698
2011-04-25 09:00:00,96.13803721964359
2011-04-25 10:00:00,140.8792389606242
2011-04-25 11:00:00,148.74283343588468
2011-04-25 12:00:00,160.3854138814204
2011-04-25 13:00:00,194.99795264939894
2011-04-25 14:00:00,230.01339150589774
2011-04-25 15:00:00,244.95517229367397
2011-04-25 16:00:00,245.81237785107805
2011-04-25 17:00:00,251.52559219818795
2011-04-25 18:00:00,250.69353827726445
2011-04-25 19:00:00,252.71808627736755
2011-04-25 20:00:00,250.82756353259902
2011-04-25 21:00:00,235.61973630369175
2011-04-25 22:00:00,232.190927340067
2011-04-25 23:00:00,217.0409459171642
2011-04-26 00:00:00,71.78579721483402
2011-04-26 01:00:00,67.71616525106947
2011-04-26 02:00:00,38.80250442947727
2011-04-26 03:00:00,30.136168975237524
2011-04-26 04:00:00,51.839016737241764
2011-04-26 05:00:00,44.78636687330436
2011-04-26 06:00:00,56.317277074907906
2011-04-26 07:00:00,81.80914315278642
2011-04-26 08:00:00,89.67273762804689
2011-04-26 09:00:00,138.07765311855474
2011-04-26 10:00:00,158.8223840255814
2011-04-26 11:00:00,180.66905858251266
2011-04-26 12:00:00,202.4871785652358
2011-04-26 13:00:00,237.5173631569487
2011-04-26 14:00:00,225.8615794336656
2011-04-26 15:00:00,223.92758186286665
2011-04-26 16:00:00,238.9734911128471
2011-04-26 17:00:00,234.91406601131894
2011-04-26 18:00:00,237.86460003742832
2011-04-26 19:00:00,218.8639779992809
2011-04-26 20:00:00,224.5771923463908
2011-04-26 21:00:00,214.81251521903323
2011-04-26 22:00:00,195.55345839701477
2011-04-26 23:00:00,204.49404392472934
2011-04-27 00:00:00,29.042165801132796
2011-04-27 01:00:00,37.97914935206063
2011-04-27 02:00:00,30.926499488094123
2011-04-27 03:00:00,34.68084404763067
2011-04-27 04:00:00,28.603994518867694
2011-04-27 05:00:00,32.3547371016175
2011-04-27 06:00:00,45.4045725450851
2011-04-27 07:00:00,66.13522194867255
2011-04-27 08:00:00,75.61250201420626
2011-04-27 09:00:00,87.67272828347632
2011-04-27 10:00:00,109.40790711308364
2011-04-27 11:00:00,132.18774592754198
2011-04-27 12:00:00,151.61692436077283
2011-04-27 13:00:00,153.6378703841183
2011-04-27 14:00:00,182.4043589620269
2011-04-27 15:00:00,220.84915886636009
2011-04-27 16:00:00,214.77675006273785
2011-04-27 17:00:00,172.53725539159495
2011-04-27 18:00:00,180.40084986685542
2011-04-27 19:00:00,199.30988010761212
2011-04-27 20:00:00,195.81664101433125
2011-04-27 21:00:00,187.12535296267015
2011-04-27 22:00:00,191.41639206002583
2011-04-27 23:00:00,200.35337561098277
2011-04-28 00:00:00,53.786076172982575
2011-04-28 01:00:00,42.62417639326304
2011-04-28 02:00:00,52.638150996674085
2011-04-28 03:00:00,73.26760968301096
2011-04-28 04:00:00,67.28834889474092
2011-04-28 05:00:00,74.07855429430492
2011-04-28 06:00:00,99.54546777476207
2011-04-28 07:00:00,106.87236771217431
2011-04-28 08:00:00,119.50161958689569
2011-04-28 09:00:00,84.22797675253241
2011-04-28 10:00:00,95.66412660569767
2011-04-28 11:00:00,117.49605542741483
2011-04-28 12:00:00,138.22604059922742
2011-04-28 13:00:00,133.759938915784
2011-04-28 14:00:00,146.8097743592225
2011-04-28 15:00:00,197.51607500438695
2011-04-28 16:00:00,174.86665946844732
2011-04-28 17:00:00,258.11616440393846
2011-04-28 18:00:00,265.9797588791989
2011-04-28 19:00:00,278.86054226587294
2011-04-28 20:00:00,263.2022206406982
2011-04-28 21:00:00,256.9674628135981
2011-04-28 22:00:00,263.2024514467339
2011-04-28 23:00:00,280.58961870061466
2011-04-29 00:00:00,102.17367713162093
2011-04-29 01:00:00,86.07313184050145
2011-04-29 02:00:00,48.33511631828151
2011-04-29 03:00:00,63.80244788544951
2011-04-29 04:00:00,89.55698923373711
2011-04-29 05:00:00,105.56101533872425
2011-04-29 06:00:00,132.37893913907465
2011-04-29 07:00:00,147.88614355551545
2011-04-29 08:00:00,170.38478487098473
2011-04-29 09:00:00,179.3253703986702
2011-04-29 10:00:00,188.2808761782362
2011-04-29 11:00:00,222.69194258391508
2011-04-29 12:00:00,210.11338885105215
2011-04-29 13:00:00,218.51367786416085
2011-04-29 14:00:00,256.1521154504444
2011-04-29 15:00:00,222.94930212417967
2011-04-29 16:00:00,224.15235611065873
2011-04-29 17:00:00,222.2219605165883
2011-04-29 18:00:00,228.0894811853068
2011-04-29 19:00:00,206.36191163185867
2011-04-29 20:00:00,229.472853140207
2011-04-29 21:00:00,225.38847544122837
2011-04-29 22:00:00,208.42656328727026
2011-04-29 23:00:00,221.32293115754146
2011-04-30 00:00:00,45.83461264925427
2011-04-30 01:00:00,50.47443792063859
2011-04-30 02:00:00,60.488412524049636
2011-04-30 03:00:00,62.509358547395095
2011-04-30 04:00:00,71.44994407510967
2011-04-30 05:00:00,90.41422536515165
2011-04-30 06:00:00,81.632617690193
2011-04-30 07:00:00,101.40070951363305
2011-04-30 08:00:00,106.03693280828884
2011-04-30 09:00:00,131.66259333546623
2011-04-30 10:00:00,164.35529641673202
2011-04-30 11:00:00,179.95282045641216
2011-04-30 12:00:00,193.65906338358764
2011-04-30 13:00:00,209.16626780002844
2011-04-30 14:00:00,214.3427876092901
2011-04-30 15:00:00,227.78993152087787
2011-04-30 16:00:00,242.5695635236916
2011-04-30 17:00:00,231.3064730267506
2011-04-30 18:00:00,234.42936269997153
2011-04-30 19:00:00,242.292957175232
2011-04-30 20:00:00,187.7111196067999
2011-04-30 21:00:00,195.57471408206038
2011-04-30 22:00:00,192.18937994443695
2011-04-30 23:00:00,200.05297441969742
2011-05-20 00:00:00,0.0
2011-05-20 01:00:00,0.0
2011-05-20 02:00:00,0.0
2011-05-20 03:00:00,0.0
2011-05-20 04:00:00,3.879205881356029
2011-05-20 05:00:00,12.279494894464733
2011-05-20 06:00:00,37.09444161635474
2011-05-20 07:00:00,79.00096540304366
2011-05-20 08:00:00,108.79739999756566
2011-05-20 09:00:00,124.72582044755109
2011-05-20 10:00:00,144.39356030212366
2011-05-20 11:00:00,159.97700283839367
2011-05-20 12:00:00,197.993387915747
2011-05-20 13:00:00,201.74773247525445
2011-05-20 14:00:00,224.91161507126526
2011-05-20 15:00:00,219.43379121337784
2011-05-20 16:00:00,232.32932033526595
2011-05-20 17:00:00,240.43757252232172
2011-05-20 18:00:00,247.13742653166992
2011-05-20 19:00:00,216.1711042371753
2011-05-20 20:00:00,224.57139325028402
2011-05-20 21:00:00,227.66933032608358
2011-05-20 22:00:00,208.7121831139666
2011-05-20 23:00:00,219.7596739437722
2011-05-21 00:00:00,26.03459190033027
2011-05-21 01:00:00,40.30966019432526
2011-05-21 02:00:00,51.93732038803864
2011-05-21 03:00:00,29.9434735874529
2011-05-21 04:00:00,21.90415229430073
2011-05-21 05:00:00,28.69435769386473
2011-05-21 06:00:00,59.348350890912116
2011-05-21 07:00:00,95.0592313320085
2011-05-21 08:00:00,123.21682145522209
2011-05-21 09:00:00,157.9302614639455
2011-05-21 10:00:00,168.57128199542058
2011-05-21 11:00:00,198.5298336078995
2011-05-21 12:00:00,208.63415960149723
2011-05-21 13:00:00,232.4118136035686
2011-05-21 14:00:00,251.1214366031636
2011-05-21 15:00:00,262.0179224065214
2011-05-21 16:00:00,276.90592335822294
2011-05-21 17:00:00,275.44042490734137
2011-05-21 18:00:00,272.4579908582673
2011-05-21 19:00:00,280.4647478966217
2011-05-21 20:00:00,243.44316102954326
2011-05-21 21:00:00,255.07082122322754
2011-05-21 22:00:00,242.96128411524114
2011-05-21 23:00:00,218.59748198691523
2011-05-22 00:00:00,10.788996285235044
2011-05-22 01:00:00,0.599294863990508
2011-05-22 02:00:00,7.38950026355451
2011-05-22 03:00:00,0.0
2011-05-22 04:00:00,2.376318651542533
2011-05-22 05:00:00,14.003978845226811
2011-05-22 06:00:00,38.843878164567286
2011-05-22 07:00:00,63.68377748390776
2011-05-22 08:00:00,123.34500005748123
2011-05-22 09:00:00,144.6513780997775
2011-05-22 10:00:00,162.70165587065276
2011-05-22 11:00:00,209.34888445938122
2011-05-22 12:00:00,222.89721908816136
2011-05-22 13:00:00,211.46046129261958
2011-05-22 14:00:00,176.82063774348353
2011-05-22 15:00:00,210.7915147629683
2011-05-22 16:00:00,227.5300165534136
2011-05-22 17:00:00,250.54039980930975
2011-05-22 18:00:00,241.7189192850783
2011-05-22 19:00:00,248.50552270785556
2011-05-22 20:00:00,242.41459167565336
2011-05-22 21:00:00,230.30505456766696
2011-05-22 22:00:00,207.1336902291223
2011-05-22 23:00:00,205.0703389341652
2011-05-23 00:00:00,10.25206619198434
2011-05-23 01:00:00,22.228512559755472
2011-05-23 02:00:00,21.87000522678136
2011-05-23 03:00:00,12.782247455383185
2011-05-23 04:00:00,19.9176370522473
2011-05-23 05:00:00,27.78123152750777
2011-05-23 06:00:00,23.434178558149142
2011-05-23 07:00:00,52.013190998492064
2011-05-23 08:00:00,86.23596308004926
2011-05-23 09:00:00,95.17654860773473
2011-05-23 10:00:00,156.02643247772357
2011-05-23 11:00:00,182.05859507020796
2011-05-23 12:00:00,189.92218954543932
2011-05-23 13:00:00,230.30618611350656
2011-05-23 14:00:00,232.82055208727252
2011-05-23 15:00:00,237.99707189653418
2011-05-23 16:00:00,240.4829150630685
2011-05-23 17:00:00,230.1067764912441
2011-05-23 18:00:00,231.6976507526997
2011-05-23 19:00:00,237.4108650997805
2011-05-23 20:00:00,201.35798957422958
2011-05-23 21:00:00,197.01093660487095
2011-05-23 22:00:00,186.1654919316643
2011-05-23 23:00:00,203.74434404273052
2011-05-24 00:00:00,0.0
2011-05-24 01:00:00,5.384441082744161
2011-05-24 02:00:00,14.321424633671995
2011-05-24 03:00:00,25.54902433604002
2011-05-24 04:00:00,51.782369814260164
2011-05-24 05:00:00,46.65036261850037
2011-05-24 06:00:00,52.363576965610264
2011-05-24 07:00:00,101.84972399516846
2011-05-24 08:00:00,95.87406518368516
2011-05-24 09:00:00,136.7314882603241
2011-05-24 10:00:00,193.29074236741872
2011-05-24 11:00:00,223.4798701882537
2011-05-24 12:00:00,254.209262756689
2011-05-24 13:00:00,259.9623499531008
2011-05-24 14:00:00,268.90293548081536
2011-05-24 15:00:00,247.1770116572443
2011-05-24 16:00:00,209.84402698709164
2011-05-24 17:00:00,240.27107771948795
2011-05-24 18:00:00,233.04247023165226
2011-05-24 19:00:00,223.2592708756565
2011-05-24 20:00:00,227.3624016092508
2011-05-24 21:00:00,218.55206484347582
2011-05-24 22:00:00,191.99605349081685
2011-05-24 23:00:00,243.26777776461677
2011-05-25 00:00:00,28.424205821269425
2011-05-25 01:00:00,30.470104442036245
2011-05-25 02:00:00,9.380260581965558
2011-05-25 03:00:00,10.316198572923895
2011-05-25 04:00:00,17.106403972458793
2011-05-25 05:00:00,53.59530360111967
2011-05-25 06:00:00,49.24825063179014
2011-05-25 07:00:00,119.49905658949865
2011-05-25 08:00:00,143.49611127455137
2011-05-25 09:00:00,164.16904478691868
2011-05-25 10:00:00,184.91377569394535
2011-05-25 11:00:00,218.86696923320414
2011-05-25 12:00:00,223.96805790407234
2011-05-25 13:00:00,231.8316523793328
2011-05-25 14:00:00,240.77223790704738
2011-05-25 15:00:00,262.7305827079108
2011-05-25 16:00:00,265.17277653174824
2011-05-25 17:00:00,270.88599087888724
2011-05-25 18:00:00,263.5309674119053
2011-05-25 19:00:00,257.2962095847761
2011-05-25 20:00:00,266.23679511249065
2011-05-25 21:00:00,247.23617307431414
2011-05-25 22:00:00,259.40052780587575
2011-05-25 23:00:00,250.08222559306887
2011-05-26 00:00:00,69.44410650123609
2011-05-26 01:00:00,77.30770097649656
2011-05-26 02:00:00,55.213327690406004
2011-05-26 03:00:00,43.83118847935111
2011-05-26 04:00:00,48.467411774006905
2011-05-26 05:00:00,54.37213646166492
2011-05-26 06:00:00,26.461004217300797
2011-05-26 07:00:00,64.77238442757516
2011-05-26 08:00:00,108.86539590338361
2011-05-26 09:00:00,170.17933816812
2011-05-26 10:00:00,169.46255646791542
2011-05-26 11:00:00,200.9629962760082
2011-05-26 12:00:00,240.11061623503338
2011-05-26 13:00:00,270.1126426735427
2011-05-26 14:00:00,277.9762371488032
2011-05-26 15:00:00,289.09639588862774
2011-05-26 16:00:00,288.7760839081311
2011-05-26 17:00:00,301.476326196047
2011-05-26 18:00:00,310.9536062616098
2011-05-26 19:00:00,310.2837011255324
2011-05-26 20:00:00,277.3323300733173
2011-05-26 21:00:00,278.1362604647002
2011-05-26 22:00:00,272.97111521987244
2011-05-26 23:00:00,282.9850898232835
2011-05-27 00:00:00,91.61621442786418
2011-05-27 01:00:00,128.22038627724396
2011-05-27 02:00:00,122.55087756217108
2011-05-27 03:00:00,112.6709282140946
2011-05-27 04:00:00,109.26346987110446
2011-05-27 05:00:00,130.64524728484685
2011-05-27 06:00:00,123.3805752080807
2011-05-27 07:00:00,125.79081271958421
2011-05-27 08:00:00,140.6607643457246
2011-05-27 09:00:00,176.34669218939962
2011-05-27 10:00:00,215.12619676435133
2011-05-27 11:00:00,218.35876703786198
2011-05-27 12:00:00,229.91102786010015
2011-05-27 13:00:00,228.32581646335893
2011-05-27 14:00:00,249.21077218852588
2011-05-27 15:00:00,275.10270996287
2011-05-27 16:00:00,264.5927769417176
2011-05-27 17:00:00,266.7716312634293
2011-05-27 18:00:00,257.10831936995964
2011-05-27 19:00:00,193.32333195142564
2011-05-27 20:00:00,220.21602265839465
2011-05-27 21:00:00,200.08051915993565
2011-05-27 22:00:00,222.98583705732017
2011-05-27 23:00:00,201.96485284692608
2011-05-28 00:00:00,20.565690468793036
2011-05-28 01:00:00,30.57966507220408
2011-05-28 02:00:00,21.466954703384545
2011-05-28 03:00:00,42.61818767571822
2011-05-28 04:00:00,51.55517122664605
2011-05-28 05:00:00,58.345376626210054
2011-05-28 06:00:00,82.22355711378623
2011-05-28 07:00:00,94.82785639108624
2011-05-28 08:00:00,119.25010988666327
2011-05-28 09:00:00,144.20528142672265
2011-05-28 10:00:00,181.52341708927997
2011-05-28 11:00:00,189.38701156454044
2011-05-28 12:00:00,217.33540786697995
2011-05-28 13:00:00,219.75302384863608
2011-05-28 14:00:00,236.72991254384397
2011-05-28 15:00:00,250.69883074139943
2011-05-28 16:00:00,265.4784627442714
2011-05-28 17:00:00,269.1130943579192
2011-05-28 18:00:00,260.1443853006349
2011-05-28 19:00:00,251.2187763141119
2011-05-28 20:00:00,260.15936184182647
2011-05-28 21:00:00,242.8876976146712
2011-05-28 22:00:00,236.1559435823583
2011-05-28 23:00:00,224.23350785669754
2011-05-29 00:00:00,44.672379817347974
2011-05-29 01:00:00,35.444397227838635
2011-05-29 02:00:00,41.15761157494853
2011-05-29 03:00:00,49.021206050209
2011-05-29 04:00:00,51.60740118555259
2011-05-29 05:00:00,42.38678586107562
2011-05-29 06:00:00,70.64951771160122
2011-05-29 07:00:00,80.66349231498316
2011-05-29 08:00:00,87.45369771457626
2011-05-29 09:00:00,80.41219160906621
2011-05-29 10:00:00,126.65558321302524
2011-05-29 11:00:00,136.66955781643628
2011-05-29 12:00:00,177.76574255301966
2011-05-29 13:00:00,205.84709455640404
2011-05-29 14:00:00,218.47634643112542
2011-05-29 15:00:00,226.87663544423413
2011-05-29 16:00:00,234.20353538164636
2011-05-29 17:00:00,242.06712985690683
2011-05-29 18:00:00,240.81743011221988
2011-05-29 19:00:00,247.60403353502625
2011-05-29 20:00:00,234.6082087336399
2011-05-29 21:00:00,224.72448289219756
2011-05-29 22:00:00,206.97414444980677
2011-05-29 23:00:00,215.91472997752135
2011-05-30 00:00:00,9.18414168880554
2011-05-30 01:00:00,14.897356035915436
2011-05-30 02:00:00,24.91133063932648
2011-05-30 03:00:00,32.77492511458695
2011-05-30 04:00:00,34.8244257120823
2011-05-30 05:00:00,35.35139909101417
2011-05-30 06:00:00,47.419003830465954
2011-05-30 07:00:00,52.055227125121746
2011-05-30 08:00:00,82.39192646730226
2011-05-30 09:00:00,154.82497962762136
2011-05-30 10:00:00,226.27919261693023
2011-05-30 11:00:00,235.85060056613293
2011-05-30 12:00:00,267.160162498476
2011-05-30 13:00:00,276.8245439463353
2011-05-30 14:00:00,296.3770115802181
2011-05-30 15:00:00,313.3788211059
2011-05-30 16:00:00,322.62178023663
2011-05-30 17:00:00,319.2217003638216
2011-05-30 18:00:00,324.9349147109315
2011-05-30 19:00:00,222.83894070531824
2011-05-30 20:00:00,276.3724415860197
2011-05-30 21:00:00,259.9114911641518
2011-05-30 22:00:00,259.73878247191897
2011-05-30 23:00:00,236.5674181334034
2011-05-31 00:00:00,74.78600645132246
2011-05-31 01:00:00,53.765022240928374
2011-05-31 02:00:00,35.550625403790036
2011-05-31 03:00:00,30.04326547362143
2011-05-31 04:00:00,81.03295349999098
2011-05-31 05:00:00,88.89654797525145
2011-05-31 06:00:00,113.43407369154738
2011-05-31 07:00:00,166.3306273141061
2011-05-31 08:00:00,202.78757063043304
2011-05-31 09:00:00,223.55725413491018
2011-05-31 10:00:00,237.91924031401868
2011-05-31 11:00:00,264.97491855430417
2011-05-31 12:00:00,277.6759678236558
2011-05-31 13:00:00,312.40377881232416
2011-05-31 14:00:00,314.6553010440548
2011-05-31 15:00:00,328.43334136588965
2011-05-31 16:00:00,334.91757118565147
2011-05-31 17:00:00,307.0378013457521
2011-05-31 18:00:00,313.82440476855845
2011-05-31 19:00:00,282.10839706024854
2011-05-31 20:00:00,289.971991535509
2011-05-31 21:00:00,284.95444957900327
2011-05-31 22:00:00,278.29449294134974
2011-05-31 23:00:00,264.18217899353476
2011-06-20 00:00:00,59.999187669716775
2011-06-20 01:00:00,44.431560423079645
2011-06-20 02:00:00,52.295154898340115
2011-06-20 03:00:00,46.55889625661075
2011-06-20 04:00:00,57.60638708641636
2011-06-20 05:00:00,78.36132485567941
2011-06-20 06:00:00,95.42759627793566
2011-06-20 07:00:00,71.79133479617303
2011-06-20 08:00:00,89.83046880862094
2011-06-20 09:00:00,128.50538092816714
2011-06-20 10:00:00,136.3689754034276
2011-06-20 11:00:00,138.85842054671957
2011-06-20 12:00:00,173.57148580017383
2011-06-20 13:00:00,195.73461546355975
2011-06-20 14:00:00,216.47934637061553
2011-06-20 15:00:00,225.41632992151426
2011-06-20 16:00:00,249.96860137302428
2011-06-20 17:00:00,260.05818163146614
2011-06-20 18:00:00,262.81423580506817
2011-06-20 19:00:00,251.95764737343416
2011-06-20 20:00:00,251.68081021893886
2011-06-20 21:00:00,244.51288813428255
2011-06-20 22:00:00,249.34062176945736
2011-06-20 23:00:00,248.5226493519731
2011-06-21 00:00:00,56.446519402612466
2011-06-21 01:00:00,53.93763194148778
2011-06-21 02:00:00,47.857844667712925
2011-06-21 03:00:00,55.721439142973395
2011-06-21 04:00:00,47.911855309823295
2011-06-21 05:00:00,56.84883886078023
2011-06-21 06:00:00,64.7124333360407
2011-06-21 07:00:00,47.96728855141555
2011-06-21 08:00:00,84.10693801287562
2011-06-21 09:00:00,97.3446818201046
2011-06-21 10:00:00,117.99909310386283
2011-06-21 11:00:00,138.50903908291366
2011-06-21 12:00:00,181.75560394770582
2011-06-21 13:00:00,215.40642388394917
2011-06-21 14:00:00,238.30153491909732
2011-06-21 15:00:00,261.87734180362895
2011-06-21 16:00:00,277.20104681450175
2011-06-21 17:00:00,266.078181135701
2011-06-21 18:00:00,253.15499247738626
2011-06-21 19:00:00,247.0391088477627
2011-06-21 20:00:00,254.0890517727239
2011-06-21 21:00:00,262.1348429119971
2011-06-21 22:00:00,248.0656290349434
2011-06-21 23:00:00,266.1047630473622
2011-06-22 00:00:00,63.48298230706132
2011-06-22 01:00:00,69.19619665417122
2011-06-22 02:00:00,72.22233633531141
2011-06-22 03:00:00,84.92338560469216
2011-06-22 04:00:00,69.24048613733612
2011-06-22 05:00:00,64.8934331680066
2011-06-22 06:00:00,93.50117469916586
2011-06-22 07:00:00,126.57220002674148
2011-06-22 08:00:00,156.908899368922
2011-06-22 09:00:00,156.7473344351456
2011-06-22 10:00:00,187.12353187132976
2011-06-22 11:00:00,191.7633571427723
2011-06-22 12:00:00,240.78498178438167
2011-06-22 13:00:00,260.5929464571236
2011-06-22 14:00:00,273.8811688052956
2011-06-22 15:00:00,277.39712646006956
2011-06-22 16:00:00,284.53692501515616
2011-06-22 17:00:00,290.3899894251372
2011-06-22 18:00:00,289.03993771161186
2011-06-22 19:00:00,303.58865051780595
2011-06-22 20:00:00,257.08612694972544
2011-06-22 21:00:00,255.85117294028169
2011-06-22 22:00:00,254.86121072096284
2011-06-22 23:00:00,263.8017962486774
2011-06-23 00:00:00,88.34991812505177
2011-06-23 01:00:00,106.38905213747057
2011-06-23 02:00:00,114.25264661273104
2011-06-23 03:00:00,114.77961999166291
2011-06-23 04:00:00,102.85718426600215
2011-06-23 05:00:00,135.69304991039098
2011-06-23 06:00:00,143.55664438565145
2011-06-23 07:00:00,145.15700684022158
2011-06-23 08:00:00,164.28427566355094
2011-06-23 09:00:00,169.99749001066084
2011-06-23 10:00:00,194.53501572698588
2011-06-23 11:00:00,201.51312949031126
2011-06-23 12:00:00,215.63995598623296
2011-06-23 13:00:00,227.85118728195084
2011-06-23 14:00:00,231.90383947460214
2011-06-23 15:00:00,262.84868776093936
2011-06-23 16:00:00,243.4451656342717
2011-06-23 17:00:00,236.20541438797954
2011-06-23 18:00:00,251.40562995959772
2011-06-23 19:00:00,257.1188443067076
2011-06-23 20:00:00,247.2638475560816
2011-06-23 21:00:00,254.05045097888797
2011-06-23 22:00:00,257.8047955383663
2011-06-23 23:00:00,273.0050111099554
2011-06-24 00:00:00,70.4304816890799
2011-06-24 01:00:00,66.46120169421192
2011-06-24 02:00:00,74.32479616947239
2011-06-24 03:00:00,76.27394479812938
2011-06-24 04:00:00,81.45046460742014
2011-06-24 05:00:00,68.56991202675272
2011-06-24 06:00:00,98.78773717145668
2011-06-24 07:00:00,104.6924618590856
2011-06-24 08:00:00,153.1252676920849
2011-06-24 09:00:00,187.89635326818097
2011-06-24 10:00:00,254.0767688943888
2011-06-24 11:00:00,269.9367936878698
2011-06-24 12:00:00,270.08137885053293
2011-06-24 13:00:00,285.97013273480115
2011-06-24 14:00:00,276.997647184151
2011-06-24 15:00:00,316.4476407462207
2011-06-24 16:00:00,318.8862325933005
2011-06-24 17:00:00,303.1885873907595
2011-06-24 18:00:00,312.6658674563223
2011-06-24 19:00:00,306.97140614382806
2011-06-24 20:00:00,301.5362183635589
2011-06-24 21:00:00,301.2446354738786
2011-06-24 22:00:00,304.2707751549897
2011-06-24 23:00:00,306.1257959000359
2011-06-25 00:00:00,133.94405620414182
2011-06-25 01:00:00,130.93666955761728
2011-06-25 02:00:00,134.6874121403962
2011-06-25 03:00:00,132.51862964159227
2011-06-25 04:00:00,140.38222411685274
2011-06-25 05:00:00,133.21430203222553
2011-06-25 06:00:00,157.18640411982778
2011-06-25 07:00:00,167.20037872320972
2011-06-25 08:00:00,202.7821781046223
2011-06-25 09:00:00,217.7239588923694
2011-06-25 10:00:00,223.4371732394793
2011-06-25 11:00:00,235.18391391425394
2011-06-25 12:00:00,253.540135497984
2011-06-25 13:00:00,261.4037299732445
2011-06-25 14:00:00,263.421274258435
2011-06-25 15:00:00,260.5329680929426
2011-06-25 16:00:00,287.9593838258297
2011-06-25 17:00:00,290.4303067405126
2011-06-25 18:00:00,288.49630916968454
2011-06-25 19:00:00,295.12436578437337
2011-06-25 20:00:00,294.99493167956825
2011-06-25 21:00:00,290.9391085547977
2011-06-25 22:00:00,308.0165237354813
2011-06-25 23:00:00,303.58696183920256
2011-06-26 00:00:00,110.3049967623665
2011-06-26 01:00:00,121.93265695607988
2011-06-26 02:00:00,120.68295721139293
2011-06-26 03:00:00,109.5600915325922
2011-06-26 04:00:00,116.88699147000443
2011-06-26 05:00:00,121.52321476466022
2011-06-26 06:00:00,129.3868092399207
2011-06-26 07:00:00,144.3285900276387
2011-06-26 08:00:00,163.92072422720958
2011-06-26 09:00:00,183.2424729030172
2011-06-26 10:00:00,218.12542896170635
2011-06-26 11:00:00,229.37494142568903
2011-06-26 12:00:00,249.4639290807536
2011-06-26 13:00:00,251.41307770943968
2011-06-26 14:00:00,264.1141269788204
2011-06-26 15:00:00,267.1402666599315
2011-06-26 16:00:00,281.71427505186875
2011-06-26 17:00:00,278.5525820837647
2011-06-26 18:00:00,283.53462204054813
2011-06-26 19:00:00,284.7849273465108
2011-06-26 20:00:00,286.8094753466139
2011-06-26 21:00:00,282.4624223772553
2011-06-26 22:00:00,297.85351582456497
2011-06-26 23:00:00,302.839157758106
2011-06-27 00:00:00,66.66331769368844
2011-06-27 01:00:00,59.394204891781555
2011-06-27 02:00:00,62.071558398834895
2011-06-27 03:00:00,69.93515287409537
2011-06-27 04:00:00,65.35294022152084
2011-06-27 05:00:00,77.98219209624222
2011-06-27 06:00:00,99.78916832053801
2011-06-27 07:00:00,124.74433986053918
2011-06-27 08:00:00,139.42278114613146
2011-06-27 09:00:00,190.08647748056683
2011-06-27 10:00:00,202.78752674997668
2011-06-27 11:00:00,192.9075774019002
2011-06-27 12:00:00,213.67726090634824
2011-06-27 13:00:00,221.465249726607
2011-06-27 14:00:00,224.4913894077472
2011-06-27 15:00:00,239.97364122670842
2011-06-27 16:00:00,256.78754238859983
2011-06-27 17:00:00,265.72452593955677
2011-06-27 18:00:00,273.12325503857573
2011-06-27 19:00:00,268.38347707598587
2011-06-27 20:00:00,258.3844790137955
2011-06-27 21:00:00,262.48400777063216
2011-06-27 22:00:00,257.4664658140973
2011-06-27 23:00:00,265.3300602893578
2011-06-28 00:00:00,57.49368424521526
2011-06-28 01:00:00,77.61433873613714
2011-06-28 02:00:00,80.29169224319048
2011-06-28 03:00:00,88.15528671845095
2011-06-28 04:00:00,101.20512216191855
2011-06-28 05:00:00,97.16044279560447
2011-06-28 06:00:00,100.76294358025189
2011-06-28 07:00:00,118.23342674248852
2011-06-28 08:00:00,141.69756338308798
2011-06-28 09:00:00,171.46904538018862
2011-06-28 10:00:00,242.23141876168665
2011-06-28 11:00:00,255.05154851212865
2011-06-28 12:00:00,273.68556585669285
2011-06-28 13:00:00,275.8218158677046
2011-06-28 14:00:00,300.2837359289988
2011-06-28 15:00:00,306.1878281518002
2011-06-28 16:00:00,315.823823497165
2011-06-28 17:00:00,289.285397476895
2011-06-28 18:00:00,291.1872947861266
2011-06-28 19:00:00,282.21359573179507
2011-06-28 20:00:00,270.45665305823786
2011-06-28 21:00:00,284.18781681588735
2011-06-28 22:00:00,271.1485171884706
2011-06-28 23:00:00,278.4754171258828
2011-06-29 00:00:00,69.59438109691837
2011-06-29 01:00:00,83.1809110782342
2011-06-29 02:00:00,71.6834996464604
2011-06-29 03:00:00,70.0600928972417
2011-06-29 04:00:00,83.1099283407093
2011-06-29 05:00:00,85.66379240847891
2011-06-29 06:00:00,138.0843051294214
2011-06-29 07:00:00,183.29380575168761
2011-06-29 08:00:00,205.51842779971776
2011-06-29 09:00:00,224.22427430588868
2011-06-29 10:00:00,239.19478418448125
2011-06-29 11:00:00,260.12661647383356
2011-06-29 12:00:00,269.0636000247905
2011-06-29 13:00:00,297.26466497403453
2011-06-29 14:00:00,300.287202678388
2011-06-29 15:00:00,313.8532207873941
2011-06-29 16:00:00,330.855030313076
2011-06-29 17:00:00,346.8590564180922
2011-06-29 18:00:00,339.575862112717
2011-06-29 19:00:00,328.9498181224626
2011-06-29 20:00:00,324.75016820282326
2011-06-29 21:00:00,324.88360960702994
2011-06-29 22:00:00,320.82418450547266
2011-06-29 23:00:00,317.53937685335404
2011-06-30 00:00:00,124.9568875640689
2011-06-30 01:00:00,124.66530467438861
2011-06-30 02:00:00,123.41560492973076
2011-06-30 03:00:00,121.5101619331108
2011-06-30 04:00:00,104.06219709376455
2011-06-30 05:00:00,116.22655182529707
2011-06-30 06:00:00,140.18428293298348
2011-06-30 07:00:00,154.05267464500503
2011-06-30 08:00:00,200.88700461603003
2011-06-30 09:00:00,219.89900121866958
2011-06-30 10:00:00,231.4263094435155
2011-06-30 11:00:00,248.28792591797537
2011-06-30 12:00:00,266.0643846600433
2011-06-30 13:00:00,279.07158402586356
2011-06-30 14:00:00,295.7460991179978
2011-06-30 15:00:00,314.20287895415095
2011-06-30 16:00:00,324.2641048769874
2011-06-30 17:00:00,333.39176002008026
2011-06-30 18:00:00,328.68036816001404
2011-06-30 19:00:00,321.48749347793637
2011-06-30 20:00:00,329.35108795319684
2011-06-30 21:00:00,324.87761900469195
2011-06-30 22:00:00,319.9753492688469
2011-06-30 23:00:00,299.905114648398
2011-07-20 00:00:00,74.87008683776367
2011-07-20 01:00:00,78.96961559457122
2011-07-20 02:00:00,86.8332100698317
2011-07-20 03:00:00,98.46087026351597
2011-07-20 04:00:00,96.0620073164755
2011-07-20 05:00:00,107.68966751015978
2011-07-20 06:00:00,98.15637357262312
2011-07-20 07:00:00,124.72900719635072
2011-07-20 08:00:00,167.64006040905952
2011-07-20 09:00:00,183.10361548280343
2011-07-20 10:00:00,196.27333838876802
2011-07-20 11:00:00,238.67705861924333
2011-07-20 12:00:00,256.19441834569443
2011-07-20 13:00:00,281.91682886498165
2011-07-20 14:00:00,301.70344291703077
2011-07-20 15:00:00,309.7541387746169
2011-07-20 16:00:00,298.5197773684922
2011-07-20 17:00:00,311.0337252555764
2011-07-20 18:00:00,319.9743107832619
2011-07-20 19:00:00,312.22659408996697
2011-07-20 20:00:00,301.1940480344347
2011-07-20 21:00:00,317.6625965273415
2011-07-20 22:00:00,311.0026398897171
2011-07-20 23:00:00,301.2305842921778
2011-07-21 00:00:00,113.25584410401643
2011-07-21 01:00:00,99.13975366277737
2011-07-21 02:00:00,107.00334813803784
2011-07-21 03:00:00,118.0223161605827
2011-07-21 04:00:00,113.66411943279672
2011-07-21 05:00:00,121.5277139080572
2011-07-21 06:00:00,129.39130838331766
2011-07-21 07:00:00,143.0939493337064
2011-07-21 08:00:00,170.7435740099172
2011-07-21 09:00:00,207.03836854133988
2011-07-21 10:00:00,234.27034739378723
2011-07-21 11:00:00,270.6082419959712
2011-07-21 12:00:00,299.9536864341353
2011-07-21 13:00:00,306.7402898569417
2011-07-21 14:00:00,329.93777449513436
2011-07-21 15:00:00,335.49261655076407
2011-07-21 16:00:00,355.58160420585773
2011-07-21 17:00:00,366.31937472941354
2011-07-21 18:00:00,358.70507773017744
2011-07-21 19:00:00,337.5867496197752
2011-07-21 20:00:00,326.62603272584965
2011-07-21 21:00:00,325.3763329811627
2011-07-21 22:00:00,331.6693419369112
2011-07-21 23:00:00,327.2315945890441
2011-07-22 00:00:00,166.5380525063083
2011-07-22 01:00:00,157.2628503642918
2011-07-22 02:00:00,140.19715273636393
2011-07-22 03:00:00,151.3599475538067
2011-07-22 04:00:00,146.89724760848912
2011-07-22 05:00:00,138.08691084271413
2011-07-22 06:00:00,162.08774202116183
2011-07-22 07:00:00,200.6847604555951
2011-07-22 08:00:00,230.10321579207084
2011-07-22 09:00:00,252.76731839266722
2011-07-22 10:00:00,290.4883541437739
2011-07-22 11:00:00,297.43332985806046
2011-07-22 12:00:00,328.5845194989233
2011-07-22 13:00:00,337.90342727297684
2011-07-22 14:00:00,361.4754576641426
2011-07-22 15:00:00,358.46807101764716
2011-07-22 16:00:00,340.63156815979164
2011-07-22 17:00:00,338.4188786087907
2011-07-22 18:00:00,362.1961578555929
2011-07-22 19:00:00,345.07633740326855
2011-07-22 20:00:00,330.42326294767554
2011-07-22 21:00:00,330.6432474817848
2011-07-22 22:00:00,350.87670044152765
2011-07-22 23:00:00,337.2497637422057
2011-07-23 00:00:00,164.0813843840442
2011-07-23 01:00:00,180.056681398215
2011-07-23 02:00:00,184.15621015502256
2011-07-23 03:00:00,161.04209771452588
2011-07-23 04:00:00,160.9088871163549
2011-07-23 05:00:00,174.19350748776924
2011-07-23 06:00:00,211.91454323887592
2011-07-23 07:00:00,218.70474863843992
2011-07-23 08:00:00,251.3469731787336
2011-07-23 09:00:00,255.98679845017614
2011-07-23 10:00:00,283.25449890323216
2011-07-23 11:00:00,307.68789615723654
2011-07-23 12:00:00,324.62906325180666
2011-07-23 13:00:00,337.37358734724694
2011-07-23 14:00:00,333.9772839678335
2011-07-23 15:00:00,347.1863304511935
2011-07-23 16:00:00,359.88737972057424
2011-07-23 17:00:00,367.7509741958347
2011-07-23 18:00:00,373.7988614466158
2011-07-23 19:00:00,310.8034117293719
2011-07-23 20:00:00,327.08061835341505
2011-07-23 21:00:00,334.9442128286755
2011-07-23 22:00:00,333.1973166401731
2011-07-23 23:00:00,337.8371419116156
2011-07-24 00:00:00,157.19902281981194
2011-07-24 01:00:00,146.0761571409821
2011-07-24 02:00:00,168.04188041202724
2011-07-24 03:00:00,175.9054748872586
2011-07-24 04:00:00,169.6669405667344
2011-07-24 05:00:00,176.99384050414665
2011-07-24 06:00:00,194.3100173448329
2011-07-24 07:00:00,213.3175732223026
2011-07-24 08:00:00,237.42990012804512
2011-07-24 09:00:00,249.0575603217585
2011-07-24 10:00:00,276.48778431495884
2011-07-24 11:00:00,270.78972102567786
2011-07-24 12:00:00,309.750271369383
2011-07-24 13:00:00,298.6270309353131
2011-07-24 14:00:00,306.3284766256984
2011-07-24 15:00:00,338.90230550945853
2011-07-24 16:00:00,346.765899984719
2011-07-24 17:00:00,351.5678740410367
2011-07-24 18:00:00,350.7358201200841
2011-07-24 19:00:00,343.65821765872533
2011-07-24 20:00:00,342.7108915170829
2011-07-24 21:00:00,319.06025905540446
2011-07-24 22:00:00,307.44757540294086
2011-07-24 23:00:00,296.6783688495634
2011-07-25 00:00:00,113.57392186345533
2011-07-25 01:00:00,118.25719019398093
2011-07-25 02:00:00,109.44685342817684
2011-07-25 03:00:00,119.26931769101066
2011-07-25 04:00:00,119.21188121952582
2011-07-25 05:00:00,127.07547569478629
2011-07-25 06:00:00,129.75282920183963
2011-07-25 07:00:00,145.5374546238745
2011-07-25 08:00:00,170.07498034017044
2011-07-25 09:00:00,218.50778617314063
2011-07-25 10:00:00,241.58999859064352
2011-07-25 11:00:00,259.7886866312474
2011-07-25 12:00:00,267.65228110650787
2011-07-25 13:00:00,207.73201580671594
2011-07-25 14:00:00,202.8297460709
2011-07-25 15:00:00,204.16197926492896
2011-07-25 16:00:00,206.11112789358594
2011-07-25 17:00:00,234.79447507977602
2011-07-25 18:00:00,250.6261455376516
2011-07-25 19:00:00,262.86232943079085
2011-07-25 20:00:00,263.2227132996777
2011-07-25 21:00:00,237.36427429513424
2011-07-25 22:00:00,245.2278687703947
2011-07-25 23:00:00,256.31883442625985
2011-07-26 00:00:00,86.39294940946274
2011-07-26 01:00:00,94.25654388472321
2011-07-26 02:00:00,73.23555967432912
2011-07-26 03:00:00,82.17254322522786
2011-07-26 04:00:00,93.1482366603741
2011-07-26 05:00:00,83.96335414165515
2011-07-26 06:00:00,121.20134527623304
2011-07-26 07:00:00,179.08635871935985
2011-07-26 08:00:00,207.08163158601383
2011-07-26 09:00:00,247.52169831542415
2011-07-26 10:00:00,279.43978394725127
2011-07-26 11:00:00,286.0143651572289
2011-07-26 12:00:00,302.7138328468136
2011-07-26 13:00:00,313.18889633304207
2011-07-26 14:00:00,329.3267168873572
2011-07-26 15:00:00,347.6398701672442
2011-07-26 16:00:00,336.6360532025574
2011-07-26 17:00:00,347.18672234378755
2011-07-26 18:00:00,345.2563267497171
2011-07-26 19:00:00,340.7792558244546
2011-07-26 20:00:00,336.1831361850782
2011-07-26 21:00:00,332.1023604628863
2011-07-26 22:00:00,319.78723151091253
2011-07-26 23:00:00,324.2399554000003
2011-07-27 00:00:00,153.74948550295085
2011-07-27 01:00:00,173.9780337444099
2011-07-27 02:00:00,174.75966541375965
2011-07-27 03:00:00,156.0687954487803
2011-07-27 04:00:00,179.2515343517589
2011-07-27 05:00:00,179.47151888586814
2011-07-27 06:00:00,185.18473323297803
2011-07-27 07:00:00,211.09802162801498
2011-07-27 08:00:00,232.1451261380571
2011-07-27 09:00:00,255.22733855555998
2011-07-27 10:00:00,262.7636385973019
2011-07-27 11:00:00,279.4631062868575
2011-07-27 12:00:00,304.3177195744647
2011-07-27 13:00:00,319.6340461151558
2011-07-27 14:00:00,326.7304016111593
2011-07-27 15:00:00,344.47830577901914
2011-07-27 16:00:00,347.38539674604544
2011-07-27 17:00:00,350.5986060425639
2011-07-27 18:00:00,349.11836185643915
2011-07-27 19:00:00,349.6694490843802
2011-07-27 20:00:00,324.0702518451726
2011-07-27 21:00:00,316.7870575397974
2011-07-27 22:00:00,319.9137237064424
2011-07-27 23:00:00,338.0828756747942
2011-07-28 00:00:00,141.10567276223446
2011-07-28 01:00:00,148.89746984283556
2011-07-28 02:00:00,154.41980631422484
2011-07-28 03:00:00,158.5193350710033
2011-07-28 04:00:00,151.135582513205
2011-07-28 05:00:00,150.8587453587097
2011-07-28 06:00:00,148.01010575896362
2011-07-28 07:00:00,167.0942745115026
2011-07-28 08:00:00,187.86395801597973
2011-07-28 09:00:00,224.32090133227757
2011-07-28 10:00:00,248.3179560173594
2011-07-28 11:00:00,271.2134418077476
2011-07-28 12:00:00,280.3125741435797
2011-07-28 13:00:00,301.3596786536509
2011-07-28 14:00:00,295.2261115438014
2011-07-28 15:00:00,312.62395856299554
2011-07-28 16:00:00,321.7266928755853
2011-07-28 17:00:00,317.4801663917606
2011-07-28 18:00:00,324.1082230063912
2011-07-28 19:00:00,320.02384530744166
2011-07-28 20:00:00,315.0063033509359
2011-07-28 21:00:00,311.45844567316817
2011-07-28 22:00:00,301.5711178549391
2011-07-28 23:00:00,300.87663487673854
2011-07-29 00:00:00,102.49119546820293
2011-07-29 01:00:00,109.2777988910093
2011-07-29 02:00:00,112.30393857212039
2011-07-29 03:00:00,120.16753304735175
2011-07-29 04:00:00,121.72018018938252
2011-07-29 05:00:00,124.74631987052271
2011-07-29 06:00:00,127.42367337757605
2011-07-29 07:00:00,149.66304116079118
2011-07-29 08:00:00,174.46361690273625
2011-07-29 09:00:00,270.12985459173797
2011-07-29 10:00:00,302.5451366673806
2011-07-29 11:00:00,323.5491411066323
2011-07-29 12:00:00,347.3449425820727
2011-07-29 13:00:00,336.45983134317794
2011-07-29 14:00:00,362.9568593118747
2011-07-29 15:00:00,371.89384286283166
2011-07-29 16:00:00,384.59849410899915
2011-07-29 17:00:00,389.23471740365494
2011-07-29 18:00:00,381.98382239890634
2011-07-29 19:00:00,371.167106816516
2011-07-29 20:00:00,367.7628756950726
2011-07-29 21:00:00,350.0301225850708
2011-07-29 22:00:00,349.1731160667259
2011-07-29 23:00:00,338.09712695208145
2011-07-30 00:00:00,149.0757052534609
2011-07-30 01:00:00,153.1788359870261
2011-07-30 02:00:00,161.5791250001348
2011-07-30 03:00:00,152.58168685200508
2011-07-30 04:00:00,151.33198710734723
2011-07-30 05:00:00,155.35591020915308
2011-07-30 06:00:00,163.75619922223268
2011-07-30 07:00:00,189.2953166195657
2011-07-30 08:00:00,217.2223623013706
2011-07-30 09:00:00,259.9679542289232
2011-07-30 10:00:00,274.21429343207274
2011-07-30 11:00:00,289.4622243162303
2011-07-30 12:00:00,300.62501913370215
2011-07-30 13:00:00,318.1858536861837
2011-07-30 14:00:00,334.58294777275296
2011-07-30 15:00:00,346.98162343908916
2011-07-30 16:00:00,362.4451785128622
2011-07-30 17:00:00,361.9377969169582
2011-07-30 18:00:00,366.52676889215945
2011-07-30 19:00:00,332.00707087878254
2011-07-30 20:00:00,342.8655765231815
2011-07-30 21:00:00,338.62265201608534
2011-07-30 22:00:00,329.69704302959144
2011-07-30 23:00:00,326.17791444266913
2011-07-31 00:00:00,145.53979535086546
2011-07-31 01:00:00,134.39197707464336
2011-07-31 02:00:00,137.90793472941732
2011-07-31 03:00:00,142.544158024044
2011-07-31 04:00:00,137.5016634701169
2011-07-31 05:00:00,147.40036585280905
2011-07-31 06:00:00,157.99450982009876
2011-07-31 07:00:00,191.32405916944845
2011-07-31 08:00:00,213.2860059470695
2011-07-31 09:00:00,238.56962630554335
2011-07-31 10:00:00,280.74979460440227
2011-07-31 11:00:00,305.8671149293077
2011-07-31 12:00:00,330.4157844040601
2011-07-31 13:00:00,338.16410665863077
2011-07-31 14:00:00,347.10469218631624
2011-07-31 15:00:00,372.98925149050774
2011-07-31 16:00:00,382.35125933538075
2011-07-31 17:00:00,387.94920146177174
2011-07-31 18:00:00,350.1100655461196
2011-07-31 19:00:00,320.61661011591787
2011-07-31 20:00:00,328.48020459117834
2011-07-31 21:00:00,322.360718984768
2011-07-31 22:00:00,294.5639220649027
2011-07-31 23:00:00,307.88087350392016
2011-08-20 00:00:00,37.30131480257842
2011-08-20 01:00:00,63.87394842633512
2011-08-20 02:00:00,85.68092465060181
2011-08-20 03:00:00,93.54451912586228
2011-08-20 04:00:00,63.56945173544227
2011-08-20 05:00:00,90.56266892791609
2011-08-20 06:00:00,98.0774772290606
2011-08-20 07:00:00,111.05551527786884
2011-08-20 08:00:00,160.68482487055007
2011-08-20 09:00:00,186.19521317703766
2011-08-20 10:00:00,212.46169670435484
2011-08-20 11:00:00,220.93381487907027
2011-08-20 12:00:00,238.37556895049056
2011-08-20 13:00:00,257.11014454750693
2011-08-20 14:00:00,292.6089710088272
2011-08-20 15:00:00,308.9153707168589
2011-08-20 16:00:00,310.67364146979526
2011-08-20 17:00:00,316.1997544346086
2011-08-20 18:00:00,298.3913956696051
2011-08-20 19:00:00,287.43067877567955
2011-08-20 20:00:00,296.3712643033941
2011-08-20 21:00:00,286.9811329289514
2011-08-20 22:00:00,275.70035895178444
2011-08-20 23:00:00,286.59981426710146
2011-08-21 00:00:00,108.11207530341926
2011-08-21 01:00:00,98.3436216826376
2011-08-21 02:00:00,105.13022510544397
2011-08-21 03:00:00,97.39687939212308
2011-08-21 04:00:00,113.79397347869235
2011-08-21 05:00:00,99.80770075475448
2011-08-21 06:00:00,107.13460069213761
2011-08-21 07:00:00,140.07183157041436
2011-08-21 08:00:00,161.9222826207406
2011-08-21 09:00:00,188.4949162444682
2011-08-21 10:00:00,202.17260459746467
2011-08-21 11:00:00,255.33203372903517
2011-08-21 12:00:00,276.07676463606185
2011-08-21 13:00:00,280.2443142941338
2011-08-21 14:00:00,204.64581338246353
2011-08-21 15:00:00,208.94228453849792
2011-08-21 16:00:00,231.21415790595347
2011-08-21 17:00:00,238.00076132875984
2011-08-21 18:00:00,250.16511606032145
2011-08-21 19:00:00,272.55188689322677
2011-08-21 20:00:00,257.3588053995336
2011-08-21 21:00:00,265.22239987476496
2011-08-21 22:00:00,265.7493732536677
2011-08-21 23:00:00,287.9013591586263
2011-08-22 00:00:00,89.31524420465576
2011-08-22 01:00:00,94.49176401391742
2011-08-22 02:00:00,130.93802756496007
2011-08-22 03:00:00,134.68877014770987
2011-08-22 04:00:00,150.33452188546653
2011-08-22 05:00:00,159.34690480784047
2011-08-22 06:00:00,173.20055078467703
2011-08-22 07:00:00,182.1411363123916
2011-08-22 08:00:00,190.00473078765208
2011-08-22 09:00:00,214.18906137166778
2011-08-22 10:00:00,240.080999146041
2011-08-22 11:00:00,279.0226525058679
2011-08-22 12:00:00,287.9743817920389
2011-08-22 13:00:00,308.7005904704565
2011-08-22 14:00:00,313.8771102796891
2011-08-22 15:00:00,318.513333574374
2011-08-22 16:00:00,329.60429923021
2011-08-22 17:00:00,341.422837299644
2011-08-22 18:00:00,345.20147022482706
2011-08-22 19:00:00,343.7174495453364
2011-08-22 20:00:00,334.474721220613
2011-08-22 21:00:00,333.22502147592604
2011-08-22 22:00:00,344.8526816696103
2011-08-22 23:00:00,344.0244042420818
2011-08-23 00:00:00,156.19282661704347
2011-08-23 01:00:00,131.9837948034401
2011-08-23 02:00:00,128.97640815694467
2011-08-23 03:00:00,140.06737381280982
2011-08-23 04:00:00,130.74907160000294
2011-08-23 05:00:00,139.68605515095987
2011-08-23 06:00:00,139.40921799643547
2011-08-23 07:00:00,199.02734049924766
2011-08-23 08:00:00,193.65461376679013
2011-08-23 09:00:00,215.6745808670239
2011-08-23 10:00:00,248.70869165219483
2011-08-23 11:00:00,266.4416755682032
2011-08-23 12:00:00,263.593035968428
2011-08-23 13:00:00,295.05000095049036
2011-08-23 14:00:00,302.3769008878735
2011-08-23 15:00:00,306.9375185275276
2011-08-23 16:00:00,315.6439576370467
2011-08-23 17:00:00,322.6647074780485
2011-08-23 18:00:00,329.4513109008549
2011-08-23 19:00:00,295.3509451179125
2011-08-23 20:00:00,297.2097423563828
2011-08-23 21:00:00,286.8218275612453
2011-08-23 22:00:00,299.52287683065515
2011-08-23 23:00:00,295.47819746431196
2011-08-24 00:00:00,126.74835221411195
2011-08-24 01:00:00,122.6925290893414
2011-08-24 02:00:00,99.25451274838997
2011-08-24 03:00:00,107.11810722365044
2011-08-24 04:00:00,98.9671156865952
2011-08-24 05:00:00,106.83071016185568
2011-08-24 06:00:00,110.93023891863413
2011-08-24 07:00:00,161.19696977330022
2011-08-24 08:00:00,161.4679709150805
2011-08-24 09:00:00,174.60518823683378
2011-08-24 10:00:00,220.17902774983668
2011-08-24 11:00:00,241.48540579216206
2011-08-24 12:00:00,253.1315882144554
2011-08-24 13:00:00,279.43756983577623
2011-08-24 14:00:00,287.3011643110076
2011-08-24 15:00:00,296.24174983872217
2011-08-24 16:00:00,298.6807164410711
2011-08-24 17:00:00,304.393930788181
2011-08-24 18:00:00,299.236164013535
2011-08-24 19:00:00,307.0997584887955
2011-08-24 20:00:00,304.1173244397214
2011-08-24 21:00:00,303.26031792131835
2011-08-24 22:00:00,302.98348076685215
2011-08-24 23:00:00,295.81555868219584
2011-08-25 00:00:00,105.00190005320474
2011-08-25 01:00:00,126.26840524625732
2011-08-25 02:00:00,134.1319997215178
2011-08-25 03:00:00,124.90401713197934
2011-08-25 04:00:00,123.00971789381583
2011-08-25 05:00:00,121.77116190758534
2011-08-25 06:00:00,126.41098717899877
2011-08-25 07:00:00,145.76227192708757
2011-08-25 08:00:00,171.25791449836106
2011-08-25 09:00:00,192.00264540541684
2011-08-25 10:00:00,212.77232890986488
2011-08-25 11:00:00,168.73501677808235
2011-08-25 12:00:00,176.59861125334282
2011-08-25 13:00:00,198.59875338344136
2011-08-25 14:00:00,216.22108032050892
2011-08-25 15:00:00,233.1979690156877
2011-08-25 16:00:00,220.55127337671001
2011-08-25 17:00:00,228.41486785197048
2011-08-25 18:00:00,235.9296761531441
2011-08-25 19:00:00,233.62701392633608
2011-08-25 20:00:00,242.98458104601013
2011-08-25 21:00:00,248.1611008552427
2011-08-25 22:00:00,230.89324488845887
2011-08-25 23:00:00,241.9842105442949
2011-08-26 00:00:00,62.956175066006836
2011-08-26 01:00:00,65.98231474714703
2011-08-26 02:00:00,64.71502967007109
2011-08-26 03:00:00,66.76453026762465
2011-08-26 04:00:00,75.60476382647175
2011-08-26 05:00:00,78.2821173335251
2011-08-26 06:00:00,91.33195277696359
2011-08-26 07:00:00,114.1367441888433
2011-08-26 08:00:00,134.29790399386548
2011-08-26 09:00:00,173.78040314020473
2011-08-26 10:00:00,210.65859425702365
2011-08-26 11:00:00,222.98971301526763
2011-08-26 12:00:00,230.2697363884945
2011-08-26 13:00:00,257.11979101781617
2011-08-26 14:00:00,274.93906035411055
2011-08-26 15:00:00,284.60424878346385
2011-08-26 16:00:00,279.7914916894806
2011-08-26 17:00:00,259.10157840600004
2011-08-26 18:00:00,257.47817165678134
2011-08-26 19:00:00,254.5383736853255
2011-08-26 20:00:00,261.86527362273773
2011-08-26 21:00:00,272.4159427639679
2011-08-26 22:00:00,278.1291571110778
2011-08-26 23:00:00,266.7470179000229
2011-08-27 00:00:00,85.88455005976721
2011-08-27 01:00:00,95.89852466317825
2011-08-27 02:00:00,104.83550821410608
2011-08-27 03:00:00,108.58985277364263
2011-08-27 04:00:00,116.4534472489031
2011-08-27 05:00:00,127.00411639013328
2011-08-27 06:00:00,134.86771086536464
2011-08-27 07:00:00,144.8816854687757
2011-08-27 08:00:00,148.98121422561235
2011-08-27 09:00:00,162.7592545474472
2011-08-27 10:00:00,182.41207415016834
2011-08-27 11:00:00,142.26486896071583
2011-08-27 12:00:00,168.81898035583436
2011-08-27 13:00:00,172.92211108942865
2011-08-27 14:00:00,165.95240237857797
2011-08-27 15:00:00,173.81599685383844
2011-08-27 16:00:00,180.60620225340244
2011-08-27 17:00:00,199.7583919072058
2011-08-28 07:00:00,115.3817448230111
2011-08-28 08:00:00,125.39571942639304
2011-08-28 09:00:00,175.2219714183011
2011-08-28 10:00:00,226.03616581397364
2011-08-28 11:00:00,231.9438600135909
2011-08-28 12:00:00,259.7917298305547
2011-08-28 13:00:00,283.5296854999906
2011-08-28 14:00:00,302.37953331769677
2011-08-28 15:00:00,308.09274766480667
2011-08-28 16:00:00,336.01979334661155
2011-08-28 17:00:00,323.0092228100402
2011-08-28 18:00:00,319.3748220024281
2011-08-28 19:00:00,309.7541461866058
2011-08-28 20:00:00,319.930269574892
2011-08-28 21:00:00,285.8263018151629
2011-08-28 22:00:00,271.594939153234
2011-08-28 23:00:00,266.5524445992778
2011-08-29 00:00:00,86.6753687937744
2011-08-29 01:00:00,101.70653230859898
2011-08-29 02:00:00,112.79389598767739
2011-08-29 03:00:00,117.43372125911992
2011-08-29 04:00:00,111.33881349489093
2011-08-29 05:00:00,109.02686843299307
2011-08-29 06:00:00,116.89046290822444
2011-08-29 07:00:00,175.2976253925881
2011-08-29 08:00:00,195.08063746787957
2011-08-29 09:00:00,211.0846635728958
2011-08-29 10:00:00,232.0312415974331
2011-08-29 11:00:00,237.7444559445721
2011-08-29 12:00:00,251.29279057338135
2011-08-29 13:00:00,264.3903413294465
2011-08-29 14:00:00,271.3348530505609
2011-08-29 15:00:00,285.1128933723958
2011-08-29 16:00:00,297.7171926496958
2011-08-29 17:00:00,287.6286819457018
2011-08-29 18:00:00,296.01338647518423
2011-08-29 19:00:00,303.8769809504447
2011-08-29 20:00:00,295.3332961870765
2011-08-29 21:00:00,304.2702797380043
2011-08-29 22:00:00,300.8701998651959
2011-08-29 23:00:00,296.2776822025771
2011-08-30 00:00:00,69.93344989576144
2011-08-30 01:00:00,86.89919483248377
2011-08-30 02:00:00,79.84654496854637
2011-08-30 03:00:00,90.93390864765388
2011-08-30 04:00:00,84.81802501800121
2011-08-30 05:00:00,89.99454482729197
2011-08-30 06:00:00,111.30092286955914
2011-08-30 07:00:00,135.15415075971396
2011-08-30 08:00:00,191.00443105067825
2011-08-30 09:00:00,218.28687723894836
2011-08-30 10:00:00,254.27517868563882
2011-08-30 11:00:00,269.87270272534806
2011-08-30 12:00:00,270.7484622783377
2011-08-30 13:00:00,287.41920087710605
2011-08-30 14:00:00,301.5033912953513
2011-08-30 15:00:00,307.44715008386993
2011-08-30 16:00:00,309.0901486161165
2011-08-30 17:00:00,306.87873003972345
2011-08-30 18:00:00,302.8229069149529
2011-08-30 19:00:00,292.0853671974037
2011-08-30 20:00:00,296.7215904920595
2011-08-30 21:00:00,272.5452327343228
2011-08-30 22:00:00,284.3490250685427
2011-08-30 23:00:00,292.21261954380316
2011-08-31 00:00:00,90.52797979305615
2011-08-31 01:00:00,98.39157426831662
2011-08-31 02:00:00,81.04773789123283
2011-08-31 03:00:00,78.73579282933497
2011-08-31 04:00:00,96.77492684175377
2011-08-31 05:00:00,82.77410862123361
2011-08-31 06:00:00,99.6209793604794
2011-08-31 07:00:00,123.48932774108835
2011-08-31 08:00:00,158.2023929945717
2011-08-31 09:00:00,170.2662212406285
2011-08-31 10:00:00,237.9883248238475
2011-08-31 11:00:00,257.771336899139
2011-08-31 12:00:00,268.3654808664287
2011-08-31 13:00:00,283.57353890134254
2011-08-31 14:00:00,286.4051987299463
2011-08-31 15:00:00,294.26879320520675
2011-08-31 16:00:00,301.85496667487314
2011-08-31 17:00:00,298.8475800283777
2011-08-31 18:00:00,296.7550356494321
2011-08-31 19:00:00,350.88503704586765
2011-08-31 20:00:00,287.5378437732288
2011-08-31 21:00:00,285.6509230051888
2011-08-31 22:00:00,269.26557823835174
2011-08-31 23:00:00,253.07090506365057
2011-09-20 00:00:00,73.78229122387711
2011-09-20 01:00:00,46.37856228556484
2011-09-20 02:00:00,54.242156760796206
2011-09-20 03:00:00,74.43167090139468
2011-09-20 04:00:00,76.22897575522074
2011-09-20 05:00:00,78.90632926227408
2011-09-20 06:00:00,86.76992373753455
2011-09-20 07:00:00,93.56012913709856
2011-09-20 08:00:00,87.25060440337984
2011-09-20 09:00:00,94.04080980294384
2011-09-20 10:00:00,116.70537639668328
2011-09-20 11:00:00,124.56897087194375
2011-09-20 12:00:00,125.40815887079225
2011-09-20 13:00:00,132.19476229359861
2011-09-20 14:00:00,159.18504174108966
2011-09-20 15:00:00,197.4501505001972
2011-09-20 16:00:00,188.755085955112
2011-09-20 17:00:00,199.65454127039993
2011-09-20 18:00:00,207.5181357456604
2011-09-20 19:00:00,196.7014201632701
2011-09-20 20:00:00,187.58870979447966
2011-09-20 21:00:00,195.45230426974013
2011-09-20 22:00:00,203.3158987450006
2011-09-20 23:00:00,211.17949322026107
2011-09-21 00:00:00,13.590021881769644
2011-09-21 01:00:00,33.66426380164921
2011-09-21 02:00:00,41.52785827688058
2011-09-21 03:00:00,47.4325829645386
2011-09-21 04:00:00,44.69561360872467
2011-09-21 05:00:00,53.636199136439245
2011-09-21 06:00:00,62.57318268736708
2011-09-21 07:00:00,70.43677716262755
2011-09-21 08:00:00,75.07660243407008
2011-09-21 09:00:00,87.14420717349276
2011-09-21 10:00:00,121.94024534703931
2011-09-21 11:00:00,154.4273248173413
2011-09-21 12:00:00,174.52008896582993
2011-09-21 13:00:00,201.74468934812467
2011-09-21 14:00:00,210.6816728990525
2011-09-21 15:00:00,215.32149817049503
2011-09-21 16:00:00,223.1850926457555
2011-09-21 17:00:00,228.0128262809303
2011-09-21 18:00:00,205.25910776612
2011-09-21 19:00:00,176.28856980171986
2011-09-21 20:00:00,184.15216427698033
2011-09-21 21:00:00,175.89242903585546
2011-09-21 22:00:00,205.0655941957084
2011-09-21 23:00:00,213.345995746291
2011-09-22 00:00:00,32.707876654487336
2011-09-22 01:00:00,34.848535623721546
2011-09-22 02:00:00,43.24882463677204
2011-09-22 03:00:00,50.57572457421338
2011-09-22 04:00:00,58.43931904947385
2011-09-22 05:00:00,66.83960806255345
2011-09-22 06:00:00,59.77314935962204
2011-09-22 07:00:00,66.56335475921514
2011-09-22 08:00:00,76.57732936259708
2011-09-22 09:00:00,110.05125477872207
2011-09-22 10:00:00,137.70087945490377
2011-09-22 11:00:00,144.48748287771014
2011-09-22 12:00:00,172.02183533320203
2011-09-22 13:00:00,180.95881888412987
2011-09-22 14:00:00,189.89940441184444
2011-09-22 15:00:00,212.2865500000189
2011-09-22 16:00:00,229.2486929600127
2011-09-22 17:00:00,218.8282725806639
2011-09-22 18:00:00,208.51952244527638
2011-09-22 19:00:00,203.63577493809862
2011-09-22 20:00:00,194.40041387840756
2011-09-22 21:00:00,219.36296388861956
2011-09-22 22:00:00,188.74623474967666
2011-09-22 23:00:00,213.1537425100687
2011-09-23 00:00:00,27.52875294513069
2011-09-23 01:00:00,7.628034374618437
2011-09-23 02:00:00,19.25569456827361
2011-09-23 03:00:00,23.355223325110273
2011-09-23 04:00:00,26.032576832163613
2011-09-23 05:00:00,63.61935414079926
2011-09-23 06:00:00,74.71031979666441
2011-09-23 07:00:00,78.99775691726245
2011-09-23 08:00:00,86.86135139252292
2011-09-23 09:00:00,74.95366140201804
2011-09-23 10:00:00,81.74386680161115
2011-09-23 11:00:00,89.60746127687162
2011-09-23 12:00:00,117.24234021783923
2011-09-23 13:00:00,100.03229829008342
2011-09-23 14:00:00,107.89589276534389
2011-09-23 15:00:00,140.83312364362064
2011-09-23 16:00:00,144.9326524004573
2011-09-23 17:00:00,133.44554597869865
2011-09-23 18:00:00,146.49538142213714
2011-09-23 19:00:00,183.73337255671504
2011-09-23 20:00:00,178.22601262654644
2011-09-23 21:00:00,176.00061069452204
2011-09-23 22:00:00,199.86764742364176
2011-09-23 23:00:00,195.8451368645765
2011-09-24 00:00:00,18.02213184113498
2011-09-24 01:00:00,32.91013279280742
2011-09-24 02:00:00,40.77372726803878
2011-09-24 03:00:00,50.596191530901706
2011-09-24 04:00:00,57.45819432515418
2011-09-24 05:00:00,60.13554783220752
2011-09-24 06:00:00,67.99914230746799
2011-09-24 07:00:00,88.07338422734756
2011-09-24 08:00:00,96.09572574935737
2011-09-24 09:00:00,109.00239862964372
2011-09-24 10:00:00,116.86599310490419
2011-09-24 11:00:00,143.4386267286318
2011-09-24 12:00:00,151.30222120389226
2011-09-24 13:00:00,176.04092980598216
2011-09-24 14:00:00,200.22966934819124
2011-09-24 15:00:00,208.0932638234517
2011-09-24 16:00:00,197.67284344416112
2011-09-24 17:00:00,227.9333046664542
2011-09-24 18:00:00,219.1229679006792
2011-09-24 19:00:00,194.33791797186132
2011-09-24 20:00:00,216.16984679354937
2011-09-24 21:00:00,227.26081244941452
2011-09-24 22:00:00,212.7424604294356
2011-09-24 23:00:00,219.0927212832612
2011-09-25 00:00:00,35.22723101085285
2011-09-25 01:00:00,46.85489120456623
2011-09-25 02:00:00,25.996894527430413
2011-09-25 03:00:00,33.86048900269088
2011-09-25 04:00:00,46.56153827207163
2011-09-25 05:00:00,82.9588155359379
2011-09-25 06:00:00,86.17286358083948
2011-09-25 07:00:00,75.33856266606017
2011-09-25 08:00:00,102.87669161494705
2011-09-25 09:00:00,125.68148302679765
2011-09-25 10:00:00,133.54507750205812
2011-09-25 11:00:00,164.9551659199351
2011-09-25 12:00:00,167.9813056010753
2011-09-25 13:00:00,192.51883131737122
2011-09-25 14:00:00,183.70849455159623
2011-09-25 15:00:00,191.5720890268567
2011-09-25 16:00:00,234.17699214312597
2011-09-25 17:00:00,229.15945018659113
2011-09-25 18:00:00,237.0230446618516
2011-09-25 19:00:00,214.34112354170065
2011-09-25 20:00:00,220.59463440344553
2011-09-25 21:00:00,197.53854228561977
2011-09-25 22:00:00,221.38062641731813
2011-09-25 23:00:00,208.6161848057818
2011-09-26 00:00:00,24.97504328179639
2011-09-26 01:00:00,52.58119313194766
2011-09-26 02:00:00,60.44478760717902
2011-09-26 03:00:00,48.565826707548695
2011-09-26 04:00:00,59.65679236341384
2011-09-26 05:00:00,80.27150531453663
2011-09-26 06:00:00,75.38398131393478
2011-09-26 07:00:00,80.02020460859057
2011-09-26 08:00:00,87.88379908385104
2011-09-26 09:00:00,121.44426762984949
2011-09-26 10:00:00,129.30786210510996
2011-09-26 11:00:00,180.85276689796592
2011-09-26 12:00:00,181.3797402768978
2011-09-26 13:00:00,207.9523739006254
2011-09-26 14:00:00,225.3498461645504
2011-09-26 15:00:00,256.950812458148
2011-09-26 16:00:00,251.25257465225877
2011-09-26 17:00:00,247.8636385378486
2011-09-26 18:00:00,214.9232367274235
2011-09-26 19:00:00,224.2852445722965
2011-09-26 20:00:00,210.97966769774212
2011-09-26 21:00:00,218.84326217300259
2011-09-26 22:00:00,207.99781749976682
2011-09-26 23:00:00,215.8614119750273
2011-09-27 00:00:00,35.22329288322362
2011-09-27 01:00:00,44.163878410938196
2011-09-27 02:00:00,49.87709275801899
2011-09-27 03:00:00,48.79038054664852
2011-09-27 04:00:00,54.69510523430654
2011-09-27 05:00:00,62.55869970956701
2011-09-27 06:00:00,76.14522969088284
2011-09-27 07:00:00,84.00882416614331
2011-09-27 08:00:00,110.58145778987091
2011-09-27 09:00:00,116.48258050074219
2011-09-27 10:00:00,109.3044515538495
2011-09-27 11:00:00,138.91294601766276
2011-09-27 12:00:00,147.8499295686197
2011-09-27 13:00:00,210.3273078678758
2011-09-27 14:00:00,195.18110293836799
2011-09-27 15:00:00,194.36757124602445
2011-09-27 16:00:00,197.4581298516714
2011-09-27 17:00:00,189.31828207301442
2011-09-27 18:00:00,193.51816279871855
2011-09-27 19:00:00,198.15438609337434
2011-09-27 20:00:00,231.54793334615533
2011-09-27 21:00:00,220.70248867291957
2011-09-27 22:00:00,217.8500725797494
2011-09-27 23:00:00,225.71366705500986
2011-09-28 00:00:00,41.84817678260151
2011-09-28 01:00:00,49.71177125786198
2011-09-28 02:00:00,66.71358078348567
2011-09-28 03:00:00,43.70880595501512
2011-09-28 04:00:00,73.30255468361429
2011-09-28 05:00:00,56.20862372496049
2011-09-28 06:00:00,64.80042307858821
2011-09-28 07:00:00,72.66401755384868
2011-09-28 08:00:00,91.21149176856852
2011-09-28 09:00:00,99.07508624379989
2011-09-28 10:00:00,104.06009571251343
2011-09-28 11:00:00,155.14094211062184
2011-09-28 12:00:00,175.91440210846486
2011-09-28 13:00:00,216.811491750821
2011-09-28 14:00:00,253.8370859173301
2011-09-28 15:00:00,232.5855572655273
2011-09-28 16:00:00,242.59953186893836
2011-09-28 17:00:00,251.54011739662383
2011-09-28 18:00:00,210.3740118011774
2011-09-28 19:00:00,218.23760627643787
2011-09-28 20:00:00,213.44286674103932
2011-09-28 21:00:00,205.74939387699123
2011-09-28 22:00:00,218.07462641882012
2011-09-28 23:00:00,207.77702004188905
2011-09-29 00:00:00,29.289281078235945
2011-09-29 01:00:00,15.963192331430037
2011-09-29 02:00:00,23.826786806661403
2011-09-29 03:00:00,47.693823535810225
2011-09-29 04:00:00,75.32870247677783
2011-09-29 05:00:00,79.96852774822037
2011-09-29 06:00:00,87.2954276856326
2011-09-29 07:00:00,101.9553467426158
2011-09-29 08:00:00,118.92486817276222
2011-09-29 09:00:00,154.63571684688213
2011-09-29 10:00:00,191.5709913901228
2011-09-29 11:00:00,206.60215490494738
2011-09-29 12:00:00,219.10592769674258
2011-09-29 13:00:00,227.07004865747876
2011-09-29 14:00:00,264.78730791519047
2011-09-29 15:00:00,288.0889210156456
2011-09-29 16:00:00,303.01595606820774
2011-09-29 17:00:00,291.75286557123763
2011-09-29 18:00:00,308.16717023492674
2011-09-29 19:00:00,291.9044761589612
2011-09-29 20:00:00,292.6898843217059
2011-09-29 21:00:00,271.35880504982197
2011-09-29 22:00:00,250.03544723641244
2011-09-29 23:00:00,233.84077406168217
2011-09-30 00:00:00,40.992007525259396
2011-09-30 01:00:00,60.52955490726163
2011-09-30 02:00:00,56.71919647575123
2011-09-30 03:00:00,64.5827909510117
2011-09-30 04:00:00,75.67015463009011
2011-09-30 05:00:00,83.53374910535058
2011-09-30 06:00:00,92.47433463306515
2011-09-30 07:00:00,100.33792910832562
2011-09-30 08:00:00,121.95045724706142
2011-09-30 09:00:00,144.84556828220957
2011-09-30 10:00:00,184.89709303400014
2011-09-30 11:00:00,215.94738143411814
2011-09-30 12:00:00,222.38519868283765
2011-09-30 13:00:00,256.41379159354256
2011-09-30 14:00:00,262.22753242615727
2011-09-30 15:00:00,268.63534960945253
2011-09-30 16:00:00,267.2703776441049
2011-09-30 17:00:00,274.05698106688214
2011-09-30 18:00:00,275.1406115840073
2011-09-30 19:00:00,264.7054454695026
2011-09-30 20:00:00,272.56903994476306
2011-09-30 21:00:00,266.33428211766295
2011-09-30 22:00:00,279.03893336380133
2011-09-30 23:00:00,286.9025278390618
2011-10-20 00:00:00,43.058108911063755
2011-10-20 01:00:00,65.28273095906479
2011-10-20 02:00:00,76.37369661492994
2011-10-20 03:00:00,82.71261347169639
2011-10-20 04:00:00,90.57620794695686
2011-10-20 05:00:00,89.93503190172487
2011-10-20 06:00:00,90.44264430363546
2011-10-20 07:00:00,104.79311196907656
2011-10-20 08:00:00,140.4605175841134
2011-10-20 09:00:00,150.47449218752445
2011-10-20 10:00:00,174.5221999301575
2011-10-20 11:00:00,197.97895810063346
2011-10-20 12:00:00,220.0883079278865
2011-10-20 13:00:00,240.94831105563208
2011-10-20 14:00:00,231.70264498589677
2011-10-20 15:00:00,229.70045199719607
2011-10-20 16:00:00,237.56404647245654
2011-10-20 17:00:00,249.38258454186143
2011-10-20 18:00:00,243.14782671479043
2011-10-20 19:00:00,258.3480422863795
2011-10-20 20:00:00,259.95200671770726
2011-10-20 21:00:00,267.1841463067103
2011-10-20 22:00:00,276.1247318343958
2011-10-20 23:00:00,262.28623691541725
2011-10-21 00:00:00,68.76698139181826
2011-10-21 01:00:00,75.55718679138226
2011-10-21 02:00:00,68.36431210930459
2011-10-21 03:00:00,52.67403417179594
2011-10-21 04:00:00,61.61461969951051
2011-10-21 05:00:00,55.61040631379001
2011-10-21 06:00:00,77.34180865000235
2011-10-21 07:00:00,85.20540312526282
2011-10-21 08:00:00,129.52535706572235
2011-10-21 09:00:00,142.93346687642043
2011-10-21 10:00:00,180.81241092586424
2011-10-21 11:00:00,212.54339517536573
2011-10-21 12:00:00,223.0940643165959
2011-10-21 13:00:00,221.18862131994683
2011-10-21 14:00:00,249.69223438887275
2011-10-21 15:00:00,246.14815320452908
2011-10-21 16:00:00,252.93475662733545
2011-10-21 17:00:00,233.89510048829834
2011-10-21 18:00:00,230.91266643922427
2011-10-21 19:00:00,243.61731768536265
2011-10-21 20:00:00,245.56646631401964
2011-10-21 21:00:00,243.55983260012
2011-10-21 22:00:00,259.5638587051362
2011-10-21 23:00:00,248.5562652470253
2011-10-22 00:00:00,66.08011181646725
2011-10-22 01:00:00,73.94370629172772
2011-10-22 02:00:00,83.95768089513876
2011-10-22 03:00:00,87.52051511409809
2011-10-22 04:00:00,80.86793694662629
2011-10-22 05:00:00,85.50416024128208
2011-10-22 06:00:00,78.45151037731557
2011-10-22 07:00:00,76.11083622457227
2011-10-22 08:00:00,103.68506152933696
2011-10-22 09:00:00,127.65716361696832
2011-10-22 10:00:00,145.81240859851823
2011-10-22 11:00:00,153.6760030737787
2011-10-22 12:00:00,185.17560413343017
2011-10-22 13:00:00,219.66926870393218
2011-10-22 14:00:00,219.56541966137593
2011-10-22 15:00:00,226.50993138254853
2011-10-22 16:00:00,250.24788705198443
2011-10-22 17:00:00,226.10366012327722
2011-10-22 18:00:00,229.6515740903851
2011-10-22 19:00:00,207.83139458840014
2011-10-22 20:00:00,210.9293316641706
2011-10-22 21:00:00,195.73625017047743
2011-10-22 22:00:00,203.5998446457379
2011-10-22 23:00:00,194.48713427694747
2011-10-23 00:00:00,0.0
2011-10-23 01:00:00,6.796365321148187
2011-10-23 02:00:00,9.353831365704536
2011-10-23 03:00:00,17.75789687220822
2011-10-23 04:00:00,25.62149134746869
2011-10-23 05:00:00,28.744381020689616
2011-10-23 06:00:00,36.57924640510464
2011-10-23 07:00:00,48.67180374197778
2011-10-23 08:00:00,59.11834442097461
2011-10-23 09:00:00,101.59767030648072
2011-10-23 10:00:00,127.60488030154374
2011-10-23 11:00:00,145.6268037368427
2011-10-23 12:00:00,192.67693241406232
2011-10-23 13:00:00,211.2962357903889
2011-10-23 14:00:00,220.23682131810347
2011-10-23 15:00:00,232.05535938750836
2011-10-23 16:00:00,234.8870192161703
2011-10-23 17:00:00,219.55371290433686
2011-10-23 18:00:00,226.34391830390086
2011-10-23 19:00:00,192.44557415513555
2011-10-23 20:00:00,208.97137454611948
2011-10-23 21:00:00,216.83496902137995
2011-10-23 22:00:00,210.2940610978403
2011-10-23 23:00:00,220.30803570125136
2011-10-24 00:00:00,34.516514049173566
2011-10-24 01:00:00,32.30131897935644
2011-10-24 02:00:00,28.915984841733007
2011-10-24 03:00:00,46.418424316332676
2011-10-24 04:00:00,51.05464761098847
2011-10-24 05:00:00,43.9770451496006
2011-10-24 06:00:00,60.37036274274578
2011-10-24 07:00:00,44.036303498316556
2011-10-24 08:00:00,75.76728774781805
2011-10-24 09:00:00,100.60718706715852
2011-10-24 10:00:00,116.43525554827647
2011-10-24 11:00:00,150.93252209553611
2011-10-24 12:00:00,169.55182547183358
2011-10-24 13:00:00,194.62226923258277
2011-10-24 14:00:00,201.40887265538913
2011-10-24 15:00:00,226.26645545492647
2011-10-24 16:00:00,222.3223025740881
2011-10-24 17:00:00,215.12942789201043
2011-10-24 18:00:00,242.42945941269863
2011-10-24 19:00:00,177.64880720642395
2011-10-24 20:00:00,199.6489493364934
2011-10-24 21:00:00,192.57134687513462
2011-10-24 22:00:00,231.77227376721567
2011-10-24 23:00:00,228.1129203621531
2011-10-25 00:00:00,44.344180081854574
2011-10-25 01:00:00,52.207774557115044
2011-10-25 02:00:00,45.130172095727175
2011-10-25 03:00:00,33.240067437669495
2011-10-25 04:00:00,41.175459307589335
2011-10-25 05:00:00,49.0390537828207
2011-10-25 06:00:00,66.00479871957214
2011-10-25 07:00:00,94.06846724273055
2011-10-25 08:00:00,112.59102062694728
2011-10-25 09:00:00,172.62263770482969
2011-10-25 10:00:00,194.44075768755283
2011-10-25 11:00:00,214.2523243370233
2011-10-25 12:00:00,247.8846220446285
2011-10-25 13:00:00,265.63612818924594
2011-10-25 14:00:00,262.5533421713044
2011-10-25 15:00:00,271.14811103689135
2011-10-25 16:00:00,282.23547471599886
2011-10-25 17:00:00,286.8752999874123
2011-10-25 18:00:00,275.056992724014
2011-10-25 19:00:00,225.76029651574208
2011-10-25 20:00:00,225.6344643876655
2011-10-25 21:00:00,219.65520359942457
2011-10-25 22:00:00,244.58542254203348
2011-10-25 23:00:00,235.3823925499455
2011-10-26 00:00:00,56.8946535862342
2011-10-26 01:00:00,77.08416772683267
2011-10-26 02:00:00,81.7239929982461
2011-10-26 03:00:00,91.73796760165715
2011-10-26 04:00:00,87.76886212339741
2011-10-26 05:00:00,94.55906752293231
2011-10-26 06:00:00,102.42266199819278
2011-10-26 07:00:00,108.13587634533178
2011-10-26 08:00:00,124.79270795726916
2011-10-26 09:00:00,151.38008731621085
2011-10-26 10:00:00,171.8585409760999
2011-10-26 11:00:00,193.70437678461894
2011-10-26 12:00:00,213.9140906505636
2011-10-26 13:00:00,198.46551211804035
2011-10-26 14:00:00,163.64808521515806
2011-10-26 15:00:00,171.51167969041853
2011-10-26 16:00:00,182.60264534628368
2011-10-26 17:00:00,191.00293435939238
2011-10-26 18:00:00,206.20314993098145
2011-10-26 19:00:00,193.2111016230192
2011-10-26 20:00:00,188.86404865363147
2011-10-26 21:00:00,218.69324654195225
2011-10-26 22:00:00,197.89166301453952
2011-10-26 23:00:00,205.7552574898
2011-10-27 00:00:00,10.099703341518762
2011-10-27 01:00:00,17.96329781677923
2011-10-27 02:00:00,15.454410355654545
2011-10-27 03:00:00,23.318004830915015
2011-10-27 04:00:00,48.157904150226386
2011-10-27 05:00:00,59.24886980606243
2011-10-27 06:00:00,80.83644534737687
2011-10-27 07:00:00,63.185994880710496
2011-10-27 08:00:00,86.60011697351001
2011-10-27 09:00:00,115.52791558793979
2011-10-27 10:00:00,107.0680107260705
2011-10-27 11:00:00,112.7812250731804
2011-10-27 12:00:00,120.64481954841176
2011-10-27 13:00:00,134.77164604433347
2011-10-27 14:00:00,151.6619916096388
2011-10-27 15:00:00,163.28965180335217
2011-10-27 16:00:00,203.16106768258032
2011-10-27 17:00:00,209.53965110506397
2011-10-27 18:00:00,222.83808031547233
2011-10-27 19:00:00,221.19531258923234
2011-10-27 20:00:00,230.5528797088773
2011-10-27 21:00:00,244.92829997173976
2011-10-27 22:00:00,218.94683552111383
2011-10-27 23:00:00,229.53323746810202
2011-10-28 00:00:00,36.59792780177668
2011-10-28 01:00:00,39.69586487757624
2011-10-28 02:00:00,48.636450405290816
2011-10-28 03:00:00,43.61890844878508
2011-10-28 04:00:00,61.65804246123298
2011-10-28 05:00:00,71.39883654552978
2011-10-28 06:00:00,71.5425829598098
2011-10-28 07:00:00,79.40617743507028
2011-10-28 08:00:00,101.25285199197242
2011-10-28 09:00:00,119.84720277087763
2011-10-28 10:00:00,132.4764546455699
2011-10-28 11:00:00,163.11930408418993
2011-10-28 12:00:00,196.29869836056605
2011-10-28 13:00:00,202.24245714911376
2011-10-28 14:00:00,188.58728711903677
2011-10-28 15:00:00,200.91379063547356
2011-10-28 16:00:00,203.24108699386124
2011-10-28 17:00:00,201.88725878694095
2011-10-28 18:00:00,204.72252059233142
2011-10-28 19:00:00,217.6144477374619
2011-10-28 20:00:00,192.59948583200458
2011-10-28 21:00:00,179.02386642200872
2011-10-28 22:00:00,172.4791820050741
2011-10-28 23:00:00,165.95301981674857
2011-10-29 00:00:00,0.0
2011-10-29 01:00:00,0.0
2011-10-29 02:00:00,0.0
2011-10-29 03:00:00,11.368410068273079
2011-10-29 04:00:00,19.23200454353355
2011-10-29 05:00:00,0.0
2011-10-29 06:00:00,7.323961507936474
2011-10-29 07:00:00,15.187555983196944
2011-10-29 08:00:00,31.58465006973711
2011-10-29 09:00:00,39.44824454499758
2011-10-29 10:00:00,25.494302888662787
2011-10-29 11:00:00,35.50827749207383
2011-10-29 12:00:00,50.80948354228167
2011-10-29 13:00:00,59.75006906999624
2011-10-29 14:00:00,64.92658887928701
2011-10-29 15:00:00,56.383078632556135
2011-10-29 16:00:00,63.169507538725156
2011-10-29 17:00:00,71.03310201398563
2011-10-29 18:00:00,78.8966964892461
2011-10-29 19:00:00,115.15751422321773
2011-10-29 20:00:00,123.0211086984491
2011-10-29 21:00:00,130.88470317370957
2011-10-29 22:00:00,132.9379802646581
2011-10-29 23:00:00,143.51737849673373
2011-10-30 00:00:00,0.0
2011-10-30 01:00:00,0.0
2011-10-30 02:00:00,0.0
2011-10-30 03:00:00,13.985851347417338
2011-10-30 04:00:00,5.8598124077834655
2011-10-30 05:00:00,27.5626601697586
2011-10-30 06:00:00,37.605363863985986
2011-10-30 07:00:00,51.452017331059324
2011-10-30 08:00:00,70.96820288730669
2011-10-30 09:00:00,99.5870881769224
2011-10-30 10:00:00,121.98161223524949
2011-10-30 11:00:00,156.70204475376522
2011-10-30 12:00:00,181.89531372199417
2011-10-30 13:00:00,209.84731200122042
2011-10-30 14:00:00,231.55015976322466
2011-10-30 15:00:00,244.44568888511276
2011-10-30 16:00:00,257.3376160302141
2011-10-30 17:00:00,253.28179290544358
2011-10-30 18:00:00,234.9762376966246
2011-10-30 19:00:00,285.53075488010654
2011-10-30 20:00:00,214.06411704822676
2011-10-30 21:00:00,198.8710355545336
2011-10-30 22:00:00,183.65300146341906
2011-10-30 23:00:00,157.58893884796998
2011-10-31 00:00:00,0.0
2011-10-31 01:00:00,0.0
2011-10-31 02:00:00,0.0
2011-10-31 03:00:00,0.0
2011-10-31 04:00:00,4.4255361414689105
2011-10-31 05:00:00,0.0
2011-10-31 06:00:00,20.152725091960747
2011-10-31 07:00:00,15.805672122631222
2011-10-31 08:00:00,40.20003527577501
2011-10-31 09:00:00,78.3099877597997
2011-10-31 10:00:00,134.34699467782048
2011-10-31 11:00:00,177.63259364347323
2011-10-31 12:00:00,205.6749115459388
2011-10-31 13:00:00,213.11792245245306
2011-10-31 14:00:00,214.87619320541853
2011-10-31 15:00:00,225.77564852073556
2011-10-31 16:00:00,214.62783024448436
2011-10-31 17:00:00,221.41443366729072
2011-10-31 18:00:00,198.50594483775785
2011-10-31 19:00:00,206.36953931301832
2011-10-31 20:00:00,214.2331337882497
2011-10-31 21:00:00,183.25287274003495
2011-10-31 22:00:00,191.11646721529542
2011-10-31 23:00:00,198.98006169055589
2011-11-20 00:00:00,61.855155668105
2011-11-20 01:00:00,85.84860837640008
2011-11-20 02:00:00,94.78919390411465
2011-11-20 03:00:00,89.32611578144133
2011-11-20 04:00:00,87.01417071951437
2011-11-20 05:00:00,107.75890162654105
2011-11-20 06:00:00,114.54550504934741
2011-11-20 07:00:00,126.52195141711854
2011-11-20 08:00:00,123.20925342256669
2011-11-20 09:00:00,134.68887810176238
2011-11-20 10:00:00,135.21585148066515
2011-11-20 11:00:00,175.6424841263797
2011-11-20 12:00:00,184.57946767730755
2011-11-20 13:00:00,210.2300808019354
2011-11-20 14:00:00,214.55931525176857
2011-11-20 15:00:00,204.9107490934839
2011-11-20 16:00:00,220.79950297778123
2011-11-20 17:00:00,230.81347758119227
2011-11-20 18:00:00,241.40762154848198
2011-11-20 19:00:00,220.23526876152027
2011-11-20 20:00:00,241.0049522659683
2011-11-20 21:00:00,220.509518834966
2011-11-20 22:00:00,196.035027960781
2011-11-20 23:00:00,203.89862243601237
2011-11-21 00:00:00,13.769768973463215
2011-11-21 01:00:00,23.434957402816508
2011-11-21 02:00:00,14.347199631418334
2011-11-21 03:00:00,20.060413978557335
2011-11-21 04:00:00,27.924008453817805
2011-11-21 05:00:00,36.136389103136025
2011-11-21 06:00:00,39.23432617893559
2011-11-21 07:00:00,74.72937614688999
2011-11-21 08:00:00,76.67852477551787
2011-11-21 09:00:00,93.07184236869216
2011-11-21 10:00:00,129.0639203087776
2011-11-21 11:00:00,140.69158050249098
2011-11-21 12:00:00,157.0735540986061
2011-11-21 13:00:00,164.93714857386658
2011-11-21 14:00:00,160.03487883805064
2011-11-21 15:00:00,129.86156630681944
2011-11-21 16:00:00,137.7251607820799
2011-11-21 17:00:00,143.51017252387828
2011-11-21 18:00:00,159.82034872530494
2011-11-21 19:00:00,150.73259095393587
2011-11-21 20:00:00,173.9189318336721
2011-11-21 21:00:00,179.6321461808111
2011-11-21 22:00:00,186.41874960361747
2011-11-21 23:00:00,195.35933513130294
2011-11-22 00:00:00,0.0
2011-11-22 01:00:00,7.262064110254869
2011-11-22 02:00:00,0.0
2011-11-22 03:00:00,4.939559140999336
2011-11-22 04:00:00,27.164181189029478
2011-11-22 05:00:00,35.02777566428995
2011-11-22 06:00:00,45.927230979606975
2011-11-22 07:00:00,52.90534474296146
2011-11-22 08:00:00,60.76893921819283
2011-11-22 09:00:00,65.33336511818925
2011-11-22 10:00:00,73.19695959344972
2011-11-22 11:00:00,85.89800886283047
2011-11-22 12:00:00,79.94087227992713
2011-11-22 13:00:00,92.54517155722715
2011-11-22 14:00:00,100.40876603248762
2011-11-22 15:00:00,122.02129417119431
2011-11-22 16:00:00,129.88488864645478
2011-11-22 17:00:00,128.76520685770083
2011-11-22 18:00:00,133.40143015235662
2011-11-22 19:00:00,161.98044259269955
2011-11-22 20:00:00,167.1203908478492
2011-11-22 21:00:00,176.05737439877703
2011-11-22 22:00:00,203.48759839200648
2011-11-22 23:00:00,208.76086819334887
2011-11-23 00:00:00,28.122749101516092
2011-11-23 01:00:00,37.6000291670789
2011-11-23 02:00:00,47.16846760432236
2011-11-23 03:00:00,55.03206207958283
2011-11-23 04:00:00,79.8719613988942
2011-11-23 05:00:00,60.52468395020696
2011-11-23 06:00:00,44.449091256567044
2011-11-23 07:00:00,60.28076171444263
2011-11-23 08:00:00,85.65735557160224
2011-11-23 09:00:00,106.2510814521811
2011-11-23 10:00:00,114.11467592744157
2011-11-23 11:00:00,170.04981294155004
2011-11-23 12:00:00,212.95577800937463
2011-11-23 13:00:00,210.848951888358
2011-11-23 14:00:00,218.0597408566682
2011-11-23 15:00:00,220.20039982587332
2011-11-23 16:00:00,207.57912077746005
2011-11-23 17:00:00,184.48777105216868
2011-11-23 18:00:00,233.59712148585822
2011-11-23 19:00:00,237.04384473574464
2011-11-23 20:00:00,220.6728709488525
2011-11-23 21:00:00,237.63123741542222
2011-11-23 22:00:00,232.0520483236469
2011-11-23 23:00:00,236.68827161827357
2011-11-24 00:00:00,49.1624043615011
2011-11-24 01:00:00,60.24599154718453
2011-11-24 02:00:00,54.158837008377304
2011-11-24 03:00:00,47.53138595499331
2011-11-24 04:00:00,70.45882805774454
2011-11-24 05:00:00,78.85911707085324
2011-11-24 06:00:00,86.18601700826548
2011-11-24 07:00:00,52.795638306532055
2011-11-24 08:00:00,93.77277432903065
2011-11-24 09:00:00,116.05579145491356
2011-11-24 10:00:00,140.5933171712095
2011-11-24 11:00:00,206.01760580966948
2011-11-24 12:00:00,230.87602735761902
2011-11-24 13:00:00,249.6106029546354
2011-11-24 14:00:00,268.97219271279755
2011-11-24 15:00:00,275.2221015977266
2011-11-24 16:00:00,278.05736340311705
2011-11-24 17:00:00,276.76422059937613
2011-11-24 18:00:00,235.22226650943048
2011-11-24 19:00:00,230.74141909077298
2011-11-24 20:00:00,178.91602050798247
2011-11-24 21:00:00,196.95515452043037
2011-11-24 22:00:00,204.81874899569084
2011-11-24 23:00:00,199.38356121542165
2011-11-25 00:00:00,26.32088985288283
2011-11-25 01:00:00,35.83067550268606
2011-11-25 02:00:00,15.475092134583974
2011-11-25 03:00:00,35.54933405443444
2011-11-25 04:00:00,51.94642814100371
2011-11-25 05:00:00,55.07309430764872
2011-11-25 06:00:00,42.16381263616495
2011-11-25 07:00:00,53.82397841408965
2011-11-25 08:00:00,58.96439066232415
2011-11-25 09:00:00,93.99872650270117
2011-11-25 10:00:00,119.89803154210676
2011-11-25 11:00:00,152.8537846489926
2011-11-25 12:00:00,205.49106473929714
2011-11-25 13:00:00,239.3724291169492
2011-11-25 14:00:00,264.2123284362897
2011-11-25 15:00:00,277.10425558136194
2011-11-25 16:00:00,273.02347985917004
2011-11-25 17:00:00,288.91223374346737
2011-11-25 18:00:00,266.3816924050334
2011-11-25 19:00:00,214.7040716272022
2011-11-25 20:00:00,239.3703036479419
2011-11-25 21:00:00,208.0437619444565
2011-11-25 22:00:00,210.60122798901284
2011-11-25 23:00:00,208.825977464905
2011-11-26 00:00:00,27.42681508680107
2011-11-26 01:00:00,29.9880576247524
2011-11-26 02:00:00,23.472102298634127
2011-11-26 03:00:00,31.33947326731868
2011-11-26 04:00:00,39.20306774257915
2011-11-26 05:00:00,59.273533169034636
2011-11-26 06:00:00,61.414192138268845
2011-11-26 07:00:00,37.28027021957678
2011-11-26 08:00:00,85.03321895154659
2011-11-26 09:00:00,97.66247082626796
2011-11-26 10:00:00,100.65665419504512
2011-11-26 11:00:00,160.4577268315188
2011-11-26 12:00:00,196.44980477160425
2011-11-26 13:00:00,228.06551680041593
2011-11-26 14:00:00,227.4398934718629
2011-11-26 15:00:00,251.18145111802733
2011-11-26 16:00:00,240.43653293032548
2011-11-26 17:00:00,248.30012740558595
2011-11-26 18:00:00,217.20773212026688
2011-11-26 19:00:00,199.327575960604
2011-11-26 20:00:00,235.1609068539692
2011-11-26 21:00:00,184.67554934928194
2011-11-26 22:00:00,204.7497912691615
2011-11-26 23:00:00,202.88338237337302
2011-11-27 00:00:00,22.24526328156935
2011-11-27 01:00:00,30.10885775682982
2011-11-27 02:00:00,33.206794832629384
2011-11-27 03:00:00,28.859741863270756
2011-11-27 04:00:00,36.719559845136246
2011-11-27 05:00:00,48.779786114406306
2011-11-27 06:00:00,78.04687287431443
2011-11-27 07:00:00,77.88530794053804
2011-11-27 08:00:00,103.37717401838745
2011-11-27 09:00:00,145.30222003368544
2011-11-27 10:00:00,153.1658145089459
2011-11-27 11:00:00,191.53881701859063
2011-11-27 12:00:00,220.49240697882487
2011-11-27 13:00:00,216.988198643754
2011-11-27 14:00:00,299.46834274637513
2011-11-27 15:00:00,300.8807968371839
2011-11-27 16:00:00,263.75093025914975
2011-11-27 17:00:00,256.58300817452255
2011-11-27 18:00:00,239.59614342311397
2011-11-27 19:00:00,236.7289815947588
2011-11-27 20:00:00,258.54710157745285
2011-11-27 21:00:00,254.60655067340122
2011-11-27 22:00:00,251.21761455904925
2011-11-27 23:00:00,259.0812090342806
2011-11-28 00:00:00,65.33992734455387
2011-11-28 01:00:00,73.74021635766258
2011-11-28 03:00:00,59.653438858367736
2011-11-28 04:00:00,74.89022598412703
2011-11-28 05:00:00,59.84454754012404
2011-11-28 06:00:00,85.85175753518706
2011-11-28 07:00:00,78.27733338522376
2011-11-28 08:00:00,68.744039447658
2011-11-28 09:00:00,101.64876474172343
2011-11-28 10:00:00,138.1775372196571
2011-11-28 11:00:00,172.79007598763565
2011-11-28 12:00:00,211.62713689205702
2011-11-28 13:00:00,223.44651370987413
2011-11-28 14:00:00,256.35832799758646
2011-11-28 15:00:00,242.1339578454208
2011-11-28 16:00:00,246.30528399691684
2011-11-28 17:00:00,267.0749675013649
2011-11-28 18:00:00,254.96903237013612
2011-11-28 19:00:00,239.77595087644295
2011-11-28 20:00:00,243.52669345919276
2011-11-28 21:00:00,242.1764672290301
2011-11-28 22:00:00,228.76299660393852
2011-11-28 23:00:00,237.69998015486635
2011-11-29 00:00:00,57.41064723712043
2011-11-29 01:00:00,68.50161289298558
2011-11-29 02:00:00,53.010398282815004
2011-11-29 03:00:00,60.873992758075474
2011-11-29 04:00:00,95.50767586313304
2011-11-29 05:00:00,92.00262877964997
2011-11-29 06:00:00,114.80742019155878
2011-11-29 07:00:00,132.73128198328777
2011-11-29 08:00:00,147.5109139861015
2011-11-29 09:00:00,162.7206177508633
2011-11-29 10:00:00,170.58421222612378
2011-11-29 11:00:00,129.34840823264676
2011-11-29 12:00:00,134.71068600582657
2011-11-29 13:00:00,147.9123652241251
2011-11-29 14:00:00,113.21104929037392
2011-11-29 15:00:00,140.16145588853396
2011-11-29 16:00:00,144.26098464534152
2011-11-29 17:00:00,159.99789475480793
2011-11-29 18:00:00,178.03702876722673
2011-11-29 19:00:00,186.9776142949413
2011-11-29 20:00:00,177.2093351908261
2011-11-29 21:00:00,185.07292966608657
2011-11-29 22:00:00,209.91199023701483
2011-11-29 23:00:00,217.11946670504403
2011-11-30 00:00:00,66.04624739298015
2011-11-30 01:00:00,54.01214142338722
2011-11-30 02:00:00,50.64079064139514
2011-11-30 03:00:00,58.50438511665561
2011-11-30 04:00:00,49.80932057159953
2011-11-30 05:00:00,39.61961915032589
2011-11-30 06:00:00,31.07593438695767
2011-11-30 07:00:00,51.15017630683724
2011-11-30 08:00:00,63.210402576078195
2011-11-30 09:00:00,91.27767307599424
2011-11-30 10:00:00,124.81322079151869
2011-11-30 11:00:00,180.62002625645255
2011-11-30 12:00:00,168.70165650069248
2011-11-30 13:00:00,215.69754134869436
2011-11-30 14:00:00,223.56113582395483
2011-11-30 15:00:00,213.33812183697592
2011-11-30 16:00:00,219.58803072193405
2011-11-30 17:00:00,209.24024648568593
2011-11-30 18:00:00,222.29008192915353
2011-11-30 19:00:00,206.10002399625955
2011-11-30 20:00:00,213.96361847152002
2011-11-30 21:00:00,235.1501090513193
2011-11-30 22:00:00,228.9153512242192
2011-11-30 23:00:00,239.64197798931855
2011-12-20 00:00:00,80.45192001661053
2011-12-20 01:00:00,96.48467521244311
2011-12-20 02:00:00,78.11550806055311
2011-12-20 03:00:00,85.97910253578448
2011-12-20 04:00:00,114.86048857914284
2011-12-20 05:00:00,114.61238051549299
2011-12-20 06:00:00,122.47597499075346
2011-12-20 07:00:00,120.1640299288556
2011-12-20 08:00:00,161.78292584771407
2011-12-20 09:00:00,127.75078724962077
2011-12-20 10:00:00,173.1301469101454
2011-12-20 11:00:00,167.0392158779432
2011-12-20 12:00:00,199.61304476170335
2011-12-20 13:00:00,207.47663923696382
2011-12-20 14:00:00,206.12641300680116
2011-12-20 15:00:00,218.36637339336448
2011-12-20 16:00:00,231.41620883683208
2011-12-20 17:00:00,219.40702369768405
2011-12-20 18:00:00,215.43791821942432
2011-12-20 19:00:00,216.31367777241394
2011-12-20 20:00:00,219.43656744563486
2011-12-20 21:00:00,226.73473829223076
2011-12-20 22:00:00,229.97751542794867
2011-12-20 23:00:00,250.72224633497535
2011-12-21 00:00:00,64.18133660883177
2011-12-21 01:00:00,89.680581156892
2011-12-21 02:00:00,87.39736518581049
2011-12-21 03:00:00,95.26095966104185
2011-12-21 04:00:00,103.12455413630232
2011-12-21 05:00:00,97.10673215024872
2011-12-21 06:00:00,86.2900165678584
2011-12-21 07:00:00,94.12488195227343
2011-12-21 08:00:00,84.62031710555311
2011-12-21 09:00:00,127.45198816983611
2011-12-21 10:00:00,171.49168150752666
2011-12-21 11:00:00,179.35527598275803
2011-12-21 12:00:00,163.982935570064
2011-12-21 13:00:00,151.66780661809025
2011-12-21 14:00:00,188.58503183579887
2011-12-21 15:00:00,197.52561736348434
2011-12-21 16:00:00,164.12493365170667
2011-12-21 17:00:00,171.98852812696714
2011-12-21 18:00:00,183.96137251795153
2011-12-21 19:00:00,219.3596724937961
2011-12-21 20:00:00,228.29665604472393
2011-12-21 21:00:00,250.87006426681182
2011-12-21 22:00:00,257.6566676896182
2011-12-21 23:00:00,263.3698820367572
2011-12-22 00:00:00,86.53240021751844
2011-12-22 01:00:00,60.37717923038872
2011-12-22 02:00:00,102.70512533420697
2011-12-22 03:00:00,133.73935634762165
2011-12-22 04:00:00,95.72732155796257
2011-12-22 05:00:00,98.75346123910276
2011-12-22 06:00:00,91.70081137513625
2011-12-22 07:00:00,82.58810100634582
2011-12-22 08:00:00,102.24175935747917
2011-12-22 09:00:00,118.07342981535476
2011-12-22 10:00:00,140.87822122726357
2011-12-22 11:00:00,165.19634626054903
2011-12-22 12:00:00,227.33867690089392
2011-12-22 13:00:00,214.15575071721105
2011-12-22 14:00:00,222.01934519247152
2011-12-22 15:00:00,242.78902869691956
2011-12-22 16:00:00,237.74653414299246
2011-12-22 17:00:00,238.6434380330611
2011-12-22 18:00:00,253.9954973794811
2011-12-22 19:00:00,258.6317206741369
2011-12-22 20:00:00,238.22744561481522
2011-12-22 21:00:00,246.0910400900757
2011-12-22 22:00:00,194.90646450742497
2011-12-22 23:00:00,224.51579771962133
2011-12-23 00:00:00,50.865513550059404
2011-12-23 01:00:00,58.729108025319874
2011-12-23 02:00:00,45.4309096209181
2011-12-23 03:00:00,53.29450409614947
2011-12-23 04:00:00,66.53584988013608
2011-12-23 05:00:00,71.27832119551022
2011-12-23 06:00:00,115.97982460382627
2011-12-23 07:00:00,122.77003000341938
2011-12-23 08:00:00,148.68331839842722
2011-12-23 09:00:00,178.5116775383358
2011-12-23 10:00:00,196.6660837714735
2011-12-23 11:00:00,215.8974810570653
2011-12-23 12:00:00,234.58858182805125
2011-12-23 13:00:00,248.4422278048878
2011-12-23 14:00:00,246.55170506011928
2011-12-23 15:00:00,247.49926200776827
2011-12-23 16:00:00,261.35290798463393
2011-12-23 17:00:00,248.122762248473
2011-12-23 18:00:00,259.3722747124266
2011-12-23 19:00:00,258.00730274704983
2011-12-23 20:00:00,245.8975911224261
2011-12-23 21:00:00,249.99711987923365
2011-12-23 22:00:00,250.40097857415094
2011-12-23 23:00:00,259.88203513310873
2011-12-24 00:00:00,62.46534899767721
2011-12-24 01:00:00,80.11556627720711
2011-12-24 02:00:00,87.413737123803
2011-12-24 03:00:00,87.1368999692786
2011-12-24 04:00:00,102.06015852841665
2011-12-24 05:00:00,109.92375300367712
2011-12-24 06:00:00,94.70571891256259
2011-12-24 07:00:00,117.35829179437133
2011-12-24 08:00:00,118.33457783286576
2011-12-24 09:00:00,186.1135585589218
2011-12-24 10:00:00,199.00170921062818
2011-12-24 11:00:00,216.66667222534306
2011-12-24 12:00:00,230.37669164591352
2011-12-24 13:00:00,234.98418584975298
2011-12-24 14:00:00,242.84778032501345
2011-12-24 15:00:00,247.05143754408346
2011-12-24 16:00:00,251.52551205386408
2011-12-24 17:00:00,241.62704047717853
2011-12-24 18:00:00,262.5193746724981
2011-12-24 19:00:00,250.0318900733837
2011-12-24 20:00:00,238.0659795216925
2011-12-24 21:00:00,243.23872283755918
2011-12-24 22:00:00,259.9160775268974
2011-12-24 23:00:00,252.0786033513141
2011-12-25 00:00:00,62.727250530937454
2011-12-25 01:00:00,49.1516311209416
2011-12-25 02:00:00,50.755131559155416
2011-12-25 03:00:00,65.2645207879541
2011-12-25 05:00:00,66.34910991144716
2011-12-25 06:00:00,74.21270438670763
2011-12-25 07:00:00,76.64146412682021
2011-12-25 08:00:00,78.12193911892246
2011-12-25 09:00:00,81.24614044363261
2011-12-25 10:00:00,105.51701415752177
2011-12-25 11:00:00,149.61002563333022
2011-12-25 12:00:00,144.5748983444064
2011-12-25 13:00:00,169.53384637786075
2011-12-25 14:00:00,200.47906941949623
2011-12-25 15:00:00,209.96012597845402
2011-12-25 16:00:00,231.273882490932
2011-12-25 17:00:00,223.53693480082438
2011-12-25 18:00:00,210.49423343525268
2011-12-25 19:00:00,246.43169279088033
2011-12-25 20:00:00,268.96606691207853
2011-12-25 21:00:00,255.66049003752414
2011-12-25 22:00:00,245.8920364167716
2011-12-25 23:00:00,243.56534561965964
2011-12-26 00:00:00,21.92211496847449
2011-12-26 01:00:00,83.77321576423128
2011-12-26 02:00:00,127.33689996722387
2011-12-26 04:00:00,141.95836877444526
2011-12-26 05:00:00,161.18976606003707
2011-12-26 06:00:00,158.21110850435798
2011-12-26 07:00:00,166.64012660831213
2011-12-26 08:00:00,176.12118316726992
2011-12-26 09:00:00,181.2763411507476
2011-12-26 10:00:00,201.5773510186409
2011-12-26 11:00:00,203.45089399226708
2011-12-26 12:00:00,221.6525515448593
2011-12-26 13:00:00,249.56900274008512
2011-12-26 14:00:00,258.5095882677997
2011-12-26 15:00:00,263.6825061003037
2011-12-26 16:00:00,250.42363127329736
2011-12-26 17:00:00,245.29081709607271
2011-12-26 18:00:00,245.00661267654505
2011-12-26 19:00:00,215.5677758308011
2011-12-26 20:00:00,241.74734147297568
2011-12-26 21:00:00,212.15353407390648
2011-12-26 22:00:00,220.01712854916696
2011-12-26 23:00:00,224.0841517217632
2011-12-27 00:00:00,51.04643295664573
2011-12-27 01:00:00,61.60087859129999
2011-12-27 02:00:00,69.46447306656046
2011-12-27 03:00:00,99.42368891075603
2011-12-27 04:00:00,99.14685175626073
2011-12-27 05:00:00,107.40313945783419
2011-12-27 06:00:00,121.90875219323789
2011-12-27 07:00:00,124.88801531019271
2011-12-27 08:00:00,132.21869174099993
2011-12-27 09:00:00,139.24405682380893
2011-12-27 10:00:00,151.7571977293992
2011-12-27 11:00:00,154.97124577430077
2011-12-27 12:00:00,127.03082229814027
2011-12-27 13:00:00,120.50105813305709
2011-12-27 14:00:00,183.76173279824434
2011-12-27 15:00:00,191.6253272735048
2011-12-27 16:00:00,189.89355157548562
2011-12-27 17:00:00,183.29445485764882
2011-12-27 18:00:00,202.14262517855968
2011-12-27 19:00:00,188.63846017493051
2011-12-27 20:00:00,180.63146994941053
2011-12-27 21:00:00,200.705711869261
2011-12-27 22:00:00,208.56930634452146
2011-12-27 23:00:00,197.29883737742784
2011-12-28 00:00:00,34.71401418210007
2011-12-28 01:00:00,64.96379563916707
2011-12-28 02:00:00,102.78498312050942
2011-12-28 03:00:00,110.64857759574079
2011-12-28 05:00:00,134.5124216825934
2011-12-28 06:00:00,142.37979265124886
2011-12-28 07:00:00,150.24338712650933
2011-12-28 08:00:00,158.10320510837482
2011-12-28 09:00:00,168.66125271978672
2011-12-28 10:00:00,177.52643887608428
2011-12-28 11:00:00,217.3543799292529
2011-12-28 12:00:00,219.90446750362753
2011-12-28 13:00:00,238.79004812712083
2011-12-28 14:00:00,242.99370534619084
2011-12-28 15:00:00,258.0360126194719
2011-12-28 16:00:00,261.13394969527144
2011-12-28 17:00:00,258.04001991887344
2011-12-28 18:00:00,256.29294921373366
2011-12-28 19:00:00,254.38768073375104
2011-12-28 20:00:00,261.17788613331504
2011-12-28 21:00:00,258.7359231154842
2011-12-28 22:00:00,269.2939707268961
2011-12-28 23:00:00,274.9710775130079
2011-12-29 00:00:00,84.6838084118499
2011-12-29 01:00:00,95.01784009847324
2011-12-29 02:00:00,93.2601749067835
2011-12-29 03:00:00,88.646469934989
2011-12-29 04:00:00,99.20451754643
2011-12-29 05:00:00,108.71052670280915
2011-12-29 06:00:00,112.23026085100719
2011-12-29 07:00:00,100.81939254910685
2011-12-29 08:00:00,112.59566929613356
2011-12-29 09:00:00,113.94328673515702
2011-12-29 10:00:00,127.6495296623325
2011-12-29 11:00:00,149.49998071260052
2011-12-29 12:00:00,170.78140615747543
2011-12-29 13:00:00,191.55108966195257
2011-12-29 14:00:00,207.95196024191682
2011-12-29 15:00:00,215.27508368593408
2011-12-29 16:00:00,227.21919898610213
2011-12-29 17:00:00,216.7668222944485
2011-12-29 18:00:00,233.7289652543841
2011-12-29 19:00:00,244.31196546324645
2011-12-29 20:00:00,225.32608916028403
2011-12-29 21:00:00,237.2172633727605
2011-12-29 22:00:00,242.12666718647233
2011-12-29 23:00:00,255.80795751622645
2011-12-30 00:00:00,59.176603032741696
2011-12-30 01:00:00,74.63279084145324
2011-12-30 02:00:00,64.32404070609482
2011-12-30 03:00:00,72.18763518132619
2011-12-30 04:00:00,79.51453511873842
2011-12-30 05:00:00,76.2297274666198
2011-12-30 06:00:00,95.24172406925936
2011-12-30 07:00:00,92.9297790073324
2011-12-30 08:00:00,95.60713251438574
2011-12-30 09:00:00,117.73093860040535
2011-12-30 10:00:00,153.26171016896842
2011-12-30 11:00:00,165.47331621992635
2011-12-30 12:00:00,193.27034394579823
2011-12-30 13:00:00,209.8266490722599
2011-12-30 14:00:00,245.35780660118326
2011-12-30 15:00:00,266.0262993883807
2011-12-30 16:00:00,274.77240506361704
2011-12-30 17:00:00,257.81049290962983
2011-12-30 18:00:00,236.01489124979707
2011-12-30 19:00:00,263.03755923581775
2011-12-30 20:00:00,236.3691559364961
2011-12-30 21:00:00,248.97345521379611
2011-12-30 22:00:00,240.27839066871093
2011-12-30 23:00:00,262.5141564751684
2011-12-31 00:00:00,108.04023900197353
2011-12-31 01:00:00,119.05580528639257
2011-12-31 02:00:00,126.91939976165304
2011-12-31 03:00:00,134.7829942368844
2011-12-31 04:00:00,122.60082098582643
2011-12-31 05:00:00,102.80129313256475
2011-12-31 06:00:00,133.06997157348087
2011-12-31 07:00:00,117.5787569633103
2011-12-31 08:00:00,113.40974940932938
2011-12-31 09:00:00,143.6784278502455
2011-12-31 10:00:00,162.22212557154126
2011-12-31 11:00:00,185.0019643859705
2011-12-31 12:00:00,286.60484849571367
2011-12-31 13:00:00,290.5852967714891
2011-12-31 14:00:00,264.71571400851826
2011-12-31 15:00:00,286.63058398335124
2011-12-31 16:00:00,277.85257828515023
2011-12-31 17:00:00,267.8537547396263
2011-12-31 18:00:00,273.5669690867071
2011-12-31 19:00:00,284.65793474257225
2011-12-31 20:00:00,292.5215292178327
2011-12-31 21:00:00,286.4269962088729
2011-12-31 22:00:00,279.2341215267952
2011-12-31 23:00:00,269.3791247761401
2012-01-20 00:00:00,56.745914104103576
2012-01-20 01:00:00,75.20978293393273
2012-01-20 02:00:00,83.0733774091932
2012-01-20 03:00:00,76.98244637699099
2012-01-20 04:00:00,63.799520193308126
2012-01-20 05:00:00,71.6631146685686
2012-01-20 06:00:00,79.39007509732619
2012-01-20 07:00:00,65.81445568730123
2012-01-20 08:00:00,84.9269787754456
2012-01-20 09:00:00,128.46062223616173
2012-01-20 10:00:00,137.24707595893415
2012-01-20 11:00:00,163.68554037809372
2012-01-20 12:00:00,166.4055299627944
2012-01-20 13:00:00,190.98208977998002
2012-01-20 14:00:00,187.55411956473836
2012-01-20 15:00:00,195.44644313078607
2012-01-20 16:00:00,193.40077531602583
2012-01-20 17:00:00,221.07912908305298
2012-01-20 18:00:00,216.33900813214132
2012-01-20 19:00:00,218.63397342295502
2012-01-20 20:00:00,232.06619708266226
2012-01-20 21:00:00,233.82446783562773
2012-01-20 22:00:00,238.96488008386223
2012-01-20 23:00:00,173.39516307940357
2012-01-21 00:00:00,0.0
2012-01-21 01:00:00,0.0
2012-01-21 02:00:00,0.0
2012-01-21 03:00:00,0.0
2012-01-21 04:00:00,0.0
2012-01-21 05:00:00,0.0
2012-01-21 06:00:00,0.0
2012-01-21 07:00:00,0.0
2012-01-21 08:00:00,2.1462572315940633
2012-01-21 09:00:00,10.009851706854533
2012-01-21 10:00:00,12.687205213907873
2012-01-21 11:00:00,50.70278330985457
2012-01-21 12:00:00,73.90026794807636
2012-01-21 13:00:00,81.21978941530688
2012-01-21 14:00:00,81.74676279423875
2012-01-21 15:00:00,89.61035726947011
2012-01-21 16:00:00,102.63146362209227
2012-01-21 17:00:00,113.72242927795742
2012-01-21 18:00:00,131.76156329040532
2012-01-21 19:00:00,120.91611861716956
2012-01-21 20:00:00,129.3451367211237
2012-01-21 21:00:00,151.88981585236616
2012-01-21 22:00:00,157.28297311620554
2012-01-21 23:00:00,146.55657715711277
2012-01-22 00:00:00,0.0
2012-01-22 01:00:00,0.0
2012-01-22 02:00:00,0.0
2012-01-22 03:00:00,17.738076924782945
2012-01-22 04:00:00,0.0
2012-01-22 05:00:00,11.187447842326947
2012-01-22 06:00:00,24.237283285794547
2012-01-22 07:00:00,32.10087776102591
2012-01-22 08:00:00,39.96447223628638
2012-01-22 09:00:00,47.82806671154685
2012-01-22 10:00:00,54.074199103110004
2012-01-22 11:00:00,47.23175632493803
2012-01-22 12:00:00,59.208202692709165
2012-01-22 13:00:00,71.4050630084821
2012-01-22 14:00:00,76.57780632434878
2012-01-22 15:00:00,81.72199506600737
2012-01-22 16:00:00,89.58558954126784
2012-01-22 17:00:00,101.78605183379841
2012-01-22 18:00:00,92.25275789626176
2012-01-22 19:00:00,100.11635237152223
2012-01-22 20:00:00,106.36248476308538
2012-01-22 21:00:00,115.84354132204317
2012-01-22 22:00:00,117.90372168485192
2012-01-22 23:00:00,122.51121588869137
2012-01-23 00:00:00,0.0
2012-01-23 01:00:00,0.0
2012-01-23 02:00:00,0.0
2012-01-23 03:00:00,0.0
2012-01-23 04:00:00,17.64064909427543
2012-01-23 05:00:00,13.293596124945907
2012-01-23 06:00:00,21.157190600206377
2012-01-23 07:00:00,23.834544107230613
2012-01-23 08:00:00,25.18216154622496
2012-01-23 09:00:00,40.41470818541711
2012-01-23 10:00:00,38.36581314916839
2012-01-23 11:00:00,41.89614178388729
2012-01-23 12:00:00,58.83370690169977
2012-01-23 13:00:00,60.970589377509896
2012-01-23 14:00:00,65.0340105733485
2012-01-23 15:00:00,61.12228690792108
2012-01-23 16:00:00,89.61475621839054
2012-01-23 17:00:00,93.01544165247469
2012-01-23 18:00:00,104.26495411645737
2012-01-23 19:00:00,117.97119704360375
2012-01-23 20:00:00,111.58903616684256
2012-01-23 21:00:00,119.96059608910582
2012-01-23 22:00:00,127.82419056433719
2012-01-23 23:00:00,156.31288338141167
2012-01-24 00:00:00,0.0
2012-01-24 01:00:00,0.0
2012-01-24 02:00:00,0.9120919349952601
2012-01-24 03:00:00,13.108952250797302
2012-01-24 04:00:00,0.37600295842275955
2012-01-24 05:00:00,8.23959743368323
2012-01-24 06:00:00,35.08227359285229
2012-01-24 07:00:00,44.56333015181008
2012-01-24 08:00:00,52.42692462707055
2012-01-24 09:00:00,70.89108293340541
2012-01-24 10:00:00,71.73027093225392
2012-01-24 11:00:00,94.38745905584074
2012-01-24 12:00:00,103.32804458355531
2012-01-24 13:00:00,111.19163905881578
2012-01-24 14:00:00,138.18191850627773
2012-01-24 15:00:00,176.12697018214385
2012-01-24 16:00:00,188.09981457312824
2012-01-24 17:00:00,207.23446186663932
2012-01-24 18:00:00,220.53289107704768
2012-01-24 19:00:00,260.28903473558603
2012-01-24 20:00:00,185.52847373989061
2012-01-24 21:00:00,213.07396995380986
2012-01-24 22:00:00,191.08012315322412
2012-01-24 23:00:00,209.11925716564292
2012-01-25 00:00:00,0.0
2012-01-25 01:00:00,40.52606933601783
2012-01-25 02:00:00,42.547015359363286
2012-01-25 03:00:00,35.49436549542588
2012-01-25 04:00:00,52.968075879180105
2012-01-25 05:00:00,60.831670354440575
2012-01-25 06:00:00,55.698856177245034
2012-01-25 07:00:00,59.492234837583965
2012-01-25 08:00:00,78.60475792572834
2012-01-25 09:00:00,86.4683524009888
2012-01-25 10:00:00,92.80924514099024
2012-01-25 11:00:00,131.18602414402994
2012-01-25 12:00:00,170.69641363280243
2012-01-25 13:00:00,187.67330232801032
2012-01-25 14:00:00,197.71960799899534
2012-01-25 15:00:00,216.99465462725493
2012-01-25 16:00:00,204.20064517646097
2012-01-25 17:00:00,216.82989705118234
2012-01-25 18:00:00,191.4215776876954
2012-01-25 19:00:00,224.251378808578
2012-01-25 20:00:00,215.70684409167734
2012-01-25 21:00:00,211.23715163659654
2012-01-25 22:00:00,218.5602750805847
2012-01-25 23:00:00,217.0373948168417
2012-01-26 00:00:00,12.251625347998925
2012-01-26 01:00:00,23.911791125923628
2012-01-26 02:00:00,26.33639961737208
2012-01-26 03:00:00,39.07355644777999
2012-01-26 04:00:00,52.68881551991217
2012-01-26 05:00:00,60.10309733558097
2012-01-26 06:00:00,51.01911605760688
2012-01-26 07:00:00,58.31728690417367
2012-01-26 08:00:00,66.18088137943414
2012-01-26 09:00:00,79.35060428539873
2012-01-26 10:00:00,84.49101653366233
2012-01-26 11:00:00,82.86336929790559
2012-01-26 12:00:00,109.72456768568372
2012-01-26 13:00:00,150.16878566375817
2012-01-26 14:00:00,166.56210325693246
2012-01-26 15:00:00,179.16640253420337
2012-01-26 16:00:00,181.75259766957606
2012-01-26 17:00:00,191.1295257662714
2012-01-26 18:00:00,198.99312024153187
2012-01-26 19:00:00,195.70453609601827
2012-01-26 20:00:00,192.4308722023561
2012-01-26 21:00:00,211.4317250465392
2012-01-26 22:00:00,207.5052556458977
2012-01-26 23:00:00,211.18420083398814
2012-01-27 00:00:00,39.68429679260589
2012-01-27 01:00:00,36.29896265498246
2012-01-27 02:00:00,36.616376367834164
2012-01-27 03:00:00,44.671481183642754
2012-01-27 04:00:00,36.120417950092815
2012-01-27 05:00:00,62.01235572443693
2012-01-27 06:00:00,57.665302755107405
2012-01-27 07:00:00,64.45190617788467
2012-01-27 08:00:00,110.02658443929977
2012-01-27 09:00:00,117.89017891456024
2012-01-27 10:00:00,92.29101344227092
2012-01-27 11:00:00,116.47450527790352
2012-01-27 12:00:00,142.36644305224763
2012-01-27 13:00:00,225.1863084520446
2012-01-27 14:00:00,244.4141037608788
2012-01-27 15:00:00,247.61620106585906
2012-01-27 16:00:00,254.0346573375864
2012-01-27 17:00:00,260.24469337327173
2012-01-27 18:00:00,260.1402118659171
2012-01-27 19:00:00,243.38354856762453
2012-01-27 20:00:00,235.5313286568271
2012-01-27 21:00:00,245.54152676684316
2012-01-27 22:00:00,260.4759402895288
2012-01-27 23:00:00,264.6722190384462
2012-01-28 00:00:00,71.35741555370623
2012-01-28 01:00:00,78.68809198451345
2012-01-28 02:00:00,62.4106521733338
2012-01-28 03:00:00,69.73377561735106
2012-01-28 04:00:00,72.72380773749319
2012-01-28 05:00:00,46.400846345030004
2012-01-28 06:00:00,68.77324619799037
2012-01-28 07:00:00,61.6956437365734
2012-01-28 08:00:00,50.30972803212353
2012-01-28 09:00:00,67.24729314993601
2012-01-28 10:00:00,102.24514667404583
2012-01-28 11:00:00,148.10661405487917
2012-01-28 12:00:00,147.40457808985957
2012-01-28 13:00:00,171.83797534389305
2012-01-28 14:00:00,219.62322337654768
2012-01-28 15:00:00,236.20741884541349
2012-01-28 16:00:00,255.99043092067586
2012-01-28 17:00:00,264.93101644839044
2012-01-28 18:00:00,272.9854887994006
2012-01-28 19:00:00,287.4881320228451
2012-01-28 20:00:00,302.0970662390755
2012-01-28 21:00:00,300.2345230746141
2012-01-28 22:00:00,291.0352695759211
2012-01-28 23:00:00,300.26348297143704
2012-01-29 00:00:00,108.09863950591534
2012-01-29 01:00:00,127.18243350321427
2012-01-29 02:00:00,133.30214991563116
2012-01-29 03:00:00,131.28160921492963
2012-01-29 04:00:00,127.11429036286427
2012-01-29 05:00:00,83.77891656535212
2012-01-29 06:00:00,116.7481037559919
2012-01-29 07:00:00,127.99761621994548
2012-01-29 08:00:00,125.01518217087141
2012-01-29 09:00:00,126.77345292383689
2012-01-29 10:00:00,165.16497766209068
2012-01-29 11:00:00,200.00806087147794
2012-01-29 12:00:00,221.4482333631022
2012-01-29 13:00:00,229.31182783836266
2012-01-29 14:00:00,238.2488113893196
2012-01-29 15:00:00,258.7308670259081
2012-01-29 16:00:00,279.5723479250446
2012-01-29 17:00:00,287.43594240030507
2012-01-29 18:00:00,280.54544132124283
2012-01-29 19:00:00,271.46146004326874
2012-01-29 20:00:00,253.15988156644744
2012-01-29 21:00:00,275.3845036144776
2012-01-29 22:00:00,302.2307817503752
2012-01-29 23:00:00,288.9325833460025
2012-01-30 00:00:00,126.10444852759247
2012-01-30 01:00:00,49.770373177336296
2012-01-30 02:00:00,77.28960514234495
2012-01-30 03:00:00,83.0315485803003
2012-01-30 04:00:00,76.90091921546264
2012-01-30 05:00:00,84.7645136907231
2012-01-30 06:00:00,112.14748636449804
2012-01-30 07:00:00,121.0880718921835
2012-01-30 08:00:00,115.95525771495886
2012-01-30 09:00:00,123.81885219021933
2012-01-30 10:00:00,150.78417904028902
2012-01-30 11:00:00,167.83704814573866
2012-01-30 12:00:00,188.22460114350542
2012-01-30 13:00:00,214.30418957205256
2012-01-30 14:00:00,246.56450109436992
2012-01-30 15:00:00,252.81063348590396
2012-01-30 16:00:00,263.3798248557723
2012-01-30 17:00:00,284.14950836022035
2012-01-30 18:00:00,282.1038405454601
2012-01-30 19:00:00,237.33111353678396
2012-01-30 20:00:00,255.76294077551574
2012-01-30 21:00:00,257.5212115284812
2012-01-30 22:00:00,246.79103907593526
2012-01-30 23:00:00,224.415642807493
2012-01-31 00:00:00,66.94947190536186
2012-01-31 01:00:00,97.75069363546208
2012-01-31 02:00:00,106.720008253993
2012-01-31 03:00:00,108.47827900695847
2012-01-31 04:00:00,107.12445080000907
2012-01-31 05:00:00,114.98804527526954
2012-01-31 06:00:00,110.90726955307764
2012-01-31 07:00:00,98.8226850424835
2012-01-31 08:00:00,107.23035252574482
2012-01-31 09:00:00,140.33709945398732
2012-01-31 10:00:00,141.37241303516203
2012-01-31 11:00:00,224.92513923201477
2012-01-31 12:00:00,221.11478080050438
2012-01-31 13:00:00,254.7841229653568
2012-01-31 14:00:00,290.1639007125923
2012-01-31 15:00:00,317.9648939653125
2012-01-31 16:00:00,325.828488440573
2012-01-31 17:00:00,332.61509186337935
2012-01-31 18:00:00,342.3985220253817
2012-01-31 19:00:00,327.8681874985632
2012-01-31 20:00:00,246.509083068755
2012-01-31 21:00:00,326.48527715570526
2012-01-31 22:00:00,325.53795101403375
2012-01-31 23:00:00,325.6825361766678
2012-02-20 00:00:00,0.0
2012-02-20 01:00:00,0.0
2012-02-20 02:00:00,0.0
2012-02-20 03:00:00,9.426975500158733
2012-02-20 05:00:00,70.0130815441371
2012-02-20 06:00:00,97.7263181633898
2012-02-20 07:00:00,90.10171615413856
2012-02-20 08:00:00,91.31885164408595
2012-02-20 09:00:00,99.18244611934642
2012-02-20 10:00:00,123.17950080437004
2012-02-20 11:00:00,151.56784165254794
2012-02-20 12:00:00,173.00064687913982
2012-02-20 13:00:00,193.88560260430677
2012-02-20 14:00:00,219.26597295489046
2012-02-20 15:00:00,233.24963688766002
2012-02-20 16:00:00,263.0821472762327
2012-02-20 17:00:00,285.1308117003646
2012-02-20 18:00:00,256.8404203134123
2012-02-20 19:00:00,264.7040147886728
2012-02-20 20:00:00,275.25846042332705
2012-02-20 21:00:00,262.3667640842323
2012-02-20 22:00:00,259.1254312581732
2012-02-20 23:00:00,279.7401442092669
2012-02-21 00:00:00,45.90071973303566
2012-02-21 01:00:00,72.08028537521022
2012-02-21 02:00:00,67.06274341870449
2012-02-21 04:00:00,69.88384334000875
2012-02-21 05:00:00,62.831193476042245
2012-02-21 06:00:00,58.48414050671272
2012-02-21 07:00:00,93.47462676579016
2012-02-21 08:00:00,82.08871106131119
2012-02-21 09:00:00,78.27835262980079
2012-02-21 10:00:00,101.48698102642084
2012-02-21 11:00:00,112.1324105161184
2012-02-21 12:00:00,161.75794361540466
2012-02-21 13:00:00,199.63328568809084
2012-02-21 14:00:00,188.3561136876815
2012-02-21 15:00:00,215.36047463861178
2012-02-21 16:00:00,237.86289244747604
2012-02-21 17:00:00,275.10826205220656
2012-02-21 18:00:00,282.9718565274379
2012-02-21 19:00:00,257.1529156169272
2012-02-21 20:00:00,244.41636434782413
2012-02-21 21:00:00,236.54316857160302
2012-02-21 22:00:00,219.94283208000707
2012-02-21 23:00:00,235.7116985018074
2012-02-22 00:00:00,55.07357941000373
2012-02-22 01:00:00,59.1300080960209
2012-02-22 02:00:00,77.71680588810705
2012-02-22 03:00:00,68.06823972982238
2012-02-22 04:00:00,82.7355372569873
2012-02-22 05:00:00,89.51099692133721
2012-02-22 06:00:00,83.54648186831037
2012-02-22 07:00:00,92.49084388941992
2012-02-22 08:00:00,97.64884147007251
2012-02-22 09:00:00,120.42868028455996
2012-02-22 10:00:00,131.02282425179146
2012-02-22 11:00:00,152.72189552040072
2012-02-22 12:00:00,190.0936811043066
2012-02-22 13:00:00,219.51553817890817
2012-02-22 14:00:00,233.22178110608365
2012-02-22 15:00:00,305.3636936597177
2012-02-22 16:00:00,323.67684693960473
2012-02-22 17:00:00,322.7480430265714
2012-02-22 18:00:00,295.4526830370596
2012-02-22 19:00:00,290.83161080026184
2012-02-22 20:00:00,284.6218055705831
2012-02-22 21:00:00,333.7106441320211
2012-02-22 22:00:00,302.4993746492546
2012-02-22 23:00:00,328.3913124235987
2012-02-23 00:00:00,129.7248500326823
2012-02-23 01:00:00,116.27924857859034
2012-02-23 02:00:00,113.85203129597357
2012-02-23 03:00:00,105.27685421338538
2012-02-23 04:00:00,96.76758830907056
2012-02-23 05:00:00,104.63118278433103
2012-02-23 06:00:00,71.96460000277148
2012-02-23 07:00:00,93.11583297507605
2012-02-23 08:00:00,82.92613155383151
2012-02-23 09:00:00,106.1236161920242
2012-02-23 10:00:00,165.9288400771038
2012-02-23 11:00:00,229.95887557519018
2012-02-23 12:00:00,253.69683124462608
2012-02-23 13:00:00,270.281026713521
2012-02-23 14:00:00,289.13087453125627
2012-02-23 15:00:00,300.83414037997136
2012-02-23 16:00:00,310.63609277055366
2012-02-23 17:00:00,319.67342829037807
2012-02-23 18:00:00,316.2844921759679
2012-02-23 19:00:00,308.9364724239276
2012-02-23 20:00:00,298.7282487740449
2012-02-23 21:00:00,290.83275427581975
2012-02-23 22:00:00,293.6644141044526
2012-02-23 23:00:00,292.38979352932074
2012-02-24 00:00:00,101.65237302015885
2012-02-24 01:00:00,110.32224057556596
2012-02-24 02:00:00,75.74844828402274
2012-02-24 03:00:00,78.43123384975479
2012-02-24 04:00:00,71.37858398578828
2012-02-24 05:00:00,76.2063176209922
2012-02-24 06:00:00,82.9965230205853
2012-02-24 07:00:00,115.39668460577377
2012-02-24 08:00:00,122.25868739999714
2012-02-24 09:00:00,95.97568809473887
2012-02-24 10:00:00,104.40830817539245
2012-02-24 11:00:00,119.07560570255737
2012-02-24 12:00:00,151.48728580144234
2012-02-24 13:00:00,173.19373554023332
2012-02-24 14:00:00,198.7041238467209
2012-02-24 15:00:00,149.65602140538977
2012-02-24 16:00:00,157.51961588065024
2012-02-24 17:00:00,152.65439060205244
2012-02-24 18:00:00,161.94016032703803
2012-02-24 19:00:00,190.5441253648023
2012-02-24 20:00:00,267.79536158015253
2012-02-24 21:00:00,339.8204839779937
2012-02-24 22:00:00,330.80833186165546
2012-02-24 23:00:00,337.67033465587883
2012-02-25 00:00:00,117.2144875600352
2012-02-25 01:00:00,117.50269927899353
2012-02-25 02:00:00,114.52404172331444
2012-02-25 03:00:00,115.46782217753935
2012-02-25 04:00:00,130.51373142757802
2012-02-25 05:00:00,132.11409388217726
2012-02-25 06:00:00,139.97768835743773
2012-02-25 07:00:00,143.76645177602768
2012-02-25 08:00:00,135.40626641822746
2012-02-25 09:00:00,69.52009430728504
2012-02-25 10:00:00,128.86254060763167
2012-02-25 11:00:00,198.1079783909372
2012-02-25 12:00:00,232.67704233285622
2012-02-25 13:00:00,234.34876995594823
2012-02-25 14:00:00,244.64016556495335
2012-02-25 15:00:00,251.4591000553628
2012-02-25 16:00:00,267.5496692902234
2012-02-25 17:00:00,252.1298198485165
2012-02-25 18:00:00,274.46593762381235
2012-02-25 19:00:00,254.0173807570245
2012-02-25 20:00:00,271.74676269624615
2012-02-25 21:00:00,260.4007310461893
2012-02-25 22:00:00,263.2286143814272
2012-02-25 23:00:00,263.3731995440903
2012-02-26 00:00:00,84.35254253595485
2012-02-26 01:00:00,85.03742421322386
2012-02-26 02:00:00,92.90101868848433
2012-02-26 03:00:00,105.82167492440203
2012-02-26 04:00:00,113.6852693996625
2012-02-26 05:00:00,111.75487380562117
2012-02-26 06:00:00,119.61469178745756
2012-02-26 07:00:00,107.38988245878136
2012-02-26 08:00:00,117.43258615300874
2012-02-26 09:00:00,137.10392798433895
2012-02-26 10:00:00,168.32694678680855
2012-02-26 11:00:00,181.4641641085327
2012-02-26 12:00:00,200.32156491308706
2012-02-26 13:00:00,217.98652792780194
2012-02-26 14:00:00,240.79131933971075
2012-02-26 15:00:00,253.6979922200262
2012-02-26 16:00:00,260.80168321411475
2012-02-26 17:00:00,271.3846834229771
2012-02-26 18:00:00,264.7247267852945
2012-02-26 19:00:00,276.12561903099413
2012-02-26 20:00:00,262.9676454447326
2012-02-26 21:00:00,258.8832677457831
2012-02-26 22:00:00,272.31171491209534
2012-02-26 23:00:00,240.02705635363236
2012-02-27 00:00:00,51.44052331295097
2012-02-27 01:00:00,51.847983984596794
2012-02-27 02:00:00,44.6624765675806
2012-02-27 03:00:00,40.30805633316049
2012-02-27 04:00:00,32.17841541673988
2012-02-27 05:00:00,40.04200989200035
2012-02-27 06:00:00,73.53030628809938
2012-02-27 07:00:00,100.67159076200915
2012-02-27 08:00:00,104.23820147439255
2012-02-27 09:00:00,123.85528827138478
2012-02-27 10:00:00,178.6429484898108
2012-02-27 11:00:00,200.08312098143506
2012-02-27 12:00:00,242.6308425234747
2012-02-27 13:00:00,237.74709501626785
2012-02-27 14:00:00,274.10351184709
2012-02-27 15:00:00,323.4627676992386
2012-02-27 16:00:00,335.1339027189533
2012-02-27 17:00:00,347.0677130091062
2012-02-27 18:00:00,342.9833353100985
2012-02-27 19:00:00,340.93766749533825
2012-02-27 20:00:00,334.8431344863784
2012-02-27 21:00:00,329.14867317388416
2012-02-27 22:00:00,314.91370853519766
2012-02-27 23:00:00,302.5772289625602
2012-02-28 00:00:00,112.72168718851754
2012-02-28 01:00:00,95.87504725524923
2012-02-28 02:00:00,122.63478226133157
2012-02-28 03:00:00,184.4089657505392
2012-02-28 04:00:00,137.78748270624783
2012-02-28 05:00:00,145.6510771815083
2012-02-28 06:00:00,141.5703014593164
2012-02-28 07:00:00,143.61620008008322
2012-02-28 08:00:00,140.07211889573955
2012-02-28 09:00:00,161.49376915875473
2012-02-28 10:00:00,178.05301203019917
2012-02-28 11:00:00,209.812725370517
2012-02-28 12:00:00,225.97927501567756
2012-02-28 13:00:00,240.60753844195278
2012-02-28 14:00:00,269.9107215577096
2012-02-28 15:00:00,286.04854211202473
2012-02-28 16:00:00,289.8419207724219
2012-02-28 17:00:00,301.7757310625457
2012-02-28 18:00:00,308.2561843888834
2012-02-28 19:00:00,314.27554883243283
2012-02-28 20:00:00,314.0954616700765
2012-02-28 21:00:00,270.28407873786637
2012-02-28 22:00:00,278.14767321312684
2012-02-28 23:00:00,263.73997817205964
2012-02-29 00:00:00,86.36173584510107
2012-02-29 01:00:00,102.3657619500882
2012-02-29 02:00:00,87.98301950644236
2012-02-29 03:00:00,65.31262810510816
2012-02-29 05:00:00,66.12357271643123
2012-02-29 06:00:00,73.54163102552411
2012-02-29 07:00:00,62.27116205840139
2012-02-29 08:00:00,86.0376723020454
2012-02-29 09:00:00,83.39546329466975
2012-02-29 10:00:00,91.25905776990112
2012-02-29 11:00:00,84.21755166439107
2012-02-29 12:00:00,89.4522602679499
2012-02-29 13:00:00,113.08184698858531
2012-02-29 14:00:00,120.94544146384578
2012-02-29 15:00:00,169.36794228680083
2012-02-29 16:00:00,169.8949156657036
2012-02-29 17:00:00,170.6188314438623
2012-02-29 18:00:00,167.38173910431215
2012-02-29 19:00:00,184.19564026620355
2012-02-29 20:00:00,191.72897079598624
2012-02-29 21:00:00,199.5925652712467
2012-02-29 22:00:00,198.46928150573513
2012-02-29 23:00:00,206.3328759809956
2012-03-20 00:00:00,98.7747157542617
2012-03-20 01:00:00,83.50539614073932
2012-03-20 02:00:00,94.59636179660447
2012-03-20 03:00:00,94.04634412308224
2012-03-20 04:00:00,101.98173599300208
2012-03-20 05:00:00,92.79722822952317
2012-03-20 06:00:00,106.57526855132892
2012-03-20 07:00:00,111.40300218653283
2012-03-20 08:00:00,132.36272481831838
2012-03-20 09:00:00,147.14235682119033
2012-03-20 10:00:00,161.2655813403253
2012-03-20 11:00:00,186.66069742612308
2012-03-20 12:00:00,217.53409130615182
2012-03-20 13:00:00,223.24730565323262
2012-03-20 14:00:00,238.7946518336248
2012-03-20 15:00:00,257.4139552099514
2012-03-20 16:00:00,280.869874631986
2012-03-20 17:00:00,268.6450653032807
2012-03-20 18:00:00,286.7994715364475
2012-03-20 19:00:00,269.9205323025235
2012-03-20 20:00:00,286.3495827014267
2012-03-20 21:00:00,276.04460905943415
2012-03-20 22:00:00,271.0270671029284
2012-03-20 23:00:00,261.9143567341089
2012-03-21 00:00:00,62.88645645140787
2012-03-21 01:00:00,84.15296164443134
2012-03-21 02:00:00,78.68544279661728
2012-03-21 03:00:00,83.5131764318212
2012-03-21 04:00:00,89.22639077893109
2012-03-21 05:00:00,97.08998525419156
2012-03-21 06:00:00,91.22959866336896
2012-03-21 07:00:00,92.8299611179682
2012-03-21 08:00:00,97.46978638941073
2012-03-21 09:00:00,129.62135420765844
2012-03-21 10:00:00,152.42614561953815
2012-03-21 11:00:00,160.28974009479862
2012-03-21 12:00:00,179.2151935675647
2012-03-21 13:00:00,174.86814059817698
2012-03-21 14:00:00,197.64797941263532
2012-03-21 15:00:00,205.5115738878958
2012-03-21 16:00:00,233.50260626801173
2012-03-21 17:00:00,265.03534537673113
2012-03-21 18:00:00,269.671568671416
2012-03-21 19:00:00,291.5034974931041
2012-03-21 20:00:00,253.24315841300995
2012-03-21 21:00:00,246.72720308686257
2012-03-21 22:00:00,251.9755202908127
2012-03-21 23:00:00,270.9009737635788
2012-03-22 00:00:00,76.5139210082707
2012-03-22 01:00:00,84.37751548353117
2012-03-22 02:00:00,92.24110995879164
2012-03-22 03:00:00,100.10470443405211
2012-03-22 04:00:00,58.678861313237576
2012-03-22 05:00:00,66.54245578849805
2012-03-22 06:00:00,74.40605026372941
2012-03-22 07:00:00,82.26964473898988
2012-03-22 08:00:00,107.08459146087989
2012-03-22 09:00:00,114.94818593614036
2012-03-22 10:00:00,110.60113296681084
2012-03-22 11:00:00,132.21366110554663
2012-03-22 12:00:00,164.04139534712886
2012-03-22 13:00:00,203.1882083247474
2012-03-22 14:00:00,234.06537869817112
2012-03-22 15:00:00,258.0588314064371
2012-03-22 16:00:00,275.035720101645
2012-03-22 17:00:00,286.56663030324853
2012-03-22 18:00:00,294.430224778509
2012-03-22 19:00:00,304.51980503692175
2012-03-22 20:00:00,288.6709485243482
2012-03-22 21:00:00,268.78403879277175
2012-03-22 22:00:00,262.77982540708035
2012-03-22 23:00:00,266.88295614067465
2012-03-23 00:00:00,83.0174658682372
2012-03-23 01:00:00,75.96481600429979
2012-03-23 02:00:00,87.05578166016494
2012-03-23 03:00:00,90.69041327381274
2012-03-23 04:00:00,76.39146193678607
2012-03-23 05:00:00,80.49099069362273
2012-03-23 06:00:00,100.5652326134732
2012-03-23 07:00:00,103.09074234566651
2012-03-23 08:00:00,108.91922891349532
2012-03-23 09:00:00,128.07882880442776
2012-03-23 10:00:00,150.05569583390024
2012-03-23 11:00:00,206.48577073347406
2012-03-23 12:00:00,252.5777825557161
2012-03-23 13:00:00,288.33931605439284
2012-03-23 14:00:00,313.15048628288787
2012-03-23 15:00:00,322.0874698338448
2012-03-23 16:00:00,331.0280553615594
2012-03-23 17:00:00,338.89164983681985
2012-03-23 18:00:00,341.0954567559238
2012-03-23 19:00:00,334.11838078004075
2012-03-23 20:00:00,345.93691884947475
2012-03-23 21:00:00,338.57075162403635
2012-03-23 22:00:00,325.75859469990246
2012-03-23 23:00:00,318.57686377625214
2012-03-24 00:00:00,117.77325243203086
2012-03-24 01:00:00,113.92302115124767
2012-03-24 02:00:00,109.44217373259016
2012-03-24 03:00:00,117.30576820785063
2012-03-24 04:00:00,107.65636330121197
2012-03-24 05:00:00,113.02079147426412
2012-03-24 06:00:00,120.88438594949548
2012-03-24 07:00:00,112.72979243565351
2012-03-24 08:00:00,110.53311959444545
2012-03-24 09:00:00,143.3981783228228
2012-03-24 10:00:00,143.2366133890464
2012-03-24 11:00:00,134.12390302022686
2012-03-24 12:00:00,142.6439049791952
2012-03-24 13:00:00,151.58088853012305
2012-03-24 14:00:00,175.41919616842642
2012-03-24 15:00:00,168.45686592775746
2012-03-24 16:00:00,172.0197001467459
2012-03-24 17:00:00,189.40686740062665
2012-03-24 18:00:00,175.55345222979668
2012-03-24 19:00:00,180.18967552445247
2012-03-24 20:00:00,173.25229788120487
2012-03-24 21:00:00,181.11589235643623
2012-03-24 22:00:00,191.12986695984728
2012-03-24 23:00:00,217.46734090035898
2012-03-25 00:00:00,36.8292218085553
2012-03-25 01:00:00,26.639520387310768
2012-03-25 02:00:00,30.930559484666446
2012-03-25 03:00:00,51.004801404546015
2012-03-25 04:00:00,65.13162790043862
2012-03-25 05:00:00,53.3531934863131
2012-03-25 06:00:00,61.21678796154447
2012-03-25 07:00:00,83.98170652418048
2012-03-25 08:00:00,91.84530099944095
2012-03-25 09:00:00,97.01821883194498
2012-03-25 10:00:00,121.81824530198355
2012-03-25 11:00:00,112.74540778246592
2012-03-25 12:00:00,119.53561318202992
2012-03-25 13:00:00,142.20017977576936
2012-03-25 14:00:00,154.82943165049073
2012-03-25 15:00:00,163.76641520141857
2012-03-25 16:00:00,201.7209649058932
2012-03-25 17:00:00,227.72817490095622
2012-03-25 18:00:00,235.5917693762167
2012-03-25 19:00:00,249.3662077212939
2012-03-25 20:00:00,241.24016878166003
2012-03-25 21:00:00,246.95338312874082
2012-03-25 22:00:00,238.79878961492795
2012-03-25 23:00:00,251.42804148964933
2012-03-26 00:00:00,67.44171576836379
2012-03-26 01:00:00,83.71532041564933
2012-03-26 02:00:00,73.52922097116243
2012-03-26 03:00:00,92.52647183855879
2012-03-26 04:00:00,94.57597243611235
2012-03-26 05:00:00,112.61510644856025
2012-03-26 06:00:00,106.61089306283975
2012-03-26 07:00:00,139.5912240119069
2012-03-26 08:00:00,168.88288861396722
2012-03-26 09:00:00,214.164186630951
2012-03-26 10:00:00,264.672230930184
2012-03-26 11:00:00,277.9706601405924
2012-03-26 12:00:00,279.61365867283894
2012-03-26 13:00:00,301.53213062440045
2012-03-26 14:00:00,292.65377295736107
2012-03-26 15:00:00,314.56864293216495
2012-03-26 16:00:00,331.6496600896353
2012-03-26 17:00:00,329.79487015059567
2012-03-26 18:00:00,328.84754400895326
2012-03-26 19:00:00,332.7883257190406
2012-03-26 20:00:00,337.75544542397256
2012-03-26 21:00:00,341.8114993547206
2012-03-26 22:00:00,328.74350240343483
2012-03-26 23:00:00,330.2202009021421
2012-03-27 00:00:00,146.5741113127151
2012-03-27 01:00:00,147.5216682603641
2012-03-27 02:00:00,128.05618084597518
2012-03-27 03:00:00,136.99676637368975
2012-03-27 04:00:00,137.09787671032245
2012-03-27 05:00:00,131.12599439223413
2012-03-27 06:00:00,139.55501249613008
2012-03-27 07:00:00,147.41860697139055
2012-03-27 08:00:00,155.25347235583467
2012-03-27 09:00:00,162.08355060467147
2012-03-27 10:00:00,185.66295946598984
2012-03-27 11:00:00,212.79080985617475
2012-03-27 12:00:00,225.42006173089612
2012-03-27 13:00:00,245.01600419078022
2012-03-27 14:00:00,280.88937640507356
2012-03-27 15:00:00,296.79665251797996
2012-03-27 16:00:00,304.66024699324043
2012-03-27 17:00:00,325.4299304976885
2012-03-27 18:00:00,329.72013084666105
2012-03-27 19:00:00,334.35635414131684
2012-03-27 20:00:00,345.447319797182
2012-03-27 21:00:00,293.4881267650635
2012-03-27 22:00:00,300.27473018786986
2012-03-27 23:00:00,310.2887047912809
2012-03-28 00:00:00,122.97983834845945
2012-03-28 01:00:00,119.16947991694906
2012-03-28 02:00:00,112.39425105860573
2012-03-28 03:00:00,135.58059193837107
2012-03-28 04:00:00,148.86558706502547
2012-03-28 05:00:00,156.72918154028594
2012-03-28 06:00:00,160.63783242137288
2012-03-28 07:00:00,167.42803782093688
2012-03-28 08:00:00,192.45915800429066
2012-03-28 09:00:00,214.4211047819117
2012-03-28 10:00:00,239.5249910231214
2012-03-28 11:00:00,253.78645071672508
2012-03-28 12:00:00,271.02345169257023
2012-03-28 13:00:00,279.60017123259604
2012-03-28 14:00:00,324.3131931546086
2012-03-28 15:00:00,318.73484281124547
2012-03-28 16:00:00,309.8174510433164
2012-03-28 17:00:00,293.55344302067533
2012-03-28 18:00:00,301.4170374959358
2012-03-28 19:00:00,320.1119147603167
2012-03-28 20:00:00,331.7395749540301
2012-03-28 21:00:00,309.98707336495863
2012-03-28 22:00:00,300.6438185547304
2012-03-28 23:00:00,295.62627659822465
2012-03-29 00:00:00,117.13853763457155
2012-03-29 01:00:00,143.87332004320342
2012-03-29 02:00:00,243.63460743482574
2012-03-29 03:00:00,233.79037968738703
2012-03-29 04:00:00,211.10109130223282
2012-03-29 05:00:00,194.80966813542182
2012-03-29 06:00:00,165.74877878074767
2012-03-29 07:00:00,193.65730223394348
2012-03-29 08:00:00,211.8117084670812
2012-03-29 09:00:00,222.4058524343709
2012-03-29 10:00:00,228.61588847005623
2012-03-29 11:00:00,248.97906990922638
2012-03-29 12:00:00,265.63506277278066
2012-03-29 13:00:00,254.0112353618315
2012-03-29 14:00:00,276.5247969291231
2012-03-29 15:00:00,295.2593725261686
2012-03-29 16:00:00,308.1549016480276
2012-03-29 17:00:00,314.0986604365753
2012-03-29 18:00:00,311.9341184243385
2012-03-29 19:00:00,314.5203135597403
2012-03-29 20:00:00,320.1900530808198
2012-03-29 21:00:00,310.56560077154427
2012-03-29 22:00:00,313.66353784734383
2012-03-29 23:00:00,315.95850313815754
2012-03-30 00:00:00,130.57967924428522
2012-03-30 01:00:00,127.03559805994155
2012-03-30 02:00:00,113.23642671832931
2012-03-30 03:00:00,97.93184949734132
2012-03-30 04:00:00,124.25901842780877
2012-03-30 05:00:00,111.0760922441259
2012-03-30 06:00:00,128.69020196262863
2012-03-30 07:00:00,133.86294527852442
2012-03-30 08:00:00,123.4105685868708
2012-03-30 09:00:00,154.3308390310558
2012-03-30 10:00:00,163.39131202129647
2012-03-30 11:00:00,179.42406721712905
2012-03-30 12:00:00,189.9932585869683
2012-03-30 13:00:00,205.5767011232092
2012-03-30 14:00:00,205.2998639687139
2012-03-30 15:00:00,217.90416324601392
2012-03-30 16:00:00,214.96139576262794
2012-03-30 17:00:00,225.86085107794497
2012-03-30 18:00:00,258.85526353045134
2012-03-30 19:00:00,246.77428099667304
2012-03-30 20:00:00,252.48749534378294
2012-03-30 21:00:00,246.36800973737263
2012-03-30 22:00:00,232.83171390474308
2012-03-30 23:00:00,242.34149955454632
2012-03-31 00:00:00,50.28468991894624
2012-03-31 01:00:00,69.93834827007959
2012-03-31 02:00:00,82.65791976809851
2012-03-31 03:00:00,80.79151087233913
2012-03-31 04:00:00,109.48579553340096
2012-03-31 05:00:00,95.4453107471636
2012-03-31 06:00:00,68.72974536629044
2012-03-31 07:00:00,76.59333984155091
2012-03-31 08:00:00,85.53032339250785
2012-03-31 09:00:00,132.84710407213424
2012-03-31 10:00:00,138.56031841927324
2012-03-31 11:00:00,173.9976524959784
2012-03-31 12:00:00,191.96498911373783
2012-03-31 13:00:00,233.1838133361016
2012-03-31 14:00:00,224.52528857823927
2012-03-31 15:00:00,246.3719631351414
2012-03-31 16:00:00,241.86616311903344
2012-03-31 17:00:00,246.33562238700688
2012-03-31 18:00:00,230.94475974570378
2012-03-31 19:00:00,240.7273511592939
2012-03-31 20:00:00,234.36323960806476
2012-03-31 21:00:00,242.22683408329613
2012-03-31 22:00:00,242.63409451633925
2012-03-31 23:00:00,225.30500387446955
2012-04-20 00:00:00,109.86050182016334
2012-04-20 01:00:00,85.65558948821854
2012-04-20 02:00:00,76.56783171684947
2012-04-20 03:00:00,81.207656988292
2012-04-20 04:00:00,72.09494661947247
2012-04-20 05:00:00,76.19447537628002
2012-04-20 06:00:00,96.2687172961596
2012-04-20 07:00:00,91.92166432680096
2012-04-20 08:00:00,104.55091620152234
2012-04-20 09:00:00,132.59323410398792
2012-04-20 10:00:00,176.10984150422155
2012-04-20 11:00:00,210.74733286962146
2012-04-20 12:00:00,259.71729723358294
2012-04-20 13:00:00,308.76681221765466
2012-04-20 14:00:00,316.6451524281001
2012-04-20 15:00:00,317.3264321286115
2012-04-20 16:00:00,332.2682129163295
2012-04-20 17:00:00,336.280992259708
2012-04-20 18:00:00,337.0664004224527
2012-04-20 19:00:00,334.62443740462186
2012-04-20 20:00:00,315.44734023764613
2012-04-20 21:00:00,293.0469913717825
2012-04-20 22:00:00,300.47064130127546
2012-04-20 23:00:00,291.1273864910763
2012-04-21 00:00:00,102.78005575636053
2012-04-21 01:00:00,110.64365023159189
2012-04-21 02:00:00,115.27987352624768
2012-04-21 03:00:00,111.42964224546449
2012-04-21 04:00:00,120.36662579642143
2012-04-21 05:00:00,128.2302202716819
2012-04-21 06:00:00,135.0204256712459
2012-04-21 07:00:00,145.03440027465695
2012-04-21 08:00:00,158.62176900435588
2012-04-21 09:00:00,176.16768330495688
2012-04-21 10:00:00,240.38893966705655
2012-04-21 11:00:00,256.944406045106
2012-04-21 12:00:00,273.9250712337089
2012-04-21 13:00:00,288.866852021456
2012-04-21 14:00:00,322.9353177814337
2012-04-21 15:00:00,346.6732734508696
2012-04-21 16:00:00,346.38151604452287
2012-04-21 17:00:00,381.3441119611671
2012-04-21 18:00:00,351.68490576930344
2012-04-21 19:00:00,269.13757226930466
2012-04-21 20:00:00,237.42534105441882
2012-04-21 21:00:00,248.51630671028397
2012-04-21 22:00:00,258.7843071393145
2012-04-21 23:00:00,256.1593087090878
2012-04-22 00:00:00,72.29381843667943
2012-04-22 01:00:00,84.99846968278871
2012-04-22 02:00:00,116.78569861029973
2012-04-22 03:00:00,90.07050798469572
2012-04-22 04:00:00,108.10964199714363
2012-04-22 05:00:00,118.12361660055467
2012-04-22 06:00:00,139.92681633142638
2012-04-22 07:00:00,129.81335302998195
2012-04-22 08:00:00,117.91964639516664
2012-04-22 09:00:00,125.783240870398
2012-04-22 10:00:00,131.571854588954
2012-04-22 11:00:00,128.18291847457294
2012-04-22 12:00:00,137.12350400228752
2012-04-22 13:00:00,156.23602709040279
2012-04-22 14:00:00,152.85069295280846
2012-04-22 15:00:00,162.8646675562195
2012-04-22 16:00:00,172.87864215957234
2012-04-22 17:00:00,148.66961034596898
2012-04-22 18:00:00,156.53320482122945
2012-04-22 19:00:00,179.29452140710782
2012-04-22 20:00:00,174.95124493114417
2012-04-22 21:00:00,193.95209777532727
2012-04-22 22:00:00,194.35180522158043
2012-04-22 23:00:00,220.80916662461823
2012-04-23 00:00:00,43.086247440602165
2012-04-23 01:00:00,28.055314731784165
2012-04-23 02:00:00,39.058898509363644
2012-04-23 03:00:00,57.519454838940874
2012-04-23 04:00:00,55.45610354398377
2012-04-23 05:00:00,63.31969801924424
2012-04-23 06:00:00,73.11343319126172
2012-04-23 07:00:00,77.96989591731108
2012-04-23 08:00:00,102.12826063885586
2012-04-23 09:00:00,112.1422352422378
2012-04-23 10:00:00,136.56448873784393
2012-04-23 11:00:00,141.73363007692387
2012-04-23 12:00:00,147.1165804785851
2012-04-23 13:00:00,166.2327055434871
2012-04-23 14:00:00,189.1527691760857
2012-04-23 15:00:00,203.82006670325063
2012-04-23 16:00:00,148.71351710375166
2012-04-23 17:00:00,153.4686145959131
2012-04-23 18:00:00,172.47001671197359
2012-04-23 19:00:00,196.12778325154795
2012-04-23 20:00:00,200.8681350084953
2012-04-23 21:00:00,196.91377526544966
2012-04-23 22:00:00,222.85495400289074
2012-04-23 23:00:00,229.64515940245474
2012-04-24 00:00:00,46.51165050183772
2012-04-24 01:00:00,44.19970543991076
2012-04-24 02:00:00,55.632078799651936
2012-04-24 03:00:00,60.77986951809726
2012-04-24 04:00:00,85.21195512067061
2012-04-24 05:00:00,93.07554959593108
2012-04-24 06:00:00,102.01613512364565
2012-04-24 07:00:00,124.9112461588229
2012-04-24 08:00:00,146.6390465182485
2012-04-24 09:00:00,212.3587162499316
2012-04-24 10:00:00,222.81263539908105
2012-04-24 11:00:00,275.9716897753824
2012-04-24 12:00:00,292.6711574649671
2012-04-24 13:00:00,305.2754567422671
2012-04-24 14:00:00,321.27948284728336
2012-04-24 15:00:00,334.28668221310363
2012-04-24 16:00:00,334.08545071361004
2012-04-24 17:00:00,355.74124739479157
2012-04-24 18:00:00,353.00034427901846
2012-04-24 19:00:00,370.00215380470036
2012-04-24 20:00:00,369.7103963983827
2012-04-24 21:00:00,347.46189130735
2012-04-24 22:00:00,339.37488646857673
2012-04-24 23:00:00,335.83080528423307
2012-04-25 00:00:00,156.73097241128562
2012-04-25 01:00:00,153.72358576476108
2012-04-25 02:00:00,104.60284718035837
2012-04-25 03:00:00,86.11379256597138
2012-04-25 04:00:00,106.88347607044852
2012-04-25 05:00:00,115.28754157695221
2012-04-25 06:00:00,123.15113605221268
2012-04-25 07:00:00,120.83919099028572
2012-04-25 08:00:00,122.72747969915508
2012-04-25 09:00:00,190.17593877014588
2012-04-25 10:00:00,262.5200731965597
2012-04-25 11:00:00,279.29133828083286
2012-04-25 12:00:00,305.43877309400705
2012-04-25 13:00:00,319.9629080580489
2012-04-25 14:00:00,340.80438895715633
2012-04-25 15:00:00,352.55112963193096
2012-04-25 16:00:00,376.59540386943263
2012-04-25 17:00:00,383.382007292239
2012-04-25 18:00:00,390.70890722968034
2012-04-25 19:00:00,395.3451305243361
2012-04-25 20:00:00,378.3110462204495
2012-04-25 21:00:00,317.22512488468783
2012-04-25 22:00:00,317.5207150737988
2012-04-25 23:00:00,323.4254397614568
2012-04-26 00:00:00,110.3979497977707
2012-04-26 01:00:00,152.01553406513995
2012-04-26 02:00:00,146.17006772619789
2012-04-26 03:00:00,153.49696766361012
2012-04-26 04:00:00,153.22013050911482
2012-04-26 05:00:00,154.55337696816423
2012-04-26 06:00:00,166.71773169972585
2012-04-26 07:00:00,129.72644328448223
2012-04-26 08:00:00,131.67559191316832
2012-04-26 09:00:00,126.25514986811322
2012-04-26 10:00:00,127.09433786693262
2012-04-26 11:00:00,137.10831247034366
2012-04-26 12:00:00,178.40274234773824
2012-04-26 13:00:00,184.61277838345268
2012-04-26 14:00:00,213.25661627048976
2012-04-26 15:00:00,208.98496267257724
2012-04-26 16:00:00,213.0844914293557
2012-04-26 17:00:00,240.96025158875273
2012-04-26 18:00:00,244.71099417150253
2012-04-26 19:00:00,253.6515796992171
2012-04-26 20:00:00,265.6244240902015
2012-04-26 21:00:00,257.5887047738652
2012-04-26 22:00:00,263.30191912097507
2012-04-26 23:00:00,256.2243166595872
2012-04-27 00:00:00,139.79534035996767
2012-04-27 01:00:00,152.68312746152515
2012-04-27 02:00:00,154.72902608229197
2012-04-27 03:00:00,180.194627911289
2012-04-27 04:00:00,180.79636819681036
2012-04-27 05:00:00,192.42402839052374
2012-04-27 06:00:00,193.81796025275253
2012-04-27 07:00:00,183.74713302895543
2012-04-27 08:00:00,186.16117880080128
2012-04-27 09:00:00,228.7158610856568
2012-04-27 10:00:00,250.86868573899847
2012-04-27 11:00:00,255.508511010441
2012-04-27 12:00:00,273.2564151783008
2012-04-27 13:00:00,288.3023244283104
2012-04-27 14:00:00,294.0155387754203
2012-04-27 15:00:00,330.2024283511855
2012-04-27 16:00:00,329.4645023138437
2012-04-27 17:00:00,357.1103504966595
2012-04-27 18:00:00,357.0961886125442
2012-04-27 19:00:00,357.20090092593455
2012-04-27 20:00:00,343.6536358515441
2012-04-27 21:00:00,343.2430042477499
2012-04-27 22:00:00,334.5517161960597
2012-04-27 23:00:00,333.6043900544173
2012-04-28 00:00:00,138.11047735071043
2012-04-28 01:00:00,120.47163463558536
2012-04-28 02:00:00,141.53632447804557
2012-04-28 03:00:00,130.80615202552872
2012-04-28 04:00:00,140.2872085844865
2012-04-28 05:00:00,153.17913572961697
2012-04-28 06:00:00,157.08778661070392
2012-04-28 07:00:00,163.87799201026792
2012-04-28 08:00:00,206.04756582260597
2012-04-28 09:00:00,209.99278825783404
2012-04-28 10:00:00,217.66550485734479
2012-04-28 11:00:00,223.3787192044838
2012-04-28 12:00:00,221.37292423899635
2012-04-28 13:00:00,246.21282355830772
2012-04-28 14:00:00,265.732321614807
2012-04-28 15:00:00,271.7913526240445
2012-04-28 16:00:00,284.26269620039966
2012-04-28 17:00:00,279.10492942575365
2012-04-28 18:00:00,259.9934758920281
2012-04-28 19:00:00,206.78493616037304
2012-04-28 20:00:00,237.47419817003538
2012-04-28 21:00:00,224.66250523904455
2012-04-28 22:00:00,235.56196055436158
2012-04-28 23:00:00,243.9412737020466
2012-04-29 00:00:00,37.25011589526548
2012-04-29 01:00:00,50.29995133870398
2012-04-29 02:00:00,48.64735150549677
2012-04-29 03:00:00,55.96687297275639
2012-04-29 04:00:00,61.68008731986629
2012-04-29 05:00:00,72.68744759084075
2012-04-29 06:00:00,77.82785983913345
2012-04-29 07:00:00,80.50521334618679
2012-04-29 08:00:00,133.0082349940203
2012-04-29 09:00:00,155.81302640590002
2012-04-29 10:00:00,174.9476736994111
2012-04-29 11:00:00,221.6519857145322
2012-04-29 12:00:00,252.29105865972815
2012-04-29 13:00:00,262.8602500295674
2012-04-29 14:00:00,298.8772805671033
2012-04-29 15:00:00,310.2137109162286
2012-04-29 16:00:00,359.4034507183824
2012-04-29 17:00:00,374.0390814097191
2012-04-29 18:00:00,382.4282266643713
2012-04-29 19:00:00,345.7383046321047
2012-04-29 20:00:00,358.09713921614457
2012-04-29 21:00:00,325.50272858448443
2012-04-29 22:00:00,329.8685345884587
2012-04-29 23:00:00,304.4999135575781
2012-04-30 00:00:00,92.4241384723573
2012-04-30 01:00:00,84.80984147309209
2012-04-30 02:00:00,106.49416700651636
2012-04-30 03:00:00,100.51850819500396
2012-04-30 04:00:00,135.3317251787521
2012-04-30 05:00:00,143.19531965401256
2012-04-30 06:00:00,184.20081001211656
2012-04-30 07:00:00,185.95908076505293
2012-04-30 08:00:00,208.06843059236417
2012-04-30 09:00:00,210.7457840994175
2012-04-30 10:00:00,226.34691011588438
2012-04-30 11:00:00,230.7204581401602
2012-04-30 12:00:00,233.55211796879303
2012-04-30 13:00:00,241.17155940225348
2012-04-30 14:00:00,247.24551066334243
2012-04-30 15:00:00,258.80137346236734
2012-04-30 16:00:00,274.4058007739368
2012-04-30 17:00:00,281.1960061735299
2012-04-30 18:00:00,286.0237398087338
2012-04-30 19:00:00,282.07958692789543
2012-04-30 20:00:00,293.20268341273186
2012-04-30 21:00:00,301.0662778879923
2012-04-30 22:00:00,315.9969149173121
2012-04-30 23:00:00,326.01088952072314
2012-05-20 00:00:00,171.57298067508964
2012-05-20 01:00:00,172.94195993989706
2012-05-20 02:00:00,180.80555441515753
2012-05-20 03:00:00,179.01538363922737
2012-05-20 04:00:00,157.69202582578873
2012-05-20 05:00:00,153.18622580968076
2012-05-20 06:00:00,180.4391805275518
2012-05-20 07:00:00,185.04327299323631
2012-05-20 08:00:00,225.76113548350986
2012-05-20 09:00:00,311.29158777496195
2012-05-20 10:00:00,318.64437720601563
2012-05-20 11:00:00,323.5147469188669
2012-05-20 12:00:00,336.14399879355915
2012-05-20 13:00:00,341.33166236127727
2012-05-20 14:00:00,353.62981154213776
2012-05-20 15:00:00,352.639849322848
2012-05-20 16:00:00,362.1746857178805
2012-05-20 17:00:00,362.8595673951495
2012-05-20 18:00:00,357.5396518356283
2012-05-20 19:00:00,338.7695742388314
2012-05-20 20:00:00,346.6331687140919
2012-05-20 21:00:00,332.401806052163
2012-05-20 22:00:00,325.20893137008534
2012-05-20 23:00:00,308.85718864543014
2012-05-21 00:00:00,97.9451540260925
2012-05-21 01:00:00,107.95912862950354
2012-05-21 02:00:00,95.08235254223109
2012-05-21 03:00:00,121.95652102062013
2012-05-21 04:00:00,124.63387452764437
2012-05-21 05:00:00,132.49746900290484
2012-05-21 06:00:00,140.3610634781653
2012-05-21 07:00:00,148.22465795342578
2012-05-21 08:00:00,154.4745668383839
2012-05-21 09:00:00,161.2647722379479
2012-05-21 10:00:00,176.04440424081986
2012-05-21 11:00:00,199.7097237672133
2012-05-21 12:00:00,210.7970874462626
2012-05-21 13:00:00,213.47444095331593
2012-05-21 14:00:00,219.18765530045494
2012-05-21 15:00:00,265.8877268290089
2012-05-21 16:00:00,275.90170143241994
2012-05-21 17:00:00,296.6464323394466
2012-05-21 18:00:00,291.4409820191504
2012-05-21 19:00:00,311.64901838832884
2012-05-21 20:00:00,316.38199167509447
2012-05-21 21:00:00,321.6626399466186
2012-05-21 22:00:00,315.0938416806748
2012-05-21 23:00:00,332.44443738041446
2012-05-22 00:00:00,117.10404374846257
2012-05-22 01:00:00,115.48063699924387
2012-05-22 02:00:00,122.27084239880787
2012-05-22 03:00:00,130.13443687406834
2012-05-22 04:00:00,125.20721454080194
2012-05-22 05:00:00,128.95795712355175
2012-05-22 06:00:00,133.59778239499428
2012-05-22 07:00:00,141.46137687025475
2012-05-22 08:00:00,155.58460138938972
2012-05-22 09:00:00,182.0567085276416
2012-05-22 10:00:00,203.35194281151053
2012-05-22 11:00:00,207.98816610616632
2012-05-22 12:00:00,224.35653110186104
2012-05-22 13:00:00,243.39725679531693
2012-05-22 14:00:00,255.02491698903032
2012-05-22 15:00:00,306.20641978736967
2012-05-22 16:00:00,309.86600399846793
2012-05-22 17:00:00,337.7176503088267
2012-05-22 18:00:00,326.66658202465624
2012-05-22 19:00:00,316.71102702154894
2012-05-22 20:00:00,312.7668741407397
2012-05-22 21:00:00,301.38851142307976
2012-05-22 22:00:00,317.81756182198296
2012-05-22 23:00:00,326.21785083506256
2012-05-23 00:00:00,136.47758128176793
2012-05-23 01:00:00,126.70912766098627
2012-05-23 02:00:00,129.3864811680687
2012-05-23 03:00:00,154.25427082981332
2012-05-23 04:00:00,136.26011342401034
2012-05-23 05:00:00,131.33289109077305
2012-05-23 06:00:00,144.19481817045016
2012-05-23 07:00:00,163.23554386390606
2012-05-23 08:00:00,171.09913833916653
2012-05-23 09:00:00,197.22623579675565
2012-05-23 10:00:00,213.50344242079882
2012-05-23 11:00:00,233.08086265210295
2012-05-23 12:00:00,251.86672377149807
2012-05-23 13:00:00,252.24185337556992
2012-05-23 14:00:00,287.2963263329584
2012-05-23 15:00:00,298.0173614776577
2012-05-23 16:00:00,303.9220861653157
2012-05-23 17:00:00,281.7944449154311
2012-05-23 18:00:00,289.65803939069156
2012-05-23 19:00:00,267.8332446468412
2012-05-23 20:00:00,273.00976445613196
2012-05-23 21:00:00,277.64598775078775
2012-05-23 22:00:00,291.4240280726226
2012-05-23 23:00:00,298.6312150641752
2012-05-24 00:00:00,116.38301235885592
2012-05-24 01:00:00,110.30322508508107
2012-05-24 02:00:00,114.93944837976596
2012-05-24 03:00:00,121.38086760524311
2012-05-24 04:00:00,131.39484220862505
2012-05-24 05:00:00,139.25843668388552
2012-05-24 06:00:00,147.122031159146
2012-05-24 07:00:00,171.96486822349834
2012-05-24 08:00:00,209.78643046008074
2012-05-24 09:00:00,218.7270159877953
2012-05-24 10:00:00,246.560140069545
2012-05-24 11:00:00,259.16443934684503
2012-05-24 12:00:00,289.70676229993114
2012-05-24 13:00:00,312.62682593252975
2012-05-24 14:00:00,325.3463974305196
2012-05-24 15:00:00,334.2833809814765
2012-05-24 16:00:00,345.9110411751608
2012-05-24 17:00:00,351.08756098445156
2012-05-24 18:00:00,357.8592441554065
2012-05-24 19:00:00,345.6344348266721
2012-05-24 20:00:00,321.9878683349234
2012-05-24 21:00:00,293.5149908074818
2012-05-24 22:00:00,304.41444612279884
2012-05-24 23:00:00,313.3514296737558
2012-05-25 00:00:00,122.98330721093225
2012-05-25 01:00:00,129.23681807267712
2012-05-25 02:00:00,128.6868003991258
2012-05-25 03:00:00,126.34612624638248
2012-05-25 04:00:00,130.44565500319004
2012-05-25 05:00:00,141.53662065902608
2012-05-25 06:00:00,149.9369096721348
2012-05-25 07:00:00,159.95088427554583
2012-05-25 08:00:00,168.39464811468497
2012-05-25 09:00:00,177.3316316656419
2012-05-25 10:00:00,228.87653645849787
2012-05-25 11:00:00,235.66313988130423
2012-05-25 12:00:00,282.18395249082823
2012-05-25 13:00:00,300.2342302617035
2012-05-25 14:00:00,316.2382563667197
2012-05-25 15:00:00,326.6452989516838
2012-05-25 16:00:00,356.9098261439358
2012-05-25 17:00:00,345.5998590827803
2012-05-25 18:00:00,350.2360823774652
2012-05-25 19:00:00,351.71655736953835
2012-05-25 20:00:00,340.74469671715633
2012-05-25 21:00:00,347.5313001399627
2012-05-25 22:00:00,326.49917217114125
2012-05-25 23:00:00,326.7552530610992
2012-05-26 00:00:00,124.49667140634847
2012-05-26 01:00:00,131.28327482915483
2012-05-26 02:00:00,126.9362218597962
2012-05-26 03:00:00,130.99587776736007
2012-05-26 04:00:00,139.9328613182879
2012-05-26 05:00:00,166.0655503962771
2012-05-26 06:00:00,157.81043039693031
2012-05-26 07:00:00,159.4143948283163
2012-05-26 08:00:00,200.27181790498435
2012-05-26 09:00:00,196.34241075936006
2012-05-26 10:00:00,230.4904271394189
2012-05-26 11:00:00,255.9860697106924
2012-05-26 12:00:00,290.71388069936074
2012-05-26 13:00:00,306.0339837334468
2012-05-26 14:00:00,314.9745692611614
2012-05-26 15:00:00,324.9885438645724
2012-05-26 16:00:00,355.13419685934787
2012-05-26 17:00:00,360.12407927945605
2012-05-26 18:00:00,361.0965888245555
2012-05-26 19:00:00,340.5728010579478
2012-05-26 20:00:00,365.95279665326234
2012-05-26 21:00:00,358.5977731863095
2012-05-26 22:00:00,344.6359890666499
2012-05-26 23:00:00,352.4995835419104
2012-05-27 00:00:00,165.0934942039603
2012-05-27 01:00:00,165.35251283890102
2012-05-27 02:00:00,170.51051041958272
2012-05-27 03:00:00,176.2237247666926
2012-05-27 04:00:00,156.2761296319659
2012-05-27 05:00:00,164.13972410722636
2012-05-27 06:00:00,170.92992950679036
2012-05-27 07:00:00,164.82518963562325
2012-05-27 08:00:00,188.70337012319942
2012-05-27 09:00:00,206.1774552622228
2012-05-27 10:00:00,241.96390959137352
2012-05-27 11:00:00,278.3091826637683
2012-05-27 12:00:00,292.01182361412793
2012-05-27 13:00:00,318.7466060227598
2012-05-27 14:00:00,328.76058062617085
2012-05-27 15:00:00,350.8846761886962
2012-05-27 16:00:00,358.74827066395665
2012-05-27 17:00:00,373.25388339936035
2012-05-27 18:00:00,361.82864411751507
2012-05-27 19:00:00,365.9281728742935
2012-05-27 20:00:00,370.2902023848728
2012-05-27 21:00:00,329.41529486709624
2012-05-27 22:00:00,280.46051332794013
2012-05-27 23:00:00,293.1615625973209
2012-05-28 00:00:00,117.66647749836557
2012-05-28 01:00:00,136.97428742045304
2012-05-28 02:00:00,128.6280090494256
2012-05-28 03:00:00,163.22580208221916
2012-05-28 04:00:00,155.09616116576944
2012-05-28 05:00:00,162.95975564102991
2012-05-28 06:00:00,186.81658550797147
2012-05-28 07:00:00,182.35426031789393
2012-05-28 08:00:00,214.27612244311604
2012-05-28 09:00:00,247.9269423793594
2012-05-28 10:00:00,255.79053685461986
2012-05-28 11:00:00,266.84954619812197
2012-05-28 12:00:00,292.35993450458045
2012-05-28 13:00:00,324.42596641302225
2012-05-28 14:00:00,332.2895608882827
2012-05-28 15:00:00,355.90846784363384
2012-05-28 16:00:00,364.8490533713484
2012-05-28 17:00:00,371.6356567941548
2012-05-28 18:00:00,368.62827014763025
2012-05-28 19:00:00,380.8644540407695
2012-05-28 20:00:00,369.7166357645183
2012-05-28 21:00:00,364.1623992701643
2012-05-28 22:00:00,351.0513022481173
2012-05-28 23:00:00,349.80160250343033
2012-05-29 00:00:00,160.74569574923953
2012-05-29 01:00:00,168.6092902245
2012-05-29 02:00:00,157.64857333057444
2012-05-29 03:00:00,179.03035074431682
2012-05-29 04:00:00,178.24517338754958
2012-05-29 05:00:00,186.10876786281005
2012-05-29 06:00:00,193.97236233807052
2012-05-29 07:00:00,201.835956813331
2012-05-29 08:00:00,233.82999108848162
2012-05-29 09:00:00,256.72510212365887
2012-05-29 10:00:00,270.9680395886826
2012-05-29 11:00:00,299.8532021254359
2012-05-29 12:00:00,336.33870001594187
2012-05-29 13:00:00,357.19870314368745
2012-05-29 14:00:00,366.1356866946153
2012-05-29 15:00:00,379.0312158165034
2012-05-29 16:00:00,390.65527403343003
2012-05-29 17:00:00,398.1692753531679
2012-05-29 18:00:00,397.8489633726713
2012-05-29 19:00:00,386.23627972014947
2012-05-29 20:00:00,352.31314253571327
2012-05-29 21:00:00,271.22768261810415
2012-05-29 22:00:00,276.11594209473697
2012-05-29 23:00:00,259.58743476474774
2012-05-30 00:00:00,101.422420539835
2012-05-30 01:00:00,112.50978421894251
2012-05-30 02:00:00,97.90387580404058
2012-05-30 03:00:00,123.35604354928364
2012-05-30 04:00:00,136.40587899272214
2012-05-30 05:00:00,172.1811895634455
2012-05-30 06:00:00,174.23069016099907
2012-05-30 07:00:00,180.13181287187035
2012-05-30 08:00:00,206.0516409886768
2012-05-30 09:00:00,227.89471356882132
2012-05-30 10:00:00,238.98567922465736
2012-05-30 11:00:00,257.4759015413001
2012-05-30 12:00:00,295.43045124574564
2012-05-30 13:00:00,309.3993694433011
2012-05-30 14:00:00,341.3892524697876
2012-05-30 15:00:00,334.72967058740323
2012-05-30 16:00:00,343.6702561151178
2012-05-30 17:00:00,355.9249622368952
2012-05-30 18:00:00,366.4756313781254
2012-05-30 19:00:00,361.1557158185751
2012-05-30 20:00:00,303.98648241130286
2012-05-30 21:00:00,359.12083871715004
2012-05-30 22:00:00,337.7974809037405
2012-05-30 23:00:00,353.80150700872764
2012-05-31 00:00:00,161.35564056085423
2012-05-31 01:00:00,167.60915142257
2012-05-31 02:00:00,183.61317752758623
2012-05-31 03:00:00,182.36347778289928
2012-05-31 04:00:00,186.99970107755507
2012-05-31 05:00:00,204.00151060320786
2012-05-31 06:00:00,197.8856269735843
2012-05-31 07:00:00,230.0083675531787
2012-05-31 08:00:00,255.78143113007536
2012-05-31 09:00:00,285.9418298600649
2012-05-31 10:00:00,320.6658643553383
2012-05-31 11:00:00,333.5763137290487
2012-05-31 12:00:00,338.2125370237045
2012-05-31 13:00:00,348.9688297758694
2012-05-31 14:00:00,371.888893408468
2012-05-31 15:00:00,379.44633778728894
2012-05-31 16:00:00,386.7732377247303
2012-05-31 17:00:00,394.40628775855293
2012-05-31 18:00:00,400.61272181748063
2012-05-31 19:00:00,398.2896329970972
2012-05-31 20:00:00,380.0885810057807
2012-05-31 21:00:00,387.9521754810412
2012-05-31 22:00:00,378.83946511225076
2012-05-31 23:00:00,380.71300808590604
2012-06-20 00:00:00,168.92834083214984
2012-06-20 01:00:00,168.25843569613062
2012-06-20 02:00:00,158.37470985465916
2012-06-20 03:00:00,165.16131327746552
2012-06-20 04:00:00,171.4148241391813
2012-06-20 05:00:00,179.27841861444176
2012-06-20 06:00:00,161.2116250655963
2012-06-20 07:00:00,170.58855316226254
2012-06-20 08:00:00,223.42708646217943
2012-06-20 09:00:00,246.23565436748322
2012-06-20 10:00:00,332.6487477736664
2012-06-20 11:00:00,353.53370349883335
2012-06-20 12:00:00,369.1348295153002
2012-06-20 13:00:00,377.18552537288633
2012-06-20 14:00:00,403.1891333911626
2012-06-20 15:00:00,416.9709819733398
2012-06-20 16:00:00,428.5986421670241
2012-06-20 17:00:00,428.6279551089974
2012-06-20 18:00:00,436.4915495842579
2012-06-20 19:00:00,444.959859498631
2012-06-20 20:00:00,442.91419168387074
2012-06-20 21:00:00,431.02408702578396
2012-06-20 22:00:00,434.3812976338086
2012-06-20 23:00:00,410.0499693227466
2012-06-21 00:00:00,185.00052264425904
2012-06-21 01:00:00,175.18536697595846
2012-06-21 02:00:00,181.97557237552246
2012-06-21 03:00:00,196.25064066951745
2012-06-21 04:00:00,178.45702763972804
2012-06-21 05:00:00,186.85731665283674
2012-06-21 06:00:00,188.99797562204185
2012-06-21 07:00:00,196.86157009727322
2012-06-21 08:00:00,244.68190726573812
2012-06-21 09:00:00,308.0998170875828
2012-06-21 10:00:00,334.45665200511576
2012-06-21 11:00:00,360.6473614057468
2012-06-21 12:00:00,392.37834565524827
2012-06-21 13:00:00,393.2541052082379
2012-06-21 14:00:00,394.4284301039006
2012-06-21 15:00:00,423.706660622207
2012-06-21 16:00:00,421.68234342811047
2012-06-21 17:00:00,412.10476768307853
2012-06-21 18:00:00,417.84290286066243
2012-06-21 19:00:00,435.5944090052799
2012-06-21 20:00:00,427.4647680888884
2012-06-21 21:00:00,413.30897931501386
2012-06-21 22:00:00,400.5329299518489
2012-06-21 23:00:00,410.0570865815971
2012-06-22 00:00:00,189.10902966430876
2012-06-22 01:00:00,197.9015479105874
2012-06-22 02:00:00,183.17676529820892
2012-06-22 03:00:00,191.0403597734694
2012-06-22 04:00:00,224.9397734766535
2012-06-22 05:00:00,227.49723952120985
2012-06-22 06:00:00,232.13346281589475
2012-06-22 07:00:00,263.5858125560917
2012-06-22 08:00:00,281.24339710068307
2012-06-22 09:00:00,289.996881246072
2012-06-22 10:00:00,324.4149401615723
2012-06-22 11:00:00,331.3960234368569
2012-06-22 12:00:00,351.481783870433
2012-06-22 13:00:00,388.637395992846
2012-06-22 14:00:00,396.50099046810647
2012-06-22 15:00:00,422.1081287666748
2012-06-22 16:00:00,429.4819052682724
2012-06-22 17:00:00,392.9825566803338
2012-06-22 18:00:00,373.9104802357906
2012-06-22 19:00:00,376.53596718161134
2012-06-22 20:00:00,384.3995616568718
2012-06-22 21:00:00,339.1115911740344
2012-06-22 22:00:00,343.8294846471981
2012-06-22 23:00:00,326.72818642348284
2012-06-23 00:00:00,119.89795202351524
2012-06-23 01:00:00,151.30804044136312
2012-06-23 02:00:00,137.4267349280999
2012-06-23 03:00:00,141.5298656616942
2012-06-23 04:00:00,152.08053480292438
2012-06-23 05:00:00,161.01751835388131
2012-06-23 06:00:00,170.30689005565364
2012-06-23 07:00:00,180.8575591968838
2012-06-23 08:00:00,236.43004372698488
2012-06-23 09:00:00,270.73660691516125
2012-06-23 10:00:00,293.81881933266413
2012-06-23 11:00:00,317.978022802592
2012-06-23 12:00:00,348.2393227733555
2012-06-23 13:00:00,375.39175100572174
2012-06-23 14:00:00,374.14167650579475
2012-06-23 15:00:00,405.0732909470389
2012-06-23 16:00:00,416.2075311903027
2012-06-23 17:00:00,421.48457748509827
2012-06-23 18:00:00,430.961857550632
2012-06-23 19:00:00,428.2855735979974
2012-06-23 20:00:00,423.2430790440703
2012-06-23 21:00:00,420.14537277427735
2012-06-23 22:00:00,414.0294891446247
2012-06-23 23:00:00,402.9103999591898
2012-06-24 00:00:00,207.05366292517283
2012-06-24 01:00:00,202.1123590884963
2012-06-24 02:00:00,212.8539061054471
2012-06-24 03:00:00,190.6877036577498
2012-06-24 04:00:00,195.3239269524347
2012-06-24 05:00:00,199.35721816806472
2012-06-24 06:00:00,217.4110979156976
2012-06-24 07:00:00,214.98388063305174
2012-06-24 08:00:00,255.71666337517672
2012-06-24 09:00:00,282.59167060194886
2012-06-24 10:00:00,318.55501945121796
2012-06-24 11:00:00,331.2560687205987
2012-06-24 12:00:00,362.3313097181381
2012-06-24 13:00:00,372.3452843215491
2012-06-24 14:00:00,396.35725925845327
2012-06-24 15:00:00,410.3446996845887
2012-06-24 16:00:00,410.47076261864277
2012-06-24 17:00:00,414.2641412790399
2012-06-24 18:00:00,417.0846573492454
2012-06-24 19:00:00,413.6558483855915
2012-06-24 20:00:00,398.8841892090277
2012-06-24 21:00:00,386.38556085151504
2012-06-24 22:00:00,385.18273767098435
2012-06-24 23:00:00,386.9410084239498
2012-06-25 00:00:00,203.3247877304966
2012-06-25 01:00:00,195.47616979645682
2012-06-25 02:00:00,193.16422473452985
2012-06-25 03:00:00,199.3956113908789
2012-06-25 04:00:00,180.4097350879165
2012-06-25 05:00:00,196.95783420093358
2012-06-25 06:00:00,188.14749743515858
2012-06-25 07:00:00,214.83540327957598
2012-06-25 08:00:00,231.79754623956978
2012-06-25 09:00:00,257.30793454605737
2012-06-25 10:00:00,298.7212386209285
2012-06-25 11:00:00,346.4269360334729
2012-06-25 12:00:00,330.6579256624682
2012-06-25 13:00:00,325.7835462690855
2012-06-25 14:00:00,358.79354320521816
2012-06-25 15:00:00,380.5680138452153
2012-06-25 16:00:00,404.75594640601776
2012-06-25 17:00:00,425.75957609002944
2012-06-25 18:00:00,421.2675849129155
2012-06-25 19:00:00,424.9022165265633
2012-06-25 20:00:00,425.15093015148886
2012-06-25 21:00:00,419.20740216897684
2012-06-25 22:00:00,430.2836220895988
2012-06-25 23:00:00,426.8835422167904
2012-06-26 00:00:00,245.27256053476594
2012-06-26 01:00:00,250.243456733122
2012-06-26 02:00:00,213.4344859867415
2012-06-26 03:00:00,212.4871598450991
2012-06-26 04:00:00,220.8874488582078
2012-06-26 05:00:00,221.10743339228793
2012-06-26 06:00:00,217.60322505721706
2012-06-26 07:00:00,227.617199660599
2012-06-26 08:00:00,250.01909098395845
2012-06-26 09:00:00,271.97743578482186
2012-06-26 10:00:00,308.7010311035556
2012-06-26 11:00:00,329.8634078343166
2012-06-26 12:00:00,343.84707176708616
2012-06-26 13:00:00,366.1263123995741
2012-06-26 14:00:00,373.98990687483456
2012-06-26 15:00:00,390.6644219669688
2012-06-26 16:00:00,399.9037791209412
2012-06-26 17:00:00,404.7779253271874
2012-06-26 18:00:00,410.4911396743264
2012-06-26 19:00:00,413.5172793554375
2012-06-26 20:00:00,414.72033334194566
2012-06-26 21:00:00,410.24326241668314
2012-06-26 22:00:00,415.49157962060417
2012-06-26 23:00:00,402.8629333071585
2012-06-27 00:00:00,224.37519434347632
2012-06-27 01:00:00,226.12232133801444
2012-06-27 02:00:00,196.07064107249607
2012-06-27 03:00:00,213.19513305596774
2012-06-27 04:00:00,259.0421976899088
2012-06-27 05:00:00,261.87745949532837
2012-06-27 06:00:00,243.77375140402
2012-06-27 07:00:00,280.291723111819
2012-06-27 08:00:00,288.05479110157466
2012-06-27 09:00:00,303.00771564774914
2012-06-27 10:00:00,320.986196023965
2012-06-27 11:00:00,351.4997898862639
2012-06-27 12:00:00,365.08715861596284
2012-06-27 13:00:00,387.6043221600121
2012-06-27 14:00:00,398.85383462399477
2012-06-27 15:00:00,410.20407381208497
2012-06-27 16:00:00,422.5740521545522
2012-06-27 17:00:00,428.2872665016621
2012-06-27 18:00:00,426.92229453628534
2012-06-27 19:00:00,425.95001579722157
2012-06-27 20:00:00,420.16163288470125
2012-06-27 21:00:00,412.9687582026236
2012-06-27 22:00:00,410.1089748443919
2012-06-27 23:00:00,397.58822228148347
2012-06-28 00:00:00,205.00573299219832
2012-06-28 01:00:00,200.9648301192792
2012-06-28 02:00:00,220.19622740487102
2012-06-28 03:00:00,228.0598218801315
2012-06-28 04:00:00,208.36035651923157
2012-06-28 05:00:00,227.59553029821836
2012-06-28 06:00:00,235.45912477347883
2012-06-28 07:00:00,231.95113994498388
2012-06-28 08:00:00,268.98787786992034
2012-06-28 09:00:00,279.2943939693796
2012-06-28 10:00:00,306.1805449546082
2012-06-28 11:00:00,359.1201986479282
2012-06-28 12:00:00,386.10027123318287
2012-06-28 13:00:00,400.34698519160156
2012-06-28 14:00:00,410.2419110808987
2012-06-28 15:00:00,418.1055055561301
2012-06-28 16:00:00,429.9389638774155
2012-06-28 17:00:00,439.83766626010765
2012-06-28 18:00:00,437.9322232634877
2012-06-28 19:00:00,437.3344902773679
2012-06-28 20:00:00,432.3207248142571
2012-06-28 21:00:00,386.9678284417023
2012-06-28 22:00:00,399.8633575635322
2012-06-28 23:00:00,406.2568930047855
2012-06-29 00:00:00,225.61877391298185
2012-06-29 01:00:00,228.45403571840143
2012-06-29 02:00:00,222.17240132711595
2012-06-29 03:00:00,230.03599580237642
2012-06-29 04:00:00,217.81478845042875
2012-06-29 05:00:00,231.66843442729441
2012-06-29 06:00:00,236.49616806249833
2012-06-29 07:00:00,247.39562337778625
2012-06-29 08:00:00,271.78998653095914
2012-06-29 09:00:00,291.7558595020091
2012-06-29 10:00:00,377.83906371795456
2012-06-29 11:00:00,377.6671937741339
2012-06-29 12:00:00,397.0575126231124
2012-06-29 13:00:00,413.00004634351353
2012-06-29 14:00:00,434.54434729737113
2012-06-29 15:00:00,434.34311579790665
2012-06-29 16:00:00,442.2067102731671
2012-06-29 17:00:00,465.8690602875722
2012-06-29 18:00:00,456.75600693046
2012-06-29 19:00:00,439.91991684774985
2012-06-29 20:00:00,464.85013579035876
2012-06-29 21:00:00,424.95106037470396
2012-06-29 22:00:00,405.3316096269991
2012-06-29 23:00:00,413.1952041022596
2012-06-30 00:00:00,104.80114536269684
2012-06-30 01:00:00,114.81511996607878
2012-06-30 02:00:00,119.80012943482143
2012-06-30 03:00:00,127.6637239100819
2012-06-30 04:00:00,116.81827923687524
2012-06-30 05:00:00,154.49159967538435
2012-06-30 06:00:00,162.35519415064482
2012-06-30 07:00:00,170.2187886258762
2012-06-30 08:00:00,178.08238310113666
2012-06-30 09:00:00,185.94597757639713
2012-06-30 10:00:00,377.91072321493994
2012-06-30 11:00:00,385.7743176902004
2012-06-30 12:00:00,393.6379121654609
2012-06-30 13:00:00,401.50150664072135
2012-06-30 14:00:00,409.3651011159818
2012-06-30 15:00:00,417.2286955912132
2012-06-30 16:00:00,428.6692861695483
2012-06-30 17:00:00,424.58490847059875
2012-06-30 18:00:00,425.2985192386841
2012-06-30 19:00:00,414.47799539595144
2012-06-30 20:00:00,405.6319370295387
2012-06-30 21:00:00,413.49553150479915
2012-06-30 22:00:00,391.5016847041843
2012-06-30 23:00:00,396.67820451347507
2012-07-20 00:00:00,115.57391002890654
2012-07-20 01:00:00,135.42007005409687
2012-07-20 02:00:00,136.4873399476055
2012-07-20 03:00:00,144.8876289606851
2012-07-20 04:00:00,154.90160356409615
2012-07-20 05:00:00,161.68820698690251
2012-07-20 06:00:00,170.6287925146171
2012-07-20 07:00:00,179.56577606557403
2012-07-20 08:00:00,210.89292333030608
2012-07-20 09:00:00,234.353457994177
2012-07-20 10:00:00,243.29404352189158
2012-07-20 11:00:00,265.7538252530794
2012-07-20 12:00:00,237.16106026314083
2012-07-20 13:00:00,242.87427461025072
2012-07-20 14:00:00,259.3866409175098
2012-07-20 15:00:00,277.27393115509767
2012-07-20 16:00:00,279.7161249789642
2012-07-20 17:00:00,266.2665467928746
2012-07-20 18:00:00,297.0853538553347
2012-07-20 19:00:00,284.6262235917966
2012-07-20 20:00:00,291.06764281730284
2012-07-20 21:00:00,295.8079945742502
2012-07-20 22:00:00,304.01677324681077
2012-07-20 23:00:00,315.1077389026468
2012-07-21 00:00:00,128.52233555633575
2012-07-21 01:00:00,140.49517994734924
2012-07-21 02:00:00,125.54048535838956
2012-07-21 03:00:00,132.32708878116682
2012-07-21 04:00:00,140.29481171868974
2012-07-21 05:00:00,147.0814151414961
2012-07-21 06:00:00,154.94500961675658
2012-07-21 07:00:00,167.99484506019508
2012-07-21 08:00:00,186.03397907264298
2012-07-21 09:00:00,191.74719341975288
2012-07-21 10:00:00,186.39938751779846
2012-07-21 11:00:00,214.36546730043483
2012-07-21 12:00:00,215.9694317317917
2012-07-21 13:00:00,221.6826460789307
2012-07-21 14:00:00,224.01286897718091
2012-07-21 15:00:00,226.69022248426336
2012-07-21 16:00:00,232.40343683137326
2012-07-21 17:00:00,239.19364223093726
2012-07-21 18:00:00,253.31686675007222
2012-07-21 19:00:00,260.1070721496362
2012-07-21 20:00:00,262.78442565668956
2012-07-21 21:00:00,275.83426110015716
2012-07-21 22:00:00,281.54747544726706
2012-07-21 23:00:00,285.6470042041037
2012-07-22 00:00:00,108.77295083072386
2012-07-22 01:00:00,118.7869254341349
2012-07-22 02:00:00,124.5001397812448
2012-07-22 03:00:00,132.36373425647616
2012-07-22 04:00:00,141.64950398149085
2012-07-22 05:00:00,149.51309845675132
2012-07-22 06:00:00,174.12686229290557
2012-07-22 07:00:00,178.76308558756136
2012-07-22 08:00:00,201.5429244020197
2012-07-22 09:00:00,236.25598965550307
2012-07-22 10:00:00,233.9440445935761
2012-07-22 11:00:00,241.80763906880748
2012-07-22 12:00:00,271.082093093748
2012-07-22 13:00:00,288.58453256834764
2012-07-22 14:00:00,308.6694542535115
2012-07-22 15:00:00,316.533048728772
2012-07-22 16:00:00,329.16230060349335
2012-07-22 17:00:00,341.32665533502586
2012-07-22 18:00:00,347.03986968213576
2012-07-22 19:00:00,341.99737512817956
2012-07-22 20:00:00,336.9798331716738
2012-07-22 21:00:00,332.5175079816254
2012-07-22 22:00:00,353.7804111978912
2012-07-22 23:00:00,341.8615774489881
2012-07-23 00:00:00,126.62005348253297
2012-07-23 01:00:00,138.2441116994596
2012-07-23 02:00:00,126.98546192768845
2012-07-23 03:00:00,134.8490564029198
2012-07-23 04:00:00,144.32273449169588
2012-07-23 05:00:00,152.18632896695635
2012-07-23 06:00:00,180.9416737864376
2012-07-23 07:00:00,214.31063199191703
2012-07-23 08:00:00,239.80987653994816
2012-07-23 09:00:00,258.47686346192495
2012-07-23 10:00:00,295.4306602337456
2012-07-23 11:00:00,330.53264222011785
2012-07-23 12:00:00,338.3962366953783
2012-07-23 13:00:00,344.1094510424882
2012-07-23 14:00:00,338.90480770365684
2012-07-23 15:00:00,365.9341212520085
2012-07-23 16:00:00,382.4933641234529
2012-07-23 17:00:00,390.3569585987134
2012-07-23 18:00:00,405.5899692310486
2012-07-23 19:00:00,401.8514081941976
2012-07-23 20:00:00,376.6337921897939
2012-07-23 21:00:00,385.57077574072173
2012-07-23 22:00:00,384.9008706047025
2012-07-23 23:00:00,382.5777817843482
2012-07-24 00:00:00,179.84110357856844
2012-07-24 01:00:00,170.07264995781588
2012-07-24 02:00:00,161.2623131920118
2012-07-24 03:00:00,169.12590766724315
2012-07-24 04:00:00,174.30242747653392
2012-07-24 05:00:00,182.70271648964263
2012-07-24 06:00:00,191.63970004057046
2012-07-24 07:00:00,235.96325595781673
2012-07-24 08:00:00,262.5470333400008
2012-07-24 09:00:00,329.3336935455154
2012-07-24 10:00:00,337.103160137136
2012-07-24 11:00:00,351.7035332209489
2012-07-24 12:00:00,344.957033453451
2012-07-24 13:00:00,366.3537311190157
2012-07-24 14:00:00,371.5302509283065
2012-07-24 15:00:00,386.87409305619076
2012-07-24 16:00:00,377.7863352847926
2012-07-24 17:00:00,389.039449725562
2012-07-24 18:00:00,367.04560292494716
2012-07-24 19:00:00,368.99475155363325
2012-07-24 20:00:00,363.9772095971275
2012-07-24 21:00:00,373.99118420050945
2012-07-24 22:00:00,382.9281677514664
2012-07-24 23:00:00,405.9705073196965
2012-07-25 00:00:00,219.51469237339916
2012-07-25 01:00:00,218.8485637307749
2012-07-25 02:00:00,216.94312073415495
2012-07-25 03:00:00,211.90062618016964
2012-07-25 04:00:00,215.02351585339056
2012-07-25 05:00:00,220.73673020052956
2012-07-25 06:00:00,229.6737137514865
2012-07-25 07:00:00,277.6456884111976
2012-07-25 08:00:00,304.83798949283664
2012-07-25 09:00:00,329.2315138975973
2012-07-25 10:00:00,327.3160703223257
2012-07-25 11:00:00,348.0857538267737
2012-07-25 12:00:00,355.9493483020342
2012-07-25 13:00:00,378.5383092407719
2012-07-25 14:00:00,394.1607858779025
2012-07-25 15:00:00,391.57842352529406
2012-07-25 16:00:00,410.96496588087757
2012-07-25 17:00:00,408.8438986946712
2012-07-25 18:00:00,429.68537959377863
2012-07-25 19:00:00,415.83196442294866
2012-07-25 20:00:00,405.76113719915156
2012-07-25 21:00:00,401.39933849460795
2012-07-25 22:00:00,381.8336675830069
2012-07-25 23:00:00,392.906111010263
2012-07-26 00:00:00,187.45740554103395
2012-07-26 01:00:00,196.39799106874852
2012-07-26 02:00:00,197.1945429899497
2012-07-26 03:00:00,203.9847483895137
2012-07-26 04:00:00,200.59581227513263
2012-07-26 05:00:00,208.4594067503931
2012-07-26 06:00:00,206.56510751220048
2012-07-26 07:00:00,239.6361328398052
2012-07-26 08:00:00,242.31348634688766
2012-07-26 09:00:00,258.7574569976132
2012-07-26 10:00:00,279.8003210211464
2012-07-26 11:00:00,325.1726881718496
2012-07-26 12:00:00,360.19927078680485
2012-07-26 13:00:00,380.5225793767022
2012-07-26 14:00:00,412.28229271702
2012-07-26 15:00:00,436.6758171217807
2012-07-26 16:00:00,453.1122347857454
2012-07-26 17:00:00,442.064942994999
2012-07-26 18:00:00,462.71935427872813
2012-07-26 19:00:00,454.5683627416438
2012-07-26 20:00:00,436.29153662367025
2012-07-26 21:00:00,437.2598631531582
2012-07-26 22:00:00,445.1234576284187
2012-07-26 23:00:00,374.0340206194087
2012-07-27 00:00:00,188.55844673348474
2012-07-27 01:00:00,200.18610692716902
2012-07-27 02:00:00,186.06641450917232
2012-07-27 03:00:00,205.18253957404522
2012-07-27 04:00:00,196.95614866554388
2012-07-27 05:00:00,194.64420360361692
2012-07-27 06:00:00,212.68333761606482
2012-07-27 07:00:00,250.59144298254978
2012-07-27 08:00:00,276.13416235664045
2012-07-27 09:00:00,339.8294931840792
2012-07-27 10:00:00,342.5209599615482
2012-07-27 11:00:00,362.21344612992834
2012-07-27 12:00:00,370.8730086752912
2012-07-27 13:00:00,376.32694949014694
2012-07-27 14:00:00,393.26073811456445
2012-07-27 15:00:00,406.8800631565973
2012-07-27 16:00:00,397.7673527877778
2012-07-27 17:00:00,424.75763223526883
2012-07-27 18:00:00,408.63856471554027
2012-07-27 19:00:00,409.132743033726
2012-07-27 20:00:00,390.0204507516173
2012-07-27 21:00:00,397.8840452268778
2012-07-27 22:00:00,406.8210287778347
2012-07-27 23:00:00,390.8607083048846
2012-07-28 00:00:00,210.11313793004956
2012-07-28 01:00:00,199.11292294212035
2012-07-28 02:00:00,203.74914623677614
2012-07-28 03:00:00,211.6127407120075
2012-07-28 04:00:00,203.4074941405852
2012-07-28 05:00:00,201.6641999288695
2012-07-28 06:00:00,230.43409024493303
2012-07-28 07:00:00,247.90457340716966
2012-07-28 08:00:00,269.7512479641009
2012-07-28 09:00:00,302.9844220765808
2012-07-28 10:00:00,338.90089436166454
2012-07-28 11:00:00,366.6331172026403
2012-07-28 12:00:00,374.21929067230667
2012-07-28 13:00:00,392.7667648869974
2012-07-28 14:00:00,399.83078931539785
2012-07-28 15:00:00,423.98999278535484
2012-07-28 16:00:00,414.4845891902223
2012-07-28 17:00:00,401.31186986877583
2012-07-28 18:00:00,414.7153644376376
2012-07-28 19:00:00,297.6996451061277
2012-07-28 20:00:00,305.09456594480434
2012-07-28 21:00:00,318.29624516313197
2012-07-28 22:00:00,326.15983963839244
2012-07-28 23:00:00,323.8478945764655
2012-07-29 00:00:00,128.81641684431816
2012-07-29 01:00:00,151.6100644977705
2012-07-29 02:00:00,182.63086142746033
2012-07-29 03:00:00,203.8973666204838
2012-07-29 04:00:00,205.94326524125063
2012-07-29 05:00:00,190.7252311501361
2012-07-29 06:00:00,212.45663348634844
2012-07-29 07:00:00,236.42513359719305
2012-07-29 08:00:00,260.8621328280133
2012-07-29 09:00:00,284.437939712574
2012-07-29 10:00:00,284.1361817276047
2012-07-29 11:00:00,319.0760149290727
2012-07-29 12:00:00,330.703675122757
2012-07-29 13:00:00,360.288055737532
2012-07-29 14:00:00,369.41214067078545
2012-07-29 15:00:00,381.23067874021945
2012-07-29 16:00:00,389.0942732154799
2012-07-29 17:00:00,406.84577936009737
2012-07-29 18:00:00,411.0133290181693
2012-07-29 19:00:00,379.8343906029768
2012-07-29 20:00:00,362.1885553781176
2012-07-29 21:00:00,358.21944989985786
2012-07-29 22:00:00,356.47615568814217
2012-07-29 23:00:00,360.57568444494973
2012-07-30 00:00:00,179.57834299953538
2012-07-30 01:00:00,184.21456629422028
2012-07-30 02:00:00,183.54466115817195
2012-07-30 03:00:00,164.55878485518042
2012-07-30 04:00:00,172.4223793304409
2012-07-30 05:00:00,184.05003952415427
2012-07-30 06:00:00,194.0640141275362
2012-07-30 07:00:00,224.44796478917124
2012-07-30 08:00:00,246.37105198253994
2012-07-30 09:00:00,259.5838749592949
2012-07-30 10:00:00,283.6527270390361
2012-07-30 11:00:00,320.1814995169407
2012-07-30 12:00:00,316.1007237947488
2012-07-30 13:00:00,359.1232727347524
2012-07-30 14:00:00,369.13724733816343
2012-07-30 15:00:00,378.07423088909127
2012-07-30 16:00:00,387.01481641680584
2012-07-30 17:00:00,371.0072446244303
2012-07-30 18:00:00,379.7571267930325
2012-07-30 19:00:00,408.7330154752708
2012-07-30 20:00:00,354.56882373057306
2012-07-30 21:00:00,361.3554271533794
2012-07-30 22:00:00,352.22863528112066
2012-07-30 23:00:00,364.20147967213416
2012-07-31 00:00:00,162.70394130371278
2012-07-31 01:00:00,153.8936045379087
2012-07-31 02:00:00,161.75719901316916
2012-07-31 03:00:00,168.01070987488492
2012-07-31 04:00:00,175.8743043501454
2012-07-31 05:00:00,186.42497349137557
2012-07-31 06:00:00,173.54442091073724
2012-07-31 07:00:00,212.83604218135588
2012-07-31 08:00:00,234.14619671704713
2012-07-31 09:00:00,263.9930780855648
2012-07-31 10:00:00,276.2330384721281
2012-07-31 11:00:00,309.88385840834235
2012-07-31 12:00:00,347.90726776246447
2012-07-31 13:00:00,355.2307341948035
2012-07-31 14:00:00,363.094328670064
2012-07-31 15:00:00,338.03525947377784
2012-07-31 16:00:00,357.26665675936965
2012-07-31 17:00:00,378.3137612694409
2012-07-31 18:00:00,377.48170734845917
2012-07-31 19:00:00,358.6484818018216
2012-07-31 20:00:00,334.8104049695248
2012-07-31 21:00:00,329.9898054122168
2012-07-31 22:00:00,350.1793195528153
2012-07-31 23:00:00,322.7834330778278
2012-08-20 00:00:00,133.23189782255213
2012-08-20 01:00:00,148.4321133941703
2012-08-20 02:00:00,156.29570786943077
2012-08-20 03:00:00,148.06554046753445
2012-08-20 04:00:00,164.14958118577488
2012-08-20 05:00:00,168.78580448043067
2012-08-20 06:00:00,195.455188096239
2012-08-20 07:00:00,208.059487373539
2012-08-20 08:00:00,225.02523231026134
2012-08-20 09:00:00,242.03085009628558
2012-08-20 10:00:00,253.12181575215072
2012-08-20 11:00:00,279.58948216523277
2012-08-20 12:00:00,290.4072673020419
2012-08-20 13:00:00,320.1421777449723
2012-08-20 14:00:00,341.9888523018453
2012-08-20 15:00:00,353.07621598095284
2012-08-20 16:00:00,360.9398104562133
2012-08-20 17:00:00,356.9743069547112
2012-08-20 18:00:00,298.8597868576471
2012-08-20 19:00:00,304.573001204757
2012-08-20 20:00:00,301.72058511158684
2012-08-20 21:00:00,299.789557052718
2012-08-20 22:00:00,302.46691055977135
2012-08-20 23:00:00,310.3305050350318
2012-08-21 00:00:00,132.91975712380372
2012-08-21 01:00:00,142.3934352125798
2012-08-21 02:00:00,140.71853665736853
2012-08-21 03:00:00,138.7875085984997
2012-08-21 04:00:00,146.65110307376017
2012-08-21 05:00:00,167.91760826681275
2012-08-21 06:00:00,176.31789727989235
2012-08-21 07:00:00,207.65618830308085
2012-08-21 08:00:00,216.5931718540378
2012-08-21 09:00:00,247.44164490356343
2012-08-21 10:00:00,280.0908731587697
2012-08-21 11:00:00,307.94251946912846
2012-08-21 12:00:00,335.0949477014947
2012-08-21 13:00:00,354.10694430413423
2012-08-21 14:00:00,376.0688910817262
2012-08-21 15:00:00,380.70511437638197
2012-08-21 16:00:00,388.56870885164244
2012-08-21 17:00:00,377.18313613548526
2012-08-21 18:00:00,375.8181641701085
2012-08-21 19:00:00,306.5630844089901
2012-08-21 20:00:00,325.80075250167283
2012-08-21 21:00:00,333.6643469769042
2012-08-21 22:00:00,327.559607105708
2012-08-21 23:00:00,320.5069572417706
2012-08-22 00:00:00,143.6329038683907
2012-08-22 01:00:00,161.6758143742336
2012-08-22 02:00:00,169.53940884949407
2012-08-22 03:00:00,177.40300332475454
2012-08-22 04:00:00,165.58091956793214
2012-08-22 05:00:00,188.38948747323593
2012-08-22 06:00:00,211.16932628769428
2012-08-22 07:00:00,208.8573812257673
2012-08-22 08:00:00,234.8895438182517
2012-08-22 09:00:00,265.31299257389037
2012-08-22 10:00:00,289.2850946615217
2012-08-22 11:00:00,308.0196702585381
2012-08-22 12:00:00,327.8745114954363
2012-08-22 13:00:00,350.34820021348423
2012-08-22 14:00:00,364.3171184110106
2012-08-22 15:00:00,367.14877823967254
2012-08-22 16:00:00,352.648644016881
2012-08-22 17:00:00,360.5122384921415
2012-08-22 18:00:00,337.15246111981105
2012-08-22 19:00:00,315.68106779188383
2012-08-22 20:00:00,333.0131412630144
2012-08-22 21:00:00,333.888900816004
2012-08-22 22:00:00,341.7524952912645
2012-08-22 23:00:00,321.70437367103295
2012-08-23 00:00:00,155.0096363282355
2012-08-23 01:00:00,147.9569864642981
2012-08-23 02:00:00,155.82058093955857
2012-08-23 03:00:00,166.9115465953946
2012-08-23 04:00:00,171.5477698900795
2012-08-23 05:00:00,179.41136436533998
2012-08-23 06:00:00,166.60704990447266
2012-08-23 07:00:00,193.17968352822936
2012-08-23 08:00:00,232.63345358372317
2012-08-23 09:00:00,254.91647070960607
2012-08-23 10:00:00,305.1213344243879
2012-08-23 11:00:00,334.3088705641858
2012-08-23 12:00:00,360.2690355234081
2012-08-23 13:00:00,384.65915819001384
2012-08-23 14:00:00,371.5729819984117
2012-08-23 15:00:00,376.2092052930675
2012-08-23 16:00:00,376.31391760645784
2012-08-23 17:00:00,392.4332159321639
2012-08-23 18:00:00,389.4507818830898
2012-08-23 19:00:00,385.39873525171424
2012-08-23 20:00:00,368.6822877910163
2012-08-23 21:00:00,377.6192713419441
2012-08-23 22:00:00,374.48253097129054
2012-08-23 23:00:00,357.53553906915477
2012-08-24 00:00:00,176.8974199773511
2012-08-24 01:00:00,171.87987802084535
2012-08-24 02:00:00,197.81084989607916
2012-08-24 03:00:00,192.79330793957342
2012-08-24 04:00:00,195.47066144662676
2012-08-24 05:00:00,194.55216254363768
2012-08-24 06:00:00,182.31327171146404
2012-08-24 07:00:00,205.09311052592238
2012-08-24 08:00:00,229.63063624221832
2012-08-24 09:00:00,284.327976837405
2012-08-24 10:00:00,318.25621777924243
2012-08-24 11:00:00,329.8838779729267
2012-08-24 12:00:00,343.31610163266305
2012-08-24 13:00:00,369.36318447699887
2012-08-24 14:00:00,373.6020993035345
2012-08-24 15:00:00,362.41164494963596
2012-08-24 16:00:00,370.2752394248964
2012-08-24 17:00:00,370.52017655642703
2012-08-24 18:00:00,357.7155726190831
2012-08-24 19:00:00,368.878367436555
2012-08-24 20:00:00,359.88092928845435
2012-08-24 21:00:00,373.7345752652909
2012-08-24 22:00:00,375.683723893977
2012-08-24 23:00:00,365.7531214883202
2012-08-25 00:00:00,202.14815599113354
2012-08-25 01:00:00,188.99018240487203
2012-08-25 02:00:00,185.13995112408884
2012-08-25 03:00:00,208.36532610471477
2012-08-25 04:00:00,211.57937414964545
2012-08-25 05:00:00,208.71221232126118
2012-08-25 06:00:00,202.60747245006496
2012-08-25 07:00:00,211.5444560009928
2012-08-25 08:00:00,238.2323618454393
2012-08-25 09:00:00,262.1141443098022
2012-08-25 10:00:00,283.3955697546771
2012-08-25 11:00:00,305.36129302569316
2012-08-25 12:00:00,324.31573329883395
2012-08-25 13:00:00,342.39390141214244
2012-08-25 14:00:00,298.5436588957091
2012-08-25 15:00:00,293.26260292038205
2012-08-25 16:00:00,302.7548032377963
2012-08-25 17:00:00,311.69538876551087
2012-08-25 18:00:00,334.57197757207905
2012-08-25 19:00:00,309.67165542254224
2012-08-25 20:00:00,295.81907900009537
2012-08-25 21:00:00,317.8192211301648
2012-08-25 22:00:00,325.6828156054253
2012-08-25 23:00:00,324.5961033940548
2012-08-26 00:00:00,137.9064404159726
2012-08-26 01:00:00,143.6196547631116
2012-08-26 02:00:00,147.37399932261906
2012-08-26 03:00:00,156.310982873576
2012-08-26 04:00:00,162.0241972206859
2012-08-26 05:00:00,175.0740326641535
2012-08-26 06:00:00,183.97114336577943
2012-08-26 07:00:00,190.80122161464533
2012-08-26 08:00:00,239.31026556744473
2012-08-26 09:00:00,246.0968689902511
2012-08-26 10:00:00,303.2977848458686
2012-08-26 11:00:00,310.08438826867496
2012-08-26 12:00:00,290.3217749578471
2012-08-26 13:00:00,266.59481909760507
2012-08-26 14:00:00,242.62261373759247
2012-08-26 15:00:00,246.5648666608904
2012-08-26 16:00:00,254.42846113615087
2012-08-26 17:00:00,270.51415741967503
2012-08-26 18:00:00,268.3540561326081
2012-08-26 19:00:00,278.90472527383827
2012-08-26 20:00:00,291.95456071730587
2012-08-26 21:00:00,310.9518115847022
2012-08-26 22:00:00,302.26412550979876
2012-08-26 23:00:00,324.0960543314868
2012-08-27 00:00:00,140.99160734540783
2012-08-27 01:00:00,138.1142386547872
2012-08-27 02:00:00,147.58791674359236
2012-08-27 03:00:00,153.84142760530813
2012-08-27 04:00:00,172.4459852464497
2012-08-27 05:00:00,166.3412453752535
2012-08-27 06:00:00,174.20483985048486
2012-08-27 07:00:00,205.54313087367336
2012-08-27 08:00:00,216.6340965295385
2012-08-27 09:00:00,225.03438554264721
2012-08-27 10:00:00,277.88783909441554
2012-08-27 11:00:00,305.15553954747156
2012-08-27 12:00:00,318.9124355322274
2012-08-27 13:00:00,342.8660153912497
2012-08-27 14:00:00,373.8297606614651
2012-08-27 15:00:00,380.8000319614948
2012-08-27 16:00:00,387.04994084648206
2012-08-27 17:00:00,404.595480391843
2012-08-27 18:00:00,396.55615909871995
2012-08-27 19:00:00,361.00085477225366
2012-08-27 20:00:00,367.78745819506
2012-08-27 21:00:00,366.537758450344
2012-08-27 22:00:00,345.5167742399499
2012-08-27 23:00:00,352.306979639543
2012-08-28 00:00:00,174.89262975152815
2012-08-28 01:00:00,161.89680495017092
2012-08-28 02:00:00,184.12142699817196
2012-08-28 03:00:00,163.14731935199234
2012-08-28 04:00:00,187.01435608111206
2012-08-28 05:00:00,188.0816259746498
2012-08-28 06:00:00,180.47847273384104
2012-08-28 07:00:00,204.34550946298987
2012-08-28 08:00:00,211.9067303352058
2012-08-28 09:00:00,247.43050939400564
2012-08-28 10:00:00,304.0145158598898
2012-08-28 11:00:00,339.42302269797074
2012-08-28 12:00:00,365.31496047231485
2012-08-28 13:00:00,386.8987595202343
2012-08-28 14:00:00,406.98774717526976
2012-08-28 15:00:00,417.17407742579235
2012-08-28 16:00:00,424.35697605166933
2012-08-28 17:00:00,425.5600300381775
2012-08-28 18:00:00,417.434165615181
2012-08-28 19:00:00,402.3920891479356
2012-08-28 20:00:00,401.02711718255887
2012-08-28 21:00:00,408.3540171199711
2012-08-28 22:00:00,396.0139355705469
2012-08-28 23:00:00,393.0315015214728
2012-08-29 00:00:00,183.20643014099915
2012-08-29 01:00:00,191.16677460834035
2012-08-29 02:00:00,186.12428005441325
2012-08-29 03:00:00,192.91448545397725
2012-08-29 04:00:00,204.1059775953472
2012-08-29 05:00:00,210.89258101815358
2012-08-29 06:00:00,218.75617549338494
2012-08-29 07:00:00,244.87868947608513
2012-08-29 08:00:00,268.3104950491106
2012-08-29 09:00:00,307.10491987591377
2012-08-29 10:00:00,324.76610639723367
2012-08-29 11:00:00,329.0277839389455
2012-08-29 12:00:00,356.57328015286475
2012-08-29 13:00:00,355.62595401125145
2012-08-29 14:00:00,375.52784028396127
2012-08-29 15:00:00,387.1518985008879
2012-08-29 16:00:00,395.202594358474
2012-08-29 17:00:00,415.10448063124204
2012-08-29 18:00:00,400.8583722340991
2012-08-29 19:00:00,379.63554090616526
2012-08-29 20:00:00,369.66527193482034
2012-08-29 21:00:00,382.6325984513387
2012-08-29 22:00:00,386.73212720817537
2012-08-29 23:00:00,388.49039796111174
2012-08-30 00:00:00,178.69027917803032
2012-08-30 01:00:00,194.69430528304656
2012-08-30 02:00:00,181.5113790993637
2012-08-30 03:00:00,189.37497357462416
2012-08-30 04:00:00,197.23856804988463
2012-08-30 05:00:00,205.1021625251451
2012-08-30 06:00:00,189.9956241612963
2012-08-30 07:00:00,225.59500887509785
2012-08-30 08:00:00,254.4801714118512
2012-08-30 09:00:00,286.0958834406629
2012-08-30 10:00:00,306.8655669451109
2012-08-30 11:00:00,352.1616106972797
2012-08-30 12:00:00,351.4597492488974
2012-08-30 13:00:00,352.1446309261664
2012-08-30 14:00:00,361.08161447709426
2012-08-30 15:00:00,387.3915728304419
2012-08-30 16:00:00,401.36049102799734
2012-08-30 17:00:00,430.66329938851413
2012-08-30 18:00:00,422.39343365398236
2012-08-30 19:00:00,400.3995868533966
2012-08-30 20:00:00,388.01623071654467
2012-08-30 21:00:00,377.54910828967695
2012-08-30 22:00:00,363.9013167297526
2012-08-30 23:00:00,371.18134010297945
2012-08-31 00:00:00,165.84413036110345
2012-08-31 01:00:00,173.70772483636392
2012-08-31 02:00:00,155.95738639400224
2012-08-31 03:00:00,162.74759179356624
2012-08-31 04:00:00,166.94387054248364
2012-08-31 05:00:00,175.8844560701982
2012-08-31 06:00:00,178.56180957722245
2012-08-31 07:00:00,183.73832938651321
2012-08-31 08:00:00,244.5016701265995
2012-08-31 09:00:00,275.1982994012942
2012-08-31 10:00:00,307.3108331186522
2012-08-31 11:00:00,404.31757587890024
2012-08-31 12:00:00,414.6377005787217
2012-08-31 13:00:00,427.92252118876786
2012-08-31 14:00:00,440.8329705624492
2012-08-31 15:00:00,451.1062186980853
2012-08-31 16:00:00,457.3561275830434
2012-08-31 17:00:00,447.0547559178376
2012-08-31 18:00:00,445.2609831651789
2012-08-31 19:00:00,415.65603200765327
2012-08-31 20:00:00,423.51962648291374
2012-08-31 21:00:00,405.7112677178811
2012-08-31 22:00:00,413.5748621931416
2012-08-31 23:00:00,401.54075622351957
2012-09-20 00:00:00,161.7814790533157
2012-09-20 01:00:00,145.58680587861454
2012-09-20 02:00:00,152.91370581599767
2012-09-20 03:00:00,142.6336847714556
2012-09-20 04:00:00,154.26134496516897
2012-09-20 05:00:00,162.12493944042944
2012-09-20 06:00:00,166.224468197237
2012-09-20 07:00:00,172.4172936558025
2012-09-20 08:00:00,217.7420664987876
2012-09-20 09:00:00,256.15854383446276
2012-09-20 10:00:00,283.0335510612058
2012-09-20 11:00:00,328.85569486467284
2012-09-20 12:00:00,341.5567441340827
2012-09-20 13:00:00,348.35809329207405
2012-09-20 14:00:00,352.2667441731901
2012-09-20 15:00:00,361.1032012386131
2012-09-20 16:00:00,366.92054404801456
2012-09-20 17:00:00,370.8291949290724
2012-09-20 18:00:00,365.60980585502693
2012-09-20 19:00:00,344.39760078061954
2012-09-20 20:00:00,336.12773504608776
2012-09-20 21:00:00,346.1417096494697
2012-09-20 22:00:00,327.7248589519586
2012-09-20 23:00:00,345.7639929644065
2012-09-21 00:00:00,161.3618081541208
2012-09-21 01:00:00,156.3193136001937
2012-09-21 02:00:00,164.18290807542508
2012-09-21 03:00:00,160.33267679464188
2012-09-21 04:00:00,164.96890008929768
2012-09-21 05:00:00,162.65695502739982
2012-09-21 06:00:00,183.9234602204233
2012-09-21 07:00:00,193.32534091454
2012-09-21 08:00:00,218.9324792131374
2012-09-21 09:00:00,246.47797542702756
2012-09-21 10:00:00,288.88169565753196
2012-09-21 11:00:00,310.5992891547503
2012-09-21 12:00:00,321.0781609013211
2012-09-21 13:00:00,339.7877839009161
2012-09-21 14:00:00,352.48883317032596
2012-09-21 15:00:00,357.6653529795876
2012-09-21 16:00:00,364.451956402394
2012-09-21 17:00:00,364.6968935338955
2012-09-21 18:00:00,358.5774079274852
2012-09-21 19:00:00,353.55986597097944
2012-09-21 20:00:00,350.159786098171
2012-09-21 21:00:00,347.2676716723654
2012-09-21 22:00:00,352.9808860195044
2012-09-21 23:00:00,365.6855372656428
2012-09-22 00:00:00,182.6726892972365
2012-09-22 01:00:00,158.42055741287186
2012-09-22 02:00:00,149.72926936115255
2012-09-22 03:00:00,168.84539442605455
2012-09-22 04:00:00,176.70898890131502
2012-09-22 05:00:00,186.18626896687783
2012-09-22 06:00:00,192.9728723896842
2012-09-22 07:00:00,214.16397821126156
2012-09-22 08:00:00,246.1181396371394
2012-09-22 09:00:00,266.24700014147675
2012-09-22 10:00:00,289.68240769125987
2012-09-22 11:00:00,319.6844341297401
2012-09-22 12:00:00,340.9908121720655
2012-09-22 13:00:00,358.0829730879632
2012-09-22 14:00:00,374.1055214215594
2012-09-22 15:00:00,380.9924768132332
2012-09-22 16:00:00,380.6003674380481
2012-09-22 17:00:00,388.4639619132795
2012-09-22 18:00:00,387.63568448575097
2012-09-22 19:00:00,379.3658187512192
2012-09-22 20:00:00,397.5202249843569
2012-09-22 21:00:00,388.79927094563027
2012-09-22 22:00:00,393.5396227025776
2012-09-22 23:00:00,415.64897252985975
2012-09-23 00:00:00,253.36828680170584
2012-09-23 01:00:00,206.16323265538085
2012-09-23 02:00:00,213.63753564245417
2012-09-23 03:00:00,199.36269815449486
2012-09-23 04:00:00,199.77356056429562
2012-09-23 05:00:00,200.5701124854968
2012-09-23 06:00:00,197.58767843642272
2012-09-23 07:00:00,215.22391236035037
2012-09-23 08:00:00,240.83105065891868
2012-09-23 09:00:00,260.5023924902489
2012-09-23 10:00:00,287.41727256629383
2012-09-23 11:00:00,297.9864639361331
2012-09-23 12:00:00,306.58123280172003
2012-09-23 13:00:00,351.39838318602415
2012-09-23 14:00:00,360.3353667369811
2012-09-23 15:00:00,379.451491801854
2012-09-23 16:00:00,391.0791519955674
2012-09-23 17:00:00,369.16790335974656
2012-09-23 18:00:00,364.45651149968035
2012-09-23 19:00:00,356.3055199626251
2012-09-23 20:00:00,364.1691144378856
2012-09-23 21:00:00,352.48544037219835
2012-09-23 22:00:00,361.77121009721304
2012-09-23 23:00:00,341.06078494145186
2012-09-24 00:00:00,151.9469254767464
2012-09-24 01:00:00,149.51970819412963
2012-09-24 02:00:00,160.33749333090964
2012-09-24 03:00:00,174.46431982680224
2012-09-24 04:00:00,167.29639774214593
2012-09-24 05:00:00,184.2770629307488
2012-09-24 06:00:00,200.28108903576504
2012-09-24 07:00:00,196.70127504566335
2012-09-24 08:00:00,240.64290673978394
2012-09-24 09:00:00,259.3774823367712
2012-09-24 10:00:00,279.1890489862417
2012-09-24 11:00:00,315.1376521003258
2012-09-24 12:00:00,330.8355281088734
2012-09-24 13:00:00,371.4671904575953
2012-09-24 14:00:00,370.9163658026082
2012-09-24 15:00:00,376.44247876742156
2012-09-24 16:00:00,375.6174173562613
2012-09-24 17:00:00,374.34279678107123
2012-09-24 18:00:00,364.36871954938397
2012-09-24 19:00:00,362.3194497578661
2012-09-24 20:00:00,342.65325236078934
2012-09-24 21:00:00,348.85968641971704
2012-09-24 22:00:00,359.9506520755531
2012-09-24 23:00:00,330.6592182794993
2012-09-25 00:00:00,142.9576586104231
2012-09-25 01:00:00,134.8280176940316
2012-09-25 02:00:00,127.75041523261461
2012-09-25 03:00:00,146.21457353894948
2012-09-25 04:00:00,155.68825162775465
2012-09-25 05:00:00,149.73111504485132
2012-09-25 06:00:00,167.19782171372208
2012-09-25 07:00:00,173.98442513652844
2012-09-25 08:00:00,211.70546088763513
2012-09-25 09:00:00,258.37764207372675
2012-09-25 10:00:00,280.73605857105576
2012-09-25 11:00:00,325.43793673464097
2012-09-25 12:00:00,339.84302298456896
2012-09-25 13:00:00,339.4620573678112
2012-09-25 14:00:00,367.2700543355022
2012-09-25 15:00:00,381.2389725330577
2012-09-25 16:00:00,381.92025223356904
2012-09-25 17:00:00,389.2471521709522
2012-09-25 18:00:00,389.9172881130071
2012-09-25 19:00:00,379.5654379068583
2012-09-25 20:00:00,375.85920793761034
2012-09-25 21:00:00,383.7228024128708
2012-09-25 22:00:00,391.04970235028304
2012-09-25 23:00:00,400.52698241584585
2012-09-26 00:00:00,182.6690301678318
2012-09-26 01:00:00,191.60961569551728
2012-09-26 02:00:00,192.67328361226828
2012-09-26 03:00:00,200.53687808752875
2012-09-26 04:00:00,189.42809391216724
2012-09-26 05:00:00,196.21829931173124
2012-09-26 06:00:00,198.26419793249806
2012-09-26 07:00:00,195.8369806498813
2012-09-26 08:00:00,222.49615740348236
2012-09-26 09:00:00,265.77145135909086
2012-09-26 10:00:00,254.75365103874356
2012-09-26 11:00:00,295.46791155225947
2012-09-26 12:00:00,307.996636941476
2012-09-26 13:00:00,326.70625994107104
2012-09-26 14:00:00,362.8098336084804
2012-09-26 15:00:00,371.2101226215891
2012-09-26 16:00:00,384.64234628129634
2012-09-26 17:00:00,386.93731157208094
2012-09-26 18:00:00,392.1138313813426
2012-09-26 19:00:00,379.87787829420995
2012-09-26 20:00:00,348.78188103213324
2012-09-26 21:00:00,364.7859071371495
2012-09-26 22:00:00,348.4230206540378
2012-09-26 23:00:00,336.7737654474331
2012-09-27 00:00:00,155.41104345401982
2012-09-27 01:00:00,163.2746379292803
2012-09-27 02:00:00,171.13823240451165
2012-09-27 03:00:00,175.77445569916745
2012-09-27 04:00:00,142.61462143881363
2012-09-27 05:00:00,172.79260550122126
2012-09-27 06:00:00,168.94237422043807
2012-09-27 07:00:00,207.22883360020933
2012-09-27 08:00:00,241.09905421940493
2012-09-27 09:00:00,263.6594923508819
2012-09-27 10:00:00,314.54992486638366
2012-09-27 11:00:00,322.878416484833
2012-09-27 12:00:00,336.743206220126
2012-09-27 13:00:00,339.7693459012662
2012-09-27 14:00:00,361.7063400814368
2012-09-27 15:00:00,366.3425633761217
2012-09-27 16:00:00,353.86507935565896
2012-09-27 17:00:00,323.99347619569744
2012-09-27 18:00:00,329.1699960049882
2012-09-27 19:00:00,347.1328918975778
2012-09-27 20:00:00,340.1564801534696
2012-09-27 21:00:00,308.4958980111114
2012-09-27 22:00:00,316.3594924863719
2012-09-27 23:00:00,319.3856321675121
2012-09-28 00:00:00,120.03847392721218
2012-09-28 01:00:00,121.98762255586917
2012-09-28 02:00:00,140.6031176718243
2012-09-28 03:00:00,161.68188901772373
2012-09-28 04:00:00,143.60395171042182
2012-09-28 05:00:00,158.07596240364364
2012-09-28 06:00:00,151.77003964668256
2012-09-28 07:00:00,156.40626294136746
2012-09-28 08:00:00,204.5760187486885
2012-09-28 09:00:00,212.5557241930219
2012-09-28 10:00:00,236.4089520831767
2012-09-28 11:00:00,266.2845625425398
2012-09-28 12:00:00,323.3193528812262
2012-09-28 13:00:00,337.2882710787817
2012-09-28 14:00:00,339.04654183174716
2012-09-28 15:00:00,343.2464225574222
2012-09-28 16:00:00,352.33441113482695
2012-09-28 17:00:00,354.74464864630136
2012-09-28 18:00:00,367.08873749512713
2012-09-28 19:00:00,369.8666174876853
2012-09-28 20:00:00,367.42825644664117
2012-09-28 21:00:00,376.365239997569
2012-09-28 22:00:00,370.630087649246
2012-09-28 23:00:00,366.54570995026734
2012-09-29 00:00:00,178.52864316105843
2012-09-29 01:00:00,186.3922376363189
2012-09-29 02:00:00,197.2100227730989
2012-09-29 03:00:00,193.12564507414936
2012-09-29 04:00:00,208.32586064573843
2012-09-29 05:00:00,201.13298596366076
2012-09-29 06:00:00,211.1469605670427
2012-09-29 07:00:00,207.20640966299106
2012-09-29 08:00:00,217.7756010328594
2012-09-29 09:00:00,232.58736386467353
2012-09-29 10:00:00,266.37840861902805
2012-09-29 11:00:00,288.20013057850883
2012-09-29 12:00:00,344.58710540732136
2012-09-29 13:00:00,352.45069988258183
2012-09-29 14:00:00,359.76285408478
2012-09-29 15:00:00,361.52112483774545
2012-09-29 16:00:00,374.4277977180609
2012-09-29 17:00:00,391.1879190438485
2012-09-29 18:00:00,352.22856816931744
2012-09-29 19:00:00,331.196440200496
2012-09-29 20:00:00,340.13342375145294
2012-09-29 21:00:00,345.84663809856283
2012-09-29 22:00:00,331.5903228391835
2012-09-29 23:00:00,347.0576544063515
2012-09-30 00:00:00,163.19216413391405
2012-09-30 01:00:00,171.05575860917452
2012-09-30 02:00:00,166.03821665263968
2012-09-30 03:00:00,164.22309327928815
2012-09-30 04:00:00,172.08668775454862
2012-09-30 05:00:00,161.80666671000654
2012-09-30 06:00:00,172.8976323658717
2012-09-30 07:00:00,167.35831612336915
2012-09-30 08:00:00,208.84341759289964
2012-09-30 09:00:00,234.35380589935812
2012-09-30 10:00:00,293.23663453012705
2012-09-30 11:00:00,329.2179117000778
2012-09-30 12:00:00,344.8116592463921
2012-09-30 13:00:00,351.0615681313502
2012-09-30 14:00:00,358.9251626066107
2012-09-30 15:00:00,377.93715920922114
2012-09-30 16:00:00,384.72736460881424
2012-09-30 17:00:00,395.8035845294362
2012-09-30 18:00:00,325.632174037426
2012-09-30 19:00:00,280.60902922487
2012-09-30 20:00:00,288.4726237001305
2012-09-30 21:00:00,310.0116769473825
2012-09-30 22:00:00,304.9941349908768
2012-09-30 23:00:00,316.0851006467419
2012-10-20 00:00:00,119.67386609938694
2012-10-20 01:00:00,147.88853964899317
2012-10-20 02:00:00,139.7625007093593
2012-10-20 03:00:00,143.93382686085533
2012-10-20 04:00:00,161.90116347861476
2012-10-20 05:00:00,139.90731667802902
2012-10-20 06:00:00,174.89780293710646
2012-10-20 07:00:00,155.63450562854996
2012-10-20 08:00:00,213.1092405129748
2012-10-20 09:00:00,246.76006044921814
2012-10-20 10:00:00,273.6350676759612
2012-10-20 11:00:00,289.49169073128724
2012-10-20 12:00:00,310.0058771968761
2012-10-20 13:00:00,326.12517552258214
2012-10-20 14:00:00,334.1796478735632
2012-10-20 15:00:00,335.9379186265287
2012-10-20 16:00:00,351.3111223100568
2012-10-20 17:00:00,367.19987619435415
2012-10-20 18:00:00,366.2275974552904
2012-10-20 19:00:00,353.88751590586617
2012-10-20 20:00:00,377.1891290063213
2012-10-20 21:00:00,359.2654980205989
2012-10-20 22:00:00,349.9471958078211
2012-10-20 23:00:00,335.035311813117
2012-10-21 00:00:00,173.21772759707528
2012-10-21 01:00:00,170.32561317126965
2012-10-21 02:00:00,163.15769108661334
2012-10-21 03:00:00,155.42812186668743
2012-10-21 04:00:00,143.5019096476317
2012-10-21 05:00:00,171.15531081717927
2012-10-21 06:00:00,188.69762314105174
2012-10-21 07:00:00,196.5612176163122
2012-10-21 08:00:00,198.9899773564248
2012-10-21 09:00:00,246.6956747689983
2012-10-21 10:00:00,283.14884159190115
2012-10-21 11:00:00,304.9955161488324
2012-10-21 12:00:00,327.800307560683
2012-10-21 13:00:00,341.7841460100899
2012-10-21 14:00:00,351.56757617209223
2012-10-21 15:00:00,364.2722274182306
2012-10-21 16:00:00,359.5608355581644
2012-10-21 17:00:00,359.6619458947971
2012-10-21 18:00:00,365.375160241907
2012-10-21 19:00:00,361.2943845197151
2012-10-21 20:00:00,361.42044745374005
2012-10-21 21:00:00,333.58755417799694
2012-10-21 22:00:00,335.536702806683
2012-10-21 23:00:00,348.1659546814044
2012-10-22 00:00:00,142.5016534149181
2012-10-22 01:00:00,132.04927672326448
2012-10-22 02:00:00,135.14721379906405
2012-10-22 03:00:00,166.09243684069952
2012-10-22 04:00:00,161.04994228677242
2012-10-22 05:00:00,151.7898288682336
2012-10-22 06:00:00,151.11992373218527
2012-10-22 07:00:00,187.8680968931003
2012-10-22 08:00:00,204.74123188128578
2012-10-22 09:00:00,228.71333396891714
2012-10-22 10:00:00,259.1367827245558
2012-10-22 11:00:00,323.8187849811802
2012-10-22 12:00:00,334.60380682416144
2012-10-22 13:00:00,381.4273360250518
2012-10-22 14:00:00,390.66669317902415
2012-10-22 15:00:00,398.12738756576437
2012-10-22 16:00:00,396.8776878210774
2012-10-22 17:00:00,402.5909021682164
2012-10-22 18:00:00,317.024947877042
2012-10-22 19:00:00,344.54417984207976
2012-10-22 20:00:00,333.39636156579945
2012-10-22 21:00:00,319.7016934416897
2012-10-22 22:00:00,293.8830955195008
2012-10-22 23:00:00,300.6733009190648
2012-10-23 00:00:00,109.97491451076348
2012-10-23 01:00:00,140.22469596783048
2012-10-23 02:00:00,119.88440760681988
2012-10-23 03:00:00,150.13418906385778
2012-10-23 04:00:00,152.15873706396087
2012-10-23 05:00:00,164.2512944008049
2012-10-23 06:00:00,152.4329871374066
2012-10-23 07:00:00,175.32893692099606
2012-10-23 08:00:00,197.57208119760617
2012-10-23 09:00:00,215.47873241218622
2012-10-23 10:00:00,258.7171118253609
2012-10-23 11:00:00,310.19480269841733
2012-10-23 12:00:00,331.31814532825956
2012-10-23 13:00:00,340.99744702799944
2012-10-23 14:00:00,371.805572029989
2012-10-23 15:00:00,381.8195466334
2012-10-23 16:00:00,378.7403625922161
2012-10-23 17:00:00,389.481909609196
2012-10-23 18:00:00,369.44019779597875
2012-10-23 19:00:00,369.16336064151255
2012-10-23 20:00:00,343.55644194377237
2012-10-23 21:00:00,333.676492595725
2012-10-23 22:00:00,345.3041527894093
2012-10-23 23:00:00,338.25150292547187
2012-10-24 00:00:00,157.07668929581996
2012-10-24 01:00:00,171.8884521276632
2012-10-24 02:00:00,179.75204660292366
2012-10-24 03:00:00,162.9957262929529
2012-10-24 04:00:00,170.85932076821337
2012-10-24 05:00:00,165.32000452565262
2012-10-24 06:00:00,172.20695991732646
2012-10-24 07:00:00,172.06391721215914
2012-10-24 08:00:00,190.21916219370905
2012-10-24 09:00:00,209.7567095757404
2012-10-24 10:00:00,227.29902189961285
2012-10-24 11:00:00,268.1711907114659
2012-10-24 12:00:00,302.43447931218543
2012-10-24 13:00:00,327.0300253511232
2012-10-24 14:00:00,404.326512037107
2012-10-24 15:00:00,382.7864186212828
2012-10-24 16:00:00,409.6476170090609
2012-10-24 17:00:00,372.73015860421583
2012-10-24 18:00:00,386.6990768018004
2012-10-24 19:00:00,373.31496773232357
2012-10-24 20:00:00,360.15699414606206
2012-10-24 21:00:00,368.55728315917077
2012-10-24 22:00:00,370.41608039761195
2012-10-24 23:00:00,352.4350229971751
2012-10-25 00:00:00,196.56816670537228
2012-10-25 01:00:00,181.61936816823436
2012-10-25 02:00:00,161.6606292751094
2012-10-25 03:00:00,142.02359319504467
2012-10-25 04:00:00,148.81379859460867
2012-10-25 05:00:00,158.8277731979906
2012-10-25 06:00:00,167.76475674894755
2012-10-25 07:00:00,175.62835122420802
2012-10-25 08:00:00,192.59409616095945
2012-10-25 09:00:00,201.5310797118873
2012-10-25 10:00:00,212.0099514584872
2012-10-25 11:00:00,218.8001568580512
2012-10-25 12:00:00,241.57999567248044
2012-10-25 13:00:00,245.6795244293171
2012-10-25 14:00:00,290.8093534266809
2012-10-25 15:00:00,319.7194685608847
2012-10-25 16:00:00,315.7539650593826
2012-10-25 17:00:00,323.6175595346431
2012-10-25 18:00:00,283.77226395506295
2012-10-25 19:00:00,290.1189228321309
2012-10-25 20:00:00,275.70469927438535
2012-10-25 21:00:00,283.5682937496458
2012-10-25 22:00:00,304.7630015480099
2012-10-25 23:00:00,314.2366796368151
2012-10-26 00:00:00,140.97175319545204
2012-10-26 01:00:00,124.91087447004975
2012-10-26 02:00:00,133.31116348315845
2012-10-26 03:00:00,143.3251380865695
2012-10-26 04:00:00,151.18873256182997
2012-10-26 05:00:00,156.90194690891076
2012-10-26 06:00:00,164.228846846323
2012-10-26 07:00:00,172.6291358594317
2012-10-26 08:00:00,186.33177680984954
2012-10-26 09:00:00,194.19537128511
2012-10-26 10:00:00,200.98557668467402
2012-10-26 11:00:00,236.09133516447037
2012-10-26 12:00:00,259.96951565201744
2012-10-26 13:00:00,275.85826953631476
2012-10-26 14:00:00,307.95643227372784
2012-10-26 15:00:00,321.8248239858076
2012-10-26 16:00:00,290.35050447736285
2012-10-26 17:00:00,288.4165069065639
2012-10-26 18:00:00,290.05950543881045
2012-10-26 19:00:00,284.08384662732715
2012-10-26 20:00:00,291.9474411025585
2012-10-26 21:00:00,310.9446919699549
2012-10-26 22:00:00,301.83198160116444
2012-10-26 23:00:00,315.95880809705704
2012-10-27 00:00:00,118.54145772987977
2012-10-27 01:00:00,121.2188112369331
2012-10-27 02:00:00,131.23278584034415
2012-10-27 03:00:00,143.20923220811528
2012-10-27 04:00:00,145.88658571516862
2012-10-27 05:00:00,167.03421671071555
2012-10-27 06:00:00,174.89781118597602
2012-10-27 07:00:00,181.1718339199724
2012-10-27 08:00:00,208.137160770013
2012-10-27 09:00:00,216.00075524527347
2012-10-27 10:00:00,242.61308720163652
2012-10-27 11:00:00,273.53335764585063
2012-10-27 12:00:00,327.33378429414006
2012-10-27 13:00:00,355.5484578437463
2012-10-27 14:00:00,357.30672859668266
2012-10-27 15:00:00,307.94192620841204
2012-10-27 16:00:00,307.66508905391674
2012-10-27 17:00:00,315.5286835291772
2012-10-27 18:00:00,323.3922780044377
2012-10-27 19:00:00,303.3182668905938
2012-10-27 20:00:00,311.18186136582517
2012-10-27 21:00:00,319.04545584108564
2012-10-27 22:00:00,327.9824393920426
2012-10-27 23:00:00,348.82752226793673
2012-10-28 00:00:00,159.77579102729214
2012-10-28 01:00:00,159.38284290372394
2012-10-28 02:00:00,175.9235635465593
2012-10-28 03:00:00,195.03968861146132
2012-10-28 04:00:00,203.97667216238915
2012-10-28 05:00:00,209.68988650949905
2012-10-28 06:00:00,226.77090366694028
2012-10-28 07:00:00,233.55750708974665
2012-10-28 08:00:00,250.55931661542854
2012-10-28 09:00:00,261.7258879262954
2012-10-28 10:00:00,272.9892092292721
2012-10-28 11:00:00,284.52011943087564
2012-10-28 12:00:00,275.1226095862512
2012-10-28 13:00:00,280.29912939554197
2012-10-28 14:00:00,293.9804197252961
2012-10-28 15:00:00,295.3136661843455
2012-10-28 16:00:00,284.03649418393616
2012-10-28 17:00:00,268.93373231354053
2012-10-28 18:00:00,231.61713910844992
2012-10-28 19:00:00,234.6432787895901
2012-10-28 20:00:00,246.2709389832453
2012-10-28 21:00:00,269.4971527122834
2012-10-28 22:00:00,275.2103670593933
2012-10-28 23:00:00,266.0976566906029
2012-10-29 00:00:00,103.19688572915038
2012-10-30 13:00:00,171.48790505246143
2012-10-30 14:00:00,179.3514995277219
2012-10-30 15:00:00,175.0331756491796
2012-10-30 16:00:00,182.89677012444008
2012-10-30 17:00:00,189.6869755240332
2012-10-30 18:00:00,198.09104103053687
2012-10-30 19:00:00,307.050754871947
2012-10-30 20:00:00,229.5976563101285
2012-10-30 21:00:00,229.5874711580691
2012-10-30 22:00:00,252.1285483125539
2012-10-30 23:00:00,259.9921427878144
2012-10-31 00:00:00,76.88718846140546
2012-10-31 01:00:00,84.2140883988177
2012-10-31 02:00:00,89.89497167832451
2012-10-31 03:00:00,100.47797188718687
2012-10-31 04:00:00,91.79405110052903
2012-10-31 05:00:00,113.48575510407682
2012-10-31 06:00:00,127.61258159999852
2012-10-31 07:00:00,117.00229660997866
2012-10-31 08:00:00,150.79627910937415
2012-10-31 09:00:00,169.8082757119846
2012-10-31 10:00:00,194.1980236233503
2012-10-31 11:00:00,208.69333134870976
2012-10-31 12:00:00,254.01403822179418
2012-10-31 13:00:00,283.9761918110016
2012-10-31 14:00:00,286.65354531805497
2012-10-31 15:00:00,289.41256900364533
2012-10-31 16:00:00,294.24030263884924
2012-10-31 17:00:00,287.07238055419293
2012-10-31 18:00:00,294.9359750294534
2012-10-31 19:00:00,320.15382183989277
2012-10-31 20:00:00,328.01741631512414
2012-10-31 21:00:00,335.8810107903846
2012-10-31 22:00:00,315.4677115310624
2012-10-31 23:00:00,325.48906460462604
2012-11-20 00:00:00,118.00724769383669
2012-11-20 01:00:00,137.70354212261736
2012-11-20 02:00:00,114.7274646180158
2012-11-20 03:00:00,138.06895056774374
2012-11-20 04:00:00,155.53905897474033
2012-11-20 05:00:00,161.25227332187933
2012-11-20 06:00:00,160.01731931240647
2012-11-20 07:00:00,159.23167796252528
2012-11-20 08:00:00,179.85375817865133
2012-11-20 09:00:00,190.01995131216245
2012-11-20 10:00:00,220.79281870665727
2012-11-20 11:00:00,231.36201007652562
2012-11-20 12:00:00,235.9982333711814
2012-11-20 13:00:00,266.9434564128169
2012-11-20 14:00:00,278.57111660653027
2012-11-20 15:00:00,297.2807396060962
2012-11-20 16:00:00,280.8555219899863
2012-11-20 17:00:00,268.34951516226283
2012-11-20 18:00:00,283.70157450871193
2012-11-20 19:00:00,278.1622582662094
2012-11-20 20:00:00,271.0846558048506
2012-11-20 21:00:00,289.569325983437
2012-11-20 22:00:00,297.4329204586975
2012-11-20 23:00:00,275.4103445672663
2012-11-21 00:00:00,99.5416593682894
2012-11-21 01:00:00,102.63581995069399
2012-11-21 02:00:00,85.01456256801612
2012-11-21 03:00:00,92.87815704327659
2012-11-21 04:00:00,100.74175151853706
2012-11-21 05:00:00,108.60534599379753
2012-11-21 06:00:00,119.70008814305766
2012-11-21 07:00:00,122.82297781627858
2012-11-21 08:00:00,142.45168356996146
2012-11-21 09:00:00,175.18342075208784
2012-11-21 10:00:00,221.61031176158576
2012-11-21 11:00:00,270.38939824985573
2012-11-21 12:00:00,306.07532609350164
2012-11-21 13:00:00,327.2265590658353
2012-11-21 14:00:00,342.82408310554456
2012-11-21 15:00:00,340.82189011678565
2012-11-21 16:00:00,351.6601871258754
2012-11-21 17:00:00,336.84865510003874
2012-11-21 18:00:00,351.3727900640515
2012-11-21 19:00:00,342.77825200450025
2012-11-21 20:00:00,297.51193052873714
2012-11-21 21:00:00,332.53114587866
2012-11-21 22:00:00,337.66419086189126
2012-11-21 23:00:00,316.365785645874
2012-11-22 00:00:00,115.76884097780567
2012-11-22 01:00:00,116.16118115902646
2012-11-22 02:00:00,90.39949214659282
2012-11-22 03:00:00,98.79978115970152
2012-11-22 04:00:00,89.02772556219134
2012-11-22 05:00:00,114.52697011022246
2012-11-22 06:00:00,137.3068089246808
2012-11-22 07:00:00,122.79404852513107
2012-11-22 08:00:00,135.398347802402
2012-11-22 09:00:00,184.37606539178523
2012-11-22 10:00:00,222.76381363664404
2012-11-22 11:00:00,280.6923019058013
2012-11-22 12:00:00,302.3048300445371
2012-11-22 13:00:00,323.04956095159287
2012-11-22 14:00:00,339.7490286411776
2012-11-22 15:00:00,347.61262311640894
2012-11-22 16:00:00,342.57012856245274
2012-11-22 17:00:00,341.62280242081033
2012-11-22 18:00:00,323.699171435117
2012-11-22 19:00:00,254.89784276351565
2012-11-22 20:00:00,268.17131937650265
2012-11-22 21:00:00,295.84552189486567
2012-11-22 22:00:00,299.5088825993298
2012-11-22 23:00:00,284.2908485081862
2012-11-23 00:00:00,118.30542656191392
2012-11-23 01:00:00,93.04187088951585
2012-11-23 02:00:00,108.37540800738498
2012-11-23 03:00:00,126.95501305104699
2012-11-23 04:00:00,116.10579188444535
2012-11-23 05:00:00,115.55531021775096
2012-11-23 06:00:00,123.41890469301143
2012-11-23 07:00:00,131.2824991682719
2012-11-23 08:00:00,122.6021803583717
2012-11-23 09:00:00,164.93012646218995
2012-11-23 10:00:00,217.6826787732134
2012-11-23 11:00:00,270.8385059280263
2012-11-23 12:00:00,314.78013762211776
2012-11-23 13:00:00,328.4614279518719
2012-11-23 14:00:00,348.82460939104203
2012-11-23 15:00:00,341.7719595270755
2012-11-23 16:00:00,339.07516370216035
2012-11-23 17:00:00,350.4722794544359
2012-11-23 18:00:00,340.1673058124725
2012-11-23 19:00:00,347.84002241201233
2012-11-23 20:00:00,370.4134306341002
2012-11-23 21:00:00,371.97722153455834
2012-11-23 22:00:00,413.2701334769081
2012-11-23 23:00:00,403.5054563495214
2012-11-24 00:00:00,218.3237060243555
2012-11-24 01:00:00,185.5376997734129
2012-11-24 02:00:00,199.0417208278086
2012-11-24 03:00:00,187.98331704558223
2012-11-24 04:00:00,186.74798828086932
2012-11-24 05:00:00,194.1036173090979
2012-11-24 06:00:00,189.48254507230013
2012-11-24 07:00:00,204.6445652914408
2012-11-24 08:00:00,207.4474960291991
2012-11-24 09:00:00,220.87971968893544
2012-11-24 10:00:00,221.0530339424149
2012-11-24 11:00:00,243.55545175127918
2012-11-24 12:00:00,273.8560435324616
2012-11-24 13:00:00,288.995616672968
2012-11-24 14:00:00,304.034147452825
2012-11-24 15:00:00,301.02676080627134
2012-11-24 16:00:00,295.74994531754055
2012-11-24 17:00:00,290.6171311403159
2012-11-24 18:00:00,304.5860493378714
2012-11-24 19:00:00,305.2711055317777
2012-11-24 20:00:00,299.5728677258885
2012-11-24 21:00:00,308.00188582981355
2012-11-24 22:00:00,318.0158604332246
2012-11-24 23:00:00,323.7290747803054
2012-11-25 00:00:00,134.37035469489638
2012-11-25 01:00:00,149.98168757359963
2012-11-25 02:00:00,156.19909087431733
2012-11-25 03:00:00,170.04952083478565
2012-11-25 04:00:00,177.91311531004612
2012-11-25 05:00:00,169.0711117084429
2012-11-25 06:00:00,178.5521682674007
2012-11-25 07:00:00,178.2753311129054
2012-11-25 08:00:00,185.59485258013592
2012-11-25 09:00:00,201.61362442033715
2012-11-25 10:00:00,215.73684893950121
2012-11-25 11:00:00,240.12006833421765
2012-11-25 12:00:00,247.98366280947812
2012-11-25 13:00:00,253.69687715658802
2012-11-25 14:00:00,272.2554951297352
2012-11-25 15:00:00,285.3053305731737
2012-11-25 16:00:00,298.2008596950327
2012-11-25 17:00:00,295.07820082781836
2012-11-25 18:00:00,292.0957667787443
2012-11-25 19:00:00,311.4787183626904
2012-11-25 20:00:00,275.9345577946515
2012-11-25 21:00:00,312.9601519611606
2012-11-25 22:00:00,291.6617467451724
2012-11-25 23:00:00,275.9032416227856
2012-11-26 00:00:00,96.56663684849627
2012-11-26 01:00:00,99.6895265217172
2012-11-26 02:00:00,107.55312099697767
2012-11-26 03:00:00,115.41671547223814
2012-11-26 04:00:00,128.02101474953815
2012-11-26 05:00:00,130.47057583843707
2012-11-26 06:00:00,143.7482037000591
2012-11-26 07:00:00,164.51788720450713
2012-11-26 08:00:00,172.3814816797385
2012-11-26 09:00:00,207.50198589474894
2012-11-26 10:00:00,239.6831215522252
2012-11-26 11:00:00,301.7326359603903
2012-11-26 12:00:00,311.4193161302828
2012-11-26 13:00:00,319.2829106055433
2012-11-26 14:00:00,323.38243936235085
2012-11-26 15:00:00,334.4734050181869
2012-11-26 16:00:00,354.050825249491
2012-11-26 17:00:00,353.07854651042726
2012-11-26 18:00:00,308.4169404737768
2012-11-26 19:00:00,307.0557450018241
2012-11-26 20:00:00,323.05977110681124
2012-11-26 21:00:00,330.9233655820717
2012-11-26 22:00:00,309.62496036608354
2012-11-26 23:00:00,302.098045245104
2012-11-27 00:00:00,120.9232316154521
2012-11-27 01:00:00,122.2564780745015
2012-11-27 02:00:00,127.42922139039729
2012-11-27 03:00:00,132.79742605684442
2012-11-27 04:00:00,108.12387185532134
2012-11-27 05:00:00,122.25069835121394
2012-11-27 06:00:00,131.73175491017173
2012-11-27 07:00:00,133.33211736480007
2012-11-27 08:00:00,147.03836029191734
2012-11-27 09:00:00,162.77904689477873
2012-11-27 10:00:00,163.83893831813475
2012-11-27 11:00:00,150.92965664665098
2012-11-27 12:00:00,157.27991750047659
2012-11-27 13:00:00,164.07029741670704
2012-11-27 14:00:00,171.93011539854342
2012-11-27 15:00:00,211.99157040507998
2012-11-27 16:00:00,219.85516488034045
2012-11-27 17:00:00,230.9461305362056
2012-11-27 18:00:00,217.43412306928076
2012-11-27 19:00:00,246.98883769699023
2012-11-27 20:00:00,244.29857038872433
2012-11-27 21:00:00,233.57217442960246
2012-11-27 22:00:00,244.69564566970803
2012-11-27 23:00:00,251.56963097074185
2012-11-28 00:00:00,83.14215932352818
2012-11-28 01:00:00,93.72515953236143
2012-11-28 02:00:00,101.5887540076219
2012-11-28 03:00:00,119.6278880200698
2012-11-28 04:00:00,126.41449144287617
2012-11-28 05:00:00,135.89554800183396
2012-11-28 06:00:00,153.39421098303865
2012-11-28 07:00:00,178.4967855727591
2012-11-28 08:00:00,174.30726614646846
2012-11-28 09:00:00,212.29135192322428
2012-11-28 10:00:00,235.36279533751076
2012-11-28 11:00:00,254.49006416084012
2012-11-28 12:00:00,273.70387611407205
2012-11-28 13:00:00,282.13667071139207
2012-11-28 14:00:00,298.80740931016044
2012-11-28 15:00:00,324.02885809732834
2012-11-28 16:00:00,335.30709965212736
2012-11-28 17:00:00,333.8268554660608
2012-11-28 18:00:00,334.4644858238753
2012-11-28 19:00:00,335.714791129838
2012-11-28 20:00:00,346.26923676446313
2012-11-28 21:00:00,340.5709989585739
2012-11-28 22:00:00,327.6904463779356
2012-11-28 23:00:00,327.3988634882262
2012-11-29 00:00:00,124.12909272135585
2012-11-29 01:00:00,114.73896134694223
2012-11-29 02:00:00,123.14302685347502
2012-11-29 04:00:00,107.41005817963742
2012-11-29 05:00:00,131.81756594002945
2012-11-29 06:00:00,144.42186521732947
2012-11-29 07:00:00,157.72029442773783
2012-11-29 08:00:00,151.61177806311753
2012-11-29 09:00:00,191.09427720945678
2012-11-29 10:00:00,197.7232707203657
2012-11-29 11:00:00,282.6522235890734
2012-11-29 12:00:00,282.2601142138883
2012-11-29 13:00:00,317.6289227193047
2012-11-29 14:00:00,294.0323595702357
2012-11-29 15:00:00,300.2535393643484
2012-11-29 16:00:00,315.86487224302255
2012-11-29 17:00:00,319.9209261738288
2012-11-29 18:00:00,301.61934769700747
2012-11-29 19:00:00,295.9175079143606
2012-11-29 20:00:00,306.4755555257725
2012-11-29 21:00:00,277.29939395040856
2012-11-29 22:00:00,277.17016008423525
2012-11-29 23:00:00,308.65585415708483
2012-11-30 00:00:00,99.5220731125155
2012-11-30 01:00:00,103.72573033161461
2012-11-30 02:00:00,105.74705111020012
2012-11-30 03:00:00,113.61064558546059
2012-11-30 04:00:00,116.70858266126015
2012-11-30 05:00:00,109.65593279732275
2012-11-30 06:00:00,105.30887982796412
2012-11-30 07:00:00,130.12382654985413
2012-11-30 08:00:00,132.26070902566426
2012-11-30 09:00:00,156.45894659648184
2012-11-30 10:00:00,198.0677120219334
2012-11-30 11:00:00,239.3184925566602
2012-11-30 12:00:00,271.474675616686
2012-11-30 13:00:00,302.22902078260086
2012-11-30 14:00:00,307.94223512973986
2012-11-30 15:00:00,324.6167502218741
2012-11-30 16:00:00,323.8237304018112
2012-11-30 17:00:00,302.5249504305539
2012-11-30 18:00:00,278.6232616552152
2012-11-30 19:00:00,276.7568527594558
2012-11-30 20:00:00,284.62044723471627
2012-11-30 21:00:00,268.8619421123585
2012-11-30 22:00:00,277.2660076188622
2012-11-30 23:00:00,279.4028900946432
2012-12-20 00:00:00,146.52684849547222
2012-12-20 01:00:00,143.17024344869424
2012-12-20 02:00:00,151.0338379239547
2012-12-20 03:00:00,140.26463137054816
2012-12-20 04:00:00,148.12822584580863
2012-12-20 05:00:00,156.52851485891733
2012-12-20 06:00:00,174.57142536476022
2012-12-20 07:00:00,172.25948030283325
2012-12-20 08:00:00,180.12307477809372
2012-12-20 09:00:00,187.9866692533542
2012-12-20 10:00:00,204.96355794856208
2012-12-20 11:00:00,236.41296994377626
2012-12-20 12:00:00,258.8001155319216
2012-12-20 13:00:00,259.5966674531519
2012-12-20 14:00:00,275.600693558139
2012-12-20 15:00:00,270.55819900421193
2012-12-20 16:00:00,283.84264485898893
2012-12-20 17:00:00,267.96941678778967
2012-12-20 18:00:00,265.6574717258627
2012-12-20 19:00:00,266.7173631492187
2012-12-20 20:00:00,264.9494910953217
2012-12-20 21:00:00,272.8130855705822
2012-12-20 22:00:00,259.3638821397326
2012-12-20 23:00:00,302.9997384926828
2012-12-21 00:00:00,139.534401719342
2012-12-21 01:00:00,155.39102477463894
2012-12-21 02:00:00,155.78467660731985
2012-12-21 03:00:00,163.64827108255122
2012-12-21 04:00:00,188.39134889148409
2012-12-21 05:00:00,178.6266717640974
2012-12-21 06:00:00,227.30392011537333
2012-12-21 07:00:00,227.77601720025996
2012-12-21 08:00:00,235.07418804685585
2012-12-21 09:00:00,269.4733499784779
2012-12-21 10:00:00,289.19753474969184
2012-12-21 11:00:00,290.26120266641374
2012-12-21 12:00:00,302.07974073584774
2012-12-21 13:00:00,312.0937153392588
2012-12-21 14:00:00,321.03430086697335
2012-12-21 15:00:00,315.87653409229824
2012-12-21 16:00:00,327.69507216173224
2012-12-21 17:00:00,287.68762779727695
2012-12-21 18:00:00,294.4742312200542
2012-12-21 19:00:00,338.44375325657893
2012-12-21 20:00:00,356.6019359831407
2012-12-21 21:00:00,358.078634481848
2012-12-21 22:00:00,355.5361449785123
2012-12-21 23:00:00,366.63088712777244
2012-12-22 00:00:00,188.42298836927512
2012-12-22 01:00:00,191.4491280503862
2012-12-22 02:00:00,201.99979719164548
2012-12-22 03:00:00,199.03588537115138
2012-12-22 04:00:00,209.1110946496192
2012-12-22 05:00:00,217.47887807848747
2012-12-22 06:00:00,233.4829041834746
2012-12-22 07:00:00,241.34649865873507
2012-12-22 08:00:00,252.40513324699714
2012-12-22 09:00:00,247.85986690383288
2012-12-22 10:00:00,253.57308125094278
2012-12-22 11:00:00,285.2893197652302
2012-12-22 12:00:00,315.0532170085644
2012-12-22 13:00:00,323.9257816350146
2012-12-22 14:00:00,332.3260706481233
2012-12-22 15:00:00,346.80295429268153
2012-12-22 16:00:00,336.645583939011
2012-12-22 17:00:00,330.3205064886424
2012-12-22 18:00:00,325.6669286675751
2012-12-22 19:00:00,320.65316320446436
2012-12-22 20:00:00,329.08955977857113
2012-12-22 21:00:00,326.61509117649985
2012-12-22 22:00:00,334.4786856517603
2012-12-22 23:00:00,342.90770375571446
2012-12-23 00:00:00,169.84459266494378
2012-12-23 01:00:00,178.27361076886882
2012-12-23 02:00:00,172.15772713924525
2012-12-23 03:00:00,178.94433056202251
2012-12-23 04:00:00,194.94835666703875
2012-12-23 05:00:00,201.18749654880958
2012-12-23 06:00:00,168.75506018538726
2012-12-23 07:00:00,176.61865466064773
2012-12-23 08:00:00,166.3099045252893
2012-12-23 09:00:00,212.5644398876757
2012-12-23 10:00:00,214.44912661978742
2012-12-23 11:00:00,247.70687857444864
2012-12-23 12:00:00,293.961413936835
2012-12-23 13:00:00,313.74802798888413
2012-12-23 14:00:00,341.5524229798175
2012-12-23 15:00:00,344.9568849072966
2012-12-23 16:00:00,354.97085951070767
2012-12-23 17:00:00,327.5671305723954
2012-12-23 18:00:00,337.73211020222516
2012-12-23 19:00:00,353.3472195743234
2012-12-23 20:00:00,304.8969699770678
2012-12-23 21:00:00,297.8443201131304
2012-12-23 22:00:00,322.2624223600724
2012-12-23 23:00:00,333.9225881379971
2012-12-24 00:00:00,130.96388376611867
2012-12-24 01:00:00,138.82747824137914
2012-12-24 02:00:00,129.73972047001007
2012-12-24 03:00:00,137.60331494524144
2012-12-24 05:00:00,131.89828252029838
2012-12-24 06:00:00,161.19409837102285
2012-12-24 07:00:00,181.2683402908733
2012-12-24 08:00:00,193.87263956817333
2012-12-24 09:00:00,205.65951080175
2012-12-24 10:00:00,222.06038138171425
2012-12-24 11:00:00,234.6854820077715
2012-12-24 12:00:00,260.3037752699165
2012-12-24 13:00:00,199.3659212156199
2012-12-24 14:00:00,195.01886824626126
2012-12-24 15:00:00,199.62258595670573
2012-12-24 16:00:00,207.4861804319662
2012-12-24 17:00:00,204.7565895463049
2012-12-24 18:00:00,214.26259870265494
2012-12-24 19:00:00,224.59302841254976
2012-12-24 20:00:00,227.2703819196031
2012-12-24 21:00:00,237.31668759058812
2012-12-24 22:00:00,254.69978887456818
2012-12-24 23:00:00,257.37714238165063
2012-12-25 00:00:00,63.18789503892185
2012-12-25 01:00:00,92.1083151831699
2012-12-25 02:00:00,99.97190965843038
2012-12-25 04:00:00,112.03916135273175
2012-12-25 05:00:00,100.76869238560903
2012-12-25 06:00:00,108.6322868608695
2012-12-25 07:00:00,117.57287238858407
2012-12-25 08:00:00,147.8268050942861
2012-12-25 09:00:00,148.12976254845853
2012-12-25 10:00:00,190.45724465910462
2012-12-25 11:00:00,214.7317203497514
2012-12-25 12:00:00,225.30091171959066
2012-12-25 13:00:00,317.4843515130051
2012-12-25 14:00:00,327.6457291660772
2012-12-25 15:00:00,309.66106978888274
2012-12-25 16:00:00,312.3384232959652
2012-12-25 17:00:00,296.44990021767444
2012-12-25 18:00:00,285.9975235259917
2012-12-25 19:00:00,292.7877289255557
2012-12-25 20:00:00,302.80170352896675
2012-12-25 21:00:00,304.7323299290438
2012-12-25 22:00:00,305.11483800326823
2012-12-25 23:00:00,317.8442416082544
2012-12-26 00:00:00,146.42398492680513
2012-12-26 01:00:00,143.59992316924036
2012-12-26 02:00:00,151.46351764450083
2012-12-26 03:00:00,146.53629531123443
2012-12-26 04:00:00,156.88053386009415
2012-12-26 05:00:00,160.63865491299657
2012-12-26 06:00:00,166.35186926013557
2012-12-26 07:00:00,129.6629544479365
2012-12-26 08:00:00,137.52654892319697
2012-12-26 09:00:00,145.39014339845744
2012-12-26 10:00:00,152.1767468212638
2012-12-26 11:00:00,162.18694493122166
2012-12-26 12:00:00,171.71147631620988
2012-12-26 13:00:00,179.57507079147035
2012-12-26 14:00:00,176.30518339123228
2012-12-26 15:00:00,205.8820110191882
2012-12-26 16:00:00,213.74560549444868
2012-12-26 17:00:00,209.39855252509005
2012-12-26 18:00:00,223.64526648347965
2012-12-26 19:00:00,248.4889422962151
2012-12-26 20:00:00,251.0329742570175
2012-12-26 21:00:00,269.3736431240977
2012-12-26 22:00:00,243.41039647065918
2012-12-26 23:00:00,266.6403866930923
2012-12-27 00:00:00,86.00226760128862
2012-12-27 01:00:00,78.49946632937645
2012-12-27 02:00:00,103.75994921743404
2012-12-27 03:00:00,111.1193547390576
2012-12-27 04:00:00,118.95422012350173
2012-12-27 05:00:00,158.07154163072119
2012-12-27 06:00:00,176.60748612659518
2012-12-27 07:00:00,182.35680803470314
2012-12-27 08:00:00,206.20625943146297
2012-12-27 09:00:00,225.2900534287619
2012-12-27 10:00:00,247.13672798566404
2012-12-27 11:00:00,250.89484903856646
2012-12-27 12:00:00,287.26063398321276
2012-12-27 13:00:00,295.1242284584732
2012-12-27 14:00:00,268.6392075190379
2012-12-27 15:00:00,273.81572732829954
2012-12-27 16:00:00,291.46594460782944
2012-12-27 17:00:00,299.3295390830899
2012-12-27 18:00:00,285.0945744443452
2012-12-27 19:00:00,295.42860613099765
2012-12-27 20:00:00,306.5520773710741
2012-12-27 21:00:00,308.6853578701266
2012-12-27 22:00:00,313.83314858857193
2012-12-27 23:00:00,324.41254682064755
2012-12-28 00:00:00,144.31850073684473
2012-12-28 01:00:00,154.6738830441318
2012-12-28 02:00:00,164.68785764754284
2012-12-28 03:00:00,167.90928416259703
2012-12-28 04:00:00,177.41529331897618
2012-12-28 05:00:00,184.74219325638842
2012-12-28 06:00:00,184.31313757182215
2012-12-28 07:00:00,191.66876660005073
2012-12-28 08:00:00,206.15026548644528
2012-12-28 09:00:00,211.83097424931475
2012-12-28 10:00:00,235.29150891318568
2012-12-28 11:00:00,258.75564555375604
2012-12-28 12:00:00,278.03069218204473
2012-12-28 13:00:00,285.8942866573052
2012-12-28 14:00:00,293.75788113256567
2012-12-28 15:00:00,300.576815622946
2012-12-28 16:00:00,314.67131105126464
2012-12-28 17:00:00,282.10885673193843
2012-12-28 18:00:00,289.9724512071698
2012-12-28 19:00:00,280.8568030933675
2012-12-28 20:00:00,293.05726538589806
2012-12-28 21:00:00,288.0259145904274
2012-12-28 22:00:00,298.07222026141244
2012-12-28 23:00:00,316.11135427386034
2012-12-29 00:00:00,117.51648636869504
2012-12-29 01:00:00,118.43191248737276
2012-12-29 02:00:00,133.24367531921598
2012-12-29 03:00:00,130.93173025728902
2012-12-29 04:00:00,142.02269591312506
2012-12-29 05:00:00,149.88629038838553
2012-12-29 06:00:00,169.43498152887332
2012-12-29 07:00:00,178.37196507983026
2012-12-29 08:00:00,159.01191777916392
2012-12-29 09:00:00,166.8755122544244
2012-12-29 10:00:00,174.390320555598
2012-12-29 11:00:00,153.30394875752972
2012-12-29 12:00:00,143.69441670013475
2012-12-29 13:00:00,151.55801117539522
2012-12-29 14:00:00,196.23734577649157
2012-12-29 15:00:00,200.87356907114736
2012-12-29 16:00:00,245.02735289285192
2012-12-29 17:00:00,242.80479055797332
2012-12-29 18:00:00,274.15385058434913
2012-12-29 19:00:00,297.29755538646714
2012-12-29 20:00:00,326.0885900396097
2012-12-29 21:00:00,330.82894179652794
2012-12-29 22:00:00,328.5058529761736
2012-12-29 23:00:00,319.70310096416506
2012-12-30 00:00:00,148.77222252817592
2012-12-30 01:00:00,166.35382666246733
2012-12-30 02:00:00,173.1478085554554
2012-12-30 03:00:00,182.08101561295916
2012-12-30 04:00:00,190.51741218706593
2012-12-30 05:00:00,209.7883075666905
2012-12-30 06:00:00,205.27873105718754
2012-12-30 07:00:00,211.8055969545967
2012-12-30 08:00:00,227.80584656621795
2012-12-30 09:00:00,236.7502085873275
2012-12-30 10:00:00,274.9606875568279
2012-12-30 11:00:00,280.70263099475414
2012-12-30 12:00:00,305.6290734439681
2012-12-30 13:00:00,324.71324219650705
2012-12-30 14:00:00,329.35684396134457
2012-12-30 15:00:00,323.5720630255528
2012-12-30 16:00:00,330.86663189539104
2012-12-30 17:00:00,324.6604286424699
2012-12-30 18:00:00,315.38980997528415
2012-12-30 19:00:00,325.75840840814635
2012-12-30 20:00:00,326.5342024221318
2012-12-30 21:00:00,323.13789904271835
2012-12-30 22:00:00,320.16660875210073
2012-12-30 23:00:00,337.24762590954197
2012-12-31 00:00:00,143.38747002239688
2012-12-31 01:00:00,151.25106449765735
2012-12-31 02:00:00,145.16013346545515
2012-12-31 03:00:00,154.64119002438383
2012-12-31 04:00:00,137.413000623259
2012-12-31 05:00:00,155.85597162044724
2012-12-31 06:00:00,166.4389718292805
2012-12-31 07:00:00,176.99341746393475
2012-12-31 08:00:00,166.147972790699
2012-12-31 09:00:00,194.9944759818609
2012-12-31 10:00:00,194.72878258582205
2012-12-31 11:00:00,227.824385755579
2012-12-31 12:00:00,244.80127445075777
2012-12-31 13:00:00,284.54627435086877
2012-12-31 14:00:00,297.2658458488586
2012-12-31 15:00:00,305.69486395278363
2012-12-31 16:00:00,301.0700152225909
2012-12-31 17:00:00,312.7337829773023
2012-12-31 18:00:00,318.41466625678004
2012-12-31 19:00:00,299.1661146834376
2012-12-31 20:00:00,307.0297091586981
2012-12-31 21:00:00,320.0795446021366
2012-12-31 22:00:00,338.7744218665466
2012-12-31 23:00:00,328.322045174893
